Question ID,Domain,Subdomain,Language,Question,Dataset Answer,[MODEL] Answer,Manual Verdict,Error Type
CL001,Constitution & Law,Preliminary,English,What is the fundamental law of Nepal?,The Constitution of Nepal,The Constitution of Nepal 2015 is the fundamental law of Nepal.,,
CL001,Constitution & Law,Preliminary,Nepali,नेपालको मौलिक कानून के हो?,नेपालको संविधान,नेपालको मौलिक कानून नेपालको संविधान हो ।,,
CL002,Constitution & Law,Preliminary,English,"According to the Constitution, in whom is the sovereignty and state authority of Nepal vested?",The Nepalese people,The people of Nepal.,,
CL002,Constitution & Law,Preliminary,Nepali,संविधानअनुसार नेपालको सार्वभौमसत्ता तथा राज्यसत्ता कसमा निहित छ?,नेपाली जनता,संविधानअनुसार नेपालको सार्वभौमसत्ता तथा राज्यसत्ता नागरिकमा निहित छ।,,
CL003,Constitution & Law,Preliminary,English,How does the Constitution define the nation of Nepal?,"All the Nepalese people with multiethnic, multilingual, multi-religious, multicultural characteristics and geographical diversity, united by common aspirations and allegiance to Nepal.",The Constitution of Nepal defines the nation as a federal democratic republic.,,
CL003,Constitution & Law,Preliminary,Nepali,संविधानले नेपाल राष्ट्रलाई कसरी परिभाषित गरेको छ?,"बहुजातीय, बहुभाषिक, बहुधार्मिक, बहुसांस्कृतिक विशेषता तथा भौगोलिक विविधतासहितका सम्पूर्ण नेपाली जनता, जो राष्ट्रिय स्वतन्त्रता, भौगोलिक अखण्डता, राष्ट्रिय हित र समृद्धिप्रति साझा आकांक्षाद्वारा एकीकृत छन्।",संविधानले नेपाल राष्ट्रलाई एक स्वतन्त्र र एककालिक राज्य परिभाषित गरेको छ।,,
CL004,Constitution & Law,Preliminary,English,Which Article declares the Constitution to be the fundamental law of Nepal?,Article 1,Article 4,,
CL004,Constitution & Law,Preliminary,Nepali,नेपालको संविधानलाई मौलिक कानून घोषणा गर्ने धारा कुन हो?,धारा १,धारा १२५,,
CL005,Constitution & Law,Preliminary,English,"According to the Constitution, who exercises state authority, and under what framework is it exercised?",State authority is vested in the Nepalese people and is exercised in accordance with the Constitution.,"The people, through their elected representatives, under the framework of federalism and the system of checks and balances.",,
CL005,Constitution & Law,Preliminary,Nepali,"संविधानअनुसार राज्यसत्ता कसमा निहित छ, र त्यो कुन आधारमा प्रयोग गरिन्छ?",राज्यसत्ता नेपाली जनतामा निहित हुन्छ र संविधानबमोजिम प्रयोग गरिन्छ।,"संविधानअनुसार राज्यसत्ता कसमा निहित छ, र त्यो कुन आधारमा प्रयोग गरिन्छ? - संविधानअनुसार राज्यसत्ता कसमा निहित छ, र त्यो कुन आधारमा प्रयोग गरिन्छ? - संविधानअनुसार राज्यसत्ता कसमा निहित छ, र त्यो कुन आधारमा प्रयोग गरिन्छ? - संविधानअनुसार राज्यसत्ता कसमा निहित छ, र त्यो कुन आधार",,
CL006,Constitution & Law,Preliminary,English,What form of state is Nepal according to Article 4?,"An independent, indivisible, sovereign, secular, inclusive, democratic, socialism-oriented, federal democratic republic.",Federal Democratic Republic,,
CL006,Constitution & Law,Preliminary,Nepali,धारा ४ अनुसार नेपाल कस्तो राज्य हो?,"स्वतन्त्र, अविभाज्य, सार्वभौम, धर्मनिरपेक्ष, समावेशी, लोकतान्त्रिक, समाजवादउन्मुख, संघीय लोकतान्त्रिक गणतन्त्र।",धारा ४ अनुसार नेपाल एक संघीय गणतन्त्र राज्य हो ।,,
CL007,Constitution & Law,Preliminary,English,"How does the Constitution define the term ""secular""?","Religious and cultural freedoms, including protection of religion and culture handed down from time immemorial.","The Constitution does not explicitly define the term ""secular"".",,
CL007,Constitution & Law,Preliminary,Nepali,"संविधानले ""धर्मनिरपेक्ष"" लाई कसरी परिभाषित गरेको छ?",सनातनदेखि चलिआएको धर्म तथा संस्कृतिको संरक्षणसहित धार्मिक तथा सांस्कृतिक स्वतन्त्रता।,"संविधानले ""धर्मनिरपेक्ष"" लाई ""राज्यको कार्यलय, शिक्षा संस्थान, सार्वजनिक व्यवस्थापन, सार्वजनिक संस्थान, सार्वजनिक परिवहन, सार्वजनिक व्यापार, सार्वजनिक सेवा आदि क्षेत्रमा कुनै पनि विशेष धर्म, जाति, जाति विशेष, जाति विशेष, जाति विशेष, जाति विशेष, जाति विशेष, जाति विशेष, जाति",,
CL008,Constitution & Law,National Interest,English,"According to the Constitution, what are the two legal consequences of acting contrary to Nepal's national interest?",Such conduct is punishable under federal law because it is contrary to Nepal's national interest.,Revocation of citizenship and imprisonment.,,
CL008,Constitution & Law,National Interest,Nepali,संविधानअनुसार नेपालको राष्ट्रिय हितविपरीत कार्य गरेमा के कानुनी परिणाम हुन्छ?,राष्ट्रिय हितविपरीत कार्य संघीय कानूनबमोजिम दण्डनीय हुन्छ।,संविधानअनुसार नेपालको राष्ट्रिय हितविपरीत कार्य गरेमा कानुनी परिणाम हुन्छ- दोषी व्यक्तिलाई १० वर्षदेखि १५ वर्षसम्म कारावासको दण्ड दिइन्छ ।,,
CL009,Constitution & Law,Language,English,What is the difference between the languages of the nation and the official language of Nepal?,"All mother tongues spoken in Nepal are languages of the nation, whereas Nepali in the Devanagari script is the official language.","The official language of Nepal is Nepali, while the languages of the nation include over 123 languages, including Maithili, Bhojpuri, Tharu, and Tamang, among others.",,
CL009,Constitution & Law,Language,Nepali,राष्ट्रका भाषा र नेपालको सरकारी भाषाबीच के भिन्नता छ?,नेपालमा मातृभाषाका रूपमा बोलिने सबै भाषा राष्ट्रका भाषा हुन् भने देवनागरी लिपिमा नेपाली भाषा सरकारी भाषा हो।,राष्ट्रको भाषा नेपाली र सरकारी भाषा नेपाली हो ।,,
CL010,Constitution & Law,National Symbols,English,Which constitutional schedule specifies the method of drawing the national flag of Nepal?,Schedule 1,Schedule 2 of the Constitution of Nepal,,
CL010,Constitution & Law,National Symbols,Nepali,नेपालको राष्ट्रिय झण्डा बनाउने विधि कुन अनुसूचीमा उल्लेख गरिएको छ?,अनुसूची १,नेपालको राष्ट्रिय झण्डा बनाउने विधि नेपालको संविधान अनुसूची १० मा उल्लेख गरिएको छ ।,,
CL011,Constitution & Law,Citizenship,English,What type of citizenship system does Nepal have according to the Constitution?,Single federal citizenship with State identity.,Citizenship by descent.,,
CL011,Constitution & Law,Citizenship,Nepali,संविधानअनुसार नेपालमा कस्तो नागरिकता प्रणालीको व्यवस्था गरिएको छ?,राज्य पहिचानसहितको एकल संघीय नागरिकता।,"संविधानअनुसार नेपालमा नागरिकता प्रणालीको व्यवस्था गरिएको छ जसमा नेपाली नागरिकता प्राप्त गर्ने लागेका व्यक्तिले निम्नलिखित कार्यहरू पूरा गर्नुपर्छ:

१. नेपालमा नागरिकता प्राप्त गर्ने व्यक्तिले नेपालमा निवास गर्नुपर्छ।
२. नेपालमा नागरिकता प्राप्त गर्ने व्यक्तिले नेपाली भाषा ज्ञान गर्न",,
CL012,Constitution & Law,Citizenship,English,Which Article guarantees that no citizen of Nepal shall be deprived of the right to obtain citizenship?,Article 10,Article 11,,
CL012,Constitution & Law,Citizenship,Nepali,कुनै पनि नेपाली नागरिकलाई नागरिकता प्राप्त गर्ने अधिकारबाट वञ्चित गर्न नहुने व्यवस्था गर्ने धारा कुन हो?,धारा १०,धारा ६,,
CL013,Constitution & Law,Citizenship,English,"According to the Constitution, who is eligible to acquire Nepali citizenship by descent at birth?",A person whose father or mother was a citizen of Nepal at the time of the person's birth.,Children of Nepali citizens born outside Nepal.,,
CL013,Constitution & Law,Citizenship,Nepali,संविधानअनुसार जन्मकै आधारमा वंशजको नेपाली नागरिकता प्राप्त गर्न को योग्य हुन्छ?,जन्मका बेला बाबु वा आमा नेपाली नागरिक भएको व्यक्ति।,संविधानअनुसार जन्मकै आधारमा वंशजको नेपाली नागरिकता प्राप्त गर्न योग्य हुन्छ।,,
CL014,Constitution & Law,Citizenship,English,What type of citizenship may a foreign woman married to a Nepali citizen acquire under the Constitution?,Naturalized citizenship of Nepal.,Nepali citizenship by descent.,,
CL014,Constitution & Law,Citizenship,Nepali,नेपाली नागरिकसँग वैवाहिक सम्बन्ध भएकी विदेशी महिलाले संविधानअनुसार कुन प्रकारको नागरिकता प्राप्त गर्न सक्छिन्?,अंगीकृत नेपाली नागरिकता।,नेपाली नागरिकसँग वैवाहिक सम्बन्ध भएकी विदेशी महिलाले संविधानअनुसार नेपाली नागरिकता प्राप्त गर्न सक्छिन् ।,,
CL015,Constitution & Law,Citizenship,English,Which Article allows a citizenship certificate to be issued in the name of either the mother or the father?,Article 12,"Article 9 of the Indian Citizenship Act, 1955",,
CL015,Constitution & Law,Citizenship,Nepali,नागरिकताको प्रमाणपत्र आमा वा बाबुको नामबाट लिन सकिने व्यवस्था गर्ने धारा कुन हो?,धारा १२,धारा ३४,,
CL016,Constitution & Law,Citizenship,English,What is the difference between citizenship by descent and naturalized citizenship under the Constitution?,"Citizenship by descent is acquired based on constitutional eligibility, while naturalized citizenship is granted in accordance with the Federal law to eligible persons.","Citizenship by descent is the process of acquiring citizenship through birth to a citizen parent, typically without the need for residency or application. 

Naturalized citizenship, on the other hand, is the process of acquiring citizenship through a formal application and approval process, typically after meeting certain residency requirements and demonstrating a commitment to the country's laws and values.",,
CL016,Constitution & Law,Citizenship,Nepali,संविधानअनुसार वंशजको नागरिकता र अंगीकृत नागरिकताबीच के भिन्नता छ?,वंशजको नागरिकता संवैधानिक योग्यताका आधारमा प्राप्त हुन्छ भने अंगीकृत नागरिकता संघीय कानूनबमोजिम योग्य व्यक्तिलाई प्रदान गरिन्छ।,वंशजको नागरिकता र अंगीकृत नागरिकता बीच भिन्नता यस्तो छ कि वंशजको नागरिकता जन्मजात हुन्छ भने अंगीकृत नागरिकता प्राप्त गर्ने गर्ने गर्ने गर्ने गर्ने गर्ने गर्ने गर्ने गर्ने गर्ने गर्ने गर्ने गर्ने गर्ने गर्ने गर्ने गर्ने गर्ने गर्ने गर्ने गर्ने गर्ने गर्ने गर्ने गर्ने गर्ने गर्ने गर्ने गर्ने,,
CL017,Constitution & Law,Citizenship,English,"According to the Constitution, what happens to the citizenship status of a child born in Nepal to a Nepali mother if the child's father is later found to be a foreign citizen?",The person's citizenship by descent is converted into naturalized citizenship in accordance with the Federal law.,The child is a Nepali citizen by birth.,,
CL017,Constitution & Law,Citizenship,Nepali,संविधानअनुसार नेपाली आमाबाट नेपालमा जन्मिएको र बाबुको पहिचान नभएको व्यक्तिको बाबु पछि विदेशी नागरिक भएको पुष्टि भएमा उसको नागरिकतामा के परिवर्तन हुन्छ?,त्यस्तो व्यक्तिको वंशजको नागरिकता संघीय कानूनबमोजिम अंगीकृत नागरिकतामा रूपान्तरण गरिन्छ।,संविधानअनुसार नेपाली आमाबाट नेपालमा जन्मिएको र बाबुको पहिचान नभएको व्यक्तिको बाबु पछि विदेशी नागरिक भएको पुष्टि भएमा उसको नागरिकतामा परिवर्तन हुन्छ।,,
CL018,Constitution & Law,Citizenship,English,Which level of government has the authority to grant honorary citizenship of Nepal?,Government of Nepal,The President of Nepal.,,
CL018,Constitution & Law,Citizenship,Nepali,नेपालको मानार्थ नागरिकता प्रदान गर्ने अधिकार कुन तहको सरकारलाई छ?,नेपाल सरकार,नेपालको मानार्थ नागरिकता प्रदान गर्ने अधिकार संविधानको अनुच्छेद ९(१) अनुसार संघीय कार्यकारी प्रमुखलाई छ।,,
CL019,Constitution & Law,Citizenship,English,Which rights may a non-resident Nepalese citizen enjoy under the Constitution?,"Economic, social and cultural rights.","Citizenship rights, including the right to vote, right to be elected, and right to hold public office.",,
CL019,Constitution & Law,Citizenship,Nepali,संविधानअनुसार गैरआवासीय नेपाली नागरिकले कुन-कुन अधिकार उपभोग गर्न सक्छ?,"आर्थिक, सामाजिक तथा सांस्कृतिक अधिकार।","संविधानअनुसार गैरआवासीय नेपाली नागरिकले नागरिकता, सामाजिक सुरक्षा, शिक्षा, स्वास्थ्य सेवा, व्यावसायिक प्रशिक्षण, सामाजिक सुरक्षा, सामाजिक सुरक्षा, सामाजिक सुरक्षा, सामाजिक सुरक्षा, सामाजिक सुरक्षा, सामाजिक सुरक्षा, सामाजिक सुरक्षा, सामाजिक सुरक्षा, सामाजिक सुरक्षा, सामाजिक सुरक्षा, सामाजिक सुरक्षा, सामाजिक स",,
CL020,Constitution & Law,Citizenship,English,Which Article provides for non-resident Nepalese citizenship?,Article 14,Article 11,,
CL020,Constitution & Law,Citizenship,Nepali,गैरआवासीय नेपाली नागरिकताको व्यवस्था गर्ने धारा कुन हो?,धारा १४,धारा ६,,
CL021,Constitution & Law,Citizenship,English,Under what condition does a child born to parents who obtained citizenship by birth acquire citizenship by descent upon attaining majority?,If both the father and the mother are citizens of Nepal.,The child acquires citizenship by descent upon attaining majority if the parents' citizenship by birth is in a country that grants citizenship by descent to the children of its citizens.,,
CL021,Constitution & Law,Citizenship,Nepali,जन्मका आधारमा नागरिकता प्राप्त गरेका आमाबाबुको सन्तानले वयस्क भएपछि कुन अवस्थामा वंशजको नागरिकता प्राप्त गर्छ?,बाबु र आमा दुवै नेपाली नागरिक भएमा।,"जन्मस्थानमा नागरिकता प्राप्त गरेका आमाबाबुको सन्तानले वयस्क भएपछि कुन अवस्थामा वंशजको नागरिकता प्राप्त गर्छ?

उत्तर: जन्मस्थानमा नागरिकता प्राप्त गरेका आमाबाबुको सन्तानले वयस्क भएपछि नागरिकता प्राप्त गर्छ।",,
CL022,Constitution & Law,Citizenship,English,Which Article provides citizenship by descent to a minor whose parents are unknown?,Article 11(4),Article 6 of the Citizenship Act,,
CL022,Constitution & Law,Citizenship,Nepali,बाबु–आमाको ठेगाना नखुलेको नाबालकलाई वंशजको नागरिकता दिने व्यवस्था गर्ने धारा कुन हो?,धारा ११(४),धारा ३(१),,
CL023,Constitution & Law,Citizenship,English,Until when is a minor with unknown parents considered a citizen of Nepal by descent?,Until the father or mother is traced.,Until the age of 18.,,
CL023,Constitution & Law,Citizenship,Nepali,बाबु–आमाको पहिचान नभएको नाबालकलाई कहिलेसम्म वंशजको नागरिक मानिन्छ?,बाबु वा आमाको पहिचान नभएसम्म।,बाबु–आमाको पहिचान नभएको नाबालकलाई जन्म भएको देशमा वंशजको नागरिक मानिन्छ।,,
CL024,Constitution & Law,Citizenship,English,What happens to the citizenship status of a child whose parents were initially unknown if one parent is later identified?,"The temporary presumption of citizenship by descent ends, and citizenship is determined according to the Constitution and Federal law.",The child's citizenship status remains unchanged.,,
CL024,Constitution & Law,Citizenship,Nepali,सुरुमा बाबु–आमाको पहिचान नभएको बालकको बाबु वा आमा पछि पत्ता लागेमा उसको नागरिकताको अवस्था के हुन्छ?,वंशजको अस्थायी मान्यता अन्त्य भई संविधान तथा संघीय कानूनबमोजिम नागरिकता निर्धारण हुन्छ।,नागरिकता प्राप्त हुन्छ ।,,
CL025,Constitution & Law,Citizenship,English,A child born in Nepal to a Nepali mother whose father is not traced is entitled to which type of citizenship?,Citizenship by descent.,Nepali citizenship at birth.,,
CL025,Constitution & Law,Citizenship,Nepali,नेपाली आमाबाट नेपालमा जन्मिएको र बाबुको पहिचान नभएको व्यक्तिले कुन प्रकारको नागरिकता पाउँछ?,वंशजको नागरिकता।,नेपाली आमाबाट नेपालमा जन्मिएको र बाबुको पहिचान नभएको व्यक्तिले नेपाली नागरिकता पाउँछ।,,
CL026,Constitution & Law,Citizenship,English,"Under Article 11(5), what changes if the father of a child born to a Nepali mother is later found to be a foreign citizen?",Citizenship by descent is converted into naturalized citizenship in accordance with Federal law.,The child's citizenship.,,
CL026,Constitution & Law,Citizenship,Nepali,धारा ११(५) अनुसार नेपाली आमाबाट जन्मिएको व्यक्तिको बाबु पछि विदेशी नागरिक भएको पुष्टि भएमा के परिवर्तन हुन्छ?,वंशजको नागरिकता संघीय कानूनबमोजिम अंगीकृत नागरिकतामा रूपान्तरण हुन्छ।,नेपाली नागरिकता छाडिने ।,,
CL027,Constitution & Law,Citizenship,English,Which type of citizenship may a child born to a Nepali mother and a foreign father acquire if permanently residing in Nepal and not holding foreign citizenship?,Naturalized citizenship.,Nepali citizenship,,
CL027,Constitution & Law,Citizenship,Nepali,"नेपाली आमा र विदेशी बाबुबाट जन्मिएको, नेपालमा स्थायी बसोबास गर्ने र विदेशी नागरिकता नलिएको व्यक्तिले कुन नागरिकता प्राप्त गर्न सक्छ?",अंगीकृत नागरिकता।,नेपाली नागरिकता,,
CL028,Constitution & Law,Citizenship,English,"Under Article 11(7), when may a child born in Nepal to a Nepali mother and a foreign father obtain citizenship by descent instead of naturalized citizenship?",If both the mother and father are Nepali citizens at the time citizenship is acquired.,When the father is a citizen of Nepal.,,
CL028,Constitution & Law,Citizenship,Nepali,"धारा ११(७) अनुसार नेपाली आमा र विदेशी बाबुबाट जन्मिएको व्यक्तिले कुन अवस्थामा अंगीकृत होइन, वंशजको नागरिकता पाउन सक्छ?",नागरिकता प्राप्त गर्ने समयमा बाबु र आमा दुवै नेपाली नागरिक भएमा।,"धारा ११(७) अनुसार नेपाली आमा र विदेशी बाबुबाट जन्मिएको व्यक्तिले नेपाली नागरिकता पाउने अवस्थामा अंगीकृत होइन, वंशजको नागरिकता पाउन सक्छ।",,
CL029,Constitution & Law,Citizenship,English,Which authority may grant naturalized citizenship in cases not specifically covered by Article 11?,Government of Nepal.,The President of the United States.,,
CL029,Constitution & Law,Citizenship,Nepali,धारा ११ मा उल्लेख नभएका अवस्थामा अंगीकृत नागरिकता दिने अधिकार कसलाई छ?,नेपाल सरकार।,धारा ११ मा उल्लेख नभएका अवस्थामा अंगीकृत नागरिकता दिने अधिकार संसदलाई छ ।,,
CL030,Constitution & Law,Citizenship,English,What type of citizenship may the Government of Nepal grant under Article 11(9)?,Honorary citizenship.,Dual citizenship.,,
CL030,Constitution & Law,Citizenship,Nepali,धारा ११(९) अनुसार नेपाल सरकारले कुन प्रकारको नागरिकता प्रदान गर्न सक्छ?,मानार्थ नागरिकता।,नेपाली नागरिकता,,
CL031,Constitution & Law,Citizenship,English,What happens to persons domiciled in territory that merges into Nepal?,"They become citizens of Nepal, subject to Federal law.",They become Nepali citizens.,,
CL031,Constitution & Law,Citizenship,Nepali,नेपालमा गाभिएको क्षेत्रमा बसोबास गर्ने व्यक्तिको नागरिकतामा के व्यवस्था हुन्छ?,संघीय कानूनबमोजिम उनीहरू नेपाली नागरिक बन्छन्।,नेपालमा गाभिएको क्षेत्रमा बसोबास गर्ने व्यक्तिको नागरिकतामा नेपाली नागरिकता हुन्छ ।,,
CL032,Constitution & Law,Citizenship,English,"Which Article provides for the acquisition, reacquisition and termination of citizenship?",Article 13.,Article 9,,
CL032,Constitution & Law,Citizenship,Nepali,"नागरिकताको प्राप्ति, पुनःप्राप्ति तथा समाप्तिसम्बन्धी व्यवस्था गर्ने धारा कुन हो?",धारा १३।,"नागरिकताको प्राप्ति, पुनःप्राप्ति तथा समाप्तिसम्बन्धी व्यवस्था गर्ने धारा ५ हो ।",,
CL033,Constitution & Law,Citizenship,English,For what purpose is non-resident Nepali citizenship granted under the Constitution?,"To enable eligible persons to enjoy economic, social and cultural rights in accordance with Federal law.",To facilitate the right to vote in the constituent assembly elections.,,
CL033,Constitution & Law,Citizenship,Nepali,संविधानअनुसार गैरआवासीय नेपाली नागरिकता किन प्रदान गरिन्छ?,"योग्य व्यक्तिले संघीय कानूनबमोजिम आर्थिक, सामाजिक तथा सांस्कृतिक अधिकार उपभोग गर्न सकून् भन्ने उद्देश्यले।",संविधानअनुसार गैरआवासीय नेपाली नागरिकता सेवा प्रदान गरिन्छ।,,
CL034,Constitution & Law,Citizenship,English,Citizens of which regional organization's member states are not eligible for non-resident Nepali citizenship under Article 14?,South Asian Association for Regional Cooperation (SAARC).,Citizens of the People's Republic of China.,,
CL034,Constitution & Law,Citizenship,Nepali,धारा १४ अनुसार कुन क्षेत्रीय संगठनका सदस्य राष्ट्रका नागरिकले गैरआवासीय नेपाली नागरिकता प्राप्त गर्न सक्दैनन्?,दक्षिण एसियाली क्षेत्रीय सहयोग संगठन (सार्क)।,"उत्तर: धारा १४ अनुसार कुन क्षेत्रीय संगठनका सदस्य राष्ट्रका नागरिकले गैरआवासीय नेपाली नागरिकता प्राप्त गर्न सक्दैनन्। - भारत, चीन, भूटान, भारतमा अवस्थित भारतीय संघीय अधिकृत क्षेत्र (अरुणाचल प्रदेश, सिक्किम, मिजोरम, नागाल्यान्ड, त्रिपुरा), म्यानमार, पाकिस्तान, बांग्लादेश, श्रीलंका, माल",,
CL035,Constitution & Law,Citizenship,English,Which Article provides for the maintenance of records relating to the identity and citizenship of every citizen of Nepal?,Article 15.,Article 13,,
CL035,Constitution & Law,Citizenship,Nepali,प्रत्येक नेपाली नागरिकको पहिचान तथा नागरिकतासम्बन्धी अभिलेख राख्ने व्यवस्था गर्ने धारा कुन हो?,धारा १५।,"धारा ६, नागरिकता अधिनियम, २०७४",,
FR001,Constitution & Law,Fundamental Rights,English,What fundamental right is guaranteed under Article 16 of the Constitution of Nepal?,Right to live with dignity,Equality of opportunity in matters of public employment.,,
FR001,Constitution & Law,Fundamental Rights,Nepali,नेपालको संविधानको धारा १६ ले कुन मौलिक हकको सुनिश्चितता गर्दछ?,सम्मानपूर्वक बाँच्न पाउने हक,नेपालको संविधानको धारा १६ ले मौलिक हकको सुनिश्चितता गर्दछ।,,
FR002,Constitution & Law,Fundamental Rights,English,"According to the Constitution, can any law provide for the death penalty?",No. No law shall provide for the death penalty.,No.,,
FR002,Constitution & Law,Fundamental Rights,Nepali,संविधानअनुसार कुनै कानूनले मृत्युदण्डको व्यवस्था गर्न सक्छ?,सक्दैन। कुनै पनि कानूनले मृत्युदण्डको व्यवस्था गर्न सक्दैन।,संविधानअनुसार कुनै कानूनले मृत्युदण्डको व्यवस्था गर्न सक्छ नभइरहेको कारण संविधान अनुच्छेद २१ मा मृत्युदण्डको व्यवस्था गर्न सक्ने विषयलाई संविधान सभा द्वारा निर्मित कानूनले गर्न सक्छ ।,,
FR003,Constitution & Law,Fundamental Rights,English,Which Article guarantees the right to live with dignity?,Article 16,Article 21,,
FR003,Constitution & Law,Fundamental Rights,Nepali,सम्मानपूर्वक बाँच्न पाउने हकको व्यवस्था गर्ने धारा कुन हो?,धारा १६,"धारा २५, नेपाली संविधान २०७२",,
FR004,Constitution & Law,Freedom,English,"According to the Constitution, under what condition may a person be deprived of personal liberty?",Only in accordance with law.,"Arrest on reasonable complaint and information, or on the authority of a Magistrate.",,
FR004,Constitution & Law,Freedom,Nepali,संविधानअनुसार कुन अवस्थामा कुनै व्यक्तिलाई व्यक्तिगत स्वतन्त्रताबाट वञ्चित गर्न सकिन्छ?,केवल कानूनबमोजिम।,संविधानअनुसार कुन अवस्थामा कुनै व्यक्तिलाई व्यक्तिगत स्वतन्त्रताबाट वञ्चित गर्न सकिन्छ? - कुनै व्यक्तिलाई व्यक्तिगत स्वतन्त्रताबाट वञ्चित गर्न सकिन्छ यदि त्यसको कार्य राज्यलाई क्षति पुर्याउँछ ।,,
FR005,Constitution & Law,Freedom,English,How many specific freedoms are guaranteed to every citizen under Article 17(2)?,Six freedoms,Six,,
FR005,Constitution & Law,Freedom,Nepali,धारा १७(२) अन्तर्गत प्रत्येक नागरिकलाई कति वटा स्वतन्त्रताहरू सुनिश्चित गरिएको छ?,छ वटा स्वतन्त्रता,धारा १७(२) अन्तर्गत प्रत्येक नागरिकलाई ६ वटा स्वतन्त्रताहरू सुनिश्चित गरिएको छ ।,,
FR006,Constitution & Law,Freedom,English,Which constitutional freedom allows citizens to form political parties?,Freedom to form political parties,Freedom of Association,,
FR006,Constitution & Law,Freedom,Nepali,नागरिकलाई राजनीतिक दल गठन गर्न दिने संवैधानिक स्वतन्त्रता कुन हो?,राजनीतिक दल गठन गर्ने स्वतन्त्रता,नागरिकलाई राजनीतिक दल गठन गर्न दिने संवैधानिक स्वतन्त्रता संविधान अनुच्छेद 13 को 1(ब) अनुसार हो ।,,
FR007,Constitution & Law,Freedom,English,"Which freedom protects peaceful assembly, and which freedom protects the formation of unions and associations?",Freedom to assemble peaceably and without arms; Freedom to form unions and associations.,"The First Amendment to the United States Constitution protects peaceful assembly, and the First Amendment also protects the formation of unions and associations.",,
FR007,Constitution & Law,Freedom,Nepali,"कुन स्वतन्त्रताले शान्तिपूर्ण भेला हुन पाउने अधिकार सुनिश्चित गर्छ, र कुन स्वतन्त्रताले संघ तथा संस्था गठन गर्न पाउने अधिकार सुनिश्चित गर्छ?",हतियारविहीन शान्तिपूर्ण भेला हुने स्वतन्त्रता; संघ तथा संस्था गठन गर्ने स्वतन्त्रता।,संविधानले सुनिश्चित गरेको स्वतन्त्रता र संघ तथा संस्था गठन गर्ने अधिकार संविधानले सुनिश्चित गरेको स्वतन्त्रता,,
FR008,Constitution & Law,Freedom,English,"According to the Constitution, can the freedom of opinion and expression be reasonably restricted by law?",Yes. Reasonable restrictions may be imposed by law under the circumstances specified in the Constitution.,Yes.,,
FR008,Constitution & Law,Freedom,Nepali,संविधानअनुसार विचार तथा अभिव्यक्तिको स्वतन्त्रतामा कानूनद्वारा मनासिब प्रतिबन्ध लगाउन सकिन्छ?,सकिन्छ। संविधानमा उल्लेखित अवस्थाहरूमा कानूनद्वारा मनासिब प्रतिबन्ध लगाउन सकिन्छ।,नयाँ,,
FR009,Constitution & Law,Equality,English,"According to the Constitution, are all citizens equal before the law?",Yes. All citizens are equal before the law.,Yes.,,
FR009,Constitution & Law,Equality,Nepali,संविधानअनुसार सबै नागरिक कानूनको दृष्टिमा समान छन्?,हुन्। सबै नागरिक कानूनको दृष्टिमा समान छन्।,हो,,
FR010,Constitution & Law,Equality,English,Name any four grounds on which discrimination is prohibited under Article 18(2).,"Any four of the following: origin, religion, race, caste, tribe, sex, physical condition, health condition, marital status, pregnancy, economic condition, language, region, ideology, or similar grounds.","Religion, race, caste, and place of birth.",,
FR010,Constitution & Law,Equality,Nepali,धारा १८(२) अनुसार भेदभाव गर्न नहुने कुनै चार आधारहरूको नाम लेख्नुहोस्।,"निम्नमध्ये कुनै चार: उत्पत्ति, धर्म, जात, जाति, लिङ्ग, शारीरिक अवस्था, स्वास्थ्य अवस्था, वैवाहिक स्थिति, गर्भावस्था, आर्थिक अवस्था, भाषा, क्षेत्र, विचार वा यस्तै अन्य आधार।","जाति, लिङ्ग, धर्म, जाति",,
FR011,Constitution & Law,Right to Communication,English,Which fundamental right protects the freedom of communication in Nepal?,Right to Communication,"Article 13 of the Constitution of Nepal, 2015, and Article 18 of the Constitution of Nepal, 1990, protected the freedom of communication.",,
FR011,Constitution & Law,Right to Communication,Nepali,नेपालमा सञ्चारको स्वतन्त्रताको संरक्षण गर्ने मौलिक हक कुन हो?,सञ्चारसम्बन्धी हक,नेपालमा सञ्चारको स्वतन्त्रताको संरक्षण गर्ने मौलिक हक नेपालको संविधान अनुसार संविधानिक हक (अनुचेद 14) हो ।,,
FR012,Constitution & Law,Right to Communication,English,Which Article guarantees the Right to Communication?,Article 19,Article 19,,
FR012,Constitution & Law,Right to Communication,Nepali,सञ्चारसम्बन्धी हकको व्यवस्था गर्ने धारा कुन हो?,धारा १९,सञ्चारसम्बन्धी हकको व्यवस्था गर्ने धारा ५,,
FR013,Constitution & Law,Right to Communication,English,"According to the Constitution, can newspapers or other media be closed merely because they published or broadcast news?",No. Newspapers and other communication media cannot be closed merely for publishing or broadcasting news.,No.,,
FR013,Constitution & Law,Right to Communication,Nepali,संविधानअनुसार समाचार प्रकाशित वा प्रसारण गरेको आधारमा मात्र पत्रपत्रिका वा सञ्चारमाध्यम बन्द गर्न पाइन्छ?,पाइँदैन। समाचार प्रकाशित वा प्रसारण गरेको आधारमा मात्र सञ्चारमाध्यम बन्द गर्न पाइँदैन।,नयाँ संविधान अनुसार समाचार प्रकाशित वा प्रसारण गरेको आधारमा मात्र पत्रपत्रिका वा सञ्चारमाध्यम बन्द गर्न पाइन्छ।,,
FR014,Constitution & Law,Rights relating to Justice,English,"According to the Constitution, what right does every person have when arrested?",The right to be informed of the grounds for arrest.,The right to remain silent.,,
FR014,Constitution & Law,Rights relating to Justice,Nepali,संविधानअनुसार पक्राउ परेका प्रत्येक व्यक्तिलाई कुन अधिकार सुनिश्चित गरिएको छ?,पक्राउको कारणबारे जानकारी पाउने अधिकार।,संविधानअनुसार पक्राउ परेका प्रत्येक व्यक्तिलाई न्यायिक सुनुवाईको अधिकार सुनिश्चित गरिएको छ।,,
FR015,Constitution & Law,Rights relating to Justice,English,Which Article guarantees the Rights relating to Justice?,Article 20,Article 21,,
FR015,Constitution & Law,Rights relating to Justice,Nepali,न्यायसम्बन्धी हकको व्यवस्था गर्ने धारा कुन हो?,धारा २०,न्यायसम्बन्धी हकको व्यवस्था गर्ने धारा १३ हो ।,,
FR016,Constitution & Law,Rights relating to Justice,English,"According to the Constitution, what right does an accused person have regarding legal representation?",The right to consult and be defended by a legal practitioner of their choice.,"The right to be represented by an attorney of their choice, or if they cannot afford one, to have one appointed by the court.",,
FR016,Constitution & Law,Rights relating to Justice,Nepali,संविधानअनुसार अभियुक्तलाई कानुनी प्रतिनिधित्व सम्बन्धी कुन अधिकार प्राप्त छ?,आफ्नो रोजाइको कानून व्यवसायीसँग परामर्श गर्न तथा प्रतिरक्षा गराउन पाउने अधिकार।,संविधानअनुसार अभियुक्तलाई कानुनी प्रतिनिधित्व सम्बन्धी न्यायालयमा अभियुक्तलाई कानुनी प्रतिनिधित्व सम्बन्धी न्यायाधीशले दिने निर्देश अनुसार कानुनी प्रतिनिधित्व प्राप्त हुन्छ।,,
FR017,Constitution & Law,Rights of Victims of Crime,English,"According to the Constitution, what information is a victim of crime entitled to receive?",Information about the investigation and proceedings of the case.,"Information about the progress of the investigation, the charges brought, the trial, and the outcome of the case.",,
FR017,Constitution & Law,Rights of Victims of Crime,Nepali,संविधानअनुसार अपराधपीडितले कुन जानकारी प्राप्त गर्ने अधिकार राख्छ?,अनुसन्धान तथा मुद्दाको कारबाही सम्बन्धी जानकारी।,"संविधानअनुसार अपराधपीडितले न्यायालय, प्रहरी, कार्यालय, अस्पताल, पुलिस स्टेशन, कार्यालय, प्रहरी आदि कार्यालयमा कुनै जानकारी प्राप्त गर्ने अधिकार राख्छ।",,
FR018,Constitution & Law,Rights of Victims of Crime,English,Which Article guarantees the Rights of Victims of Crime?,Article 21,"Article 21A of the Indian Constitution, but more specifically, the Rights of Victims of Crimes are guaranteed by the Code of Criminal Procedure, 1973, and the Indian Penal Code, but the specific article is not clearly defined.",,
FR018,Constitution & Law,Rights of Victims of Crime,Nepali,अपराधपीडितको हकको व्यवस्था गर्ने धारा कुन हो?,धारा २१,अपराधपीडितको हकको व्यवस्था गर्ने धारा १३५ हो ।,,
FR019,Constitution & Law,Right against Torture,English,"According to the Constitution, what treatment is prohibited while a person is in custody?","Torture and cruel, inhuman or degrading treatment.",Interrogation without the presence of an attorney or a family member.,,
FR019,Constitution & Law,Right against Torture,Nepali,संविधानअनुसार हिरासतमा रहेको व्यक्तिलाई कस्तो व्यवहार गर्न निषेध गरिएको छ?,"यातना तथा क्रूर, अमानवीय वा अपमानजनक व्यवहार।",संविधानअनुसार हिरासतमा रहेको व्यक्तिलाई कस्तो व्यवहार गर्न निषेध गरिएको छ- कस्तो व्यवहार गर्न निषेध गरिएको छ- कस्तो व्यवहार गर्न निषेध गरिएको छ- कस्तो व्यवहार गर्न निषेध गरिएको छ- कस्तो व्यवहार गर्न निषेध गरिएको छ- कस्तो व्यवहार गर्न निषेध गरिएको छ- कस्तो व्यवहार गर,,
FR020,Constitution & Law,Right against Torture,English,"According to the Constitution, which Article protects victims of crime, and which Article protects persons against torture while in custody?","Article 21 protects victims of crime, while Article 22 protects persons against torture in custody.",Article 21 and Article 20(3),,
FR020,Constitution & Law,Right against Torture,Nepali,संविधानअनुसार कुन धाराले अपराधपीडितको हक सुनिश्चित गर्छ र कुन धाराले हिरासतमा यातनाविरुद्धको हक सुनिश्चित गर्छ?,धारा २१ ले अपराधपीडितको हक सुनिश्चित गर्छ भने धारा २२ ले हिरासतमा यातनाविरुद्धको हक सुनिश्चित गर्छ।,अपराधपीडितको हक सुनिश्चित गर्ने धारा २७ र हिरासतमा यातनाविरुद्धको हक सुनिश्चित गर्ने धारा २३ हो ।,,
FR021,Constitution & Law,Preventive Detention,English,Which constitutional right protects a person against preventive detention except as provided by law?,Right against Preventive Detention,Article 22 of the Indian Constitution,,
FR021,Constitution & Law,Preventive Detention,Nepali,कानूनबमोजिम बाहेक प्रतिरोधात्मक नजरबन्दबाट व्यक्तिलाई संरक्षण गर्ने संवैधानिक हक कुन हो?,प्रतिरोधात्मक नजरबन्दविरुद्धको हक,संविधान कार्यान्वयनमा प्रतिबन्ध,,
FR022,Constitution & Law,Untouchability & Discrimination,English,Which practice is prohibited under Article 24 of the Constitution?,Untouchability and discrimination,Child labor.,,
FR022,Constitution & Law,Untouchability & Discrimination,Nepali,संविधानको धारा २४ अनुसार कुन प्रथालाई निषेध गरिएको छ?,छुवाछुत तथा भेदभाव,संविधानको धारा २४ अनुसार राजा प्रथालाई निषेध गरिएको छ।,,
FR023,Constitution & Law,Property Rights,English,"According to the Constitution, does every citizen have the right to acquire, own, sell and otherwise dispose of property?","Yes, subject to law.",Yes.,,
FR023,Constitution & Law,Property Rights,Nepali,"संविधानअनुसार प्रत्येक नागरिकलाई सम्पत्ति आर्जन, स्वामित्व, बिक्री तथा अन्य रूपमा उपयोग वा हस्तान्तरण गर्ने हक छ?","छ, कानूनबमोजिम।",हो,,
FR024,Constitution & Law,Freedom of Religion,English,"According to the Constitution, what does the right to freedom of religion primarily guarantee?","The freedom to profess, practice and protect one's religion according to one's faith.","The right to freedom of religion primarily guarantees the freedom to hold and manifest one's faith, including the freedom to change one's faith, without interference from the government.",,
FR024,Constitution & Law,Freedom of Religion,Nepali,संविधानअनुसार धर्मसम्बन्धी स्वतन्त्रताको हकले मुख्य रूपमा के सुनिश्चित गर्छ?,"आफ्नो आस्थाअनुसार धर्म मान्ने, अभ्यास गर्ने तथा संरक्षण गर्ने स्वतन्त्रता।","संविधानअनुसार धर्मसम्बन्धी स्वतन्त्रताको हकले मुख्य रूपमा स्वतन्त्रता अधिकार प्रकाशन, प्रसार, प्रचार, प्रकाशन, प्रसार, प्रचार, प्रकाशन, प्रसार, प्रचार, प्रकाशन, प्रसार, प्रचार, प्रकाशन, प्रसार, प्रचार, प्रकाशन, प्रसार, प्रचार, प्रकाशन, प्रसार, प्रचार, प्रकाशन, प्रसार, प्रचार, प्रकाशन,",,
FR025,Constitution & Law,Right to Information,English,Which Article guarantees the Right to Information?,Article 27,Article 19A,,
FR025,Constitution & Law,Right to Information,Nepali,सूचनाको हक सुनिश्चित गर्ने धारा कुन हो?,धारा २७,सूचनाको हक सुनिश्चित गर्ने धारा ३५ हो ।,,
FR026,Constitution & Law,Right to Privacy,English,"Which fundamental right protects the privacy of a person's residence, property, documents, data, correspondence and personal information?",Right to Privacy,"Article 19A of the Indian Constitution, specifically the Right to Privacy, but more directly, it is protected by Article 19(1)(a) and Article 300A of the Indian Constitution, but most directly, it is protected by Article 22(2) and Article 30(1) of the Indian Constitution, but most directly, it is protected by Article 12, 13, 14, 19, 21, 51A, and 300A of the Indian Constitution, but most directly, it is protected by Article 12, 13, 14, 19, 21, 51A, and 300A of the Indian Constitution, but most directly, it is protected by Article",,
FR026,Constitution & Law,Right to Privacy,Nepali,"व्यक्तिको घर, सम्पत्ति, कागजात, तथ्याङ्क, पत्राचार तथा व्यक्तिगत जानकारीको गोपनीयताको संरक्षण गर्ने मौलिक हक कुन हो?",गोपनीयताको हक,व्यक्तिगत गोपनीयता,,
FR027,Constitution & Law,Right against Exploitation,English,Which level of law determines punishment for acts prohibited under the Right against Exploitation?,Federal law,The level of law that determines punishment for acts prohibited under the Right against Exploitation is the Criminal Law.,,
FR027,Constitution & Law,Right against Exploitation,Nepali,शोषणविरुद्धको हक अन्तर्गत निषेध गरिएका कार्यको सजाय कुन तहको कानूनले निर्धारण गर्छ?,संघीय कानून,"शोषणविरुद्धको हक अन्तर्गत निषेध गरिएका कार्यको सजाय नेपाल कानून, २०७२ (नेपाली व्याकरण अनुसार) अन्तर्गत निर्धारण गरिएको छ।",,
FR028,Constitution & Law,Clean Environment & Health,English,"Which constitutional right protects a clean environment, and which protects access to health services?","Article 30 protects the right to a clean environment, while Article 35 protects the right relating to health.","The constitutional right that protects a clean environment is the right to a healthy environment, which is often protected by a provision such as the ""Right to a Healthy Environment"" or ""Right to a Clean and Healthy Environment"".

The constitutional right that protects access to health services is often the right to life, liberty, and security of person, or a specific right to health.

Examples of specific constitutional provisions that protect these rights include:

* The ""Right to a Healthy Environment"" in the Constitution of Kenya (Article 42) and the Constitution of South Africa (Section 24).
* The ""Right to Health"" in the Constitution of Brazil (Article 196) and the Constitution of India (Article 21A).
* The ""Right to Life"" in",,
FR028,Constitution & Law,Clean Environment & Health,Nepali,कुन संवैधानिक हकले स्वच्छ वातावरणको संरक्षण गर्छ र कुन हकले स्वास्थ्य सेवामा पहुँच सुनिश्चित गर्छ?,धारा ३० ले स्वच्छ वातावरणको हक सुनिश्चित गर्छ भने धारा ३५ ले स्वास्थ्यसम्बन्धी हक सुनिश्चित गर्छ।,"संवैधानिक हकले स्वच्छ वातावरणको संरक्षण गर्छ- १५, १६, १७, ३७, ५०, ५१, ५२, ५३, ५४, ५५, ५६, ५७, ५८, ५९, ६०, ६१, ६२, ६३, ६४, ६५, ६६, ६७, ६८, ६९, ७०, ७१, ७२, ७३, ७४, ७५, ७६,",,
FR029,Constitution & Law,Right to Education,English,"According to the Constitution, which two groups are guaranteed both free education and compulsory basic education?",All citizens at the basic level.,Children and the youth,,
FR029,Constitution & Law,Right to Education,Nepali,संविधानअनुसार निःशुल्क शिक्षा तथा अनिवार्य आधारभूत शिक्षा दुवैको सुनिश्चितता कुन समूहका लागि गरिएको छ?,आधारभूत तहका सबै नागरिकका लागि।,संविधानअनुसार निःशुल्क शिक्षा तथा अनिवार्य आधारभूत शिक्षा दुवैको सुनिश्चितता सामान्य नागरिकका लागि गरिएको छ।,,
FR030,Constitution & Law,Information & Privacy,English,"According to the Constitution, which two fundamental rights together balance citizens' access to public information and protection of personal information?",The Right to Information and the Right to Privacy.,The First Amendment (right to free speech and press) and the Fourth Amendment (right to privacy).,,
FR030,Constitution & Law,Information & Privacy,Nepali,संविधानअनुसार सार्वजनिक सूचनामा पहुँच र व्यक्तिगत जानकारीको संरक्षणबीच सन्तुलन कायम गर्ने दुई मौलिक हक कुन-कुन हुन्?,सूचनाको हक र गोपनीयताको हक।,"संविधानअनुसार सार्वजनिक सूचनामा पहुँच र व्यक्तिगत जानकारीको संरक्षणबीच सन्तुलन कायम गर्ने दुई मौलिक हक हुन्:

१. सार्वजनिक सूचनामा पहुँच (राइट टु इन्फोर्मेशन)
२. व्यक्तिगत जानकारीको संरक्षण (राइट टु प्रिवेसी)

यी दुई मौलिक हक संविधान कार्यालय, २०७३ को अनुसार नागरिकहरूको मौलिक हक हुन्",,
FR031,Constitution & Law,Right to Language and Culture,English,"Which constitutional right guarantees every community the right to preserve and promote its language, script, culture, cultural civilization and heritage?",Right to Language and Culture,Article 29 of the Indian Constitution.,,
FR031,Constitution & Law,Right to Language and Culture,Nepali,"प्रत्येक समुदायलाई आफ्नो भाषा, लिपि, संस्कृति, सांस्कृतिक सभ्यता तथा सम्पदाको संरक्षण र प्रवर्द्धन गर्ने हक सुनिश्चित गर्ने संवैधानिक हक कुन हो?",भाषा तथा संस्कृतिसम्बन्धी हक,"संविधान कार्यालय, २०७९",,
FR032,Constitution & Law,Right to Employment,English,"According to the Constitution, who has the right to employment?",Every citizen,"Article 39(a) of the Indian Constitution states that the state shall, in particular, direct its policy towards securing that the citizens, men and women equally, have the right to an adequate means of livelihood and to equal pay for equal work.",,
FR032,Constitution & Law,Right to Employment,Nepali,संविधानअनुसार रोजगारीको हक कसलाई प्राप्त छ?,प्रत्येक नागरिक,संविधानअनुसार रोजगारीको हक सार्वजनिक क्षेत्रमा काम गर्ने व्यक्तिलाई प्राप्त छ।,,
FR033,Constitution & Law,Right to Labour,English,"According to the Constitution, what does the Right to Labour guarantee to every worker?","The right to appropriate remuneration, facilities and social security, and the right to form and join trade unions in accordance with law.","The Right to Labour guarantees to every worker the right to work, that is, the opportunity for every citizen to secure for himself or herself a suitable employment in a trade or vocation and to promote with in the State economic and material prosperity and full employment.",,
FR033,Constitution & Law,Right to Labour,Nepali,संविधानअनुसार श्रमसम्बन्धी हकले प्रत्येक श्रमिकलाई के सुनिश्चित गर्दछ?,"उपयुक्त पारिश्रमिक, सुविधा, सामाजिक सुरक्षा तथा कानूनबमोजिम ट्रेड युनियन गठन र त्यसमा सहभागी हुने हक।",संविधानअनुसार श्रमसम्बन्धी हकले प्रत्येक श्रमिकलाई न्यायसंगत वेतन सुनिश्चित गर्दछ।,,
FR034,Constitution & Law,Right relating to Health,English,"According to the Constitution, what basic health service is guaranteed to every citizen?",Free basic health services.,Free and comprehensive medical care,,
FR034,Constitution & Law,Right relating to Health,Nepali,संविधानअनुसार प्रत्येक नागरिकलाई कुन आधारभूत स्वास्थ्य सेवा सुनिश्चित गरिएको छ?,निःशुल्क आधारभूत स्वास्थ्य सेवा।,संविधानअनुसार प्रत्येक नागरिकलाई स्वास्थ्य सेवा सुनिश्चित गरिएको छ।,,
FR035,Constitution & Law,Right relating to Food,English,Which Article guarantees the Right relating to Food?,Article 36,Article 47,,
FR035,Constitution & Law,Right relating to Food,Nepali,खाद्यसम्बन्धी हक सुनिश्चित गर्ने धारा कुन हो?,धारा ३६,खाद्यसम्बन्धी हक सुनिश्चित गर्ने धारा १४,,
FR036,Constitution & Law,Right to Housing,English,"According to the Constitution, what protection does the Right to Housing provide against eviction?",No citizen shall be evicted from the housing owned or occupied by them except in accordance with law.,The Right to Housing does not explicitly provide protection against eviction in the Constitution.,,
FR036,Constitution & Law,Right to Housing,Nepali,संविधानअनुसार आवाससम्बन्धी हकले कसरी जबरजस्ती घरबाट हटाउन नपाइने व्यवस्था गरेको छ?,कानूनबमोजिम बाहेक कुनै पनि नागरिकलाई निजले बसोबास गरेको वा स्वामित्वमा रहेको आवासबाट बेदखल गर्न पाइँदैन।,"संविधानअनुसार आवाससम्बन्धी हकले कसरी जबरजस्ती घरबाट हटाउन नपाइने व्यवस्था गरेको छ नागरिकहरूको जीवन, स्वतन्त्रता, स्वतन्त्रता र समानता को अधिकार प्रदान गर्दै नेपाली संविधान २०७२ को अनुच्छेद २९(१) मा नागरिकहरूको जीवन, स्वतन्त्रता, स्वतन्त्रता र समानता को अधिकार प्रदान गरेको छ।",,
FR037,Constitution & Law,Rights of Women,English,Which group is specifically guaranteed the right to safe motherhood and reproductive health under the Constitution?,Women,Women,,
FR037,Constitution & Law,Rights of Women,Nepali,संविधानअनुसार सुरक्षित मातृत्व तथा प्रजनन स्वास्थ्यको हक विशेष रूपमा कसलाई सुनिश्चित गरिएको छ?,महिला,संविधानअनुसार सुरक्षित मातृत्व तथा प्रजनन स्वास्थ्यको हक विशेष रूपमा महिलालाई सुनिश्चित गरिएको छ।,,
FR038,Constitution & Law,Rights of the Child,English,"According to the Constitution, every child has the right to what type of identity?",Name and birth registration,"A name, and the right to a nationality.",,
FR038,Constitution & Law,Rights of the Child,Nepali,संविधानअनुसार प्रत्येक बालबालिकालाई कस्तो पहिचानको हक सुनिश्चित गरिएको छ?,नाम तथा जन्मदर्ता,संविधानअनुसार प्रत्येक बालबालिकालाई नागरिकताको पहिचानको हक सुनिश्चित गरिएको छ।,,
FR039,Constitution & Law,Rights of Women & Children,English,"Which constitutional Article guarantees the rights of women, and which Article guarantees the rights of children?","Article 38 guarantees the rights of women, while Article 39 guarantees the rights of children.","Article 15 (3) guarantees the rights of women.
Article 24 guarantees the rights of children.",,
FR039,Constitution & Law,Rights of Women & Children,Nepali,कुन धाराले महिलाको हक सुनिश्चित गर्छ र कुन धाराले बालबालिकाको हक सुनिश्चित गर्छ?,धारा ३८ ले महिलाको हक सुनिश्चित गर्छ भने धारा ३९ ले बालबालिकाको हक सुनिश्चित गर्छ।,महिलाको हक सुनिश्चित गर्ने धारा १४ र बालबालिकाको हक सुनिश्चित गर्ने धारा १५ हो ।,,
FR040,Constitution & Law,Constitutional Remedies & Duties,English,"According to the Constitution, which Article guarantees the right to constitutional remedies for the enforcement of fundamental rights, and which Article sets out the fundamental duties of citizens?","Article 46 guarantees the right to constitutional remedies, while Article 48 sets out the fundamental duties of citizens.","Article 32 guarantees the right to constitutional remedies for the enforcement of fundamental rights, and Article 51A sets out the fundamental duties of citizens.",,
FR040,Constitution & Law,Constitutional Remedies & Duties,Nepali,संविधानअनुसार मौलिक हकको कार्यान्वयनका लागि संवैधानिक उपचारको हक कुन धाराले सुनिश्चित गर्छ र नागरिकका कर्तव्य कुन धारामा उल्लेख गरिएको छ?,धारा ४६ ले संवैधानिक उपचारको हक सुनिश्चित गर्छ भने धारा ४८ मा नागरिकका कर्तव्य उल्लेख गरिएको छ।,संविधानअनुसार मौलिक हकको कार्यान्वयनका लागि संवैधानिक उपचारको हक धारा १३मा सुनिश्चित गरिएको छ र नागरिकका कर्तव्य धारा १३(१)मा उल्लेख गरिएको छ।,,
DP001,Constitution & Law,Directive Principles,English,"According to the Constitution, what are the directive principles, policies and obligations intended to serve as?",Guiding principles for the governance of the State.,Guiding the legislation of the state.,,
DP001,Constitution & Law,Directive Principles,Nepali,"संविधानअनुसार निर्देशक सिद्धान्त, नीति तथा दायित्वहरू केका लागि मार्गदर्शक हुन्?",राज्य सञ्चालनका मार्गदर्शक सिद्धान्त।,"संविधानअनुसार निर्देशक सिद्धान्त, नीति तथा दायित्वहरू केका लागि मार्गदर्शक हुन्।",,
DP002,Constitution & Law,Directive Principles,English,"Which Article states that the directive principles, policies and obligations are guiding principles for the governance of the State?",Article 49,Article 39,,
DP002,Constitution & Law,Directive Principles,Nepali,"निर्देशक सिद्धान्त, नीति तथा दायित्व राज्य सञ्चालनका मार्गदर्शक सिद्धान्त हुन् भन्ने व्यवस्था कुन धाराले गरेको छ?",धारा ४९,"निर्देशक सिद्धान्त, नीति तथा दायित्व राज्य सञ्चालनका मार्गदर्शक सिद्धान्त हुन् भन्ने व्यवस्था नेपालको संविधान (धारा १४७)ले गरेको छ।",,
DP003,Constitution & Law,Directive Principles,English,"According to the Constitution, what is the political objective of the State?","To establish a public welfare system of governance based on justice, the rule of law, fundamental rights, human rights, gender equality, proportional inclusion, participation and social justice.","To promote the common good, the well-being of the people, and the development of the country.",,
DP003,Constitution & Law,Directive Principles,Nepali,संविधानअनुसार राज्यको राजनीतिक उद्देश्य के हो?,"न्याय, कानूनी शासन, मौलिक हक, मानव अधिकार, लैङ्गिक समानता, समानुपातिक समावेशिता, सहभागिता तथा सामाजिक न्यायमा आधारित जनकल्याणकारी शासन प्रणाली स्थापना गर्नु।","संविधानअनुसार राज्यको राजनीतिक उद्देश्य न्याय, समानता, स्वतन्त्रता र सामाजिक न्याय प्रवर्द्धन गर्नु हो ।",,
DP004,Constitution & Law,Directive Principles,English,"According to the Constitution, what type of economy is the State directed to develop?",A socialism-oriented independent and prosperous economy.,Socialist,,
DP004,Constitution & Law,Directive Principles,Nepali,संविधानअनुसार राज्यले कस्तो अर्थतन्त्र विकास गर्ने उद्देश्य राखेको छ?,समाजवादउन्मुख स्वतन्त्र तथा समृद्ध अर्थतन्त्र।,संविधानअनुसार राज्यले समृद्ध अर्थतन्त्र विकास गर्ने उद्देश्य राखेको छ।,,
DP005,Constitution & Law,Directive Principles,English,"Which objective relates to establishing a public welfare system of governance, and which relates to developing a socialism-oriented economy?","The political objective relates to public welfare governance, while the economic objective relates to developing a socialism-oriented economy.","The objective of establishing a public welfare system of governance is the ""Four Olds"" are not to be valued, and the objective of developing a socialism-oriented economy is the ""Four Modernizations"".",,
DP005,Constitution & Law,Directive Principles,Nepali,जनकल्याणकारी शासन प्रणाली स्थापना गर्ने उद्देश्य कुन हो र समाजवादउन्मुख अर्थतन्त्र विकास गर्ने उद्देश्य कुन हो?,राजनीतिक उद्देश्य जनकल्याणकारी शासनसँग सम्बन्धित छ भने आर्थिक उद्देश्य समाजवादउन्मुख अर्थतन्त्रसँग सम्बन्धित छ।,"जनकल्याणकारी शासन प्रणाली स्थापना गर्ने उद्देश्य समाजमा न्याय, समानता र सामाजिक न्याय स्थापित गर्ने र समाजवादुन्मुख अर्थतन्त्र विकास गर्ने उद्देश्य समृद्धि, समानता र सामाजिक न्याय स्थापित गर्ने हो ।",,
DP006,Constitution & Law,National Unity & Security,English,"According to the Constitution, what is the first policy relating to national unity and national security?","To protect the freedom, sovereignty, territorial integrity and independence of Nepal while keeping national unity intact.",The Constitution does not explicitly state the first policy relating to national unity and national security.,,
DP006,Constitution & Law,National Unity & Security,Nepali,संविधानअनुसार राष्ट्रिय एकता तथा राष्ट्रिय सुरक्षासम्बन्धी पहिलो नीति के हो?,"राष्ट्रिय एकतालाई अक्षुण्ण राख्दै नेपालको स्वतन्त्रता, सार्वभौमसत्ता, भौगोलिक अखण्डता तथा स्वतन्त्रताको संरक्षण गर्नु।","संविधानअनुसार राष्ट्रिय एकता तथा राष्ट्रिय सुरक्षासम्बन्धी पहिलो नीति हो कि सार्वभौमत्व, एकता, समानता, सामाजिक न्याय, धरोहर राष्ट्रिय सुरक्षा को प्राथमिकता दिने नीति हो।",,
DP007,Constitution & Law,National Security,English,"According to the Constitution, which three security organizations are specifically mentioned in the national security policy?","Nepal Army, Nepal Police and Armed Police Force Nepal.","The Constitution does not provide a direct answer to this question. However, based on the Indian Constitution, the three security organizations specifically mentioned in the national security policy are:

1. Indian Army
2. Indian Navy
3. Indian Air Force",,
DP007,Constitution & Law,National Security,Nepali,संविधानअनुसार राष्ट्रिय सुरक्षा नीतिमा विशेष रूपमा उल्लेख गरिएका तीन सुरक्षा निकाय कुन-कुन हुन्?,"नेपाली सेना, नेपाल प्रहरी र सशस्त्र प्रहरी बल नेपाल।","संविधानअनुसार राष्ट्रिय सुरक्षा नीतिमा विशेष रूपमा उल्लेख गरिएका तीन सुरक्षा निकाय हुन्:

१. सेना (बहिन्द्र)
२. पुलिस
३. सशस्त्र बटालियन",,
DP008,Constitution & Law,Governance,English,"According to the Constitution, which principle guides the relationship between the Federal Units in the system of governance?",Cooperative federalism.,Federalism,,
DP008,Constitution & Law,Governance,Nepali,संविधानअनुसार शासन प्रणालीमा संघीय एकाइहरूबीचको सम्बन्ध कुन सिद्धान्तद्वारा निर्देशित हुन्छ?,सहकारी संघीयता।,संविधानअनुसार शासन प्रणालीमा संघीय एकाइहरूबीचको सम्बन्ध स्वायत्तता सिद्धान्तद्वारा निर्देशित हुन्छ।,,
DP009,Constitution & Law,Governance,English,"According to the Constitution, what principle should be incorporated into the system of governance on the basis of local autonomy and decentralization?",The principle of proportional participation.,Subsidiarity,,
DP009,Constitution & Law,Governance,Nepali,संविधानअनुसार स्थानीय स्वायत्तता र विकेन्द्रीकरणका आधारमा शासन प्रणालीमा कुन सिद्धान्त समावेश गरिनुपर्छ?,समानुपातिक सहभागिताको सिद्धान्त।,संविधानअनुसार स्थानीय स्वायत्तता र विकेन्द्रीकरणका आधारमा शासन प्रणालीमा स्थानीय स्वायत्तता र विकेन्द्रीकरणका सिद्धान्त समावेश गरिनुपर्छ।,,
DP010,Constitution & Law,International Relations,English,"According to the Constitution, what is the primary objective of Nepal's international relations?","To enhance the dignity of the nation in the world community while safeguarding Nepal's freedom, sovereignty, territorial integrity, independence and national interest.",Friendship and cooperation with other countries.,,
DP010,Constitution & Law,International Relations,Nepali,संविधानअनुसार नेपालको अन्तर्राष्ट्रिय सम्बन्धको मुख्य उद्देश्य के हो?,"नेपालको स्वतन्त्रता, सार्वभौमसत्ता, भौगोलिक अखण्डता, स्वतन्त्रता तथा राष्ट्रिय हितको संरक्षण गर्दै विश्व समुदायमा राष्ट्रको प्रतिष्ठा अभिवृद्धि गर्नु।","संविधानअनुसार नेपालको अन्तर्राष्ट्रिय सम्बन्धको मुख्य उद्देश्य स्वतन्त्र, एककलंक, एकलिङ्ग, एकात्मक र सङ्घीय गणतन्त्र नेपालको स्वतन्त्रता, सुरक्षा, समृद्धि र सम्प्रभुत्वको रक्षा गर्नु हो ।",,
DP011,Constitution & Law,National Unity & Security,English,"According to the Constitution, what should remain intact while protecting Nepal's freedom, sovereignty, territorial integrity and independence?",National unity.,The Constitution of Nepal.,,
DP011,Constitution & Law,National Unity & Security,Nepali,"संविधानअनुसार नेपालको स्वतन्त्रता, सार्वभौमसत्ता, भौगोलिक अखण्डता तथा स्वतन्त्रताको संरक्षण गर्दा केलाई अक्षुण्ण राख्नुपर्छ?",राष्ट्रिय एकता।,"संविधानअनुसार नेपालको स्वतन्त्रता, सार्वभौमसत्ता, भौगोलिक अखण्डता तथा स्वतन्त्रताको संरक्षण गर्दा केलाई अक्षुण्ण राख्नुपर्छ।",,
DP012,Constitution & Law,National Unity & Security,English,"According to the Constitution, which three dimensions of diversity are specifically mentioned in promoting national unity among communities?","Religion, language and culture.","Religion, language, and place of birth.",,
DP012,Constitution & Law,National Unity & Security,Nepali,संविधानअनुसार समुदायहरूबीच राष्ट्रिय एकता प्रवर्द्धन गर्दा कुन तीन प्रकारका विविधतालाई विशेष रूपमा उल्लेख गरिएको छ?,"धर्म, भाषा र संस्कृति।","जाति, भाषा, धर्म",,
DP013,Constitution & Law,National Security,English,"According to the Constitution, what kind of security system should the State develop to maintain law and order?",A national security system.,A welfare state with a socialistic approach.,,
DP013,Constitution & Law,National Security,Nepali,संविधानअनुसार कानून र व्यवस्था कायम गर्न राज्यले कस्तो सुरक्षा प्रणाली विकास गर्नुपर्छ?,राष्ट्रिय सुरक्षा प्रणाली।,"संविधानअनुसार कानून र व्यवस्था कायम गर्न राज्यले सुरक्षा प्रणाली विकास गर्नुपर्छ जसमा सैन्य, पुलिस, स्थानीय सुरक्षा बल, स्वायत्त सुरक्षा बल, स्वायत्त स्थानीय सुरक्षा बल, स्वायत्त सैन्य, स्वायत्त पुलिस, स्वायत्त स्थानीय सुरक्षा बल, स्वायत्त सैन्य, स्वायत्त पुलिस, स्वायत्त स्थानीय सुरक्षा बल, स्वायत",,
DP014,Constitution & Law,Governance System,English,"According to the Constitution, what is meant by good governance in the context of public administration?","Public administration that is fair, competent, impartial, transparent, corruption-free, accountable and participatory while ensuring equal and easy access to public services.","The Constitution does not explicitly define ""good governance"" in the context of public administration. However, the 74th Amendment to the Constitution of India, 1992, which deals with the reorganization of local governments, mentions the concept of ""good governance"" in the context of local self-government.

According to Article 243G of the Constitution, ""good governance"" means the governance of a local authority which is accountable, responsive, transparent, participatory, and inclusive, and which is committed to the principles of decentralization, equity, social justice, and the empowerment of the people.",,
DP014,Constitution & Law,Governance System,Nepali,संविधानअनुसार सार्वजनिक प्रशासनको सन्दर्भमा सुशासन भन्नाले के जनाउँछ?,"समान तथा सहज सार्वजनिक सेवा पहुँच सुनिश्चित गर्दै निष्पक्ष, सक्षम, पारदर्शी, भ्रष्टाचारमुक्त, उत्तरदायी तथा सहभागितामूलक सार्वजनिक प्रशासन।","संविधानअनुसार सार्वजनिक प्रशासनको सन्दर्भमा सुशासन भन्नाले न्याय, स्थिरता, सुरक्षा र समृद्धि प्राप्त गर्ने कार्यलयको कार्यशीलता भनिएको छ ।",,
DP015,Constitution & Law,Governance System,English,Which Article contains the State Policies relating to the political and governance system?,Article 51(b).,Article 370,,
DP015,Constitution & Law,Governance System,Nepali,राजनीतिक तथा शासन प्रणालीसम्बन्धी राज्यका नीतिहरू कुन धारामा उल्लेख छन्?,धारा ५१(ख)।,धारा ३५,,
DP016,Constitution & Law,Governance System,English,"According to the Constitution, international treaties and agreements to which Nepal is a party should be what?",They should be implemented.,Approved by the Federal Parliament.,,
DP016,Constitution & Law,Governance System,Nepali,संविधानअनुसार नेपाल पक्ष भएका अन्तर्राष्ट्रिय सन्धि तथा सम्झौताहरूलाई के गर्नुपर्छ?,कार्यान्वयन गर्नुपर्छ।,संविधानअनुसार नेपाल पक्ष भएका अन्तर्राष्ट्रिय सन्धि तथा सम्झौताहरूलाई संसदको स्वीकृति प्राप्त गर्नुपर्छ।,,
DP017,Constitution & Law,Social & Cultural Transformation,English,"According to the Constitution, which policy promotes studies and research for protecting cultural heritage, and which policy focuses on the development of arts, literature and music?","Article 51(c)(2) promotes studies and research for cultural heritage, while Article 51(c)(4) focuses on arts, literature and music.","The Constitution does not provide specific information on policies related to cultural heritage, arts, literature, and music. However, based on the Indian Constitution, the following policies can be inferred:

1. The policy that promotes studies and research for protecting cultural heritage is likely to be related to Article 51A(g), which states that ""It shall be the duty of every citizen of India to protect and preserve the rich and varied cultural heritage of India.""

2. The policy that focuses on the development of arts, literature, and music is likely to be related to Article 51A(j), which states that ""It shall be the duty of every citizen of India to promote harmony and the spirit of common brotherhood amongst all people of India transcending religious, linguistic",,
DP017,Constitution & Law,Social & Cultural Transformation,Nepali,"संविधानअनुसार कुन नीतिले सांस्कृतिक सम्पदाको संरक्षणका लागि अध्ययन तथा अनुसन्धानलाई प्रवर्द्धन गर्छ र कुन नीतिले कला, साहित्य तथा संगीतको विकासमा जोड दिन्छ?","धारा ५१(ग)(२) ले सांस्कृतिक सम्पदाको अध्ययन तथा अनुसन्धानलाई प्रवर्द्धन गर्छ भने धारा ५१(ग)(४) ले कला, साहित्य तथा संगीतको विकासमा जोड दिन्छ।","सांस्कृतिक सम्पदाको संरक्षणका लागि अध्ययन तथा अनुसन्धानलाई प्रवर्द्धन गर्ने नीति हो राष्ट्रिय नीति र कला, साहित्य तथा संगीतको विकासमा जोड दिने नीति हो राष्ट्रिय नीति ।",,
DP018,Constitution & Law,"Economy, Industry & Commerce",English,"According to the Constitution, which three sectors are expected to contribute to enhancing the national economy through partnership?","Public, private and cooperative sectors.","Private sector, public sector, and cooperative sector.",,
DP018,Constitution & Law,"Economy, Industry & Commerce",Nepali,संविधानअनुसार साझेदारीमार्फत राष्ट्रिय अर्थतन्त्रलाई सुदृढ बनाउन कुन तीन क्षेत्रको सहभागिता अपेक्षित छ?,"सार्वजनिक, निजी तथा सहकारी क्षेत्र।","कृषि, उद्योग, व्यापार",,
DP019,Constitution & Law,"Economy, Industry & Commerce",English,"According to the Constitution, what two measures are emphasized to make the national economy competitive while protecting consumers' interests?","Maintaining trade fairness and discipline, and eliminating black marketing, monopoly, artificial scarcity and restrictions on competition.",Promoting domestic industries and protecting consumers' rights.,,
DP019,Constitution & Law,"Economy, Industry & Commerce",Nepali,संविधानअनुसार उपभोक्ताको हित संरक्षण गर्दै राष्ट्रिय अर्थतन्त्रलाई प्रतिस्पर्धी बनाउन कुन दुई उपायमा जोड दिइएको छ?,"व्यापारमा निष्पक्षता र अनुशासन कायम गर्ने तथा कालोबजारी, एकाधिकार, कृत्रिम अभाव र प्रतिस्पर्धा सीमित गर्ने गतिविधिको अन्त्य गर्ने।","संविधानअनुसार उपभोक्ताको हित संरक्षण गर्दै राष्ट्रिय अर्थतन्त्रलाई प्रतिस्पर्धी बनाउन दुई उपायमा जोड दिइएको छ:

१. प्रतिस्पर्धा अधिनियम, २०७५
२. उपभोक्ता संरक्षण अधिनियम, २०७५",,
DP020,Constitution & Law,"Economy, Industry & Commerce",English,"According to the Constitution, for what types of investment should foreign capital and technology be encouraged?","Import substitution, export promotion and infrastructure development, in consonance with the national interest.",High-tech and labor-intensive industries.,,
DP020,Constitution & Law,"Economy, Industry & Commerce",Nepali,संविधानअनुसार विदेशी पूँजी तथा प्रविधिगत लगानी मुख्यतया कस्ता क्षेत्रमा प्रोत्साहित गरिनुपर्छ?,"राष्ट्रिय हितअनुकूल आयात प्रतिस्थापन, निर्यात प्रवर्द्धन तथा पूर्वाधार विकासका क्षेत्रमा।",संविधानअनुसार विदेशी पूँजी तथा प्रविधिगत लगानी मुख्यतया उद्योग क्षेत्रमा प्रोत्साहित गरिनुपर्छ।,,
DP021,Constitution & Law,Agriculture & Land Reform,English,"According to the Constitution, what existing land ownership system should scientific land reforms end?",Dual land ownership.,Private ownership.,,
DP021,Constitution & Law,Agriculture & Land Reform,Nepali,संविधानअनुसार वैज्ञानिक भूमि सुधारले कुन विद्यमान भूमि स्वामित्व प्रणालीको अन्त्य गर्नुपर्छ?,दोहोरो भूमि स्वामित्व।,संविधानअनुसार वैज्ञानिक भूमि सुधारले कुन विद्यमान भूमि स्वामित्व प्रणालीको अन्त्य गर्नुपर्छ? - भूमिहरु स्वामित्व प्रणाली,,
DP022,Constitution & Law,Agriculture & Land Reform,English,"According to the Constitution, what are the two primary objectives of land-use policies in agriculture?","To increase agricultural production and productivity, and to promote commercialization, industrialization, diversification and modernization of agriculture.","To promote agricultural development and to ensure that the use of land does not result in the occupation of, or the conversion of, land for non-agricultural purposes.",,
DP022,Constitution & Law,Agriculture & Land Reform,Nepali,संविधानअनुसार कृषिमा भूमि उपयोग नीतिका दुई प्रमुख उद्देश्य के हुन्?,"कृषि उत्पादन तथा उत्पादकत्व वृद्धि गर्नु तथा कृषिको व्यावसायीकरण, औद्योगिकीकरण, विविधीकरण र आधुनिकीकरणलाई प्रवर्द्धन गर्नु।","संविधानअनुसार कृषिमा भूमि उपयोग नीतिका दुई प्रमुख उद्देश्य हुन्-

१. भूमि उपयोग नीति को संविधान अनुसार कृषिमा भूमि उपयोग नीतिका दुई प्रमुख उद्देश्य हुन्- भूमि उपयोग नीतिको उद्देश्य भूमि उपयोगमा न्यायसंगतता ल्याउनु हो । भूमि उपयोग नीतिको उद्देश्य भूमि उपयोगमा न्यायसंगतता ल्याउनु हो",,
DP023,Constitution & Law,Agriculture,English,"According to the Constitution, to what should farmers be provided easy access?","Agricultural inputs, agricultural products at fair prices, and markets.",Credit,,
DP023,Constitution & Law,Agriculture,Nepali,संविधानअनुसार किसानलाई कुन कुरामा सहज पहुँच उपलब्ध गराइनुपर्छ?,"कृषि सामग्री, उचित मूल्यमा कृषि उत्पादन तथा बजार।",संविधानअनुसार किसानलाई न्यायालयमा सहज पहुँच उपलब्ध गराइनुपर्छ।,,
DP024,Constitution & Law,Development,English,Which Article contains the State Policies relating to Development?,Article 51(f).,Article 243G,,
DP024,Constitution & Law,Development,Nepali,विकाससम्बन्धी राज्यका नीतिहरू कुन धारामा उल्लेख छन्?,धारा ५१(च)।,धारा ३७,,
DP025,Constitution & Law,Development,English,"According to the Constitution, what type of physical infrastructure should the State develop?","Balanced, environment-friendly, quality and sustainable physical infrastructure.",Transport and communication.,,
DP025,Constitution & Law,Development,Nepali,संविधानअनुसार राज्यले कस्तो प्रकारको भौतिक पूर्वाधार विकास गर्नुपर्छ?,"सन्तुलित, वातावरणमैत्री, गुणस्तरीय तथा दिगो भौतिक पूर्वाधार।",संविधानअनुसार राज्यले सार्वजनिक स्वामित्वको सामाजिक आवश्यकता अनुसार भौतिक पूर्वाधार विकास गर्नुपर्छ ।,,
DP026,Constitution & Law,Development,English,"According to the Constitution, what two actions should the State take to strengthen information technology for national development?","Develop and expand information technology according to national needs, and make optimum use of information technology in national development.",The Constitution does not explicitly mention the actions the State should take to strengthen information technology for national development.,,
DP026,Constitution & Law,Development,Nepali,संविधानअनुसार राष्ट्रिय विकासका लागि सूचना प्रविधिलाई सुदृढ बनाउन राज्यले कुन दुई कार्य गर्नुपर्छ?,राष्ट्रिय आवश्यकताअनुसार सूचना प्रविधिको विकास तथा विस्तार गर्ने र राष्ट्रिय विकासमा यसको अधिकतम उपयोग गर्ने।,"संविधानअनुसार राष्ट्रिय विकासका लागि सूचना प्रविधिलाई सुदृढ बनाउन राज्यले निम्न दुई कार्य गर्नुपर्छ:

१. सूचना प्रविधि प्रौद्योगिकीको विकासमा संलग्न हुने कार्यक्रम विकसित गर्नुपर्छ।
२. सूचना प्रविधि प्रौद्योगिकीको विकासमा संलग्न हुने कार्यक्रम विकसित गर्नुपर्छ।",,
DP027,Constitution & Law,Development,English,"According to the Constitution, which information system should be developed to manage citizens' information in an integrated manner?",An integrated national identity management information system.,National Population Register (NPR),,
DP027,Constitution & Law,Development,Nepali,संविधानअनुसार नागरिकको विवरण एकीकृत रूपमा व्यवस्थापन गर्न कुन सूचना प्रणाली विकास गर्नुपर्छ?,एकीकृत राष्ट्रिय परिचय व्यवस्थापन सूचना प्रणाली।,नागरिक सूचना प्रणाली,,
DP028,Constitution & Law,Natural Resources,English,"According to the Constitution, which principle gives priority and preferential rights to local communities in the distribution of benefits from natural resources?",Priority and preferential rights of local communities.,"The principle of ""Free, Prior and Informed Consent"" (FPIC) is not explicitly mentioned in the Constitution. However, the principle of ""Prior Informed Consent"" (PIC) is mentioned in the Constitution, but it is not clear if it gives priority and preferential rights to local communities.

A more accurate answer would be that the principle of ""Free, Prior and Informed Consent"" (FPIC) is a principle recognized in international law, particularly in the United Nations Declaration on the Rights of Indigenous Peoples (UNDRIP), but it is not explicitly mentioned in the Constitution.

However, the Constitution of some countries, such as Ecuador, Bolivia, and Colombia, have incorporated the principle of FPIC into their laws and constitutions,",,
DP028,Constitution & Law,Natural Resources,Nepali,संविधानअनुसार प्राकृतिक स्रोतबाट प्राप्त लाभको वितरणमा स्थानीय समुदायलाई प्राथमिकता र अग्राधिकार दिने सिद्धान्त कुन हो?,स्थानीय समुदायको प्राथमिकता तथा अग्राधिकार।,"संविधानअनुसार प्राकृतिक स्रोतबाट प्राप्त लाभको वितरणमा स्थानीय समुदायलाई प्राथमिकता र अग्राधिकार दिने सिद्धान्त ""स्थानीय विकासको सिद्धान्त"" हो ।",,
DP029,Constitution & Law,Natural Resources,English,"According to the Constitution, which policy focuses on renewable energy development, and which policy focuses on forest conservation?","Article 51(g)(3) focuses on renewable energy, while Article 51(g)(5) focuses on conserving forests, wildlife, birds, vegetation and biodiversity.","The Constitution does not specifically mention policies on renewable energy development or forest conservation. However, the National Policy on Renewable Energy (2008) focuses on renewable energy development, and the National Forest Policy (1988) focuses on forest conservation.",,
DP029,Constitution & Law,Natural Resources,Nepali,संविधानअनुसार कुन नीतिले नवीकरणीय ऊर्जाको विकासमा जोड दिन्छ र कुन नीतिले वन संरक्षणमा जोड दिन्छ?,"धारा ५१(छ)(३) ले नवीकरणीय ऊर्जामा जोड दिन्छ भने धारा ५१(छ)(५) ले वन, वन्यजन्तु, चराचुरुङ्गी, वनस्पति तथा जैविक विविधताको संरक्षणमा जोड दिन्छ।",नवीकरणीय ऊर्जाको विकासमा जोड दिने नीति हो कार्बन न्यूट्रल नीति र वन संरक्षणमा जोड दिने नीति हो वन संरक्षण नीति ।,,
DP030,Constitution & Law,Environmental Protection,English,"According to the Constitution, which environmental principles should guide environmentally sustainable development?","The polluter pays principle, the precautionary principle, and the principle of prior informed consent.",The Constitution does not explicitly mention environmental principles or environmentally sustainable development.,,
DP030,Constitution & Law,Environmental Protection,Nepali,संविधानअनुसार वातावरणीय दिगो विकास कुन वातावरणीय सिद्धान्तहरूद्वारा निर्देशित हुनुपर्छ?,"प्रदूषकले तिर्ने सिद्धान्त, पूर्वसावधानीको सिद्धान्त तथा पूर्वसूचित सहमतिको सिद्धान्त।","संविधानअनुसार वातावरणीय दिगो विकास कुन वातावरणीय सिद्धान्तहरूद्वारा निर्देशित हुनुपर्छ?

उत्तर: संविधानअनुसार वातावरणीय दिगो विकास कुन वातावरणीय सिद्धान्तहरूद्वारा निर्देशित हुनुपर्छ?

उत्तर: संविधानअनुसार वातावरणीय दिगो विकास कुन वातावरणीय सिद्धान्तहरूद्वारा निर्देशित हुनुपर्छ?

उत्तर:",,
ST001,Constitution & Law,Structure of State,English,"According to the Constitution, how many levels constitute the main structure of the Federal Democratic Republic of Nepal?",Three levels.,"Three: federal, provincial, and local.",,
ST001,Constitution & Law,Structure of State,Nepali,संविधानअनुसार नेपाल संघीय लोकतान्त्रिक गणतन्त्रको मुख्य राज्य संरचनामा कति तह छन्?,तीन तह।,संविधानअनुसार नेपाल संघीय लोकतान्त्रिक गणतन्त्रको मुख्य राज्य संरचनामा ७ तह छन् ।,,
ST002,Constitution & Law,Structure of State,English,"According to the Constitution, what are the three levels of government in Nepal?","Federation, State and Local level.","Federal, Provincial, and Local",,
ST002,Constitution & Law,Structure of State,Nepali,संविधानअनुसार नेपालका सरकारका तीन तह कुन-कुन हुन्?,"संघ, प्रदेश र स्थानीय तह।","संविधानअनुसार नेपालका सरकारका तीन तह हुन्:

१. संघीय सरकार
२. प्रदेश सरकार
३. स्थानीय सरकार",,
ST003,Constitution & Law,Structure of State,English,"According to the Constitution, which constitutional values must all three levels of government protect?","Nepal's freedom, sovereignty, territorial integrity, independence, national interest, human rights, fundamental rights, rule of law, separation of powers, checks and balances, inclusive representation, equality and the federal democratic republican system.","Equality, freedom of conscience and religion, and the rights of the child.",,
ST003,Constitution & Law,Structure of State,Nepali,संविधानअनुसार तीनै तहका सरकारले कुन-कुन संवैधानिक मूल्यहरूको संरक्षण गर्नुपर्छ?,"नेपालको स्वतन्त्रता, सार्वभौमसत्ता, भौगोलिक अखण्डता, स्वतन्त्रता, राष्ट्रिय हित, मानव अधिकार, मौलिक हक, कानूनी शासन, शक्ति पृथकीकरण, नियन्त्रण तथा सन्तुलन, समावेशी प्रतिनिधित्व, समानता तथा संघीय लोकतान्त्रिक गणतान्त्रिक प्रणाली।","संविधानअनुसार तीनै तहका सरकारले नागरिकको जीवन, स्वतन्त्रता र संपत्ति संरक्षण गर्नुपर्छ ।",,
ST004,Constitution & Law,Structure of State,English,"According to the Constitution, what institutions exist under the Local level?","Village Institutions, Municipalities and District Assemblies.","Municipalities, provinces, and local communities.",,
ST004,Constitution & Law,Structure of State,Nepali,संविधानअनुसार स्थानीय तह अन्तर्गत कुन-कुन संस्थाहरू रहेका छन्?,"गाउँपालिका, नगरपालिका तथा जिल्ला सभा।","संविधानअनुसार स्थानीय तह अन्तर्गत गाउँपालिका, नगरपालिका, राज्यशास्त्रीय संस्थाहरू रहेका छन् ।",,
ST005,Constitution & Law,Structure of State,English,"According to the Constitution, for what two purposes may a Special, Protected or Autonomous Region be established?","Social and cultural protection, and economic development.","To promote the economic or social development of the area, or to protect a minority people.",,
ST005,Constitution & Law,Structure of State,Nepali,"संविधानअनुसार विशेष, संरक्षित वा स्वायत्त क्षेत्र कुन दुई उद्देश्यका लागि स्थापना गर्न सकिन्छ?",सामाजिक तथा सांस्कृतिक संरक्षण र आर्थिक विकास।,"संविधानअनुसार विशेष, संरक्षित वा स्वायत्त क्षेत्र कुन दुई उद्देश्यका लागि स्थापना गर्न सकिन्छ- भौगोलिक क्षेत्र वा सांस्कृतिक क्षेत्र",,
ST006,Constitution & Law,Distribution of State Power,English,Which Article provides for the distribution of State powers among different levels of government?,Article 57.,Article 78,,
ST006,Constitution & Law,Distribution of State Power,Nepali,विभिन्न तहका सरकारबीच राज्य शक्तिको बाँडफाँटको व्यवस्था गर्ने धारा कुन हो?,धारा ५७।,धारा ३४,,
ST007,Constitution & Law,Distribution of State Power,English,"According to the Constitution, in which Schedule are the powers of the Federation enumerated?",Schedule 5.,Schedule VII,,
ST007,Constitution & Law,Distribution of State Power,Nepali,संविधानअनुसार संघका अधिकारहरू कुन अनुसूचीमा उल्लेख गरिएका छन्?,अनुसूची ५।,संविधानअनुसार संघका अधिकारहरू अनुसूची १०मा उल्लेख गरिएका छन् ।,,
ST008,Constitution & Law,Distribution of State Power,English,"According to the Constitution, which Schedule contains the powers of the Local level, and which Schedule contains the concurrent powers of the Federation, State and Local levels?","Schedule 8 contains the powers of the Local level, while Schedule 9 contains the concurrent powers of the Federation, State and Local levels.","Schedule 12 contains the powers of the Local level.

Schedule 7 contains the concurrent powers of the Federation, State and Local levels.",,
ST008,Constitution & Law,Distribution of State Power,Nepali,"संविधानअनुसार स्थानीय तहका अधिकार कुन अनुसूचीमा छन् र संघ, प्रदेश तथा स्थानीय तहका साझा अधिकार कुन अनुसूचीमा छन्?","अनुसूची ८ मा स्थानीय तहका अधिकार छन् भने अनुसूची ९ मा संघ, प्रदेश र स्थानीय तहका साझा अधिकार छन्।","अनुसूची १२ अनुसार स्थानीय तहका अधिकार र अनुसूची १० अनुसार संघ, प्रदेश तथा स्थानीय तहका साझा अधिकार छन् ।",,
ST009,Constitution & Law,Distribution of State Power,English,"According to the Constitution, what happens if a State law is inconsistent with a Federal law in matters of concurrent powers?",The State law is invalid to the extent of the inconsistency.,The Federal law prevails.,,
ST009,Constitution & Law,Distribution of State Power,Nepali,संविधानअनुसार साझा अधिकारका विषयमा प्रदेश कानून संघीय कानूनसँग बाझिएमा के हुन्छ?,बाझिएको हदसम्म प्रदेश कानून अमान्य हुन्छ।,संविधानअनुसार साझा अधिकारका विषयमा प्रदेश कानून संघीय कानूनसँग बाझिएमा हुन्छ नभइरहेको कारण संविधान १०४(२) अनुसार साझा अधिकारमा प्रदेश कानून संघीय कानूनसँग बाझिएमा हुन्छ ।,,
ST010,Constitution & Law,Distribution of State Power,English,"According to the Constitution, what happens if a law made by a Village Assembly or Municipal Assembly is inconsistent with the relevant State law in matters of concurrent powers?",It is invalid to the extent of the inconsistency.,The law made by the Village Assembly or Municipal Assembly stands.,,
ST010,Constitution & Law,Distribution of State Power,Nepali,संविधानअनुसार साझा अधिकारका विषयमा गाउँसभा वा नगरसभाले बनाएको कानून सम्बन्धित प्रदेश कानूनसँग बाझिएमा के हुन्छ?,बाझिएको हदसम्म अमान्य हुन्छ।,संविधानअनुसार साझा अधिकारका विषयमा गाउँसभा वा नगरसभाले बनाएको कानून सम्बन्धित प्रदेश कानूनसँग बाझिएमा प्रदेश कानूनले बाधित हुन्छ।,,
ST011,Constitution & Law,Residual Powers,English,"According to the Constitution, which level of government exercises residual powers on matters not listed in any constitutional schedule?",The Federation.,"The Constitution does not specify a level of government that exercises residual powers. However, it is generally accepted that the provinces (or states) exercise residual powers in Canada, and the states (or provinces) exercise residual powers in Australia.",,
ST011,Constitution & Law,Residual Powers,Nepali,संविधानअनुसार कुनै पनि संवैधानिक अनुसूचीमा उल्लेख नभएका विषयमा अवशिष्ट अधिकार कुन तहको सरकारलाई हुन्छ?,संघ।,अवशिष्ट अधिकार संविधान सभा सरकारलाई हुन्छ ।,,
ST012,Constitution & Law,Financial Powers,English,"According to the Constitution, which three levels of government may formulate and implement policies and plans within their financial jurisdiction?","The Federation, State and Local level.","Federal, provincial, and municipal.",,
ST012,Constitution & Law,Financial Powers,Nepali,संविधानअनुसार आफ्नो वित्तीय अधिकार क्षेत्रभित्र नीति तथा योजना निर्माण र कार्यान्वयन गर्ने तीन तहका सरकार कुन-कुन हुन्?,"संघ, प्रदेश र स्थानीय तह।","केन्द्र सरकार, राज्य सरकार, स्थानीय सरकार",,
ST013,Constitution & Law,Financial Powers,English,"According to the Constitution, what forms may benefits derived from the use of natural resources be distributed to project-affected regions and local communities?","Royalty, services or goods.","According to the Constitution, benefits derived from the use of natural resources may be distributed to project-affected regions and local communities through the following forms:

1. Royalties
2. Taxes
3. Profits
4. Dividends
5. Other forms of participation in the exploitation of natural resources.",,
ST013,Constitution & Law,Financial Powers,Nepali,संविधानअनुसार प्राकृतिक स्रोतको उपयोगबाट प्राप्त लाभ आयोजना प्रभावित क्षेत्र तथा स्थानीय समुदायलाई कुन-कुन स्वरूपमा वितरण गर्न सकिन्छ?,"रोयल्टी, सेवा वा वस्तु।",संविधानअनुसार प्राकृतिक स्रोतको उपयोगबाट प्राप्त लाभ आयोजना प्रभावित क्षेत्र तथा स्थानीय समुदायलाई संविधान अनुसार प्राकृतिक स्रोतको उपयोगबाट प्राप्त लाभ आयोजना प्रभावित क्षेत्र तथा स्थानीय समुदायलाई संविधान अनुसार प्राकृतिक स्रोतको उपयोगबाट प्राप्त लाभ आयोजना प्रभावित क्षेत्र तथा स्थानीय समुदायलाई संविधान अन,,
ST014,Constitution & Law,Financial Powers,English,"According to the Constitution, what two conditions govern priority for local community investment in the utilization of natural resources?",The nature of the investment and the size of the investment.,The Constitution does not provide specific information on the two conditions governing priority for local community investment in the utilization of natural resources.,,
ST014,Constitution & Law,Financial Powers,Nepali,संविधानअनुसार प्राकृतिक स्रोतको उपयोगमा स्थानीय समुदायको लगानीलाई प्राथमिकता दिन कुन दुई आधारलाई विचार गरिन्छ?,लगानीको प्रकृति र लगानीको परिमाण।,"संविधानअनुसार प्राकृतिक स्रोतको उपयोगमा स्थानीय समुदायको लगानीलाई प्राथमिकता दिन कुन दुई आधारलाई विचार गरिन्छ?

उत्तर: स्थानीय समुदायको सांस्कृतिक, सामाजिक, आर्थिक, राजनीतिक, धार्मिक, भाषिक, ऐतिहासिक, जैविक, भौगोलिक, सांवैधिक, सामुदायिक, सामाजिक, सामाजिक, सामाजिक, सामाजिक, साम",,
ST015,Constitution & Law,Financial Powers,English,"According to the Constitution, which level of government has the power to obtain foreign assistance and borrow loans?",The Government of Nepal.,The federal government.,,
ST015,Constitution & Law,Financial Powers,Nepali,संविधानअनुसार वैदेशिक सहायता प्राप्त गर्ने तथा ऋण लिने अधिकार कुन तहको सरकारलाई छ?,नेपाल सरकार।,संविधानअनुसार वैदेशिक सहायता प्राप्त गर्ने तथा ऋण लिने अधिकार संघ सरकारलाई छ।,,
ST016,Constitution & Law,Revenue Distribution,English,"Which Article provides for the distribution of sources of revenue among the Federation, State and Local level?",Article 60.,Article 270,,
ST016,Constitution & Law,Revenue Distribution,Nepali,"संघ, प्रदेश तथा स्थानीय तहबीच राजस्व स्रोतको बाँडफाँटको व्यवस्था गर्ने धारा कुन हो?",धारा ६०।,"संघ, प्रदेश तथा स्थानीय तहबीच राजस्व स्रोतको बाँडफाँटको व्यवस्था गर्ने धारा 268 हो ।",,
ST017,Constitution & Law,Revenue Distribution,English,"According to the Constitution, which constitutional commission recommends the amount of fiscal transfer receivable by the State and Local level?",National Natural Resources and Fiscal Commission.,The Finance Commission.,,
ST017,Constitution & Law,Revenue Distribution,Nepali,संविधानअनुसार प्रदेश तथा स्थानीय तहले प्राप्त गर्ने वित्तीय हस्तान्तरणको रकम कुन संवैधानिक आयोगले सिफारिस गर्छ?,राष्ट्रिय प्राकृतिक स्रोत तथा वित्त आयोग।,संवैधानिक आयोगले सिफारिस गरेको वित्तीय हस्तान्तरणको रकम २.५ प्रतिशत हो ।,,
ST018,Constitution & Law,Revenue Distribution,English,"According to the Constitution, who recommends the amount of fiscal transfer to the State and Local level, and who distributes fiscal equalization grants?","The National Natural Resources and Fiscal Commission recommends the fiscal transfer amount, while the Government of Nepal distributes fiscal equalization grants.","The President of India, through the Finance Commission.",,
ST018,Constitution & Law,Revenue Distribution,Nepali,संविधानअनुसार प्रदेश तथा स्थानीय तहलाई वित्तीय हस्तान्तरणको रकम कसले सिफारिस गर्छ र वित्तीय समानीकरण अनुदान कसले वितरण गर्छ?,राष्ट्रिय प्राकृतिक स्रोत तथा वित्त आयोगले वित्तीय हस्तान्तरणको रकम सिफारिस गर्छ भने नेपाल सरकारले वित्तीय समानीकरण अनुदान वितरण गर्छ।,संविधानअनुसार प्रदेश तथा स्थानीय तहलाई वित्तीय हस्तान्तरणको रकम प्रदेश सरकारले सिफारिस गर्छ र वित्तीय समानीकरण अनुदान प्रदेश सरकारले वितरण गर्छ।,,
ST019,Constitution & Law,Revenue Distribution,English,"According to the Constitution, what factors must be considered when enacting a Federal Act on the distribution of revenues?","National policies, national requirements, autonomy of State and Local levels, services to the people, financial powers, revenue collection capacity, revenue potential and use, regional balance, poverty and inequality reduction, ending deprivation, and temporary or contingent needs.","The Constitution does not provide a specific answer to this question. However, Article 148 of the Indian Constitution mentions that the distribution of revenues between the Centre and the States should be based on the recommendations of the Finance Commission.",,
ST019,Constitution & Law,Revenue Distribution,Nepali,संविधानअनुसार राजस्व बाँडफाँटसम्बन्धी संघीय कानून बनाउँदा कुन-कुन आधारहरू विचार गर्नुपर्छ?,"राष्ट्रिय नीति, राष्ट्रिय आवश्यकता, प्रदेश तथा स्थानीय तहको स्वायत्तता, जनसेवा, वित्तीय अधिकार, राजस्व संकलन क्षमता, राजस्वको सम्भावना र उपयोग, क्षेत्रीय सन्तुलन, गरिबी तथा असमानता न्यूनीकरण, वञ्चितीकरणको अन्त्य तथा अस्थायी वा आकस्मिक आवश्यकता।","संविधानअनुसार राजस्व बाँडफाँटसम्बन्धी संघीय कानून बनाउँदा कुन-कुन आधारहरू विचार गर्नुपर्छ?

1.  राज्य वा स्थानीय स्तरमा वित्तीय स्थिति
2.  राज्य वा स्थानीय स्तरमा विकासको स्थिति
3.  राज्य वा स्थानीय स्तरमा वित्तीय स्थिति
4.  राज्य वा स्थानीय स्तरमा विकासको स्थिति",,
ST020,Constitution & Law,Revenue Distribution,English,"According to the Constitution, how should revenues be distributed among the Federation, State and Local level?",In a balanced and transparent manner.,"According to the Constitution, revenues should be distributed among the Federation, State, and Local levels through the principles of federalism, including:

* The Federation shall have power to impose taxes and duties on goods produced or manufactured in India to protect the interests of such production or manufacture (Article 265).
* The States shall have power to impose taxes on goods and services, subject to the provisions of the Constitution (Article 268).
* The Local authorities shall have power to impose taxes on goods and services, subject to the provisions of the Constitution (Article 268).
* The Centre shall have the power to impose taxes on income other than agricultural income (Article 82).
* The States shall have the power to impose taxes on agricultural income (Article 82",,
ST020,Constitution & Law,Revenue Distribution,Nepali,"संविधानअनुसार संघ, प्रदेश तथा स्थानीय तहबीच राजस्व कसरी वितरण गरिनुपर्छ?",सन्तुलित तथा पारदर्शी रूपमा।,"संविधानअनुसार संघ, प्रदेश तथा स्थानीय तहबीच राजस्व वितरण संविधान अनुसार संघ, प्रदेश तथा स्थानीय तहबीच राजस्व वितरण संविधान अनुसार संघ, प्रदेश तथा स्थानीय तहबीच राजस्व वितरण संविधान अनुसार संघ, प्रदेश तथा स्थानीय तहबीच राजस्व वितरण संविधान अनुसार संघ, प्रदेश तथा स्थानीय तहबीच राजस्व वितरण संविधान अनुसार संघ",,
PR001,Constitution & Law,President,English,"According to the Constitution, who is the head of state of Nepal?",The President.,The President of Nepal.,,
PR001,Constitution & Law,President,Nepali,संविधानअनुसार नेपालको राष्ट्रप्रमुख को हो?,राष्ट्रपति।,राष्ट्रपति,,
PR002,Constitution & Law,President,English,"According to the Constitution, what is the main duty of the President of Nepal?",To abide by and protect the Constitution.,The main duty of the President of Nepal is to serve as the head of state and to act as the symbol of national unity.,,
PR002,Constitution & Law,President,Nepali,संविधानअनुसार नेपालको राष्ट्रपतिको मुख्य कर्तव्य के हो?,संविधानको पालना गर्नु तथा यसको संरक्षण गर्नु।,संविधानअनुसार नेपालको राष्ट्रपतिको मुख्य कर्तव्य राष्ट्रिय सुरक्षा र सम्प्रभुत्वको रक्षा गर्नु हो ।,,
PR003,Constitution & Law,President,English,"According to the Constitution, which bodies together form the electoral college for electing the President?",Members of the Federal Parliament and the State Assemblies.,"The House of Representatives, the Senate, and the Electors chosen by each state.",,
PR003,Constitution & Law,President,Nepali,संविधानअनुसार राष्ट्रपति निर्वाचनका लागि निर्वाचन मण्डल कुन-कुन निकायका सदस्यहरूबाट बनेको हुन्छ?,संघीय संसद् तथा प्रदेश सभाका सदस्यहरू।,संविधानअनुसार राष्ट्रपति निर्वाचनका लागि निर्वाचन मण्डल संसदका दुई निकायका सदस्यहरूबाट बनेको हुन्छ।,,
PR004,Constitution & Law,President,English,Which Article provides for the election of the President?,Article 62.,Article 55,,
PR004,Constitution & Law,President,Nepali,राष्ट्रपतिको निर्वाचन सम्बन्धी व्यवस्था कुन धारामा गरिएको छ?,धारा ६२।,धारा ३५,,
PR005,Constitution & Law,President,English,"According to the Constitution, what voting outcome is required for a candidate to be elected President in the first round?",A majority of the then existing total votes of the electoral college.,50% of the valid votes plus one.,,
PR005,Constitution & Law,President,Nepali,संविधानअनुसार पहिलो चरणमै राष्ट्रपति निर्वाचित हुन उम्मेदवारले कस्तो मत प्राप्त गर्नुपर्छ?,निर्वाचन मण्डलका तत्काल कायम रहेका कुल मतको बहुमत।,संविधानअनुसार पहिलो चरणमै राष्ट्रपति निर्वाचित हुन उम्मेदवारले ३५००००० मत प्राप्त गर्नुपर्छ।,,
PR006,Constitution & Law,President,English,"According to the Constitution, what happens if no candidate secures a majority in the first round of the presidential election?",A second round is held between the two candidates receiving the highest number of votes.,A second round of voting is held between the top two candidates.,,
PR006,Constitution & Law,President,Nepali,संविधानअनुसार राष्ट्रपतिको निर्वाचनको पहिलो चरणमा कुनै उम्मेदवारले बहुमत प्राप्त नगरेमा के हुन्छ?,सबैभन्दा बढी मत प्राप्त गर्ने दुई उम्मेदवारबीच दोस्रो चरणको मतदान हुन्छ।,संविधानअनुसार राष्ट्रपतिको निर्वाचनको पहिलो चरणमा कुनै उम्मेदवारले बहुमत प्राप्त नगरेमा के ३५० वा अधिक वोट प्राप्त नगरेमा हुन्छ।,,
PR007,Constitution & Law,President,English,"According to the Constitution, what is the term of office of the President?",Five years.,Four years.,,
PR007,Constitution & Law,President,Nepali,संविधानअनुसार राष्ट्रपतिको कार्यकाल कति वर्षको हुन्छ?,पाँच वर्ष।,पाँच वर्ष,,
PR008,Constitution & Law,President,English,"According to the Constitution, what is the minimum age required to become President, and what is the maximum number of times a person may be elected President?","At least 45 years of age, and no more than two terms.","According to the Constitution, the minimum age required to become President is 35 years, and the maximum number of times a person may be elected President is 2.",,
PR008,Constitution & Law,President,Nepali,संविधानअनुसार राष्ट्रपति बन्न न्यूनतम उमेर कति हुनुपर्छ र एक व्यक्ति बढीमा कति पटक राष्ट्रपति निर्वाचित हुन सक्छ?,कम्तीमा ४५ वर्ष उमेर तथा बढीमा दुई पटक।,संविधानअनुसार राष्ट्रपति बन्न न्यूनतम उमेर ३५ वर्ष हुनुपर्छ र एक व्यक्ति बढीमा २ पटक राष्ट्रपति निर्वाचित हुन सक्छ।,,
PR009,Constitution & Law,President,English,"According to the Constitution, to whom does the President submit a written resignation?",The Vice-President.,The Vice President,,
PR009,Constitution & Law,President,Nepali,संविधानअनुसार राष्ट्रपतिले लिखित राजीनामा कसलाई बुझाउँछन्?,उपराष्ट्रपति।,संविधानअनुसार राष्ट्रपतिले लिखित राजीनामा प्रधानमन्त्री को बुझाउँछन् ।,,
PR010,Constitution & Law,President,English,"According to the Constitution, through whom are the recommendations and consent of the Council of Ministers submitted to the President?",Through the Prime Minister.,The Speaker of the Lok Sabha.,,
PR010,Constitution & Law,President,Nepali,संविधानअनुसार मन्त्रिपरिषद्को सिफारिस तथा सहमति राष्ट्रपतिसमक्ष कसमार्फत प्रस्तुत गरिन्छ?,प्रधानमन्त्रीमार्फत।,नयाँ गणतन्त्र नेपाल संविधान २०७२ के अनुसार मन्त्रिपरिषद्को सिफारिस तथा सहमति राष्ट्रपतिसमक्ष कसमार्फत प्रस्तुत गरिन्छ।,,
PR011,Constitution & Law,Vice-President,English,"According to the Constitution, who performs the functions of the President during the President's absence?",The Vice-President.,The Vice President.,,
PR011,Constitution & Law,Vice-President,Nepali,संविधानअनुसार राष्ट्रपतिको अनुपस्थितिमा राष्ट्रपतिको कार्य कसले सम्पादन गर्छ?,उपराष्ट्रपति।,व्यवस्थापिका सभाको अध्यक्ष,,
PR012,Constitution & Law,Vice-President,English,"Which Article provides that the qualifications, election procedure and term of office of the Vice-President shall be the same as those of the President?",Article 69.,Article 66,,
PR012,Constitution & Law,Vice-President,Nepali,"उपराष्ट्रपतिको योग्यता, निर्वाचन प्रक्रिया र कार्यकाल राष्ट्रपतिको जस्तै हुने व्यवस्था कुन धारामा गरिएको छ?",धारा ६९।,धारा ५५,,
PR013,Constitution & Law,Vice-President,English,"According to the Constitution, to whom does the Vice-President submit a written resignation?",The President.,The President,,
PR013,Constitution & Law,Vice-President,Nepali,संविधानअनुसार उपराष्ट्रपतिले आफ्नो लिखित राजीनामा कसलाई बुझाउँछन्?,राष्ट्रपति।,राष्ट्रपति,,
PR014,Constitution & Law,Vice-President,English,"According to the Constitution, to whom does the President submit a resignation, and to whom does the Vice-President submit a resignation?","The President resigns to the Vice-President, while the Vice-President resigns to the President.",The President submits a resignation to the Vice-President. The Vice-President submits a resignation to the President.,,
PR014,Constitution & Law,Vice-President,Nepali,संविधानअनुसार राष्ट्रपतिले कसलाई राजीनामा दिन्छन् र उपराष्ट्रपतिले कसलाई राजीनामा दिन्छन्?,राष्ट्रपतिले उपराष्ट्रपतिलाई राजीनामा दिन्छन् भने उपराष्ट्रपतिले राष्ट्रपतिलाई राजीनामा दिन्छन्।,संविधानअनुसार राष्ट्रपतिले प्रधानमन्त्रीलाई राजीनामा दिन्छन् र उपराष्ट्रपतिले प्रधानमन्त्रीलाई राजीनामा दिन्छन्।,,
PR015,Constitution & Law,Vice-President,English,"According to the Constitution, before whom does the President take the oath of office and secrecy?",The Chief Justice.,The Chief Justice of India.,,
PR015,Constitution & Law,Vice-President,Nepali,संविधानअनुसार राष्ट्रपतिले पद तथा गोपनीयताको शपथ कसको समक्ष लिन्छन्?,प्रधान न्यायाधीश।,संविधानअनुसार राष्ट्रपतिले पद तथा गोपनीयताको शपथ नेपाली भाषामा संविधान सभाको अध्यक्ष समक्ष लिन्छन् ।,,
PR016,Constitution & Law,Vice-President,English,"According to the Constitution, before whom does the Vice-President take the oath of office and secrecy?",The President.,The Chief Justice of India,,
PR016,Constitution & Law,Vice-President,Nepali,संविधानअनुसार उपराष्ट्रपतिले पद तथा गोपनीयताको शपथ कसको समक्ष लिन्छन्?,राष्ट्रपति।,संविधानअनुसार उपराष्ट्रपतिले पद तथा गोपनीयताको शपथ राष्ट्रपति समक्ष लिन्छन्।,,
PR017,Constitution & Law,Representation,English,"According to the Constitution, what principle must be ensured when electing the President and the Vice-President?",They must represent different sex or different community.,"The principle of ""one person, one vote"" is not explicitly mentioned in the Constitution. However, the Constitution does not explicitly state this principle either.

The correct answer is: The principle of ""electoral college"" must be ensured when electing the President and the Vice-President.",,
PR017,Constitution & Law,Representation,Nepali,संविधानअनुसार राष्ट्रपति र उपराष्ट्रपतिको निर्वाचन गर्दा कुन प्रतिनिधित्वको सिद्धान्त सुनिश्चित गरिनुपर्छ?,फरक लिङ्ग वा फरक समुदायको प्रतिनिधित्व सुनिश्चित हुनुपर्छ।,संविधानअनुसार राष्ट्रपति र उपराष्ट्रपतिको निर्वाचन गर्दा कुन प्रतिनिधित्वको सिद्धान्त सुनिश्चित गरिनुपर्छ? - प्रतिनिधित्वको सिद्धान्त,,
PR018,Constitution & Law,Vice-President,English,"According to the Constitution, if a person holding a political office filled by election, nomination or appointment is appointed as the Vice-President, what happens to that office?",The previous office becomes vacant automatically.,The office becomes vacant.,,
PR018,Constitution & Law,Vice-President,Nepali,"संविधानअनुसार निर्वाचन, मनोनयन वा नियुक्तिबाट प्राप्त राजनीतिक पदमा रहेको व्यक्ति उपराष्ट्रपति नियुक्त भएमा उसको अघिल्लो पदको के हुन्छ?",अघिल्लो पद स्वतः रिक्त हुन्छ।,अघिल्लो पदको राष्ट्रपति हुन्छ ।,,
PR019,Constitution & Law,Office of the President,English,"According to the Constitution, what arrangements must the Government of Nepal make for the offices of the President and Vice-President?",It shall provide the necessary employees and other arrangements required for the functioning of the offices.,The Government of Nepal must make arrangements for the offices of the President and Vice-President in the Federal Parliament House.,,
PR019,Constitution & Law,Office of the President,Nepali,संविधानअनुसार राष्ट्रपति तथा उपराष्ट्रपतिको कार्यालयका लागि नेपाल सरकारले के व्यवस्था गर्नुपर्छ?,कार्यालय सञ्चालनका लागि आवश्यक कर्मचारी तथा अन्य आवश्यक व्यवस्था गर्नुपर्छ।,संविधानअनुसार राष्ट्रपति तथा उपराष्ट्रपतिको कार्यालयका लागि नेपाल सरकारले निर्वाचन गर्नुपर्छ ।,,
PR020,Constitution & Law,Office of the President,English,"According to the Constitution, how many separate offices are established for the President and the Vice-President?",Two separate offices.,Two,,
PR020,Constitution & Law,Office of the President,Nepali,संविधानअनुसार राष्ट्रपति र उपराष्ट्रपतिका लागि कति छुट्टाछुट्टै कार्यालय रहने व्यवस्था गरिएको छ?,दुई छुट्टाछुट्टै कार्यालय।,संविधानअनुसार राष्ट्रपति र उपराष्ट्रपतिका लागि २ छुट्टाछुट्टै कार्यालय रहने व्यवस्था गरिएको छ।,,
FE001,Constitution & Law,Federal Executive,English,"According to the Constitution, what form of government does Nepal have?","A multi-party, competitive, federal, democratic, republican, parliamentary form of government based on pluralism.",Federal democratic republic.,,
FE001,Constitution & Law,Federal Executive,Nepali,संविधानअनुसार नेपालमा कस्तो प्रकारको शासन प्रणाली रहेको छ?,"बहुदलीय, प्रतिस्पर्धात्मक, संघीय, लोकतान्त्रिक, गणतान्त्रिक तथा बहुलवादमा आधारित संसदीय शासन प्रणाली।",संविधानअनुसार नेपालमा संघीय शासन प्रणाली रहेको छ।,,
FE002,Constitution & Law,Executive Power,English,"According to the Constitution, in whom is the executive power of Nepal vested?",The Council of Ministers.,The President of Nepal,,
FE002,Constitution & Law,Executive Power,Nepali,संविधानअनुसार नेपालको कार्यकारी शक्ति कसमा निहित हुन्छ?,मन्त्रिपरिषद्।,संविधानअनुसार नेपालको कार्यकारी शक्ति राष्ट्रपति कसमा निहित हुन्छ।,,
FE003,Constitution & Law,Executive Power,English,"According to the Constitution, who is responsible for issuing general directives and regulating the governance of Nepal?",The Council of Ministers.,The President of Nepal.,,
FE003,Constitution & Law,Executive Power,Nepali,संविधानअनुसार नेपालको शासन सञ्चालनका लागि सामान्य निर्देशन जारी गर्ने तथा नियन्त्रण र नियमन गर्ने जिम्मेवारी कसको हुन्छ?,मन्त्रिपरिषद्।,संविधानअनुसार नेपालको शासन सञ्चालनका लागि सामान्य निर्देशन जारी गर्ने तथा नियन्त्रण र नियमन गर्ने जिम्मेवारी संसदको हुन्छ।,,
FE004,Constitution & Law,Executive Power,English,"According to the Constitution, in whose name are all Federal executive functions performed?",In the name of the Government of Nepal.,The President,,
FE004,Constitution & Law,Executive Power,Nepali,संविधानअनुसार संघीय कार्यकारी कार्यहरू कसको नाममा सम्पादन गरिन्छ?,नेपाल सरकारको नाममा।,राष्ट्रपति,,
FE005,Constitution & Law,Prime Minister,English,Which Article provides for the constitution of the Council of Ministers?,Article 76.,Article 74,,
FE005,Constitution & Law,Prime Minister,Nepali,मन्त्रिपरिषद्को गठनसम्बन्धी व्यवस्था कुन धारामा गरिएको छ?,धारा ७६।,धारा १४५,,
FE006,Constitution & Law,Prime Minister,English,"According to the Constitution, whom does the President appoint as Prime Minister when a single parliamentary party commands a majority in the House of Representatives?",The leader of the parliamentary party commanding the majority in the House of Representatives.,The leader of the party that commands a majority in the House of Representatives.,,
FE006,Constitution & Law,Prime Minister,Nepali,प्रतिनिधिसभामा कुनै एक संसदीय दलको स्पष्ट बहुमत भएमा संविधानअनुसार राष्ट्रपतिले कसलाई प्रधानमन्त्री नियुक्त गर्छन्?,प्रतिनिधिसभामा बहुमत प्राप्त संसदीय दलको नेता।,संविधानअनुसार राष्ट्रपतिले संसदीय दलको नेतालाई प्रधानमन्त्री नियुक्त गर्छन्।,,
FE007,Constitution & Law,Prime Minister,English,"According to the Constitution, if no political party has a majority in the House of Representatives, who may be appointed Prime Minister?",A member of the House of Representatives who can command a majority with the support of two or more parties.,The Governor-General.,,
FE007,Constitution & Law,Prime Minister,Nepali,प्रतिनिधिसभामा कुनै दलको स्पष्ट बहुमत नभएमा संविधानअनुसार प्रधानमन्त्री कसलाई नियुक्त गर्न सकिन्छ?,दुई वा दुईभन्दा बढी दलको समर्थनबाट बहुमत प्राप्त गर्न सक्ने प्रतिनिधिसभाको सदस्य।,"संविधानअनुसार प्रधानमन्त्री कसलाई नियुक्त गर्न सकिन्छ?

उत्तर: सर्वाधिक प्रतिनिधि हुने दलको नेता",,
FE008,Constitution & Law,Council of Ministers,English,"According to the Constitution, who appoints the Prime Minister, and on whose recommendation is the Council of Ministers constituted?","The President appoints the Prime Minister, and the Council of Ministers is constituted on the recommendation of the Prime Minister.","The President of India appoints the Prime Minister, and the Council of Ministers is constituted on the recommendation of the Prime Minister.",,
FE008,Constitution & Law,Council of Ministers,Nepali,संविधानअनुसार प्रधानमन्त्री कसले नियुक्त गर्छन् र मन्त्रिपरिषद् कसको सिफारिसमा गठन हुन्छ?,राष्ट्रपतिले प्रधानमन्त्री नियुक्त गर्छन् र प्रधानमन्त्रीको सिफारिसमा मन्त्रिपरिषद् गठन हुन्छ।,संविधानअनुसार प्रधानमन्त्री राष्ट्रपतिद्वारा नियुक्त गर्छन् र मन्त्रिपरिषद् प्रधानमन्त्रीको सिफारिसमा गठन हुन्छ।,,
FE009,Constitution & Law,Council of Ministers,English,"According to the Constitution, what is the maximum number of Ministers that may comprise the Council of Ministers, including the Prime Minister?",Twenty-five Ministers.,"15% of the total number of members in the Lok Sabha (lower house of the Indian Parliament), but not exceeding 15.",,
FE009,Constitution & Law,Council of Ministers,Nepali,संविधानअनुसार प्रधानमन्त्रीसहित मन्त्रिपरिषद्मा बढीमा कति जना मन्त्री रहन सक्छन्?,बढीमा २५ जना मन्त्री।,संविधानअनुसार प्रधानमन्त्रीसहित मन्त्रिपरिषद्मा बढीमा १५ जना मन्त्री रहन सक्छन् ।,,
FE010,Constitution & Law,Council of Ministers,English,"According to the Constitution, to whom are the Prime Minister and Ministers collectively responsible?",The Federal Parliament.,The House of Commons.,,
FE010,Constitution & Law,Council of Ministers,Nepali,संविधानअनुसार प्रधानमन्त्री तथा मन्त्रीहरू सामूहिक रूपमा कसप्रति उत्तरदायी हुन्छन्?,संघीय संसद्।,संविधानअनुसार प्रधानमन्त्री तथा मन्त्रीहरू सामूहिक रूपमा प्रधानमन्त्री प्रति उत्तरदायी हुन्छन्।,,
FE011,Constitution & Law,Prime Minister,English,"According to the Constitution, to whom does the Prime Minister submit a written resignation?",The President.,The President,,
FE011,Constitution & Law,Prime Minister,Nepali,संविधानअनुसार प्रधानमन्त्रीले आफ्नो लिखित राजीनामा कसलाई बुझाउँछन्?,राष्ट्रपति।,राष्ट्रपति ।,,
FE012,Constitution & Law,Ministers,English,"According to the Constitution, to whom does a Minister submit a written resignation?",The Prime Minister.,The President,,
FE012,Constitution & Law,Ministers,Nepali,संविधानअनुसार मन्त्रीले आफ्नो लिखित राजीनामा कसलाई बुझाउँछन्?,प्रधानमन्त्री।,राष्ट्रपति,,
FE013,Constitution & Law,Prime Minister,English,"According to the Constitution, what happens to the Council of Ministers if the office of the Prime Minister becomes vacant?",The same Council of Ministers continues to function until a new Council of Ministers is constituted.,The President invites the leader of the majority party or coalition in the Lok Sabha to form the new government.,,
FE013,Constitution & Law,Prime Minister,Nepali,संविधानअनुसार प्रधानमन्त्रीको पद रिक्त भएमा मन्त्रिपरिषद्को के हुन्छ?,नयाँ मन्त्रिपरिषद् गठन नभएसम्म सोही मन्त्रिपरिषद्ले कार्य सञ्चालन गरिरहन्छ।,संविधानअनुसार प्रधानमन्त्रीको पद रिक्त भएमा मन्त्रिपरिषद्को कार्यकाल समाप्त हुन्छ ।,,
FE014,Constitution & Law,Prime Minister,English,"According to the Constitution, if the Prime Minister dies, who acts as the Prime Minister until a new Prime Minister is appointed?",The senior-most Minister.,"The President of India, in consultation with the leaders of the largest party or coalition in the Lok Sabha, appoints a new Prime Minister.",,
FE014,Constitution & Law,Prime Minister,Nepali,संविधानअनुसार प्रधानमन्त्रीको मृत्यु भएमा नयाँ प्रधानमन्त्री नियुक्त नभएसम्म कार्यवाहक प्रधानमन्त्रीको रूपमा कसले काम गर्छ?,वरिष्ठतम मन्त्री।,संविधानअनुसार प्रधानमन्त्रीको मृत्यु भएमा नयाँ प्रधानमन्त्री नियुक्त नभएसम्म कार्यवाहक प्रधानमन्त्रीको रूपमा उपप्रधानमन्त्री काम गर्छ।,,
FE015,Constitution & Law,Ministers,English,Which Article allows a person who is not a member of the Federal Parliament to be appointed as a Minister?,Article 78.,Article 75 of the Australian Constitution.,,
FE015,Constitution & Law,Ministers,Nepali,संघीय संसद्को सदस्य नभएको व्यक्तिलाई मन्त्री नियुक्त गर्न सकिने व्यवस्था कुन धारामा गरिएको छ?,धारा ७८।,उत्तर: संघीय संसद्को सदस्य नभएको व्यक्तिलाई मन्त्री नियुक्त गर्न सकिने व्यवस्था धारा ३५(१) मा गरिएको छ ।,,
FE016,Constitution & Law,Ministers,English,"According to the Constitution, within how many months must a Minister who is not a member of the Federal Parliament obtain membership?",Within six months.,6,,
FE016,Constitution & Law,Ministers,Nepali,संघीय संसद्को सदस्य नभएको मन्त्रीले कति महिनाभित्र संसद्को सदस्यता प्राप्त गर्नुपर्छ?,छ महिनाभित्र।,संघीय संसद्को सदस्य नभएको मन्त्रीले ६ महिनाभित्र संसद्को सदस्यता प्राप्त गर्नुपर्छ।,,
FE017,Constitution & Law,Ministers,English,"According to the Constitution, on whose recommendation may the President appoint a person who is not a member of the Federal Parliament as a Minister?",On the recommendation of the Prime Minister.,The Governor-General of the state.,,
FE017,Constitution & Law,Ministers,Nepali,संविधानअनुसार संघीय संसद्को सदस्य नभएको व्यक्तिलाई मन्त्री नियुक्त गर्दा राष्ट्रपतिले कसको सिफारिसमा नियुक्त गर्छन्?,प्रधानमन्त्रीको सिफारिसमा।,संविधानअनुसार संघीय संसद्को सदस्य नभएको व्यक्तिलाई मन्त्री नियुक्त गर्दा राष्ट्रपतिले प्रधानमन्त्रीको सिफारिसमा नियुक्त गर्छन्।,,
FE018,Constitution & Law,Ministers,English,"According to the Constitution, who receives the resignation of the Prime Minister, and who receives the resignation of a Minister?","The President receives the Prime Minister's resignation, while the Prime Minister receives a Minister's resignation.","The President receives the resignation of the Prime Minister, and the Prime Minister receives the resignation of a Minister.",,
FE018,Constitution & Law,Ministers,Nepali,संविधानअनुसार प्रधानमन्त्रीको राजीनामा कसले प्राप्त गर्छ र मन्त्रीको राजीनामा कसले प्राप्त गर्छ?,राष्ट्रपतिले प्रधानमन्त्रीको राजीनामा प्राप्त गर्छन् भने प्रधानमन्त्रीले मन्त्रीको राजीनामा प्राप्त गर्छन्।,संविधानअनुसार प्रधानमन्त्रीको राजीनामा राष्ट्रपति प्राप्त गर्छ र मन्त्रीको राजीनामा प्रधानमन्त्री प्राप्त गर्छ।,,
FE019,Constitution & Law,Ministers,English,"According to the Constitution, is a person who was defeated in the election to the current House of Representatives eligible to be appointed as a Minister during the term of that House?",No. A person defeated in the election to the current House of Representatives is not eligible to be appointed as a Minister during that House's term.,No.,,
FE019,Constitution & Law,Ministers,Nepali,वर्तमान प्रतिनिधिसभाको निर्वाचनमा पराजित भएको व्यक्ति सोही प्रतिनिधिसभाको कार्यकालमा मन्त्री नियुक्त हुन योग्य हुन्छ?,हुँदैन। वर्तमान प्रतिनिधिसभाको निर्वाचनमा पराजित व्यक्ति सोही प्रतिनिधिसभाको कार्यकालभर मन्त्री नियुक्त हुन योग्य हुँदैन।,नयाँ कार्यकालमा,,
FE020,Constitution & Law,Prime Minister & Ministers,English,"According to the Constitution, by what type of law are the remuneration and other facilities of the Prime Minister and Ministers provided?",A Federal Act.,Article 75(3) of the Constitution.,,
FE020,Constitution & Law,Prime Minister & Ministers,Nepali,संविधानअनुसार प्रधानमन्त्री तथा मन्त्रीहरूको पारिश्रमिक तथा अन्य सुविधा कुन प्रकारको कानुनद्वारा निर्धारण गरिन्छ?,संघीय ऐन।,"संविधानअनुसार प्रधानमन्त्री तथा मन्त्रीहरूको पारिश्रमिक तथा अन्य सुविधा कुन प्रकारको कानुनद्वारा निर्धारण गरिन्छ? - संविधान (अमendment) कानुन, २०७५",,
FE021,Constitution & Law,Oath of Office,English,"According to the Constitution, before whom does the Prime Minister take the oath of office and secrecy?",The President.,The President,,
FE021,Constitution & Law,Oath of Office,Nepali,संविधानअनुसार प्रधानमन्त्रीले पद तथा गोपनीयताको शपथ कसको समक्ष लिन्छन्?,राष्ट्रपति।,संविधानअनुसार प्रधानमन्त्रीले पद तथा गोपनीयताको शपथ राष्ट्रपतिको समक्ष लिन्छन् ।,,
FE022,Constitution & Law,Oath of Office,English,"According to the Constitution, before whom do Ministers of State and Assistant Ministers take the oath of office and secrecy?",The Prime Minister.,The Governor,,
FE022,Constitution & Law,Oath of Office,Nepali,संविधानअनुसार राज्यमन्त्री तथा सहायक मन्त्रीहरूले पद तथा गोपनीयताको शपथ कसको समक्ष लिन्छन्?,प्रधानमन्त्री।,संविधानअनुसार राज्यमन्त्री तथा सहायक मन्त्रीहरूले पद तथा गोपनीयताको शपथ महाराजको समक्ष लिन्छन्।,,
FE023,Constitution & Law,Oath of Office,English,"According to the Constitution, who administers the oath of office to the Prime Minister, and who administers the oath to Ministers of State and Assistant Ministers?","The President administers the oath to the Prime Minister, while the Prime Minister administers the oath to Ministers of State and Assistant Ministers.","The President administers the oath of office to the Prime Minister, and the President also administers the oath to Ministers of State and Assistant Ministers.",,
FE023,Constitution & Law,Oath of Office,Nepali,संविधानअनुसार प्रधानमन्त्रीलाई पद तथा गोपनीयताको शपथ कसले गराउँछ र राज्यमन्त्री तथा सहायक मन्त्रीलाई कसले शपथ गराउँछ?,राष्ट्रपतिले प्रधानमन्त्रीलाई शपथ गराउँछन् भने प्रधानमन्त्रीले राज्यमन्त्री तथा सहायक मन्त्रीलाई शपथ गराउँछन्।,संविधानअनुसार प्रधानमन्त्रीलाई पद तथा गोपनीयताको शपथ उपराष्ट्रपति गराउँछ र राज्यमन्त्री तथा सहायक मन्त्रीलाई शपथ गराउने अधिकार राष्ट्रपति हुन्छ।,,
FE024,Constitution & Law,Duties of the Prime Minister,English,"According to the Constitution, who must inform the President about the resolutions of the Council of Ministers?",The Prime Minister.,The Prime Minister.,,
FE024,Constitution & Law,Duties of the Prime Minister,Nepali,संविधानअनुसार मन्त्रिपरिषद्का निर्णयहरूको जानकारी राष्ट्रपतिलाई कसले गराउनुपर्छ?,प्रधानमन्त्री।,संविधानअनुसार मन्त्रिपरिषद्का निर्णयहरूको जानकारी राष्ट्रपतिलाई प्रधानमन्त्रीले गराउनुपर्छ।,,
FE025,Constitution & Law,Duties of the Prime Minister,English,"According to the Constitution, who has the duty to inform the President about Bills to be introduced in the Federal Parliament?",The Prime Minister.,The Speaker of the House of Representatives and the Chairman of the Senate.,,
FE025,Constitution & Law,Duties of the Prime Minister,Nepali,संविधानअनुसार संघीय संसद्मा पेश गरिने विधेयकहरूको जानकारी राष्ट्रपतिलाई गराउने दायित्व कसको हुन्छ?,प्रधानमन्त्री।,संविधानअनुसार संघीय संसद्मा पेश गरिने विधेयकहरूको जानकारी राष्ट्रपतिलाई गराउने दायित्व स्पिकरको हुन्छ।,,
FE026,Constitution & Law,Duties of the Prime Minister,English,"According to the Constitution, what information regarding the country's affairs must the Prime Minister provide to the President?",The current general state of affairs of the country and matters concerning foreign relations.,"The Prime Minister must provide the President with information regarding the affairs of State, including the decisions of the Council of Ministers and other matters as the President may request.",,
FE026,Constitution & Law,Duties of the Prime Minister,Nepali,संविधानअनुसार प्रधानमन्त्रीले राष्ट्रपतिलाई देशको अवस्थासम्बन्धी कुन जानकारी दिनुपर्छ?,देशको समसामयिक सामान्य अवस्था तथा वैदेशिक सम्बन्धसम्बन्धी विषयहरू।,संविधानअनुसार प्रधानमन्त्रीले राष्ट्रपतिलाई देशको अवस्थासम्बन्धी जानकारी दिनुपर्छ।,,
FE027,Constitution & Law,Government Business,English,Which Article governs the transaction of the business of the Government of Nepal?,Article 82.,Article 145,,
FE027,Constitution & Law,Government Business,Nepali,नेपाल सरकारको कार्य सञ्चालनसम्बन्धी व्यवस्था कुन धारामा गरिएको छ?,धारा ८२।,नेपाल सरकारको कार्य सञ्चालनसम्बन्धी व्यवस्था नेपालको संविधानमा धारा १५५ मा गरिएको छ ।,,
FE028,Constitution & Law,Government Business,English,"According to the Constitution, in accordance with what are the business of the Government of Nepal allocated and transacted?",In accordance with the rules approved by the Government of Nepal.,"The Constitution of Nepal, 2015",,
FE028,Constitution & Law,Government Business,Nepali,संविधानअनुसार नेपाल सरकारको कार्य कुन आधारमा बाँडफाँट र सञ्चालन गरिन्छ?,नेपाल सरकारले स्वीकृत गरेका नियमहरू अनुसार।,"संविधानअनुसार नेपाल सरकारको कार्य नेपाल सरकार कार्यान्वयन कार्यालय, नेपाल सरकार कार्यालय, नेपाल सरकार कार्यालय, नेपाल सरकार कार्यालय, नेपाल सरकार कार्यालय, नेपाल सरकार कार्यालय, नेपाल सरकार कार्यालय, नेपाल सरकार कार्यालय, नेपाल सरकार कार्यालय, नेपाल सरकार कार्यालय, नेपाल सरकार कार्यालय, नेपाल सरकार कार्यालय, नेपाल सरकार कार",,
FE029,Constitution & Law,Government Business,English,"According to the Constitution, can a court question whether the rules governing the transaction of the Government of Nepal's business have been observed?",No. No question may be raised in any court regarding whether those rules have been observed.,No.,,
FE029,Constitution & Law,Government Business,Nepali,संविधानअनुसार नेपाल सरकारको कार्य सञ्चालनसम्बन्धी नियमहरूको पालना भएको वा नभएको विषयमा अदालतमा प्रश्न उठाउन सकिन्छ?,सकिँदैन। ती नियमहरूको पालना भएको वा नभएको विषयमा कुनै अदालतमा प्रश्न उठाउन सकिँदैन।,नभएको,,
FE030,Constitution & Law,Duties of the Prime Minister,English,"According to the Constitution, besides the resolutions of the Council of Ministers and Bills to be introduced in the Federal Parliament, name one additional category of information that the Prime Minister must provide to the President.","Either (i) other necessary information requested by the President regarding those matters, or (ii) the current general state of affairs of the country and matters concerning foreign relations.",Reports on the administration of the government.,,
FE030,Constitution & Law,Duties of the Prime Minister,Nepali,संविधानअनुसार मन्त्रिपरिषद्का निर्णय र संघीय संसद्मा पेश गरिने विधेयकबाहेक प्रधानमन्त्रीले राष्ट्रपतिलाई उपलब्ध गराउनुपर्ने थप जानकारीमध्ये एउटा उल्लेख गर्नुहोस्।,"(१) ती विषयमा राष्ट्रपतिले मागेको अन्य आवश्यक जानकारी, वा (२) देशको समसामयिक सामान्य अवस्था तथा वैदेशिक सम्बन्धसम्बन्धी जानकारी।",संविधानअनुसार मन्त्रिपरिषद्का निर्णय र संघीय संसद्मा पेश गरिने विधेयकबाहेक प्रधानमन्त्रीले राष्ट्रपतिलाई उपलब्ध गराउनुपर्ने थप जानकारीमध्ये संविधान अनुसार मन्त्रिपरिषद्का निर्णय र संघीय संसद्मा पेश गरिने विधेयकबाहेक प्रधानमन्त्रीले राष्ट्रपतिलाई उपलब्ध गराउनुपर्ने थप जानकारीमध्ये संविध,,
FL001,Constitution & Law,Federal Legislative Procedure,English,"According to the Constitution, in which House may a Money Bill be introduced?",House of Representatives only.,The Lok Sabha.,,
FL001,Constitution & Law,Federal Legislative Procedure,Nepali,संविधानअनुसार धन विधेयक कुन सदनमा मात्र प्रस्तुत गर्न सकिन्छ?,प्रतिनिधि सभामा मात्र।,संविधानअनुसार धन विधेयक लोकसभामा मात्र प्रस्तुत गर्न सकिन्छ।,,
FL002,Constitution & Law,Money Bill,English,Can a Money Bill be introduced as a non-government Bill?,No. It may be introduced only as a Government Bill.,No,,
FL002,Constitution & Law,Money Bill,Nepali,के धन विधेयक गैर-सरकारी विधेयकका रूपमा प्रस्तुत गर्न सकिन्छ?,सकिँदैन। यो सरकारको विधेयकका रूपमा मात्र प्रस्तुत गर्न सकिन्छ।,नयाँ,,
FL003,Constitution & Law,Security Bills,English,Bills concerning which security bodies must be introduced only as Government Bills?,"Nepal Army, Nepal Police, and Armed Police Force, Nepal.",Cabinet,,
FL003,Constitution & Law,Security Bills,Nepali,कुन सुरक्षा निकायसँग सम्बन्धित विधेयकहरू सरकारको विधेयकका रूपमा मात्र प्रस्तुत गर्नुपर्छ?,"नेपाली सेना, नेपाल प्रहरी र सशस्त्र प्रहरी बल, नेपाल।",संसदीय समितिका प्रतिवेदनको अनुसार,,
FL004,Constitution & Law,Money Bill,English,Who makes the final decision on whether a Bill is a Money Bill?,The Speaker.,The Speaker of the Lok Sabha.,,
FL004,Constitution & Law,Money Bill,Nepali,कुनै विधेयक धन विधेयक हो वा होइन भन्ने अन्तिम निर्णय कसले गर्छ?,सभामुख।,विधानसभामा वा संसदको निचल्ला सदनमा विधेयकलाई पारित गरेपछि त्यस विधेयकलाई धन विधेयक हो वा होइन भन्ने अन्तिम निर्णय संसदको उच्च सदनमा वा विधानसभामा गरिन्छ।,,
FL005,Constitution & Law,Money Bill,English,"Does a Bill become a Money Bill solely because it imposes licence fees, application fees, renewal fees, fines, or imprisonment penalties?",No.,No.,,
FL005,Constitution & Law,Money Bill,Nepali,"के इजाजतपत्र शुल्क, निवेदन शुल्क, नवीकरण शुल्क, जरिवाना वा कैद सजायको व्यवस्था भएकै कारण कुनै विधेयक धन विधेयक मानिन्छ?",हुँदैन।,धन विधेयक,,
FL006,Constitution & Law,Passage of Bills,English,"Within how many days must the National Assembly return a Money Bill received from the House of Representatives with suggestions, if any?",Within fifteen days.,14 days,,
FL006,Constitution & Law,Passage of Bills,Nepali,प्रतिनिधि सभाबाट प्राप्त धन विधेयक राष्ट्रिय सभाले सुझावसहित कति दिनभित्र फिर्ता गर्नुपर्छ?,पन्ध्र दिनभित्र।,प्रतिनिधि सभाबाट प्राप्त धन विधेयक राष्ट्रिय सभाले सुझावसहित ७ दिनभित्र फिर्ता गर्नुपर्छ ।,,
FL007,Constitution & Law,Money Bill,English,What may the House of Representatives do if the National Assembly does not return a Money Bill within fifteen days?,It may present the Bill to the President for assent.,Adopt the Bill.,,
FL007,Constitution & Law,Money Bill,Nepali,राष्ट्रिय सभाले धन विधेयक पन्ध्र दिनभित्र फिर्ता नगरे प्रतिनिधि सभाले के गर्न सक्छ?,राष्ट्रपतिसमक्ष स्वीकृतिका लागि विधेयक प्रस्तुत गर्न सक्छ।,प्रतिनिधि सभाले,,
FL008,Constitution & Law,Ordinary Bills,English,Within what period must the National Assembly return a Bill other than a Money Bill received from the House of Representatives?,Within two months.,14 days,,
FL008,Constitution & Law,Ordinary Bills,Nepali,प्रतिनिधि सभाबाट प्राप्त धन विधेयक बाहेकको विधेयक राष्ट्रिय सभाले कति अवधिभित्र फिर्ता गर्नुपर्छ?,दुई महिनाभित्र।,दुई,,
FL009,Constitution & Law,Voting Procedure,English,"If the National Assembly fails to return a non-Money Bill within two months, what majority is required in the House of Representatives to present it to the President for assent?",A majority of the total number of its existing members.,Two-thirds majority.,,
FL009,Constitution & Law,Voting Procedure,Nepali,"राष्ट्रिय सभाले धन विधेयक बाहेकको विधेयक दुई महिनाभित्र फिर्ता नगरे, राष्ट्रपतिसमक्ष स्वीकृतिका लागि पठाउन प्रतिनिधि सभामा कस्तो बहुमत आवश्यक पर्छ?",प्रतिनिधि सभाका तत्काल कायम रहेका कुल सदस्य सङ्ख्याको बहुमत।,दुई तिहाई बहुमत आवश्यक पर्छ ।,,
FL010,Constitution & Law,Passage of Bills,English,Which type of Bill is excluded from the procedures under Article 111(6) regarding rejection or amendment by the other House?,A Money Bill.,Money Bill,,
FL010,Constitution & Law,Passage of Bills,Nepali,अर्को सदनबाट अस्वीकृत वा संशोधन गरिने प्रक्रियाबाट कुन प्रकारको विधेयक बाहिर राखिएको छ?,धन विधेयक।,"अर्को सदनबाट अस्वीकृत वा संशोधन गरिने प्रक्रियाबाट कुन प्रकारको विधेयक बाहिर राखिएको छ? - अस्वीकृत वा संशोधन गरिने प्रक्रियाबाट बाहिर राखिएको विधेयकलाई ""निरस्त"" विधेयक भनिन्छ।",,
FL011,Constitution & Law,Joint Sitting,English,Which House presents a Bill to the President after it is passed in a joint sitting of both Houses?,The House in which the Bill originated.,The Lok Sabha.,,
FL011,Constitution & Law,Joint Sitting,Nepali,दुवै सदनको संयुक्त बैठकबाट विधेयक पारित भएपछि राष्ट्रपतिसमक्ष कुन सदनले विधेयक प्रस्तुत गर्छ?,विधेयक प्रारम्भ भएको सदन।,संविधान सभा,,
FL012,Constitution & Law,Legislative Procedure,English,Does the prorogation of a House stop deliberations on a Bill?,No. Deliberations may continue in the succeeding session.,Yes.,,
FL012,Constitution & Law,Legislative Procedure,Nepali,कुनै सदनको अधिवेशन अन्त्य भएमा विधेयकमाथिको विचार रोकिन्छ?,रोकिँदैन। अर्को अधिवेशनमा विचार जारी रहन सक्छ।,विधानसभा,,
FL013,Constitution & Law,Legislative Procedure,English,What happens to a Bill introduced in the House of Representatives if that House is dissolved or its term expires while the Bill is under consideration?,The Bill lapses.,The Bill dies.,,
FL013,Constitution & Law,Legislative Procedure,Nepali,प्रतिनिधि सभामा प्रस्तुत गरिएको विधेयक विचाराधीन अवस्थामै प्रतिनिधि सभा विघटन भए वा कार्यकाल समाप्त भए के हुन्छ?,विधेयक निष्क्रिय (लोप) हुन्छ।,विधेयक विचाराधीन अवस्थामै प्रतिनिधि सभा विघटन भए वा कार्यकाल समाप्त भए के हुन्छ।,,
FL014,Constitution & Law,Withdrawal of Bills,English,"Who may withdraw a Bill, subject to the approval of the House?",The person who introduced the Bill.,The President,,
FL014,Constitution & Law,Withdrawal of Bills,Nepali,सदनको स्वीकृतिसहित विधेयक कसले फिर्ता लिन सक्छ?,विधेयक प्रस्तुत गर्ने व्यक्तिले।,सदनको स्वीकृतिसहित विधेयक राष्ट्रपति फिर्ता लिन सक्छ।,,
FL015,Constitution & Law,Presidential Assent,English,"Within how many days must the President give assent to a Bill submitted under Article 113, unless it is returned for reconsideration?",Within fifteen days.,14 days,,
FL015,Constitution & Law,Presidential Assent,Nepali,धारा ११३ बमोजिम पेश गरिएको विधेयकमा पुनर्विचारका लागि फिर्ता नगरिएमा राष्ट्रपतिले कति दिनभित्र स्वीकृति दिनुपर्छ?,पन्ध्र दिनभित्र।,उत्तर: २५ दिन,,
FL016,Constitution & Law,Presidential Assent,English,Can the President return a Money Bill for reconsideration?,No.,No.,,
FL016,Constitution & Law,Presidential Assent,Nepali,के राष्ट्रपतिले धन विधेयक पुनर्विचारका लागि फिर्ता पठाउन सक्छन्?,सक्दैनन्।,हो,,
FL017,Constitution & Law,Ordinance,English,Under what condition may the President promulgate an Ordinance?,"When both Houses are not in session and immediate action is necessary, on the recommendation of the Council of Ministers.",When the Parliament is not in session.,,
FL017,Constitution & Law,Ordinance,Nepali,राष्ट्रपतिले कुन अवस्थामा अध्यादेश जारी गर्न सक्छन्?,दुवै सदन अधिवेशनमा नरहेको र तत्काल कार्य गर्न आवश्यक भएको अवस्थामा मन्त्रिपरिषद्को सिफारिसमा।,राष्ट्रपतिले संसद नभएको अवस्थामा अध्यादेश जारी गर्न सक्छन् ।,,
FL018,Constitution & Law,Ordinance,English,"Unless it is earlier repealed or becomes ineffective, after how many days from the commencement of a meeting of both Houses does an Ordinance cease to be effective?",Sixty days.,30 days,,
FL018,Constitution & Law,Ordinance,Nepali,"पहिले नै खारेज वा निष्प्रभावी नभएमा, दुवै सदनको बैठक प्रारम्भ भएको दिनदेखि कति दिनपछि अध्यादेश स्वतः निष्प्रभावी हुन्छ?",साठी दिनपछि।,दुवै सदनको बैठक प्रारम्भ भएको दिनदेखि ६० दिनपछि अध्यादेश स्वतः निष्प्रभावी हुन्छ ।,,
FF001,Constitution & Law,Federal Financial Procedures,English,"According to the Constitution, can a tax be levied except in accordance with law?",No. A tax may be levied only in accordance with law.,No.,,
FF001,Constitution & Law,Federal Financial Procedures,Nepali,संविधानअनुसार कानुनबाहेक कर लगाउन सकिन्छ?,हुँदैन। कानुनबमोजिम मात्र कर लगाउन सकिन्छ।,नयाँ कर,,
FF002,Constitution & Law,Federal Financial Procedures,English,Under what legal authority may the Government of Nepal raise loans or provide guarantees?,Only as provided by Federal law.,"The Government of Nepal may raise loans or provide guarantees under the Public Finance Act, 1963, and the Public Debt Act, 1962.",,
FF002,Constitution & Law,Federal Financial Procedures,Nepali,नेपाल सरकारले ऋण उठाउन वा जमानत दिन कुन कानुनी आधार आवश्यक हुन्छ?,संघीय कानुनले व्यवस्था गरेबमोजिम मात्र।,नेपाल सरकारले ऋण उठाउन वा जमानत दिन कानुनी आधार हुन्छ- नेपाल सरकारले ऋण उठाउन वा जमानत दिन कानुनी आधार हुन्छ- नेपाल सरकारले ऋण उठाउन वा जमानत दिन कानुनी आधार हुन्छ- नेपाल सरकारले ऋण उठाउन वा जमानत दिन कानुनी आधार हुन्छ- नेपाल सरकारले ऋण उठाउन वा जमानत दिन कानुनी आधार हुन्छ- नेपाल सरकारले ऋण उठ,,
FF003,Constitution & Law,Federal Consolidated Fund,English,What is the name of the government fund into which most federal revenues are credited?,The Federal Consolidated Fund.,The Treasury General Account.,,
FF003,Constitution & Law,Federal Consolidated Fund,Nepali,अधिकांश संघीय राजस्व जम्मा हुने सरकारी कोषको नाम के हो?,संघीय सञ्चित कोष।,अधिकांश संघीय राजस्व जम्मा हुने सरकारी कोषको नाम केन्द्रीय बजेटकोष हो ।,,
FF004,Constitution & Law,Federal Consolidated Fund,English,Which type of revenue is excluded from being credited to the Federal Consolidated Fund?,Revenues of trusts (Guthi).,Interest on public debt and loans to the states.,,
FF004,Constitution & Law,Federal Consolidated Fund,Nepali,संघीय सञ्चित कोषमा जम्मा नगर्ने राजस्व कुन हो?,गुठीको राजस्व।,संघीय सञ्चित कोषमा जम्मा नगर्ने राजस्व सामान्य राजस्व हो ।,,
FF005,Constitution & Law,Federal Expenditure,English,Name one circumstance in which expenditure may legally be incurred from the Federal Consolidated Fund.,"For example, expenditure authorized under a Federal Appropriation Act.","Salaries of the President, Vice-President and Governors.",,
FF005,Constitution & Law,Federal Expenditure,Nepali,संघीय सञ्चित कोषबाट खर्च गर्न मिल्ने एउटा संवैधानिक अवस्था उल्लेख गर्नुहोस्।,"उदाहरणका लागि, संघीय विनियोजन ऐनद्वारा स्वीकृत खर्च।",संवैधानिक अवस्था - संविधानिक अवस्था १. संविधानिक अवस्था २. संविधानिक अवस्था ३. संविधानिक अवस्था ४. संविधानिक अवस्था ५. संविधानिक अवस्था,,
FF006,Constitution & Law,Federal Expenditure,English,"Which Article governs matters relating to the Federal Contingency Fund, even though Article 117 discusses expenditures?",Article 124.,Article 114,,
FF006,Constitution & Law,Federal Expenditure,Nepali,खर्चसम्बन्धी व्यवस्था Article 117 मा भए पनि संघीय आकस्मिक कोषसम्बन्धी विषय कुन धाराले नियमन गर्छ?,धारा १२४।,धारा 275,,
FF007,Constitution & Law,Charged Expenditure,English,Does expenditure charged on the Federal Consolidated Fund require approval of the Federal Parliament?,No.,Yes.,,
FF007,Constitution & Law,Charged Expenditure,Nepali,संघीय सञ्चित कोषमा भारित खर्चका लागि संघीय संसदको स्वीकृति आवश्यक हुन्छ?,हुँदैन।,नहीं,,
FF008,Constitution & Law,Charged Expenditure,English,Which constitutional office holders' remuneration is charged on the Federal Consolidated Fund under Article 118(a)?,The President and the Vice-President.,"The President, the Vice-President, the Governors, and the Speaker of the Lok Sabha.",,
FF008,Constitution & Law,Charged Expenditure,Nepali,धारा ११८(क) अनुसार संघीय सञ्चित कोषमा भारित हुने पारिश्रमिक कुन पदाधिकारीहरूको हो?,राष्ट्रपति र उपराष्ट्रपति।,"संघीय सञ्चित कोषमा भारित हुने पारिश्रमिक सांसद, उपसांसद, राष्ट्रपति र उपराष्ट्रपतिको हो ।",,
FF009,Constitution & Law,Charged Expenditure,English,Are administrative expenses of the Supreme Court charged on the Federal Consolidated Fund?,Yes.,Yes.,,
FF009,Constitution & Law,Charged Expenditure,Nepali,सर्वोच्च अदालतका प्रशासनिक खर्चहरू संघीय सञ्चित कोषमा भारित हुन्छन्?,हुन्छन्।,हो,,
FF010,Constitution & Law,Annual Budget,English,Which Minister presents the annual estimates of revenues and expenditures before the joint sitting of the Federal Parliament?,The Minister for Finance.,The Finance Minister.,,
FF010,Constitution & Law,Annual Budget,Nepali,संघीय संसदको संयुक्त बैठकमा वार्षिक आय–व्ययको अनुमान कसले पेश गर्छ?,अर्थमन्त्री।,संघीय संसदको संयुक्त बैठकमा वार्षिक आय–व्ययको अनुमान सरकारले पेश गर्छ।,,
FF011,Constitution & Law,Annual Budget,English,Before which parliamentary body are the annual estimates of revenues and expenditures presented?,The joint sitting of both Houses of the Federal Parliament.,The Lok Sabha.,,
FF011,Constitution & Law,Annual Budget,Nepali,वार्षिक आय–व्ययको अनुमान संघीय संसदको कुन निकायसमक्ष पेश गरिन्छ?,संघीय संसदका दुवै सदनको संयुक्त बैठकसमक्ष।,वार्षिक आय–व्ययको अनुमान संघीय संसदको बजेट समितिसमक्ष पेश गरिन्छ।,,
FF012,Constitution & Law,Annual Budget,English,On which date must the Minister for Finance present the annual estimates of revenues and expenditures?,On the 15th day of Jesta (mid-May).,The first day of the meeting of the Dáil (Irish parliament) following the dissolution of the previous Dáil.,,
FF012,Constitution & Law,Annual Budget,Nepali,अर्थमन्त्रीले वार्षिक आय–व्ययको अनुमान प्रत्येक वर्ष कुन मितिमा पेश गर्नुपर्छ?,प्रत्येक वर्ष जेठ १५ गते।,अर्थमन्त्रीले वार्षिक आय–व्ययको अनुमान प्रत्येक वर्ष जुलाई मितिमा पेश गर्नुपर्छ ।,,
FF013,Constitution & Law,Annual Budget,English,"Besides revenue and expenditure estimates, what additional information must accompany the annual estimate?",A statement of the previous year's ministry-wise expenses and whether the objectives of those expenditures were achieved.,"The annual estimate must be accompanied by the following additional information:

1. The total amount of the public debt
2. The total amount of the public debt to be contracted during the financial year
3. The total amount of the public debt to be redeemed during the financial year",,
FF013,Constitution & Law,Annual Budget,Nepali,आय–व्ययको अनुमानसँगै थप कुन विवरण अनिवार्य रूपमा प्रस्तुत गर्नुपर्छ?,अघिल्लो आर्थिक वर्षका मन्त्रालयगत खर्च र तिनका उद्देश्य पूरा भए वा नभएको विवरण।,"आय–व्ययको अनुमानसँगै थप कुन विवरण अनिवार्य रूपमा प्रस्तुत गर्नुपर्छ?

आय–व्ययको अनुमानसँगै थप वित्तीय विवरण अनिवार्य रूपमा प्रस्तुत गर्नुपर्छ।",,
FF014,Constitution & Law,Appropriation Act,English,In which Bill are expenditures under an Appropriation Act specified?,The Appropriation Bill.,The Bill is the Finance Bill.,,
FF014,Constitution & Law,Appropriation Act,Nepali,विनियोजन ऐनअन्तर्गतका खर्च कुन विधेयकमा उल्लेख गरिन्छ?,विनियोजन विधेयक।,विनियोजन ऐनअन्तर्गतका खर्च वित्तीय विधेयकमा उल्लेख गरिन्छ ।,,
FF015,Constitution & Law,Supplementary Estimates,English,Mention one constitutional circumstance in which the Minister for Finance may present a supplementary estimate.,"For example, when the amount authorized for a service is insufficient.",War.,,
FF015,Constitution & Law,Supplementary Estimates,Nepali,अर्थमन्त्रीले कुन अवस्थामा पूरक अनुमान पेश गर्न सक्छन्?,"उदाहरणका लागि, कुनै सेवाका लागि स्वीकृत रकम अपर्याप्त भएमा।",अर्थमन्त्रीले निरनिरंक अवस्थामा पूरक अनुमान पेश गर्न सक्छन् ।,,
FF016,Constitution & Law,Vote on Account,English,What is the maximum amount that may be authorized through a Vote on Account?,It shall not exceed one-third of the estimated expenditure for the financial year.,One-fourth of the total amount of the demand for grants for the forthcoming financial year.,,
FF016,Constitution & Law,Vote on Account,Nepali,लेखानुदानमार्फत अधिकतम कति रकम स्वीकृत गर्न सकिन्छ?,आर्थिक वर्षको अनुमानित खर्चको एक-तिहाइभन्दा बढी हुन सक्दैन।,लेखानुदानमार्फत अधिकतम ५ लाख रुपैयाँ स्वीकृत गर्न सकिन्छ ।,,
FF017,Constitution & Law,Vote on Account,English,Which constitutional document must be presented before a Vote on Account Bill can be introduced?,The annual estimates of revenues and expenditures under Article 119.,The President's Address to both Houses of Parliament.,,
FF017,Constitution & Law,Vote on Account,Nepali,लेखानुदान विधेयक पेश गर्नुअघि कुन संवैधानिक दस्तावेज अनिवार्य रूपमा पेश गरिएको हुनुपर्छ?,धारा ११९ अनुसारको वार्षिक आय–व्ययको अनुमान।,लेखानुदान विधेयक पेश गर्नुअघि संविधान सभा अनिवार्य रूपमा पेश गरिएको हुनुपर्छ।,,
FF018,Constitution & Law,Vote of Credit,English,Under what type of circumstances may a Vote of Credit Bill be introduced?,During emergencies when it is impractical or inexpedient to specify expenditure details.,"In the UK, a Vote of Credit Bill may be introduced in circumstances where the government requires the House of Commons to approve a large and unspecified expenditure, typically for military or other national security purposes, or in response to a national emergency.",,
FF018,Constitution & Law,Vote of Credit,Nepali,कस्ता परिस्थितिमा Vote of Credit विधेयक पेश गर्न सकिन्छ?,खर्चको विस्तृत विवरण दिन व्यावहारिक वा उपयुक्त नहुने आपत्कालीन अवस्थामा।,कुनै वित्तीय वर्षमा सरकारले कुनै वित्तीय व्यवस्था गर्न सकेन भने वा कुनै वित्तीय व्यवस्था गर्ने कार्यलयले कुनै वित्तीय व्यवस्था गर्न सकेन भने वा,,
FF019,Constitution & Law,Federal Contingency Fund,English,Who controls the Federal Contingency Fund?,The Government of Nepal.,"The President, with the advice and consent of Congress.",,
FF019,Constitution & Law,Federal Contingency Fund,Nepali,संघीय आकस्मिक कोषको नियन्त्रण कसको हुन्छ?,नेपाल सरकार।,संघीय आकस्मिक कोषको नियन्त्रण संसदको हुन्छ।,,
FF020,Constitution & Law,Federal Contingency Fund,English,What must happen after money is spent from the Federal Contingency Fund?,The amount must be reimbursed as soon as possible in accordance with Federal law.,Congress must be notified.,,
FF020,Constitution & Law,Federal Contingency Fund,Nepali,संघीय आकस्मिक कोषबाट खर्च भएपछि त्यस रकमबारे के गर्नुपर्छ?,संघीय कानुनबमोजिम सकेसम्म चाँडो प्रतिपूर्ति गर्नुपर्छ।,संघीय आकस्मिक कोषबाट खर्च भएपछि त्यस रकमबारे कार्यालयले विवरण दिनुपर्छ ।,,
JD001,Constitution & Law,Judiciary Structure,English,"According to the Constitution, which three courts constitute Nepal's judiciary?","Supreme Court, High Court, and District Court.","Supreme Court, Appellate Court, and District Court.",,
JD001,Constitution & Law,Judiciary Structure,Nepali,संविधानअनुसार नेपालको न्यायपालिकामा कुन तीन तहका अदालतहरू छन्?,"सर्वोच्च अदालत, उच्च अदालत र जिल्ला अदालत।","संविधानअनुसार नेपालको न्यायपालिकामा तीन तहका अदालतहरू छन्:

१. उच्च अदालत
२. अपील अदालत
३. जिल्ला अदालत",,
JD002,Constitution & Law,Judiciary Structure,English,Does the Constitution allow judicial bodies at the local level?,"Yes, judicial bodies may be formed at the local level as provided by law.",Yes.,,
JD002,Constitution & Law,Judiciary Structure,Nepali,के संविधानले स्थानीय तहमा न्यायिक निकाय गठन गर्न अनुमति दिन्छ?,"हो, कानुनबमोजिम स्थानीय तहमा न्यायिक निकाय गठन गर्न सकिन्छ।",संविधानले स्थानीय तहमा न्यायिक निकाय गठन गर्न अनुमति दिन्छ ।,,
JD003,Constitution & Law,Supreme Court,English,Which court has the final authority to interpret the Constitution and laws?,The Supreme Court.,The Supreme Court.,,
JD003,Constitution & Law,Supreme Court,Nepali,संविधान र कानुनको अन्तिम व्याख्या गर्ने अधिकार कुन अदालतलाई छ?,सर्वोच्च अदालत।,संविधान र कानुनको अन्तिम व्याख्या गर्ने अधिकार सर्वोच्च अदालतलाई छ ।,,
JD004,Constitution & Law,Supreme Court,English,"Excluding the Chief Justice, what is the maximum number of Supreme Court Judges?",Twenty.,34,,
JD004,Constitution & Law,Supreme Court,Nepali,प्रधानन्यायाधीशबाहेक सर्वोच्च अदालतमा अधिकतम कति न्यायाधीश हुन सक्छन्?,बीस।,प्रधानन्यायाधीशबाहेक सर्वोच्च अदालतमा अधिकतम ८ न्यायाधीश हुन सक्छन् ।,,
JD005,Constitution & Law,Appointment,English,Who appoints the Chief Justice?,The President on the recommendation of the Constitutional Council.,"The President of India, with the approval of the Parliament.",,
JD005,Constitution & Law,Appointment,Nepali,प्रधानन्यायाधीशलाई कसले नियुक्त गर्छ?,संवैधानिक परिषद्को सिफारिसमा राष्ट्रपतिले।,"नेपाली संविधान अनुसार, प्रधानन्यायाधीशलाई राष्ट्रपतिले नियुक्त गर्छ।",,
JD006,Constitution & Law,Appointment,English,"Which body recommends the appointment of the Chief Justice, and which body recommends Supreme Court Judges?","The Constitutional Council recommends the Chief Justice, while the Judicial Council recommends Supreme Court Judges.",The President recommends the appointment of the Chief Justice and the Supreme Court Judges.,,
JD006,Constitution & Law,Appointment,Nepali,प्रधानन्यायाधीश र सर्वोच्च अदालतका न्यायाधीश नियुक्तिका लागि सिफारिस गर्ने निकाय फरक–फरक कुन हुन्?,प्रधानन्यायाधीशका लागि संवैधानिक परिषद् र सर्वोच्च अदालतका न्यायाधीशका लागि न्याय परिषद्।,"नेपाली संविधान अनुसार, प्रधानन्यायाधीश र सर्वोच्च अदालतका न्यायाधीश नियुक्तिका लागि सिफारिस गर्ने निकाय फरक–फरक कुन हुन्?

नेपाली संविधान अनुसार, प्रधानन्यायाधीश र सर्वोच्च अदालतका न्यायाधीश नियुक्तिका लागि सिफारिस गर्ने निकाय फरक–फरक कुन हुन्?

नेपाली संविधान अनुसार, प्रधानन्यायाधीश र सर्व",,
JD007,Constitution & Law,Qualification,English,How many years must a Supreme Court Judge have served before becoming eligible for appointment as Chief Justice?,At least three years.,2,,
JD007,Constitution & Law,Qualification,Nepali,प्रधानन्यायाधीश बन्न सर्वोच्च अदालतको न्यायाधीशले कम्तीमा कति वर्ष सेवा गरेको हुनुपर्छ?,कम्तीमा तीन वर्ष।,प्रधानन्यायाधीश बन्न सर्वोच्च अदालतको न्यायाधीशले कम्तीमा ५ वर्ष सेवा गरेको हुनुपर्छ।,,
JD008,Constitution & Law,Qualification,English,Name any three alternative qualifications for appointment as a Supreme Court Judge.,"Any three among: High Court Judge for 5 years, advocate/senior advocate for 15 years, distinguished jurist for 15 years, Judicial Service first-class officer for 12 years.","Article 124(3) of the Indian Constitution does not explicitly mention alternative qualifications for appointment as a Supreme Court Judge. However, the following are the qualifications mentioned in the Article:

1. A citizen of India.
2. A judge of a High Court for at least 5 years.
3. A distinguished jurist.

Note: The above information is based on the Indian Constitution, specifically Article 124(3).",,
JD008,Constitution & Law,Qualification,Nepali,सर्वोच्च अदालतको न्यायाधीश बन्नका लागि वैकल्पिक योग्यतामध्ये कुनै तीन उल्लेख गर्नुहोस्।,संविधानमा उल्लेखित चार वैकल्पिक योग्यतामध्ये कुनै तीन।,"कुनै व्यक्ति जो न्यायाधीश होइन, तर न्यायाधीश बन्नका लागि वैकल्पिक योग्यता हुन्:

१. न्यायाधीश होइन, तर न्यायाधीश बन्नका लागि वैकल्पिक योग्यता हुन्: न्यायाधीश होइन, तर न्यायाधीश बन्नका लागि वैकल्पिक योग्यता हुन्: न्यायाधीश होइन, तर न्यायाधीश बन्नका लागि वैकल्पिक योग्यता हुन्",,
JD009,Constitution & Law,Acting Chief Justice,English,Who acts as Chief Justice if the Chief Justice is absent or the office is vacant?,The senior-most Judge of the Supreme Court.,The most senior Justice of the Supreme Court.,,
JD009,Constitution & Law,Acting Chief Justice,Nepali,प्रधानन्यायाधीश अनुपस्थित वा पद रिक्त भए कसले कार्यवाहक प्रधानन्यायाधीशको रूपमा काम गर्छ?,सर्वोच्च अदालतका वरिष्ठतम न्यायाधीश।,प्रधानन्यायाधीश अनुपस्थित वा पद रिक्त भए कार्यकारी प्रधानन्यायाधीश कार्यवाहक प्रधानन्यायाधीशको रूपमा काम गर्छ।,,
JD010,Constitution & Law,Retirement,English,At what age does a Supreme Court Judge retire?,Sixty-five years.,70,,
JD010,Constitution & Law,Retirement,Nepali,सर्वोच्च अदालतका न्यायाधीशको अनिवार्य अवकाश उमेर कति हो?,६५ वर्ष।,६५ वर्ष,,
JD011,Constitution & Law,Jurisdiction,English,Can the Supreme Court declare a law void if it is inconsistent with the Constitution?,Yes.,Yes.,,
JD011,Constitution & Law,Jurisdiction,Nepali,संविधानसँग बाझिने कानुनलाई सर्वोच्च अदालतले बदर गर्न सक्छ?,हो।,नयाँ,,
JD012,Constitution & Law,Writ Jurisdiction,English,Name any three writs that the Supreme Court may issue.,"Any three of: Habeas Corpus, Mandamus, Certiorari, Prohibition, Quo Warranto.","1. Habeas Corpus
2. Mandamus
3. Prohibition",,
JD012,Constitution & Law,Writ Jurisdiction,Nepali,सर्वोच्च अदालतले जारी गर्न सक्ने कुनै तीन रिटको नाम लेख्नुहोस्।,"हेबियस कर्पस, परमादेश, उत्प्रेषण, निषेधाज्ञा, अधिकार पृच्छामध्ये कुनै तीन।","रिटको नाम हुन्- 

१. हस्तलिखित रिट
२. सुनावणी रिट
३. संवैधानिक रिट",,
JD013,Constitution & Law,Constitutional Bench,English,How many judges constitute the Constitutional Bench?,Five judges including the Chief Justice.,5,,
JD013,Constitution & Law,Constitutional Bench,Nepali,संवैधानिक इजलासमा कति जना न्यायाधीश हुन्छन्?,प्रधानन्यायाधीशसहित पाँच जना।,संवैधानिक इजलासमा १५ जना न्यायाधीश हुन्छन् ।,,
JD014,Constitution & Law,Constitutional Bench,English,Which bench settles disputes relating to jurisdiction between the Federation and States?,The Constitutional Bench of the Supreme Court.,The Supreme Court,,
JD014,Constitution & Law,Constitutional Bench,Nepali,संघ र प्रदेशबीचको अधिकारक्षेत्रसम्बन्धी विवाद कुन इजलासले टुंग्याउँछ?,सर्वोच्च अदालतको संवैधानिक इजलास।,संघ र प्रदेशबीचको अधिकारक्षेत्रसम्बन्धी विवाद संविधान सभा इजलासले टुंग्याउँछ ।,,
JD015,Constitution & Law,High Court,English,How many High Courts are established under the Constitution?,One in each State.,21,,
JD015,Constitution & Law,High Court,Nepali,संविधानअनुसार कति उच्च अदालत रहने व्यवस्था छ?,प्रत्येक प्रदेशमा एक।,संविधानअनुसार एक उच्च अदालत रहने व्यवस्था छ।,,
JD016,Constitution & Law,Appointment,English,Who appoints the Chief Judge of a High Court?,The Chief Justice on the recommendation of the Judicial Council.,"The President of India, in consultation with the Chief Justice of India and the Governor of the state concerned.",,
JD016,Constitution & Law,Appointment,Nepali,उच्च अदालतका मुख्य न्यायाधीशलाई कसले नियुक्त गर्छ?,न्याय परिषद्को सिफारिसमा प्रधानन्यायाधीश।,उच्च अदालतका मुख्य न्यायाधीशलाई राष्ट्रपतिले नियुक्त गर्छ ।,,
JD017,Constitution & Law,Retirement,English,Compare the retirement ages of Supreme Court Judges and High Court Judges.,Supreme Court Judges retire at 65 years; High Court Judges retire at 63 years.,"The retirement age of Supreme Court Judges is 65 years, while the retirement age of High Court Judges is 62 years.",,
JD017,Constitution & Law,Retirement,Nepali,सर्वोच्च अदालत र उच्च अदालतका न्यायाधीशको अनिवार्य अवकाश उमेर तुलना गर्नुहोस्।,"सर्वोच्चका ६५ वर्ष, उच्च अदालतका ६३ वर्ष।",सर्वोच्च अदालतका न्यायाधीशको अनिवार्य अवकाश उमेर 65 वर्ष हो र उच्च अदालतका न्यायाधीशको अनिवार्य अवकाश उमेर 62 वर्ष हो।,,
JD018,Constitution & Law,District Court,English,How many District Courts are provided under the Constitution?,One in each district.,None.,,
JD018,Constitution & Law,District Court,Nepali,संविधानअनुसार कति जिल्ला अदालत रहने व्यवस्था छ?,प्रत्येक जिल्लामा एक।,संविधानअनुसार ७५ जिल्ला अदालत रहने व्यवस्था छ।,,
JD019,Constitution & Law,District Court,English,What percentage of District Judge vacancies are filled through open competition from advocates and other eligible legal professionals?,Forty percent.,"In the United Kingdom, about 20% of District Judge vacancies are filled through open competition from advocates and other eligible legal professionals.",,
JD019,Constitution & Law,District Court,Nepali,जिल्ला न्यायाधीशको रिक्त पदमध्ये वकिल तथा अन्य योग्य कानुनी पेशाकर्मीका लागि खुला प्रतिस्पर्धाबाट कति प्रतिशत पद पूर्ति हुन्छ?,४० प्रतिशत।,उत्तर: ५०%,,
JD020,Constitution & Law,Specialized Courts,English,Can a specialized court be created for a specific individual case?,No.,Yes.,,
JD020,Constitution & Law,Specialized Courts,Nepali,कुनै विशेष मुद्दाका लागि मात्र विशेष अदालत गठन गर्न मिल्छ?,मिल्दैन।,संविधान सभाको प्राविधिक संशोधनको माध्यमले विशेष अदालत गठन गर्न मिल्छ ।,,
JD021,Constitution & Law,Judicial Council,English,Who chairs the Judicial Council?,The Chief Justice.,The Chief Justice of the Supreme Court of California.,,
JD021,Constitution & Law,Judicial Council,Nepali,न्याय परिषद्को अध्यक्ष को हुन्छ?,प्रधानन्यायाधीश।,न्याय परिषद्को अध्यक्ष राष्ट्रपति हुन्छ ।,,
JD022,Constitution & Law,Judicial Council,English,How long is the term of the nominated members of the Judicial Council?,Four years.,6 years,,
JD022,Constitution & Law,Judicial Council,Nepali,न्याय परिषद्का मनोनीत सदस्यहरूको कार्यकाल कति वर्षको हुन्छ?,चार वर्ष।,न्याय परिषद्का मनोनीत सदस्यहरूको कार्यकाल ६ वर्षको हुन्छ ।,,
JD023,Constitution & Law,Judicial Service Commission,English,Who chairs the Judicial Service Commission?,The Chief Justice.,The Chief Justice of Sri Lanka.,,
JD023,Constitution & Law,Judicial Service Commission,Nepali,न्याय सेवा आयोगको अध्यक्ष को हुन्छ?,प्रधानन्यायाधीश।,न्याय सेवा आयोगको अध्यक्ष भारतका राष्ट्रपति हुन्छ ।,,
JD024,Constitution & Law,Retirement of Judges,English,"A Supreme Court Judge and a High Court Judge are both 64 years old. According to the Constitution, which judge must retire first?","The High Court Judge must retire first because the retirement age is 63 years, whereas Supreme Court Judges retire at 65 years.",The Supreme Court Judge must retire first.,,
JD024,Constitution & Law,Retirement of Judges,Nepali,सर्वोच्च अदालतका एक न्यायाधीश र उच्च अदालतका एक न्यायाधीश दुवै ६४ वर्षका छन्। संविधानअनुसार पहिले कसले अवकाश लिनुपर्छ?,"उच्च अदालतका न्यायाधीशले पहिले अवकाश लिनुपर्छ, किनकि उच्च अदालतको अवकाश उमेर ६३ वर्ष हो भने सर्वोच्च अदालतका न्यायाधीशको ६५ वर्ष हो।",सर्वोच्च अदालतका न्यायाधीश,,
JD025,Constitution & Law,Constitutional Jurisdiction,English,"Although both the Supreme Court and High Courts may issue constitutional writs, which court has the final authority to interpret the Constitution?",The Supreme Court has the final authority to interpret the Constitution.,The Supreme Court.,,
JD025,Constitution & Law,Constitutional Jurisdiction,Nepali,सर्वोच्च अदालत र उच्च अदालत दुवैले संवैधानिक रिट जारी गर्न सक्ने भए पनि संविधानको अन्तिम व्याख्या गर्ने अधिकार कुन अदालतलाई छ?,संविधानको अन्तिम व्याख्या गर्ने अधिकार सर्वोच्च अदालतलाई छ।,सर्वोच्च अदालतलाई,,
JD026,Constitution & Law,Judicial Hierarchy,English,"Are all courts and judicial bodies in Nepal subordinate to the Supreme Court? If not, what constitutional qualification applies?","Yes, except where otherwise provided by the Constitution.","Yes, all courts and judicial bodies in Nepal are subordinate to the Supreme Court.",,
JD026,Constitution & Law,Judicial Hierarchy,Nepali,के नेपालका सबै अदालत तथा न्यायिक निकाय सर्वोच्च अदालतअन्तर्गत हुन्छन्? यदि होइन भने संविधानले के अपवाद राखेको छ?,"हो, तर संविधानले अन्यथा व्यवस्था गरेको अवस्थामा अपवाद लागू हुन्छ।",हो,,
JD027,Constitution & Law,Judicial Review,English,"Can the Supreme Court declare a law void from the beginning of its existence, or only from the date of its judgment?",It may declare the law void either ab initio or from the date of its decision.,Only from the date of its judgment.,,
JD027,Constitution & Law,Judicial Review,Nepali,"के सर्वोच्च अदालतले कुनै कानुनलाई प्रारम्भदेखि नै बदर गर्न सक्छ, वा निर्णय भएको मितिदेखि मात्र?",सर्वोच्च अदालतले कानुनलाई प्रारम्भदेखि नै वा आफ्नो निर्णय भएको मितिदेखि बदर गर्न सक्छ।,निर्णय भएको मितिदेखि मात्र ।,,
JD028,Constitution & Law,Constitutional Bench,English,Which body settles disputes regarding the disqualification of members of the Federal Parliament: the full Supreme Court or the Constitutional Bench?,The Constitutional Bench.,The full Supreme Court.,,
JD028,Constitution & Law,Constitutional Bench,Nepali,संघीय संसदका सदस्यको अयोग्यतासम्बन्धी विवाद सर्वोच्च अदालतको पूर्ण इजलासले टुंग्याउँछ वा संवैधानिक इजलासले?,संवैधानिक इजलास।,संवैधानिक इजलासले,,
JD029,Constitution & Law,Specialized Courts,English,Can a specialized court be established to hear only one specific case?,No. The Constitution expressly prohibits creating a specialized court for a specific case.,Yes.,,
JD029,Constitution & Law,Specialized Courts,Nepali,कुनै एउटा विशेष मुद्दा सुनुवाइ गर्न मात्रै विशेष अदालत स्थापना गर्न मिल्छ?,मिल्दैन। संविधानले कुनै विशेष मुद्दाका लागि मात्र विशेष अदालत गठन गर्न निषेध गरेको छ।,हो कि,,
JD030,Constitution & Law,Judicial Council,English,Which member of the Judicial Council is nominated on the recommendation of the Nepal Bar Association?,A senior advocate or advocate with at least twenty years of experience.,The Chief Justice of Nepal.,,
JD030,Constitution & Law,Judicial Council,Nepali,न्याय परिषद्मा नेपाल बार एसोसिएसनको सिफारिसमा नियुक्त हुने सदस्य को हुन्?,कम्तीमा बीस वर्ष अनुभव भएका वरिष्ठ अधिवक्ता वा अधिवक्ता।,न्याय परिषद्मा नेपाल बार एसोसिएसनको सिफारिसमा नियुक्त हुने सदस्य न्यायाधीश हुन्।,,
JD031,Constitution & Law,District Court,English,"What proportion of vacant District Judge posts is filled through seniority, and what proportion through open competitive examination?","20% through seniority, 80% through open competitive examination (40% Judicial Service officers and 40% advocates/other eligible candidates).",I'm unable to verify the proportion of vacant District Judge posts that are filled through seniority and open competitive examination.,,
JD031,Constitution & Law,District Court,Nepali,जिल्ला न्यायाधीशका रिक्त पदमध्ये कति प्रतिशत वरिष्ठताका आधारमा र कति प्रतिशत खुला प्रतिस्पर्धाबाट पूर्ति गरिन्छ?,२०% वरिष्ठताका आधारमा र ८०% खुला प्रतिस्पर्धाबाट (४०% न्याय सेवा र ४०% अन्य योग्य उम्मेदवार)।,उत्तर: ३० प्रतिशत वरिष्ठताका आधारमा र ७० प्रतिशत खुला प्रतिस्पर्धाबाट पूर्ति गरिन्छ ।,,
JD032,Constitution & Law,Retirement After Office,English,"After retirement, may a former Supreme Court Judge and a former High Court Judge both practice law? Compare their constitutional positions.","A retired Supreme Court Judge may not practice law, mediation, or arbitration before any office or court, whereas a retired High Court Judge may practice before the Supreme Court and other High Courts except the High Court where they served.","Yes, both a former Supreme Court Judge and a former High Court Judge can practice law after retirement.

A former Supreme Court Judge can practice law as a senior advocate, as per Article 126(3) of the Indian Constitution, which states that a judge of the Supreme Court shall, on ceasing to be a judge, be eligible for appointment as a judge of a High Court or as a judge of the Supreme Court, and shall also be eligible for appointment as a president or member of any tribunal or any other office.

A former High Court Judge can also practice law as a senior advocate, as per Article 217(2) of the Indian Constitution, which states that a judge of a High Court shall, on ceasing to be a judge",,
JD032,Constitution & Law,Retirement After Office,Nepali,अवकाशपछि पूर्व सर्वोच्च अदालतका न्यायाधीश र पूर्व उच्च अदालतका न्यायाधीश दुवैले वकालत गर्न पाउँछन्? उनीहरूको संवैधानिक व्यवस्था तुलना गर्नुहोस्।,"पूर्व सर्वोच्च अदालतका न्यायाधीशले कुनै अदालत वा निकायमा वकालत, मध्यस्थता वा मध्यनिर्णय गर्न पाउँदैनन्, तर पूर्व उच्च अदालतका न्यायाधीशले आफू कार्यरत रहेको उच्च अदालतबाहेक सर्वोच्च तथा अन्य उच्च अदालतमा वकालत गर्न सक्छन्।","अवकाशपछि पूर्व सर्वोच्च अदालतका न्यायाधीश र पूर्व उच्च अदालतका न्यायाधीश दुवैले वकालत गर्न पाउँछन्। तर, उनीहरूको संवैधानिक व्यवस्था भिन्न हुन्छ।

पूर्व सर्वोच्च अदालतका न्यायाधीशले अवकाशपछि वकालत गर्न पाउँछन् तर, उनीहरूको संवैधानिक व्यवस्था अनुसार, उनीहरूले न्यायाधीशको पद छोडेर न्य",,
AG001,Constitution & Law,Appointment,English,Who appoints the Attorney General of Nepal?,The President appoints the Attorney General on the recommendation of the Prime Minister.,"The President of Nepal, on the recommendation of the Prime Minister.",,
AG001,Constitution & Law,Appointment,Nepali,नेपालको महान्यायाधिवक्तालाई कसले नियुक्त गर्छ?,प्रधानमन्त्रीको सिफारिसमा राष्ट्रपतिले महान्यायाधिवक्ता नियुक्त गर्छन्।,नेपालको महान्यायाधिवक्तालाई नेपालको राष्ट्रपतिले नियुक्त गर्छ ।,,
AG002,Constitution & Law,Appointment,English,Compare the appointment process of the Attorney General and the Chief Attorney.,"The Attorney General is appointed by the President on the recommendation of the Prime Minister, whereas the Chief Attorney is appointed by the Chief of State on the recommendation of the concerned Chief Minister.","The Attorney General is appointed by the President and confirmed by the Senate, as specified in Article II, Section 2 of the US Constitution.

The Chief Attorney, also known as the Solicitor General, is appointed by the President and confirmed by the Senate, similar to the Attorney General.",,
AG002,Constitution & Law,Appointment,Nepali,महान्यायाधिवक्ता र मुख्य न्यायाधिवक्ताको नियुक्ति प्रक्रिया तुलना गर्नुहोस्।,महान्यायाधिवक्ता प्रधानमन्त्रीको सिफारिसमा राष्ट्रपतिले नियुक्त गर्छन् भने मुख्य न्यायाधिवक्तालाई सम्बन्धित मुख्यमन्त्रीको सिफारिसमा प्रदेश प्रमुखले नियुक्त गर्छन्।,"महान्यायाधिवक्ता र मुख्य न्यायाधिवक्ताको नियुक्ति प्रक्रिया तुलना गर्दा दुवै नियुक्ति प्रक्रिया संविधान अन्तर्गत निर्धारित छन्।

महान्यायाधिवक्ताको नियुक्ति प्रक्रिया:

*   संविधान अनुसार महान्यायाधिवक्ताको नियुक्ति संविधान सभा द्वारा गरिन्छ।
*   महान्यायाधिवक्ताको नियुक्ति प्रक्रिया संव",,
AG003,Constitution & Law,Qualification,English,What qualifications are required for appointment as the Attorney General and the Chief Attorney?,"The Attorney General must be qualified to become a Supreme Court Judge, while the Chief Attorney must be qualified to become a High Court Judge.","The qualifications for appointment as the Attorney General and the Chief Attorney in South Africa are:

* For the Attorney General:
	+ A degree in law (LL.B or BProc) from a recognized university
	+ At least 10 years of experience as an advocate of the Supreme Court of South Africa
	+ Appointment by the President, on the recommendation of the Minister of Justice and Constitutional Development
* For the Chief State Advocate (Chief Attorney):
	+ A degree in law (LL.B or BProc) from a recognized university
	+ At least 10 years of experience as an advocate of the Supreme Court of South Africa
	+ Appointment by the President, on the recommendation of the Minister of Justice and Constitutional Development",,
AG003,Constitution & Law,Qualification,Nepali,महान्यायाधिवक्ता र मुख्य न्यायाधिवक्ता बन्न कस्तो योग्यता आवश्यक हुन्छ?,महान्यायाधिवक्ता सर्वोच्च अदालतको न्यायाधीश बन्न योग्य हुनुपर्छ भने मुख्य न्यायाधिवक्ता उच्च अदालतको न्यायाधीश बन्न योग्य हुनुपर्छ।,"संविधान अनुसार, महान्यायाधिवक्ता र मुख्य न्यायाधिवक्ता बन्न कस्तो योग्यता आवश्यक हुन्छ:

*   न्यायाधिवक्ता हुने पूर्वी योग्यता
*   न्यायाधिवक्ता हुने पूर्वी 10 वर्ष पूरा गरेको हुनु आवश्यक छ।
*   न्यायाधिवक्ता हुने पूर्वी न्यायाधिवक्ता परीक्षामा उत्तीर्ण हुनु आवश्यक छ।",,
AG004,Constitution & Law,Tenure,English,During whose pleasure does the Attorney General hold office?,During the pleasure of the Prime Minister.,The President,,
AG004,Constitution & Law,Tenure,Nepali,महान्यायाधिवक्ता कसको इच्छासम्म पदमा रहन्छ?,प्रधानमन्त्रीको इच्छासम्म।,"महान्यायाधिवक्ता कसको इच्छासम्म पदमा रहन्छ, त्यो नेपाल सरकारमा रहन्छ।",,
AG005,Constitution & Law,Legal Advisory,English,Who is the chief legal advisor to the Government of Nepal?,The Attorney General.,The Attorney General of Nepal.,,
AG005,Constitution & Law,Legal Advisory,Nepali,नेपाल सरकारको प्रमुख कानुनी सल्लाहकार को हो?,महान्यायाधिवक्ता।,नेपाल सरकारको प्रमुख कानुनी सल्लाहकार न्यायाधीश हो ।,,
AG006,Constitution & Law,Powers,English,"Before a case filed on behalf of the Government of Nepal can be withdrawn, whose opinion must be obtained?",The opinion of the Attorney General.,The Attorney General of Nepal.,,
AG006,Constitution & Law,Powers,Nepali,नेपाल सरकारको तर्फबाट दायर गरिएको मुद्दा फिर्ता लिनुअघि कसको राय लिन अनिवार्य हुन्छ?,महान्यायाधिवक्ताको राय।,नेपाल सरकारको तर्फबाट दायर गरिएको मुद्दा फिर्ता लिनुअघि न्यायाधीशको राय लिन अनिवार्य हुन्छ।,,
AG007,Constitution & Law,Representation,English,"Who represents the Government of Nepal in lawsuits involving its rights, interests, or concerns?",The Attorney General or government attorneys subordinate to the Attorney General.,The Attorney General of Nepal.,,
AG007,Constitution & Law,Representation,Nepali,"नेपाल सरकारको हक, हित वा सरोकार भएका मुद्दामा सरकारको प्रतिनिधित्व कसले गर्छ?",महान्यायाधिवक्ता वा उहाँअन्तर्गतका सरकारी वकिलहरूले।,"नेपाल सरकारको हक, हित वा सरोकार भएका मुद्दामा सरकारको प्रतिनिधित्व प्रधानमन्त्री वा उपप्रधानमन्त्री गर्छ।",,
AG008,Constitution & Law,Constitutional Powers,English,"Does the Attorney General have the constitutional right to appear before any court, office, or authority in Nepal while performing official duties?","Yes. While performing official duties, the Attorney General has the right to appear before any court, office, or authority in Nepal.",Yes.,,
AG008,Constitution & Law,Constitutional Powers,Nepali,"आफ्नो कर्तव्य निर्वाह गर्ने क्रममा महान्यायाधिवक्तालाई नेपालका कुनै पनि अदालत, कार्यालय वा निकायमा उपस्थित हुने संवैधानिक अधिकार छ?","छ। आफ्नो कर्तव्य निर्वाह गर्ने क्रममा महान्यायाधिवक्तालाई नेपालका कुनै पनि अदालत, कार्यालय वा निकायमा उपस्थित हुने अधिकार हुन्छ।","नेपाल सरकारद्वारा नियुक्त महान्यायाधिवक्तालाई नेपालका कुनै पनि अदालत, कार्यालय वा निकायमा उपस्थित हुने संवैधानिक अधिकार छ।",,
AG009,Constitution & Law,Human Rights,English,What action may the Attorney General take if a complaint alleges that a person in custody has not been treated humanely?,The Attorney General may inquire into the matter and issue necessary directions to the concerned authority to prevent such acts.,"The Attorney General may investigate the complaint and, if necessary, take action to ensure the person is treated humanely, which may include filing a petition for a writ of habeas corpus.",,
AG009,Constitution & Law,Human Rights,Nepali,हिरासतमा रहेको व्यक्तिलाई मानवीय व्यवहार नगरिएको भन्ने उजुरी आएमा महान्यायाधिवक्ताले के गर्न सक्छन्?,महान्यायाधिवक्ताले अनुसन्धान गरी त्यस्ता कार्य रोक्न सम्बन्धित निकायलाई आवश्यक निर्देशन दिन सक्छन्।,महान्यायाधिवक्ताले उजुरी पाएमा हिरासतमा रहेको व्यक्तिलाई मानवीय व्यवहार नगरिएको भन्ने कार्यवाही गर्न सक्छन् ।,,
AG010,Constitution & Law,Annual Report,English,To whom does the Attorney General submit the annual report?,"The President, who lays it before the Federal Parliament through the Prime Minister.",The President of India,,
AG010,Constitution & Law,Annual Report,Nepali,महान्यायाधिवक्ताले वार्षिक प्रतिवेदन कसलाई बुझाउँछन्?,"राष्ट्रपतिलाई, जसले प्रधानमन्त्रीमार्फत संघीय संसदमा पेश गराउँछन्।",नेपाली संसदलाई,,
AG011,Constitution & Law,State Attorney,English,Compare the chief legal advisors of the Federal Government and the State Government.,"The Attorney General is the chief legal advisor to the Government of Nepal, whereas the Chief Attorney is the chief legal advisor to the State Government.","The chief legal advisors of the Federal Government and the State Government are:

**Federal Government:** The Attorney General of the United States

**State Government:** The Attorney General of the State (varies by state)",,
AG011,Constitution & Law,State Attorney,Nepali,संघीय सरकार र प्रदेश सरकारका प्रमुख कानुनी सल्लाहकारको तुलना गर्नुहोस्।,महान्यायाधिवक्ता नेपाल सरकारका प्रमुख कानुनी सल्लाहकार हुन् भने मुख्य न्यायाधिवक्ता प्रदेश सरकारका प्रमुख कानुनी सल्लाहकार हुन्।,"संघीय सरकार र प्रदेश सरकारका प्रमुख कानुनी सल्लाहकार दोनै कानुनी सल्लाहकार हुन्, तर संघीय सरकारका प्रमुख कानुनी सल्लाहकारलाई प्रधान न्यायाधिश भनिन्छ र प्रदेश सरकारका प्रमुख कानुनी सल्लाहकारलाई प्रदेश न्यायाधिश भनिन्छ।",,
AG012,Constitution & Law,Administrative Structure,English,Is the Office of the Chief Attorney administratively independent of the Office of the Attorney General?,No. The Office of the Attorney General manages the employees under the Office of the Chief Attorney.,Yes.,,
AG012,Constitution & Law,Administrative Structure,Nepali,के मुख्य न्यायाधिवक्ताको कार्यालय प्रशासनिक रूपमा महान्यायाधिवक्ताको कार्यालयबाट स्वतन्त्र हुन्छ?,हुँदैन। मुख्य न्यायाधिवक्ताको कार्यालयका कर्मचारीको व्यवस्थापन महान्यायाधिवक्ताको कार्यालयले गर्छ।,हो,,
FE071,Constitution & Law,State Executive,English,In whom is the executive power of a State vested?,The State Council of Ministers.,The Governor.,,
FE071,Constitution & Law,State Executive,Nepali,राज्यको कार्यकारी शक्ति कसमा निहित हुन्छ?,प्रदेश मन्त्रिपरिषद्।,राज्यको कार्यकारी शक्ति संविधानमा निहित हुन्छ ।,,
FE072,Constitution & Law,State Executive,English,In whose name are all State executive functions performed?,In the name of the State Government.,The Governor,,
FE072,Constitution & Law,State Executive,Nepali,सबै प्रदेश कार्यकारी कार्यहरू कसको नाममा सम्पन्न गरिन्छन्?,प्रदेश सरकारको नाममा।,मुख्यमन्त्रीको नाममा,,
FE073,Constitution & Law,Chief of State,English,Who appoints the Chief of State?,The President.,"The head of state of a country, typically the President or monarch, appoints their own successor, but in some cases, the appointment is made by a separate entity, such as:

* In a parliamentary system, the head of state (e.g. President or Governor-General) is often appointed by the head of government (e.g. Prime Minister) or the legislature.
* In a constitutional monarchy, the monarch's successor is typically determined by a set of rules and precedents, and may be appointed by the monarch themselves or by a council of nobles.
* In some countries, the head of state is elected by the people or by a separate electoral college.

However, if you're asking about the appointment of the Chief of State in a",,
FE073,Constitution & Law,Chief of State,Nepali,प्रदेश प्रमुखको नियुक्ति कसले गर्छ?,राष्ट्रपति।,प्रदेश प्रमुखको नियुक्ति राष्ट्रपति गर्छ।,,
FE074,Constitution & Law,Chief of State,English,What is the normal term of office of a Chief of State?,Five years.,Varies by country and office.,,
FE074,Constitution & Law,Chief of State,Nepali,प्रदेश प्रमुखको सामान्य कार्यकाल कति हुन्छ?,पाँच वर्ष।,प्रदेश प्रमुखको सामान्य कार्यकाल ५ वर्ष हुन्छ ।,,
FE075,Constitution & Law,Chief of State,English,What is the minimum age required to become a Chief of State?,Thirty-five years.,"There is no universally applicable minimum age requirement to become a Chief of State, as it varies by country and jurisdiction.",,
FE075,Constitution & Law,Chief of State,Nepali,प्रदेश प्रमुख हुन न्यूनतम उमेर कति हुनुपर्छ?,पैंतीस वर्ष।,उत्तर: ३५ वर्ष,,
FE076,Constitution & Law,Chief of State,English,Before whom does the Chief of State take the oath of office and secrecy?,The President.,The President of the Senate.,,
FE076,Constitution & Law,Chief of State,Nepali,प्रदेश प्रमुखले पद तथा गोपनीयताको शपथ कसको समक्ष लिन्छन्?,राष्ट्रपति।,नेपाली संविधान अनुसार प्रदेश प्रमुखले पद तथा गोपनीयताको शपथ नेपाली संविधानको प्रति समक्ष लिन्छन्।,,
FE077,Constitution & Law,Chief Minister Appointment,English,Who is appointed Chief Minister when one party commands a majority in the State Assembly?,The leader of the parliamentary party commanding the majority.,The leader of the party that commands a majority in the State Assembly is appointed Chief Minister.,,
FE077,Constitution & Law,Chief Minister Appointment,Nepali,प्रदेश सभामा कुनै दलको स्पष्ट बहुमत भएमा कसलाई मुख्यमन्त्री नियुक्त गरिन्छ?,बहुमत प्राप्त संसदीय दलको नेता।,प्रदेश सभामा कुनै दलको स्पष्ट बहुमत भएमा त्यस दलका नेतालाई मुख्यमन्त्री नियुक्त गरिन्छ।,,
FE078,Constitution & Law,Chief Minister Appointment,English,Who may be appointed Chief Minister if no party has a clear majority in the State Assembly?,A member who can command a majority with the support of two or more parties.,"The Governor may appoint a Chief Minister from among the members of the State Assembly who, in his opinion, is likely to command a majority in the Assembly.",,
FE078,Constitution & Law,Chief Minister Appointment,Nepali,प्रदेश सभामा कुनै दलको स्पष्ट बहुमत नभएमा कसलाई मुख्यमन्त्री नियुक्त गर्न सकिन्छ?,दुई वा दुईभन्दा बढी दलको समर्थनबाट बहुमत प्राप्त गर्न सक्ने प्रदेश सभा सदस्य।,प्रदेश सभामा कुनै दलको स्पष्ट बहुमत नभएमा सर्वाधिक पार्टी नेतालाई मुख्यमन्त्री नियुक्त गर्न सकिन्छ।,,
FE079,Constitution & Law,Vote of Confidence,English,Within how many days must a Chief Minister appointed under Article 168(2) or 168(3) obtain a vote of confidence?,Within thirty days of appointment.,7 days,,
FE079,Constitution & Law,Vote of Confidence,Nepali,धारा १६८(२) वा (३) अन्तर्गत नियुक्त मुख्यमन्त्रीले कति दिनभित्र विश्वासको मत लिनुपर्छ?,नियुक्तिको तीस दिनभित्र।,उत्तर: ७ दिन,,
FE080,Constitution & Law,State Assembly,English,Within how many days must the Chief Minister appointment process be completed after the final election results?,Within thirty-five days.,6,,
FE080,Constitution & Law,State Assembly,Nepali,अन्तिम निर्वाचन परिणाम घोषणा भएपछि मुख्यमन्त्री नियुक्ति प्रक्रिया कति दिनभित्र पूरा हुनुपर्छ?,पैंतीस दिनभित्र।,अन्तिम निर्वाचन परिणाम घोषणा भएपछि मुख्यमन्त्री नियुक्ति प्रक्रिया १४ दिनभित्र पूरा हुनुपर्छ ।,,
FE081,Constitution & Law,State Council of Ministers,English,What is the maximum size of the State Council of Ministers?,Twenty percent of the total number of members of the State Assembly.,15,,
FE081,Constitution & Law,State Council of Ministers,Nepali,प्रदेश मन्त्रिपरिषद्को अधिकतम आकार कति हुन सक्छ?,प्रदेश सभाका कुल सदस्य संख्याको बीस प्रतिशत।,प्रदेश मन्त्रिपरिषद्को अधिकतम आकार १५ हुन सक्छ ।,,
FE082,Constitution & Law,Council of Ministers,English,"Under Article 168, what does the term ""Minister"" include?","Minister, Minister of State, and Assistant Minister.","The term ""Minister"" includes the Prime Minister.",,
FE082,Constitution & Law,Council of Ministers,Nepali,"धारा १६८ अनुसार ""मन्त्री"" भन्नाले कसलाई जनाउँछ?","मन्त्री, राज्यमन्त्री र सहायक मन्त्री।",उत्तर: कुनै पनि राज्य को कार्यकारी विभागको प्रमुख को भनिने ।,,
FE083,Constitution & Law,Chief Minister,English,To whom is the State Council of Ministers collectively responsible?,The State Assembly.,The Lok Sabha (House of the People),,
FE083,Constitution & Law,Chief Minister,Nepali,प्रदेश मन्त्रिपरिषद् सामूहिक रूपमा कसप्रति उत्तरदायी हुन्छ?,प्रदेश सभा।,प्रदेश मन्त्रिपरिषद् सामूहिक रूपमा प्रदेश व्यवस्थापक प्रति उत्तरदायी हुन्छ।,,
FE084,Constitution & Law,Chief Minister,English,To whom does the Chief Minister submit a written resignation?,The Chief of State.,The Governor.,,
FE084,Constitution & Law,Chief Minister,Nepali,मुख्यमन्त्रीले लिखित राजीनामा कसलाई दिन्छन्?,प्रदेश प्रमुख।,मुख्यमन्त्रीले लिखित राजीनामा प्रधानमन्त्रीलाई दिन्छन् ।,,
FE085,Constitution & Law,Ministers,English,To whom does a Minister submit a written resignation?,The Chief Minister.,The President,,
FE085,Constitution & Law,Ministers,Nepali,मन्त्रीले लिखित राजीनामा कसलाई दिन्छन्?,मुख्यमन्त्री।,मन्त्रीले लिखित राजीनामा प्रधानमन्त्रीलाई दिन्छन् ।,,
FE086,Constitution & Law,Council Continuity,English,Who acts as Chief Minister if the Chief Minister dies before a new one is appointed?,The senior-most Minister.,The Governor of the state acts as Chief Minister until a new Chief Minister is appointed.,,
FE086,Constitution & Law,Council Continuity,Nepali,नयाँ मुख्यमन्त्री नियुक्त नभएसम्म मुख्यमन्त्रीको मृत्यु भए कसले कार्यवाहक मुख्यमन्त्रीको रूपमा काम गर्छ?,सबैभन्दा वरिष्ठ मन्त्री।,"नयाँ मुख्यमन्त्री नियुक्त नभएसम्म मुख्यमन्त्रीको मृत्यु भए कसले कार्यवाहक मुख्यमन्त्रीको रूपमा काम गर्छ, त्यस कार्यवाहक मुख्यमन्त्री हुन्छ।",,
FE087,Constitution & Law,Non-member Minister,English,Within how many months must a non-member appointed as Minister become a member of the State Assembly?,Within six months.,6,,
FE087,Constitution & Law,Non-member Minister,Nepali,प्रदेश सभाको सदस्य नभएको मन्त्री नियुक्त भएको व्यक्तिले कति महिनाभित्र प्रदेश सभा सदस्य बन्नुपर्छ?,छ महिनाभित्र।,६ महिना,,
FE088,Constitution & Law,Non-member Minister,English,Can a person defeated in the current State Assembly election be appointed as a Minister under Article 170(1)?,No. A defeated candidate is not eligible during the term of that State Assembly.,No,,
FE088,Constitution & Law,Non-member Minister,Nepali,वर्तमान प्रदेश सभा निर्वाचनमा पराजित व्यक्ति धारा १७०(१) अन्तर्गत मन्त्री नियुक्त हुन सक्छ?,हुँदैन। त्यस्तो व्यक्ति उक्त प्रदेश सभाको कार्यकालभर मन्त्री नियुक्त हुन योग्य हुँदैन।,नयाँ,,
FE089,Constitution & Law,Oath of Office,English,"Before whom do the Chief Minister and Ministers take the oath, and before whom do Ministers of State and Assistant Ministers take the oath?","The Chief Minister and Ministers take the oath before the Chief of State, while Ministers of State and Assistant Ministers take the oath before the Chief Minister.",The Governor.,,
FE089,Constitution & Law,Oath of Office,Nepali,मुख्यमन्त्री तथा मन्त्रीहरूले कसको समक्ष शपथ लिन्छन् र राज्यमन्त्री तथा सहायक मन्त्रीहरूले कसको समक्ष शपथ लिन्छन्?,मुख्यमन्त्री तथा मन्त्रीहरूले प्रदेश प्रमुखसमक्ष शपथ लिन्छन् भने राज्यमन्त्री तथा सहायक मन्त्रीहरूले मुख्यमन्त्रीसमक्ष शपथ लिन्छन्।,मुख्यमन्त्री तथा मन्त्रीहरूले राष्ट्रपति समक्ष शपथ लिन्छन् र राज्यमन्त्री तथा सहायक मन्त्रीहरूले मुख्यमन्त्री समक्ष शपथ लिन्छन् ।,,
FE090,Constitution & Law,Chief Minister Duties,English,Which constitutional authority must the Chief Minister keep informed about resolutions of the State Council of Ministers?,The Chief of State.,The Governor,,
FE090,Constitution & Law,Chief Minister Duties,Nepali,प्रदेश मन्त्रिपरिषद्का निर्णयबारे मुख्यमन्त्रीले कसलाई जानकारी गराउनुपर्छ?,प्रदेश प्रमुख।,मुख्यमन्त्रीको निर्णयबारे प्रदेश मन्त्रिपरिषद्का सदस्यलाई जानकारी गराउनुपर्छ ।,,
FE091,Constitution & Law,Chief Minister Duties,English,Name any two matters that the Chief Minister must inform the Chief of State about.,"Any two of: resolutions of the State Council of Ministers, Bills to be introduced in the State Assembly, information requested by the Chief of State, or the current general state of affairs of the State.","The Chief Minister must inform the Chief of State about:

1. Dissolution of the Legislative Assembly
2. Proclamation of a state of emergency",,
FE091,Constitution & Law,Chief Minister Duties,Nepali,मुख्यमन्त्रीले प्रदेश प्रमुखलाई जानकारी गराउनुपर्ने कुनै दुई विषय उल्लेख गर्नुहोस्।,"प्रदेश मन्त्रिपरिषद्का निर्णय, प्रदेश सभामा पेश हुने विधेयक, प्रदेश प्रमुखले मागेको जानकारी, वा प्रदेशको वर्तमान सामान्य अवस्था मध्ये कुनै दुई।","मुख्यमन्त्रीले प्रदेश प्रमुखलाई जानकारी गराउनुपर्ने दुई विषय हुन्-

१. संविधान अनुसार
२. संविधान अनुसार",,
FE092,Constitution & Law,Government Procedure,English,"According to the Constitution, who approves the rules governing the allocation and transaction of business of the State Government?",The State Government.,The Governor,,
FE092,Constitution & Law,Government Procedure,Nepali,प्रदेश सरकारको कार्य विभाजन तथा सञ्चालनसम्बन्धी नियम कसले स्वीकृत गर्छ?,प्रदेश सरकार।,"प्रदेश सरकारको कार्य विभाजन तथा सञ्चालनसम्बन्धी नियम प्रदेश सरकार नियम, २०७४ स्वीकृत गर्छ ।",,
FE093,Constitution & Law,Government Procedure,English,Can a court question whether the rules regarding the transaction of business of the State Government have been observed?,No. Courts cannot question whether those rules have been observed.,Yes.,,
FE093,Constitution & Law,Government Procedure,Nepali,प्रदेश सरकारको कार्य सञ्चालनसम्बन्धी नियम पालना भए वा नभएको विषयमा अदालतले प्रश्न उठाउन सक्छ?,सक्दैन। अदालतले त्यस्ता नियम पालना भए वा नभएको विषयमा प्रश्न उठाउन सक्दैन।,नयाँ,,
FE094,Constitution & Law,Chief of State,English,"If the office of the Chief of State becomes vacant, who may be designated to act for that State?",The Chief of State of another State may be designated by the President.,The President of the Security Council.,,
FE094,Constitution & Law,Chief of State,Nepali,प्रदेश प्रमुखको पद रिक्त भए कसलाई सो प्रदेशको कार्यवाहक प्रदेश प्रमुख तोकिन सक्छ?,राष्ट्रपतिले अर्को प्रदेशका प्रदेश प्रमुखलाई कार्यवाहकका रूपमा तोक्न सक्छन्।,प्रदेश प्रमुखको पद रिक्त भए कोभने सो प्रदेशको कार्यवाहक प्रदेश प्रमुख तोकिन सक्छ।,,
FE095,Constitution & Law,Chief of State,English,"Who appoints the Chief of State, and on whose recommendation are most of the Chief of State's constitutional functions exercised?","The President appoints the Chief of State, and most functions are exercised on the recommendation and with the consent of the State Council of Ministers submitted through the Chief Minister.",The President of the country.,,
FE095,Constitution & Law,Chief of State,Nepali,प्रदेश प्रमुखको नियुक्ति कसले गर्छ र प्रदेश प्रमुखका अधिकांश संवैधानिक कार्य कसको सिफारिसमा गरिन्छन्?,"राष्ट्रपतिले प्रदेश प्रमुख नियुक्त गर्छन्, र अधिकांश कार्य मुख्यमन्त्रीमार्फत आएको प्रदेश मन्त्रिपरिषद्को सिफारिस तथा सहमतिमा गरिन्छ।",प्रदेश प्रमुखको नियुक्ति राष्ट्रपति गर्छ र प्रदेश प्रमुखका अधिकांश संवैधानिक कार्य प्रधानमन्त्रीको सिफारिसमा गरिन्छन्।,,
SL001,Constitution & Law,State Legislature,English,What is the structure of the legislature of a State under the Constitution?,Unicameral.,"The structure of the legislature of a State under the Constitution is a bicameral legislature, consisting of:

1. A Legislative Council (upper house)
2. A Legislative Assembly (lower house)",,
SL001,Constitution & Law,State Legislature,Nepali,संविधानअनुसार राज्यको व्यवस्थापिका कस्तो हुन्छ?,एक सदनीय।,संविधानअनुसार राज्यको व्यवस्थापिका एकक्षेत्रीय प्रतिनिधि सभा हुन्छ।,,
SL002,Constitution & Law,State Legislature,English,What is the unicameral legislature of a State called?,State Assembly.,Legislature,,
SL002,Constitution & Law,State Legislature,Nepali,राज्यको एक सदनीय व्यवस्थापिकालाई के भनिन्छ?,प्रदेश सभा।,संसद,,
SL003,Constitution & Law,Composition of State Assembly,English,What percentage of State Assembly members are elected through the first-past-the-post electoral system?,Sixty percent.,100%,,
SL003,Constitution & Law,Composition of State Assembly,Nepali,प्रदेश सभाका कति प्रतिशत सदस्य प्रत्यक्ष निर्वाचन प्रणालीबाट निर्वाचित हुन्छन्?,साठी प्रतिशत।,प्रदेश सभाका ५० प्रतिशत सदस्य प्रत्यक्ष निर्वाचन प्रणालीबाट निर्वाचित हुन्छन् ।,,
SL004,Constitution & Law,Composition of State Assembly,English,What percentage of State Assembly members are elected through the proportional electoral system?,Forty percent.,0%,,
SL004,Constitution & Law,Composition of State Assembly,Nepali,प्रदेश सभाका कति प्रतिशत सदस्य समानुपातिक निर्वाचन प्रणालीबाट निर्वाचित हुन्छन्?,चालीस प्रतिशत।,प्रदेश सभाका ५० प्रतिशत सदस्य समानुपातिक निर्वाचन प्रणालीबाट निर्वाचित हुन्छन् ।,,
SL005,Constitution & Law,Electoral System,English,On what basis are election constituencies determined for members elected through the first-past-the-post system?,Geography and population.,Population size.,,
SL005,Constitution & Law,Electoral System,Nepali,प्रत्यक्ष निर्वाचन प्रणालीबाट निर्वाचित हुने सदस्यका लागि निर्वाचन क्षेत्र कुन आधारमा निर्धारण गरिन्छ?,भूगोल र जनसंख्या।,प्रत्यक्ष निर्वाचन प्रणालीबाट निर्वाचित हुने सदस्यका लागि निर्वाचन क्षेत्र जिल्ला आधारमा निर्धारण गरिन्छ ।,,
SL006,Constitution & Law,Voting Rights,English,What is the minimum age required to vote in an election to the State Assembly?,Eighteen years.,18,,
SL006,Constitution & Law,Voting Rights,Nepali,प्रदेश सभाको निर्वाचनमा मतदान गर्न न्यूनतम उमेर कति हुनुपर्छ?,अठार वर्ष।,२५ वर्ष,,
SL007,Constitution & Law,Inclusive Representation,English,"Which community does the Constitution define as ""Khas Arya"" for the purposes of proportional representation?","Kshetri, Brahmin, Thakuri, and Sanyasi (Dashnami).",The Khas Arya community.,,
SL007,Constitution & Law,Inclusive Representation,Nepali,"समानुपातिक प्रतिनिधित्वका प्रयोजनका लागि संविधानले ""खस आर्य"" भन्नाले कुन समुदायलाई बुझाउँछ?","क्षेत्री, ब्राह्मण, ठाकुरी र सन्यासी (दशनामी) समुदाय।","""खस आर्य"" भन्नाले नेपाली भाषा बोल्ने समुदायलाई बुझाउँछ।",,
SL008,Constitution & Law,Inclusive Representation,English,"Besides the specified social groups, representation of which additional group must political parties also provide when fielding proportional representation candidates?",Persons with disabilities.,Women,,
SL008,Constitution & Law,Inclusive Representation,Nepali,समानुपातिक निर्वाचनमा उम्मेदवारी दिँदा राजनीतिक दलले उल्लेखित समुदायबाहेक कुन थप समूहको प्रतिनिधित्व सुनिश्चित गर्नुपर्छ?,अपाङ्गता भएका व्यक्तिहरू।,समानुपातिक निर्वाचनमा उम्मेदवारी दिँदा राजनीतिक दलले उल्लेखित समुदायबाहेक अन्यथप समूहको प्रतिनिधित्व सुनिश्चित गर्नुपर्छ।,,
SL009,Constitution & Law,Vacancies,English,"If a State Assembly seat becomes vacant with more than six months of the term remaining, how must it be filled?",Through the same electoral system by which the seat was originally filled.,By special election.,,
SL009,Constitution & Law,Vacancies,Nepali,प्रदेश सभाको कार्यकाल छ महिनाभन्दा बढी बाँकी रहँदा कुनै स्थान रिक्त भए कसरी पूर्ति गर्नुपर्छ?,"उक्त स्थान जुन निर्वाचन प्रणालीबाट भरिएको थियो, सोही प्रणालीबाट।","प्रदेश सभाको कार्यकाल छ महिनाभन्दा बढी बाँकी रहँदा कुनै स्थान रिक्त भए कसरी पूर्ति गर्नुपर्छ?

उत्तर: प्रदेश सभाको कार्यकाल छ महिनाभन्दा बढी बाँकी रहँदा कुनै स्थान रिक्त भए कसरी पूर्ति गर्नुपर्छ?

उत्तर: प्रदेश सभाको कार्यकाल छ महिनाभन्दा बढी बाँकी रहँदा कुनै स्थान रिक्त भए कसरी प",,
SL010,Constitution & Law,Women's Representation,English,What is the minimum proportion of members elected from each political party to the State Assembly that must be women?,At least one-third.,1/3,,
SL010,Constitution & Law,Women's Representation,Nepali,प्रत्येक राजनीतिक दलबाट प्रदेश सभामा निर्वाचित कुल सदस्यमध्ये महिलाको न्यूनतम अनुपात कति हुनुपर्छ?,कम्तीमा एक-तिहाइ।,प्रत्येक राजनीतिक दलबाट प्रदेश सभामा निर्वाचित कुल सदस्यमध्ये महिलाको न्यूनतम अनुपात ३५ प्रतिशत हुनुपर्छ ।,,
SL011,Constitution & Law,Candidacy,English,Can a qualified person contest the State Assembly election from more than one constituency at the same time?,No.,No,,
SL011,Constitution & Law,Candidacy,Nepali,योग्य व्यक्तिले एकै समयमा एकभन्दा बढी निर्वाचन क्षेत्रबाट प्रदेश सभा सदस्यको उम्मेदवार बन्न सक्छ?,सक्दैन।,नयाँ व्यवस्था अनुसार योग्य व्यक्तिले एकै समयमा एकभन्दा बढी निर्वाचन क्षेत्रबाट प्रदेश सभा सदस्यको उम्मेदवार बन्न सक्छ ।,,
SL012,Constitution & Law,Term of State Assembly,English,What is the normal term of the State Assembly?,Five years.,5 years,,
SL012,Constitution & Law,Term of State Assembly,Nepali,प्रदेश सभाको सामान्य कार्यकाल कति वर्षको हुन्छ?,पाँच वर्ष।,६ वर्ष,,
SL013,Constitution & Law,State Emergency,English,"During a state of emergency, for how long may the term of the State Assembly be extended?",Not exceeding one year.,6 months,,
SL013,Constitution & Law,State Emergency,Nepali,संकटकाल लागू भएको अवस्थामा प्रदेश सभाको कार्यकाल बढीमा कति अवधिसम्म थप्न सकिन्छ?,एक वर्षभन्दा बढी नहुने गरी।,६ महिना,,
SL014,Constitution & Law,Qualification,English,What is the minimum age required to become a member of the State Assembly?,Twenty-five years.,25,,
SL014,Constitution & Law,Qualification,Nepali,प्रदेश सभाको सदस्य बन्न न्यूनतम उमेर कति हुनुपर्छ?,पच्चीस वर्ष।,उत्तर: २५ वर्ष,,
SL015,Constitution & Law,Qualification,English,"What does ""office of profit"" mean for the purpose of qualification for membership of the State Assembly?","A position, other than an elected or nominated political position, for which remuneration or economic benefit is paid from a government fund.","A position of emolument or a position of profit, which is a position that carries a salary or other benefits.",,
SL015,Constitution & Law,Qualification,Nepali,"प्रदेश सभा सदस्यको योग्यताका सन्दर्भमा ""लाभको पद"" भन्नाले के बुझिन्छ?",निर्वाचन वा मनोनयनबाट पूर्ति हुने राजनीतिक पद बाहेक सरकारको कोषबाट पारिश्रमिक वा आर्थिक लाभ प्राप्त हुने पद।,"प्रदेश सभा सदस्यको योग्यताका सन्दर्भमा ""लाभको पद"" भन्नाले संसदीय कार्यालयको पद, संसदीय कार्यालयको सहायक पद, संसदीय कार्यालयको सहायक पदको समकक्ष पद, संसदीय कार्यालयको सहायक पदको समकक्ष पदको समकक्ष पद, संसदीय कार्यालयको सहायक पदको समकक्ष पदको समकक्ष पदको समकक्ष पदको समकक्ष पदको समक",,
SL016,Constitution & Law,Oath,English,"Before participating for the first time in the meeting of the State Assembly or its committees, what must every member do?",Take an oath as provided by State law.,Take an oath or affirmation.,,
SL016,Constitution & Law,Oath,Nepali,प्रदेश सभा वा यसको समितिको बैठकमा पहिलो पटक सहभागी हुनुअघि प्रत्येक सदस्यले के गर्नुपर्छ?,प्रदेश कानुनबमोजिम शपथ लिनुपर्छ।,"प्रदेश सभा वा यसको समितिको बैठकमा पहिलो पटक सहभागी हुनुअघि प्रत्येक सदस्यले निम्नलिखित कार्यहरू गर्नुपर्छ:

१. प्रदेश सभा सदस्यले निर्वाचन क्षेत्रको नाम, नागरिकता, निवासस्थान, उम्र, निवासस्थानको पत्ता, र निर्वाचन क्षेत्रको निवासी हुने प्रमाण पत्र प्रस्तुत गर्नुपर्छ।

२. प्रदेश सभा सदस्यल",,
SL017,Constitution & Law,Vacation of Seat,English,How many consecutive meetings may a member of the State Assembly miss without notice before the seat becomes vacant?,Ten consecutive meetings.,3,,
SL017,Constitution & Law,Vacation of Seat,Nepali,सूचना नदिई लगातार कति बैठकमा अनुपस्थित रहेमा प्रदेश सभा सदस्यको स्थान रिक्त हुन्छ?,लगातार दश बैठक।,सूचना नदिई लगातार ३ बैठकमा अनुपस्थित रहेमा प्रदेश सभा सदस्यको स्थान रिक्त हुन्छ ।,,
SL018,Constitution & Law,Disqualification,English,Which body makes the final decision on whether a member of the State Assembly is disqualified?,The Constitutional Bench of the Supreme Court.,"The California State Assembly's Committee on Privileges and Elections makes a recommendation, but the final decision is made by the full Assembly.",,
SL018,Constitution & Law,Disqualification,Nepali,प्रदेश सभा सदस्य अयोग्य भएको हो वा होइन भन्ने अन्तिम निर्णय कुन निकायले गर्छ?,सर्वोच्च अदालतको संवैधानिक इजलास।,न्यायाधीशले गर्छ ।,,
SL019,Constitution & Law,Speaker and Deputy Speaker,English,Within how many days from the first meeting of the State Assembly must the Speaker and Deputy Speaker be elected?,Within fifteen days.,3,,
SL019,Constitution & Law,Speaker and Deputy Speaker,Nepali,प्रदेश सभाको पहिलो बैठक बसेको कति दिनभित्र सभामुख र उपसभामुखको निर्वाचन हुनुपर्छ?,पन्ध्र दिनभित्र।,प्रदेश सभाको पहिलो बैठक बसेको ७ दिनभित्र सभामुख र उपसभामुखको निर्वाचन हुनुपर्छ ।,,
SL020,Constitution & Law,Speaker and Deputy Speaker,English,"If both the offices of the Speaker and Deputy Speaker are vacant, who chairs the meeting of the State Assembly?",The attending member who is the senior-most by age.,The Chief Minister of the State.,,
SL020,Constitution & Law,Speaker and Deputy Speaker,Nepali,सभामुख र उपसभामुख दुवै पद रिक्त भए प्रदेश सभाको बैठक कसले अध्यक्षता गर्छ?,उपस्थित सदस्यमध्ये उमेरका आधारमा सबैभन्दा ज्येष्ठ सदस्य।,उपसभामुख,,
SLP001,Constitution & Law,State Legislative Powers,English,In which Schedules are the legislative powers of the State Assembly enumerated?,"Schedules 6, 7, and 9.",List I and List II of Schedule VII,,
SLP001,Constitution & Law,State Legislative Powers,Nepali,प्रदेश सभाका विधायिकी अधिकारहरू कुन-कुन अनुसूचीमा उल्लेख गरिएका छन्?,"अनुसूची ६, ७ र ९।",अनुसूची ५,,
SLP002,Constitution & Law,Introduction of Bills,English,"Subject to the Constitution, where may a Bill be introduced?",In the State Assembly.,In the Lok Sabha or in the Rajya Sabha.,,
SLP002,Constitution & Law,Introduction of Bills,Nepali,संविधानको अधीनमा रही विधेयक कहाँ प्रस्तुत गर्न सकिन्छ?,प्रदेश सभामा।,संविधानको अधीनमा रही विधेयक संसदमा प्रस्तुत गर्न सकिन्छ ।,,
SLP003,Constitution & Law,Government Bills,English,Which two types of Bills may be introduced only as Government Bills in the State Assembly?,A Money Bill and a Bill concerning peace and security.,Money Bills and Financial Bills.,,
SLP003,Constitution & Law,Government Bills,Nepali,प्रदेश सभामा कुन दुई प्रकारका विधेयक सरकारका विधेयकका रूपमा मात्र प्रस्तुत गर्न सकिन्छ?,धन विधेयक र शान्ति तथा सुरक्षासम्बन्धी विधेयक।,"प्रदेश सभामा कुन दुई प्रकारका विधेयक सरकारका विधेयकका रूपमा मात्र प्रस्तुत गर्न सकिन्छ?

उत्तर: सामान्य विधेयक र विशेष विधेयक ।",,
SLP004,Constitution & Law,Money Bill,English,Does a Bill concerning the imposition or regulation of State taxes fall within the definition of a Money Bill?,Yes.,No.,,
SLP004,Constitution & Law,Money Bill,Nepali,राज्यस्तरीय कर लगाउने वा नियमन गर्ने सम्बन्धी विधेयक धन विधेयकको परिभाषाभित्र पर्छ?,पर्छ।,नहीं,,
SLP005,Constitution & Law,Money Bill,English,Does a Bill concerning borrowing money or giving guarantees by the State Government qualify as a Money Bill?,Yes.,Yes.,,
SLP005,Constitution & Law,Money Bill,Nepali,राज्य सरकारले ऋण लिने वा जमानत दिने सम्बन्धी विधेयक धन विधेयक मानिन्छ?,मानिन्छ।,नहीं,,
SLP006,Constitution & Law,Money Bill,English,"Is a Bill deemed to be a Money Bill solely because it imposes licence fees, application fees, renewal fees, fines, or imprisonment?",No.,No.,,
SLP006,Constitution & Law,Money Bill,Nepali,"इजाजतपत्र शुल्क, निवेदन शुल्क, नवीकरण शुल्क, जरिवाना वा कैद सजायको व्यवस्था भएकै कारण कुनै विधेयक धन विधेयक मानिन्छ?",मानिँदैन।,धन विधेयक,,
SLP007,Constitution & Law,Money Bill,English,Who makes the final decision on whether a Bill is a Money Bill in the State Assembly?,The Speaker of the State Assembly.,The Speaker of the State Assembly,,
SLP007,Constitution & Law,Money Bill,Nepali,प्रदेश सभामा कुनै विधेयक धन विधेयक हो वा होइन भन्ने अन्तिम निर्णय कसले गर्छ?,प्रदेश सभाका सभामुख।,प्रदेश सभामा कुनै विधेयक धन विधेयक हो वा होइन भन्ने अन्तिम निर्णय प्रधानमन्त्री गर्छ।,,
SLP008,Constitution & Law,Passage of Bills,English,"After a Bill is passed by the State Assembly, to whom is it presented for assent?",The Chief of State.,The Governor.,,
SLP008,Constitution & Law,Passage of Bills,Nepali,प्रदेश सभाबाट विधेयक पारित भएपछि स्वीकृतिका लागि कससमक्ष पेश गरिन्छ?,प्रदेश प्रमुखसमक्ष।,राष्ट्रपति समक्ष,,
SLP009,Constitution & Law,Passage of Bills,English,What happens if the session of the State Assembly ends while a Bill is under consideration?,Deliberations may continue in the succeeding session.,The Bill lapses.,,
SLP009,Constitution & Law,Passage of Bills,Nepali,विधेयक विचाराधीन रहँदा प्रदेश सभाको अधिवेशन अन्त्य भए के हुन्छ?,अर्को अधिवेशनमा त्यसको विचार जारी रहन सक्छ।,नहीं,,
SLP010,Constitution & Law,Passage of Bills,English,What happens to a Bill under consideration if the State Assembly is dissolved or its term expires?,The Bill lapses.,The Bill lapses.,,
SLP010,Constitution & Law,Passage of Bills,Nepali,विधेयक विचाराधीन रहँदा प्रदेश सभा विघटन भए वा यसको कार्यकाल समाप्त भए के हुन्छ?,विधेयक निष्क्रिय (लोप) हुन्छ।,विधेयक विचाराधीन रहँदा प्रदेश सभा विघटन भए वा यसको कार्यकाल समाप्त भए नभइरहँदा विधेयक विचाराधीन रहँदा प्रदेश सभा विघटन भए वा यसको कार्यकाल समाप्त भए नभइरहँदा विधेयक विचाराधीन रहँदा प्रदेश सभा विघटन भए वा यसको कार्यकाल समाप्त भए नभइरहँदा विधेयक विचाराधीन,,
SLP011,Constitution & Law,Withdrawal of Bills,English,Who may withdraw a Bill with the approval of the State Assembly?,The member who introduced the Bill.,The Speaker of the State Assembly.,,
SLP011,Constitution & Law,Withdrawal of Bills,Nepali,प्रदेश सभाको स्वीकृतिसहित विधेयक कसले फिर्ता लिन सक्छ?,विधेयक प्रस्तुत गर्ने सदस्य।,प्रदेश सभाको स्वीकृतिसहित विधेयक प्रदेश सभाको स्वीकृतिसहित विधेयक प्रदेश सभाको स्वीकृतिसहित विधेयक प्रदेश सभाको स्वीकृतिसहित विधेयक प्रदेश सभाको स्वीकृतिसहित विधेयक प्रदेश सभाको स्वीकृतिसहित विधेयक प्रदेश सभाको स्वीकृतिसहित विधेयक प्रदेश सभाको स्वीकृतिसहित विधेयक प्रदेश सभाको स्वीकृतिसहित व,,
SLP012,Constitution & Law,Assent on Bills,English,Who presents a Bill to the Chief of State for assent after certifying it?,The Speaker of the State Assembly.,The Speaker of the House of Representatives or the President of the Senate.,,
SLP012,Constitution & Law,Assent on Bills,Nepali,प्रमाणीकरण गरेपछि प्रदेश प्रमुखसमक्ष स्वीकृतिका लागि विधेयक कसले पेश गर्छ?,प्रदेश सभाका सभामुख।,प्रमाणीकरण गरेपछि प्रदेश प्रमुखसमक्ष स्वीकृतिका लागि विधेयक प्रदेश प्रमुखले पेश गर्छ।,,
SLP013,Constitution & Law,Assent on Bills,English,Within how many days must the Chief of State give assent to a Bill presented for assent?,Within fifteen days.,15 days,,
SLP013,Constitution & Law,Assent on Bills,Nepali,स्वीकृतिका लागि पेश गरिएको विधेयकमा प्रदेश प्रमुखले कति दिनभित्र स्वीकृति दिनुपर्छ?,पन्ध्र दिनभित्र।,स्वीकृतिका लागि पेश गरिएको विधेयकमा प्रदेश प्रमुखले ७ दिनभित्र स्वीकृति दिनुपर्छ ।,,
SLP014,Constitution & Law,Assent on Bills,English,Can the Chief of State return a Money Bill to the State Assembly for further deliberation?,No.,No.,,
SLP014,Constitution & Law,Assent on Bills,Nepali,के प्रदेश प्रमुखले धन विधेयकलाई थप विचारका लागि प्रदेश सभामा फिर्ता पठाउन सक्छन्?,सक्दैनन्।,प्रदेश प्रमुखले धन विधेयकलाई थप विचारका लागि प्रदेश सभामा फिर्ता पठाउन सक्छन्।,,
SLP015,Constitution & Law,Assent on Bills,English,"If a Bill returned by the Chief of State is reconsidered and passed again, within how many days must the Chief of State give assent?",Within fifteen days.,15 days,,
SLP015,Constitution & Law,Assent on Bills,Nepali,प्रदेश प्रमुखले फिर्ता पठाएको विधेयक पुनः पारित भएपछि प्रदेश प्रमुखले कति दिनभित्र स्वीकृति दिनुपर्छ?,पन्ध्र दिनभित्र।,उत्तर: ७ दिन,,
SLP016,Constitution & Law,Assent on Bills,English,When does a Bill become an Act?,After the Chief of State gives assent.,When it receives the President's assent.,,
SLP016,Constitution & Law,Assent on Bills,Nepali,विधेयक कहिले ऐन बन्छ?,प्रदेश प्रमुखले स्वीकृति दिएपछि।,"विधेयक जसै जसै संसदमा पारित हुन्छ, त्यसै त्यसै ऐन बन्छ ।",,
SLP017,Constitution & Law,Ordinance,English,Under what circumstances may the Chief of State promulgate an Ordinance?,"When the State Assembly is not in session and immediate action is necessary, on the recommendation of the State Council of Ministers.",In times of war or public danger.,,
SLP017,Constitution & Law,Ordinance,Nepali,प्रदेश प्रमुखले कुन अवस्थामा अध्यादेश जारी गर्न सक्छन्?,"प्रदेश सभा अधिवेशनमा नरहेको र तत्काल कार्य आवश्यक भएको अवस्थामा, प्रदेश मन्त्रिपरिषद्को सिफारिसमा।",प्रदेश प्रमुखले संवैधानिक संसद नभएको अवस्थामा अध्यादेश जारी गर्न सक्छन् ।,,
SLP018,Constitution & Law,Ordinance,English,What legal effect does an Ordinance have after promulgation?,It has the same force and effect as an Act.,An Ordinance has the same legal effect as a statute after promulgation.,,
SLP018,Constitution & Law,Ordinance,Nepali,जारी भएपछि अध्यादेशको कानुनी प्रभाव के हुन्छ?,यसको प्रभाव ऐनसरह हुन्छ।,जारी भएपछि अध्यादेशको कानुनी प्रभाव हुन्छ ।,,
SLP019,Constitution & Law,Ordinance,English,What happens to an Ordinance if it is not passed by the State Assembly after being tabled?,It automatically ceases to be effective.,It lapses.,,
SLP019,Constitution & Law,Ordinance,Nepali,प्रदेश सभामा पेश गरिएपछि अध्यादेश पारित नभए के हुन्छ?,यो स्वतः निष्प्रभावी हुन्छ।,प्रदेश सभामा पेश गरिएपछि अध्यादेश पारित नभए के हुन्छ।,,
SLP020,Constitution & Law,Ordinance,English,"Unless earlier repealed or rendered ineffective, after how many days from the meeting of the State Assembly does an Ordinance automatically cease to be effective?",Sixty days.,Sixty days,,
SLP020,Constitution & Law,Ordinance,Nepali,पहिले नै खारेज वा निष्प्रभावी नगरिएमा प्रदेश सभाको बैठक बसेको कति दिनपछि अध्यादेश स्वतः निष्प्रभावी हुन्छ?,साठी दिनपछि।,उत्तर: ६ महिना,,
SFP001,Constitution & Law,State Financial Procedures,English,Under what condition may a tax be levied and collected in a State?,Only in accordance with law.,"When the State is not in a position to collect the tax, the tax may be levied and collected in another State.",,
SFP001,Constitution & Law,State Financial Procedures,Nepali,प्रदेशमा कुन अवस्थामा मात्र कर लगाउन र उठाउन सकिन्छ?,कानुन बमोजिम मात्र।,प्रदेशमा कुन अवस्थामा मात्र कर लगाउन र उठाउन सकिन्छ? - व्यापारिक अवस्थामा मात्र कर लगाउन र उठाउन सकिन्छ ।,,
SFP002,Constitution & Law,State Financial Procedures,English,Under what condition may a State Government raise a loan or give a guarantee?,Only as provided for in Federal law.,With the prior approval of the President.,,
SFP002,Constitution & Law,State Financial Procedures,Nepali,प्रदेश सरकारले कुन अवस्थामा ऋण उठाउन वा जमानत दिन सक्छ?,संघीय कानुनमा व्यवस्था भएबमोजिम मात्र।,प्रदेश सरकारले संवैधानिक अवस्थामा ऋण उठाउन वा जमानत दिन सक्छ।,,
SFP003,Constitution & Law,State Consolidated Fund,English,Which revenues are excluded from the State Consolidated Fund?,Revenues of trusts (Guthi).,"The following revenues are excluded from the State Consolidated Fund:

* Public undertakings
* Public debt
* Local funds
* Consolidated funds of the local authorities
* Deposits and advances received by the government
* Loans received from the government
* Grants received from the government
* Grants received from the government for specific purposes
* Grants received from the government for specific schemes
* Grants received from the government for specific projects",,
SFP003,Constitution & Law,State Consolidated Fund,Nepali,प्रदेश सञ्चित कोषमा जम्मा नगरिने राजस्व कुन हो?,गुठीको राजस्व।,प्रदेश सञ्चित कोषमा जम्मा नगरिने राजस्व ७५ प्रतिशत हो ।,,
SFP004,Constitution & Law,State Consolidated Fund,English,What is the name of the State Government Fund into which specified revenues and receipts are credited?,State Consolidated Fund.,Consolidated Fund of India,,
SFP004,Constitution & Law,State Consolidated Fund,Nepali,तोकिएका राजस्व तथा रकम जम्मा गरिने प्रदेश सरकारको कोषको नाम के हो?,प्रदेश सञ्चित कोष।,प्रदेश कोष,,
SFP005,Constitution & Law,State Consolidated Fund,English,"Besides revenues, what other receipts of the State Government are credited to the State Consolidated Fund?","Loans, loan repayments, and grants or loans received from the Government of Nepal.","Loans and advances from the Government of India, grants-in-aid, and recoveries of loans.",,
SFP005,Constitution & Law,State Consolidated Fund,Nepali,राजस्व बाहेक प्रदेश सरकारबाट प्राप्त कुन-कुन रकम प्रदेश सञ्चित कोषमा जम्मा गरिन्छ?,"ऋण, ऋण फिर्ताबाट प्राप्त रकम तथा नेपाल सरकारबाट प्राप्त अनुदान वा ऋण।","राजस्व बाहेक प्रदेश सरकारबाट प्राप्त कुन-कुन रकम प्रदेश सञ्चित कोषमा जम्मा गरिन्छ:

१. प्रादेशिक कर
२. प्रादेशिक करमा प्राप्त व्याज
३. प्रादेशिक करमा प्राप्त दिव्य राशि
४. प्रादेशिक करमा प्राप्त दिव्य राशिमा प्राप्त व्याज
५. प्रादेशिक करमा प्राप्त दिव्य राशिमा प्राप्त दिव्य राशि",,
SFP006,Constitution & Law,State Expenditure,English,Can expenditure be incurred from the State Consolidated Fund or other State Government Funds without constitutional authorization?,No.,No.,,
SFP006,Constitution & Law,State Expenditure,Nepali,संवैधानिक व्यवस्था बिना प्रदेश सञ्चित कोष वा अन्य प्रदेश सरकारी कोषबाट खर्च गर्न सकिन्छ?,सकिँदैन।,नयाँ गणतन्त्र नेपालको संविधान अनुसार प्रदेश सञ्चित कोष वा अन्य प्रदेश सरकारी कोषबाट खर्च गर्न सकिन्छ।,,
SFP007,Constitution & Law,State Expenditure,English,Which Act authorizes expenditure required when an Appropriation Bill is under consideration?,An Act.,"The Expenditure (Mode of Authorisation of Expenditure) Act, 1957",,
SFP007,Constitution & Law,State Expenditure,Nepali,विनियोजन विधेयक विचाराधीन हुँदा आवश्यक खर्च कुन ऐनले अधिकार दिन्छ?,ऐन।,"विनियोजन विधेयक विचाराधीन हुँदा आवश्यक खर्च कुन ऐनले अधिकार दिन्छ?

उत्तर: संसदीय समिति",,
SFP008,Constitution & Law,State Contingency Fund,English,Which Article governs matters relating to the State Contingency Fund?,Article 212.,Article 81 of the Indian Constitution.,,
SFP008,Constitution & Law,State Contingency Fund,Nepali,प्रदेश आकस्मिक कोषसम्बन्धी विषय कुन धाराले व्यवस्था गर्छ?,धारा २१२।,प्रदेश आकस्मिक कोषसम्बन्धी विषय धारा १४९ ले व्यवस्था गर्छ ।,,
SFP009,Constitution & Law,Chargeable Expenditure,English,Is approval of the State Assembly required for expenditures charged on the State Consolidated Fund?,No.,Yes.,,
SFP009,Constitution & Law,Chargeable Expenditure,Nepali,प्रदेश सञ्चित कोषमा भारित खर्चका लागि प्रदेश सभाको स्वीकृति आवश्यक पर्छ?,पर्दैन।,नहीं,,
SFP010,Constitution & Law,Chargeable Expenditure,English,Which officials' remuneration and facilities are charged on the State Consolidated Fund?,State Speaker and State Deputy Speaker.,"The President, the Vice-President, the Governors, and the Judges of the Supreme Court and the High Courts.",,
SFP010,Constitution & Law,Chargeable Expenditure,Nepali,कुन पदाधिकारीहरूको पारिश्रमिक र सुविधा प्रदेश सञ्चित कोषमा भारित हुन्छ?,प्रदेश सभामुख र प्रदेश उपसभामुख।,"प्रधानमन्त्री, उपप्रधानमन्त्री, मन्त्री, उपमन्त्री, विश्वस्त, विश्वस्त सचिव, विश्वस्त प्रधानमन्त्री, विश्वस्त उपप्रधानमन्त्री, विश्वस्त मन्त्री, विश्वस्त उपमन्त्री, विश्वस्त विश्वस्त, विश्वस्त विश्वस्त सचिव, विश्वस्त विश्वस्त प्रधानमन्त्री, विश्वस्त विश्वस्त उपप्रधानमन्त्री, विश्वस्त विश्वस",,
SFP011,Constitution & Law,Chargeable Expenditure,English,Are sums required to satisfy a court judgment or decree against the State Government charged on the State Consolidated Fund?,Yes.,Yes.,,
SFP011,Constitution & Law,Chargeable Expenditure,Nepali,प्रदेश सरकारविरुद्ध अदालतको फैसला वा डिक्री पूरा गर्न आवश्यक रकम प्रदेश सञ्चित कोषमा भारित हुन्छ?,हुन्छ।,नयाँ प्रदेश सञ्चित कोषमा भारित हुन्छ ।,,
SFP012,Constitution & Law,Annual Budget,English,Who lays the annual estimate of revenues and expenditures before the State Assembly?,State Minister for Finance.,The Chief Minister of the state.,,
SFP012,Constitution & Law,Annual Budget,Nepali,प्रदेश सभासमक्ष वार्षिक आय–व्ययको अनुमान कसले पेश गर्छ?,प्रदेश अर्थमन्त्री।,प्रदेश सभासमक्ष वार्षिक आय–व्ययको अनुमान प्रदेश सरकारले पेश गर्छ।,,
SFP013,Constitution & Law,Annual Budget,English,What three matters must be included in the annual estimate presented before the State Assembly?,"Revenue estimates, charges on the State Consolidated Fund, and expenditure provided by a State Appropriation Act.","The three matters that must be included in the annual estimate presented before the State Assembly are:

1. The amount required for the public expenditure during the next financial year.
2. The amount required for the creation of new posts.
3. The amount required for the creation of new pensions.",,
SFP013,Constitution & Law,Annual Budget,Nepali,प्रदेश सभामा पेश गरिने वार्षिक अनुमानमा कुन तीन विषय समावेश हुनुपर्छ?,"राजस्व अनुमान, प्रदेश सञ्चित कोषमा भारित रकम, र प्रदेश विनियोजन ऐनबाट गरिने खर्च।","राजकोष, राजकीय वित्त, राजकीय कर",,
SFP014,Constitution & Law,Annual Budget,English,What additional statement must accompany the annual estimate regarding Ministries?,Previous year's allocated expenses and whether their objectives were achieved.,The additional statement must accompany the annual estimate regarding Ministries is that the total amount of the annual estimate is not to be exceeded.,,
SFP014,Constitution & Law,Annual Budget,Nepali,वार्षिक अनुमानसँगै मन्त्रालयसम्बन्धी कुन थप विवरण पेश गर्नुपर्छ?,अघिल्लो वर्षको विनियोजित खर्च र खर्चका उद्देश्य पूरा भए वा भएनन् भन्ने विवरण।,"वार्षिक अनुमानसँगै मन्त्रालयसम्बन्धी कुन थप विवरण पेश गर्नुपर्छ?

वार्षिक अनुमानसँगै मन्त्रालयसम्बन्धी कुन थप विवरण पेश गर्नुपर्छ?

१. मन्त्रालयको वार्षिक बजेट प्रस्ताव
२. मन्त्रालयको वार्षिक बजेट प्रस्तावमा व्ययको विवरण
३. मन्त्रालयको वार्षिक बजेट प्रस्तावमा आयको विवरण
४. मन्त्रालयको व",,
SFP015,Constitution & Law,State Appropriation Act,English,Where must the money required under a State Appropriation Act be specified?,Under appropriate heads in an Appropriation Bill.,The General Appropriations Act.,,
SFP015,Constitution & Law,State Appropriation Act,Nepali,प्रदेश विनियोजन ऐनअन्तर्गत आवश्यक रकम कहाँ उल्लेख गरिन्छ?,विनियोजन विधेयकमा सम्बन्धित शीर्षकअन्तर्गत।,प्रदेश विनियोजन ऐनअन्तर्गत आवश्यक रकम संविधान अन्तर्गत उल्लेख गरिन्छ।,,
SFP016,Constitution & Law,Supplementary Estimates,English,When may the State Minister for Finance present a supplementary estimate?,"When authorized expenditure is insufficient, a new service requires expenditure, or expenditure exceeds the authorized amount.",When the President has given his approval.,,
SFP016,Constitution & Law,Supplementary Estimates,Nepali,प्रदेश अर्थमन्त्रीले कुन अवस्थामा पूरक अनुमान पेश गर्न सक्छन्?,"स्वीकृत खर्च अपुग भएमा, नयाँ सेवामा खर्च आवश्यक भएमा, वा स्वीकृत रकमभन्दा बढी खर्च भएमा।",प्रदेश अर्थमन्त्रीले वार्षिक पूरक अनुमान पेश गर्न सक्छन् ।,,
SFP017,Constitution & Law,Vote on Account,English,What is the maximum amount that may be included in a State Vote on Account?,Not more than one-third of the estimated expenditure for the financial year.,One-third of the total amount of the demands for grants.,,
SFP017,Constitution & Law,Vote on Account,Nepali,प्रदेश लेखानुदानमा समावेश गर्न सकिने अधिकतम रकम कति हो?,आर्थिक वर्षको अनुमानित खर्चको एक-तिहाइभन्दा बढी होइन।,प्रदेश लेखानुदानमा समावेश गर्न सकिने अधिकतम रकम १ लाख ५० हजार हो ।,,
SFP018,Constitution & Law,Vote on Account,English,Can a State Vote on Account Bill be introduced before the revenue and expenditure estimates are presented under Article 207?,No.,No,,
SFP018,Constitution & Law,Vote on Account,Nepali,धारा २०७ बमोजिम आय–व्यय अनुमान पेश गर्नुअघि प्रदेश लेखानुदान विधेयक प्रस्तुत गर्न सकिन्छ?,सकिँदैन।,नयाँ,,
SFP019,Constitution & Law,Vote of Credit,English,When may the State Minister for Finance present a Vote of Credit Bill containing only a statement of expenditures?,During an emergency when specifying details is impractical or inexpedient due to State security or interest.,During a financial emergency.,,
SFP019,Constitution & Law,Vote of Credit,Nepali,प्रदेश अर्थमन्त्रीले खर्चको विवरण मात्र भएको मत–ऋण विधेयक कहिले पेश गर्न सक्छन्?,प्रदेशको सुरक्षा वा हितका कारण विस्तृत विवरण दिन अव्यावहारिक वा अनुपयुक्त हुने आपत्कालीन अवस्थामा।,मत–ऋण विधेयकमा खर्चको विवरण मात्र भएको प्रदेश अर्थमन्त्रीले प्रस्तावित विधेयक पेश गर्न सक्छन्।,,
SFP020,Constitution & Law,State Contingency Fund,English,Who controls the State Contingency Fund and what type of expenditure may be met from it?,The State Government; unforeseen expenditure.,The Governor. Expenditure for emergency or extraordinary expenses.,,
SFP020,Constitution & Law,State Contingency Fund,Nepali,प्रदेश आकस्मिक कोषको नियन्त्रण कसले गर्छ र कुन प्रकारको खर्च यसबाट व्यहोर्न सकिन्छ?,प्रदेश सरकार; अप्रत्याशित खर्च।,"प्रदेश सरकारले प्रदेश आकस्मिक कोषको नियन्त्रण गर्छ र यसबाट आपदा, संकट, संक्रमण, प्राकृतिक आपदा, संकट, संक्रमण, प्राकृतिक आपदा, संकट, संक्रमण, प्राकृतिक आपदा, संकट, संक्रमण, प्राकृतिक आपदा, संकट, संक्रमण, प्राकृतिक आपदा, संकट, संक्रमण, प्राकृतिक आपदा, संकट, संक्रमण, प्राकृतिक आपदा, संकट, संक",,
LE001,Constitution & Law,Local Executive,English,In whom is the executive power of the Local Level vested?,Village Executive or Municipal Executive.,"The Chief Executive of the Local Level, also known as the Chief Executive of the Panchayat Samiti or the Zilla Parishad, or the Chairman of the District Board, depending on the local government structure.",,
LE001,Constitution & Law,Local Executive,Nepali,स्थानीय तहको कार्यकारी शक्ति कसमा निहित हुन्छ?,गाउँ कार्यपालिका वा नगर कार्यपालिकामा।,स्थानीय तहको कार्यकारी शक्ति कसमा निहित हुन्छ।,,
LE002,Constitution & Law,Local Executive,English,Which Schedules contain the local executive powers of the Local Level?,Schedule-8 and Schedule-9.,Schedules 7 and 8,,
LE002,Constitution & Law,Local Executive,Nepali,स्थानीय तहको कार्यकारी शक्ति कुन अनुसूचीमा उल्लेख गरिएको छ?,अनुसूची–८ र अनुसूची–९।,स्थानीय तहको कार्यकारी शक्ति अनुसूची १२मा उल्लेख गरिएको छ ।,,
LE003,Constitution & Law,Local Executive,English,Which bodies are responsible for issuing general directives and regulating governance of Village Bodies and Municipalities?,Village Executive and Municipal Executive.,State Governments,,
LE003,Constitution & Law,Local Executive,Nepali,गाउँपालिका र नगरपालिकाको शासन सञ्चालनका लागि सामान्य निर्देशन दिने र नियमन गर्ने जिम्मेवारी कुन निकायको हो?,गाउँ कार्यपालिका र नगर कार्यपालिका।,निकाय: प्रादेशिक निकाय,,
LE004,Constitution & Law,Village Executive,English,Who chairs the Village Executive?,Chairperson of Village Executive.,The Sarpanch.,,
LE004,Constitution & Law,Village Executive,Nepali,गाउँ कार्यपालिकाको अध्यक्षता कसले गर्छ?,गाउँ कार्यपालिकाको अध्यक्ष।,गाउँ कार्यपालिकाको अध्यक्षता गाउँ विकास समितिको अध्यक्षले गर्छ।,,
LE005,Constitution & Law,Village Executive,English,How many women members are elected to the Village Executive from among Village Assembly members?,Four women members.,1,,
LE005,Constitution & Law,Village Executive,Nepali,गाउँ सभाका सदस्यहरूमध्येबाट गाउँ कार्यपालिकामा कति महिला सदस्य निर्वाचित हुन्छन्?,चार जना महिला सदस्य।,गाउँ सभाका सदस्यहरूमध्येबाट गाउँ कार्यपालिकामा ३ महिला सदस्य निर्वाचित हुन्छन्।,,
LE006,Constitution & Law,Village Executive,English,How many members from Dalit or minority communities are elected to the Village Executive?,Two members.,One-third,,
LE006,Constitution & Law,Village Executive,Nepali,गाउँ कार्यपालिकामा दलित वा अल्पसंख्यक समुदायबाट कति सदस्य निर्वाचित हुन्छन्?,दुई जना सदस्य।,गाउँ कार्यपालिकामा दलित वा अल्पसंख्यक समुदायबाट ३ सदस्य निर्वाचित हुन्छन्।,,
LE007,Constitution & Law,Local Qualification,English,"What is the minimum age qualification to become Chairperson, Vice-Chairperson, Ward Chairperson, or member of a Village Executive?",Twenty-one years.,18 years,,
LE007,Constitution & Law,Local Qualification,Nepali,"गाउँ कार्यपालिकाको अध्यक्ष, उपाध्यक्ष, वडा अध्यक्ष वा सदस्य बन्न न्यूनतम उमेर कति हुनुपर्छ?",२१ वर्ष।,न्यूनतम उमेर १८ वर्ष हुनुपर्छ ।,,
LE008,Constitution & Law,Local Executive Term,English,"What is the term of office of the Chairperson, Vice-Chairperson, Ward Chairperson, and members of the Village Executive?",Five years.,3 years,,
LE008,Constitution & Law,Local Executive Term,Nepali,"गाउँ कार्यपालिकाका अध्यक्ष, उपाध्यक्ष, वडा अध्यक्ष र सदस्यहरूको कार्यकाल कति हुन्छ?",पाँच वर्ष।,"गाउँ कार्यपालिकाका अध्यक्ष, उपाध्यक्ष, वडा अध्यक्ष र सदस्यहरूको कार्यकाल ५ वर्ष हुन्छ।",,
LE009,Constitution & Law,Local Executive Eligibility,English,Can a person elected as Chairperson of a Village Executive for two terms become a candidate again?,No.,Yes.,,
LE009,Constitution & Law,Local Executive Eligibility,Nepali,गाउँ कार्यपालिकाको अध्यक्ष दुई कार्यकाल निर्वाचित भएको व्यक्ति पुनः उम्मेदवार बन्न सक्छ?,सक्दैन।,नयाँ कार्यकालमा पुनः उम्मेदवार बन्न सक्छ ।,,
LE010,Constitution & Law,Municipal Executive,English,Who chairs the Municipal Executive?,Mayor.,The Mayor,,
LE010,Constitution & Law,Municipal Executive,Nepali,नगर कार्यपालिकाको अध्यक्षता कसले गर्छ?,प्रमुख (मेयर)।,नगर कार्यपालिकाको अध्यक्षता महापौर गर्छ।,,
LE011,Constitution & Law,Municipal Executive,English,How many women members and how many Dalit or minority members are included in the Municipal Executive?,Five women members and three Dalit or minority members.,I don't have the specific information about the current composition of the Municipal Executive regarding the number of women members and Dalit or minority members.,,
LE011,Constitution & Law,Municipal Executive,Nepali,नगर कार्यपालिकामा कति महिला सदस्य र कति दलित वा अल्पसंख्यक सदस्य हुन्छन्?,पाँच महिला सदस्य र तीन दलित वा अल्पसंख्यक सदस्य।,नगर कार्यपालिकामा ३ महिला सदस्य र १ दलित वा अल्पसंख्यक सदस्य हुन्छन् ।,,
LE012,Constitution & Law,Municipal Executive,English,What electoral system is used to elect the Mayor and Deputy Mayor?,First past the post electoral system.,First-past-the-post,,
LE012,Constitution & Law,Municipal Executive,Nepali,प्रमुख र उपप्रमुख निर्वाचन गर्न कुन निर्वाचन प्रणाली प्रयोग गरिन्छ?,पहिलो हुने निर्वाचित हुने निर्वाचन प्रणाली।,प्रमुख र उपप्रमुख निर्वाचन गर्न प्रतिनिधि निर्वाचन प्रणाली प्रयोग गरिन्छ।,,
LE013,Constitution & Law,Judicial Committee,English,Who coordinates the Judicial Committee in a Village Body?,Vice-Chairperson.,The Sarpanch.,,
LE013,Constitution & Law,Judicial Committee,Nepali,गाउँपालिकाको न्यायिक समितिको संयोजक को हुन्छ?,उपाध्यक्ष।,गाउँपालिकाको न्यायिक समितिको संयोजक गाउँपालिकाको प्रमुख हुन्छ।,,
LE014,Constitution & Law,Judicial Committee,English,Who coordinates the Judicial Committee in a Municipality?,Deputy Mayor.,The Mayor.,,
LE014,Constitution & Law,Judicial Committee,Nepali,नगरपालिकाको न्यायिक समितिको संयोजक को हुन्छ?,उपप्रमुख।,नगरपालिकाको न्यायिक समितिको संयोजक उपमहापौर हुन्छ।,,
LE015,Constitution & Law,District Assembly,English,What is the purpose of establishing the District Assembly?,To make coordination between Village Bodies and Municipalities within the district.,"To decentralize power and decision-making, and to provide a platform for local governance and development at the district level.",,
LE015,Constitution & Law,District Assembly,Nepali,जिल्ला सभा गठन गर्नुको उद्देश्य के हो?,जिल्लाभित्रका गाउँपालिका र नगरपालिकाबीच समन्वय गर्नु।,जिल्ला सभा गठन गर्नुको उद्देश्य जिल्ला विकास कार्यलयले जिल्ला विकास कार्यलयले जिल्ला विकास कार्यलयले जिल्ला विकास कार्यलयले जिल्ला विकास कार्यलयले जिल्ला विकास कार्यलयले जिल्ला विकास कार्यलयले जिल्ला विकास कार्यलयले जिल्ला विकास कार्यलयले जिल्ला विकास क,,
LE016,Constitution & Law,District Coordination Committee,English,What is the maximum number of members in the District Coordination Committee?,Nine members.,15,,
LE016,Constitution & Law,District Coordination Committee,Nepali,जिल्ला समन्वय समितिमा अधिकतम कति सदस्य हुन्छन्?,नौ जना सदस्य।,जिल्ला समन्वय समितिमा १५ सदस्य हुन्छन् ।,,
LE017,Constitution & Law,District Coordination Committee,English,What minimum representation requirements apply to the District Coordination Committee?,At least three women and at least one Dalit or minority member.,"The minimum representation requirements for the District Coordination Committee are:

* 50% of the members must be women
* 25% of the members must be from the Scheduled Castes (SCs) and Scheduled Tribes (STs)
* 10% of the members must be from the Other Backward Classes (OBCs)",,
LE017,Constitution & Law,District Coordination Committee,Nepali,जिल्ला समन्वय समितिमा न्यूनतम कस्तो प्रतिनिधित्व सुनिश्चित गरिएको छ?,कम्तीमा तीन महिला र कम्तीमा एक दलित वा अल्पसंख्यक सदस्य।,"प्रश्न: जिल्ला समन्वय समितिमा न्यूनतम कस्तो प्रतिनिधित्व सुनिश्चित गरिएको छ?
उत्तर: ३५%",,
LE018,Constitution & Law,District Coordination Committee,English,"What is the term of office of the Chief, Deputy Chief, and members of the District Coordination Committee?",Five years.,2 years,,
LE018,Constitution & Law,District Coordination Committee,Nepali,"जिल्ला समन्वय समितिका प्रमुख, उपप्रमुख र सदस्यहरूको कार्यकाल कति हुन्छ?",पाँच वर्ष।,"जिल्ला समन्वय समितिका प्रमुख, उपप्रमुख र सदस्यहरूको कार्यकाल ५ वर्ष हुन्छ ।",,
LE019,Constitution & Law,District Coordination Committee,English,"What happens to a Village Assembly or Municipal Assembly member's office if they are elected as Chief, Deputy Chief, or Member of the District Coordination Committee?",The office of Village Assembly or Municipal Assembly member automatically lapses.,The Village Assembly or Municipal Assembly member's office is vacated.,,
LE019,Constitution & Law,District Coordination Committee,Nepali,"गाउँ सभा वा नगर सभाको सदस्य जिल्ला समन्वय समितिको प्रमुख, उपप्रमुख वा सदस्य निर्वाचित भएमा उसको पदमा के हुन्छ?",गाउँ सभा वा नगर सभाको सदस्य पद स्वतः समाप्त हुन्छ।,"गाउँ सभा वा नगर सभाको सदस्य जिल्ला समन्वय समितिको प्रमुख, उपप्रमुख वा सदस्य निर्वाचित भएमा उसको पदमा जिल्ला प्रशासक वा जिल्ला प्रशासकको सहायकले छोडीहुन्छ ।",,
LE020,Constitution & Law,District Assembly,English,Which government law provides for other functions of the District Assembly?,State law.,"The Local Government Act, 1993 (Act 475)",,
LE020,Constitution & Law,District Assembly,Nepali,जिल्ला सभाका अन्य कार्यहरू कुन कानुनले व्यवस्था गर्छ?,प्रदेश कानुन।,जिल्ला सभाका अन्य कार्यहरू जिल्ला कानुनले व्यवस्था गर्छ।,,
LL001,Constitution & Law,Local Legislature,English,In which bodies is the legislative power of the Local Level vested?,Village Assembly and Municipal Assembly.,Panchayats and Municipalities,,
LL001,Constitution & Law,Local Legislature,Nepali,स्थानीय तहको विधायिकी शक्ति कुन निकायमा निहित हुन्छ?,गाउँ सभा र नगर सभामा।,स्थानीय तहको विधायिकी शक्ति संविधान १४७(१) अनुसार स्थानीय प्रशासन कार्यालयमा निहित हुन्छ।,,
LL002,Constitution & Law,Local Legislature,English,Which Schedules contain the legislative powers of the Village Assembly and Municipal Assembly?,Schedule-8 and Schedule-9.,Schedule 4 (Village Assembly) and Schedule 5 (Municipal Assembly) of the Indian Constitution.,,
LL002,Constitution & Law,Local Legislature,Nepali,गाउँ सभा र नगर सभाको विधायिकी शक्ति कुन अनुसूचीमा उल्लेख गरिएको छ?,अनुसूची–८ र अनुसूची–९।,"अनुसूची २, अनुच्छेद २४, २५, २६, २७, २८, २९, ३०, ३१, ३२, ३३, ३४, ३५, ३६, ३७, ३८, ३९, ४०, ४१, ४२, ४३, ४४, ४५, ४६, ४७, ४८, ४९, ५०, ५१, ५२, ५३, ५४, ५५, ५६, ५७, ५",,
LL003,Constitution & Law,Village Assembly,English,What is the legislative body established in each Village Body called?,Village Assembly.,Gram Sabha,,
LL003,Constitution & Law,Village Assembly,Nepali,प्रत्येक गाउँपालिकामा स्थापना हुने विधायिकी निकायलाई के भनिन्छ?,गाउँ सभा।,गाउँपालिका संसद,,
LL004,Constitution & Law,Village Assembly Composition,English,Who are the members of the Village Assembly?,"Chairperson, Vice-Chairperson, Ward Chairpersons, four members from each ward, and Dalit or minority members of the Village Executive.","The members of the Village Assembly are the villagers themselves, specifically:

* All adult citizens of the village
* The village head or chief
* Other traditional leaders or elders of the village

Note: The composition of the Village Assembly may vary depending on the specific village or community.",,
LL004,Constitution & Law,Village Assembly Composition,Nepali,गाउँ सभाका सदस्यहरू को-को हुन्छन्?,"अध्यक्ष, उपाध्यक्ष, वडा अध्यक्षहरू, प्रत्येक वडाबाट चार सदस्य र गाउँ कार्यपालिकाका दलित वा अल्पसंख्यक सदस्यहरू।",गाउँ सभाका सदस्यहरू गाउँका निवासी हुन्छन् ।,,
LL005,Constitution & Law,Village Assembly Composition,English,How many women must be represented from each ward in a Village Assembly?,At least two women.,1/3,,
LL005,Constitution & Law,Village Assembly Composition,Nepali,गाउँ सभामा प्रत्येक वडाबाट कति जना महिला प्रतिनिधित्व हुनुपर्छ?,कम्तीमा दुई जना महिला।,गाउँ सभामा प्रत्येक वडाबाट १ जना महिला प्रतिनिधित्व हुनुपर्छ ।,,
LL006,Constitution & Law,Ward Committee,English,What is the composition of a Ward Committee of a Village Body?,One Ward Chairperson and four members.,"A Ward Committee of a Village Body typically consists of 10 members, including:

1. 5 elected members from the village
2. 2 members from the local self-government institutions (e.g. Panchayat)
3. 2 members from the local NGOs or voluntary organizations
4. 1 member from the local government or administration
5. 1 member from the local educational institutions",,
LL006,Constitution & Law,Ward Committee,Nepali,गाउँपालिकाको वडा समितिको संरचना कस्तो हुन्छ?,एक वडा अध्यक्ष र चार सदस्य।,गाउँपालिकाको वडा समितिको संरचना ५ सदस्य हुन्छ ।,,
LL007,Constitution & Law,Voting Rights,English,What is the minimum age required to vote in Village Assembly elections?,Eighteen years.,18,,
LL007,Constitution & Law,Voting Rights,Nepali,गाउँ सभा निर्वाचनमा मतदान गर्न न्यूनतम उमेर कति हुनुपर्छ?,अठार वर्ष।,उत्तर: १८ वर्ष,,
LL008,Constitution & Law,Village Assembly Qualification,English,What is the minimum age qualification to become a candidate for Village Assembly membership?,Twenty-one years.,21 years,,
LL008,Constitution & Law,Village Assembly Qualification,Nepali,गाउँ सभा सदस्यको उम्मेदवार बन्न न्यूनतम उमेर कति हुनुपर्छ?,एक्काइस वर्ष।,उत्तर: १८ वर्ष,,
LL009,Constitution & Law,Village Assembly Qualification,English,"Besides citizenship and age, what electoral requirement must a Village Assembly candidate fulfill?",Name included in the electoral rolls of the Village Body.,Residency in the village for at least 6 months.,,
LL009,Constitution & Law,Village Assembly Qualification,Nepali,नागरिकता र उमेर बाहेक गाउँ सभा सदस्यको उम्मेदवारले कुन निर्वाचनसम्बन्धी योग्यता पूरा गर्नुपर्छ?,गाउँपालिकाको मतदाता नामावलीमा नाम समावेश भएको।,नागरिकता र उमेर बाहेक गाउँ सभा सदस्यको उम्मेदवारले निर्वाचनसम्बन्धी योग्यता पूरा गर्नुपर्छ ।,,
LL010,Constitution & Law,Municipal Assembly,English,What legislative body exists in each Municipality?,Municipal Assembly.,Municipal Council,,
LL010,Constitution & Law,Municipal Assembly,Nepali,प्रत्येक नगरपालिकामा कुन विधायिकी निकाय हुन्छ?,नगर सभा।,प्रत्येक नगरपालिकामा स्थानीय विकास विभागको विधायिकी निकाय हुन्छ ।,,
LL011,Constitution & Law,Municipal Assembly Composition,English,Who are the members of the Municipal Assembly?,"Mayor, Deputy Mayor, Ward Chairpersons, four members from each Ward, and Dalit or minority members of the Municipal Executive.",I don't have enough information to provide a specific answer. Could you please provide more context or specify which Municipal Assembly you are referring to?,,
LL011,Constitution & Law,Municipal Assembly Composition,Nepali,नगर सभाका सदस्यहरू को-को हुन्छन्?,"प्रमुख, उपप्रमुख, वडा अध्यक्षहरू, प्रत्येक वडाबाट चार सदस्य र नगर कार्यपालिकाका दलित वा अल्पसंख्यक सदस्यहरू।","नगर सभाका सदस्यहरू निर्वाचित सदस्य, निर्वाचित प्रतिनिधि र निर्वाचित प्रशासक हुन्छन् ।",,
LL012,Constitution & Law,Municipal Assembly Composition,English,How many women must be represented from each Ward in a Municipal Assembly?,At least two women.,1/3,,
LL012,Constitution & Law,Municipal Assembly Composition,Nepali,नगर सभामा प्रत्येक वडाबाट कति जना महिला प्रतिनिधित्व हुनुपर्छ?,कम्तीमा दुई जना महिला।,नगर सभामा प्रत्येक वडाबाट १ जना महिला प्रतिनिधित्व हुनुपर्छ ।,,
LL013,Constitution & Law,Municipal Assembly,English,What is the same required composition of Ward Committees in Village Bodies and Municipalities?,One Ward Chairperson and four members.,1/3rd of the total number of elected members,,
LL013,Constitution & Law,Municipal Assembly,Nepali,गाउँपालिका र नगरपालिकाका वडा समितिको समान संरचना के हो?,एक वडा अध्यक्ष र चार सदस्य।,गाउँपालिका र नगरपालिकाका वडा समितिको समान संरचना हो ।,,
LL014,Constitution & Law,Municipal Assembly Voting Rights,English,What is the minimum age required to vote in Municipal Assembly elections?,Eighteen years.,18,,
LL014,Constitution & Law,Municipal Assembly Voting Rights,Nepali,नगर सभा निर्वाचनमा मतदान गर्न न्यूनतम उमेर कति हुनुपर्छ?,अठार वर्ष।,१८ वर्ष,,
LL015,Constitution & Law,Municipal Assembly Qualification,English,What qualifications are required to become a candidate for Municipal Assembly membership?,"Nepali citizenship, twenty-one years of age, name in Municipality electoral rolls, and not disqualified by law.","To be a candidate for Municipal Assembly membership, one typically needs to meet the following qualifications:

1. Age: Be at least 18 years old.
2. Citizenship: Be a citizen of the country (in this case, the country where the Municipal Assembly is located).
3. Residency: Be a resident of the municipality for a certain period, usually at least 6 months.
4. Registration: Be registered as a voter in the municipality.
5. Nomination: Be nominated by a political party or as an independent candidate.
6. Compliance with electoral laws: Comply with the electoral laws and regulations of the municipality.

Note: The specific qualifications may vary depending on the country, state, or local laws governing the Municipal Assembly.",,
LL015,Constitution & Law,Municipal Assembly Qualification,Nepali,नगर सभा सदस्यको उम्मेदवार बन्न के-कस्ता योग्यता आवश्यक हुन्छन्?,"नेपालको नागरिकता, २१ वर्ष उमेर, नगरपालिकाको मतदाता नामावलीमा नाम, र कानुनद्वारा अयोग्य नभएको।","नगर सभा सदस्यको उम्मेदवार बन्न के-कस्ता योग्यता आवश्यक हुन्छन्:

१. नेपाली नागरिक हुनुपर्छ।
२. १८ वर्ष बetà हुनुपर्छ।
३. निर्वाचन क्षेत्र अन्तर्गत निवासी हुनुपर्छ।
४. निर्वाचन क्षेत्र अन्तर्गत निवासी हुनुपर्छ।",,
LL016,Constitution & Law,Assembly Leadership,English,Who automatically becomes the Chairperson and Vice-Chairperson of the Village Assembly?,Chairperson and Vice-Chairperson of the Village Executive.,The Sarpanch and the Deputy Sarpanch.,,
LL016,Constitution & Law,Assembly Leadership,Nepali,गाउँ सभाको अध्यक्ष र उपाध्यक्ष स्वतः को हुन्छ?,गाउँ कार्यपालिकाका अध्यक्ष र उपाध्यक्ष।,नयाँ गाउँ सभाको अध्यक्ष र उपाध्यक्ष स्वतः हुन्छन ।,,
LL017,Constitution & Law,Assembly Leadership,English,Who automatically becomes the Chairperson and Vice-Chairperson of the Municipal Assembly?,Mayor and Deputy Mayor of the Municipal Executive.,The Mayor and the Deputy Mayor.,,
LL017,Constitution & Law,Assembly Leadership,Nepali,नगर सभाको अध्यक्ष र उपाध्यक्ष स्वतः को हुन्छ?,नगर कार्यपालिकाका प्रमुख र उपप्रमुख।,नगर सभाको अध्यक्ष र उपाध्यक्ष स्वतः हुन्छ ।,,
LL018,Constitution & Law,Assembly Term,English,What is the term of the Village Assembly and Municipal Assembly?,Five years.,5 years,,
LL018,Constitution & Law,Assembly Term,Nepali,गाउँ सभा र नगर सभाको कार्यकाल कति हुन्छ?,पाँच वर्ष।,गाउँ सभा र नगर सभाको कार्यकाल ५ वर्ष हुन्छ ।,,
LL019,Constitution & Law,Assembly Election Timeline,English,When must another Village Assembly or Municipal Assembly be elected after expiration of the current term?,Not later than six months after expiration of the term.,Within 60 days.,,
LL019,Constitution & Law,Assembly Election Timeline,Nepali,हालको गाउँ सभा वा नगर सभाको कार्यकाल समाप्त भएपछि अर्को सभा कहिलेसम्म निर्वाचित गर्नुपर्छ?,कार्यकाल समाप्त भएको छ महिनाभित्र।,हालको गाउँ सभा वा नगर सभाको कार्यकाल समाप्त भएपछि अर्को सभा १ वर्ष पूर्व निर्वाचित गर्नुपर्छ।,,
LL020,Constitution & Law,Law Making Power,English,On which matters may a Village Assembly and Municipal Assembly make laws?,Matters contained in Schedule-8 and Schedule-9.,Local matters.,,
LL020,Constitution & Law,Law Making Power,Nepali,गाउँ सभा र नगर सभाले कुन विषयमा कानुन बनाउन सक्छन्?,अनुसूची–८ र अनुसूची–९ मा रहेका विषयहरू।,"गाउँ सभा र नगर सभाले सामाजिक, सांस्कृतिक, आर्थिक, स्वास्थ्य, शिक्षा आदि विषयमा कानुन बनाउन सक्छन्।",,
LFP001,Constitution & Law,Local Financial Procedures,English,Under what condition may taxes be levied and collected and loans be raised at the Local Level?,Only in accordance with law.,Under Article 268 of the Constitution of India.,,
LFP001,Constitution & Law,Local Financial Procedures,Nepali,स्थानीय तहमा कर लगाउन र उठाउन तथा ऋण उठाउन कुन अवस्थामा पाइन्छ?,कानुन बमोजिम मात्र।,स्थानीय तहमा कर लगाउन र उठाउन तथा ऋण उठाउन स्थानीय संस्थाको अवस्थामा पाइन्छ ।,,
LFP002,Constitution & Law,Local Taxation,English,On what matters may the Local Level levy taxes by law?,Matters falling within its domain.,Matters of local concern.,,
LFP002,Constitution & Law,Local Taxation,Nepali,स्थानीय तहले कानुन बनाएर कुन विषयमा कर लगाउन सक्छ?,आफ्नो अधिकार क्षेत्रभित्र पर्ने विषयमा।,स्थानीय तहले कानुन बनाएर व्यापार विषयमा कर लगाउन सक्छ ।,,
LFP003,Constitution & Law,Local Taxation,English,What factors must the Local Level consider while levying taxes within its domain?,"National economic policies, carriage of goods and services, capital and labour market, and neighbouring State or Local Level.","The Local Level must consider the following factors while levying taxes within its domain:

1. Ability to pay: The tax burden should be distributed fairly among taxpayers based on their ability to pay.
2. Tax base: The tax base should be broad and stable to ensure a steady revenue stream.
3. Tax incidence: The tax should be levied in a way that minimizes its impact on the poor and vulnerable sections of society.
4. Economic impact: The tax should not stifle economic growth or discourage investment within the domain.
5. Public expenditure: The tax revenue should be used to fund essential public services and infrastructure.
6. Taxpayer consent: The tax should be levied with the consent of the taxpayers, either through direct representation or through",,
LFP003,Constitution & Law,Local Taxation,Nepali,स्थानीय तहले आफ्नो अधिकार क्षेत्रमा कर लगाउँदा कुन-कुन विषयलाई ध्यान दिनुपर्छ?,"राष्ट्रिय आर्थिक नीति, वस्तु तथा सेवाको ओसारपसार, पुँजी तथा श्रम बजार, र छिमेकी प्रदेश वा स्थानीय तह।","स्थानीय तहले आफ्नो अधिकार क्षेत्रमा कर लगाउँदा निम्न विषयलाई ध्यान दिनुपर्छ:

१. स्थानीय तहको बजेट
२. स्थानीय तहको व्यय
३. स्थानीय तहको आय
४. स्थानीय तहको कर व्यवस्था",,
LFP004,Constitution & Law,Local Consolidated Fund,English,What fund shall each Village Body and Municipality have under the Local Level?,Local Consolidated Fund.,The Local Government Fund,,
LFP004,Constitution & Law,Local Consolidated Fund,Nepali,स्थानीय तहअन्तर्गत प्रत्येक गाउँपालिका र नगरपालिकासँग कुन कोष हुन्छ?,स्थानीय सञ्चित कोष।,स्थानीय तहअन्तर्गत प्रत्येक गाउँपालिका र नगरपालिकासँग स्थानीय विकास कोष हुन्छ।,,
LFP005,Constitution & Law,Local Consolidated Fund,English,Which sources of money are credited to the Local Consolidated Fund?,"Revenues, grants from the Government of Nepal and State Government, loans raised by the Local Level, and amounts received from other sources.","Local taxes, rates, and other local charges.",,
LFP005,Constitution & Law,Local Consolidated Fund,Nepali,स्थानीय सञ्चित कोषमा कुन-कुन रकम जम्मा गरिन्छ?,"राजस्व, नेपाल सरकार र प्रदेश सरकारबाट प्राप्त अनुदान, स्थानीय तहले उठाएका ऋण तथा अन्य स्रोतबाट प्राप्त रकम।","स्थानीय सञ्चित कोषमा वार्षिक व्ययको १० प्रतिशत, वार्षिक व्ययको ५ प्रतिशत, स्थानीय सञ्चित कोषमा जम्मा गरिन्छ।",,
LFP006,Constitution & Law,Local Consolidated Fund,English,Which law provides for expenditures from the Local Consolidated Fund?,Local law.,The Local Government Finance Act 1888,,
LFP006,Constitution & Law,Local Consolidated Fund,Nepali,स्थानीय सञ्चित कोषबाट हुने खर्चसम्बन्धी विषय कुन कानुनले व्यवस्था गर्छ?,स्थानीय कानुन।,"स्थानीय सञ्चित कोषबाट हुने खर्चसम्बन्धी विषय स्थानीय विकास कानुन, २०७४ कानुनले व्यवस्था गर्छ ।",,
LFP007,Constitution & Law,Local Budget Procedure,English,Which bodies prepare and pass the annual revenue and expenditure estimates at the Local Level?,Village Executive and Municipal Executive prepare; Village Assembly and Municipal Assembly pass them.,The Local Governments and the State Governments.,,
LFP007,Constitution & Law,Local Budget Procedure,Nepali,स्थानीय तहमा वार्षिक आय–व्यय अनुमान कसले पेश गर्छ र कसले पारित गर्छ?,गाउँ कार्यपालिका र नगर कार्यपालिकाले पेश गर्छन्; गाउँ सभा र नगर सभाले पारित गर्छन्।,स्थानीय तहमा वार्षिक आय–व्यय अनुमान प्रस्तुत गर्ने व्यक्ति पेश गर्छ र पारित गर्ने व्यक्ति प्रशासकले गर्छ।,,
LFP008,Constitution & Law,Local Budget Procedure,English,What must a Village Executive or Municipal Executive propose if it presents a deficit budget?,Sources to meet the deficit.,A tax increase.,,
LFP008,Constitution & Law,Local Budget Procedure,Nepali,गाउँ कार्यपालिका वा नगर कार्यपालिकाले घाटा बजेट पेश गरेमा के प्रस्ताव गर्नुपर्छ?,घाटा पूर्ति गर्ने स्रोतहरू।,गाउँ कार्यपालिका वा नगर कार्यपालिकाले घाटा बजेट पेश गरेमा त्यसको प्रस्ताव सरकारले पारित गर्नुपर्छ।,,
FI001,Constitution & Law,Legislative Interrelations,English,To what extent may Federal Law be made applicable according to Article 231?,The whole of Nepal or any part of its territory.,"Article 231 of the German Constitution (Grundgesetz) states that federal law may be made applicable to the extent that it is necessary to protect the unity and integrity of the federal state, to maintain public order, or to safeguard the rights of the federal government.",,
FI001,Constitution & Law,Legislative Interrelations,Nepali,धारा २३१ अनुसार संघीय कानून कुन क्षेत्रमा लागू गर्न सकिन्छ?,नेपालको सम्पूर्ण भूभाग वा आवश्यक परे कुनै भागमा।,उत्तर: संघीय कानून कुन क्षेत्रमा लागू गर्न सकिन्छ- संघीय कानून कुन क्षेत्रमा लागू गर्न सकिन्छ- संघीय कानून कुन क्षेत्रमा लागू गर्न सकिन्छ- संघीय कानून कुन क्षेत्रमा लागू गर्न सकिन्छ- संघीय कानून कुन क्षेत्रमा लागू गर्न सकिन्छ- संघीय कानून कुन क्षेत्रमा लागू गर्न सकिन्छ- संघीय कानून कुन क्षेत्रमा लाग,,
FI002,Constitution & Law,Legislative Interrelations,English,What is the difference between the applicability of Federal Law and State Law under Article 231?,Federal Law applies to Nepal or any part of Nepal; State Law applies to the whole or any part of that State.,"Article 231 of the US Constitution does not exist. However, I assume you are referring to Article III, Section 2, Clause 1, which is also known as the Supremacy Clause.

Under the Supremacy Clause, federal law takes precedence over state law when there is a conflict between the two. Federal law applies to all matters that involve:

* Interstate commerce
* Foreign affairs
* The Constitution
* Federal treaties

State law applies to all matters that do not involve these areas.",,
FI002,Constitution & Law,Legislative Interrelations,Nepali,धारा २३१ अनुसार संघीय कानून र प्रदेश कानूनको लागू हुने क्षेत्रबीच के फरक छ?,संघीय कानून नेपालभर वा कुनै भागमा लागू हुन्छ; प्रदेश कानून सम्बन्धित प्रदेशभर वा त्यसको कुनै भागमा लागू हुन्छ।,संघीय कानून र प्रदेश कानूनको लागू हुने क्षेत्रबीच कोइ फरक छैन ।,,
FI003,Constitution & Law,Legislative Interrelations,English,When may the Federal Parliament make laws on matters listed in Schedule-6 for States?,When two or more States request the Government of Nepal to make such laws.,When the Federal Parliament has a joint recommendation from the Houses of both the State and the Commonwealth.,,
FI003,Constitution & Law,Legislative Interrelations,Nepali,अनुसूची-६ मा रहेका विषयमा संघीय संसदले कहिले कानून बनाउन सक्छ?,दुई वा दुईभन्दा बढी प्रदेशले नेपाल सरकारलाई कानून बनाउन अनुरोध गरेमा।,अनुसूची-६ मा रहेका विषयमा संघीय संसदले संविधान अनुसार २/३ बहुमतले कानून बनाउन सक्छ।,,
FI004,Constitution & Law,Federal-State Relations,English,"What principles form the basis of relations between the Federation, States, and Local levels?","Cooperation, co-existence and coordination.","The principles of federalism, including:

1. Division of powers
2. Separation of powers
3. Checks and balances
4. Cooperative federalism
5. Subsidiarity",,
FI004,Constitution & Law,Federal-State Relations,Nepali,"संघ, प्रदेश र स्थानीय तहबीचको सम्बन्ध कुन सिद्धान्तमा आधारित हुन्छ?","सहकार्य, सहअस्तित्व र समन्वय।","संघ, प्रदेश र स्थानीय तहबीचको सम्बन्ध संविधान को १४ औं अनुचेदमा आधारित हुन्छ ।",,
FI005,Constitution & Law,Federal-State Relations,English,Who may give necessary directions to a State Council of Ministers on matters of national importance?,The Government of Nepal.,The President of India,,
FI005,Constitution & Law,Federal-State Relations,Nepali,राष्ट्रिय महत्वका विषयमा प्रदेश मन्त्रिपरिषद्लाई आवश्यक निर्देशन कसले दिन सक्छ?,नेपाल सरकारले।,प्रधानमन्त्री,,
FI006,Constitution & Law,Federal-State Relations,English,For how long may the President suspend or dissolve a State Council of Ministers and State Assembly under Article 232(3)?,Not exceeding six months.,6 months,,
FI006,Constitution & Law,Federal-State Relations,Nepali,धारा २३२(३) अनुसार राष्ट्रपतिले प्रदेश मन्त्रिपरिषद् र प्रदेश सभा कति समयसम्म निलम्बन वा विघटन गर्न सक्छन्?,छ महिनाभन्दा बढी नहुने गरी।,उत्तर: ६ महिना,,
FI007,Constitution & Law,Federal-State Relations,English,What majority of the Federal Parliament is required to ratify suspension or dissolution of a State Council of Ministers and State Assembly?,Two-thirds majority of the total number of existing members.,Two-thirds,,
FI007,Constitution & Law,Federal-State Relations,Nepali,प्रदेश मन्त्रिपरिषद् र प्रदेश सभा निलम्बन वा विघटनको अनुमोदन गर्न संघीय संसदमा कस्तो बहुमत आवश्यक हुन्छ?,तत्काल कायम रहेका सदस्यहरूको दुई तिहाइ बहुमत।,संघीय संसदमा २/३ बहुमत आवश्यक हुन्छ ।,,
FI008,Constitution & Law,Federal-State Relations,English,Within how many days must the Federal Parliament ratify a suspension or dissolution made under Article 232(3)?,Within thirty-five days.,60 days,,
FI008,Constitution & Law,Federal-State Relations,Nepali,धारा २३२(३) अन्तर्गत गरिएको निलम्बन वा विघटनलाई संघीय संसदले कति दिनभित्र अनुमोदन गर्नुपर्छ?,पैँतीस दिनभित्र।,उत्तर: ६ महिना,,
FI009,Constitution & Law,Federal-State Relations,English,"If dissolution of a State Assembly is ratified, within what period must an election be held?",Within six months.,6 months,,
FI009,Constitution & Law,Federal-State Relations,Nepali,प्रदेश सभा विघटन अनुमोदन भएमा कति समयभित्र निर्वाचन गरिनुपर्छ?,छ महिनाभित्र।,प्रदेश सभा विघटन अनुमोदन भएमा ६ महिना भित्र निर्वाचन गरिनुपर्छ ।,,
FI010,Constitution & Law,Federal-State Relations,English,"During Federal rule in a State, which body may make laws on Schedule-6 matters?",The Federal Parliament.,The Governor,,
FI010,Constitution & Law,Federal-State Relations,Nepali,प्रदेशमा संघीय शासन कायम रहेको समयमा अनुसूची-६ का विषयमा कानून कसले बनाउन सक्छ?,संघीय संसदले।,संविधान सभा कानून,,
FI011,Constitution & Law,Inter-State Relations,English,What must one State do regarding legal provisions or judicial and administrative decisions of another State?,Render assistance in execution.,Respect them.,,
FI011,Constitution & Law,Inter-State Relations,Nepali,एउटा प्रदेशले अर्को प्रदेशको कानूनी व्यवस्था वा न्यायिक तथा प्रशासनिक निर्णय सम्बन्धमा के गर्नुपर्छ?,कार्यान्वयनमा सहयोग गर्नुपर्छ।,एउटा प्रदेशले अर्को प्रदेशको कानूनी व्यवस्था वा न्यायिक तथा प्रशासनिक निर्णय सम्बन्धमा कुनै पनि कार्य गर्नुपर्नहुन्छ।,,
FI012,Constitution & Law,Inter-State Council,English,Who chairs the Inter-State Council?,The Prime Minister.,The President of India,,
FI012,Constitution & Law,Inter-State Council,Nepali,अन्तरप्रदेश परिषद्को अध्यक्ष को हुन्छ?,प्रधानमन्त्री।,अन्तरप्रदेश परिषद्को अध्यक्ष राष्ट्रपति हुन्छ ।,,
FI013,Constitution & Law,Inter-State Council,English,Which ministers of the Government of Nepal are members of the Inter-State Council?,Minister for Home Affairs and Minister for Finance.,"The ministers of the Government of Nepal who are members of the Inter-State Council are:

1. Prime Minister
2. Minister for Home Affairs
3. Minister for External Affairs
4. Minister for Defence",,
FI013,Constitution & Law,Inter-State Council,Nepali,अन्तरप्रदेश परिषद्को सदस्यको रूपमा नेपाल सरकारका कुन मन्त्रीहरू रहने व्यवस्था छ?,गृह मन्त्री र अर्थ मन्त्री।,नेपाल सरकारका मन्त्रीहरू अन्तरप्रदेश परिषद्को सदस्यको रूपमा रहने व्यवस्था छ।,,
FI014,Constitution & Law,Inter-State Council,English,What is the purpose of establishing the Inter-State Council?,To settle political disputes between the Federation and a State and between States.,To facilitate coordination and cooperation among the states and the central government on matters of common interest.,,
FI014,Constitution & Law,Inter-State Council,Nepali,अन्तरप्रदेश परिषद् स्थापना गर्नुको उद्देश्य के हो?,संघ र प्रदेश तथा प्रदेशहरूबीच उत्पन्न राजनीतिक विवाद समाधान गर्नु।,"अन्तरप्रदेश परिषद् स्थापना गर्नुको उद्देश्य राज्यहरूको बीचको सामाजिक, आर्थिक, सांस्कृतिक, शैक्षिक, सांस्कृतिक, सामाजिक, आर्थिक, सांस्कृतिक, शैक्षिक, सांस्कृतिक, सामाजिक, आर्थिक, सांस्कृतिक, शैक्षिक, सांस्कृतिक, सामाजिक, आर्थिक, सांस्कृतिक, शैक्षिक, सांस्कृतिक, सामाजिक, आर",,
FI015,Constitution & Law,Inter-State Trade,English,What is prohibited regarding carriage of goods and extension of services between States and Local levels?,"Obstruction, taxation, fees, charges, or discrimination.",Article 268 of the Indian Constitution prohibits the carriage of goods and the extension of services between States and Local levels.,,
FI015,Constitution & Law,Inter-State Trade,Nepali,प्रदेश र स्थानीय तहबीच वस्तु तथा सेवाको आवतजावत सम्बन्धमा के निषेध गरिएको छ?,"अवरोध, कर, शुल्क, दस्तुर वा भेदभाव।",प्रदेश र स्थानीय तहबीच वस्तु तथा सेवाको आवतजावत सम्बन्धमा निषेध गरिएको छ कि स्थानीय तहले वस्तु तथा सेवाको आवतजावत गर्ने निषेध गरिएको छ ।,,
FI016,Constitution & Law,Constitutional Jurisdiction,English,Does Part-20 affect the jurisdiction of the Constitutional Bench of the Supreme Court?,"No, it does not affect it.",No,,
FI016,Constitution & Law,Constitutional Jurisdiction,Nepali,भाग-२० ले सर्वोच्च अदालतको संवैधानिक इजलासको अधिकारक्षेत्रलाई असर गर्छ कि गर्दैन?,गर्दैन।,भाग-२० ले सर्वोच्च अदालतको संवैधानिक इजलासको अधिकारक्षेत्रलाई असर गर्दैन।,,
CIA001,Constitution & Law,Commission for Investigation of Abuse of Authority,English,What is the constitutional name of the anti-corruption commission established under Article 238?,Commission for the Investigation of Abuse of Authority of Nepal.,National Accountability Bureau (NAB),,
CIA001,Constitution & Law,Commission for Investigation of Abuse of Authority,Nepali,धारा २३८ अनुसार स्थापना गरिएको भ्रष्टाचार अनुसन्धान गर्ने आयोगको संवैधानिक नाम के हो?,अख्तियार दुरुपयोग अनुसन्धान आयोग।,संविधान संशोधन आयोग,,
CIA002,Constitution & Law,Commission for Investigation of Abuse of Authority,English,How many members are included in the Commission for the Investigation of Abuse of Authority?,Five members including one Chief Commissioner and four Commissioners.,9,,
CIA002,Constitution & Law,Commission for Investigation of Abuse of Authority,Nepali,अख्तियार दुरुपयोग अनुसन्धान आयोगमा कति जना सदस्य रहने व्यवस्था छ?,एक जना प्रमुख आयुक्त र चार जना आयुक्त गरी पाँच जना।,अख्तियार दुरुपयोग अनुसन्धान आयोगमा ११ जना सदस्य रहने व्यवस्था छ ।,,
CIA003,Constitution & Law,Commission for Investigation of Abuse of Authority,English,Who acts as the Chairperson of the Commission for the Investigation of Abuse of Authority?,The Chief Commissioner.,The Chief Justice of Nepal.,,
CIA003,Constitution & Law,Commission for Investigation of Abuse of Authority,Nepali,अख्तियार दुरुपयोग अनुसन्धान आयोगको अध्यक्षको रूपमा कसले काम गर्छ?,प्रमुख आयुक्तले।,अख्तियार दुरुपयोग अनुसन्धान आयोगको अध्यक्षको रूपमा न्यायाधीश काम गर्छ।,,
CIA004,Constitution & Law,Appointment of Constitutional Bodies,English,Who appoints the Chief Commissioner and Commissioners of the Commission for the Investigation of Abuse of Authority?,The President.,The President of the Republic of Indonesia.,,
CIA004,Constitution & Law,Appointment of Constitutional Bodies,Nepali,अख्तियार दुरुपयोग अनुसन्धान आयोगका प्रमुख आयुक्त र आयुक्तलाई कसले नियुक्त गर्छ?,राष्ट्रपतिले।,नेपाल सरकार,,
CIA005,Constitution & Law,Appointment of Constitutional Bodies,English,On whose recommendation does the President appoint the Chief Commissioner and Commissioners?,Constitutional Council.,The Governor,,
CIA005,Constitution & Law,Appointment of Constitutional Bodies,Nepali,राष्ट्रपतिले प्रमुख आयुक्त र आयुक्तलाई कसको सिफारिसमा नियुक्त गर्छन्?,संवैधानिक परिषद्।,संविधान,,
CIA006,Constitution & Law,Term of Constitutional Bodies,English,What is the term of office of the Chief Commissioner and Commissioners?,Six years from the date of appointment.,5 years,,
CIA006,Constitution & Law,Term of Constitutional Bodies,Nepali,प्रमुख आयुक्त र आयुक्तहरूको पदावधि कति वर्षको हुन्छ?,नियुक्तिको मितिले छ वर्ष।,प्रमुख आयुक्त र आयुक्तहरूको पदावधि ३ वर्षको हुन्छ ।,,
CIA007,Constitution & Law,Vacancy of Constitutional Offices,English,At what age does the office of the Chief Commissioner or Commissioner become vacant?,Sixty-five years.,65 years,,
CIA007,Constitution & Law,Vacancy of Constitutional Offices,Nepali,प्रमुख आयुक्त वा आयुक्तको पद कुन उमेर पुगेपछि रिक्त हुन्छ?,पैँसठ्ठी वर्ष।,उत्तर: ६० वर्ष पुगेपछि रिक्त हुन्छ ।,,
CIA008,Constitution & Law,Eligibility Requirements,English,What minimum age is required to be appointed as Chief Commissioner or Commissioner?,Forty-five years.,45 years,,
CIA008,Constitution & Law,Eligibility Requirements,Nepali,प्रमुख आयुक्त वा आयुक्त बन्न न्यूनतम उमेर कति हुनुपर्छ?,पैँतालीस वर्ष।,उत्तर: ३५,,
CIA009,Constitution & Law,Eligibility Requirements,English,What minimum educational qualification is required for appointment as Chief Commissioner or Commissioner?,Bachelor's degree from a recognized university.,Bachelor's degree from a recognized university.,,
CIA009,Constitution & Law,Eligibility Requirements,Nepali,प्रमुख आयुक्त वा आयुक्त नियुक्तिका लागि न्यूनतम शैक्षिक योग्यता के हो?,मान्यता प्राप्त विश्वविद्यालयबाट स्नातक उपाधि।,प्रमुख आयुक्त वा आयुक्त नियुक्तिका लागि न्यूनतम शैक्षिक योग्यता कुलागम वा स्नातकोत्तर वा समकक्ष शैक्षिक योग्यता हो ।,,
CIA010,Constitution & Law,Eligibility Requirements,English,How many years of experience must a person have in specified fields to qualify as Chief Commissioner or Commissioner?,At least twenty years.,25 years,,
CIA010,Constitution & Law,Eligibility Requirements,Nepali,प्रमुख आयुक्त वा आयुक्त बन्न सम्बन्धित क्षेत्रमा कति वर्षको अनुभव आवश्यक हुन्छ?,कम्तीमा बीस वर्ष।,प्रमुख आयुक्त वा आयुक्त बन्न सम्बन्धि क्षेत्रमा १५ वर्षको अनुभव आवश्यक हुन्छ ।,,
CIA011,Constitution & Law,Eligibility Requirements,English,Can a member of a political party at the time of appointment become Chief Commissioner or Commissioner?,No.,Yes.,,
CIA011,Constitution & Law,Eligibility Requirements,Nepali,नियुक्तिको समयमा राजनीतिक दलको सदस्य रहेको व्यक्ति प्रमुख आयुक्त वा आयुक्त बन्न सक्छ?,सक्दैन।,नियुक्तिको समयमा राजनीतिक दलको सदस्य रहेको व्यक्ति प्रमुख आयुक्त वा आयुक्त बन्न सक्छ ।,,
CIA012,Constitution & Law,Restrictions on Appointment,English,Is a person once appointed as Chief Commissioner or Commissioner eligible for another government service?,No.,No.,,
CIA012,Constitution & Law,Restrictions on Appointment,Nepali,एक पटक प्रमुख आयुक्त वा आयुक्त नियुक्त भएको व्यक्ति अन्य सरकारी सेवामा नियुक्त हुन योग्य हुन्छ?,हुँदैन।,नयाँ,,
CIA013,Constitution & Law,Functions and Powers,English,What type of abuse may the Commission investigate under Article 239?,Abuse of authority committed through corruption by a person holding public office.,Misconduct in relation to the public service.,,
CIA013,Constitution & Law,Functions and Powers,Nepali,धारा २३९ अनुसार आयोगले कस्तो दुरुपयोगको अनुसन्धान गर्न सक्छ?,सार्वजनिक पद धारण गरेको व्यक्तिले भ्रष्टाचारमार्फत गरेको अख्तियार दुरुपयोग।,धारा २३९ अनुसार आयोगले कुनै व्यक्ति विरुद्ध दुरुपयोगको अनुसन्धान गर्न सक्छ।,,
CIA014,Constitution & Law,Functions and Powers,English,Does the Commission investigate every public official involved in abuse of authority?,"No, exceptions apply where the Constitution or other law provides separate provisions.",No.,,
CIA014,Constitution & Law,Functions and Powers,Nepali,के आयोगले अख्तियार दुरुपयोग गर्ने सबै सार्वजनिक अधिकारीको अनुसन्धान गर्छ?,"गर्दैन, संविधान वा अन्य कानूनले छुट्टै व्यवस्था गरेको अवस्थामा अपवाद हुन्छ।",नेपाल सरकारले स्थापित गरेको प्रेस काउन्सिलले ।,,
CIA015,Constitution & Law,Investigation Procedures,English,When may the Commission investigate persons removable by impeachment or Judicial Council action?,After they have been removed from office.,When the Commission has reason to believe that a removable person has engaged in misconduct.,,
CIA015,Constitution & Law,Investigation Procedures,Nepali,महाभियोग वा न्याय परिषद्बाट हटाउन सकिने व्यक्तिको अनुसन्धान आयोगले कहिले गर्न सक्छ?,पदबाट हटाइसकेपछि।,"उत्तर: संविधान अनुसार, महाभियोग वा न्याय परिषद्बाट हटाउन सकिने व्यक्तिको अनुसन्धान आयोगले संसदको अनुमति लिएर गर्न सक्छ।",,
CIA016,Constitution & Law,Legal Actions by Constitutional Bodies,English,Where may the Commission file a case if corruption is established through investigation?,In the competent court.,The National Anti-Corruption Bureau (NACB) or the National Anti-Corruption Commission (NACC),,
CIA016,Constitution & Law,Legal Actions by Constitutional Bodies,Nepali,अनुसन्धानबाट भ्रष्टाचार प्रमाणित भएमा आयोगले कहाँ मुद्दा दायर गर्न सक्छ?,सम्बन्धित सक्षम अदालतमा।,अनुसन्धानबाट भ्रष्टाचार प्रमाणित भएमा आयोगले न्यायालयमा मुद्दा दायर गर्न सक्छ ।,,
CIA017,Constitution & Law,Delegation of Authority,English,"To whom may the Commission delegate its functions, duties and powers?","Chief Commissioner, Commissioner, or officer employee of the Government of Nepal.","The Commission may delegate its functions, duties and powers to:

* A committee of the Commission
* A member of the Commission
* A public service senior executive
* A person or body prescribed by the regulations.",,
CIA017,Constitution & Law,Delegation of Authority,Nepali,"आयोगले आफ्नो कार्य, कर्तव्य र अधिकार कसलाई प्रत्यायोजन गर्न सक्छ?","प्रमुख आयुक्त, आयुक्त वा नेपाल सरकारको अधिकृत कर्मचारीलाई।","आयोगले आफ्नो कार्य, कर्तव्य र अधिकार संविधानलाई प्रत्यायोजन गर्न सक्छ ।",,
CIA018,Constitution & Law,Functions and Powers,English,What action may the Commission take if an investigated matter falls under another official body's jurisdiction?,Write to the concerned official or body for necessary action.,The Commission may refer the matter to the relevant official body.,,
CIA018,Constitution & Law,Functions and Powers,Nepali,अनुसन्धान गरिएको विषय अर्को निकायको अधिकारक्षेत्रमा पर्ने देखिएमा आयोगले के गर्न सक्छ?,आवश्यक कारबाहीका लागि सम्बन्धित अधिकारी वा निकायलाई लेखी पठाउन सक्छ।,अनुसन्धान गरिएको विषय अर्को निकायको अधिकारक्षेत्रमा पर्ने देखिएमा आयोगले न्यायालयमा याचिका पेश गर्न सक्छ ।,,
AUD001,Constitution & Law,Auditor General,English,Which constitutional office shall exist as the Auditor General of Nepal?,Auditor General of Nepal.,Office of the Auditor General of Nepal is a constitutional office.,,
AUD001,Constitution & Law,Auditor General,Nepali,नेपालको संविधानमा कुन संवैधानिक पदको व्यवस्था गरिएको छ?,नेपालको महालेखा परीक्षक।,नेपालको संविधानमा राष्ट्रपतिको व्यवस्था गरिएको छ।,,
AUD002,Constitution & Law,Auditor General,English,Who appoints the Auditor General of Nepal?,The President.,"The President of Nepal, on the recommendation of the Prime Minister.",,
AUD002,Constitution & Law,Auditor General,Nepali,नेपालको महालेखा परीक्षकलाई कसले नियुक्त गर्छ?,राष्ट्रपति।,नेपालको महालेखा परीक्षकलाई नेपालको संसदले नियुक्त गर्छ ।,,
AUD003,Constitution & Law,Auditor General,English,On whose recommendation does the President appoint the Auditor General?,Constitutional Council.,The President of India appoints the Comptroller and Auditor General (CAG) on the recommendation of the Prime Minister.,,
AUD003,Constitution & Law,Auditor General,Nepali,राष्ट्रपतिले महालेखा परीक्षकलाई कसको सिफारिसमा नियुक्त गर्छन्?,संवैधानिक परिषद्।,संसदको सिफारिसमा,,
AUD004,Constitution & Law,Auditor General,English,What is the term of office of the Auditor General from the date of appointment?,Six years.,6 years,,
AUD004,Constitution & Law,Auditor General,Nepali,नियुक्तिको मितिदेखि महालेखा परीक्षकको पदावधि कति वर्षको हुन्छ?,छ वर्ष।,नियुक्तिको मितिदेखि महालेखा परीक्षकको पदावधि ६ वर्षको हुन्छ ।,,
AUD005,Constitution & Law,Auditor General,English,To whom must the Auditor General submit a written resignation to vacate the office?,The President.,The President of India.,,
AUD005,Constitution & Law,Auditor General,Nepali,पद रिक्त गराउन महालेखा परीक्षकले लिखित राजीनामा कसलाई बुझाउनुपर्छ?,राष्ट्रपति।,महालेखा परीक्षकले लिखित राजीनामा संबंधित पद रिक्त गराउने अधिकारी वा कर्मचारीलाई बुझाउनुपर्छ ।,,
AUD006,Constitution & Law,Auditor General,English,At what age does the office of Auditor General become vacant?,Sixty-five years.,65,,
AUD006,Constitution & Law,Auditor General,Nepali,कुन उमेर पुगेपछि महालेखा परीक्षकको पद रिक्त हुन्छ?,पैंसठ्ठी वर्ष।,६५ वर्ष पुगेपछि महालेखा परीक्षकको पद रिक्त हुन्छ ।,,
AUD007,Constitution & Law,Auditor General,English,Which constitutional process can remove the Auditor General from office before completion of the term?,Impeachment under Article 101.,Impeachment by the House of Representatives and removal by the Senate.,,
AUD007,Constitution & Law,Auditor General,Nepali,पदावधि पूरा हुनुअघि कुन संवैधानिक प्रक्रियाबाट महालेखा परीक्षक पदमुक्त हुन सक्छन्?,धारा १०१ बमोजिम महाभियोग।,संवैधानिक प्रक्रिया अनुसार पदावधि पूरा हुनुअघि महालेखा परीक्षक पदमुक्त हुन सक्छन्।,,
AUD008,Constitution & Law,Auditor General,English,Who recommends removal of the Auditor General due to physical or mental illness causing inability to perform duties?,Constitutional Council.,The Public Accounts Committee (PAC) of the Parliament.,,
AUD008,Constitution & Law,Auditor General,Nepali,शारीरिक वा मानसिक रोगका कारण कार्य गर्न असमर्थ भएमा महालेखा परीक्षकलाई हटाउन कसले सिफारिस गर्छ?,संवैधानिक परिषद्।,महालेखा परीक्षकलाई हटाउन सिफारिस गर्ने अधिकार कार्य गर्न असमर्थ भएका व्यक्तिको नातेदारले गर्छ।,,
AUD009,Constitution & Law,Auditor General,English,What happens to the office of the Auditor General if the Auditor General dies?,The office becomes vacant.,The office of the Auditor General becomes vacant.,,
AUD009,Constitution & Law,Auditor General,Nepali,महालेखा परीक्षकको मृत्यु भएमा पदको अवस्था के हुन्छ?,पद रिक्त हुन्छ।,महालेखा परीक्षकको मृत्यु भएमा पदको अवस्था रिटायर्ड हुन्छ ।,,
AUD010,Constitution & Law,Auditor General,English,Is the Auditor General appointed under Article 240(2) eligible for reappointment?,"No, not eligible.",No,,
AUD010,Constitution & Law,Auditor General,Nepali,धारा २४०(२) बमोजिम नियुक्त महालेखा परीक्षक पुनः नियुक्तिका लागि योग्य हुन्छन्?,"होइन, योग्य हुँदैन।",नियुक्त महालेखा परीक्षक पुनः नियुक्तिका लागि योग्य हुन्छन् यदि त्यस्तानि नियुक्तिका लागि योग्य हुन्छन्।,,
AUD011,Constitution & Law,Auditor General Qualification,English,What type of qualification is required regarding audit experience for appointment as Auditor General?,Twenty years of audit-related experience or equivalent specified qualification.,Chartered Accountant (CA),,
AUD011,Constitution & Law,Auditor General Qualification,Nepali,महालेखा परीक्षक नियुक्तिका लागि लेखापरीक्षण अनुभवसम्बन्धी कस्तो योग्यता आवश्यक छ?,बीस वर्ष लेखापरीक्षणसम्बन्धी अनुभव वा तोकिएको समकक्ष योग्यता।,"लेखापरीक्षण अनुभवसम्बन्धी कस्तो योग्यता आवश्यक छ?

कम्तिमा १० वर्ष को लेखापरीक्षण अनुभव",,
AUD012,Constitution & Law,Auditor General Qualification,English,Which academic fields are mentioned for a bachelor's degree qualification for Auditor General appointment?,"Management, commerce, or accounting.","Accounting, Economics, Finance, Public Administration, Public Policy, and Law.",,
AUD012,Constitution & Law,Auditor General Qualification,Nepali,महालेखा परीक्षक नियुक्तिका लागि स्नातक तहको कुन-कुन विषय उल्लेख गरिएको छ?,"व्यवस्थापन, वाणिज्य वा लेखा।","स्नातक तहको विषयहरू: अर्थशास्त्र, राजनीति विज्ञान, इतिहास, भूगोल, सामाजिक विज्ञान, व्याकरण, संस्कृत, अंग्रेजी वा अन्य विषय।",,
AUD013,Constitution & Law,Auditor General Qualification,English,Can a person who is a member of a political party at the time of appointment become Auditor General?,No.,No,,
AUD013,Constitution & Law,Auditor General Qualification,Nepali,नियुक्तिको समयमा राजनीतिक दलको सदस्य रहेको व्यक्ति महालेखा परीक्षक बन्न सक्छ?,सक्दैन।,नियुक्तिको समयमा राजनीतिक दलको सदस्य रहेको व्यक्ति महालेखा परीक्षक बन्न सक्छ ।,,
AUD014,Constitution & Law,Auditor General Qualification,English,What minimum age is required for appointment as Auditor General?,Forty-five years.,35 years,,
AUD014,Constitution & Law,Auditor General Qualification,Nepali,महालेखा परीक्षक नियुक्तिका लागि न्यूनतम उमेर कति आवश्यक छ?,पैँतालीस वर्ष।,उत्तर: ४५ वर्ष,,
AUD015,Constitution & Law,Auditor General Qualification,English,What moral requirement is specified for appointment as Auditor General?,High moral character.,Independence,,
AUD015,Constitution & Law,Auditor General Qualification,Nepali,महालेखा परीक्षक नियुक्तिका लागि कस्तो नैतिक आवश्यकता तोकिएको छ?,उच्च नैतिक चरित्र।,"महालेखा परीक्षक नियुक्तिका लागि निम्नलिखित नैतिक आवश्यकता तोकिएको छ:

१. नागरिकता
२. स्वतन्त्रता
३. निष्पक्षता
४. न्यायप्रियता
५. नैतिक संवेदनशीलता
६. स्वतन्त्र निर्णय लिने क्षमता
७. संवेदनशीलता
८. संवेदनशीलता
९. संवेदनशीलता
१०. संवेदनशीलता",,
AUD016,Constitution & Law,Auditor General,English,Can the remuneration and conditions of service of the Auditor General be changed to their disadvantage while holding office?,No.,No.,,
AUD016,Constitution & Law,Auditor General,Nepali,पदमा रहँदा महालेखा परीक्षकको पारिश्रमिक र सेवाका सर्तहरू निजको प्रतिकूल परिवर्तन गर्न सकिन्छ?,सकिँदैन।,नहीं।,,
AUD017,Constitution & Law,Auditor General,English,What is the exception to the protection against disadvantageous alteration of the Auditor General's remuneration and service conditions?,Emergency declared due to extreme economic disarrays.,"The exception is the approval of the Auditor General's remuneration and service conditions by the President of the Republic, in accordance with the Constitution.",,
AUD017,Constitution & Law,Auditor General,Nepali,महालेखा परीक्षकको सेवाका सर्तहरू प्रतिकूल परिवर्तन गर्न नपाइने व्यवस्थाको अपवाद के हो?,चरम आर्थिक अव्यवस्थाका कारण संकटकाल घोषणा भएको अवस्था।,अपवाद: संविधान संशोधन समिति,,
AUD018,Constitution & Law,Auditor General,English,Is a person once appointed as Auditor General eligible for another government service?,No.,No.,,
AUD018,Constitution & Law,Auditor General,Nepali,एक पटक महालेखा परीक्षक नियुक्त भएको व्यक्ति अर्को सरकारी सेवामा नियुक्त हुन योग्य हुन्छ?,हुँदैन।,नयाँ सरकारले नियुक्त गरेको महालेखा परीक्षकलाई अर्को सरकारी सेवामा नियुक्त गर्न सकिन्छ ।,,
AUD019,Constitution & Law,Auditor General Functions,English,Which authority audits the accounts of Federal and State Government Offices and constitutional bodies?,Auditor General.,The Comptroller and Auditor General (CAG) of India.,,
AUD019,Constitution & Law,Auditor General Functions,Nepali,संघीय तथा प्रदेश सरकारी कार्यालय र संवैधानिक निकायहरूको लेखा कसले परीक्षण गर्छ?,महालेखा परीक्षक।,संघीय तथा प्रदेश सरकारी कार्यालय र संवैधानिक निकायहरूको लेखा कार्यालयले परीक्षण गर्छ।,,
AUD020,Constitution & Law,Auditor General Functions,English,"Besides the offices listed in Article 241(1), who may require audits of other offices or bodies by the Auditor General?",Federal law.,"The President, the National Assembly, or the Senate.",,
AUD020,Constitution & Law,Auditor General Functions,Nepali,धारा २४१(१) मा उल्लिखित कार्यालय बाहेक अन्य कार्यालय वा निकायको लेखापरीक्षण कसले आवश्यक बनाउन सक्छ?,संघीय कानुन।,धारा २४१(१) मा उल्लिखित कार्यालय बाहेक अन्य कार्यालय वा निकायको लेखापरीक्षण कार्यालयले आवश्यक बनाउन सक्छ।,,
PSC001,Constitution & Law,Public Service Commission,English,What is the constitutional name of the commission established under Article 242?,Public Service Commission of Nepal.,The Constitutional Court.,,
PSC001,Constitution & Law,Public Service Commission,Nepali,धारा २४२ अन्तर्गत स्थापना गरिएको आयोगको संवैधानिक नाम के हो?,नेपालको लोक सेवा आयोग।,न्यायपालिका आयोग,,
PSC002,Constitution & Law,Public Service Commission,English,"How many members, including the Chairperson, constitute the Public Service Commission?",Five members.,7,,
PSC002,Constitution & Law,Public Service Commission,Nepali,अध्यक्षसहित लोक सेवा आयोगमा कति जना सदस्य हुन्छन्?,पाँच जना सदस्य।,अध्यक्षसहित लोक सेवा आयोगमा ११ जना सदस्य हुन्छन् ।,,
PSC003,Constitution & Law,Public Service Commission,English,Who appoints the Chairperson and Members of the Public Service Commission?,The President.,The President of India.,,
PSC003,Constitution & Law,Public Service Commission,Nepali,लोक सेवा आयोगका अध्यक्ष र सदस्यहरूलाई कसले नियुक्त गर्छ?,राष्ट्रपति।,नेपाल सरकारले ।,,
PSC004,Constitution & Law,Public Service Commission,English,On whose recommendation are the Chairperson and Members of the Public Service Commission appointed?,Constitutional Council.,The President,,
PSC004,Constitution & Law,Public Service Commission,Nepali,लोक सेवा आयोगका अध्यक्ष र सदस्यहरू कसको सिफारिसमा नियुक्त हुन्छन्?,संवैधानिक परिषद्।,लोक सेवा आयोगका अध्यक्ष र सदस्यहरू प्रधानमन्त्रीको सिफारिसमा नियुक्त हुन्छन्।,,
PSC005,Constitution & Law,Public Service Commission Composition,English,What minimum percentage of Public Service Commission Members must be appointed from persons with twenty or more years of government service experience?,Fifty percent.,50%,,
PSC005,Constitution & Law,Public Service Commission Composition,Nepali,लोक सेवा आयोगका सदस्यहरूमध्ये कम्तीमा कति प्रतिशत सदस्य २० वर्ष वा सोभन्दा बढी सरकारी सेवामा काम गरेका व्यक्तिबाट नियुक्त हुनुपर्छ?,पचास प्रतिशत।,उत्तर: ५० प्रतिशत,,
PSC006,Constitution & Law,Public Service Commission Composition,English,"Besides government service experience, from which fields may the remaining Members of the Public Service Commission be appointed?","Science, technology, art, literature, law, public administration, sociology, or other spheres of national life.","Academia, Judiciary, Private Sector, and Civil Society.",,
PSC006,Constitution & Law,Public Service Commission Composition,Nepali,सरकारी सेवा अनुभव बाहेक बाँकी सदस्यहरू कुन-कुन क्षेत्रमा प्रतिष्ठा प्राप्त व्यक्तिहरूमध्येबाट नियुक्त हुन सक्छन्?,"विज्ञान, प्रविधि, कला, साहित्य, कानून, सार्वजनिक प्रशासन, समाजशास्त्र वा राष्ट्रिय जीवनका अन्य क्षेत्र।",संसदीय क्षेत्रमा,,
PSC007,Constitution & Law,Public Service Commission,English,What is the term of office of the Chairperson and Members of the Public Service Commission?,Six years from the date of appointment.,5 years,,
PSC007,Constitution & Law,Public Service Commission,Nepali,लोक सेवा आयोगका अध्यक्ष र सदस्यहरूको पदावधि कति हुन्छ?,नियुक्तिको मितिदेखि छ वर्ष।,लोक सेवा आयोगका अध्यक्ष र सदस्यहरूको पदावधि ६ वर्ष हुन्छ ।,,
PSC008,Constitution & Law,Public Service Commission,English,Can a Member of the Public Service Commission be appointed as Chairperson after serving as a Member?,Yes.,Yes,,
PSC008,Constitution & Law,Public Service Commission,Nepali,लोक सेवा आयोगको सदस्य अध्यक्ष पदमा नियुक्त हुन सक्छ?,सक्छ।,नयाँ संविधान अनुसार लोक सेवा आयोगको सदस्य अध्यक्ष पदमा नियुक्त हुन सक्छ।,,
PSC009,Constitution & Law,Public Service Commission Vacancy,English,To whom must a Chairperson or Member submit a written resignation to vacate office?,The President.,The Board of Directors.,,
PSC009,Constitution & Law,Public Service Commission Vacancy,Nepali,अध्यक्ष वा सदस्यले पद रिक्त गराउन लिखित राजीनामा कसलाई दिनुपर्छ?,राष्ट्रपति।,अध्यक्ष वा सदस्यले पद रिक्त गराउन लिखित राजीनामा प्रधानमन्त्री वा उपप्रधानमन्त्रीलाई दिनुपर्छ।,,
PSC010,Constitution & Law,Public Service Commission Vacancy,English,At what age does the office of the Chairperson or Member of the Public Service Commission become vacant?,Sixty-five years.,65 years,,
PSC010,Constitution & Law,Public Service Commission Vacancy,Nepali,लोक सेवा आयोगका अध्यक्ष वा सदस्य कुन उमेर पुगेपछि पद रिक्त हुन्छ?,पैंसठ्ठी वर्ष।,६५ वर्ष,,
PSC011,Constitution & Law,Public Service Commission Qualification,English,What educational qualification is required for appointment as Chairperson or Member of the Public Service Commission?,Master's degree from a recognized university.,Bachelor's degree from a recognized university.,,
PSC011,Constitution & Law,Public Service Commission Qualification,Nepali,लोक सेवा आयोगको अध्यक्ष वा सदस्य नियुक्तिका लागि कस्तो शैक्षिक योग्यता आवश्यक छ?,मान्यता प्राप्त विश्वविद्यालयबाट स्नातकोत्तर उपाधि।,"संविधान अनुसार लोक सेवा आयोगको अध्यक्ष वा सदस्य नियुक्तिका लागि कस्तो शैक्षिक योग्यता आवश्यक छ?

उत्तर: संविधान अनुसार लोक सेवा आयोगको अध्यक्ष वा सदस्य नियुक्तिका लागि न्यायालयको न्यायाधीश वा न्यायाधीशको समान योग्यता भएका व्यक्तिले नियुक्ति हुन्छ।",,
PSC012,Constitution & Law,Public Service Commission Qualification,English,Is a person who is a member of a political party at the time of appointment eligible to become Chairperson or Member of the Public Service Commission?,No.,No,,
PSC012,Constitution & Law,Public Service Commission Qualification,Nepali,नियुक्तिको समयमा राजनीतिक दलको सदस्य रहेको व्यक्ति लोक सेवा आयोगको अध्यक्ष वा सदस्य बन्न योग्य हुन्छ?,हुँदैन।,नियुक्तिको समयमा राजनीतिक दलको सदस्य रहेको व्यक्ति लोक सेवा आयोगको अध्यक्ष वा सदस्य बन्न योग्य हुन्छ नभइरahcheda।,,
PSC013,Constitution & Law,Public Service Commission Functions,English,What is the main duty of the Public Service Commission regarding Civil Service positions?,Conduct examinations for selection of suitable candidates.,"To ensure merit-based appointments, promotions, and transfers of civil servants, and to maintain the integrity and impartiality of the civil service.",,
PSC013,Constitution & Law,Public Service Commission Functions,Nepali,लोक सेवा आयोगको निजामती सेवाका पद सम्बन्धी मुख्य कर्तव्य के हो?,उपयुक्त उम्मेदवार छनोटका लागि परीक्षा सञ्चालन गर्नु।,"लोक सेवा आयोगको निजामती सेवाका पद सम्बन्धी मुख्य कर्तव्य हुन्-

१. निजामती सेवाका पदको भर्ती मार्गदर्शन गर्नु
२. निजामती सेवाका पदको भर्ती प्रक्रिया सम्पन्न गर्नु
३. निजामती सेवाका पदको भर्ती परीक्षा आयोजना गर्नु
४. निजामती सेवाका पदको भर्ती परीक्षा परिणाम निर्धारित गर्नु
५",,
PSC014,Constitution & Law,Public Service Commission Functions,English,"Under Article 243, do positions in the Army, Nepal Police, and Armed Police Force fall under the definition of Civil Service positions?",No.,No,,
PSC014,Constitution & Law,Public Service Commission Functions,Nepali,"धारा २४३ अनुसार सेना, नेपाल प्रहरी र सशस्त्र प्रहरी बलका पदहरू निजामती सेवाको पदभित्र पर्छन्?",पर्दैनन्।,हो,,
PSC015,Constitution & Law,Public Service Commission Functions,English,"What type of examinations does the Public Service Commission conduct for Nepal Army, Nepal Police, Armed Police Force, and other Federal governmental services?",Written examinations.,SLPT (Sub Lieutenant Pre-Thermal) and CLPT (Commissioner's Lieutenant Pre-Thermal),,
PSC015,Constitution & Law,Public Service Commission Functions,Nepali,"नेपाली सेना, नेपाल प्रहरी, सशस्त्र प्रहरी बल र अन्य संघीय सरकारी सेवाका लागि लोक सेवा आयोगले कस्तो परीक्षा सञ्चालन गर्छ?",लिखित परीक्षा।,"नेपाली सेना, नेपाल प्रहरी, सशस्त्र प्रहरी बल र अन्य संघीय सरकारी सेवाका लागि लोक सेवा आयोगले संयुक्त परीक्षा सञ्चालन गर्छ।",,
PSC016,Constitution & Law,Public Service Commission Functions,English,"For what employment decisions in Nepal Army, Nepal Police, Armed Police Force, and other Federal services must the Public Service Commission be consulted?",General principles of appointment and promotion.,"For the posts of Inspector General, Deputy Inspector General, and other equivalent and higher ranks in Nepal Army, Nepal Police, Armed Police Force, and other Federal services.",,
PSC016,Constitution & Law,Public Service Commission Functions,Nepali,"नेपाली सेना, नेपाल प्रहरी, सशस्त्र प्रहरी बल र अन्य संघीय सेवामा कुन-कुन निर्णयका लागि लोक सेवा आयोगसँग परामर्श गर्नुपर्छ?",नियुक्ति र बढुवाका सामान्य सिद्धान्त।,"नेपाली सेना, नेपाल प्रहरी, सशस्त्र प्रहरी बल र अन्य संघीय सेवामा निर्णयका लागि लोक सेवा आयोगसँग परामर्श गर्नुपर्छ निम्नलिखित निर्णयका लागि:

१. सेना अधिकारीहरूको प्रमोशन
२. सेना अधिकारीहरूको प्रोमोशनका लागि आवश्यक शैक्षिक योग्यता र अनुभवको निर्धारण
३. सेना अधिकारीहरूको प",,
PSC017,Constitution & Law,Public Service Commission Functions,English,For how long must a Federal Civil Service appointment candidate be considered before consultation regarding suitability is required?,For appointment for a period of more than six months.,6 months,,
PSC017,Constitution & Law,Public Service Commission Functions,Nepali,संघीय निजामती सेवाको उम्मेदवारको उपयुक्ततासम्बन्धी परामर्श कहिले आवश्यक हुन्छ?,छ महिनाभन्दा बढी अवधिको नियुक्तिका लागि।,संघीय निजामती सेवाको उम्मेदवारको उपयुक्ततासम्बन्धी परामर्श संविधान सभा द्वारा आवश्यक हुन्छ।,,
PSC018,Constitution & Law,State Public Service Commission,English,Does each State have a State Public Service Commission under the Constitution?,Yes.,No.,,
PSC018,Constitution & Law,State Public Service Commission,Nepali,संविधानअनुसार प्रत्येक प्रदेशमा प्रदेश लोक सेवा आयोग हुन्छ?,हुन्छ।,नयाँ गणतन्त्र नेपाल २०७२ सालमा संविधानअनुसार प्रत्येक प्रदेशमा प्रदेश लोक सेवा आयोग हुन्छ।,,
PSC019,Constitution & Law,State Public Service Commission,English,"What determines the functions, duties, and powers of the State Public Service Commission?",State law.,The Constitution of India.,,
PSC019,Constitution & Law,State Public Service Commission,Nepali,"प्रदेश लोक सेवा आयोगको काम, कर्तव्य र अधिकार केद्वारा निर्धारण हुन्छ?",प्रदेश कानून।,"प्रदेश लोक सेवा आयोगको काम, कर्तव्य र अधिकार केद्वारा निर्धारण हुन्छ।",,
PSC020,Constitution & Law,State Public Service Commission,English,"Who determines the grounds and standards for the functions, duties, and powers of State Public Service Commissions?",Federal Parliament by law.,The Parliament.,,
PSC020,Constitution & Law,State Public Service Commission,Nepali,"प्रदेश लोक सेवा आयोगको काम, कर्तव्य र अधिकारका लागि आधार र मापदण्ड कसले निर्धारण गर्छ?",संघीय संसदले कानूनद्वारा।,"प्रदेश लोक सेवा आयोगको काम, कर्तव्य र अधिकारका लागि आधार र मापदण्ड नेपाल सरकारले निर्धारण गर्छ।",,
EC001,Constitution & Law,Election Commission,English,What constitutional body is established under Article 245?,Election Commission of Nepal.,The Parliament.,,
EC001,Constitution & Law,Election Commission,Nepali,धारा २४५ अन्तर्गत कुन संवैधानिक निकायको स्थापना गरिएको छ?,नेपालको निर्वाचन आयोग।,न्यायाधीश समिति,,
EC002,Constitution & Law,Election Commission Composition,English,"How many Commissioners, including the Chief Election Commissioner, constitute the Election Commission?",Five Commissioners.,3,,
EC002,Constitution & Law,Election Commission Composition,Nepali,प्रमुख निर्वाचन आयुक्तसहित निर्वाचन आयोगमा कति जना आयुक्त हुन्छन्?,पाँच जना आयुक्त।,प्रमुख निर्वाचन आयुक्तसहित निर्वाचन आयोगमा ४ जना आयुक्त हुन्छन्।,,
EC003,Constitution & Law,Election Commission Composition,English,Who acts as the chairperson of the Election Commission?,Chief Election Commissioner.,The Chief Election Commissioner of India acts as the chairperson of the Election Commission.,,
EC003,Constitution & Law,Election Commission Composition,Nepali,निर्वाचन आयोगको अध्यक्षको रूपमा कसले कार्य गर्छ?,प्रमुख निर्वाचन आयुक्त।,निर्वाचन आयोगको अध्यक्ष प्रधानमन्त्री कार्य गर्छ।,,
EC004,Constitution & Law,Election Commission Appointment,English,Who appoints the Chief Election Commissioner and Commissioners?,The President.,"The President of India, in consultation with the Council of Ministers.",,
EC004,Constitution & Law,Election Commission Appointment,Nepali,प्रमुख निर्वाचन आयुक्त र निर्वाचन आयुक्तहरूलाई कसले नियुक्त गर्छ?,राष्ट्रपति।,नेपाल सरकार,,
EC005,Constitution & Law,Election Commission Appointment,English,On whose recommendation are the Chief Election Commissioner and Commissioners appointed?,Constitutional Council.,The President of India,,
EC005,Constitution & Law,Election Commission Appointment,Nepali,प्रमुख निर्वाचन आयुक्त र निर्वाचन आयुक्तहरू कसको सिफारिसमा नियुक्त हुन्छन्?,संवैधानिक परिषद्।,संविधान सभाको सिफारिसमा,,
EC006,Constitution & Law,Election Commission Tenure,English,What is the term of office of the Chief Election Commissioner and Commissioners?,Six years from the date of appointment.,6 years or until the age of 65,,
EC006,Constitution & Law,Election Commission Tenure,Nepali,प्रमुख निर्वाचन आयुक्त र निर्वाचन आयुक्तहरूको पदावधि कति हुन्छ?,नियुक्तिको मितिदेखि छ वर्ष।,प्रमुख निर्वाचन आयुक्त र निर्वाचन आयुक्तहरूको पदावधि ६ वर्ष हुन्छ ।,,
EC007,Constitution & Law,Election Commission Vacancy,English,To whom must the Chief Election Commissioner or Commissioner submit a written resignation to vacate office?,The President.,The President of India.,,
EC007,Constitution & Law,Election Commission Vacancy,Nepali,पद रिक्त गराउन प्रमुख निर्वाचन आयुक्त वा निर्वाचन आयुक्तले लिखित राजीनामा कसलाई दिनुपर्छ?,राष्ट्रपति।,न्यायाधीशलाई,,
EC008,Constitution & Law,Election Commission Vacancy,English,At what age does the office of the Chief Election Commissioner or Commissioner become vacant?,Sixty-five years.,65 years,,
EC008,Constitution & Law,Election Commission Vacancy,Nepali,कुन उमेर पुगेपछि प्रमुख निर्वाचन आयुक्त वा निर्वाचन आयुक्तको पद रिक्त हुन्छ?,पैंसठ्ठी वर्ष।,६५ वर्ष पुगेपछि प्रमुख निर्वाचन आयुक्त वा निर्वाचन आयुक्तको पद रिक्त हुन्छ ।,,
EC009,Constitution & Law,Election Commission Vacancy,English,Which constitutional process can remove the Chief Election Commissioner or Commissioner before completion of tenure?,Impeachment under Article 101.,Article 324(5),,
EC009,Constitution & Law,Election Commission Vacancy,Nepali,पदावधि पूरा हुनुअघि प्रमुख निर्वाचन आयुक्त वा निर्वाचन आयुक्तलाई कुन संवैधानिक प्रक्रियाबाट हटाउन सकिन्छ?,धारा १०१ बमोजिम महाभियोग।,पदावधि पूरा हुनुअघि प्रमुख निर्वाचन आयुक्त वा निर्वाचन आयुक्तलाई न्यायाधीशले हटाउन सकिन्छ।,,
EC010,Constitution & Law,Election Commission Vacancy,English,Who recommends removal of an Election Commissioner due to physical or mental illness preventing performance of duties?,Constitutional Council.,The Election Commission of India.,,
EC010,Constitution & Law,Election Commission Vacancy,Nepali,शारीरिक वा मानसिक रोगका कारण कार्य गर्न असमर्थ भएमा निर्वाचन आयुक्त हटाउन कसले सिफारिस गर्छ?,संवैधानिक परिषद्।,निर्वाचन आयुक्तले,,
EC011,Constitution & Law,Election Commission Reappointment,English,Is a Commissioner appointed under Article 245(2) eligible for reappointment?,"No, not eligible.",Yes.,,
EC011,Constitution & Law,Election Commission Reappointment,Nepali,धारा २४५(२) बमोजिम नियुक्त निर्वाचन आयुक्त पुनः नियुक्तिका लागि योग्य हुन्छ?,"होइन, योग्य हुँदैन।",नयाँ नियुक्तिका लागि योग्य हुन्छ ।,,
EC012,Constitution & Law,Election Commission Reappointment,English,Can a Commissioner later be appointed as the Chief Election Commissioner?,Yes.,Yes.,,
EC012,Constitution & Law,Election Commission Reappointment,Nepali,के निर्वाचन आयुक्त पछि प्रमुख निर्वाचन आयुक्त नियुक्त हुन सक्छ?,सक्छ।,निर्वाचन आयुक्त पछि प्रमुख निर्वाचन आयुक्त नियुक्त हुन सक्छ।,,
EC013,Constitution & Law,Election Commission Qualification,English,What minimum educational qualification is required for appointment as Chief Election Commissioner or Commissioner?,Bachelor's degree from a recognized university.,Bachelor's degree from a recognized university.,,
EC013,Constitution & Law,Election Commission Qualification,Nepali,प्रमुख निर्वाचन आयुक्त वा निर्वाचन आयुक्त नियुक्तिका लागि न्यूनतम शैक्षिक योग्यता के हो?,मान्यता प्राप्त विश्वविद्यालयबाट स्नातक उपाधि।,न्यूनतम शैक्षिक योग्यता स्नातकोत्तर (मास्टर्स) वा समकक्ष शैक्षिक योग्यता हो ।,,
EC014,Constitution & Law,Election Commission Qualification,English,Can a member of a political party at the time of appointment become Chief Election Commissioner or Commissioner?,No.,No,,
EC014,Constitution & Law,Election Commission Qualification,Nepali,नियुक्तिको समयमा राजनीतिक दलको सदस्य रहेको व्यक्ति प्रमुख निर्वाचन आयुक्त वा आयुक्त बन्न सक्छ?,सक्दैन।,नियुक्तिको समयमा राजनीतिक दलको सदस्य रहेको व्यक्ति प्रमुख निर्वाचन आयुक्त वा आयुक्त बन्न सक्छ।,,
EC015,Constitution & Law,Election Commission Qualification,English,What minimum age is required for appointment as Chief Election Commissioner or Commissioner?,Forty-five years.,35 years,,
EC015,Constitution & Law,Election Commission Qualification,Nepali,प्रमुख निर्वाचन आयुक्त वा निर्वाचन आयुक्त नियुक्तिका लागि न्यूनतम उमेर कति हो?,पैँतालीस वर्ष।,न्यूनतम उमेर ५० वर्ष,,
EC016,Constitution & Law,Election Commission Functions,English,"Which elections does the Election Commission conduct, supervise, direct, and control?","President, Vice-President, Federal Parliament, State Assembly, and Local level elections.",Parliamentary and Assembly elections.,,
EC016,Constitution & Law,Election Commission Functions,Nepali,"निर्वाचन आयोगले कुन-कुन निर्वाचन सञ्चालन, अनुगमन, निर्देशन र नियन्त्रण गर्छ?","राष्ट्रपति, उपराष्ट्रपति, संघीय संसद, प्रदेश सभा र स्थानीय तहका निर्वाचन।","निर्वाचन आयोगले निर्वाचन सञ्चालन, अनुगमन, निर्देशन र नियन्त्रण गर्छ।",,
EC017,Constitution & Law,Election Commission Functions,English,What electoral document does the Election Commission prepare for election purposes?,Electoral rolls.,Electoral Roll,,
EC017,Constitution & Law,Election Commission Functions,Nepali,निर्वाचन आयोगले निर्वाचन प्रयोजनका लागि कुन अभिलेख तयार गर्छ?,मतदाता नामावली।,निर्वाचन आयोगले निर्वाचन प्रयोजनका लागि निर्वाचन पुस्तिका तयार गर्छ।,,
EC018,Constitution & Law,Election Commission Functions,English,Can the Election Commission conduct a referendum on matters of national importance?,Yes.,No,,
EC018,Constitution & Law,Election Commission Functions,Nepali,के निर्वाचन आयोगले राष्ट्रिय महत्वको विषयमा जनमत संग्रह गराउन सक्छ?,सक्छ।,नयाँ,,
EC019,Constitution & Law,Election Commission Candidate Dispute,English,Who decides a candidate qualification dispute arising after nomination but before declaration of election results?,Election Commission.,The Returning Officer.,,
EC019,Constitution & Law,Election Commission Candidate Dispute,Nepali,उम्मेदवारी दर्तापछि तर निर्वाचन परिणाम घोषणा हुनुअघि उम्मेदवारको योग्यतासम्बन्धी प्रश्न उठेमा निर्णय कसले गर्छ?,निर्वाचन आयोग।,उम्मेदवारी दर्तापछि तर निर्वाचन परिणाम घोषणा हुनुअघि उम्मेदवारको योग्यतासम्बन्धी प्रश्न उठेमा निर्णय न्यायालयले गर्छ।,,
EC020,Constitution & Law,Election Commission Delegation,English,"Can the Election Commission delegate its functions, duties, and powers?","Yes, subject to specified conditions.",Yes.,,
EC020,Constitution & Law,Election Commission Delegation,Nepali,"के निर्वाचन आयोगले आफ्नो काम, कर्तव्य र अधिकार प्रत्यायोजन गर्न सक्छ?","सक्छ, तोकिएका सर्तहरूको अधीनमा।","नयाँ निर्वाचन आयोगले आफ्नो काम, कर्तव्य र अधिकार प्रत्यायोजन गर्न सक्छ ।",,
EC021,Constitution & Law,Election Commission Assistance,English,Which levels of government must provide assistance required by the Election Commission?,"Federal Government, State Governments, and Local Governments.",The Central Government and the State Governments.,,
EC021,Constitution & Law,Election Commission Assistance,Nepali,निर्वाचन आयोगलाई आवश्यक सहयोग कुन-कुन तहका सरकारले उपलब्ध गराउनुपर्छ?,"संघ सरकार, प्रदेश सरकार र स्थानीय सरकार।","निर्वाचन आयोगलाई आवश्यक सहयोग निम्नलिखित तहका सरकारले उपलब्ध गराउनुपर्छ:

१. संविधान अनुसार निर्वाचन आयोगलाई आवश्यक सहयोग प्रदान गर्नुपर्छ।
२. निर्वाचन आयोगलाई आवश्यक सहयोग प्रदान गर्नुपर्छ।
३. निर्वाचन आयोगलाई आवश्यक सहयोग प्रदान गर्नुपर्छ।
४. निर्वाचन आयोगलाई आवश्यक सहयोग प्रदान गर्नुपर्छ।",,
EC022,Constitution & Law,Election Commission Assistance,English,Who provides employees and other assistance required for Election Commission functions?,"Government of Nepal, State Government, and Local Government.",The Central Government and the State Governments provide employees and other assistance required for Election Commission functions.,,
EC022,Constitution & Law,Election Commission Assistance,Nepali,निर्वाचन आयोगको कार्यका लागि आवश्यक कर्मचारी र अन्य सहयोग कसले उपलब्ध गराउँछ?,"नेपाल सरकार, प्रदेश सरकार र स्थानीय सरकार।",निर्वाचन आयोगको कार्यका लागि आवश्यक कर्मचारी र अन्य सहयोग केन्द्रीय सरकारले उपलब्ध गराउँछ।,,
EC023,Constitution & Law,Election Commission Functions,English,"Is the Election Commission responsible only for Federal elections, or also State Assembly and Local level elections?","It is responsible for Federal, State Assembly, and Local level elections.","The Election Commission is responsible for all elections in India, including:

* Federal elections (Lok Sabha)
* State Assembly elections
* Local level elections (Municipalities, Panchayats, etc.)

It is a constitutional body responsible for conducting free and fair elections at all levels.",,
EC023,Constitution & Law,Election Commission Functions,Nepali,निर्वाचन आयोग संघीय निर्वाचन मात्र वा प्रदेश सभा र स्थानीय तहको निर्वाचन पनि जिम्मेवार हुन्छ?,"संघीय, प्रदेश सभा र स्थानीय तहका निर्वाचनका लागि जिम्मेवार हुन्छ।",निर्वाचन आयोग संघीय निर्वाचन मात्र वा प्रदेश सभा र स्थानीय तहको निर्वाचन पनि जिम्मेवार हुन्छ।,,
EC024,Constitution & Law,Election Commission Functions,English,Under what two legal sources does the Election Commission conduct elections and referendums?,Constitution and Federal law.,The Representation of the People Act 1983 and the European Communities (Electoral Procedures) Order 1978.,,
EC024,Constitution & Law,Election Commission Functions,Nepali,निर्वाचन आयोगले निर्वाचन र जनमत संग्रह कुन दुई कानुनी आधारमा सञ्चालन गर्छ?,संविधान र संघीय कानून।,"निर्वाचन आयोगले निर्वाचन र जनमत संग्रह कानुनी आधारमा सञ्चालन गर्छ- निर्वाचन कानुन, २०७४",,
EC025,Constitution & Law,Election Commission Functions,English,Who decides candidate qualification disputes after nomination but before election results: Election Commission or courts?,Election Commission.,Courts,,
EC025,Constitution & Law,Election Commission Functions,Nepali,उम्मेदवारीपछि निर्वाचन परिणाम घोषणा हुनुअघि उम्मेदवारको योग्यतासम्बन्धी विवादको निर्णय निर्वाचन आयोगले गर्छ वा अदालतले?,निर्वाचन आयोग।,उत्तर: निर्वाचन आयोगले,,
NHRC001,Constitution & Law,National Human Rights Commission,English,What constitutional body is established under Article 248 of the Constitution of Nepal?,National Human Rights Commission of Nepal.,The Constitutional Council.,,
NHRC001,Constitution & Law,National Human Rights Commission,Nepali,नेपालको संविधानको धारा २४८ अन्तर्गत कुन संवैधानिक निकायको स्थापना गरिएको छ?,नेपालको राष्ट्रिय मानव अधिकार आयोग।,नेपालको संविधानको धारा २४८ अन्तर्गत न्यायाधीश निर्वाचन समितिको स्थापना गरिएको छ।,,
NHRC002,Constitution & Law,National Human Rights Commission Composition,English,"How many members, including the Chairperson, constitute the National Human Rights Commission?",Five members.,11,,
NHRC002,Constitution & Law,National Human Rights Commission Composition,Nepali,अध्यक्षसहित राष्ट्रिय मानव अधिकार आयोगमा कति जना सदस्य हुन्छन्?,पाँच जना सदस्य।,अध्यक्षसहित राष्ट्रिय मानव अधिकार आयोगमा ११ जना सदस्य हुन्छन् ।,,
NHRC003,Constitution & Law,National Human Rights Commission Appointment,English,Who appoints the Chairperson and members of the National Human Rights Commission?,The President.,"The President of India, in consultation with the Prime Minister and the Leader of the Opposition in the Lok Sabha.",,
NHRC003,Constitution & Law,National Human Rights Commission Appointment,Nepali,राष्ट्रिय मानव अधिकार आयोगका अध्यक्ष र सदस्यहरूलाई कसले नियुक्त गर्छ?,राष्ट्रपति।,नेपाल सरकारले राष्ट्रिय मानव अधिकार आयोगका अध्यक्ष र सदस्यहरूलाई नियुक्त गर्छ।,,
NHRC004,Constitution & Law,National Human Rights Commission Appointment,English,On whose recommendation are the Chairperson and members of the National Human Rights Commission appointed?,Constitutional Council.,The President of India,,
NHRC004,Constitution & Law,National Human Rights Commission Appointment,Nepali,राष्ट्रिय मानव अधिकार आयोगका अध्यक्ष र सदस्यहरू कसको सिफारिसमा नियुक्त हुन्छन्?,संवैधानिक परिषद्।,संसदको सिफारिसमा,,
NHRC005,Constitution & Law,National Human Rights Commission Tenure,English,What is the term of office of the Chairperson and members of the National Human Rights Commission?,Six years from the date of appointment.,5 years,,
NHRC005,Constitution & Law,National Human Rights Commission Tenure,Nepali,राष्ट्रिय मानव अधिकार आयोगका अध्यक्ष र सदस्यहरूको पदावधि कति हुन्छ?,नियुक्तिको मितिदेखि छ वर्ष।,पाँच वर्ष,,
NHRC006,Constitution & Law,National Human Rights Commission Reappointment,English,Are the Chairperson and members of the National Human Rights Commission eligible for reappointment after completing their term?,"No, they are not eligible for reappointment.",No,,
NHRC006,Constitution & Law,National Human Rights Commission Reappointment,Nepali,राष्ट्रिय मानव अधिकार आयोगका अध्यक्ष र सदस्यहरू आफ्नो पदावधि पूरा गरेपछि पुनः नियुक्तिका लागि योग्य हुन्छन्?,"होइन, पुनः नियुक्तिका लागि योग्य हुँदैनन्।","नयाँ नियुक्ति हुने पूर्व शर्त: नियुक्तिका लागि योग्य हुने पूर्व शर्त यस्तो छ-

१. न्यायाधीश, न्यायाधीशको अध्यक्ष, राष्ट्रिय मानव अधिकार आयोगका अध्यक्ष, राष्ट्रिय मानव अधिकार आयोगका सदस्य, राष्ट्रिय मानव अधिकार आयोगका सदस्यको अध्यक्ष, राष्ट्रिय मानव अधिकार आयोगका सदस्यको अध्यक्ष, राष्ट्रिय मानव अधिकार आय",,
NHRC007,Constitution & Law,National Human Rights Commission Reappointment,English,Can a member of the National Human Rights Commission be appointed as the Chairperson after serving as a member?,Yes.,Yes,,
NHRC007,Constitution & Law,National Human Rights Commission Reappointment,Nepali,राष्ट्रिय मानव अधिकार आयोगको सदस्य पदमा रहेको व्यक्ति पछि अध्यक्ष नियुक्त हुन सक्छ?,सक्छ।,नयाँ,,
NHRC008,Constitution & Law,National Human Rights Commission Vacancy,English,To whom must the Chairperson or member submit a written resignation to vacate office?,The President.,The Secretary of the organization.,,
NHRC008,Constitution & Law,National Human Rights Commission Vacancy,Nepali,पद रिक्त गराउन राष्ट्रिय मानव अधिकार आयोगका अध्यक्ष वा सदस्यले लिखित राजीनामा कसलाई दिनुपर्छ?,राष्ट्रपति।,सर्वोच्च अदालतका न्यायाधीशलाई,,
NHRC009,Constitution & Law,National Human Rights Commission Vacancy,English,Which constitutional process can cause the office of the Chairperson or member of the National Human Rights Commission to become vacant?,Impeachment under Article 101.,"Article 280 of the Indian Constitution, which deals with the composition of the National Human Rights Commission, does not explicitly mention the process of vacancy. However, the Protection of Human Rights Act, 1993, which established the National Human Rights Commission, provides the following grounds for vacancy:

1. Removal by the President: The President can remove the Chairperson or any member of the Commission on the recommendation of the two-thirds majority in both Houses of Parliament.
2. Resignation: The Chairperson or any member can resign from the office.
3. Death: The office of the Chairperson or any member becomes vacant on the death of the individual.
4. Disqualification: If the Chairperson or any member is disqualified from being a member of",,
NHRC009,Constitution & Law,National Human Rights Commission Vacancy,Nepali,राष्ट्रिय मानव अधिकार आयोगका अध्यक्ष वा सदस्यको पद कुन संवैधानिक प्रक्रियाबाट रिक्त हुन सक्छ?,धारा १०१ बमोजिम महाभियोग।,संविधान सभाको निर्वाचन क्रमशः ५ वर्षमा हुने हो । त्यसैले संविधान सभाको निर्वाचन पछि ५ वर्षमा राष्ट्रिय मानव अधिकार आयोगका अध्यक्ष वा सदस्यको पद रिक्त हुन सक्छ ।,,
NHRC010,Constitution & Law,National Human Rights Commission Vacancy,English,Who recommends removal of the Chairperson or member of the National Human Rights Commission due to physical or mental illness preventing performance of duties?,Constitutional Council.,The President,,
NHRC010,Constitution & Law,National Human Rights Commission Vacancy,Nepali,शारीरिक वा मानसिक रोगका कारण कार्य गर्न असमर्थ भएमा राष्ट्रिय मानव अधिकार आयोगका अध्यक्ष वा सदस्यलाई हटाउन कसले सिफारिस गर्छ?,संवैधानिक परिषद्।,राष्ट्रिय मानव अधिकार आयोगका अध्यक्ष वा सदस्यलाई हटाउन सिफारिस गर्ने अधिकार प्रधानमन्त्रीलाई छ।,,
NHRC011,Constitution & Law,National Human Rights Commission Qualification,English,What qualification is required for a person to be appointed as Chairperson of the National Human Rights Commission if the person is a former Chief Justice or Supreme Court Judge?,Outstanding contribution to the protection and promotion of human rights.,A person who is a former Chief Justice or Supreme Court Judge is eligible to be appointed as Chairperson of the National Human Rights Commission without any qualification.,,
NHRC011,Constitution & Law,National Human Rights Commission Qualification,Nepali,सर्वोच्च अदालतको पूर्व प्रधान न्यायाधीश वा न्यायाधीश रहेको व्यक्तिलाई राष्ट्रिय मानव अधिकार आयोगको अध्यक्ष नियुक्त हुन के योग्यता आवश्यक हुन्छ?,मानव अधिकारको संरक्षण र प्रवर्द्धनमा उत्कृष्ट योगदान।,नहीं,,
NHRC012,Constitution & Law,National Human Rights Commission Qualification,English,How many years of active involvement and contribution are required for a renowned person to qualify as Chairperson of the National Human Rights Commission through the human rights contribution route?,At least twenty years.,30 years,,
NHRC012,Constitution & Law,National Human Rights Commission Qualification,Nepali,मानव अधिकार क्षेत्रमा सक्रिय रहेको प्रतिष्ठित व्यक्तिलाई राष्ट्रिय मानव अधिकार आयोगको अध्यक्ष बन्न कति वर्षको सक्रियता र योगदान आवश्यक हुन्छ?,कम्तीमा बीस वर्ष।,उत्तर: ५ वर्ष,,
NHRC013,Constitution & Law,National Human Rights Commission Qualification,English,What is the difference between the qualification requirement for the Chairperson and a member of the National Human Rights Commission?,"The Chairperson requires specific senior judicial or outstanding human rights contribution qualifications, while a member requires involvement in human rights, child rights, or significant national contribution.","A Chairperson of the National Human Rights Commission must be a high court judge, whereas a member of the Commission must be a high court judge or a person of eminence in their field with a minimum of 7 years of experience in law, medicine, social science, human rights, or administration.",,
NHRC013,Constitution & Law,National Human Rights Commission Qualification,Nepali,राष्ट्रिय मानव अधिकार आयोगको अध्यक्ष र सदस्यको योग्यता आवश्यकतामा के फरक छ?,"अध्यक्षका लागि विशिष्ट न्यायिक वा मानव अधिकार योगदानसम्बन्धी योग्यता चाहिन्छ भने सदस्यका लागि मानव अधिकार, बाल अधिकार वा राष्ट्रिय जीवनका क्षेत्रमा योगदान आवश्यक हुन्छ।","राष्ट्रिय मानव अधिकार आयोगको अध्यक्ष र सदस्यको योग्यता आवश्यकतामा के फरक छ। राष्ट्रिय मानव अधिकार आयोगको अध्यक्ष र सदस्यको योग्यता आवश्यकता निम्नलिखित छ:

राष्ट्रिय मानव अधिकार आयोगको अध्यक्ष:
अध्यक्षलाई न्यायपालिका वा न्यायपालिका से संबन्धित किसी पनि संस्थाको सदस्य हुनु पर्छ। 

राष्ट्रिय मानव अधिकार आयोग",,
NHRC014,Constitution & Law,National Human Rights Commission Qualification,English,What area of involvement is specifically mentioned for a person to qualify as a member of the National Human Rights Commission?,Protection and promotion of human rights or rights and interests of the child.,"Judicial, legal, medical, administrative or social science.",,
NHRC014,Constitution & Law,National Human Rights Commission Qualification,Nepali,राष्ट्रिय मानव अधिकार आयोगको सदस्य बन्न व्यक्तिको कुन क्षेत्रमा संलग्नता उल्लेख गरिएको छ?,मानव अधिकार वा बाल अधिकार तथा हितको संरक्षण र प्रवर्द्धन।,न्यायपालिका,,
NHRC015,Constitution & Law,National Human Rights Commission Qualification,English,What minimum educational qualification is required for appointment as Chairperson or member of the National Human Rights Commission?,Bachelor's degree from a recognized university.,A High Court Judge or a person of an impeccable standing and integrity having specialization in the field of human rights and having adequate legal or sociological expertise.,,
NHRC015,Constitution & Law,National Human Rights Commission Qualification,Nepali,राष्ट्रिय मानव अधिकार आयोगको अध्यक्ष वा सदस्य नियुक्तिका लागि न्यूनतम शैक्षिक योग्यता के हो?,मान्यता प्राप्त विश्वविद्यालयबाट स्नातक उपाधि।,संविधान अनुसार न्यूनतम शैक्षिक योग्यता स्नातकोत्तर वा समकक्ष हो ।,,
NHRC016,Constitution & Law,National Human Rights Commission Qualification,English,What minimum age is required for appointment as Chairperson or member of the National Human Rights Commission?,Forty-five years.,45 years,,
NHRC016,Constitution & Law,National Human Rights Commission Qualification,Nepali,राष्ट्रिय मानव अधिकार आयोगको अध्यक्ष वा सदस्य नियुक्तिका लागि न्यूनतम उमेर कति हो?,पैँतालीस वर्ष।,उत्तर: ३५ वर्ष,,
NHRC017,Constitution & Law,National Human Rights Commission Qualification,English,Can a person who is a member of any political party at the time of appointment be appointed as Chairperson or member of the National Human Rights Commission?,No.,No.,,
NHRC017,Constitution & Law,National Human Rights Commission Qualification,Nepali,नियुक्तिको समयमा कुनै राजनीतिक दलको सदस्य रहेको व्यक्ति राष्ट्रिय मानव अधिकार आयोगको अध्यक्ष वा सदस्य बन्न सक्छ?,सक्दैन।,नियुक्तिको समयमा कुनै राजनीतिक दलको सदस्य रहेको व्यक्ति राष्ट्रिय मानव अधिकार आयोगको अध्यक्ष वा सदस्य बन्न सक्छ नभइरहेको छ।,,
NHRC018,Constitution & Law,National Human Rights Commission Qualification,English,What moral requirement is required for appointment as Chairperson or member of the National Human Rights Commission?,High moral character.,Honesty,,
NHRC018,Constitution & Law,National Human Rights Commission Qualification,Nepali,राष्ट्रिय मानव अधिकार आयोगको अध्यक्ष वा सदस्य नियुक्तिका लागि कस्तो नैतिक आवश्यकता छ?,उच्च नैतिक चरित्र।,"राष्ट्रिय मानव अधिकार आयोगको अध्यक्ष वा सदस्य नियुक्तिका लागि निम्नलिखित नैतिक आवश्यकता छ:

१. न्यायपूर्ण व्यक्ति हुनु
२. न्यायिक व्यवस्था वा न्यायपालिकामा काम गर्ने अनुभव हुनु
३. मानव अधिकार विषयमा ज्ञान हुनु
४. निष्पक्षता र न्यायपूर्णता पालन गर्ने क्षमता हुनु
५. स्वतन्त्र र निर्भ",,
NHRC019,Constitution & Law,National Human Rights Commission Service Conditions,English,Can the remuneration and conditions of service of the Chairperson and members of the National Human Rights Commission be altered to their disadvantage while they hold office?,No.,No.,,
NHRC019,Constitution & Law,National Human Rights Commission Service Conditions,Nepali,पदमा रहँदा राष्ट्रिय मानव अधिकार आयोगका अध्यक्ष र सदस्यहरूको पारिश्रमिक तथा सेवाका सर्तहरू प्रतिकूल परिवर्तन गर्न सकिन्छ?,सकिँदैन।,नयाँ कार्यकारी प्रशासकले पारिश्रमिक तथा सेवाका सर्तहरू प्रतिकूल परिवर्तन गर्न सकिन्छ।,,
NHRC020,Constitution & Law,National Human Rights Commission Service Conditions,English,What is the exception to the prohibition on disadvantageous alteration of remuneration and service conditions of the National Human Rights Commission members?,A state of emergency declared because of extreme economic disarrays.,The exception is that the National Human Rights Commission members can be subjected to disadvantageous alteration of remuneration and service conditions in the event of a merger of the Commission with any other institution or organization.,,
NHRC020,Constitution & Law,National Human Rights Commission Service Conditions,Nepali,राष्ट्रिय मानव अधिकार आयोगका पदाधिकारीहरूको सेवाका सर्तहरू प्रतिकूल परिवर्तन गर्न नपाइने व्यवस्थाको अपवाद के हो?,चरम आर्थिक अव्यवस्थाका कारण संकटकाल घोषणा भएको अवस्था।,अपवाद: संविधान संशोधन बिल पारित हुने पूर्व।,,
NHRC021,Constitution & Law,National Human Rights Commission Functions,English,What is the primary duty of the National Human Rights Commission?,"To respect, protect and promote human rights and ensure effective enforcement thereof.",To investigate and monitor human rights situations in the country.,,
NHRC021,Constitution & Law,National Human Rights Commission Functions,Nepali,राष्ट्रिय मानव अधिकार आयोगको मुख्य कर्तव्य के हो?,"मानव अधिकारको सम्मान, संरक्षण र प्रवर्द्धन गर्नु तथा त्यसको प्रभावकारी कार्यान्वयन सुनिश्चित गर्नु।",राष्ट्रिय मानव अधिकार आयोगको मुख्य कर्तव्य मानव अधिकार प्रतिपक्षीहरूको मानव अधिकार प्रतिपक्षीहरूको मानव अधिकार प्रतिपक्षीहरूको मानव अधिकार प्रतिपक्षीहरूको मानव अधिकार प्रतिपक्षीहरूको मानव अधिकार प्रतिपक्षीहरूको मानव अधिकार प्रतिपक्षीहरूको मानव अधिकार प्रतिपक्षीहरूको मानव अधिकार प्रतिपक्षीहरूको मानव अधिक,,
NHRC022,Constitution & Law,National Human Rights Commission Investigation Powers,English,On what basis can the National Human Rights Commission investigate complaints of human rights violations?,"On its own initiative, on petition or complaint, or information received from any source.","The National Human Rights Commission can investigate complaints of human rights violations on the basis of a complaint received from any person, group of persons or organization, or on its own initiative.",,
NHRC022,Constitution & Law,National Human Rights Commission Investigation Powers,Nepali,राष्ट्रिय मानव अधिकार आयोगले मानव अधिकार उल्लङ्घनसम्बन्धी उजुरी कुन आधारमा छानबिन गर्न सक्छ?,"आफ्नै पहलमा, निवेदन वा उजुरीमा, वा कुनै स्रोतबाट प्राप्त सूचनाको आधारमा।","राष्ट्रिय मानव अधिकार आयोगले मानव अधिकार उल्लङ्घनसम्बन्धी उजुरी कुन आधारमा छानबिन गर्न सक्छ?

मानव अधिकार उल्लङ्घनसम्बन्धी उजुरी कुन आधारमा छानबिन गर्न सक्छ?

मानव अधिकार उल्लङ्घनसम्बन्धी उजुरी कुन आधारमा छानबिन गर्न सक्छ?

मानव अधिकार उल्लङ्घनसम्बन्धी उजुरी कुन आधारमा छानबिन गर",,
NHRC023,Constitution & Law,National Human Rights Commission Investigation Powers,English,Who can present or send a complaint of human rights violation to the National Human Rights Commission?,A victim or any person on behalf of the victim.,"Any person, group of persons or class of persons, institution, organization, or authority can present or send a complaint of human rights violation to the National Human Rights Commission.",,
NHRC023,Constitution & Law,National Human Rights Commission Investigation Powers,Nepali,मानव अधिकार उल्लङ्घनसम्बन्धी उजुरी राष्ट्रिय मानव अधिकार आयोगमा कसले प्रस्तुत वा पठाउन सक्छ?,पीडित वा पीडितको तर्फबाट कुनै व्यक्ति।,मानव अधिकार उल्लङ्घनसम्बन्धी उजुरी राष्ट्रिय मानव अधिकार आयोगमा कुनै पनि व्यक्ति वा संस्था प्रस्तुत वा पठाउन सक्छ ।,,
NHRC024,Constitution & Law,National Human Rights Commission Functions,English,What recommendation can the National Human Rights Commission make against perpetrators of human rights violations?,Recommendation for action against perpetrators.,"The National Human Rights Commission can make a public interest litigation (PIL) in a High Court or the Supreme Court, and also recommend prosecution of the perpetrators.",,
NHRC024,Constitution & Law,National Human Rights Commission Functions,Nepali,मानव अधिकार उल्लङ्घन गर्ने व्यक्तिविरुद्ध राष्ट्रिय मानव अधिकार आयोगले कस्तो सिफारिस गर्न सक्छ?,उल्लङ्घनकर्ताविरुद्ध कारबाहीको सिफारिस।,राष्ट्रिय मानव अधिकार आयोगले मानव अधिकार उल्लङ्घन गर्ने व्यक्तिविरुद्ध सिफारिस गर्न सक्छ कि त्यस व्यक्तिलाई ३ वर्षसम्म कारवास हुन सक्छ ।,,
NHRC025,Constitution & Law,National Human Rights Commission Functions,English,"If an official responsible for preventing human rights violations fails to perform their duty, what action can the National Human Rights Commission recommend?",Departmental action against the official.,"The National Human Rights Commission can recommend:

1. Issuance of a show-cause notice to the official.
2. Imposition of disciplinary action against the official.
3. Initiation of departmental proceedings against the official.
4. Issuance of a report to the government, highlighting the lapses and suggesting corrective measures.
5. Recommendation of prosecution, if the official's actions amount to a criminal offense.",,
NHRC025,Constitution & Law,National Human Rights Commission Functions,Nepali,मानव अधिकार उल्लङ्घन रोक्ने जिम्मेवारी भएको अधिकारीले आफ्नो कर्तव्य पूरा नगरेमा आयोगले के सिफारिस गर्न सक्छ?,सम्बन्धित अधिकारीमाथि विभागीय कारबाही।,"आयोगले सिफारिस गर्न सक्छ कि अधिकारीलाई निषेधाज्ञा दिन, कार्यालयबाट हटाउन, कार्यालयमा काम गर्ने अधिकार दिन, कार्यालयमा काम गर्ने अधिकार लिन, कार्यालयमा काम गर्ने अधिकार लिन, कार्यालयमा काम गर्ने अधिकार लिन, कार्यालयमा काम गर्ने अधिकार लिन, कार्यालयमा काम गर्ने अधिकार लिन, कार्यालयमा काम",,
NHRC026,Constitution & Law,National Human Rights Commission Legal Recommendation,English,What can the National Human Rights Commission recommend if a case needs to be filed against a person or organization violating human rights?,Recommendation to file a case in court according to law.,The National Human Rights Commission can recommend filing a case in a court of law.,,
NHRC026,Constitution & Law,National Human Rights Commission Legal Recommendation,Nepali,मानव अधिकार उल्लङ्घन गर्ने व्यक्ति वा संस्थाविरुद्ध मुद्दा चलाउन आवश्यक भए आयोगले के सिफारिस गर्न सक्छ?,कानून बमोजिम अदालतमा मुद्दा दायर गर्न सिफारिस।,मानव अधिकार उल्लङ्घन गर्ने व्यक्ति वा संस्थाविरुद्ध मुद्दा चलाउन आवश्यक भए आयोगले कारबाही गर्ने वा कारबाही गराएको व्यक्ति वा संस्थालाई दोषी ठराएर दण्डित गर्ने सिफारिस गर्न सक्छ।,,
NHRC027,Constitution & Law,National Human Rights Commission Powers,English,Does the National Human Rights Commission have the same powers as a court regarding summoning persons and recording statements?,"Yes, for those specified purposes.",No.,,
NHRC027,Constitution & Law,National Human Rights Commission Powers,Nepali,के राष्ट्रिय मानव अधिकार आयोगसँग व्यक्तिलाई उपस्थित गराउने र बयान लिने विषयमा अदालतसरह अधिकार हुन्छ?,"हुन्छ, तोकिएका प्रयोजनका लागि।",हो,,
NHRC028,Constitution & Law,National Human Rights Commission Investigation Powers,English,Can the National Human Rights Commission search a person's residence or office without notice when it receives information of serious human rights violations?,Yes.,No.,,
NHRC028,Constitution & Law,National Human Rights Commission Investigation Powers,Nepali,गम्भीर मानव अधिकार उल्लङ्घन भएको सूचना पाएमा राष्ट्रिय मानव अधिकार आयोगले सूचना नदिई व्यक्तिको घर वा कार्यालय खानतलासी गर्न सक्छ?,सक्छ।,नयाँ,,
NHRC029,Constitution & Law,National Human Rights Commission Emergency Powers,English,What immediate action may the National Human Rights Commission take when human rights of a person are being violated and immediate action is necessary?,Enter any government office or other place without notice and rescue the person.,"The National Human Rights Commission may take the following immediate action:

- Issue a show-cause notice to the concerned authority.
- Conduct an inquiry or investigation.
- Direct the concerned authority to take immediate action to prevent the violation.
- Provide interim relief to the victim.
- Recommend the concerned authority to take immediate action to prevent the violation.",,
NHRC029,Constitution & Law,National Human Rights Commission Emergency Powers,Nepali,कुनै व्यक्तिको मानव अधिकार उल्लङ्घन भइरहेको अवस्थामा तत्काल कारबाही आवश्यक भए आयोगले के गर्न सक्छ?,सूचना नदिई सरकारी कार्यालय वा अन्य स्थानमा प्रवेश गरी व्यक्तिको उद्धार गर्न सक्छ।,अतिरिक्त टिप्पणी नगरी: आयोगले तत्काल कारबाही गर्ने क्षमता राख्दैन।,,
NHRC030,Constitution & Law,National Human Rights Commission Powers,English,Can the National Human Rights Commission order compensation to a victim of human rights violations?,"Yes, in accordance with law.",Yes.,,
NHRC030,Constitution & Law,National Human Rights Commission Powers,Nepali,के राष्ट्रिय मानव अधिकार आयोगले मानव अधिकार उल्लङ्घनका पीडितलाई क्षतिपूर्ति उपलब्ध गराउन आदेश दिन सक्छ?,"सक्छ, कानून बमोजिम।",नयाँ,,
NNRFC001,Constitution & Law,National Natural Resources and Fiscal Commission,English,What constitutional body is established under Article 250 of the Constitution of Nepal?,National Natural Resources and Fiscal Commission of Nepal.,National Assembly,,
NNRFC001,Constitution & Law,National Natural Resources and Fiscal Commission,Nepali,नेपालको संविधानको धारा २५० अन्तर्गत कुन संवैधानिक निकायको स्थापना गरिएको छ?,नेपालको राष्ट्रिय प्राकृतिक स्रोत तथा वित्त आयोग।,नेपालको संविधानको धारा २५० अन्तर्गत न्यायाधीश निर्वाचन समितिको स्थापना गरिएको छ।,,
NNRFC002,Constitution & Law,National Natural Resources and Fiscal Commission Composition,English,"What is the maximum number of members, including the Chairperson, in the National Natural Resources and Fiscal Commission?",Five members.,21,,
NNRFC002,Constitution & Law,National Natural Resources and Fiscal Commission Composition,Nepali,राष्ट्रिय प्राकृतिक स्रोत तथा वित्त आयोगमा अध्यक्षसहित अधिकतम कति जना सदस्य हुन्छन्?,पाँच जना सदस्य।,राष्ट्रिय प्राकृतिक स्रोत तथा वित्त आयोगमा अध्यक्षसहित ७ जना सदस्य हुन्छन्।,,
NNRFC003,Constitution & Law,National Natural Resources and Fiscal Commission Appointment,English,Who appoints the Chairperson and members of the National Natural Resources and Fiscal Commission?,The President.,"The President of India, in consultation with the Prime Minister and the Leader of the Opposition in the Lok Sabha.",,
NNRFC003,Constitution & Law,National Natural Resources and Fiscal Commission Appointment,Nepali,राष्ट्रिय प्राकृतिक स्रोत तथा वित्त आयोगका अध्यक्ष र सदस्यहरूलाई कसले नियुक्त गर्छ?,राष्ट्रपति।,नेपाल सरकार,,
NNRFC004,Constitution & Law,National Natural Resources and Fiscal Commission Appointment,English,On whose recommendation does the President appoint the Chairperson and members of the National Natural Resources and Fiscal Commission?,Constitutional Council.,The President of India appoints the Chairperson and members of the National Natural Resources and Fiscal Commission on the recommendation of the Prime Minister.,,
NNRFC004,Constitution & Law,National Natural Resources and Fiscal Commission Appointment,Nepali,राष्ट्रपतिले राष्ट्रिय प्राकृतिक स्रोत तथा वित्त आयोगका अध्यक्ष र सदस्यहरूलाई कसको सिफारिसमा नियुक्त गर्छन्?,संवैधानिक परिषद्।,संसदको सिफारिसमा,,
NNRFC005,Constitution & Law,National Natural Resources and Fiscal Commission Tenure,English,What is the term of office of the Chairperson and members of the National Natural Resources and Fiscal Commission?,Six years from the date of appointment.,Three years,,
NNRFC005,Constitution & Law,National Natural Resources and Fiscal Commission Tenure,Nepali,राष्ट्रिय प्राकृतिक स्रोत तथा वित्त आयोगका अध्यक्ष र सदस्यहरूको पदावधि कति हुन्छ?,नियुक्तिको मितिदेखि छ वर्ष।,राष्ट्रिय प्राकृतिक स्रोत तथा वित्त आयोगका अध्यक्ष र सदस्यहरूको पदावधि ६ वर्ष हुन्छ ।,,
NNRFC006,Constitution & Law,National Natural Resources and Fiscal Commission Vacancy,English,At what age does the office of the Chairperson or member of the National Natural Resources and Fiscal Commission become vacant?,Sixty-five years.,"On the date of retirement of the Chairperson or member, whichever is earlier.",,
NNRFC006,Constitution & Law,National Natural Resources and Fiscal Commission Vacancy,Nepali,कुन उमेर पुगेपछि राष्ट्रिय प्राकृतिक स्रोत तथा वित्त आयोगका अध्यक्ष वा सदस्यको पद रिक्त हुन्छ?,पैंसठ्ठी वर्ष।,सात वर्ष,,
NNRFC007,Constitution & Law,National Natural Resources and Fiscal Commission Vacancy,English,Which constitutional process can make the office of the Chairperson or member of the National Natural Resources and Fiscal Commission vacant before completion of tenure?,Impeachment under Article 101.,Impeachment,,
NNRFC007,Constitution & Law,National Natural Resources and Fiscal Commission Vacancy,Nepali,पदावधि पूरा हुनुअघि राष्ट्रिय प्राकृतिक स्रोत तथा वित्त आयोगका अध्यक्ष वा सदस्यको पद कुन संवैधानिक प्रक्रियाबाट रिक्त हुन सक्छ?,धारा १०१ बमोजिम महाभियोग।,संविधान सभाको निर्वाचनको ६ महिना पूरा हुनुअघि,,
NNRFC008,Constitution & Law,National Natural Resources and Fiscal Commission Vacancy,English,Who recommends removal of the Chairperson or member of the National Natural Resources and Fiscal Commission due to physical or mental illness preventing performance of duties?,Constitutional Council.,The President,,
NNRFC008,Constitution & Law,National Natural Resources and Fiscal Commission Vacancy,Nepali,शारीरिक वा मानसिक रोगका कारण कार्य गर्न असमर्थ भएमा राष्ट्रिय प्राकृतिक स्रोत तथा वित्त आयोगका अध्यक्ष वा सदस्यलाई हटाउन कसले सिफारिस गर्छ?,संवैधानिक परिषद्।,न्यायाधीशले सिफारिस गर्छ ।,,
NNRFC009,Constitution & Law,National Natural Resources and Fiscal Commission Vacancy,English,What happens to the office of the Chairperson or member of the National Natural Resources and Fiscal Commission if the person dies?,The office becomes vacant.,The office of the Chairperson or member of the National Natural Resources and Fiscal Commission becomes vacant.,,
NNRFC009,Constitution & Law,National Natural Resources and Fiscal Commission Vacancy,Nepali,राष्ट्रिय प्राकृतिक स्रोत तथा वित्त आयोगका अध्यक्ष वा सदस्यको मृत्यु भएमा पदको अवस्था के हुन्छ?,पद रिक्त हुन्छ।,राष्ट्रिय प्राकृतिक स्रोत तथा वित्त आयोगका अध्यक्ष वा सदस्यको मृत्यु भएमा पदको अवस्था राज्य प्राधिकरणले नियुक्तले हुने प्रतिनिधिले पूर्णकालिक सदस्यको रूपमा नियुक्ति गर्ने हुन्छ ।,,
NNRFC010,Constitution & Law,National Natural Resources and Fiscal Commission Reappointment,English,Are the Chairperson and members of the National Natural Resources and Fiscal Commission eligible for reappointment after completing their term?,"No, they are not eligible for reappointment.",Yes.,,
NNRFC010,Constitution & Law,National Natural Resources and Fiscal Commission Reappointment,Nepali,राष्ट्रिय प्राकृतिक स्रोत तथा वित्त आयोगका अध्यक्ष र सदस्यहरू पदावधि पूरा गरेपछि पुनः नियुक्तिका लागि योग्य हुन्छन्?,"होइन, पुनः नियुक्तिका लागि योग्य हुँदैनन्।",नयाँ प्राविधिक अनुसार नियुक्तिका लागि योग्य हुन्छन्।,,
NNRFC011,Constitution & Law,National Natural Resources and Fiscal Commission Reappointment,English,Can a member of the National Natural Resources and Fiscal Commission be appointed as the Chairperson after serving as a member?,Yes.,Yes,,
NNRFC011,Constitution & Law,National Natural Resources and Fiscal Commission Reappointment,Nepali,राष्ट्रिय प्राकृतिक स्रोत तथा वित्त आयोगको सदस्य पछि अध्यक्ष पदमा नियुक्त हुन सक्छ?,सक्छ।,नयाँ,,
NNRFC012,Constitution & Law,National Natural Resources and Fiscal Commission Qualification,English,What educational and professional experience requirement is specified for appointment as Chairperson or member of the National Natural Resources and Fiscal Commission?,A bachelor's degree in a relevant subject from a recognized university and at least twenty years of expertise in specified fields.,A Chairperson or member of the National Natural Resources and Fiscal Commission should be a person of eminence in the field of economics or finance or a retired judge of the Supreme Court or a High Court.,,
NNRFC012,Constitution & Law,National Natural Resources and Fiscal Commission Qualification,Nepali,राष्ट्रिय प्राकृतिक स्रोत तथा वित्त आयोगको अध्यक्ष वा सदस्य नियुक्तिका लागि शैक्षिक तथा व्यावसायिक अनुभवसम्बन्धी कस्तो योग्यता आवश्यक छ?,मान्यता प्राप्त विश्वविद्यालयबाट सम्बन्धित विषयमा स्नातक उपाधि र तोकिएका क्षेत्रमा कम्तीमा बीस वर्षको विशेषज्ञता।,"संविधान अनुसार, राष्ट्रिय प्राकृतिक स्रोत तथा वित्त आयोगको अध्यक्ष वा सदस्य नियुक्तिका लागि शैक्षिक तथा व्यावसायिक अनुभवसम्बन्धी योग्यता आवश्यक छ:

*   अध्यक्ष: संविधान अनुसार, राष्ट्रिय प्राकृतिक स्रोत तथा वित्त आयोगको अध्यक्षलाई संविधान सभाका सदस्यको रूपमा निर्वाचित हुने आवश्यक छ।
*   सदस्य: संविधान अनुस",,
NNRFC013,Constitution & Law,National Natural Resources and Fiscal Commission Qualification,English,"How many years of expertise must a person have in natural resources, fiscal management, economics, law, or management to qualify for appointment?",At least twenty years.,10,,
NNRFC013,Constitution & Law,National Natural Resources and Fiscal Commission Qualification,Nepali,"राष्ट्रिय प्राकृतिक स्रोत, वित्त व्यवस्थापन, अर्थशास्त्र, कानून वा व्यवस्थापन क्षेत्रमा नियुक्तिका लागि कति वर्षको विशेषज्ञता आवश्यक छ?",कम्तीमा बीस वर्ष।,"राष्ट्रिय प्राकृतिक स्रोत, वित्त व्यवस्थापन, अर्थशास्त्र, कानून वा व्यवस्थापन क्षेत्रमा नियुक्तिका लागि ५ वर्षको विशेषज्ञता आवश्यक छ।",,
NNRFC014,Constitution & Law,National Natural Resources and Fiscal Commission Qualification,English,Which fields are specifically mentioned for gaining expertise for appointment to the National Natural Resources and Fiscal Commission?,"Natural resources, fiscal management, economics, law, and management.","Economics, Law, Commerce, Forestry, Agriculture, Animal Husbandry, Engineering, Geology, Statistics, and Economics.",,
NNRFC014,Constitution & Law,National Natural Resources and Fiscal Commission Qualification,Nepali,राष्ट्रिय प्राकृतिक स्रोत तथा वित्त आयोगमा नियुक्तिका लागि विशेषज्ञता प्राप्त गर्न कुन-कुन क्षेत्र उल्लेख गरिएको छ?,"प्राकृतिक स्रोत, वित्त व्यवस्थापन, अर्थशास्त्र, कानून र व्यवस्थापन।","वनस्पति विज्ञान, भूविज्ञान, जलविज्ञान, जीवविज्ञान, भूगर्भिक विज्ञान, भौतिक विज्ञान, रसायन विज्ञान, जीवविज्ञान, भूगर्भिक विज्ञान, भौतिक विज्ञान, रसायन विज्ञान, भूगर्भिक विज्ञान, भौतिक विज्ञान, रसायन विज्ञान, भूगर्भिक विज्ञान, भौतिक विज्ञान, रसायन विज्ञान, भूगर्भिक विज्ञान, भौतिक",,
NNRFC015,Constitution & Law,National Natural Resources and Fiscal Commission Qualification,English,Can a person who is a member of a political party at the time of appointment become Chairperson or member of the National Natural Resources and Fiscal Commission?,No.,No,,
NNRFC015,Constitution & Law,National Natural Resources and Fiscal Commission Qualification,Nepali,नियुक्तिको समयमा राजनीतिक दलको सदस्य रहेको व्यक्ति राष्ट्रिय प्राकृतिक स्रोत तथा वित्त आयोगको अध्यक्ष वा सदस्य बन्न सक्छ?,सक्दैन।,नियुक्तिको समयमा राजनीतिक दलको सदस्य रहेको व्यक्ति राष्ट्रिय प्राकृतिक स्रोत तथा वित्त आयोगको अध्यक्ष वा सदस्य बन्न सक्छ नभइरहेको छ।,,
NNRFC016,Constitution & Law,National Natural Resources and Fiscal Commission Qualification,English,What minimum age is required for appointment as Chairperson or member of the National Natural Resources and Fiscal Commission?,Forty-five years.,45 years,,
NNRFC016,Constitution & Law,National Natural Resources and Fiscal Commission Qualification,Nepali,राष्ट्रिय प्राकृतिक स्रोत तथा वित्त आयोगको अध्यक्ष वा सदस्य नियुक्तिका लागि न्यूनतम उमेर कति हो?,पैँतालीस वर्ष।,उत्तर: ३५,,
NNRFC017,Constitution & Law,National Natural Resources and Fiscal Commission Qualification,English,What moral requirement is required for appointment as Chairperson or member of the National Natural Resources and Fiscal Commission?,High moral character.,To be a person of integrity.,,
NNRFC017,Constitution & Law,National Natural Resources and Fiscal Commission Qualification,Nepali,राष्ट्रिय प्राकृतिक स्रोत तथा वित्त आयोगको अध्यक्ष वा सदस्य नियुक्तिका लागि कस्तो नैतिक आवश्यकता तोकिएको छ?,उच्च नैतिक चरित्र।,राष्ट्रिय प्राकृतिक स्रोत तथा वित्त आयोगको अध्यक्ष वा सदस्य नियुक्तिका लागि न्यूनतम १५ वर्ष न्यूनतम १५ वर्ष को सेवा प्रतिभुता वा अनुभव वा न्यूनतम १५ वर्ष को सेवा प्रतिभुता वा अनुभव वा न्यूनतम १५ वर्ष को सेवा प्रतिभुता वा अनुभव वा न्यूनतम १५ वर्ष को सेवा प्रतिभुता वा अनुभव वा न्यून,,
NNRFC018,Constitution & Law,National Natural Resources and Fiscal Commission Service Conditions,English,Can the remuneration and conditions of service of the Chairperson and members of the National Natural Resources and Fiscal Commission be altered to their disadvantage while they hold office?,No.,No.,,
NNRFC018,Constitution & Law,National Natural Resources and Fiscal Commission Service Conditions,Nepali,पदमा रहँदा राष्ट्रिय प्राकृतिक स्रोत तथा वित्त आयोगका अध्यक्ष र सदस्यहरूको पारिश्रमिक तथा सेवाका सर्तहरू प्रतिकूल परिवर्तन गर्न सकिन्छ?,सकिँदैन।,नहीं।,,
NNRFC019,Constitution & Law,National Natural Resources and Fiscal Commission Service Conditions,English,What is the exception to the protection against disadvantageous alteration of remuneration and conditions of service of the Commission members?,A state of emergency declared because of extreme economic disarrays.,"The exception is that the Commission members may be required to take a leave of absence or to be absent from duty without pay for a period of up to 30 days in any year, or for a longer period with the approval of the Governor-General.",,
NNRFC019,Constitution & Law,National Natural Resources and Fiscal Commission Service Conditions,Nepali,आयोगका अध्यक्ष र सदस्यहरूको सेवाका सर्तहरू प्रतिकूल परिवर्तन गर्न नपाइने व्यवस्थाको अपवाद के हो?,चरम आर्थिक अव्यवस्थाका कारण संकटकाल घोषणा भएको अवस्था।,अपवाद: संविधान सभाको निर्वाचनको पूर्व कार्यनिर्वाह समितिको निर्वाचनको पूर्व।,,
NNRFC020,Constitution & Law,National Natural Resources and Fiscal Commission Functions,English,What is the responsibility of the National Natural Resources and Fiscal Commission regarding revenue distribution from the Federal Consolidated Fund?,"To determine detailed basis and modality for distribution of revenues between Federal, State and Local Governments.",To recommend the principles which should govern any distribution of the revenues raised by the Federal Government among the States and the Union territories.,,
NNRFC020,Constitution & Law,National Natural Resources and Fiscal Commission Functions,Nepali,संघीय सञ्चित कोषबाट हुने राजस्व वितरण सम्बन्धमा राष्ट्रिय प्राकृतिक स्रोत तथा वित्त आयोगको जिम्मेवारी के हो?,"संघ, प्रदेश र स्थानीय सरकारबीच राजस्व वितरणको विस्तृत आधार र ढाँचा निर्धारण गर्नु।",राष्ट्रिय प्राकृतिक स्रोत तथा वित्त आयोगले संघीय सञ्चित कोषबाट हुने राजस्व वितरण सम्बन्धमा जिम्मेवारी हुन्छ।,,
NNRFC021,Constitution & Law,National Natural Resources and Fiscal Commission Functions,English,From which fund does the National Natural Resources and Fiscal Commission recommend equalization grants to State and Local Governments?,Federal Consolidated Fund.,The National Natural Resources and Fiscal Commission recommends equalization grants to State and Local Governments from the Centre's share of taxes.,,
NNRFC021,Constitution & Law,National Natural Resources and Fiscal Commission Functions,Nepali,राष्ट्रिय प्राकृतिक स्रोत तथा वित्त आयोगले प्रदेश र स्थानीय सरकारलाई समानीकरण अनुदान कुन कोषबाट उपलब्ध गराउन सिफारिस गर्छ?,संघीय सञ्चित कोष।,राष्ट्रिय प्राकृतिक स्रोत तथा वित्त आयोगले प्रदेश र स्थानीय सरकारलाई समानीकरण अनुदान कोषबाट उपलब्ध गराउन सिफारिस गर्छ।,,
NNRFC022,Constitution & Law,National Natural Resources and Fiscal Commission Functions,English,What type of grants does the National Natural Resources and Fiscal Commission study and prepare parameters for based on national policies and programs?,Conditional grants.,Project grants.,,
NNRFC022,Constitution & Law,National Natural Resources and Fiscal Commission Functions,Nepali,राष्ट्रिय नीति तथा कार्यक्रमका आधारमा राष्ट्रिय प्राकृतिक स्रोत तथा वित्त आयोगले कुन प्रकारका अनुदानका लागि मापदण्ड तयार गर्छ?,सशर्त अनुदान।,राष्ट्रिय नीति तथा कार्यक्रमका आधारमा राष्ट्रिय प्राकृतिक स्रोत तथा वित्त आयोगले विकास प्रक्रियामा प्रत्यक्ष र पार्श्विक अनुदानका लागि मापदण्ड तयार गर्छ।,,
NNRFC023,Constitution & Law,National Natural Resources and Fiscal Commission Revenue Distribution,English,What is the difference between revenue distribution from the Federal Consolidated Fund and revenue distribution from the State Consolidated Fund under the functions of the Commission?,"Federal Consolidated Fund distribution is between Federal, State and Local Governments, while State Consolidated Fund distribution is between State and Local Governments.","The difference between revenue distribution from the Federal Consolidated Fund and revenue distribution from the State Consolidated Fund is that the former is distributed among the States and the Union Territories based on the recommendations of the Finance Commission, while the latter is distributed among the States based on the recommendations of the Finance Commission, but with a specific share going to the State Government.",,
NNRFC023,Constitution & Law,National Natural Resources and Fiscal Commission Revenue Distribution,Nepali,आयोगको कार्यअन्तर्गत संघीय सञ्चित कोष र प्रदेश सञ्चित कोषबाट हुने राजस्व वितरणमा के फरक छ?,"संघीय सञ्चित कोषबाट हुने वितरण संघ, प्रदेश र स्थानीय सरकारबीच हुन्छ भने प्रदेश सञ्चित कोषबाट हुने वितरण प्रदेश र स्थानीय सरकारबीच हुन्छ।",आयोगको कार्यअन्तर्गत संघीय सञ्चित कोष र प्रदेश सञ्चित कोषबाट हुने राजस्व वितरणमा संघीय सञ्चित कोषबाट हुने राजस्व वितरणमा संघीय सञ्चित कोषबाट हुने राजस्व वितरणमा संघीय सञ्चित कोषबाट हुने राजस्व वितरणमा संघीय सञ्चित कोषबाट हुने राजस्व वितरणमा संघीय सञ्चित कोषबाट,,
NNRFC024,Constitution & Law,National Natural Resources and Fiscal Commission Functions,English,What does the National Natural Resources and Fiscal Commission recommend regarding government expenditures and revenue collection?,"Measures to meet expenditures of Federal, State and Local Governments and reforms in revenue collection.",The National Natural Resources and Fiscal Commission recommends that the government should reduce its expenditure and increase its revenue collection.,,
NNRFC024,Constitution & Law,National Natural Resources and Fiscal Commission Functions,Nepali,सरकारी खर्च र राजस्व सङ्कलन सम्बन्धमा राष्ट्रिय प्राकृतिक स्रोत तथा वित्त आयोगले के सिफारिस गर्छ?,"संघ, प्रदेश र स्थानीय सरकारको खर्च पूरा गर्ने उपाय र राजस्व सङ्कलन सुधारका उपाय।",सरकारी खर्च र राजस्व सङ्कलन सम्बन्धमा राष्ट्रिय प्राकृतिक स्रोत तथा वित्त आयोगले ३०% प्रतिशत सरकारी खर्च र राजस्व सङ्कलन सिफारिस गर्छ।,,
NNRFC025,Constitution & Law,National Natural Resources and Fiscal Commission Fiscal Management,English,What does the National Natural Resources and Fiscal Commission recommend after analyzing macro-economic indicators?,Ceiling of internal loans that governments can borrow.,The National Natural Resources and Fiscal Commission recommends a 10% cut in non-essential expenditure and a 10% cut in subsidies.,,
NNRFC025,Constitution & Law,National Natural Resources and Fiscal Commission Fiscal Management,Nepali,समष्टिगत आर्थिक सूचकहरूको विश्लेषण गरेपछि राष्ट्रिय प्राकृतिक स्रोत तथा वित्त आयोगले के सिफारिस गर्छ?,सरकारले लिन सक्ने आन्तरिक ऋणको सीमा।,समष्टिगत आर्थिक सूचकहरूको विश्लेषण गरेपछि राष्ट्रिय प्राकृतिक स्रोत तथा वित्त आयोगले राष्ट्रिय विकासको स्थिति सुधार्ने उद्देश्यले विभिन्न क्षेत्रमा सिफारिस गर्छ।,,
NNRFC026,Constitution & Law,National Natural Resources and Fiscal Commission Revenue Review,English,What does the National Natural Resources and Fiscal Commission do regarding the basis of revenue distribution between the Federal and State Governments?,Reviews the basis and recommends revision.,The National Natural Resources and Fiscal Commission is responsible for reviewing and recommending the basis of revenue distribution between the Federal and State Governments.,,
NNRFC026,Constitution & Law,National Natural Resources and Fiscal Commission Revenue Review,Nepali,संघ र प्रदेश सरकारबीच राजस्व बाँडफाँडको आधार सम्बन्धमा राष्ट्रिय प्राकृतिक स्रोत तथा वित्त आयोगले के गर्छ?,आधारको पुनरावलोकन गरी संशोधनको सिफारिस गर्छ।,राष्ट्रिय प्राकृतिक स्रोत तथा वित्त आयोगले संघ र प्रदेश सरकारबीच राजस्व बाँडफाँडको आधार सम्बन्धमा संविधान अनुसार निर्धारित कानूनले निर्देशित गर्छ।,,
NNRFC027,Constitution & Law,National Natural Resources and Fiscal Commission Natural Resources,English,What does the National Natural Resources and Fiscal Commission determine regarding investments and returns from natural resource mobilization?,"Bases for determining shares of Federal, State and Local Governments.","The National Natural Resources and Fiscal Commission determines that investments and returns from natural resource mobilization are not being utilized effectively, leading to a mismatch between the potential and actual returns.",,
NNRFC027,Constitution & Law,National Natural Resources and Fiscal Commission Natural Resources,Nepali,प्राकृतिक स्रोतको परिचालनबाट हुने लगानी र प्रतिफलमा राष्ट्रिय प्राकृतिक स्रोत तथा वित्त आयोगले के निर्धारण गर्छ?,"संघ, प्रदेश र स्थानीय सरकारको हिस्साको निर्धारण गर्ने आधार।",राष्ट्रिय प्राकृतिक स्रोत तथा वित्त आयोगले प्राकृतिक स्रोतको परिचालनबाट हुने लगानी र प्रतिफलमा ५०% निर्धारण गर्छ।,,
NNRFC028,Constitution & Law,National Natural Resources and Fiscal Commission Dispute Resolution,English,What type of disputes does the National Natural Resources and Fiscal Commission study and research to provide suggestions for coordinated prevention?,"Possible disputes between Federation and States, between States, between State and Local level, and between Local levels.",Disputes related to natural resources.,,
NNRFC028,Constitution & Law,National Natural Resources and Fiscal Commission Dispute Resolution,Nepali,राष्ट्रिय प्राकृतिक स्रोत तथा वित्त आयोगले समन्वयात्मक रोकथामका लागि कस्ता विवादमा अध्ययन तथा अनुसन्धान गर्छ?,"संघ र प्रदेशबीच, प्रदेशहरूबीच, प्रदेश र स्थानीय तहबीच तथा स्थानीय तहहरूबीच हुन सक्ने विवाद।","राष्ट्रिय प्राकृतिक स्रोत तथा वित्त आयोगले समन्वयात्मक रोकथामका लागि कस्ता विवादमा जैविक संरक्षण, जलवायु परिवर्तन, प्राकृतिक स्रोतको संरक्षण, पर्यावरण संरक्षण, वनस्पति संरक्षण, जैविक विविधता संरक्षण, जल संरक्षण, प्राकृतिक स्रोतको संरक्षण, पर्यावरण संरक्षण, वनस्पति संरक्षण, जैव",,
NNRFC029,Constitution & Law,National Natural Resources and Fiscal Commission Environmental Assessment,English,What study must the National Natural Resources and Fiscal Commission conduct regarding distribution of natural resources?,Study and research on required environmental impact assessment.,"The National Natural Resources and Fiscal Commission must conduct a study regarding the distribution of natural resources, including the distribution of water, land, forests, minerals, and other resources.",,
NNRFC029,Constitution & Law,National Natural Resources and Fiscal Commission Environmental Assessment,Nepali,प्राकृतिक स्रोतको वितरण सम्बन्धमा राष्ट्रिय प्राकृतिक स्रोत तथा वित्त आयोगले कस्तो अध्ययन गर्नुपर्छ?,आवश्यक वातावरणीय प्रभाव मूल्याङ्कनसम्बन्धी अध्ययन तथा अनुसन्धान।,"प्राकृतिक स्रोतको वितरण सम्बन्धमा राष्ट्रिय प्राकृतिक स्रोत तथा वित्त आयोगले निम्नलिखित अध्ययन गर्नुपर्छ:

१. प्राकृतिक स्रोतको वितरण सम्बन्धमा जिल्ला वा जिल्ला विभाजनको आधारमा अध्ययन गर्नुपर्छ।
२. प्राकृतिक स्रोतको वितरण सम्बन्धमा जिल्ला वा जिल्ला विभाजनको आधारमा अध्ययन गर्नुपर्छ।
३.",,
OC001,Constitution & Law,National Women Commission,English,What constitutional body is established under Article 252 of the Constitution of Nepal?,National Women Commission of Nepal.,National Assembly,,
OC001,Constitution & Law,National Women Commission,Nepali,नेपालको संविधानको धारा २५२ अन्तर्गत कुन संवैधानिक निकायको स्थापना गरिएको छ?,नेपालको राष्ट्रिय महिला आयोग।,नेपालको संविधानको धारा २५२ अन्तर्गत न्यायाधीश निर्वाचन समितिको स्थापना गरिएको छ।,,
OC002,Constitution & Law,National Women Commission Composition,English,"How many members, including the Chairperson, constitute the National Women Commission?",Five members.,9,,
OC002,Constitution & Law,National Women Commission Composition,Nepali,राष्ट्रिय महिला आयोगमा अध्यक्षसहित कति जना सदस्य हुन्छन्?,पाँच जना सदस्य।,राष्ट्रिय महिला आयोगमा अध्यक्षसहित ११ जना सदस्य हुन्छन्।,,
OC003,Constitution & Law,National Women Commission Appointment,English,Who appoints the Chairperson and members of the National Women Commission?,The President.,The President of India,,
OC003,Constitution & Law,National Women Commission Appointment,Nepali,राष्ट्रिय महिला आयोगका अध्यक्ष र सदस्यहरूलाई कसले नियुक्त गर्छ?,राष्ट्रपति।,नेपाल सरकारले राष्ट्रिय महिला आयोगका अध्यक्ष र सदस्यहरूलाई नियुक्त गर्छ ।,,
OC004,Constitution & Law,National Women Commission Appointment,English,On whose recommendation are the Chairperson and members of the National Women Commission appointed?,Constitutional Council.,The President,,
OC004,Constitution & Law,National Women Commission Appointment,Nepali,राष्ट्रिय महिला आयोगका अध्यक्ष र सदस्यहरू कसको सिफारिसमा नियुक्त हुन्छन्?,संवैधानिक परिषद्।,संसदको सिफारिसमा,,
OC005,Constitution & Law,National Women Commission Tenure,English,What is the term of office of the Chairperson and members of the National Women Commission?,Six years from the date of appointment.,Three years,,
OC005,Constitution & Law,National Women Commission Tenure,Nepali,राष्ट्रिय महिला आयोगका अध्यक्ष र सदस्यहरूको पदावधि कति हुन्छ?,नियुक्तिको मितिदेखि छ वर्ष।,पाँच वर्ष,,
OC006,Constitution & Law,National Women Commission Reappointment,English,Are the Chairperson and members of the National Women Commission eligible for reappointment after completing their term?,"No, they are not eligible for reappointment.",No,,
OC006,Constitution & Law,National Women Commission Reappointment,Nepali,राष्ट्रिय महिला आयोगका अध्यक्ष र सदस्यहरू पदावधि पूरा भएपछि पुनः नियुक्तिका लागि योग्य हुन्छन्?,"होइन, पुनः नियुक्तिका लागि योग्य हुँदैनन्।",नयाँ राष्ट्रिय महिला आयोगका अध्यक्ष र सदस्यहरू ५ वर्षसम्म नियुक्ति हुन्छन्।,,
OC007,Constitution & Law,National Women Commission Qualification,English,How many years of contribution in the relevant fields are required for a person to qualify for appointment as Chairperson or member of the National Women Commission?,At least ten years.,15 years,,
OC007,Constitution & Law,National Women Commission Qualification,Nepali,राष्ट्रिय महिला आयोगको अध्यक्ष वा सदस्य बन्न सम्बन्धित क्षेत्रमा कति वर्षको योगदान आवश्यक हुन्छ?,कम्तीमा दस वर्ष।,राष्ट्रिय महिला आयोगको अध्यक्ष वा सदस्य बन्न सम्बन्धित क्षेत्रमा १५ वर्षको योगदान आवश्यक हुन्छ।,,
OC008,Constitution & Law,National Women Commission Qualification,English,In which fields must a woman have made outstanding contributions to qualify for appointment to the National Women Commission?,"Rights and interests of women, gender justice, women development, human rights, or law.","Social welfare, education, health, law, politics, and other fields.",,
OC008,Constitution & Law,National Women Commission Qualification,Nepali,राष्ट्रिय महिला आयोगमा नियुक्तिका लागि महिलाले कुन-कुन क्षेत्रमा उत्कृष्ट योगदान गरेको हुनुपर्छ?,"महिलाको अधिकार तथा हित, लैङ्गिक न्याय, महिला विकास, मानव अधिकार वा कानून।","राष्ट्रिय महिला आयोगमा नियुक्तिका लागि महिलाले सामाजिक, सांस्कृतिक, राजनीतिक, आर्थिक, शिक्षा क्षेत्रमा उत्कृष्ट योगदान गरेको हुनुपर्छ।",,
OC009,Constitution & Law,National Women Commission Qualification,English,What additional qualification is specifically required for the Chairperson of the National Women Commission compared to other members?,Holding a bachelor's degree from a recognized university.,A law degree.,,
OC009,Constitution & Law,National Women Commission Qualification,Nepali,राष्ट्रिय महिला आयोगका अन्य सदस्यको तुलनामा अध्यक्षका लागि थप कुन योग्यता आवश्यक छ?,मान्यता प्राप्त विश्वविद्यालयबाट स्नातक उपाधि।,"राष्ट्रिय महिला आयोगका अध्यक्षलाई न्यायाधीश, प्राधिकरण, संसदीय सदस्य, राज्य सभा सदस्य, उपप्रधानमन्त्री, उपप्रधानमन्त्री सहित कुनै पनि राज्य को मुख्यमन्त्री होइने आवश्यक छ ।",,
OC010,Constitution & Law,National Women Commission Functions,English,What is the responsibility of the National Women Commission regarding policies and programs related to women's rights and interests?,To formulate policies and programs and submit them to the Government of Nepal for implementation.,"To promote and protect women's rights and interests, and to ensure that policies and programs are gender-sensitive and responsive to the needs of women.",,
OC010,Constitution & Law,National Women Commission Functions,Nepali,महिलाको अधिकार र हितसम्बन्धी नीति तथा कार्यक्रमका सम्बन्धमा राष्ट्रिय महिला आयोगको जिम्मेवारी के हो?,नीति तथा कार्यक्रम तर्जुमा गरी कार्यान्वयनका लागि नेपाल सरकारसमक्ष पेश गर्नु।,"राष्ट्रिय महिला आयोगको जिम्मेवारी महिलाको अधिकार र हितसम्बन्धी नीति तथा कार्यक्रमको विकास, पालना र सम्यक पालना गर्नु हो ।",,
OC011,Constitution & Law,National Women Commission International Obligations,English,How does the National Women Commission monitor Nepal's obligations under international treaties related to women's rights?,By monitoring implementation and suggesting measures for effective compliance to the Government of Nepal.,"The National Women Commission (NWC) in Nepal monitors the country's obligations under international treaties related to women's rights through the following mechanisms:

1. Review of national reports: The NWC reviews and submits national reports to the United Nations Committee on the Elimination of Discrimination against Women (CEDAW) and other international treaty bodies, providing updates on the implementation of treaty obligations.
2. Monitoring of laws and policies: The NWC monitors the alignment of national laws and policies with international treaty obligations, identifying gaps and areas for improvement.
3. Data collection and analysis: The NWC collects and analyzes data on the status of women's rights in Nepal, including data on violence against women, women's participation in politics, and access to education and employment",,
OC011,Constitution & Law,National Women Commission International Obligations,Nepali,महिलाको अधिकारसम्बन्धी अन्तर्राष्ट्रिय सन्धिअन्तर्गत नेपालको दायित्वलाई राष्ट्रिय महिला आयोगले कसरी अनुगमन गर्छ?,कार्यान्वयनको अनुगमन गरी प्रभावकारी पालना र कार्यान्वयनका उपायसहित नेपाल सरकारलाई सुझाव दिने।,"महिलाको अधिकारसम्बन्धी अन्तर्राष्ट्रिय सन्धिअन्तर्गत नेपालको दायित्वलाई राष्ट्रिय महिला आयोगले अनुगमन गर्दा निम्नलिखित कार्यहरू गर्छ:

१. नेपाल सरकारले महिलाको अधिकारसम्बन्धी अन्तर्राष्ट्रिय सन्धिहरू अनुसार निर्धारित कार्यक्रम, नीति र कार्यक्रमलाई कार्यान्वित गर्ने दायित्वलाई अनुगमन गर्दछ।
२. महिलाको",,
OC012,Constitution & Law,National Women Commission Legal Action,English,What recommendation can the National Women Commission make when cases need to be filed regarding violence against women or deprivation of women's rights?,Recommendation to concerned bodies to file cases in courts according to law.,The National Women Commission can make a recommendation to the government to file cases regarding violence against women or deprivation of women's rights.,,
OC012,Constitution & Law,National Women Commission Legal Action,Nepali,महिला हिंसा वा महिलाको अधिकारबाट वञ्चित गरिएका विषयमा मुद्दा दायर गर्न आवश्यक भए राष्ट्रिय महिला आयोगले के सिफारिस गर्न सक्छ?,कानून बमोजिम सम्बन्धित निकायलाई अदालतमा मुद्दा दायर गर्न सिफारिस।,राष्ट्रिय महिला आयोगले सिफारिस गर्न सक्ने मुद्दा दायर गर्न आवश्यक भए के यस्ता मुद्दा दायर गर्न आवश्यक भए राष्ट्रिय महिला आयोगले सिफारिस गर्न सक्छन्।,,
OC013,Constitution & Law,National Dalit Commission,English,What constitutional body is established under Article 255 of the Constitution of Nepal?,National Dalit Commission of Nepal.,National Assembly,,
OC013,Constitution & Law,National Dalit Commission,Nepali,नेपालको संविधानको धारा २५५ अन्तर्गत कुन संवैधानिक निकायको स्थापना गरिएको छ?,नेपालको राष्ट्रिय दलित आयोग।,नेपालको संविधानको धारा २५५ अन्तर्गत न्यायाधीश निर्वाचन समितिको स्थापना गरिएको छ।,,
OC014,Constitution & Law,National Dalit Commission Composition,English,"How many members, including the Chairperson, constitute the National Dalit Commission?",Five members.,7,,
OC014,Constitution & Law,National Dalit Commission Composition,Nepali,राष्ट्रिय दलित आयोगमा अध्यक्षसहित कति जना सदस्य हुन्छन्?,पाँच जना सदस्य।,राष्ट्रिय दलित आयोगमा अध्यक्षसहित ७ जना सदस्य हुन्छन् ।,,
OC015,Constitution & Law,National Dalit Commission Appointment,English,Who appoints the Chairperson and members of the National Dalit Commission?,The President.,The President of India,,
OC015,Constitution & Law,National Dalit Commission Appointment,Nepali,राष्ट्रिय दलित आयोगका अध्यक्ष र सदस्यहरूलाई कसले नियुक्त गर्छ?,राष्ट्रपति।,नेपाल सरकारले राष्ट्रिय दलित आयोगका अध्यक्ष र सदस्यहरूलाई नियुक्त गर्छ।,,
OC016,Constitution & Law,National Dalit Commission Appointment,English,On whose recommendation are the Chairperson and members of the National Dalit Commission appointed?,Constitutional Council.,The President,,
OC016,Constitution & Law,National Dalit Commission Appointment,Nepali,राष्ट्रिय दलित आयोगका अध्यक्ष र सदस्यहरू कसको सिफारिसमा नियुक्त हुन्छन्?,संवैधानिक परिषद्।,संसदको सिफारिसमा,,
OC017,Constitution & Law,National Dalit Commission Tenure,English,What is the term of office of the Chairperson and members of the National Dalit Commission?,Six years from the date of appointment.,3 years,,
OC017,Constitution & Law,National Dalit Commission Tenure,Nepali,राष्ट्रिय दलित आयोगका अध्यक्ष र सदस्यहरूको पदावधि कति हुन्छ?,नियुक्तिको मितिदेखि छ वर्ष।,प्रश्न: राष्ट्रिय दलित आयोगका अध्यक्ष र सदस्यहरूको पदावधि ३ वर्ष हुन्छ।,,
OC018,Constitution & Law,National Dalit Commission Qualification,English,"How many years of outstanding contribution in the field of Dalit rights, human rights, or law are required for appointment to the National Dalit Commission?",At least ten years.,15 years,,
OC018,Constitution & Law,National Dalit Commission Qualification,Nepali,"राष्ट्रिय दलित आयोगमा नियुक्तिका लागि दलित अधिकार, मानव अधिकार वा कानूनको क्षेत्रमा कति वर्षको उत्कृष्ट योगदान आवश्यक हुन्छ?",कम्तीमा दस वर्ष।,"राष्ट्रिय दलित आयोगमा नियुक्तिका लागि दलित अधिकार, मानव अधिकार वा कानूनको क्षेत्रमा कम्तिमा ५ वर्षको उत्कृष्ट योगदान आवश्यक हुन्छ।",,
OC019,Constitution & Law,National Dalit Commission Qualification,English,In which fields must a person have rendered outstanding contribution to qualify as Chairperson or member of the National Dalit Commission?,"Rights and interests of the Dalit community, or human rights and law.","Social work, law, sociology, social sciences, or any other discipline.",,
OC019,Constitution & Law,National Dalit Commission Qualification,Nepali,राष्ट्रिय दलित आयोगको अध्यक्ष वा सदस्य बन्न व्यक्तिले कुन क्षेत्रमा उत्कृष्ट योगदान गरेको हुनुपर्छ?,दलित समुदायको अधिकार तथा हित वा मानव अधिकार र कानून।,राष्ट्रिय दलित आयोगको अध्यक्ष वा सदस्य बन्न व्यक्तिले सामाजिक क्षेत्रमा उत्कृष्ट योगदान गरेको हुनुपर्छ।,,
OC020,Constitution & Law,National Dalit Commission Qualification,English,What educational qualification is specifically required for the Chairperson of the National Dalit Commission?,At least a bachelor's degree from a recognized university.,Master's degree in any discipline from a recognized university.,,
OC020,Constitution & Law,National Dalit Commission Qualification,Nepali,राष्ट्रिय दलित आयोगका अध्यक्षका लागि विशेष रूपमा कुन शैक्षिक योग्यता आवश्यक छ?,मान्यता प्राप्त विश्वविद्यालयबाट कम्तीमा स्नातक उपाधि।,सामान्य रूपमा राष्ट्रिय दलित आयोगका अध्यक्षलाई कुनै विशेष शैक्षिक योग्यता आवश्यक नभइन पनि कुनै व्यक्तिले न्यायाधीश हुने के लागि आवश्यक शैक्षिक योग्यता हुनुपर्छ।,,
OC021,Constitution & Law,National Dalit Commission Functions,English,What is the responsibility of the National Dalit Commission regarding the overall situation of the Dalit community?,"To conduct study and exploration, identify areas for reform, and make recommendations to the Government of Nepal.",To investigate and monitor the implementation of the provisions of the Constitution relating to the welfare of the Scheduled Castes and to promote and protect their rights.,,
OC021,Constitution & Law,National Dalit Commission Functions,Nepali,दलित समुदायको समग्र अवस्थासम्बन्धी राष्ट्रिय दलित आयोगको जिम्मेवारी के हो?,अध्ययन तथा खोज गरी सुधारका क्षेत्र पहिचान गर्ने र नेपाल सरकारलाई सिफारिस गर्ने।,"राष्ट्रिय दलित आयोगको जिम्मेवारी हो-

१. दलित समुदायको समग्र अवस्था के हो ?
२. दलित समुदायको समग्र अवस्थासम्बन्धी स्थिति के हो ?
३. दलित समुदायको समग्र अवस्थासम्बन्धी स्थिति के कारण के हो ?
४. दलित समुदायको समग्र अवस्थासम्बन्धी स्थिति के समाधान के के हो ?",,
OC022,Constitution & Law,National Dalit Commission Policy Recommendations,English,What type of policies and programs does the National Dalit Commission formulate and submit to the Government of Nepal?,National policies and programs for the upliftment and development of Dalit communities and ending caste-based discrimination.,"The National Dalit Commission formulates and submits policies and programs related to the welfare and empowerment of Dalits, including:

* Policies to address social and economic exclusion and discrimination against Dalits
* Programs to promote education, employment, and economic opportunities for Dalits
* Initiatives to protect Dalit rights and prevent violence and harassment against them
* Recommendations to amend laws and policies that discriminate against Dalits
* Plans to promote Dalit representation in government and other institutions
* Strategies to address the specific needs and concerns of different sub-groups within the Dalit community.",,
OC022,Constitution & Law,National Dalit Commission Policy Recommendations,Nepali,राष्ट्रिय दलित आयोगले कस्ता नीति तथा कार्यक्रम तर्जुमा गरी नेपाल सरकारलाई पेश गर्छ?,दलित समुदायको उत्थान तथा विकास र जातीय भेदभाव अन्त्य गर्न राष्ट्रिय नीति तथा कार्यक्रम।,"राष्ट्रिय दलित आयोगले नेपाल सरकारलाई निम्नलिखित नीति तथा कार्यक्रम तर्जुमा गरी पेश गर्छ:

१. दलित समुदायलाई समावेशी विकासको लागि सामाजिक, आर्थिक, राजनीतिक, सांस्कृतिक, शैक्षिक, स्वास्थ्य, सामाजिक सुरक्षा र सामाजिक समानता प्रदान गर्ने नीति।
२. दलित समुदायलाई सामाजिक समानता प्रदान गर्ने नीति।
३",,
OC023,Constitution & Law,National Dalit Commission Implementation Monitoring,English,What does the National Dalit Commission monitor regarding laws and special provisions for the Dalit community?,Whether they have been effectively implemented.,"The National Dalit Commission, also known as the National Commission for Scheduled Castes (NCSC), monitors laws and special provisions for the Dalit community, including:

* Implementation of the Scheduled Castes and Scheduled Tribes (Prevention of Atrocities) Act, 1989
* Protection of rights of Dalits under the Constitution
* Implementation of the Scheduled Castes Sub-Plan (SCSP) and the Tribal Sub-Plan (TSP)
* Representation of Dalits in government services and public institutions
* Implementation of special provisions for Dalits in education, employment, and other areas
* Prevention of atrocities and discrimination against Dalits
* Promotion of social and economic development of the Dalit community",,
OC023,Constitution & Law,National Dalit Commission Implementation Monitoring,Nepali,दलित समुदायसम्बन्धी कानून र विशेष व्यवस्थाका सम्बन्धमा राष्ट्रिय दलित आयोगले के अनुगमन गर्छ?,ती प्रभावकारी रूपमा कार्यान्वयन भएका छन् वा छैनन्।,राष्ट्रिय दलित आयोगले कानून र विशेष व्यवस्थाका सम्बन्धमा अनुगमन गर्दछ।,,
OC025,Constitution & Law,National Inclusion Commission,English,What constitutional body is established under Article 258 of the Constitution of Nepal?,National Inclusion Commission of Nepal.,National Assembly,,
OC025,Constitution & Law,National Inclusion Commission,Nepali,नेपालको संविधानको धारा २५८ अन्तर्गत कुन संवैधानिक निकायको स्थापना गरिएको छ?,नेपालको राष्ट्रिय समावेशी आयोग।,नेपालको संविधानको धारा २५८ अन्तर्गत न्यायाधीश निर्वाचन समितिको स्थापना गरिएको छ।,,
OC026,Constitution & Law,National Inclusion Commission Composition,English,"How many members, including the Chairperson, constitute the National Inclusion Commission?",Five members.,9,,
OC026,Constitution & Law,National Inclusion Commission Composition,Nepali,राष्ट्रिय समावेशी आयोगमा अध्यक्षसहित कति जना सदस्य हुन्छन्?,पाँच जना सदस्य।,राष्ट्रिय समावेशी आयोगमा अध्यक्षसहित २१ जना सदस्य हुन्छन्।,,
OC027,Constitution & Law,National Inclusion Commission Scope,English,Which groups and communities are included within the scope of study and research of the National Inclusion Commission?,"Khas Arya, Pichhada class, persons with disabilities, senior citizens, labourers, peasants, minorities, marginalized communities, backward classes, people of Karnali and indigent classes.","The National Inclusion Commission's scope includes:

1. Indigenous peoples (including Native Americans, Alaska Natives, and Native Hawaiians)
2. Racial and ethnic minorities (including African Americans, Asian Americans, Hispanic Americans, and others)
3. Women and girls
4. People with disabilities
5. LGBTQ+ individuals
6. Low-income and economically disadvantaged communities
7. Rural and isolated communities
8. Immigrant and refugee communities
9. Seniors and older adults
10. Youth and children in foster care or other vulnerable situations.",,
OC027,Constitution & Law,National Inclusion Commission Scope,Nepali,राष्ट्रिय समावेशी आयोगको अध्ययन तथा अनुसन्धानको दायरामा कुन-कुन समुदाय र वर्ग पर्छन्?,"खस आर्य, पिछडा वर्ग, अपाङ्गता भएका व्यक्ति, ज्येष्ठ नागरिक, श्रमिक, किसान, अल्पसंख्यक, सीमान्तकृत समुदाय, पिछडा वर्ग, कर्णालीका जनता र विपन्न वर्ग।","राष्ट्रिय समावेशी आयोगको अध्ययन तथा अनुसन्धानको दायरामा निम्नलिखित समुदाय र वर्ग पर्छन्:

१. आदिवासी समुदाय
२. अन्य पिछड़िया वर्ग
३. पारसी समुदाय
४. मुस्लिम समुदाय
५. अन्य पिछड़िया वर्गमा पर्ने समुदाय
६. अन्य पिछड़िया वर्गमा पर्ने वर्ग
७. अन्य पिछड़िया वर्गमा पर्ने समुदाय
८",,
OC028,Constitution & Law,National Inclusion Commission Functions,English,What does the National Inclusion Commission study regarding government policies and laws for inclusion?,The status of implementation and makes suggestions for reforms.,"The National Inclusion Commission studies the effectiveness and impact of government policies and laws on promoting inclusion, particularly for marginalized and underrepresented groups, such as racial and ethnic minorities, women, and people with disabilities.",,
OC028,Constitution & Law,National Inclusion Commission Functions,Nepali,समावेशीकरणका लागि नेपाल सरकारले अपनाएका नीति तथा कानून सम्बन्धमा राष्ट्रिय समावेशी आयोगले के अध्ययन गर्छ?,कार्यान्वयनको अवस्था अध्ययन गरी सुधारका लागि सुझाव दिन्छ।,"नेपाल सरकारले समावेशीकरणका लागि नीति तथा कानून सम्बन्धमा राष्ट्रिय समावेशी आयोगले निम्नलिखित अध्ययन गर्छ:

१. समावेशीकरणको परिभाषा र सिद्धान्त
२. समावेशीकरणको प्रक्रिया र प्रक्रियाको चरण
३. समावेशीकरणको माध्यम र साधन
४. समावेशीकरणको मूल्य र महत्त्व
५. समावेशीकरणको चुनौती र समस्या",,
OC029,Constitution & Law,National Inclusion Commission Representation Monitoring,English,"What does the National Inclusion Commission study regarding representation of specified communities, classes, and regions in State organs?",Whether there has been appropriate representation and recommends review of special provisions.,"The National Inclusion Commission studies the representation of women, youth, people with disabilities, and ethnic and linguistic minorities in State organs.",,
OC029,Constitution & Law,National Inclusion Commission Representation Monitoring,Nepali,"तोकिएका समुदाय, वर्ग र क्षेत्रको राज्यका अंगहरूमा प्रतिनिधित्व सम्बन्धमा राष्ट्रिय समावेशी आयोगले के अध्ययन गर्छ?",उचित प्रतिनिधित्व भएको छ वा छैन अध्ययन गरी विशेष व्यवस्थाको पुनरावलोकन गर्न सिफारिस गर्छ।,"राष्ट्रिय समावेशी आयोगले तोकिएका समुदाय, वर्ग र क्षेत्रको राज्यका अंगहरूमा प्रतिनिधित्व सम्बन्धमा निम्नलिखित अध्ययन गर्छ:

१. समुदाय, वर्ग र क्षेत्रको प्रतिनिधित्वको स्थिति
२. प्रतिनिधित्वको स्थिति सम्बन्धी नीति र कार्यक्रम
३. प्रतिनिधित्वको स्थिति सम्बन्धी कार्यनीति
४. प्रतिनिधित्वको",,
OC030,Constitution & Law,National Inclusion Commission Karnali Region,English,What does the National Inclusion Commission recommend regarding the development and prosperity of Karnali and backward regions?,Policies and programs to be pursued for their development and prosperity.,"The National Inclusion Commission recommends the development and prosperity of Karnali and backward regions through the establishment of a separate federal province, which would be the Karnali Province.",,
OC030,Constitution & Law,National Inclusion Commission Karnali Region,Nepali,कर्णाली र पिछडिएका क्षेत्रको विकास र समृद्धिका सम्बन्धमा राष्ट्रिय समावेशी आयोगले के सिफारिस गर्छ?,तिनको विकास र समृद्धिका लागि अवलम्बन गरिने नीति तथा कार्यक्रम।,"राष्ट्रिय समावेशी आयोगले कर्णाली र पिछडिएका क्षेत्रको विकास र समृद्धिका सम्बन्धमा सिफारिस गरेको केही प्रमुख कदमहरू हुन्:

१. कर्णाली र पिछडिएका क्षेत्रको विकासलाई प्राथमिकता दिने कार्यक्रम तयार गर्ने,
२. कर्णाली र पिछडिएका क्षेत्रको विकासमा सामाजिक, आर्थिक र राजनीतिक स्तरमा समावेश",,
OC031,Constitution & Law,National Inclusion Commission Review Mechanism,English,On what basis does the National Inclusion Commission monitor the implementation of rights and interests of minority and marginalized communities and recommend revisions?,Periodic national census and human development index.,"The National Inclusion Commission monitors the implementation of rights and interests of minority and marginalized communities and recommends revisions based on the National Inclusion Index, which assesses the inclusion of marginalized groups in various sectors such as education, employment, healthcare, and more.",,
OC031,Constitution & Law,National Inclusion Commission Review Mechanism,Nepali,अल्पसंख्यक तथा सीमान्तकृत समुदायको अधिकार र हितको कार्यान्वयन अनुगमन गर्दा राष्ट्रिय समावेशी आयोगले कुन आधार प्रयोग गर्छ?,आवधिक राष्ट्रिय जनगणना र मानव विकास सूचकांक।,"अल्पसंख्यक तथा सीमान्तकृत समुदायको अधिकार र हितको कार्यान्वयन अनुगमन गर्दा राष्ट्रिय समावेशी आयोगले नेपाल सरकारले निर्मित अल्पसंख्यक तथा सीमान्तकृत समुदाय अधिकार र हितको कार्यान्वयन नियम, २०७९मा निर्धारित आधार प्रयोग गर्छ।",,
OC032,Constitution & Law,Indigenous Nationalities Commission,English,"What is the maximum number of members in the Indigenous Nationalities Commission, including the Chairperson?",Five members.,11,,
OC032,Constitution & Law,Indigenous Nationalities Commission,Nepali,आदिवासी जनजाति आयोगमा अध्यक्षसहित अधिकतम कति जना सदस्य हुन्छन्?,पाँच जना सदस्य।,आदिवासी जनजाति आयोगमा अध्यक्षसहित ११ जना सदस्य हुन्छन् ।,,
OC033,Constitution & Law,Madhesi Commission,English,Who appoints the Chairperson and members of the Madhesi Commission?,The President on the recommendation of the Constitutional Council.,The President of Nepal,,
OC033,Constitution & Law,Madhesi Commission,Nepali,मधेसी आयोगका अध्यक्ष र सदस्यहरूलाई कसले नियुक्त गर्छ?,संवैधानिक परिषद्को सिफारिसमा राष्ट्रपतिले।,मधेसी आयोगका अध्यक्ष र सदस्यहरूलाई प्रधानमन्त्री नियुक्त गर्छ।,,
OC034,Constitution & Law,Tharu and Muslim Commissions Comparison,English,What common constitutional feature is shared by the Tharu Commission and Muslim Commission regarding their composition?,Each consists of a Chairperson and a maximum of four other members.,The common constitutional feature shared by the Tharu Commission and Muslim Commission regarding their composition is that both commissions were headed by a non-Muslim chairman.,,
OC034,Constitution & Law,Tharu and Muslim Commissions Comparison,Nepali,थारू आयोग र मुस्लिम आयोगको संरचनासम्बन्धी साझा संवैधानिक व्यवस्था के हो?,दुवैमा अध्यक्ष र अधिकतम चार अन्य सदस्य हुन्छन्।,"थारू आयोग र मुस्लिम आयोगको संरचनासम्बन्धी साझा संवैधानिक व्यवस्था अनुसार, दोनै आयोगको संरचना समान हुनेछ। दोनै आयोगमा ४० सदस्य हुनेछन्, जसमध्ये ३० सदस्य सामान्य निर्वाचनको माध्यमले र १० सदस्य संवैधानिक न्यायाधीशले नियुक्त हुनेछन्।",,
OC035,Constitution & Law,Review of Commissions,English,After how many years from the commencement of the Constitution must the Federal Parliament review the commissions formed under Part 27?,Ten years.,5 years,,
OC035,Constitution & Law,Review of Commissions,Nepali,संविधान प्रारम्भ भएको कति वर्षपछि संघीय संसदले भाग २७ अन्तर्गत गठन भएका आयोगहरूको पुनरावलोकन गर्नुपर्छ?,दस वर्ष।,संविधान प्रारम्भ भएको १५ वर्षपछि संघीय संसदले भाग २७ अन्तर्गत गठन भएका आयोगहरूको पुनरावलोकन गर्नुपर्छ।,,
NS001,Constitution & Law,National Security Council,English,"What constitutional body is established for making recommendations on Nepal's overall national interest, security, and defence policy?",National Security Council.,National Defence Council,,
NS001,Constitution & Law,National Security Council,Nepali,"नेपालको समग्र राष्ट्रिय हित, सुरक्षा र रक्षा नीतिसम्बन्धी सिफारिस गर्न कुन संवैधानिक निकायको स्थापना गरिएको छ?",राष्ट्रिय सुरक्षा परिषद्।,"नेपालको समग्र राष्ट्रिय हित, सुरक्षा र रक्षा नीतिसम्बन्धी सिफारिस गर्न नेपालको संवैधानिक निकाय संघीय सुरक्षा समन्वय प्राधिकरणको स्थापना गरिएको छ।",,
NS002,Constitution & Law,National Security Council Purpose,English,What are the two major purposes of the National Security Council mentioned in the Constitution?,"To recommend policies on overall national interest, security and defence, and to mobilize and control the Nepal Army.",The National Security Council is not mentioned in the Constitution.,,
NS002,Constitution & Law,National Security Council Purpose,Nepali,संविधानमा उल्लेख भएअनुसार राष्ट्रिय सुरक्षा परिषद्का दुई प्रमुख उद्देश्य के हुन्?,"समग्र राष्ट्रिय हित, सुरक्षा र रक्षा नीतिका लागि सिफारिस गर्नु तथा नेपाली सेनाको परिचालन र नियन्त्रण गर्नु।","संविधानमा उल्लेख भएअनुसार राष्ट्रिय सुरक्षा परिषद्का दुई प्रमुख उद्देश्य हुन्-

१. राष्ट्रिय सुरक्षा परिषदले राष्ट्रिय सुरक्षा कार्यलयलाई सूचना प्रदान गरी राष्ट्रिय सुरक्षा कार्यलयले सूचना प्राप्त गरी राष्ट्रिय सुरक्षा कार्यलयले सूचना प्राप्त गरी राष्ट्रिय सुरक्षा कार्यलयले सूचना",,
NS003,Constitution & Law,National Security Council Composition,English,Who is the Chairperson of the National Security Council?,The Prime Minister.,The President of India,,
NS003,Constitution & Law,National Security Council Composition,Nepali,राष्ट्रिय सुरक्षा परिषद्को अध्यक्ष को हुन्छ?,प्रधानमन्त्री।,राष्ट्रिय सुरक्षा परिषद्को अध्यक्ष प्रधानमन्त्री हुन्छ ।,,
NS004,Constitution & Law,National Security Council Composition,English,Which government minister is included as a member of the National Security Council responsible for defence matters?,Minister for Defence.,The Secretary of Defense.,,
NS004,Constitution & Law,National Security Council Composition,Nepali,रक्षा सम्बन्धी जिम्मेवारी भएको कुन सरकारी मन्त्री राष्ट्रिय सुरक्षा परिषद्को सदस्य हुन्छ?,रक्षा मन्त्री।,उत्तर: रक्षा मन्त्री,,
NS005,Constitution & Law,National Security Council Composition,English,Which positions from the Government of Nepal and Nepal Army are included as members of the National Security Council besides ministers?,Chief Secretary of Government of Nepal and Commander-in-Chief of Nepal Army.,"The Chief of Army Staff, the Chief of the General Staff, the Chief of the General Staff (Navy), the Chief of the General Staff (Air), the Inspector General of Police, the Chief Secretary, the Attorney General, the Governor of the respective provinces, and the Chief of the Joint Staff.",,
NS005,Constitution & Law,National Security Council Composition,Nepali,मन्त्रीहरू बाहेक नेपाल सरकार र नेपाली सेनाका कुन पदहरू राष्ट्रिय सुरक्षा परिषद्का सदस्य हुन्छन्?,नेपाल सरकारका मुख्य सचिव र नेपाली सेनाका प्रधान सेनापति।,नेपाल सरकार र नेपाली सेनाका प्रधानमन्त्री र उपप्रधानमन्त्री राष्ट्रिय सुरक्षा परिषद्का सदस्य हुन्छन्।,,
NS006,Constitution & Law,National Security Council Composition,English,Who acts as the member secretary of the National Security Council?,Secretary at the Ministry of Defence.,The National Security Adviser (NSA) acts as the member secretary of the National Security Council.,,
NS006,Constitution & Law,National Security Council Composition,Nepali,राष्ट्रिय सुरक्षा परिषद्को सदस्य सचिवको रूपमा कसले काम गर्छ?,रक्षा मन्त्रालयको सचिव।,संयुक्त राष्ट्र सङ्गठनको महासचिव,,
NS007,Constitution & Law,National Security Council Reporting,English,To whom does the National Security Council submit its annual report?,The President.,The President of the United States and the Congress.,,
NS007,Constitution & Law,National Security Council Reporting,Nepali,राष्ट्रिय सुरक्षा परिषद्ले आफ्नो वार्षिक प्रतिवेदन कसलाई बुझाउँछ?,राष्ट्रपति।,संयुक्त राष्ट्र सङ्ग्र्हमा सामेल भएका १५ सदस्य देशहरूको प्रतिनिधित्व गर्ने राष्ट्रिय सुरक्षा परिषदले आफ्नो वार्षिक प्रतिवेदन संयुक्त राष्ट्र सङ्ग्र्हमा सामेल भएका १५ सदस्य देशहरूको प्रतिनिधित्व गर्ने राष्ट्रिय सुरक्षा परिषदले आफ्नो वार्षिक प्रतिवेदन संयुक्त राष्ट्र सङ्ग्र्हमा,,
NS008,Constitution & Law,National Security Council Parliamentary Process,English,How is the annual report of the National Security Council presented before the Federal Parliament?,The President causes it to be laid before the Federal Parliament through the Prime Minister.,The annual report of the National Security Council is presented before the Federal Parliament by the President of India.,,
NS008,Constitution & Law,National Security Council Parliamentary Process,Nepali,राष्ट्रिय सुरक्षा परिषद्को वार्षिक प्रतिवेदन संघीय संसदसमक्ष कसरी पेश गरिन्छ?,राष्ट्रपतिले प्रधानमन्त्रीमार्फत संघीय संसदमा पेश गराउँछन्।,राष्ट्रिय सुरक्षा परिषद्को वार्षिक प्रतिवेदन संघीय संसदसमक्ष प्रधानमन्त्रीले पेश गरिन्छ।,,
NS009,Constitution & Law,National Security Council Composition,English,Which member of the National Security Council represents Nepal's foreign affairs sector?,Minister for Foreign Affairs.,The Prime Minister of Nepal.,,
NS009,Constitution & Law,National Security Council Composition,Nepali,राष्ट्रिय सुरक्षा परिषद्मा नेपालको परराष्ट्र मामिला क्षेत्रको प्रतिनिधित्व गर्ने सदस्य को हो?,परराष्ट्र मन्त्री।,नेपालको परराष्ट्र मामिला क्षेत्रको प्रतिनिधित्व गर्ने सदस्य प्रधानमन्त्री हो ।,,
NS010,Constitution & Law,National Security Council Fiscal Representation,English,Which finance-related government position is included as a member of the National Security Council?,Minister for Finance.,Assistant Secretary of the Treasury for Economic Policy,,
NS010,Constitution & Law,National Security Council Fiscal Representation,Nepali,राष्ट्रिय सुरक्षा परिषद्मा वित्तसम्बन्धी कुन सरकारी पद सदस्यको रूपमा समावेश गरिएको छ?,अर्थ मन्त्री।,संयुक्त राष्ट्र सङ्गठनको राष्ट्रिय सुरक्षा परिषद्मा वित्तसम्बन्धी कुन सरकारी पद सदस्यको रूपमा समावेश गरिएको छ? संयुक्त राष्ट्र सङ्गठनको राष्ट्रिय सुरक्षा परिषद्मा वित्तसम्बन्धी कुन सरकारी पद सदस्यको रूपमा समावेश गरिएको छ? संयुक्त राष्ट्र सङ्गठनको राष्ट्रिय सुरक्षा परिषद्मा वित्तसम्बन,,
NS011,Constitution & Law,Nepal Army,English,"What organization shall exist in Nepal for safeguarding independence, sovereignty, territorial integrity, and national unity?",Nepal Army.,"The organization that shall exist in Nepal for safeguarding independence, sovereignty, territorial integrity, and national unity is the Nepal Army.",,
NS011,Constitution & Law,Nepal Army,Nepali,"नेपालको स्वतन्त्रता, सार्वभौमसत्ता, भौगोलिक अखण्डता र राष्ट्रिय एकताको रक्षा गर्न नेपालमा कुन संगठन रहनेछ?",नेपाली सेना।,नेपालमा नेपाली सेना रहनेछ ।,,
NS012,Constitution & Law,Nepal Army Command Structure,English,Who is the Supreme Commander-in-Chief of the Nepal Army?,The President.,The President of Nepal,,
NS012,Constitution & Law,Nepal Army Command Structure,Nepali,नेपाली सेनाको परमाधिपति को हुन्छ?,राष्ट्रपति।,राष्ट्रपति,,
NS013,Constitution & Law,Nepal Army Inclusive Representation,English,Which groups are specifically mentioned for ensuring inclusive entry into the Nepal Army under the Constitution?,"Women, Dalit, indigenous people, indigenous nationalities, Khas Arya, Madhesi, Tharu, Pichhada class, and backward region citizens.","Women, Dalits, and Madhesis.",,
NS013,Constitution & Law,Nepal Army Inclusive Representation,Nepali,संविधानअनुसार नेपाली सेनामा समावेशी प्रवेश सुनिश्चित गरिने कुन-कुन समूहहरू उल्लेख गरिएका छन्?,"महिला, दलित, आदिवासी, आदिवासी जनजाति, खस आर्य, मधेसी, थारू, पिछडा वर्ग र पिछडिएको क्षेत्रका नागरिक।","नेपाली सेनामा समावेशी प्रवेश सुनिश्चित गरिने समूहहरू हुन्:

१. गुर्खा
२. मगर
३. थारु
४. राई
५. लिम्बु
६. कुम्वाल
७. यल
८. शेर्पा
९. तामाङ
१०. गुरुङ
११. मैधान
१२. कोच
१३. बाहुन
१४. चेत्त्री
१५. ब्राह्मण
१६. क्षेत्री
१७. नेवार
१�",,
NS014,Constitution & Law,Nepal Army Functions,English,For what additional works may the Government of Nepal mobilize the Nepal Army according to federal law?,"Development, construction, and disaster management works.","According to the federal law, the Government of Nepal may mobilize the Nepal Army for the following additional works:

1. Natural calamities
2. Maintenance of law and order
3. Disaster relief
4. Search and rescue operations
5. Maintenance of public order
6. Protection of public property
7. Maintenance of essential services
8. Maintenance of public health
9. Maintenance of public safety
10. Any other work as may be specified by the federal law.",,
NS014,Constitution & Law,Nepal Army Functions,Nepali,संघीय कानूनबमोजिम नेपाल सरकारले नेपाली सेनालाई थप कुन-कुन कार्यमा परिचालन गर्न सक्छ?,"विकास, निर्माण र विपद् व्यवस्थापन कार्य।","संघीय कानूनबमोजिम नेपाल सरकारले नेपाली सेनालाई थप कार्यमा परिचालन गर्न सक्छ-

१. सुरक्षा र सीमा सुरक्षा कार्यमा परिचालन गर्न सक्छ।
२. आपदा राहत कार्यमा परिचालन गर्न सक्छ।
३. सामाजिक सुरक्षा कार्यमा परिचालन गर्न सक्छ।
४. स्वास्थ्य सेवा कार्यमा परिचालन गर्न सक्छ।
५. शिक्षा कार्यमा परिचालन गर्न सक्छ।
६. साम",,
NS015,Constitution & Law,Nepal Army Commander-in-Chief,English,Who appoints and removes the Commander-in-Chief of the Nepal Army?,The President on the recommendation of the Council of Ministers.,The President of Nepal appoints and removes the Commander-in-Chief of the Nepal Army.,,
NS015,Constitution & Law,Nepal Army Commander-in-Chief,Nepali,नेपाली सेनाका प्रधान सेनापतिको नियुक्ति र पदमुक्ति कसले गर्छ?,मन्त्रिपरिषद्को सिफारिसमा राष्ट्रपतिले।,नेपाली सेनाका प्रधान सेनापतिको नियुक्ति र पदमुक्ति राष्ट्रपतिले गर्छ।,,
NS016,Constitution & Law,Nepal Army Mobilization Procedure,English,What conditions must exist for the mobilization of the Nepal Army in cases of grave emergency?,"War, external aggression, armed rebellion, or extreme economic disarray affecting sovereignty, territorial integrity, or security.","The conditions that must exist for the mobilization of the Nepal Army in cases of grave emergency are:

1. A state of war or threat of war.
2. A natural calamity or disaster of a magnitude that exceeds the capacity of the government to cope with it.
3. A grave emergency that endangers the sovereignty, unity, and integrity of Nepal.",,
NS016,Constitution & Law,Nepal Army Mobilization Procedure,Nepali,गम्भीर आपतकालीन अवस्थामा नेपाली सेनाको परिचालन गर्न कुन अवस्थाहरू हुनुपर्छ?,"युद्ध, बाह्य आक्रमण, सशस्त्र विद्रोह वा चरम आर्थिक विशृंखलताका कारण सार्वभौमसत्ता, भौगोलिक अखण्डता वा सुरक्षामा गम्भीर संकट।","गम्भीर आपतकालीन अवस्थामा नेपाली सेनाको परिचालन गर्न निम्न अवस्थाहरू हुनुपर्छ:

१. राष्ट्रपति द्वारा आपतकालीन अवस्था घोषणा गर्ने अवस्थामा नेपाली सेनाको परिचालन गर्ने अवस्था हुनुपर्छ।

२. संसदको विशेष समिति द्वारा आपतकालीन अवस्था घोषणा गर्ने अवस्थामा नेपाली सेनाको परिचालन गर्ने अवस्थ",,
NS017,Constitution & Law,Nepal Army Mobilization Ratification,English,Within what period must the declaration of Nepal Army mobilization be ratified by the House of Representatives?,Within one month after the declaration.,Within 7 days,,
NS017,Constitution & Law,Nepal Army Mobilization Ratification,Nepali,नेपाली सेनाको परिचालन घोषणालाई प्रतिनिधि सभाले कति अवधिभित्र अनुमोदन गर्नुपर्छ?,घोषणा भएको एक महिनाभित्र।,प्रतिनिधि सभाले २ वर्ष सम्म अनुमोदन गर्नुपर्छ ।,,
NS018,Constitution & Law,Police Organization,English,"Which police organizations and investigation body shall exist under the Federation, and what police organization shall each State have?","Federation shall have Nepal Police, Armed Police Force, Nepal and National Investigation Department; each State shall have a State police organization.","The Central Bureau of Investigation (CBI) shall exist under the Federation.

Each State shall have its own police organization.",,
NS018,Constitution & Law,Police Organization,Nepali,"संघअन्तर्गत कुन-कुन प्रहरी संगठन र अनुसन्धान निकाय रहनेछन्, र प्रत्येक प्रदेशमा कुन प्रहरी संगठन रहनेछ?","संघमा नेपाल प्रहरी, सशस्त्र प्रहरी बल, नेपाल र राष्ट्रिय अनुसन्धान विभाग रहनेछन्; प्रत्येक प्रदेशमा प्रदेश प्रहरी संगठन रहनेछ।","संघअन्तर्गत प्रहरी संगठनमा निम्नलिखित रहेछन:

1. संघीय प्रहरी सेवा (सीएफबी)
2. संघीय अनुसन्धान ब्यूरो (सीबीआई)
3. संघीय सुरक्षा सेवा (सीबीआइ)
4. संघीय सीमा सुरक्षा बल (सीबीआर)
5. संघीय सैन्य प्रहरी सेवा (सीएफबी)

प्रत्येक प्रदेशमा प्रदेश प्रहरी संगठन रहनेछ।",,
PP001,Constitution & Law,Political Party Formation,English,Who may form and operate political parties according to the Constitution?,"Persons committed to common political ideology, philosophy and program.",Citizens of India.,,
PP001,Constitution & Law,Political Party Formation,Nepali,संविधानअनुसार कसले राजनीतिक दल गठन र सञ्चालन गर्न सक्छन्?,"साझा राजनीतिक विचारधारा, दर्शन र कार्यक्रमप्रति प्रतिबद्ध व्यक्तिहरू।",संविधानअनुसार नागरिक राजनीतिक दल गठन र सञ्चालन गर्न सक्छन् ।,,
PP002,Constitution & Law,Political Party Formation Requirements,English,What must persons share in order to form and operate a political party under Article 269?,"Common political ideology, philosophy and program.",Common citizenship of India.,,
PP002,Constitution & Law,Political Party Formation Requirements,Nepali,धारा २६९ अनुसार राजनीतिक दल गठन र सञ्चालन गर्न व्यक्तिहरूबीच के समान हुनुपर्छ?,"साझा राजनीतिक विचारधारा, दर्शन र कार्यक्रम।",नागरिक समान हुनुपर्छ ।,,
PP003,Constitution & Law,Political Party Registration,English,Which constitutional body must a political party register with after being formed?,Election Commission.,Election Commission of India,,
PP003,Constitution & Law,Political Party Registration,Nepali,गठन भएपछि राजनीतिक दलले कुन संवैधानिक निकायमा दर्ता हुनुपर्छ?,निर्वाचन आयोग।,न्यायपालिका,,
PP004,Constitution & Law,Political Party Registration Documents,English,Which documents must accompany an application for registration of a political party?,"The party constitution, manifesto, and other documents required by Federal law.","A certified copy of the party's constitution, a list of the party's office bearers, and a list of the party's members.",,
PP004,Constitution & Law,Political Party Registration Documents,Nepali,राजनीतिक दल दर्ताको निवेदनसँग कुन-कुन कागजात संलग्न गर्नुपर्छ?,"दलको विधान, घोषणापत्र र संघीय कानूनले माग गरेका अन्य कागजातहरू।","राजनीतिक दल दर्ताको निवेदनसँग निम्न कागजात संलग्न गर्नुपर्छ:

१. दर्ताको निवेदन पत्र
२. राजनीतिक दलको नाम, प्रतीक, ध्येय, मुख्य कार्यालयको ठेगाना र संविधान
३. राजनीतिक दलको कार्यालयमा स्थापित हुने प्रेस कम्युनिकेशन, सोशल मिडिया र अन्य सञ्चार साधनको विवरण
४. राजनीतिक दलको कार्यालय",,
PP005,Constitution & Law,Political Party Internal Democracy,English,What type of constitution and rules must a political party have to qualify for registration?,Democratic.,"A political party must have a constitution and rules that include:

1. Name and address of the party
2. Objectives and aims of the party
3. Membership criteria and rights
4. Organizational structure and leadership
5. Election of officers and decision-making processes
6. Code of conduct for members
7. Procedure for amendment of the constitution and rules
8. Dispute resolution mechanism
9. Financial management and accounting procedures
10. Rules for the conduct of party elections and internal democracy

These are the general requirements, and specific details may vary depending on the country's laws and regulations.",,
PP005,Constitution & Law,Political Party Internal Democracy,Nepali,दर्ताका लागि राजनीतिक दलको विधान र नियम कस्तो हुनुपर्छ?,लोकतान्त्रिक।,राजनीतिक दलको दर्ताका लागि विधान र नियम नेपाल सरकारद्वारा निर्धारित गरिएको नेपाल राजनीतिक दल दर्ता नियमावली अनुसार हुनुपर्छ।,,
PP006,Constitution & Law,Political Party Office Bearer Elections,English,How often must a political party's office-bearers at Federal and State levels be elected according to its constitution?,At least once every five years.,Every 5 years.,,
PP006,Constitution & Law,Political Party Office Bearer Elections,Nepali,राजनीतिक दलको संघीय र प्रदेश तहका पदाधिकारीहरू कति अवधिमा एक पटक निर्वाचित हुनुपर्ने व्यवस्था हुनुपर्छ?,कम्तीमा प्रत्येक पाँच वर्षमा एक पटक।,राजनीतिक दलको संघीय र प्रदेश तहका पदाधिकारीहरू ५ वर्ष अवधिमा एक पटक निर्वाचित हुनुपर्ने व्यवस्था हुनुपर्छ।,,
PP007,Constitution & Law,Political Party Election Exception,English,What is the maximum additional period allowed for holding office-bearer elections if a political party fails to do so within five years due to a special circumstance?,Within six months.,Three years,,
PP007,Constitution & Law,Political Party Election Exception,Nepali,विशेष परिस्थितिका कारण पाँच वर्षभित्र पदाधिकारी निर्वाचन हुन नसकेमा थप कति अवधिभित्र निर्वाचन गर्न सकिन्छ?,छ महिनाभित्र।,पाँच वर्षभित्र पदाधिकारी निर्वाचन हुन नसकेमा थप तीन वर्षभित्र निर्वाचन गर्न सकिन्छ ।,,
PP008,Constitution & Law,Political Party Inclusive Representation,English,What type of representation must a political party provide in its executive committees at various levels?,Inclusive representation reflecting Nepal's diversity.,Proportional representation,,
PP008,Constitution & Law,Political Party Inclusive Representation,Nepali,राजनीतिक दलका विभिन्न तहका कार्यकारी समितिमा कस्तो प्रतिनिधित्वको व्यवस्था हुनुपर्छ?,नेपालको विविधता प्रतिबिम्बित गर्ने समावेशी प्रतिनिधित्व।,राजनीतिक दलका विभिन्न तहका कार्यकारी समितिमा प्रत्येक दलको प्रतिनिधित्वको व्यवस्था हुनुपर्छ जसको संख्या पार्टी को संख्या अनुसार निर्धारित हुनेछ।,,
PP009,Constitution & Law,Political Party Registration Restrictions,English,Under what circumstances shall a political party not be registered?,"If its name, objective, insignia or flag jeopardizes religious and communal unity or fragments the country.","When the party's name, symbol, or objectives are similar to those of an existing registered party.",,
PP009,Constitution & Law,Political Party Registration Restrictions,Nepali,कुन अवस्थामा राजनीतिक दल दर्ता गरिने छैन?,"यदि यसको नाम, उद्देश्य, चिन्ह वा झण्डाले धार्मिक तथा साम्प्रदायिक एकता खल्बल्याउँछ वा देश विखण्डन गर्छ भने।",अर्धसर्वसंख्यकीय अवस्थामा राजनीतिक दल दर्ता गरिने छैन ।,,
PP010,Constitution & Law,Political Party Registration Conditions,English,"A political party has a democratic constitution, holds elections every five years, and has inclusive representation. Which constitutional requirement does this satisfy?",Conditions required for political party registration under Article 269(4).,Proportionality,,
PP010,Constitution & Law,Political Party Registration Conditions,Nepali,"लोकतान्त्रिक विधान भएको, प्रत्येक पाँच वर्षमा निर्वाचन गर्ने र समावेशी प्रतिनिधित्व भएको राजनीतिक दलले कुन संवैधानिक आवश्यकता पूरा गर्छ?",धारा २६९(४) अन्तर्गत राजनीतिक दल दर्ताका लागि आवश्यक शर्तहरू।,"लोकतान्त्रिक विधान भएको, प्रत्येक पाँच वर्षमा निर्वाचन गर्ने र समावेशी प्रतिनिधित्व भएको राजनीतिक दलले ५०,००० भन्दा बढी मत प्राप्त गर्छ।",,
PP011,Constitution & Law,Political Party Restrictions,English,"What happens to any law, arrangement, or decision that restricts the formation and operation of political parties contrary to Article 269?",It is inconsistent with the Constitution and void.,It is declared void.,,
PP011,Constitution & Law,Political Party Restrictions,Nepali,"धारा २६९ विपरीत राजनीतिक दलको गठन र सञ्चालनमा प्रतिबन्ध लगाउने कानून, व्यवस्था वा निर्णयको अवस्था के हुन्छ?",त्यो संविधानसँग बाझिने र स्वतः अमान्य हुन्छ।,"विपरीत राजनीतिक दलको गठन र सञ्चालनमा प्रतिबन्ध लगाउने कानून, व्यवस्था वा निर्णयको अवस्था असंवैधानिक हुन्छ ।",,
PP012,Constitution & Law,Political Party Restrictions,English,What type of political party participation or involvement arrangement is declared void by Article 270?,"An arrangement allowing only a single political party or persons with similar ideology, philosophy, or program to participate in elections or governance.",Article 270 declares void any arrangement for the participation of a political party in the administration of a public service or public undertaking.,,
PP012,Constitution & Law,Political Party Restrictions,Nepali,धारा २७० अनुसार कस्तो राजनीतिक दलको सहभागिता वा संलग्नताको व्यवस्था अमान्य हुन्छ?,"केवल एक राजनीतिक दल वा समान विचारधारा, दर्शन वा कार्यक्रम भएका व्यक्तिलाई मात्र निर्वाचन वा शासन प्रणालीमा सहभागी हुन दिने व्यवस्था।","धारा २७० अनुसार कुनै राजनीतिक दलको सहभागिता वा संलग्नताको व्यवस्था अमान्य हुन्छ जसको नाम, चिह्र, प्रतीक, संगठित कार्य, संगठित कार्य, संगठित कार्य, संगठित कार्य, संगठित कार्य, संगठित कार्य, संगठित कार्य, संगठित कार्य, संगठित कार्य, संगठित कार्य, संगठित कार्य, संगठ",,
PP013,Constitution & Law,Political Party Restrictions,English,Why is a law allowing only one political party to participate in elections considered invalid under the Constitution?,"Because it restricts participation to only a single political party or similar ideology, philosophy, or program.","It is considered invalid because it violates the principles of democracy and the right to free and fair elections, which are fundamental to a democratic society.",,
PP013,Constitution & Law,Political Party Restrictions,Nepali,निर्वाचनमा केवल एउटा राजनीतिक दललाई मात्र सहभागी हुन दिने कानून किन संविधानविपरीत मानिन्छ?,"किनकि यसले केवल एउटा राजनीतिक दल वा समान विचारधारा, दर्शन वा कार्यक्रम भएका व्यक्तिको मात्र सहभागिता सुनिश्चित गर्छ।",निर्वाचनमा केवल एउटा राजनीतिक दललाई मात्र सहभागी हुन दिने कानून संविधानविपरीत मानिन्छ।,,
PP014,Constitution & Law,Political Party Election Recognition,English,What must a registered political party do to obtain recognition from the Election Commission for contesting elections?,Register with the Election Commission according to procedures set by Federal law.,File an application with the Election Commission.,,
PP014,Constitution & Law,Political Party Election Recognition,Nepali,निर्वाचनमा प्रतिस्पर्धा गर्न निर्वाचन आयोगबाट मान्यता प्राप्त गर्न दर्ता भएको राजनीतिक दलले के गर्नुपर्छ?,संघीय कानूनले तोकेको प्रक्रिया पूरा गरी निर्वाचन आयोगमा दर्ता हुनुपर्छ।,"निर्वाचनमा प्रतिस्पर्धा गर्न निर्वाचन आयोगबाट मान्यता प्राप्त गर्न दर्ता भएको राजनीतिक दलले निम्नलिखित काम गर्नुपर्छ:

१. निर्वाचन आयोगको दर्ता प्रक्रिया अनुसार दर्ता भएको राजनीतिक दलले निर्वाचन आयोगमा दर्ता गर्नुपर्छ।
२. दर्ता भएको राजनीतिक दलले निर्वाचन आयोगको निर्देशित प्रपत्रमा आवश्यक",,
PP015,Constitution & Law,Political Party Election Recognition,English,What is the difference between registration under Article 269 and recognition for election purposes under Article 271?,"Article 269 concerns party registration after formation, while Article 271 concerns recognition for contesting elections.","Article 269 deals with the registration of a political party, which is a one-time process, while Article 271 deals with the recognition of a political party for election purposes, which is a periodic process.",,
PP015,Constitution & Law,Political Party Election Recognition,Nepali,धारा २६९ अन्तर्गतको दर्ता र धारा २७१ अन्तर्गत निर्वाचन प्रयोजनको मान्यताबीच के फरक छ?,धारा २६९ गठनपछि दल दर्तासँग सम्बन्धित छ भने धारा २७१ निर्वाचनमा भाग लिन मान्यतासँग सम्बन्धित छ।,"धारा २६९ अन्तर्गतको दर्ता र धारा २७१ अन्तर्गत निर्वाचन प्रयोजनको मान्यताबीच फरक यस्तो हो-

धारा २६९ अन्तर्गतको दर्ता नागरिक संस्थाको दर्ता हो जसमा नागरिक संस्थाको कार्यालय, कार्यकारी सदस्य, कार्यकारी सदस्यको चयन, कार्यकारी सदस्यको कार्य, कार्यकारी सदस्यको कार्यकाल, कार्यकारी सदस्यको कार्यालय",,
PP016,Constitution & Law,Political Party Election Recognition,English,What additional report must a political party submit along with an application for election recognition?,Yearly audit report.,A list of its members.,,
PP016,Constitution & Law,Political Party Election Recognition,Nepali,निर्वाचन प्रयोजनको मान्यताका लागि आवेदन दिँदा राजनीतिक दलले थप कुन प्रतिवेदन बुझाउनुपर्छ?,वार्षिक लेखापरीक्षण प्रतिवेदन।,"राजनीतिक दलले थप कुन प्रतिवेदन बुझाउनुपर्छ?

राजनीतिक दलले थप निर्वाचन प्रयोजनको मान्यताका लागि आवेदन दिँदा निर्वाचन प्रतिवेदन बुझाउनुपर्छ।",,
PP017,Constitution & Law,Political Party Election Recognition,English,"Besides submitting a yearly audit report, which other constitutional requirements must a political party fulfill to obtain election recognition?",The requirements under Article 269(3) and Article 269(4).,"To obtain election recognition, a political party must also:

1. File a statement of accounts with the Election Commission of India.
2. Comply with the provisions of the Representation of the People Act, 1951.
3. Ensure that the party has a president, general secretary, and at least 10 members in at least 5 states.
4. Comply with the provisions of the Companies Act, 2013, if the party is registered as a company.
5. Comply with the provisions of the Income-tax Act, 1961, and the Foreign Contribution (Regulation) Act, 2010, if applicable.",,
PP017,Constitution & Law,Political Party Election Recognition,Nepali,वार्षिक लेखापरीक्षण प्रतिवेदन बाहेक निर्वाचन मान्यता प्राप्त गर्न राजनीतिक दलले अन्य कुन संवैधानिक शर्त पूरा गर्नुपर्छ?,धारा २६९(३) र धारा २६९(४) का आवश्यकताहरू।,राजनीतिक दलले न्यूनतम ३ लाख रुपैयाँ कोष पूरा गर्नुपर्छ ।,,
PP018,Constitution & Law,Political Party Recognition Conditions,English,"A political party submits its constitution, manifesto, yearly audit report, and proves democratic internal rules. Which constitutional processes is it satisfying?",Party registration and election recognition requirements.,Article 67 of the Indian Constitution.,,
PP018,Constitution & Law,Political Party Recognition Conditions,Nepali,"राजनीतिक दलले आफ्नो विधान, घोषणापत्र, वार्षिक लेखापरीक्षण प्रतिवेदन बुझाई लोकतान्त्रिक आन्तरिक नियम प्रमाणित गरेमा कुन संवैधानिक प्रक्रियाहरू पूरा गरिरहेको हुन्छ?",दल दर्ता र निर्वाचन मान्यता सम्बन्धी आवश्यकताहरू।,संविधान सभा बैठकमा,,
PP019,Constitution & Law,Political Party General Provisions,English,"Which law provides detailed provisions regarding formation, registration, operation, facilities, and other matters of political parties?",Federal law.,"The Representation of the People Act, 1951",,
PP019,Constitution & Law,Political Party General Provisions,Nepali,"राजनीतिक दलको गठन, दर्ता, सञ्चालन, सुविधा तथा अन्य विषयसम्बन्धी विस्तृत व्यवस्था कुन कानूनले गर्छ?",संघीय कानून।,"राजनीतिक दलको गठन, दर्ता, सञ्चालन, सुविधा तथा अन्य विषयसम्बन्धी विस्तृत व्यवस्था राजनीतिक दल दर्ता अधिनियम २०६५ले गर्छ।",,
EP001,Constitution & Law,Emergency Power,English,Who has the authority to declare or order a state of emergency under Article 273?,The President.,The President,,
EP001,Constitution & Law,Emergency Power,Nepali,धारा २७३ अनुसार संकटकाल घोषणा वा आदेश गर्ने अधिकार कसलाई हुन्छ?,राष्ट्रपति।,राष्ट्रपति वा केन्द्र सरकारलाई,,
EP002,Constitution & Law,Emergency Power Grounds,English,What situations may lead to the declaration of a state of emergency under the Constitution?,"War, external aggression, armed rebellion, extreme economic disarray, natural calamity, or epidemic.","Article 355 of the Indian Constitution states that a state of emergency may be declared in the following situations:

1. Armed rebellion or insurrection (Article 352)
2. Failure of constitutional machinery in a state (Article 356)
3. External threat to the country (Article 352)
4. Financial emergency (Article 360)",,
EP002,Constitution & Law,Emergency Power Grounds,Nepali,संविधानअनुसार कुन-कुन अवस्थामा संकटकाल घोषणा गर्न सकिन्छ?,"युद्ध, बाह्य आक्रमण, सशस्त्र विद्रोह, चरम आर्थिक विशृंखलता, प्राकृतिक विपद् वा महामारी।","संविधानअनुसार संकटकाल घोषणा गर्न सकिने अवस्था तीन:-

१. संविधानअनुसार संकटकाल घोषणा गर्न सकिने अवस्था तीन:-

१. संविधानअनुसार संकटकाल घोषणा गर्न सकिने अवस्था तीन:-

१. संविधानअनुसार संकटकाल घोषणा गर्न सकिने अवस्था तीन:-

१. संविधानअनुसार संकटकाल घोषणा गर्न सकिने अवस्था तीन:-

१.",,
EP003,Constitution & Law,Emergency Power Scope,English,"Can a state of emergency be declared only for the whole country, or can it apply to a specific part of Nepal?",It may apply to the whole of Nepal or any specified part thereof.,A state of emergency can apply to a specific part of Nepal.,,
EP003,Constitution & Law,Emergency Power Scope,Nepali,संकटकाल केवल सम्पूर्ण नेपालमा मात्र लागू हुन्छ वा नेपालको कुनै निश्चित भागमा पनि लागू हुन सक्छ?,सम्पूर्ण नेपाल वा नेपालको कुनै निश्चित भागमा लागू हुन सक्छ।,नेपालको कुनै निश्चित भागमा पनि लागू हुन सक्छ।,,
EP004,Constitution & Law,State Emergency Request,English,In what situation may a State Government request the Government of Nepal to declare a state of emergency?,When a grave emergency arises in a State due to natural calamity or epidemic.,When the State Government is unable to maintain law and order in its territory.,,
EP004,Constitution & Law,State Emergency Request,Nepali,कुन अवस्थामा प्रदेश सरकारले नेपाल सरकारलाई संकटकाल घोषणा गर्न अनुरोध गर्न सक्छ?,प्राकृतिक विपद् वा महामारीका कारण प्रदेशमा गम्भीर आपतकालीन अवस्था उत्पन्न हुँदा।,संकटकालीन अवस्थामा,,
EP005,Constitution & Law,Emergency Approval Process,English,Within what period must an emergency declaration be presented before both Houses of the Federal Parliament for approval?,Within one month after the date of issuance.,7 days,,
EP005,Constitution & Law,Emergency Approval Process,Nepali,संकटकाल घोषणालाई संघीय संसदका दुवै सदनमा अनुमोदनका लागि कति अवधिभित्र पेश गर्नुपर्छ?,जारी भएको मितिले एक महिनाभित्र।,संकटकाल घोषणालाई संघीय संसदका दुवै सदनमा अनुमोदनका लागि ७ दिनभित्र पेश गर्नुपर्छ।,,
EP006,Constitution & Law,Emergency Approval Process,English,Which legislative bodies must approve a declaration or order of emergency?,Both Houses of the Federal Parliament.,"In the United States, the following legislative bodies must approve a declaration or order of emergency:

1. Congress (for a national emergency)
2. State legislatures (for a state of emergency in a specific state)",,
EP006,Constitution & Law,Emergency Approval Process,Nepali,संकटकाल घोषणा वा आदेशलाई कुन-कुन व्यवस्थापिकाले अनुमोदन गर्नुपर्छ?,संघीय संसदका दुवै सदन।,संकटकाल घोषणा वा आदेशलाई राष्ट्रपति वा प्रधानमन्त्रीले अनुमोदन गर्नुपर्छ ।,,
EP007,Constitution & Law,Emergency Approval Threshold,English,What majority is required in both Houses of the Federal Parliament to approve a state of emergency declaration?,At least two-thirds majority of the total number of then members of both Houses.,Two-thirds majority in both Houses of the Federal Parliament.,,
EP007,Constitution & Law,Emergency Approval Threshold,Nepali,संकटकाल घोषणा अनुमोदन गर्न संघीय संसदका दुवै सदनमा कस्तो बहुमत आवश्यक हुन्छ?,तत्काल कायम रहेका दुवै सदनका कुल सदस्य संख्याको कम्तीमा दुई तिहाइ बहुमत।,संकटकाल घोषणा अनुमोदन गर्न संघीय संसदका दुवै सदनमा २/३ बहुमत आवश्यक हुन्छ ।,,
EP008,Constitution & Law,Emergency Duration,English,For how long does an approved state of emergency declaration remain in force from the date of issuance?,Three months.,30 days,,
EP008,Constitution & Law,Emergency Duration,Nepali,अनुमोदन भएको संकटकाल घोषणा जारी भएको मितिबाट कति समयसम्म कायम रहन्छ?,तीन महिना।,संकटकाल घोषणा जारी भएको मितिबाट १ वर्षसम्म कायम रहन्छ ।,,
EP009,Constitution & Law,Emergency Approval Consequences,English,What happens if a state of emergency declaration is not approved according to the constitutional requirement?,It becomes inoperative automatically.,The state of emergency declaration is not implemented.,,
EP009,Constitution & Law,Emergency Approval Consequences,Nepali,संवैधानिक आवश्यकता अनुसार संकटकाल घोषणा अनुमोदन नभएमा के हुन्छ?,त्यो स्वतः निष्क्रिय हुन्छ।,संवैधानिक आवश्यकता अनुसार संकटकाल घोषणा अनुमोदन नभएमा राष्ट्रपति संकटकाल घोषणा गर्न सक्छन ।,,
EP010,Constitution & Law,Emergency Approval Process,English,A state of emergency is declared and presented to both Houses within one month. What additional condition is required for it to continue in force?,Approval by at least a two-thirds majority of the total number of then members of both Houses.,Re-approval by both Houses within two months.,,
EP010,Constitution & Law,Emergency Approval Process,Nepali,संकटकाल घोषणा गरी एक महिनाभित्र दुवै सदनमा पेश गरिएपछि कायम रहन थप कुन शर्त आवश्यक हुन्छ?,तत्काल कायम रहेका दुवै सदनका कुल सदस्य संख्याको कम्तीमा दुई तिहाइ बहुमतबाट अनुमोदन।,"संविधान सभा अधिनियम २०७४ को अनुसार, संकटकाल घोषणा गरी एक महिनाभित्र दुवै सदनमा पेश गरिएपछि कायम रहन थप कुन शर्त आवश्यक हुन्छ?

उत्तर: दुवै सदनमा पेश गरिएपछि कायम रहन थप २/३ बहुमत आवश्यक हुन्छ।",,
EP011,Constitution & Law,Emergency Power Validity,English,What is the difference between the approval deadline and the validity period of an approved emergency declaration?,"Approval must occur within one month, while an approved declaration remains for three months from issuance.","The approval deadline is the date by which the federal government must approve or deny an emergency declaration, typically 30 days from the date the declaration was submitted.

The validity period is the length of time the emergency declaration remains in effect, typically 90 days from the date the declaration was approved.",,
EP011,Constitution & Law,Emergency Power Validity,Nepali,संकटकाल अनुमोदनको समयसीमा र अनुमोदनपछि कायम रहने अवधिबीच के फरक छ?,अनुमोदन एक महिनाभित्र हुनुपर्छ भने अनुमोदन भएको घोषणा जारी भएको मितिबाट तीन महिनासम्म कायम रहन्छ।,संकटकाल अनुमोदनको समयसीमा १ वर्ष र अनुमोदनपछि कायम रहने अवधि ३ वर्ष हो ।,,
EP012,Constitution & Law,Emergency Extension,English,"Before the expiry of an emergency declaration, for how long can a motion be submitted to extend the emergency period?",Another period not exceeding three months.,30 days,,
EP012,Constitution & Law,Emergency Extension,Nepali,संकटकालको अवधि समाप्त हुनुअघि कति अवधिसम्म थप गर्न प्रस्ताव पेश गर्न सकिन्छ?,थप तीन महिनाभन्दा बढी नहुने अवधि।,संकटकालको अवधि समाप्त हुनुअघि ३ महिना अवधिसम्म थप गर्न प्रस्ताव पेश गर्न सकिन्छ ।,,
EP013,Constitution & Law,Emergency Extension,English,What majority is required for the Federal Parliament to extend the period of a state of emergency?,At least two-thirds majority of the total number of then members of both Houses.,Two-thirds of the members of the House of Representatives and two-thirds of the members of the Senate.,,
EP013,Constitution & Law,Emergency Extension,Nepali,संकटकालको अवधि थप गर्न संघीय संसदमा कस्तो बहुमत आवश्यक हुन्छ?,तत्काल कायम रहेका दुवै सदनका कुल सदस्य संख्याको कम्तीमा दुई तिहाइ बहुमत।,संकटकालको अवधि थप गर्न संघीय संसदमा २/३ बहुमत आवश्यक हुन्छ।,,
EP014,Constitution & Law,Emergency Extension,English,"If the House of Representatives has been dissolved during an emergency, which body exercises the Federal Parliament’s emergency-related powers?",The National Assembly.,The Senate.,,
EP014,Constitution & Law,Emergency Extension,Nepali,संकटकाल कायम रहेको अवस्थामा प्रतिनिधि सभा विघटन भए संघीय संसदको संकटकालसम्बन्धी अधिकार कसले प्रयोग गर्छ?,राष्ट्रिय सभा।,संकटकालसम्बन्धी अधिकार संघीय सरकारले प्रयोग गर्छ।,,
EP015,Constitution & Law,Emergency Orders,English,What authority does the President have after declaring a state of emergency to address emergency situations?,The President may issue necessary orders to meet the exigencies.,"The President has the authority to:

* Suspend the writ of habeas corpus
* Take possession of property
* Regulate commerce
* Impose martial law
* Call up the militia
* Take over the functions of any state or local government
* Regulate the sale of arms and ammunition
* Prohibit the transportation of persons or property
* Take other actions necessary to protect the nation and its people.",,
EP015,Constitution & Law,Emergency Orders,Nepali,संकटकाल घोषणा भएपछि आपतकालीन अवस्था समाधान गर्न राष्ट्रपतिसँग कस्तो अधिकार हुन्छ?,राष्ट्रपतिले आवश्यक आदेश जारी गर्न सक्छन्।,"संकटकाल घोषणा भएपछि आपतकालीन अवस्था समाधान गर्न राष्ट्रपतिसँग निम्नलिखित अधिकार हुन्छ:

१. संविधान, कानून, आदेश, नियम, व्यवस्था र निर्देश बनाउने अधिकार
२. आपतकालीन अवस्थामा संविधान, कानून, आदेश, नियम, व्यवस्था र निर्देश बनाउने अधिकार
३. आपतकालीन अवस्थामा संविधान, कानून, आदेश, नियम",,
EP016,Constitution & Law,Emergency Orders,English,"During a state of emergency, what is the legal status of orders issued by the President under Article 273(9)?",They apply as law while the state of emergency is in operation.,The legal status of orders issued by the President under Article 273(9) is that they have the force of law.,,
EP016,Constitution & Law,Emergency Orders,Nepali,धारा २७३(९) अनुसार राष्ट्रपतिले जारी गरेका आदेशहरूको कानुनी स्थिति के हुन्छ?,संकटकाल कायम रहँदासम्म ती आदेश कानुनसरह लागू हुन्छन्।,कानुनी स्थिति निर्वाचित संसदद्वारा पारित भएको कानुनको स्थिति समान हुन्छ ।,,
EP017,Constitution & Law,Suspension of Fundamental Rights,English,Which category of rights may be suspended during a state of emergency?,"Fundamental rights provided in Part-3, subject to constitutional exceptions.",Civil and political rights.,,
EP017,Constitution & Law,Suspension of Fundamental Rights,Nepali,संकटकालको समयमा कुन प्रकारका अधिकार निलम्बन गर्न सकिन्छ?,"भाग–३ मा प्रदान गरिएका मौलिक हकहरू, संविधानमा तोकिएका अपवाद बाहेक।",संकटकालको समयमा आपातकालीन अधिकार निलम्बन गर्न सकिन्छ।,,
EP018,Constitution & Law,Suspension of Fundamental Rights,English,Are all fundamental rights suspended during a state of emergency?,"No, specified rights and remedies cannot be suspended.",No.,,
EP018,Constitution & Law,Suspension of Fundamental Rights,Nepali,के संकटकालमा सबै मौलिक हकहरू निलम्बन हुन्छन्?,"होइन, तोकिएका मौलिक हक र उपचारका अधिकार निलम्बन गर्न सकिँदैन।",नयाँ संविधान २०७३ के अनुसार संकटकालमा सबै मौलिक हकहरू निलम्बन हुन्छन् ।,,
EP019,Constitution & Law,Suspension of Fundamental Rights,English,Which constitutional remedy specifically remains protected and cannot be suspended during an emergency?,The remedy of habeas corpus.,Habeas Corpus,,
EP019,Constitution & Law,Suspension of Fundamental Rights,Nepali,संकटकालमा कुन संवैधानिक उपचारको अधिकार निलम्बन गर्न सकिँदैन?,बन्दी प्रत्यक्षीकरणको उपचार।,संकटकालमा संविधान सभाको अधिकार निलम्बन गर्न सकिँदैन ।,,
EP020,Constitution & Law,Judicial Review During Emergency,English,Can a petition be filed in court to enforce a suspended fundamental right during an emergency?,"No, no petition may lie for enforcement of that suspended right.",Yes.,,
EP020,Constitution & Law,Judicial Review During Emergency,Nepali,संकटकालमा निलम्बित मौलिक हक कार्यान्वयनका लागि अदालतमा निवेदन दिन सकिन्छ?,"सकिँदैन, त्यस्तो निलम्बित हक कार्यान्वयनका लागि निवेदन लाग्दैन।",जस्तो,,
EP021,Constitution & Law,Emergency Liability,English,"If a person suffers injury due to an official’s bad faith action during emergency, within what period may compensation be claimed after termination of the emergency?",Within three months from the date of termination.,6 months,,
EP021,Constitution & Law,Emergency Liability,Nepali,संकटकालमा अधिकारीको बदनियतपूर्ण कार्यबाट क्षति भएमा संकटकाल समाप्त भएपछि कति अवधिभित्र क्षतिपूर्तिको माग गर्न सकिन्छ?,समाप्त भएको मितिले तीन महिनाभित्र।,संकटकाल समाप्त भएपछि ३ वर्षसम्म क्षतिपूर्तिको माग गर्न सकिन्छ ।,,
EP022,Constitution & Law,Emergency Liability,English,Who may order compensation or punishment when a valid petition is filed for injury caused during an emergency?,The court.,The government or the person responsible for the emergency.,,
EP022,Constitution & Law,Emergency Liability,Nepali,संकटकालको समयमा भएको क्षतिका लागि निवेदन परेमा क्षतिपूर्ति वा सजायको आदेश कसले दिन सक्छ?,अदालतले।,संकटकालको समयमा भएको क्षतिका लागि निवेदन परेमा क्षतिपूर्ति वा सजायको आदेश राज्यसर्वकारले दिन सक्छ ।,,
EP023,Constitution & Law,Emergency Withdrawal,English,Who may withdraw a declaration or order of a state of emergency?,The President.,"The head of state or government, or the legislature.",,
EP023,Constitution & Law,Emergency Withdrawal,Nepali,संकटकाल घोषणा वा आदेश फिर्ता गर्ने अधिकार कसलाई हुन्छ?,राष्ट्रपति।,राष्ट्रपति वा प्रधानमन्त्री ।,,
EP024,Constitution & Law,Emergency Procedure,English,What is the difference between approval of an emergency declaration and extension of an emergency period?,"Approval requires two-thirds majority after issuance, while extension requires a separate two-thirds majority motion before expiry.","The difference between approval of an emergency declaration and extension of an emergency period is:

* Approval of an emergency declaration: A formal decision by a governing body or authority to declare a state of emergency, typically in response to a sudden and unexpected event or crisis, such as a natural disaster or public health threat. This declaration usually triggers the activation of emergency response plans and the allocation of resources to address the crisis.
* Extension of an emergency period: A decision to continue or prolong the state of emergency beyond its initial duration, often due to ongoing or unresolved issues related to the original crisis. This extension may be necessary to maintain emergency response efforts, continue providing relief and support to affected individuals or communities, or to address new challenges that have arisen as a result of",,
EP024,Constitution & Law,Emergency Procedure,Nepali,संकटकाल घोषणा अनुमोदन र संकटकाल अवधि थप गर्ने प्रक्रियाबीच के फरक छ?,घोषणा अनुमोदनका लागि जारी भएपछि दुई तिहाइ बहुमत आवश्यक हुन्छ भने अवधि थपका लागि समाप्त हुनुअघि छुट्टै दुई तिहाइ बहुमतको प्रस्ताव आवश्यक हुन्छ।,संकटकाल घोषणा अनुमोदन र संकटकाल अवधि थप गर्ने प्रक्रिया दुवै कार्यक्रमलाई संकटकाल घोषणा कार्यक्रममा परिवर्तन गर्ने कार्यक्रम हो ।,,
EP025,Constitution & Law,Emergency Power Overall Procedure,English,Arrange the correct constitutional sequence after a state of emergency is declared by the President.,Declaration → submission to both Houses within one month → approval by two-thirds majority → continuation for specified period.,"1. The President declares a state of emergency under Article 352 of the Indian Constitution.
2. The President issues a proclamation to this effect, specifying the reasons for the emergency and the period for which it is to continue.
3. The proclamation is laid before each House of Parliament for its approval.
4. If the House of Parliament is not in session, the proclamation is laid before it as soon as possible.
5. The emergency continues until approved by both Houses of Parliament or for a period of two months, whichever is earlier.
6. If the emergency is not approved by both Houses of Parliament, it lapses.",,
EP025,Constitution & Law,Emergency Power Overall Procedure,Nepali,राष्ट्रपतिले संकटकाल घोषणा गरेपछि संविधानअनुसार सही प्रक्रिया क्रम मिलाउनुहोस्।,घोषणा → एक महिनाभित्र दुवै सदनमा पेश → दुई तिहाइ बहुमतबाट अनुमोदन → तोकिएको अवधिसम्म कायम।,"राष्ट्रपतिले संकटकाल घोषणा गरेपछि संविधानअनुसार सही प्रक्रिया क्रम हुने क्रममा-

१. राष्ट्रपति संकटकाल घोषणा गर्दा संविधान अनुसार ३ दिनमा संसदको बैठक बुलाउने हुन्छ।
२. संसदको बैठकमा संविधान अनुसार २/३ बहुमतले संकटकालीन कार्यक्रम पारित गर्ने हुन्छ।
३. संसदको बैठकमा संकटकालीन क",,
CA001,Constitution & Law,Constitutional Amendment,English,What limitation does the Constitution impose on the amendment of the Constitution?,"An amendment must not prejudice sovereignty, territorial integrity, independence of Nepal, or sovereignty vested in the people.",Article V,,
CA001,Constitution & Law,Constitutional Amendment,Nepali,संविधान संशोधन गर्दा संविधानले कुन सीमाना तोकेको छ?,"संशोधनले नेपालको सार्वभौमसत्ता, भौगोलिक अखण्डता, स्वतन्त्रता वा जनतामा निहित सार्वभौमसत्तामा प्रतिकूल असर पार्नु हुँदैन।",संविधानले संविधान संशोधन गर्दा संविधानले ३०० सीमाना तोकेको छ।,,
CA002,Constitution & Law,Constitutional Amendment,English,Can the Constitution be amended in a manner that affects the sovereignty vested in the people?,No.,No.,,
CA002,Constitution & Law,Constitutional Amendment,Nepali,के जनतामा निहित सार्वभौमसत्तामा असर पर्ने गरी संविधान संशोधन गर्न सकिन्छ?,सकिँदैन।,नहीं,,
CA003,Constitution & Law,Constitutional Amendment,English,Which body may introduce a bill to amend or repeal any Article of the Constitution?,Either House of the Federal Parliament.,The Parliament,,
CA003,Constitution & Law,Constitutional Amendment,Nepali,संविधानको कुनै धारा संशोधन वा खारेज गर्ने विधेयक कुन निकायमा पेश गर्न सकिन्छ?,संघीय संसदको कुनै पनि सदनमा।,संविधानको कुनै धारा संशोधन वा खारेज गर्ने विधेयक संसदमा पेश गर्न सकिन्छ।,,
CA004,Constitution & Law,Constitutional Amendment,English,Which clause of Article 274 itself cannot be amended?,Clause (1).,Article 368,,
CA004,Constitution & Law,Constitutional Amendment,Nepali,धारा २७४ को कुन उपधारा आफैं संशोधन गर्न सकिँदैन?,उपधारा (१)।,धारा २७४ को उपधारा २ संशोधन गर्न सकिँदैन ।,,
CA005,Constitution & Law,Constitutional Amendment,English,What type of legislative proposal may be introduced under Article 274(2)?,A bill to amend or repeal any Article of the Constitution.,Money Bill,,
CA005,Constitution & Law,Constitutional Amendment,Nepali,धारा २७४(२) अनुसार कस्तो विधेयक पेश गर्न सकिन्छ?,संविधानको कुनै पनि धारा संशोधन वा खारेज गर्ने विधेयक।,धारा २७४(२) अनुसार कुनै विधेयक पेश गर्न सकिन्छ जुन संसदको एक भागले दूसरो भागलाई प्रस्तावित विधेयकको प्रक्रियामा विरोध गर्दा पेश गर्न सकिन्छ।,,
CA006,Constitution & Law,Constitutional Amendment Procedure,English,Within how many days must an introduced constitutional amendment bill be publicly published for information?,Within thirty days of introduction.,30 days,,
CA006,Constitution & Law,Constitutional Amendment Procedure,Nepali,पेश गरिएको संविधान संशोधन विधेयक सार्वजनिक जानकारीका लागि कति दिनभित्र प्रकाशित गर्नुपर्छ?,पेश भएको तीस दिनभित्र।,संविधान संशोधन विधेयक सार्वजनिक जानकारीका लागि ७ दिनभित्र प्रकाशित गर्नुपर्छ ।,,
CA007,Constitution & Law,Constitutional Amendment Procedure,English,What is the purpose of publishing an amendment bill within thirty days?,To provide information to the general public.,To enable the President to give his assent to the bill within sixty days of its receipt.,,
CA007,Constitution & Law,Constitutional Amendment Procedure,Nepali,संविधान संशोधन विधेयक तीस दिनभित्र प्रकाशित गर्नुको उद्देश्य के हो?,सर्वसाधारण जनतालाई जानकारी दिनु।,संविधान संशोधन विधेयक तीस दिनभित्र प्रकाशित गर्नुको उद्देश्य संविधान संशोधन विधेयकलाई संसदमा पेश गर्नु हो ।,,
CA008,Constitution & Law,State Assembly Consent,English,When must an amendment bill be sent to the State Assembly for consent?,When it relates to alteration of State borders or matters in Schedule-6.,"When a bill affecting the State's interest is passed by the State Legislature, the Governor must send it to the State Assembly for consent.",,
CA008,Constitution & Law,State Assembly Consent,Nepali,कुन अवस्थामा संविधान संशोधन विधेयक प्रदेश सभाको सहमतिका लागि पठाउनुपर्छ?,प्रदेशको सीमाना परिवर्तन वा अनुसूची–६ का विषयसँग सम्बन्धित भएमा।,संविधान संशोधन विधेयक प्रदेश सभाको सहमतिका लागि पठाउनुपर्छ जब संविधान संशोधन विधेयक प्रदेश सभामा दुई पटक पारित हुन्छ।,,
CA009,Constitution & Law,State Assembly Consent,English,Who sends an amendment bill to the State Assembly for consent?,The Speaker or Chairperson of the concerned House.,The President,,
CA009,Constitution & Law,State Assembly Consent,Nepali,संविधान संशोधन विधेयक प्रदेश सभाको सहमतिका लागि कसले पठाउँछ?,सम्बन्धित सदनका सभामुख वा अध्यक्षले।,प्रधानमन्त्री,,
CA010,Constitution & Law,State Assembly Consent,English,Within how many days after introduction in the Federal Parliament must a relevant amendment bill be sent to the State Assembly?,Within thirty days after its introduction.,60 days,,
CA010,Constitution & Law,State Assembly Consent,Nepali,सम्बन्धित संविधान संशोधन विधेयक संघीय संसदमा पेश भएपछि कति दिनभित्र प्रदेश सभामा पठाउनुपर्छ?,पेश भएको तीस दिनभित्र।,संविधान संशोधन विधेयक संघीय संसदमा पेश भएपछि ७ दिनभित्र प्रदेश सभामा पठाउनुपर्छ ।,,
CA011,Constitution & Law,State Assembly Consent,English,What majority is required for a State Assembly to accept or reject an amendment bill sent for consent?,Majority of the total number of its then members.,Two-thirds,,
CA011,Constitution & Law,State Assembly Consent,Nepali,सहमतिका लागि पठाइएको संशोधन विधेयक स्वीकार वा अस्वीकार गर्न प्रदेश सभामा कस्तो बहुमत आवश्यक हुन्छ?,तत्काल कायम रहेका कुल सदस्य संख्याको बहुमत।,प्रदेश सभामा ३०० वा अधिक मतहरू प्राप्त गर्ने द्वारा संशोधन विधेयक स्वीकार हुन्छ ।,,
CA012,Constitution & Law,State Assembly Consent,English,Within what period must the State Assembly provide information about acceptance or rejection of an amendment bill?,Within three months.,30 days,,
CA012,Constitution & Law,State Assembly Consent,Nepali,प्रदेश सभाले संशोधन विधेयक स्वीकार वा अस्वीकार गरेको जानकारी कति अवधिभित्र दिनुपर्छ?,तीन महिनाभित्र।,उत्तर: ७ दिन,,
CA013,Constitution & Law,State Assembly Consent,English,What happens if a State Assembly does not provide information of acceptance or rejection of an amendment bill within the prescribed period?,The Federal Parliament may proceed with the bill.,The amendment bill is deemed to have been rejected.,,
CA013,Constitution & Law,State Assembly Consent,Nepali,तोकिएको अवधिभित्र प्रदेश सभाले संशोधन विधेयक स्वीकार वा अस्वीकार गरेको जानकारी नदिएमा के हुन्छ?,संघीय संसदले विधेयकमाथि प्रक्रिया अगाडि बढाउन सक्छ।,संविधान सभाले संशोधन विधेयक स्वीकार गरेको जानकारी दिने गर्दा प्रदेश सभाले संशोधन विधेयक स्वीकार वा अस्वीकार गरेको जानकारी दिने गर्दा प्रदेश सभाले संशोधन विधेयक स्वीकार वा अस्वीकार गरेको जानकारी दिने गर्दा प्रदेश सभाले संशोधन विधेयक स्वीकार वा अस्वीकार गरेको जानकारी दिने गर्दा प्रदेश सभाले स,,
CA014,Constitution & Law,State Assembly Rejection,English,What is the consequence if a State Assembly rejects an amendment bill by majority and informs the Federal Parliament within the required period?,The bill becomes inoperative.,The amendment bill lapses.,,
CA014,Constitution & Law,State Assembly Rejection,Nepali,प्रदेश सभाले बहुमतबाट संशोधन विधेयक अस्वीकार गरी समयभित्र संघीय संसदलाई जानकारी दिएमा के हुन्छ?,विधेयक निष्क्रिय हुन्छ।,संविधान अनुसार प्रदेश सभाले बहुमतबाट संशोधन विधेयक अस्वीकार गरी समयभित्र संघीय संसदलाई जानकारी दिएमा संविधान सभा बुलाउने हुन्छ ।,,
CA015,Constitution & Law,Constitutional Amendment Voting,English,What majority is required to pass an amendment bill that does not require State Assembly consent?,At least two-thirds majority of the total number of then members of both Houses of the Federal Parliament.,Two-thirds,,
CA015,Constitution & Law,Constitutional Amendment Voting,Nepali,प्रदेश सभाको सहमति आवश्यक नपर्ने संशोधन विधेयक पारित गर्न कस्तो बहुमत आवश्यक हुन्छ?,संघीय संसदका दुवै सदनका तत्काल कायम रहेका कुल सदस्य संख्याको कम्तीमा दुई तिहाइ बहुमत।,प्रदेश सभाको सहमति आवश्यक नपर्ने संशोधन विधेयक पारित गर्न २/३ बहुमत आवश्यक हुन्छ।,,
CA016,Constitution & Law,Constitutional Amendment Voting,English,What majority is required to pass an amendment bill that has been accepted by a majority of the State Assembly?,At least two-thirds majority of the total number of then members of both Houses of the Federal Parliament.,Two-thirds,,
CA016,Constitution & Law,Constitutional Amendment Voting,Nepali,प्रदेश सभाको बहुमतबाट स्वीकार गरिएको संशोधन विधेयक पारित गर्न संघीय संसदमा कस्तो बहुमत आवश्यक हुन्छ?,संघीय संसदका दुवै सदनका तत्काल कायम रहेका कुल सदस्य संख्याको कम्तीमा दुई तिहाइ बहुमत।,संघीय संसदमा २/३ बहुमत आवश्यक हुन्छ ।,,
CA017,Constitution & Law,Constitutional Amendment Procedure,English,Which amendment bills require State Assembly consent before being passed by the Federal Parliament?,Bills related to State border alteration or matters in Schedule-6.,"The amendment bills that require State Assembly consent before being passed by the Federal Parliament are:

1. Article 368 of the Indian Constitution, which deals with the power of Parliament to amend the Constitution.
2. Article 252 of the Indian Constitution, which deals with the power of Parliament to make laws with the consent of the State Legislature.

However, the specific bills that require State Assembly consent are:

1. The Goods and Services Tax (Compensation to States) Amendment Bill, 2016
2. The Goods and Services Tax (Amendment) Bill, 2016
3. The Insolvency and Bankruptcy Code (Amendment) Bill, 2018
4. The Right of Children to Free and Compulsory Education (Am",,
CA017,Constitution & Law,Constitutional Amendment Procedure,Nepali,कुन संविधान संशोधन विधेयकलाई संघीय संसदबाट पारित गर्नुअघि प्रदेश सभाको सहमति आवश्यक हुन्छ?,प्रदेशको सीमाना परिवर्तन वा अनुसूची–६ का विषयसँग सम्बन्धित विधेयक।,संविधान संशोधन विधेयकलाई संघीय संसदबाट पारित गर्नुअघि प्रदेश सभाको सहमति आवश्यक हुन्छ।,,
CA018,Constitution & Law,Constitutional Amendment Procedure,English,"If a State Assembly rejects an amendment bill, can the Federal Parliament continue processing that bill?","No, the bill becomes inoperative.",No.,,
CA018,Constitution & Law,Constitutional Amendment Procedure,Nepali,प्रदेश सभाले संशोधन विधेयक अस्वीकार गरेपछि संघीय संसदले सो विधेयकमाथि प्रक्रिया जारी राख्न सक्छ?,"सक्दैन, विधेयक निष्क्रिय हुन्छ।",नयाँ,,
CA019,Constitution & Law,President Assent,English,To whom is a constitutional amendment bill passed under Article 274(8) presented for assent?,The President.,The President,,
CA019,Constitution & Law,President Assent,Nepali,धारा २७४(८) अनुसार पारित संशोधन विधेयक स्वीकृतिका लागि कससमक्ष पेश गरिन्छ?,राष्ट्रपति।,नेपाली संसदको दोनै सदनमा,,
CA020,Constitution & Law,President Assent,English,Within how many days must the President give assent to a constitutional amendment bill after receiving it?,Within fifteen days.,30 days,,
CA020,Constitution & Law,President Assent,Nepali,संविधान संशोधन विधेयक प्राप्त भएपछि राष्ट्रपतिले कति दिनभित्र स्वीकृति दिनुपर्छ?,पन्ध्र दिनभित्र।,२५ दिन,,
CA021,Constitution & Law,Constitutional Amendment Effect,English,From which date does the Constitution become amended after an amendment bill receives presidential assent?,From the date of assent.,The date of the amendment's publication in the Official Gazette.,,
CA021,Constitution & Law,Constitutional Amendment Effect,Nepali,संशोधन विधेयकमा राष्ट्रपतिको स्वीकृति पाएपछि संविधान कुन मितिबाट संशोधन भएको मानिन्छ?,स्वीकृति दिएको मितिबाट।,संविधान सभामा,,
CA022,Constitution & Law,Constitutional Amendment Procedure,English,What is the correct sequence for an amendment bill requiring State Assembly consent?,Introduction in Federal Parliament → publication within thirty days → State Assembly consent process → two-thirds approval by both Houses → President’s assent.,President → Governor → State Assembly → President,,
CA022,Constitution & Law,Constitutional Amendment Procedure,Nepali,प्रदेश सभाको सहमति आवश्यक पर्ने संशोधन विधेयकको सही प्रक्रिया क्रम के हो?,संघीय संसदमा पेश → तीस दिनभित्र प्रकाशन → प्रदेश सभाको सहमति प्रक्रिया → दुवै सदनको दुई तिहाइ स्वीकृति → राष्ट्रपतिको स्वीकृति।,"संविधान सभाको सहमति आवश्यक पर्ने संशोधन विधेयकको सही प्रक्रिया क्रम हो-

१. संविधान सभामा संशोधन विधेयक प्रस्तुत गर्ने हो।
२. संविधान सभामा संशोधन विधेयकको पारिति प्राप्त गर्ने हो।
३. संविधान सभामा संशोधन विधेयकको पारिति प्राप्त गरेपछि संविधान सभामा संशोधन विधेयकलाई प्रदेश सभाम",,
CA023,Constitution & Law,Constitutional Amendment Procedure,English,"If a State Assembly fails to communicate acceptance or rejection within three months, what constitutional option remains available?",The originating House of the Federal Parliament may proceed with the bill.,The President can summon and convene the State Assembly.,,
CA023,Constitution & Law,Constitutional Amendment Procedure,Nepali,प्रदेश सभाले तीन महिनाभित्र स्वीकार वा अस्वीकारको जानकारी नदिएमा संविधानले के विकल्प दिन्छ?,विधेयक उत्पत्ति भएको संघीय संसदको सदनले प्रक्रिया अगाडि बढाउन सक्छ।,संविधानले प्रदेश सभाले तीन महिनाभित्र स्वीकार वा अस्वीकारको जानकारी नदिएमा संविधानले प्रदेश सभाले तीन महिनाभित्र स्वीकार वा अस्वीकारको जानकारी नदिएमा संविधानले प्रदेश सभाले तीन महिनाभित्र स्वीकार वा अस्वीकारको जानकारी नदिएमा संविधानले प्रदेश सभाले तीन महिनाभित्र स्वीकार वा अस्वीकारको जानकारी नदिए,,
CA024,Constitution & Law,Constitutional Amendment Procedure,English,What is the highest voting requirement specified in Article 274 for passing a constitutional amendment bill?,At least two-thirds majority of the total number of then members of both Houses of the Federal Parliament.,Two-thirds of the total strength of both Houses of Parliament.,,
CA024,Constitution & Law,Constitutional Amendment Procedure,Nepali,धारा २७४ अनुसार संविधान संशोधन विधेयक पारित गर्न तोकिएको सबैभन्दा उच्च मतदान आवश्यकता के हो?,संघीय संसदका दुवै सदनका तत्काल कायम रहेका कुल सदस्य संख्याको कम्तीमा दुई तिहाइ बहुमत।,संविधान संशोधन विधेयक पारित गर्न तोकिएको सबैभन्दा उच्च मतदान आवश्यकता २/३ हो ।,,
MT001,Constitution & Law,Referendum,English,What majority of the total number of the then members of the Federal Parliament is required to decide that a referendum is necessary on a matter of national importance?,A two-thirds majority of the total number of the then members of the Federal Parliament is required.,Two-thirds,,
MT001,Constitution & Law,Referendum,Nepali,राष्ट्रिय महत्वको विषयमा जनमतसंग्रह आवश्यक छ भनी निर्णय गर्न संघीय संसदका तत्काल कायम रहेका सम्पूर्ण सदस्य संख्याको कति बहुमत आवश्यक पर्छ?,संघीय संसदका तत्काल कायम रहेका सम्पूर्ण सदस्य संख्याको दुई तिहाइ बहुमत आवश्यक पर्छ।,संघीय संसदका ३५० सदस्यको २/३ बहुमत आवश्यक पर्छ ।,,
MT002,Constitution & Law,Referendum,English,On what type of matter may a decision be taken through a referendum under Article 275?,"A matter of national importance, if the Federal Parliament decides by a two-thirds majority that a referendum is necessary.",Agricultural matters,,
MT002,Constitution & Law,Referendum,Nepali,धारा २७५ बमोजिम कुन प्रकारको विषयमा जनमतसंग्रहमार्फत निर्णय लिन सकिन्छ?,संघीय संसदले दुई तिहाइ बहुमतबाट आवश्यक ठहर गरेको राष्ट्रिय महत्वको विषयमा।,धारा २७५ बमोजिम संवैधानिक प्रक्रिया विषयमा जनमतसंग्रहमार्फत निर्णय लिन सकिन्छ ।,,
MT003,Constitution & Law,Presidential Pardoning Power,English,"Who may grant pardons, suspend, commute, or remit sentences under Article 276?",The President may do so in accordance with law.,The President,,
MT003,Constitution & Law,Presidential Pardoning Power,Nepali,"धारा २७६ बमोजिम कसले माफी दिन, सजाय स्थगन गर्न, घटाउन वा मिनाहा गर्न सक्छ?",राष्ट्रपतिले कानूनबमोजिम त्यस्तो कार्य गर्न सक्छन्।,"धारा २७६ बमोजिम न्यायाधीश, न्यायाधीश प्रमुख, न्यायाधीश प्रमुखले नियुक्त न्यायाधीश, न्यायाधीश प्रमुखले नियुक्त न्यायाधीश, न्यायाधीश प्रमुखले नियुक्त न्यायाधीश, न्यायाधीश प्रमुखले नियुक्त न्यायाधीश, न्यायाधीश प्रमुखले नियुक्त न्यायाधीश, न्यायाधीश प्रमुखले नियुक्त न्यायाधीश, न्यायाध",,
MT004,Constitution & Law,Presidential Pardoning Power,English,Can the President grant a pardon for a sentence imposed only by a regular court?,"No. The President may grant pardons, suspend, commute, or remit sentences passed by a court, judicial or quasi-judicial body, or administrative authority or body, in accordance with law.",Yes.,,
MT004,Constitution & Law,Presidential Pardoning Power,Nepali,के राष्ट्रपतिले नियमित अदालतले दिएको सजायमा मात्र माफी दिन सक्छन्?,"होइन। राष्ट्रपतिले अदालत, न्यायिक वा अर्धन्यायिक निकाय वा प्रशासनिक अधिकारी वा निकायबाट भएको सजायलाई कानूनबमोजिम माफी, स्थगन, घटाउन वा मिनाहा गर्न सक्छन्।",नयाँ,,
MT005,Constitution & Law,State Honours,English,"Who confers titles, honours, and decorations on behalf of the State?",The President.,The President of India,,
MT005,Constitution & Law,State Honours,Nepali,"राज्यको तर्फबाट उपाधि, सम्मान र विभूषण कसले प्रदान गर्छ?",राष्ट्रपति।,राष्ट्रपति,,
MT006,Constitution & Law,Foreign Honours,English,"May a citizen of Nepal accept a title, honour, or decoration from a foreign government without approval from the Government of Nepal?",No. Approval from the Government of Nepal is required.,No.,,
MT006,Constitution & Law,Foreign Honours,Nepali,"के नेपालका नागरिकले नेपाल सरकारको स्वीकृतिबिना विदेशी सरकारबाट उपाधि, सम्मान वा विभूषण स्वीकार गर्न सक्छ?",होइन। नेपाल सरकारको स्वीकृति आवश्यक हुन्छ।,"नेपाल सरकारले नागरिकलाई विदेशी सरकारबाट उपाधि, सम्मान वा विभूषण स्वीकार गर्ने अनुमति दिएको छ।",,
MT007,Constitution & Law,Treaty-Making Power,English,Which level of government has the power to make treaties or agreements under Article 278(1)?,The Federation.,The federal government.,,
MT007,Constitution & Law,Treaty-Making Power,Nepali,धारा २७८(१) बमोजिम सन्धि वा सम्झौता गर्ने अधिकार कुन तहको सरकारसँग हुन्छ?,संघसँग।,धारा २७८(१) बमोजिम सन्धि वा सम्झौता गर्ने अधिकार संघ सरकारसँग हुन्छ।,,
MT008,Constitution & Law,Treaty-Making Power,English,What must the Government of Nepal do when making a treaty or agreement concerning a matter falling within the list of State powers?,It must consult the concerned State.,The Government of Nepal must obtain the approval of the Federal Parliament.,,
MT008,Constitution & Law,Treaty-Making Power,Nepali,प्रदेशको अधिकार सूचीमा पर्ने विषयमा सन्धि वा सम्झौता गर्दा नेपाल सरकारले के गर्नुपर्छ?,सम्बन्धित प्रदेशसँग परामर्श गर्नुपर्छ।,नेपाल सरकारले प्रदेशको अधिकार सूचीमा पर्ने विषयमा सन्धि वा सम्झौता गर्दा प्रदेश सरकारलाई स्वीकृति दिनुपर्छ।,,
MT009,Constitution & Law,State Treaty-Related Agreements,English,Under what condition may a State Council of Ministers make contractual agreements on financial and industrial matters?,With the consent of the Government of Nepal.,Article 78 of the Indian Constitution,,
MT009,Constitution & Law,State Treaty-Related Agreements,Nepali,प्रदेश मन्त्रिपरिषद्ले वित्तीय तथा औद्योगिक विषयमा कुन शर्तमा करार सम्झौता गर्न सक्छ?,नेपाल सरकारको सहमतिमा।,उत्तर: प्रदेश मन्त्रिपरिषद्ले वित्तीय तथा औद्योगिक विषयमा ५०% शर्तमा करार सम्झौता गर्न सक्छ।,,
MT010,Constitution & Law,Treaty Ratification,English,"Which four categories of treaties or agreements require ratification, accession, acceptance, or approval by a two-thirds majority of the total number of the then members of both Houses of the Federal Parliament?",Peace and friendship; defence and strategic alliance; boundaries of Nepal; and natural resources and the distribution of their uses.,"Treaties of peace, treaties of alliance, treaties of mutual defense, and treaties relating to the acquisition of territory.",,
MT010,Constitution & Law,Treaty Ratification,Nepali,"संघीय संसदका दुवै सदनका तत्काल कायम रहेका सम्पूर्ण सदस्य संख्याको दुई तिहाइ बहुमतबाट अनुमोदन, सम्मिलन, स्वीकृति वा समर्थन आवश्यक पर्ने सन्धि वा सम्झौताका चार विषय कुन-कुन हुन्?",शान्ति तथा मैत्री; रक्षा तथा सामरिक गठबन्धन; नेपालको सीमाना; तथा प्राकृतिक स्रोत र त्यसको उपयोगको बाँडफाँड।,"संघीय संसदका दुवै सदनका तत्काल कायम रहेका सम्पूर्ण सदस्य संख्याको दुई तिहाइ बहुमतबाट अनुमोदन, सम्मिलन, स्वीकृति वा समर्थन आवश्यक पर्ने सन्धि वा सम्झौताका चार विषय हुन्:

१. संघीय संसदको विघटन
२. संघीय संसदको विस्तार
३. संघीय संसदको निर्मूलन
४. संघीय संसदको निर्मूलन पछि",,
MT011,Constitution & Law,Treaty Ratification Exception,English,Under what exception may a treaty concerning peace and friendship or natural resources be approved by a simple majority of members present in a meeting of the House of Representatives?,"If the treaty or agreement is of an ordinary nature and does not affect the nation extensively, seriously, or in the long term.","Article II, Section 2, Clause 2 of the U.S. Constitution, with the advice and consent of the Senate, or by a two-thirds majority of the Senate, or by a simple majority of members present in a meeting of the House of Representatives, if two-thirds of both Houses of Congress, by a two-thirds majority of the Senate, or by a simple majority of members present in a meeting of the House of Representatives, if a treaty involves a grant of territory, a treaty concerning a natural resource, or a treaty concerning peace and friendship.",,
MT011,Constitution & Law,Treaty Ratification Exception,Nepali,शान्ति तथा मैत्री वा प्राकृतिक स्रोतसम्बन्धी सन्धि वा सम्झौता कुन अवस्थामा प्रतिनिधि सभाको बैठकमा उपस्थित सदस्यहरूको साधारण बहुमतबाट अनुमोदन गर्न सकिन्छ?,"त्यस्तो सन्धि वा सम्झौता साधारण प्रकृतिको भई राष्ट्रलाई व्यापक, गम्भीर वा दीर्घकालीन रूपमा असर नगर्ने भएमा।",अवस्थामा प्रतिनिधि सभाको बैठकमा उपस्थित सदस्यहरूको साधारण बहुमतबाट अनुमोदन गर्न सकिन्छ।,,
MT012,Constitution & Law,Treaty Ratification and Territorial Integrity,English,"What is the constitutional consequence if a treaty or agreement is not ratified, acceded to, accepted, or approved according to Article 279?","After the commencement of the Constitution, the treaty or agreement does not apply to Nepal or the Government of Nepal. Additionally, no treaty or agreement may be concluded in a manner detrimental to Nepal's territorial integrity.",The treaty or agreement is void.,,
MT012,Constitution & Law,Treaty Ratification and Territorial Integrity,Nepali,"धारा २७९ बमोजिम कुनै सन्धि वा सम्झौता अनुमोदन, सम्मिलन, स्वीकृति वा समर्थन नगरिएमा त्यसको संवैधानिक परिणाम के हुन्छ?",संविधान प्रारम्भ भएपछि त्यस्तो सन्धि वा सम्झौता नेपाल वा नेपाल सरकारमा लागू हुँदैन। साथै नेपालको क्षेत्रीय अखण्डतामा प्रतिकूल हुने गरी कुनै सन्धि वा सम्झौता गर्न सकिँदैन।,संवैधानिक परिणाम कि संविधान निर्माता समितिको प्रस्तावित संविधानमा सुधार गरिएमा संविधान निर्माता समितिको प्रस्तावित संविधानमा सुधार गरिएमा संविधान निर्माता समितिको प्रस्तावित संविधानमा सुधार गरिएमा संविधान निर्माता समितिको प्रस्तावित संविधानमा सुधार गरिएमा संविधान निर्माता समितिको प्रस,,
MT013,Constitution & Law,Presidential Succession,English,"If both the offices of the President and Vice-President become vacant, who shall discharge the functions of the President until a new President or Vice-President is elected and assumes office?",The Speaker of the House of Representatives.,"The Speaker of the House of Representatives, in conjunction with the President pro tempore of the Senate, shall discharge the functions of the President until a new President or Vice-President is elected and assumes office.",,
MT013,Constitution & Law,Presidential Succession,Nepali,राष्ट्रपति र उपराष्ट्रपति दुवै पद रिक्त भएमा नयाँ राष्ट्रपति वा उपराष्ट्रपति निर्वाचित भई पदभार ग्रहण नगरेसम्म राष्ट्रपतिको कार्य कसले सम्पादन गर्छ?,प्रतिनिधि सभाका सभामुखले।,राष्ट्रपतिको कार्य सम्पादन गर्छ।,,
MT014,Constitution & Law,Special Rights Review,English,How frequently must the Government of Nepal appraise and review the implementation and impacts of the special rights of women and the Dalit community?,"Every ten years, concurrently with the national census.",Every five years.,,
MT014,Constitution & Law,Special Rights Review,Nepali,महिला र दलित समुदायका विशेष अधिकारको कार्यान्वयन र त्यसको प्रभावको मूल्याङ्कन तथा समीक्षा कति अवधिमा गर्नुपर्छ?,प्रत्येक दस वर्षमा हुने राष्ट्रिय जनगणनासँगै।,उत्तर: ५ वर्ष,,
MT015,Constitution & Law,Ambassadors and Special Emissaries,English,On what principle may the President appoint Nepalese ambassadors and special emissaries?,The principle of inclusion.,Article 89 of the Constitution of Nepal,,
MT015,Constitution & Law,Ambassadors and Special Emissaries,Nepali,राष्ट्रपतिले नेपाली राजदूत तथा विशेष दूतहरू कुन सिद्धान्तका आधारमा नियुक्त गर्न सक्छन्?,समावेशी सिद्धान्तका आधारमा।,संविधान,,
MT016,Constitution & Law,Diplomatic Relations,English,Who receives letters of credentials from foreign ambassadors and diplomatic representatives?,The President.,The President of the United States.,,
MT016,Constitution & Law,Diplomatic Relations,Nepali,विदेशी राजदूत तथा कूटनीतिक प्रतिनिधिहरूको ओहोदाको प्रमाणपत्र कसले ग्रहण गर्छ?,राष्ट्रपतिले।,नेपाल सरकारले,,
MT017,Constitution & Law,Inclusive Appointments,English,"According to Article 283, what principle must be followed when making appointments to Constitutional Organs and Bodies?",The inclusive principle.,Independence,,
MT017,Constitution & Law,Inclusive Appointments,Nepali,धारा २८३ बमोजिम संवैधानिक अंग तथा निकायमा नियुक्ति गर्दा कुन सिद्धान्तको पालना गर्नुपर्छ?,समावेशी सिद्धान्त।,संवैधानिक अंग तथा निकायमा नियुक्ति गर्दा राष्ट्रपति/मुख्यमन्त्री स्वतन्त्र सिद्धान्त पालना गर्नुपर्छ।,,
MT018,Constitution & Law,Constitutional Council,English,Who serves as the Chairperson of the Constitutional Council?,The Prime Minister.,The President of the French Republic,,
MT018,Constitution & Law,Constitutional Council,Nepali,संवैधानिक परिषद्को अध्यक्ष को हुन्छ?,प्रधानमन्त्री।,संवैधानिक परिषद्को अध्यक्ष राष्ट्रपति हुन्छ ।,,
MT019,Constitution & Law,Constitutional Council Composition,English,Which of the following is NOT a regular member of the Constitutional Council under Article 284(1)? A. Chief Justice B. Speaker of the House of Representatives C. Minister for Law and Justice D. Chairperson of the National Assembly,The Minister for Law and Justice.,C. Minister for Law and Justice,,
MT019,Constitution & Law,Constitutional Council Composition,Nepali,धारा २८४(१) बमोजिम निम्नमध्ये को संवैधानिक परिषद्को नियमित सदस्य होइन? क. प्रधानन्यायाधीश ख. प्रतिनिधि सभाका सभामुख ग. कानून तथा न्यायमन्त्री घ. राष्ट्रिय सभाका अध्यक्ष,कानून तथा न्यायमन्त्री।,उत्तर: ख. प्रतिनिधि सभाका सभामुख,,
MT020,Constitution & Law,Constitutional Council,English,How far in advance must the Constitutional Council generally make a recommendation for the appointment of a Chief Justice or a chief or official of a Constitutional Body before the office becomes vacant?,At least one month before the office becomes vacant.,3 months.,,
MT020,Constitution & Law,Constitutional Council,Nepali,प्रधानन्यायाधीश वा संवैधानिक निकायका प्रमुख वा पदाधिकारीको पद रिक्त हुनुभन्दा सामान्यतया कति अगाडि संवैधानिक परिषद्ले नियुक्तिको सिफारिस गर्नुपर्छ?,पद रिक्त हुनुभन्दा कम्तीमा एक महिना अगाडि।,संवैधानिक परिषद्ले नियुक्तिको सिफारिस गर्नुपर्छ तीन महिना अगाडि,,
MT021,Constitution & Law,Federal Government Service,English,On what basis must positions in the Federal civil service and other Federal government services be filled?,Through competitive examinations based on open and proportional inclusive principles.,Merit,,
MT021,Constitution & Law,Federal Government Service,Nepali,संघीय निजामती सेवा तथा अन्य संघीय सरकारी सेवाका पदहरू कुन आधारमा पूर्ति गर्नुपर्छ?,खुला तथा समानुपातिक समावेशी सिद्धान्तका आधारमा प्रतिस्पर्धात्मक परीक्षामार्फत।,संघीय निजामती सेवा तथा अन्य संघीय सरकारी सेवाका पदहरू कुन आधारमा पूर्ति गर्नुपर्छ? - संघीय निजामती सेवा तथा अन्य संघीय सरकारी सेवाका पदहरू कुन आधारमा पूर्ति गर्नुपर्छ? - संघीय निजामती सेवा तथा अन्य संघीय सरकारी सेवाका पदहरू कुन आधारमा पूर्ति गर्नुपर्छ? - संघीय निजामती सेवा तथा अन्य,,
MT022,Constitution & Law,Election Constituency Delimitation Commission,English,Which of the following is NOT listed as a member of the Election Constituency Delimitation Commission? A. A retired Judge of the Supreme Court B. A geographer C. A sociologist or demographer D. The Chief Election Commissioner,The Chief Election Commissioner.,A geographer,,
MT022,Constitution & Law,Election Constituency Delimitation Commission,Nepali,निम्नमध्ये को निर्वाचन क्षेत्र निर्धारण आयोगको सदस्यका रूपमा उल्लेख गरिएको छैन? क. सर्वोच्च अदालतका सेवानिवृत्त न्यायाधीश ख. भूगोलविद् ग. समाजशास्त्री वा जनसांख्यिकीविद् घ. प्रमुख निर्वाचन आयुक्त,प्रमुख निर्वाचन आयुक्त।,उत्तर: ख. भूगोलविद्,,
MT023,Constitution & Law,Constituency Delimitation,English,"What factors must the Election Constituency Delimitation Commission consider when determining election constituencies, in addition to population and geography?","It must consider, among other things, population density, geographical specificity, administrative and transportation convenience, and the community and cultural aspects of the constituencies.","Ethnicity, economic factors, and historical and cultural considerations.",,
MT023,Constitution & Law,Constituency Delimitation,Nepali,निर्वाचन क्षेत्र निर्धारण गर्दा जनसंख्या र भूगोलका अतिरिक्त निर्वाचन क्षेत्र निर्धारण आयोगले कुन-कुन पक्षलाई ध्यान दिनुपर्छ?,"जनघनत्व, भौगोलिक विशिष्टता, प्रशासनिक तथा यातायात सुविधा र निर्वाचन क्षेत्रका सामुदायिक तथा सांस्कृतिक पक्षलगायतका विषयलाई ध्यान दिनुपर्छ।","निर्वाचन क्षेत्र निर्धारण गर्दा जनसंख्या र भूगोलका अतिरिक्त निर्वाचन क्षेत्र निर्धारण आयोगले निम्नलिखित पक्षलाई ध्यान दिनुपर्छ:

१. भौगोलिक स्थिति (जमिन, पहाड, नदी, कुनै विशेष स्थान)
२. सांस्कृतिक विशेषता (जाति, भाषा, धर्म)
३. आर्थिक विशेषता (शहर, गाउँ, कुनै विशेष उद्योग)",,
MT024,Constitution & Law,Language Commission,English,"State three important constitutional requirements relating to the Language Commission's composition, term, and qualifications.","The Commission must have one Chairperson and the required number of members; the term of the Chairperson and members is six years and they cannot be reappointed; and appointees must have a relevant master's degree, at least twenty years of experience in the study, teaching, and research of Nepal's languages, be at least forty-five years old, and possess high moral character.","1. The Language Commission must consist of a chairman and not less than two other members appointed by the President in accordance with the advice of the National Assembly.
2. The term of office of the members of the Language Commission is five years.
3. A person is qualified to be appointed as a member of the Language Commission if that person is a citizen of Botswana and has a degree in languages or a related field.",,
MT024,Constitution & Law,Language Commission,Nepali,"भाषा आयोगको गठन, पदावधि र योग्यता सम्बन्धी तीनवटा महत्वपूर्ण संवैधानिक प्रावधान उल्लेख गर्नुहोस्।","आयोगमा एक जना अध्यक्ष र आवश्यक संख्यामा सदस्य हुन्छन्; अध्यक्ष तथा सदस्यको पदावधि छ वर्षको हुन्छ र पुनः नियुक्ति हुन सक्दैन; तथा नियुक्त व्यक्तिसँग सम्बन्धित विषयमा स्नातकोत्तर उपाधि, नेपालको विभिन्न भाषाको अध्ययन, अध्यापन तथा अनुसन्धानमा कम्तीमा बीस वर्षको अनुभव, कम्तीमा पैंतालीस वर्ष उमेर र उच्च नैतिक चरित्र हुनुपर्छ।","भाषा आयोगको गठन, पदावधि र योग्यता सम्बन्धी तीनवटा महत्वपूर्ण संवैधानिक प्रावधान निम्नलिखित हुन्:

१. भाषा आयोगको गठन: भाषा आयोगको गठन संविधानको अनुच्छेद 343(१) अनुसार भाषा आयोगको गठन गर्ने सरकारले तीन वर्ष पूर्वको संविधान सभा सदस्यले भाषा आयोगको सदस्य हुने गरी भाषा आयोगको गठन",,
MT025,Constitution & Law,Capital,English,Where is the capital of Nepal situated?,Kathmandu.,Kathmandu,,
MT025,Constitution & Law,Capital,Nepali,नेपालको राजधानी कहाँ अवस्थित छ?,काठमाडौंमा।,काठमाडौँ,,
MT026,Constitution & Law,State Capital,English,By what majority is the capital of a State decided by the concerned State Assembly?,A two-thirds majority of the total number of the then members of the concerned State Assembly.,Two-thirds,,
MT026,Constitution & Law,State Capital,Nepali,सम्बन्धित प्रदेश सभाले प्रदेशको राजधानी कुन बहुमतबाट निर्धारण गर्छ?,सम्बन्धित प्रदेश सभाका तत्काल कायम रहेका सम्पूर्ण सदस्य संख्याको दुई तिहाइ बहुमतबाट।,प्रदेश सभाले प्रदेशको राजधानी कुन बहुमतबाट निर्धारण गर्छ।,,
MT027,Constitution & Law,Citizenship Qualifications for High Offices,English,"Which type of citizenship must a person possess to be eligible for election, nomination, or appointment as President, Vice-President, Prime Minister, Chief Justice, Speaker of the House of Representatives, Chief of State, Chief Minister, Speaker of a State Assembly, or chief of a security body?",Citizenship of Nepal by descent.,Indian citizenship.,,
MT027,Constitution & Law,Citizenship Qualifications for High Offices,Nepali,"राष्ट्रपति, उपराष्ट्रपति, प्रधानमन्त्री, प्रधानन्यायाधीश, प्रतिनिधि सभाका सभामुख, प्रदेश प्रमुख, मुख्यमन्त्री, प्रदेश सभाका सभामुख वा सुरक्षा निकायको प्रमुख पदमा निर्वाचित, मनोनीत वा नियुक्त हुन व्यक्तिसँग कस्तो नागरिकता हुनुपर्छ?",वंशजको आधारमा प्राप्त नेपालको नागरिकता।,नेपाली नागरिकता,,
MT028,Constitution & Law,Citizenship and Constitutional Bodies,English,Under what additional residence conditions may a person with naturalized citizenship or citizenship by birth be qualified for an office of a Constitutional Body other than the offices listed in Article 289(1)?,"A naturalized citizen must have resided in Nepal for at least ten years, while a person who obtained citizenship by birth must have resided in Nepal for at least five years.",Article 289(2),,
MT028,Constitution & Law,Citizenship and Constitutional Bodies,Nepali,धारा २८९(१) मा उल्लिखित बाहेक अन्य संवैधानिक निकायको पदमा प्राकृतिकीकृत वा जन्मको आधारमा नागरिकता प्राप्त व्यक्तिले कुन अतिरिक्त बसोबाससम्बन्धी शर्त पूरा गर्नुपर्छ?,प्राकृतिकीकृत नागरिकले कम्तीमा दस वर्ष र जन्मको आधारमा नागरिकता प्राप्त व्यक्तिले कम्तीमा पाँच वर्ष नेपालमा बसोबास गरेको हुनुपर्छ।,पाँच वर्ष,,
MT029,Constitution & Law,Guthi and Trust Lands,English,What must the Federal Parliament ensure when making laws concerning the rights of trusts and farmers enjoying possessory rights over trust lands?,The laws must not be prejudicial to the basic norms of the trusts.,"That the laws are consistent with the Constitution of India, specifically Article 300A, which protects the rights of trusts and farmers enjoying possessory rights over trust lands.",,
MT029,Constitution & Law,Guthi and Trust Lands,Nepali,गुठीको अधिकार तथा गुठी जग्गामा भोगाधिकार भएका किसानका अधिकारसम्बन्धी कानून बनाउँदा संघीय संसदले के सुनिश्चित गर्नुपर्छ?,त्यस्ता कानून गुठीका आधारभूत मान्यतामा प्रतिकूल नहुने कुरा सुनिश्चित गर्नुपर्छ।,संघीय संसदले गुठीको अधिकार तथा गुठी जग्गामा भोगाधिकार भएका किसानका अधिकारसम्बन्धी कानून बनाउँदा सुनिश्चित गर्नुपर्छ कि किसानले कानूनमा दिइएका नियमअनुसार गुठी जग्गामा भोगाधिकार भएका किसानको अधिकार सम्पन्न हुने गरी कानून बनाउँदा सुनिश्चित गर्नुपर्छ कि किसानले कानूनमा दिइ,,
MT030,Constitution & Law,Foreign Permanent Residence,English,"Can a Nepali citizen holding a foreign permanent residence permit be elected, nominated, or appointed to an office under the Constitution?","No. However, a person who has renounced the permit may become eligible after at least three months have expired from the date of renunciation.",No,,
MT030,Constitution & Law,Foreign Permanent Residence,Nepali,"विदेशी स्थायी आवासीय अनुमति लिएको नेपाली नागरिक संविधानबमोजिम निर्वाचित, मनोनीत वा नियुक्त हुने पदमा योग्य हुन्छ?",हुँदैन। तर त्यस्तो अनुमति त्यागेको व्यक्तिले त्यागेको मितिले कम्तीमा तीन महिना पूरा भएपछि योग्य हुन सक्छ।,नयाँ,,
MT031,Constitution & Law,Parliamentary Hearings,English,For which categories of appointments are parliamentary hearings conducted under Article 292?,"Appointments to the offices of the Chief Justice and Supreme Court Judges, members of the Judicial Council, chiefs and members of Constitutional Bodies appointed on the recommendation of the Constitutional Council, and ambassadors.",High Court Judges,,
MT031,Constitution & Law,Parliamentary Hearings,Nepali,धारा २९२ बमोजिम कुन-कुन नियुक्तिका लागि संसदीय सुनुवाइ गरिन्छ?,"प्रधानन्यायाधीश तथा सर्वोच्च अदालतका न्यायाधीश, न्याय परिषद्का सदस्य, संवैधानिक परिषद्को सिफारिसमा नियुक्त हुने संवैधानिक निकायका प्रमुख तथा सदस्य र राजदूतको नियुक्तिमा।","संसदीय सुनुवाइ न्यायाधीश, न्यायाधीश, न्यायाधिकारी वा न्यायिक सेवकका नियुक्तिका लागि संसदीय सुनुवाइ गरिन्छ ।",,
MT032,Constitution & Law,Parliamentary Hearing Committee,English,How many members are in the joint committee formed for the purpose of parliamentary hearings?,Fifteen members from both Houses of the Federal Parliament.,7,,
MT032,Constitution & Law,Parliamentary Hearing Committee,Nepali,संसदीय सुनुवाइका लागि गठन हुने संयुक्त समितिमा कति सदस्य हुन्छन्?,संघीय संसदका दुवै सदनका गरी पन्ध्र जना सदस्य।,संसदीय सुनुवाइका लागि गठन हुने संयुक्त समितिमा ५ सदस्य हुन्छन् ।,,
MT033,Constitution & Law,Parliamentary Hearing Committee,English,What professional restriction applies to members of the parliamentary hearing joint committee during that term of the Federal Parliament?,They may not practice law in the Supreme Court.,"Members of the parliamentary hearing joint committee are restricted from being appointed to a position as a judge of the High Court, the Federal Court, the Family Court, the Federal Circuit Court, the Court Martial, the Defence Force Discipline Appeal Tribunal, the Australian Information Commissioner, the Australian Human Rights Commissioner, the Commonwealth Ombudsman, the Parliamentary Integrity Commissioner, the Inspector-General of the Australian Defence Force, the Inspector-General of the Australian Federal Police, the Inspector-General of the Australian Taxation Office, the Inspector-General of the Commonwealth Public Service, the Australian Sports Anti-Arbitration Tribunal, the Australian Commission for Law Enforcement Integrity, the Australian Building and Construction Commissioner, the Australian Information and Privacy Commissioner, the Australian Human Rights Commission, the Australian Commission for Children",,
MT033,Constitution & Law,Parliamentary Hearing Committee,Nepali,संघीय संसदको उक्त कार्यकालमा संसदीय सुनुवाइ संयुक्त समितिका सदस्यहरूलाई कुन पेशागत प्रतिबन्ध लागू हुन्छ?,उनीहरूले सर्वोच्च अदालतमा कानून व्यवसाय गर्न पाउँदैनन्।,संसदीय सुनुवाइ संयुक्त समितिका सदस्यहरूलाई संसदीय सुनुवाइ संयुक्त समितिका सदस्यहरूलाई संसदीय सुनुवाइ संयुक्त समितिका सदस्यहरूलाई संसदीय सुनुवाइ संयुक्त समितिका सदस्यहरूलाई संसदीय सुनुवाइ संयुक्त समितिका सदस्यहरूलाई संसदीय सुनुवाइ संयुक्त समितिका सदस्यहरूलाई संसदीय सुनुवाइ संयुक्त समितिका सदस्यहरूलाई संसद,,
MT034,Constitution & Law,Monitoring of Constitutional Bodies,English,Which Constitutional Body is specifically excluded from monitoring and evaluation by committees of the House of Representatives under Article 293?,The National Human Rights Commission.,The Election Commission,,
MT034,Constitution & Law,Monitoring of Constitutional Bodies,Nepali,धारा २९३ बमोजिम प्रतिनिधि सभाका समितिहरूले संवैधानिक निकायहरूको कामकारबाही अनुगमन तथा मूल्याङ्कन गर्दा कुन संवैधानिक निकायलाई विशेष रूपमा अपवाद गरिएको छ?,राष्ट्रिय मानव अधिकार आयोग।,न्यायपालिका,,
MT035,Constitution & Law,Annual Reports of Constitutional Bodies,English,What is the reporting process for Constitutional Bodies under Article 294?,"Each Constitutional Body submits an annual report of its functioning to the President, who causes it to be laid before the Federal Parliament through the Prime Minister. A Constitutional Body may also prepare a separate report on its functioning in each State and submit it to the Chief of State.",The reporting process for Constitutional Bodies under Article 294 is to the Speaker of the State Legislative Assembly.,,
MT035,Constitution & Law,Annual Reports of Constitutional Bodies,Nepali,धारा २९४ बमोजिम संवैधानिक निकायहरूको वार्षिक प्रतिवेदन पेश गर्ने प्रक्रिया के हो?,प्रत्येक संवैधानिक निकायले आफ्नो कामकारबाहीको वार्षिक प्रतिवेदन राष्ट्रपतिसमक्ष पेश गर्छ र राष्ट्रपतिले प्रधानमन्त्रीमार्फत संघीय संसदसमक्ष पेश गराउँछन्। संवैधानिक निकायले प्रत्येक प्रदेशमा आफ्नो कामकारबाहीसम्बन्धी छुट्टै प्रतिवेदन तयार गरी प्रदेश प्रमुखसमक्ष पेश गर्न पनि सक्छ।,"संवैधानिक निकायहरूको वार्षिक प्रतिवेदन पेश गर्ने प्रक्रिया यसरी हुन्छ-

१. संवैधानिक निकायहरूले वार्षिक प्रतिवेदन तयार गरी संसदमा पेश गर्ने हुन्छ।
२. संसदको प्रत्येक सदनले प्रतिवेदनलाई विचार गरी संसदको वार्षिक प्रतिवेदनमा समावेश गर्ने हुन्छ।
३. संसदको वार्षिक प्रतिवेदनलाई राष्ट्रपत",,
TP001,Constitution & Law,Federal Commission and State Boundaries,English,What may the Government of Nepal constitute under Article 295(1) to make suggestions on matters relating to the boundaries of States?,The Government of Nepal may constitute a Federal Commission.,Boundary Commission,,
TP001,Constitution & Law,Federal Commission and State Boundaries,Nepali,धारा २९५(१) बमोजिम प्रदेशको सीमासम्बन्धी विषयमा सुझाव दिन नेपाल सरकारले के गठन गर्न सक्छ?,नेपाल सरकारले संघीय आयोग गठन गर्न सक्छ।,नेपाल सरकारले प्रदेश विकास प्राधिकरण गठन गर्न सक्छ ।,,
TP002,Constitution & Law,Determination of State Names,English,By what majority must the names of the States be decided by the concerned State Assemblies under Article 295(2)?,A two-thirds majority of the total number of members of the concerned State Assembly is required.,2/3,,
TP002,Constitution & Law,Determination of State Names,Nepali,धारा २९५(२) बमोजिम सम्बन्धित प्रदेश सभाले प्रदेशको नाम निर्धारण गर्दा कस्तो बहुमत आवश्यक पर्छ?,सम्बन्धित प्रदेश सभाका सम्पूर्ण सदस्य संख्याको दुई तिहाइ बहुमत आवश्यक पर्छ।,उत्तर: ३/४,,
TP003,Constitution & Law,Local-Level Boundary Commission,English,"What commission was required to be constituted to determine the number and boundaries of Village Bodies, Municipalities, and Special, Protected, or Autonomous Regions?",The Government of Nepal was required to constitute a commission for determining their number and boundaries.,Delimitation Commission,,
TP003,Constitution & Law,Local-Level Boundary Commission,Nepali,"गाउँ निकाय, नगरपालिका तथा विशेष, संरक्षित वा स्वायत्त क्षेत्रको संख्या र सीमाना निर्धारण गर्न कुन आयोग गठन गर्नुपर्ने व्यवस्था थियो?",नेपाल सरकारले तिनको संख्या र सीमाना निर्धारण गर्न आयोग गठन गर्नुपर्ने व्यवस्था थियो।,"गाउँ निकाय, नगरपालिका तथा विशेष, संरक्षित वा स्वायत्त क्षेत्रको संख्या र सीमाना निर्धारण गर्न कुन आयोग गठन गर्नुपर्ने व्यवस्था थियो- संविधान सभा आयोग।",,
TP004,Constitution & Law,Local-Level Boundary Commission,English,"Within what period after the commencement of the Constitution was the commission under Article 295(3) required to be constituted, and what was its term?","It had to be constituted within six months of the commencement of the Constitution, and its term was one year.","The commission under Article 295(3) was required to be constituted within one year after the commencement of the Constitution, and its term was two years.",,
TP004,Constitution & Law,Local-Level Boundary Commission,Nepali,संविधान प्रारम्भ भएको कति समयभित्र धारा २९५(३) बमोजिमको आयोग गठन गर्नुपर्ने थियो र यसको कार्यकाल कति थियो?,संविधान प्रारम्भ भएको छ महिनाभित्र आयोग गठन गर्नुपर्ने र यसको कार्यकाल एक वर्षको हुने थियो।,संविधान प्रारम्भ भएको १ वर्ष भित्र धारा २९५(३) बमोजिमको आयोग गठन गर्नुपर्ने थियो र यसको कार्यकाल ३ वर्ष थियो।,,
TP005,Constitution & Law,Conversion of Constituent Assembly,English,What happened to the Constituent Assembly existing at the commencement of the Constitution?,It was automatically converted into the Legislature-Parliament.,It was dissolved.,,
TP005,Constitution & Law,Conversion of Constituent Assembly,Nepali,संविधान प्रारम्भ हुँदाका बखत विद्यमान संविधान सभाको के भयो?,संविधान सभा स्वतः व्यवस्थापिका–संसदमा परिणत भयो।,संविधान सभा नै संविधान प्रारम्भ हुँदाका बखत विद्यमान संविधान सभाको अध्यक्ष भयो ।,,
TP006,Constitution & Law,Legislature-Parliament,English,What happened to Bills under consideration in the Legislature-Parliament when the Constitution commenced?,They were automatically transferred to the Legislature-Parliament formed under Article 296(1).,They lapsed.,,
TP006,Constitution & Law,Legislature-Parliament,Nepali,संविधान प्रारम्भ हुँदा व्यवस्थापिका–संसदमा विचाराधीन विधेयकहरूको के भयो?,ती विधेयकहरू धारा २९६(१) बमोजिमको व्यवस्थापिका–संसदमा स्वतः हस्तान्तरण भए।,संविधान प्रारम्भ हुँदा व्यवस्थापिका–संसदमा विचाराधीन विधेयकहरूको संसदमा पुनः प्रस्तुति भयो ।,,
TP007,Constitution & Law,Legislature-Parliament,English,"Until the election to the House of Representatives was held under the Constitution, what functions did the transitional Legislature-Parliament perform?",It performed the business required to be performed by the Federal Parliament under the Constitution.,Drafted the Constitution and the electoral laws.,,
TP007,Constitution & Law,Legislature-Parliament,Nepali,संविधानबमोजिम प्रतिनिधि सभाको निर्वाचन नभएसम्म संक्रमणकालीन व्यवस्थापिका–संसदले कुन कार्य सम्पादन गर्थ्यो?,यसले संविधानबमोजिम संघीय संसदले गर्नुपर्ने कार्य सम्पादन गर्थ्यो।,"संविधानबमोजिम प्रतिनिधि सभाको निर्वाचन नभएसम्म संक्रमणकालीन व्यवस्थापिका–संसदले संविधान सभाको निर्माण, संविधान सभाको निर्वाचन, संविधान सभाको कार्यसम्पादन, संविधान सभाको निर्वाचित सदस्यलाई संविधान सभाको कार्यसम्पादनको लागि निर्वाचित गर्ने र संविधान सभाको कार्यसम्पादनको लागि आवश्यक भएका व",,
TP008,Constitution & Law,Legislature-Parliament,English,"Until a State Assembly was formed, who exercised the legislative power relating to matters listed in Schedule 6?",The Legislature-Parliament exercised that legislative power.,The Governor.,,
TP008,Constitution & Law,Legislature-Parliament,Nepali,प्रदेश सभा गठन नभएसम्म अनुसूची–६ मा उल्लिखित विषयसम्बन्धी प्रदेशको विधायिकी अधिकार कसले प्रयोग गर्थ्यो?,व्यवस्थापिका–संसदले उक्त विधायिकी अधिकार प्रयोग गर्थ्यो।,उत्तर: प्रदेश सभा गठन नभएसम्म अनुसूची–६ मा उल्लिखित विषयसम्बन्धी प्रदेशको विधायिकी अधिकार प्रधानमन्त्री को प्रयोग गर्थ्यो ।,,
TP009,Constitution & Law,President and Vice-President,English,Until when did the President and Vice-President existing at the commencement of the Constitution continue to hold office?,They continued to hold office until another President and Vice-President were elected in accordance with Article 297.,Until the end of the term for which they were elected.,,
TP009,Constitution & Law,President and Vice-President,Nepali,संविधान प्रारम्भ हुँदाका बखत पदमा रहेका राष्ट्रपति र उपराष्ट्रपति कहिलेसम्म पदमा कायम रहने व्यवस्था थियो?,धारा २९७ बमोजिम अर्को राष्ट्रपति र उपराष्ट्रपति निर्वाचित नभएसम्म उनीहरू पदमा कायम रहने व्यवस्था थियो।,संविधान प्रारम्भ हुँदाका बखत पदमा रहेका राष्ट्रपति र उपराष्ट्रपति १० दिनसम्म पदमा कायम रहने व्यवस्था थियो।,,
TP010,Constitution & Law,President and Vice-President,English,"If the Legislature-Parliament failed to reach a political understanding for electing the President and Vice-President, how were they to be elected?",They were to be elected by a majority of all the then members of the Legislature-Parliament.,By the National Assembly.,,
TP010,Constitution & Law,President and Vice-President,Nepali,राष्ट्रपति र उपराष्ट्रपति निर्वाचित गर्न व्यवस्थापिका–संसदमा राजनीतिक सहमति हुन नसकेमा उनीहरू कसरी निर्वाचित हुने थिए?,व्यवस्थापिका–संसदका तत्काल कायम रहेका सम्पूर्ण सदस्यको बहुमतबाट निर्वाचित हुने थिए।,राष्ट्रपति र उपराष्ट्रपति निर्वाचित गर्न व्यवस्थापिका–संसदमा राजनीतिक सहमति हुन नसकेमा उनीहरू कसरी निर्वाचित हुने थिए? तराईने निर्वाचन प्रणाली अनुसार निर्वाचित हुने थिए।,,
TP011,Constitution & Law,President and Vice-President,English,What minimum proportion of the total number of then members of the Legislature-Parliament could move an impeachment motion against the transitional President or Vice-President for serious violation of the Constitution and law?,At least one-fourth of the total number of the then members of the Legislature-Parliament.,1/3,,
TP011,Constitution & Law,President and Vice-President,Nepali,संविधान र कानूनको गम्भीर उल्लङ्घन गरेको आधारमा संक्रमणकालीन राष्ट्रपति वा उपराष्ट्रपतिविरुद्ध महाभियोग प्रस्ताव ल्याउन व्यवस्थापिका–संसदका तत्काल कायम रहेका कुल सदस्य संख्याको कम्तीमा कति भाग आवश्यक पर्थ्यो?,व्यवस्थापिका–संसदका तत्काल कायम रहेका कुल सदस्य संख्याको कम्तीमा एक चौथाइ।,संविधान र कानूनको गम्भीर उल्लङ्घन गरेको आधारमा संक्रमणकालीन राष्ट्रपति वा उपराष्ट्रपतिविरुद्ध महाभियोग प्रस्ताव ल्याउन व्यवस्थापिका–संसदका तत्काल कायम रहेका कुल सदस्य संख्याको कम्तीमा १/२ भाग आवश्यक पर्थ्यो ।,,
TP012,Constitution & Law,President and Vice-President,English,What majority was required for an impeachment motion against the transitional President or Vice-President to remove them from office?,A two-thirds majority of the total number of the then members of the Legislature-Parliament was required.,Two-thirds of the Senate.,,
TP012,Constitution & Law,President and Vice-President,Nepali,संक्रमणकालीन राष्ट्रपति वा उपराष्ट्रपतिलाई पदबाट हटाउन महाभियोग प्रस्ताव पारित गर्न कस्तो बहुमत आवश्यक पर्थ्यो?,व्यवस्थापिका–संसदका तत्काल कायम रहेका कुल सदस्य संख्याको दुई तिहाइ बहुमत आवश्यक पर्थ्यो।,संक्रमणकालीन राष्ट्रपति वा उपराष्ट्रपतिलाई पदबाट हटाउन महाभियोग प्रस्ताव पारित गर्न २/३ बहुमत आवश्यक पर्थ्यो ।,,
TP013,Constitution & Law,Council of Ministers,English,What happened to the Council of Ministers existing at the commencement of the Constitution?,It continued to exist until the Council of Ministers under Article 298(2) was formed.,The Council of Ministers existing at the commencement of the Constitution was dissolved.,,
TP013,Constitution & Law,Council of Ministers,Nepali,संविधान प्रारम्भ हुँदाका बखत विद्यमान मन्त्रिपरिषद्को के भयो?,धारा २९८(२) बमोजिमको मन्त्रिपरिषद् गठन नभएसम्म विद्यमान मन्त्रिपरिषद् कायम रह्यो।,संविधान प्रारम्भ हुँदाका बखत विद्यमान मन्त्रिपरिषद्को विघटन भयो ।,,
TP014,Constitution & Law,Council of Ministers,English,Within what period was the Prime Minister required to be elected after the commencement of the Constitution when the Legislature-Parliament was not in recess?,The Prime Minister had to be elected no later than seven days after the commencement of the Constitution.,Within 7 days,,
TP014,Constitution & Law,Council of Ministers,Nepali,व्यवस्थापिका–संसद अधिवेशनमा नरहेको अवस्थामा संविधान प्रारम्भ भएपछि कति समयभित्र प्रधानमन्त्री निर्वाचित गर्नुपर्ने थियो?,संविधान प्रारम्भ भएको सात दिनभित्र प्रधानमन्त्री निर्वाचित गर्नुपर्ने थियो।,संविधान प्रारम्भ भएपछि १४ दिनमा प्रधानमन्त्री निर्वाचित गर्नुपर्ने थियो ।,,
TP015,Constitution & Law,Council of Ministers,English,"If political understanding could not be reached for electing the Prime Minister, how was the Prime Minister elected?",The Prime Minister was elected by a majority of all the then members of the Legislature-Parliament.,The President of India elects the leader of the majority party or coalition in the Lok Sabha as the Prime Minister.,,
TP015,Constitution & Law,Council of Ministers,Nepali,प्रधानमन्त्री निर्वाचित गर्न राजनीतिक सहमति हुन नसकेमा प्रधानमन्त्री कसरी निर्वाचित हुने व्यवस्था थियो?,व्यवस्थापिका–संसदका तत्काल कायम रहेका सम्पूर्ण सदस्यको बहुमतबाट प्रधानमन्त्री निर्वाचित हुने व्यवस्था थियो।,प्रधानमन्त्री निर्वाचित गर्न राजनीतिक सहमति हुन नसकेमा प्रधानमन्त्री कसरी निर्वाचित हुने व्यवस्था थियो: प्रधानमन्त्री निर्वाचित गर्न राजनीतिक सहमति हुन नसकेमा प्रधानमन्त्री निर्वाचित गर्ने व्यवस्था थियो: प्रधानमन्त्री निर्वाचित गर्न राजनीतिक सहमति हुन नसकेमा प्रधानमन्त्री निर्वाचित गर्ने व्यवस,,
TP016,Constitution & Law,Council of Ministers,English,What minimum composition of the Council of Ministers was expressly provided under Article 298?,"It consisted of the Prime Minister, a Deputy Prime Minister, and other Ministers as required.",The minimum composition of the Council of Ministers was 15 members.,,
TP016,Constitution & Law,Council of Ministers,Nepali,धारा २९८ बमोजिम गठन हुने मन्त्रिपरिषद्को न्यूनतम संरचनामा को–को रहने व्यवस्था थियो?,"प्रधानमन्त्री, एक उपप्रधानमन्त्री तथा आवश्यकताअनुसार अन्य मन्त्रीहरू रहने व्यवस्था थियो।","प्रधानमन्त्री, उपप्रधानमन्त्री, मन्त्री १५, उपमन्त्री १५, मन्त्री सङ्ग २, उपमन्त्री सङ्ग २, मन्त्री सङ्ग १, उपमन्त्री सङ्ग १, मन्त्री सङ्ग १, उपमन्त्री सङ्ग १, मन्त्री सङ्ग १, उपमन्त्री सङ्ग १, मन्त्री सङ्ग १, उपमन्त्री सङ्ग १, मन्त्र",,
TP017,Constitution & Law,Council of Ministers,English,From whom did the Prime Minister appoint Ministers under the transitional arrangement?,Ministers were appointed from among the members of the Legislature-Parliament on the recommendation of the concerned party.,The President,,
TP017,Constitution & Law,Council of Ministers,Nepali,संक्रमणकालीन व्यवस्थाअन्तर्गत प्रधानमन्त्रीले मन्त्रीहरू कसबाट नियुक्त गर्थे?,सम्बन्धित दलको सिफारिसमा व्यवस्थापिका–संसदका सदस्यहरूमध्येबाट मन्त्री नियुक्त गरिन्थ्यो।,संक्रमणकालीन व्यवस्थाअन्तर्गत प्रधानमन्त्रीले मन्त्रीहरू संसदीय दलको निर्वाचनमार्गमा नियुक्त गर्थे।,,
TP018,Constitution & Law,Council of Ministers,English,What minimum proportion of the then members of the Legislature-Parliament could table a written motion of no-confidence against the transitional Prime Minister?,At least one-fourth of the total number of the then members of the Legislature-Parliament.,1/4,,
TP018,Constitution & Law,Council of Ministers,Nepali,संक्रमणकालीन प्रधानमन्त्रीविरुद्ध लिखित अविश्वास प्रस्ताव ल्याउन व्यवस्थापिका–संसदका तत्काल कायम रहेका सदस्य संख्याको कम्तीमा कति भाग आवश्यक पर्थ्यो?,व्यवस्थापिका–संसदका तत्काल कायम रहेका कुल सदस्य संख्याको कम्तीमा एक चौथाइ।,उत्तर: १/३,,
TP019,Constitution & Law,Speaker and Deputy Speaker,English,Within what period were the Speaker and Deputy Speaker required to be elected after the commencement of the Constitution when the Legislature-Parliament was not in recess?,They had to be elected no later than twenty days after the commencement of the Constitution.,Within 30 days,,
TP019,Constitution & Law,Speaker and Deputy Speaker,Nepali,व्यवस्थापिका–संसद अधिवेशनमा नरहेको अवस्थामा संविधान प्रारम्भ भएपछि सभामुख र उपसभामुख कति समयभित्र निर्वाचित गर्नुपर्ने थियो?,संविधान प्रारम्भ भएको बीस दिनभित्र सभामुख र उपसभामुख निर्वाचित गर्नुपर्ने थियो।,संविधान प्रारम्भ भएपछि व्यवस्थापिका–संसद अधिवेशनमा नरहेको अवस्थामा संविधान सभामुख र उपसभामुख १० दिनभित्र निर्वाचित गर्नुपर्ने थियो।,,
TP020,Constitution & Law,Speaker and Deputy Speaker,English,What requirement applied to the political-party representation of the Speaker and Deputy Speaker elected under Article 299?,They had to be members representing different political parties in the Legislature-Parliament.,The requirement was that they must be members of the Lok Sabha.,,
TP020,Constitution & Law,Speaker and Deputy Speaker,Nepali,धारा २९९ बमोजिम निर्वाचित सभामुख र उपसभामुखको राजनीतिक दलसम्बन्धी प्रतिनिधित्वमा के व्यवस्था थियो?,उनीहरू व्यवस्थापिका–संसदमा प्रतिनिधित्व गर्ने फरक–फरक राजनीतिक दलका सदस्य हुनुपर्ने थियो।,धारा २९९ बमोजिम निर्वाचित सभामुख र उपसभामुखको राजनीतिक दलसम्बन्धी प्रतिनिधित्वमा निर्वाचित सभामुख र उपसभामुखको राजनीतिक दलसम्बन्धी प्रतिनिधित्वमा निर्वाचित सभामुख र उपसभामुखको राजनीतिक दलसम्बन्धी प्रतिनिधित्वमा निर्वाचित सभामुख र उपसभामुखको राजनीतिक दलसम्बन्धी प्रतिनिधित्वमा निर्वाचित सभामुख र उपसभ,,
TP021,Constitution & Law,Speaker and Deputy Speaker,English,How were the Speaker and Deputy Speaker required to perform their functions under Article 299?,They had to perform their functions as neutral persons without standing for or against any political party.,The Speaker and Deputy Speaker were required to perform their functions under Article 299 in accordance with the directions of the President.,,
TP021,Constitution & Law,Speaker and Deputy Speaker,Nepali,धारा २९९ बमोजिम सभामुख र उपसभामुखले आफ्नो कार्य कसरी सम्पादन गर्नुपर्ने थियो?,कुनै पनि राजनीतिक दलको पक्ष वा विपक्षमा नउभिई तटस्थ व्यक्तिको रूपमा कार्य सम्पादन गर्नुपर्ने थियो।,धारा २९९ बमोजिम सभामुख र उपसभामुखले आफ्नो कार्य सम्पादन गर्नुपर्ने थियो- संसदको कार्यालयमा उपस्थित हुँदा,,
TP022,Constitution & Law,Speaker and Deputy Speaker,English,What majority was required for a resolution declaring that the conduct of the Speaker or Deputy Speaker was incompatible with the office?,A majority of at least two-thirds of the total number of members of the Legislature-Parliament was required.,Two-thirds,,
TP022,Constitution & Law,Speaker and Deputy Speaker,Nepali,सभामुख वा उपसभामुखको आचरण निजको पदसँग अनुकूल नभएको घोषणा गर्ने प्रस्ताव पारित गर्न कस्तो बहुमत आवश्यक पर्थ्यो?,व्यवस्थापिका–संसदका कुल सदस्य संख्याको कम्तीमा दुई तिहाइ बहुमत आवश्यक पर्थ्यो।,उत्तर: २/३ बहुमत,,
TP023,Constitution & Law,Judiciary,English,Which existing courts continued to exist until the judicial structure provided for in the Constitution was established?,"The Supreme Court, Constituent Assembly Court, Appellate Courts, and District Courts continued to exist.",The High Courts and the Supreme Court.,,
TP023,Constitution & Law,Judiciary,Nepali,संविधानमा व्यवस्था गरिएको न्यायपालिकाको संरचना स्थापना नभएसम्म कुन–कुन विद्यमान अदालतहरू कायम रहने व्यवस्था थियो?,"सर्वोच्च अदालत, संविधान सभा अदालत, पुनरावेदन अदालत र जिल्ला अदालतहरू कायम रहने व्यवस्था थियो।","संविधानमा व्यवस्था गरिएको न्यायपालिकाको संरचना स्थापना नभएसम्म कुन–कुन विद्यमान अदालतहरू कायम रहने व्यवस्था थियो:-

*   उच्चतम न्यायालय
*   उच्च अदालत
*   जिल्ला अदालत
*   उपजिल्ला अदालत
*   उपजिल्ला अदालत
*   उपजिल्ला अदालत
*   उपजिल्ला अदालत
*   उपजिल्ला अदालत
*   उपजिल्ला अदालत
*   उप",,
TP024,Constitution & Law,Judiciary,English,What happened to cases pending in the Appellate Courts after the establishment of the High Courts?,They were transferred to the High Courts specified by the Government of Nepal in consultation with the Judicial Council.,They were transferred to the High Courts.,,
TP024,Constitution & Law,Judiciary,Nepali,उच्च अदालत स्थापना भएपछि पुनरावेदन अदालतमा विचाराधीन मुद्दाहरूको के हुने व्यवस्था थियो?,न्याय परिषद्सँग परामर्श गरी नेपाल सरकारले तोकेका उच्च अदालतहरूमा ती मुद्दाहरू हस्तान्तरण गरिने व्यवस्था थियो।,उच्च अदालत स्थापना भएपछि पुनरावेदन अदालतमा विचाराधीन मुद्दाहरूको व्यवस्था उच्च अदालतमा विचाराधीन मुद्दाहरू थियो।,,
TP029,Constitution & Law,Constitutional Bodies,English,How are Constitutional Bodies existing at the commencement of the Constitution treated under Article 301?,They are deemed to have been formed under the Constitution.,They continue to function.,,
TP029,Constitution & Law,Constitutional Bodies,Nepali,संविधान प्रारम्भ हुँदा विद्यमान संवैधानिक निकायहरूलाई धारा ३०१ अन्तर्गत कसरी मानिन्छ?,संविधानअन्तर्गत गठन भएको मानिन्छ।,संविधान प्रारम्भ हुँदा विद्यमान संवैधानिक निकायहरूलाई धारा ३०१ अन्तर्गत मानिन्छ ।,,
TP030,Constitution & Law,Constitutional Bodies,English,What happens to matters under consideration by existing Constitutional Bodies when the Constitution commences?,They may continue to be settled subject to the Constitution.,They cease to be matters under consideration.,,
TP030,Constitution & Law,Constitutional Bodies,Nepali,संविधान प्रारम्भ हुँदा विद्यमान संवैधानिक निकायहरूमा विचाराधीन विषयहरूको के हुन्छ?,संविधानको अधीनमा रही तिनको निरूपण जारी रहन सक्छ।,संविधान प्रारम्भ हुँदा विद्यमान संवैधानिक निकायहरूमा विचाराधीन विषयहरूको संविधान सभामा विचाराधीन विषयहरू हुन्छ ।,,
TP031,Constitution & Law,Constitutional Bodies,English,How are chiefs and officials of Constitutional Bodies holding office at the commencement of the Constitution treated?,They are deemed to have been appointed under the Constitution.,They continue to hold office until the expiration of their term of office or any extended term where such extension is granted to any of them before the commencement of the Constitution.,,
TP031,Constitution & Law,Constitutional Bodies,Nepali,संविधान प्रारम्भ हुँदा पदमा रहेका संवैधानिक निकायका प्रमुख तथा पदाधिकारीहरूलाई कसरी मानिन्छ?,संविधानअन्तर्गत नियुक्त भएको मानिन्छ।,संविधान प्रारम्भ हुँदा पदमा रहेका संवैधानिक निकायका प्रमुख तथा पदाधिकारीहरूलाई संविधान सभा का प्रमुख तथा पदाधिकारीहरू मानिन्छ ।,,
TP032,Constitution & Law,Constitutional Bodies,English,Under what conditions may existing chiefs and officials of Constitutional Bodies continue in office?,They continue subject to the conditions of service applicable at the time of their appointment.,"When the Constitution comes into force, or when the Constitution is amended.",,
TP032,Constitution & Law,Constitutional Bodies,Nepali,विद्यमान संवैधानिक निकायका प्रमुख तथा पदाधिकारीहरू कुन शर्तमा पदमा कायम रहन सक्छन्?,नियुक्तिको समयमा लागू रहेका सेवाका शर्तहरूको अधीनमा रही।,संविधान सभा २०७४ सालमा प्रमुख तथा पदाधिकारीहरू ५ वर्षसम्म पदमा कायम रहन सक्छन् ।,,
TP033,Constitution & Law,Constitutional Bodies,English,What special provision applies to officials of the Commission for the Investigation of Abuse of Authority and the Public Service Commission who exceed the number specified in the Constitution?,They may continue to hold office subject to the conditions of service applicable at the time of their appointment.,Article 145(3) of the Constitution of Nepal 2015.,,
TP033,Constitution & Law,Constitutional Bodies,Nepali,संविधानमा तोकिएको संख्याभन्दा बढी रहेका अख्तियार दुरुपयोग अनुसन्धान आयोग र लोक सेवा आयोगका पदाधिकारीसम्बन्धी विशेष व्यवस्था के हो?,उनीहरू नियुक्तिको समयमा लागू रहेका सेवाका शर्तहरूको अधीनमा रही पदमा कायम रहन सक्छन्।,संविधानमा तोकिएको संख्याभन्दा बढी रहेका अख्तियार दुरुपयोग अनुसन्धान आयोग र लोक सेवा आयोगका पदाधिकारीसम्बन्धी विशेष व्यवस्था संविधान सभाको सिफारिस अनुसार २०७४ सालमा संविधान सभा अधिनियम २०७४ अनुसार निर्माण भएको छ।,,
TP034,Constitution & Law,Government Services,English,Who is responsible for making necessary provisions for the delivery of services at the State and Local levels?,The Government of Nepal.,Legislatures and the executive branches of state and local governments.,,
TP034,Constitution & Law,Government Services,Nepali,प्रदेश र स्थानीय तहमा सेवा प्रवाहका लागि आवश्यक व्यवस्था गर्ने जिम्मेवारी कसको हो?,नेपाल सरकारको।,प्रदेश र स्थानीय तहमा सेवा प्रवाहका लागि आवश्यक व्यवस्था गर्ने जिम्मेवारी स्थानीय सरकारलाई हो ।,,
TP035,Constitution & Law,Government Services,English,How may the Government of Nepal arrange for the delivery of services at the State and Local levels during the transition?,"By adjusting employees serving in government services at the commencement of the Constitution among the Federal, State and Local levels in accordance with law.","The Government of Nepal may arrange for the delivery of services at the State and Local levels during the transition through the following mechanisms:

1. Interim arrangements: Establishing temporary institutions and mechanisms to ensure continuity of essential services.
2. Decentralized governance: Empowering local governments to manage services and resources, with support from the central government.
3. Public-private partnerships: Collaborating with private sector entities to deliver services, especially in areas like healthcare and education.
4. Community-based initiatives: Supporting community-led initiatives to provide services, such as water supply and sanitation.
5. Capacity building: Providing training and capacity-building programs for local government officials and service providers.
6. Performance-based funding: Allocating funds to local governments based on their performance in delivering",,
TP035,Constitution & Law,Government Services,Nepali,संक्रमणकालमा प्रदेश र स्थानीय तहमा सेवा प्रवाहको व्यवस्था नेपाल सरकारले कसरी गर्न सक्छ?,"संविधान प्रारम्भ हुँदाका सरकारी सेवामा कार्यरत कर्मचारीहरूलाई कानूनबमोजिम संघ, प्रदेश र स्थानीय तहमा समायोजन गरेर।",संक्रमणकालमा प्रदेश र स्थानीय तहमा सेवा प्रवाहको व्यवस्था नेपाल सरकारले संविधान अनुसार प्रदेश सरकारलाई सेवा प्रवाह प्रदान गर्ने कार्य गर्न सक्छ।,,
TP036,Constitution & Law,Local Bodies,English,How long do the Local Bodies existing at the commencement of the Constitution continue to exist?,Until the number and areas of the Local level are determined in accordance with the Constitution.,They continue to exist for a period of two years.,,
TP036,Constitution & Law,Local Bodies,Nepali,संविधान प्रारम्भ हुँदा विद्यमान स्थानीय निकायहरू कति समयसम्म कायम रहन्छन्?,संविधानबमोजिम स्थानीय तहको संख्या र क्षेत्र निर्धारण नभएसम्म।,संविधान प्रारम्भ हुँदा विद्यमान स्थानीय निकायहरू ५ वर्षसम्म कायम रहन्छन् ।,,
TP037,Constitution & Law,Local Bodies,English,How are elections to officials of the existing Local Bodies conducted during the transitional period?,In accordance with law.,Through the existing Local Bodies themselves.,,
TP037,Constitution & Law,Local Bodies,Nepali,संक्रमणकालमा विद्यमान स्थानीय निकायका पदाधिकारीहरूको निर्वाचन कसरी गरिन्छ?,कानूनबमोजिम।,संक्रमणकालमा विद्यमान स्थानीय निकायका पदाधिकारीहरूको निर्वाचन संविधान अनुसार गरिन्छ।,,
TP038,Constitution & Law,Local Bodies,English,Until when do officials elected to the existing Local Bodies continue to hold office?,Until elections to the Local level are held in accordance with the Constitution.,6 months,,
TP038,Constitution & Law,Local Bodies,Nepali,विद्यमान स्थानीय निकायमा निर्वाचित पदाधिकारीहरू कहिलेसम्म पदमा कायम रहन्छन्?,संविधानबमोजिम स्थानीय तहको निर्वाचन नभएसम्म।,विद्यमान स्थानीय निकायमा निर्वाचित पदाधिकारीहरू ५ वर्षसम्म पदमा कायम रहन्छन् ।,,
TP039,Constitution & Law,Existing Laws,English,What is the general rule regarding Nepalese laws in force when the Constitution commences?,They continue to remain in force until repealed or amended.,All laws in force in Nepal immediately before the commencement of the Constitution continue to be in force unless they are inconsistent with the Constitution.,,
TP039,Constitution & Law,Existing Laws,Nepali,संविधान प्रारम्भ हुँदा प्रचलित नेपालका कानूनहरूबारे सामान्य व्यवस्था के हो?,खारेज वा संशोधन नभएसम्म ती कानूनहरू कायम रहन्छन्।,संविधान प्रारम्भ हुँदा प्रचलित नेपालका कानूनहरूबारे सामान्य व्यवस्था कानून प्रवर्तनको व्यवस्था हो ।,,
TP040,Constitution & Law,Existing Laws,English,What happens to an existing law that is inconsistent with the Constitution after the specified transitional period?,It becomes invalid to the extent of its inconsistency.,It is repealed.,,
TP040,Constitution & Law,Existing Laws,Nepali,संविधानसँग बाझिएको विद्यमान कानूनको तोकिएको संक्रमणकालीन अवधिपछि के हुन्छ?,"जति हदसम्म संविधानसँग बाझिन्छ, त्यति हदसम्म अमान्य हुन्छ।",संविधानसँग बाझिएको विद्यमान कानूनको तोकिएको संक्रमणकालीन अवधिपछि ३ वर्ष पूरा भएपछि संविधानसँग बाझिएको कानूनलाई संविधानबाट मुक्ति प्राप्त हुन्छ ।,,
TP041,Constitution & Law,Existing Laws,English,After what event and period does the inconsistency rule for existing laws take effect under Article 304(1)?,"After one year from the date on which the first session of the Federal Parliament is held, an inconsistent law becomes invalid to the extent of its inconsistency.",The event is the accession of a State to the Constitution. The period is from the date of such accession.,,
TP041,Constitution & Law,Existing Laws,Nepali,धारा ३०४(१) अन्तर्गत विद्यमान कानूनको असंगतिसम्बन्धी व्यवस्था कुन घटना र अवधिपछि लागू हुन्छ?,"संघीय संसद्को पहिलो अधिवेशन बसेको मितिले एक वर्षपछि संविधानसँग बाझिएको कानून जति हदसम्म बाझिन्छ, त्यति हदसम्म अमान्य हुन्छ।",धारा ३०४(१) अन्तर्गत विद्यमान कानूनको असंगतिसम्बन्धी व्यवस्था १ वर्ष पछि लागू हुन्छ।,,
TP042,Constitution & Law,Peace Process,English,"How are Acts relating to the peace process under the Interim Constitution of Nepal, 2007 treated under the Constitution?",They are deemed to have been done under the Constitution.,"The Acts relating to the peace process under the Interim Constitution of Nepal, 2007 are treated as transitional provisions under the Constitution of Nepal, 2015.",,
TP042,Constitution & Law,Peace Process,Nepali,"नेपालको अन्तरिम संविधान, २०६३ अन्तर्गत शान्ति प्रक्रियासम्बन्धी कार्यहरूलाई संविधानअन्तर्गत कसरी मानिन्छ?",संविधानअन्तर्गत गरिएको मानिन्छ।,"नेपालको अन्तरिम संविधान, २०६३ अन्तर्गत शान्ति प्रक्रियासम्बन्धी कार्यहरूलाई संविधानअन्तर्गत मानिन्छ ।",,
TP043,Constitution & Law,Removal of Difficulties,English,Who may issue necessary orders to remove difficulties in implementing the Constitution before the first session of the Federal Parliament?,"The President, on the recommendation of the Government of Nepal, Council of Ministers.",The President,,
TP043,Constitution & Law,Removal of Difficulties,Nepali,संघीय संसद्को पहिलो अधिवेशनअघि संविधान कार्यान्वयनमा उत्पन्न कठिनाइ हटाउन आवश्यक आदेश कसले जारी गर्न सक्छ?,"नेपाल सरकार, मन्त्रिपरिषद्को सिफारिसमा राष्ट्रपतिले।",राष्ट्रपति,,
TP044,Constitution & Law,Removal of Difficulties,English,What must happen to an order issued to remove difficulties under Article 305?,It must be submitted for approval to the Legislature-Parliament or Federal Parliament that is held immediately after the order is issued.,It must be approved by the President.,,
TP044,Constitution & Law,Removal of Difficulties,Nepali,धारा ३०५ अन्तर्गत कठिनाइ हटाउन जारी गरिएको आदेशको के गर्नुपर्छ?,आदेश जारी भएपछि तुरुन्त बस्ने व्यवस्थापिका–संसद् वा संघीय संसद्समक्ष अनुमोदनका लागि पेश गर्नुपर्छ।,धारा ३०५ अन्तर्गत कठिनाइ हटाउन जारी गरिएको आदेशको विरुद्ध व्याख्या गर्ने अधिकारी को कार्यालयमा व्याख्या गर्ने बाबमा प्रार्थी वा प्रार्थीको प्रतिनिधि को कार्यालयमा व्याख्या गर्ने बाबमा प्रार्थी वा प्रार्थीको प्रतिनिधि को कार्यालयमा व्याख्या गर्ने बाबमा प्रार्थी वा प्रार्थ,,
DF001,Constitution & Law,Minorities,English,"Under Article 306, which groups are considered “minorities”?","Minorities are ethnic, linguistic, and religious groups whose population is below the percentage specified by Federal law, including groups with distinct ethnic, religious, or linguistic characteristics and aspirations to protect them that have been subjected to discrimination and oppression.","There is no Article 306 in the context of international human rights law or the European Convention on Human Rights. However, in the context of the Indian Constitution, Article 306 refers to the Scheduled Castes and Scheduled Tribes, which are considered ""minorities"".",,
DF001,Constitution & Law,Minorities,Nepali,धारा ३०६ अन्तर्गत “अल्पसंख्यक” भन्नाले कुन समूहलाई जनाउँछ?,"संघीय कानूनले तोकेको प्रतिशतभन्दा कम जनसंख्या भएका जातीय, भाषिक र धार्मिक समूहहरू, साथै आफ्ना विशिष्ट जातीय, धार्मिक वा भाषिक विशेषता संरक्षण गर्ने आकांक्षा भएका र विभेद तथा उत्पीडनमा परेका समूहहरूलाई अल्पसंख्यक भनिन्छ।","धारा ३०६ अन्तर्गत “अल्पसंख्यक” भन्नाले नेपाली नागरिकलाई जनाउँछ जो हिन्दू, बौद्ध, इसाई, मुसलमान, सिक्ह, पारसी र अन्य धर्मावलम्बी हुन् भने जो जाति, समुदाय, भाषा, धर्म, जाति वा कुनै पनि कारणले अल्पसंख्यक हुन् त्यस्ता समूहलाई अल्पसंख्यक भनिन्छ ।",,
DF002,Constitution & Law,Law,English,What does the term “law” mean under Article 306 of the Constitution?,"“Law” means Federal law, State law, and Local law.","The term ""law"" under Article 306 of the Constitution refers to a law made by the Parliament or the State Legislature.",,
DF002,Constitution & Law,Law,Nepali,संविधानको धारा ३०६ अन्तर्गत “कानून” भन्नाले के बुझिन्छ?,"“कानून” भन्नाले संघीय कानून, प्रदेश कानून र स्थानीय कानून बुझिन्छ।","संविधानको धारा ३०६ अन्तर्गत “कानून” भन्नाले कुनै नियम, व्यवस्था वा आदेश जो कुनै न्यायालयले दिएको हुन् त्यसलाई कानून भनिन्छ ।",,
DF003,Constitution & Law,Article,English,What does the term “Article” refer to under Article 306?,It means an Article of the Constitution.,A constitutional or legislative provision.,,
DF003,Constitution & Law,Article,Nepali,धारा ३०६ अन्तर्गत “धारा” भन्नाले के जनाउँछ?,संविधानको कुनै धारा।,धारा ३०६ अन्तर्गत “धारा” भन्नाले कानुनी नियम भन्ने बुझिन्छ ।,,
DF004,Constitution & Law,Municipality,English,What entities are included within the constitutional definition of “Municipality”?,A Municipality includes a Municipal Corporation and a Sub-municipal Corporation.,"Cities, towns, and villages.",,
DF004,Constitution & Law,Municipality,Nepali,संवैधानिक रूपमा “नगरपालिका” को परिभाषाभित्र कुन निकायहरू पर्छन्?,नगरपालिका भन्नाले महानगरपालिका र उपमहानगरपालिका समेत जनाउँछ।,"संवैधानिक रूपमा “नगरपालिका” को परिभाषाभित्र प्राथमिक विद्यालय, स्वास्थ्य संस्थान, पुल, सडक, जल स्रोत, सार्वजनिक भवन, सार्वजनिक स्थान, सार्वजनिक सुविधा, सार्वजनिक स्थान, सार्वजनिक सुविधा, सार्वजनिक स्थान, सार्वजनिक सुविधा, सार्वजनिक स्थान, सार्वजनिक सुविधा, सार्वजनिक स्थान, सार्व",,
DF005,Constitution & Law,Citizen,English,Who is considered a “citizen” under Article 306?,A citizen means a citizen of Nepal.,A person who is a member of a tribe that has been admitted to the Union under Article III of the Constitution.,,
DF005,Constitution & Law,Citizen,Nepali,धारा ३०६ अन्तर्गत “नागरिक” भन्नाले कसलाई जनाउँछ?,“नागरिक” भन्नाले नेपालको नागरिकलाई जनाउँछ।,धारा ३०६ अन्तर्गत “नागरिक” भन्नाले १८ वर्ष भएको व्यक्ति भनिएको छ ।,,
DF006,Constitution & Law,State,English,How does Article 306 define the term “State”?,“State” means the area and form of a federal unit of Nepal divided into federal units in accordance with the Constitution.,"Article 306 does not define the term ""State"".",,
DF006,Constitution & Law,State,Nepali,धारा ३०६ ले “प्रदेश” शब्दलाई कसरी परिभाषित गरेको छ?,“प्रदेश” भन्नाले संविधानबमोजिम संघीय इकाइहरूमा विभाजित नेपालको संघीय इकाइको क्षेत्र र स्वरूपलाई जनाउँछ।,उत्तर: धारा ३०६ ले “प्रदेश” शब्दलाई “राज्यको कुनै भाग” भनेर परिभाषित गरेको छ ।,,
DF007,Constitution & Law,Remuneration,English,What does “remuneration” include under Article 306?,"It includes salary, allowance, pension, and any other form of emolument and facility.","Under Article 306, ""remuneration"" includes:

* Wages
* Salaries
* Allowances
* Gratuity
* Pension
* Provident fund
* Any other benefit or allowance",,
DF007,Constitution & Law,Remuneration,Nepali,धारा ३०६ अन्तर्गत “पारिश्रमिक” मा के–के समावेश हुन्छ?,"यसमा तलब, भत्ता, निवृत्तिभरण तथा अन्य कुनै पनि प्रकारको पारिश्रमिक र सुविधा समावेश हुन्छ।","धारा ३०६ अन्तर्गत “पारिश्रमिक” मा निम्नलिखित समावेश हुन्छ:

१. व्यय पारिश्रमिक
२. व्यय पारिश्रमिक
३. व्यय पारिश्रमिक
४. व्यय पारिश्रमिक
५. व्यय पारिश्रमिक
६. व्यय पारिश्रमिक
७. व्यय पारिश्रमिक
८. व्यय पारिश्रमिक
९. व्यय पारिश्रमिक
१०. व्यय पारिश्रमिक",,
DF008,Constitution & Law,State Power,English,What powers are included within the meaning of “state power”?,"State power includes executive, legislative, and judicial powers of the State, as well as residual power.","The powers included within the meaning of ""state power"" are:

1. Legislative power
2. Executive power
3. Judicial power",,
DF008,Constitution & Law,State Power,Nepali,“राज्य शक्ति” भन्नाले कुन–कुन शक्ति समावेश भएको बुझिन्छ?,"राज्य शक्तिमा प्रदेशको कार्यपालिका, व्यवस्थापिका र न्यायपालिकासम्बन्धी शक्ति तथा अवशिष्ट शक्ति समावेश हुन्छ।","राज्य शक्ति भन्नाले कार्यकारी शक्ति, व्यवस्थापिका शक्ति र न्यायपालिका शक्ति समावेश भएको बुझिन्छ ।",,
DF009,Constitution & Law,Bill,English,What does the term “Bill” mean under Article 306?,It means a draft of an amendment to the Constitution or of an Act introduced in the Federal Parliament or a State Assembly.,A bill is a draft of a law or a proposed law that has not yet been passed by a legislative body.,,
DF009,Constitution & Law,Bill,Nepali,धारा ३०६ अन्तर्गत “विधेयक” भन्नाले के बुझिन्छ?,संघीय संसद् वा प्रदेश सभामा पेश गरिएको संविधान संशोधन वा ऐनको मस्यौदालाई विधेयक भनिन्छ।,विधेयक भन्नाले कुनै विषयमा विधान गर्ने उद्देश्यले संसदको एक प्रस्ताव हो ।,,
DF010,Constitution & Law,Federation and Federal Units,English,What is meant by “Federation” and “Federal Units” under Article 306?,"“Federation” means the federal level, which is the apex unit of the federal structure. “Federal Units” means the Federation, State, and Local levels.","Under Article 306, ""Federation"" refers to the union of states, and ""Federal Units"" refer to the individual states or territories that make up the federation.",,
DF010,Constitution & Law,Federation and Federal Units,Nepali,धारा ३०६ अन्तर्गत “संघ” र “संघीय इकाइ” भन्नाले के बुझिन्छ?,"“संघ” भन्नाले संघीय संरचनाको सर्वोच्च इकाइ अर्थात् संघीय तह बुझिन्छ। “संघीय इकाइ” भन्नाले संघ, प्रदेश र स्थानीय तह बुझिन्छ।","संघ: संघले अर्थात् संघीय संविधानले निर्धारित कार्यलय, कार्यालय, संस्था र संस्थानलाई भनिन्छ।

संघीय इकाइ: संघीय संविधानले निर्धारित कार्यलय, कार्यालय, संस्था र संस्थानलाई संघीय इकाइ भनिन्छ।",,
DF011,Constitution & Law,Constitutional Bodies,English,Which institutions are included within the definition of “Constitutional Bodies” under Article 306?,"They include the Commission for the Investigation of Abuse of Authority, Auditor General, Public Service Commission, Election Commission, National Human Rights Commission, National Natural Resources and Fiscal Commission, National Women Commission, National Dalit Commission, National Inclusion Commission, Indigenous Nationalities Commission, Madhesi Commission, Tharu Commission, and Muslim Commission.","The Supreme Court, the National Assembly, the Senate, the Provincial Assembly, the High Courts, the Provincial Courts, the Panchayats, the District Councils, the Municipal Committees, the Union Councils, the Local Governments, the Election Commission, the Public Service Commission, the Federal Service Tribunal, the High Courts, the Provincial Courts, the National Accountability Bureau, the State Bank of Pakistan, the Auditor General of Pakistan, the Comptroller and Auditor General of Pakistan, the Chief Election Commissioner, the Chairman and Members of the Public Service Commission, the Chairman and Members of the Federal Service Tribunal, the Chairman and Members of the National Accountability Bureau, the Chairman and Members of the State Bank of Pakistan, the Auditor General of Pakistan, the Com",,
DF011,Constitution & Law,Constitutional Bodies,Nepali,धारा ३०६ अन्तर्गत “संवैधानिक निकाय” को परिभाषाभित्र कुन–कुन निकायहरू पर्छन्?,"अख्तियार दुरुपयोग अनुसन्धान आयोग, महालेखा परीक्षक, लोक सेवा आयोग, निर्वाचन आयोग, राष्ट्रिय मानव अधिकार आयोग, राष्ट्रिय प्राकृतिक स्रोत तथा वित्त आयोग, राष्ट्रिय महिला आयोग, राष्ट्रिय दलित आयोग, राष्ट्रिय समावेशी आयोग, आदिवासी जनजाति आयोग, मधेसी आयोग, थारू आयोग र मुस्लिम आयोग संवैधानिक निकायमा पर्छन्।","संवैधानिक निकायहरू: संसद, उपस्थित संसद, उपस्थित संसदको एक प्रतिनिधि सभा, उपस्थित संसदको एक प्रतिनिधि सभाको एक विशेष समिति, उपस्थित संसदको एक प्रतिनिधि सभाको एक विशेष समितिको एक उपसमिति, उपस्थित संसदको एक प्रतिनिधि सभाको एक विशेष समितिको एक उपसमितिको एक उपसमिति, उपस्थित संसदको एक प्रतिनिधि सभ",,
DF012,Constitution & Law,Marginalized Communities,English,Who are considered “marginalized” communities under Article 306?,"They are communities made politically, economically, and socially backward; unable to enjoy services and facilities because of discrimination, oppression, or geographical remoteness; or deprived of them; and having a status below the human development standards specified by Federal law. The definition also includes highly marginalized groups and groups on the verge of extinction.",Scheduled Castes (SCs) and Scheduled Tribes (STs),,
DF012,Constitution & Law,Marginalized Communities,Nepali,धारा ३०६ अन्तर्गत “सीमान्तीकृत” समुदाय भन्नाले कुन समुदायलाई जनाउँछ?,"राजनीतिक, आर्थिक र सामाजिक रूपमा पछाडि पारिएका; विभेद, उत्पीडन वा भौगोलिक विकटताका कारण सेवा तथा सुविधाको उपभोग गर्न नसकेका वा त्यस्ता सेवाबाट वञ्चित भएका; तथा संघीय कानूनमा उल्लिखित मानव विकासको मापदण्डभन्दा न्यून अवस्थामा रहेका समुदायलाई सीमान्तीकृत समुदाय भनिन्छ। यसमा अति सीमान्तीकृत र लोपोन्मुख समूहहरू समेत पर्छन्।",सीमान्तीकृत समुदायलाई धारा ३०६ अन्तर्गत जनाउँछ ।,,
DF013,Constitution & Law,Local Level,English,What entities are included within the term “Local level” under Article 306?,"It means Village Bodies, Municipalities, and District Assemblies established in accordance with the Constitution.","Municipalities, Corporations, and District Councils.",,
DF013,Constitution & Law,Local Level,Nepali,धारा ३०६ अन्तर्गत “स्थानीय तह” भन्नाले कुन निकायहरूलाई जनाउँछ?,"संविधानबमोजिम स्थापना हुने गाउँ निकाय, नगरपालिका र जिल्ला सभालाई स्थानीय तह भनिन्छ।","स्थानीय तहमा गाउँपालिका, नगरपालिका, राज्यशास्त्रीय सहर, विशेष सहर, विशेष सहर, विशेष सहर, विशेष सहर, विशेष सहर, विशेष सहर, विशेष सहर, विशेष सहर, विशेष सहर, विशेष सहर, विशेष सहर, विशेष सहर, विशेष सहर, विशेष सहर, विशेष सहर, विशेष सहर, विशेष सहर, विशेष सहर, विशेष सहर, विशेष सहर,",,
DF014,Constitution & Law,Constitutional Interpretation,English,How are legal provisions relating to the interpretation of laws applied when interpreting the Constitution?,"Subject to the provisions of the Constitution, the legal provisions relating to the interpretation of laws apply to the interpretation of the Constitution in the same manner as they apply to the interpretation of Nepalese laws.","The legal provisions relating to the interpretation of laws are applied through the doctrine of stare decisis, which holds that decisions made by higher courts are binding on lower courts. Additionally, the courts may apply various canons of construction, such as the plain meaning rule, the rule of lenity, and the rule of ejusdem generis, to interpret the Constitution.",,
DF014,Constitution & Law,Constitutional Interpretation,Nepali,संविधानको व्याख्या गर्दा कानूनको व्याख्यासम्बन्धी कानूनी व्यवस्थाहरू कसरी लागू हुन्छन्?,संविधानका प्रावधानहरूको अधीनमा रही कानूनको व्याख्यासम्बन्धी कानूनी व्यवस्था नेपालको कानूनको व्याख्या गर्दा लागू हुने समान तरिकाले संविधानको व्याख्यामा लागू हुन्छ।,"संविधानको व्याख्या गर्दा कानूनको व्याख्यासम्बन्धी कानूनी व्यवस्थाहरू निम्नलिखित हुन्छन्:

१. संविधानको व्याख्या गर्दा कानूनको व्याख्यासम्बन्धी कानूनी व्यवस्थाहरू संविधानको प्रारम्भिक भागमा पर्दछन्।
२. संविधानको व्याख्या गर्दा कानूनको व्याख्यासम्बन्धी कानूनी व्यवस्थाहरू संविधानको",,
DF015,Constitution & Law,Commencement and Repeal,English,"What is the short title of the Constitution, when did it commence, and which previous Constitution did it repeal?","It may be cited as the “Constitution of Nepal”; it commenced on 20 September 2015 (3 Ashwin 2072 Bikram Sambat); and it repealed the Interim Constitution of Nepal, 2007 (2063).","The short title of the Constitution is the Constitution (Application to Jammu and Kashmir) Order, 1950.
It commenced on May 26, 1954.
It repealed the Constitution of Jammu and Kashmir.",,
DF015,Constitution & Law,Commencement and Repeal,Nepali,"संविधानको छोटो नाम के हो, यो कहिले प्रारम्भ भयो र यसले कुन अघिल्लो संविधान खारेज गर्‍यो?","यसको छोटो नाम “नेपालको संविधान” हो; यो २० सेप्टेम्बर २०१५ (वि.सं. २०७२ असोज ३ गते) प्रारम्भ भयो; र यसले नेपालको अन्तरिम संविधान, २०६३ खारेज गर्‍यो।",नेपाल सम्वत २०७३ सालमा संविधानको प्रारम्भ भयो र यसले नेपाल सम्वत २०७३ सालमा निर्मित नेपालको अघिल्लो संविधान खारेज गर्‍यो ।,,
RI001,Constitution & Law,Act Commencement,English,What is the short title of the Act?,"Right to Information Act, 2064 B.S. (2007 A.D.).",The short title of the Act is not provided in the question.,,
RI001,Constitution & Law,Act Commencement,Nepali,यस ऐनको छोटो नाम के हो?,"सूचनाको हक सम्बन्धी ऐन, २०६४ (सन् २००७)।",उत्तर: सामान्य व्यापारिक नियम (सिविल कोड),,
RI002,Constitution & Law,Act Commencement,English,"On what day after certification does the Right to Information Act, 2064 come into force?",The 30th day after certification.,"The Right to Information Act, 2064 is the act of Nepal. 

The Right to Information Act, 2064 comes into force on the 30th day after its publication in the Nepal Government Gazette.",,
RI002,Constitution & Law,Act Commencement,Nepali,"सूचनाको हक सम्बन्धी ऐन, २०६४ प्रमाणीकरण भएको कति दिनपछि लागू हुन्छ?",प्रमाणीकरण भएको ३०औँ दिन।,"सूचनाको हक सम्बन्धी ऐन, २०६४ प्रमाणीकरण भएको २०७० सालमा लागू हुन्छ।",,
RI003,Constitution & Law,Public Body,English,"Under the Act, what is meant by a “Public Body”?",Any body or institution included in the categories listed in Section 2(a).,"A ""Public Body"" means any authority, body or institution established by or under any law, by virtue of which, powers are conferred, or duties are imposed, with respect to functions connected with the affairs of India or any part thereof.",,
RI003,Constitution & Law,Public Body,Nepali,ऐनअनुसार “सार्वजनिक निकाय” भन्नाले के बुझिन्छ?,दफा २(क) मा उल्लिखित वर्गमा पर्ने कुनै निकाय वा संस्था।,"संविधान अनुसार सार्वजनिक निकाय भन्नाले संसद, उपस्थित संसद, कार्यालय, न्यायपालिका, राष्ट्रपति, उपराष्ट्रपति, प्रधानमन्त्री, मन्त्रिपरिषद, उपमन्त्रिपरिषद, राज्य प्राधिकरण, उपराज्य प्राधिकरण, स्थानीय प्राधिकरण, उपस्थानीय प्राधिकरण, न्यायाधीश, उपन्यायाधीश, न्यायाधीश, उपन्यायाधीश, न्यायाधीश",,
RI004,Constitution & Law,Public Body,English,Which type of body is included as a Public Body because it is established under the Constitution?,A body under the Constitution.,The Supreme Court.,,
RI004,Constitution & Law,Public Body,Nepali,संविधानअन्तर्गत स्थापित कुन प्रकारको निकाय सार्वजनिक निकायमा पर्छ?,संविधानअन्तर्गतको निकाय।,संविधानअन्तर्गत स्थापित कुन प्रकारको निकाय सार्वजनिक निकायमा पर्छ? संविधानअन्तर्गत स्थापित संसद निकायमा पर्छ ।,,
RI005,Constitution & Law,Public Body,English,Is a body established by an Act included within the definition of a Public Body?,Yes.,Yes.,,
RI005,Constitution & Law,Public Body,Nepali,ऐनद्वारा स्थापित निकाय सार्वजनिक निकायको परिभाषाभित्र पर्छ कि पर्दैन?,पर्छ।,"नहीं, ऐनद्वारा स्थापित निकाय सार्वजनिक निकायको परिभाषाभित्र पर्दैन ।",,
RI006,Constitution & Law,Public Body,English,What type of body formed by the Government of Nepal is included as a Public Body?,A body formed by the Government of Nepal.,Autonomous Bodies.,,
RI006,Constitution & Law,Public Body,Nepali,नेपाल सरकारद्वारा गठन गरिएको कुन प्रकारको निकाय सार्वजनिक निकायमा पर्छ?,नेपाल सरकारद्वारा गठन गरिएको निकाय।,नेपाल सरकारद्वारा गठन गरिएको कुन प्रकारको निकाय सार्वजनिक निकायमा पर्छ? - सार्वजनिक निकायमा पर्ने निकायलाई सार्वजनिक निकाय भनिन्छ जसको गठन नेपाल सरकारले गरेको हो ।,,
RI007,Constitution & Law,Public Body,English,"What is the distinction between the first three categories of Public Body under Section 2(a): a body under the Constitution, a body established by an Act, and a body formed by the Government of Nepal?","They are respectively a body under the Constitution, a body established by an Act, and a body formed by the Government of Nepal.","A body under the Constitution is a body established by the Constitution itself, such as the Supreme Court, the President, and the Prime Minister.

A body established by an Act is a body created by an Act of Parliament, such as the National Assembly, the House of Representatives, and the various commissions and committees established by law.

A body formed by the Government of Nepal is a body created by the executive branch of the government, such as the various ministries, departments, and autonomous bodies established by the government.",,
RI007,Constitution & Law,Public Body,Nepali,दफा २(क) अन्तर्गत सार्वजनिक निकायका पहिलो तीन वर्गबीच के भिन्नता छ?,"ती क्रमशः संविधानअन्तर्गतको निकाय, ऐनद्वारा स्थापित निकाय र नेपाल सरकारद्वारा गठन गरिएको निकाय हुन्।","दफा २(क) अन्तर्गत सार्वजनिक निकायका पहिलो तीन वर्गबीच भिन्नता छ:

१. न्यायाधीश
२. उपप्रधान
३. सदस्य

यी तीन वर्गबीच भिन्नता छ: न्यायाधीशले न्यायिक कार्य गर्ने, उपप्रधानले संसदको कार्यलयको प्रमुख हुने र सदस्यले संसदको कार्यलयमा भाग लिने ।",,
RI008,Constitution & Law,Public Body,English,Does the definition of Public Body include an institution or foundation established by law for public service?,Yes.,Yes.,,
RI008,Constitution & Law,Public Body,Nepali,सार्वजनिक सेवाका लागि कानूनद्वारा स्थापित संस्था वा प्रतिष्ठान सार्वजनिक निकायको परिभाषामा पर्छ?,पर्छ।,हो,,
RI009,Constitution & Law,Public Body,English,Which political organizations are included within the definition of a Public Body under the Act?,Political parties or organizations registered under the relevant law.,"The Local Government and Housing Act 1989, the Local Government (Miscellaneous Provisions) Act 1982, and the Housing Act 1985.",,
RI009,Constitution & Law,Public Body,Nepali,ऐनअनुसार कुन राजनीतिक संगठनहरू सार्वजनिक निकायको परिभाषाभित्र पर्छन्?,सम्बन्धित कानूनअन्तर्गत दर्ता भएका राजनीतिक दल वा संगठनहरू।,संविधान अनुसार सार्वजनिक निकायलाई राजनीतिक संगठनले ही पर्ने व्यवस्था छ। संविधानको अनुच्छेद 4(2) अनुसार सार्वजनिक निकायलाई राजनीतिक संगठनले ही पर्ने व्यवस्था छ।,,
RI010,Constitution & Law,Public Body,English,Under what ownership or control conditions is a body corporate included as a Public Body?,"When it is wholly or partly owned by, or under the control of, the Government of Nepal or a body receiving grants from the Government of Nepal.",Under the ownership or control of the Crown.,,
RI010,Constitution & Law,Public Body,Nepali,कुन स्वामित्व वा नियन्त्रणको अवस्थामा कुनै निकायगत संस्था सार्वजनिक निकायमा पर्छ?,"नेपाल सरकारको पूर्ण वा आंशिक स्वामित्वमा वा नियन्त्रणमा रहेको, वा नेपाल सरकारबाट अनुदान प्राप्त गर्ने त्यस्तो निकायको स्वामित्व वा नियन्त्रणमा रहेको अवस्थामा।",स्वामित्व वा नियन्त्रणको अवस्थामा कुनै निकायगत संस्था सार्वजनिक निकायमा पर्छ।,,
RI011,Constitution & Law,Public Body,English,"Can a body corporate formed by another body established by the Government of Nepal or by law be considered a Public Body, and what additional condition is specified?","Yes, when it is formed by such a body upon entering into an agreement.","Yes, a body corporate formed by another body established by the Government of Nepal or by law can be considered a Public Body, provided it is established by a law.",,
RI011,Constitution & Law,Public Body,Nepali,नेपाल सरकार वा कानूनद्वारा स्थापित निकायले सम्झौता गरी गठन गरेको निकायगत संस्था सार्वजनिक निकाय मानिन सक्छ?,"सक्छ, त्यस्तो निकायले सम्झौता गरी गठन गरेको अवस्थामा।",नयाँ,,
RI012,Constitution & Law,Public Body,English,What type of non-governmental organization or institution is included as a Public Body?,"One operated with money obtained directly or indirectly from the Government of Nepal, a foreign government, or an international organization or institution.",A university.,,
RI012,Constitution & Law,Public Body,Nepali,कस्तो गैरसरकारी संस्था वा संगठन सार्वजनिक निकायमा पर्छ?,"नेपाल सरकार, विदेशी सरकार वा अन्तर्राष्ट्रिय संगठन वा संस्थाबाट प्रत्यक्ष वा अप्रत्यक्ष रूपमा प्राप्त रकमबाट सञ्चालित संस्था वा संगठन।","सार्वजनिक निकायमा गैरसरकारी संस्था वा संगठन सामाजिक संस्था, सामाजिक संस्था वा सामाजिक संस्था वा सामाजिक संस्था वा सामाजिक संस्था वा सामाजिक संस्था वा सामाजिक संस्था वा सामाजिक संस्था वा सामाजिक संस्था वा सामाजिक संस्था वा सामाजिक संस्था वा सामाजिक संस्था वा सामाजिक संस्था",,
RI013,Constitution & Law,Public Body,English,What is the key difference between the Public Body categories concerning a body corporate under government ownership or control and a non-governmental organization receiving funds?,"The former is included based on specified ownership or control, while the latter is included based on operation using money obtained from specified governments or international organizations or institutions.","The key difference is that a body corporate under government ownership or control is subject to the Public Bodies (Procurement) Regulations 2014, whereas a non-governmental organization receiving funds is subject to the Public Contracts Regulations 2015.",,
RI013,Constitution & Law,Public Body,Nepali,सरकारी स्वामित्व वा नियन्त्रणमा रहेको निकायगत संस्था र रकम प्राप्त गर्ने गैरसरकारी संस्थाबीच सार्वजनिक निकायको परिभाषामा मुख्य भिन्नता के हो?,पहिलो वर्ग निर्दिष्ट स्वामित्व वा नियन्त्रणका आधारमा समावेश हुन्छ भने दोस्रो वर्ग निर्दिष्ट सरकार वा अन्तर्राष्ट्रिय संगठन वा संस्थाबाट प्राप्त रकमबाट सञ्चालित भएको आधारमा समावेश हुन्छ।,सरकारी स्वामित्व वा नियन्त्रणमा रहेको निकायगत संस्था र रकम प्राप्त गर्ने गैरसरकारी संस्थाबीच सार्वजनिक निकायको परिभाषामा मुख्य भिन्नता यस्तो हो कि सरकारी स्वामित्व वा नियन्त्रणमा रहेको निकायगत संस्था सार्वजनिक निकायको परिभाषामा पूर्णतः समावेश हुन्छ भने गैरसरकारी संस्था सार्वजन,,
RI014,Constitution & Law,Public Body,English,How may the Government of Nepal designate an additional body or institution as a Public Body beyond the categories expressly listed in Section 2(a)?,By publishing a notice in the Gazette.,"By a notification under Section 2(b) of the Public Bodies Act, 1966.",,
RI014,Constitution & Law,Public Body,Nepali,दफा २(क) मा स्पष्ट रूपमा उल्लिखित वर्गबाहेक नेपाल सरकारले थप कुनै निकाय वा संस्थालाई कसरी सार्वजनिक निकाय तोक्न सक्छ?,राजपत्रमा सूचना प्रकाशित गरेर।,"दफा २(क) मा स्पष्ट रूपमा उल्लिखित वर्गबाहेक नेपाल सरकारले थप कुनै निकाय वा संस्थालाई कसरी सार्वजनिक निकाय तोक्न सक्छ?

उत्तर: नेपाल सरकारले थप कुनै निकाय वा संस्थालाई सार्वजनिक निकाय तोक्न सक्छ यदि त्यस निकाय वा संस्थाले सार्वजनिक सेवा प्रदान गर्ने उद्देश्यले स्थापित भएको हो र त्य",,
RI015,Constitution & Law,Public Body,English,A body does not fall within any of the first eight listed categories of Public Body. Under what condition can it still be treated as a Public Body under the Act?,If the Government of Nepal prescribes it as a Public Body by publishing a notice in the Gazette.,"It is a body owned, controlled or aided by the Central Government or a State Government.",,
RI015,Constitution & Law,Public Body,Nepali,कुनै निकाय सार्वजनिक निकायका पहिलो आठ वर्गमध्ये कुनैमा पर्दैन भने कुन अवस्थामा त्यसलाई ऐनअनुसार सार्वजनिक निकाय मान्न सकिन्छ?,नेपाल सरकारले राजपत्रमा सूचना प्रकाशित गरी त्यसलाई सार्वजनिक निकायका रूपमा तोकेमा।,संविधान सभा,,
RI016,Constitution & Law,Information,English,"Under the Act, what does “Information” mean?","Any written document, material, or information related to the functions, proceedings, or decisions of public importance made by a Public Body.","Under the Freedom of Information Act 2000 (UK), ""information"" means any recorded information held by a public authority, including:

* information held on computer
* information held on film, tape or other medium
* copy or reproduction of any information held
* data held in electronic form
* photograph, film or video recording
* document
* photograph, film or video recording
* photograph, film or video recording
* photograph, film or video recording
* photograph, film or video recording
* photograph, film or video recording
* photograph, film or video recording
* photograph, film or video recording
* photograph, film or video recording
* photograph, film or video recording
* photograph, film or video recording",,
RI016,Constitution & Law,Information,Nepali,ऐनअनुसार “सूचना” भन्नाले के बुझिन्छ?,"सार्वजनिक निकायका कार्य, कार्यवाही वा सार्वजनिक महत्वका निर्णयसँग सम्बन्धित कुनै लिखित दस्तावेज, सामग्री वा सूचना।",सूचना भन्नाले कुनै काम गर्ने वा हुने बारे कुनै व्यक्ति वा व्यक्ति वा व्यक्तिगत संस्थालाई कुनै व्यक्ति वा व्यक्तिगत संस्थाले कुनै काम गर्ने वा हुने बारे कुनै व्यक्ति वा व्यक्तिगत संस्थाले कुनै काम गर्ने वा हुने बारे कुनै व्यक्ति वा व्यक्तिगत संस्थाले कुनै काम गर्ने वा हुन,,
RI017,Constitution & Law,Public Importance,English,What does “Public Importance” mean under the Act?,A subject directly or indirectly related to the interest of citizens.,It means a matter which ought to be decided by the Supreme Court in order to satisfy the conscience of the nation.,,
RI017,Constitution & Law,Public Importance,Nepali,ऐनअनुसार “सार्वजनिक महत्व” भन्नाले के बुझिन्छ?,नागरिकको हितसँग प्रत्यक्ष वा अप्रत्यक्ष रूपमा सम्बन्धित विषय।,"सार्वजनिक महत्व भन्नाले कुनै कार्य, कार्यक्रम, संस्था, संस्थापना, स्थान, व्यक्ति आदि को सार्वजनिक प्रयोजनको लागि आवश्यक हुने भन्ने बुझिन्छ ।",,
RI018,Constitution & Law,Document,English,What types of materials are included within the definition of a “Document”?,"Any kind of written document, including audiovisual material collected and updated through mechanical means or material that can be printed or retrieved.","The definition of a ""Document"" typically includes:

1. Written or printed materials:
	* Letters
	* Memos
	* Reports
	* Contracts
	* Agreements
	* Policies
	* Procedures
2. Electronic materials:
	* Emails
	* Text messages
	* Instant messages
	* Social media posts
	* Online documents (e.g., PDFs, Word documents)
3. Visual materials:
	* Photographs
	* Videos
	* Audio recordings
	* Graphs
	* Charts
	* Diagrams
4. Other materials:
	* Maps
	* Blueprints
	* Drawings
	* Schematics
	* Technical specifications

Note",,
RI018,Constitution & Law,Document,Nepali,“दस्तावेज” को परिभाषाभित्र कस्ता सामग्रीहरू समावेश हुन्छन्?,जुनसुकै प्रकारको लिखित दस्तावेज तथा यान्त्रिक माध्यमबाट संकलन र अद्यावधिक गरिएको वा छाप्न वा पुनःप्राप्त गर्न सकिने श्रव्यदृश्य सामग्री।,"दस्तावेज: कागज, कार्ड, पेन, पेनका स्याही, कागजका टुक्रा, कागजको टुक्राको संग्रह, कागजको टुक्राको संग्रह, कागजको टुक्राको संग्रह, कागजको टुक्राको संग्रह, कागजको टुक्राको संग्रह, कागजको टुक्राको संग्रह, कागजको टुक्राको संग्रह, कागजको टुक्राको संग्रह, कागजक",,
RI019,Constitution & Law,Information and Documents,English,How does the Act distinguish “Information” from a “Document”?,"Information concerns material related to the functions, proceedings, or decisions of public importance of a Public Body, while a Document refers to written or specified audiovisual or mechanically stored or retrievable material.","The Act distinguishes ""Information"" from a ""Document"" by defining them separately:

* ""Information"" is defined as any material fact, or set of facts, or a collection of facts, or a collection of data, or a collection of data, or a collection of data, or a collection of data, or a collection of data, or a collection of data, or a collection of data, or a collection of data, or a collection of data, or a collection of data, or a collection of data, or a collection of data, or a collection of data, or a collection of data, or a collection of data, or a collection of data, or a collection of data, or a collection of data, or a collection",,
RI019,Constitution & Law,Information and Documents,Nepali,ऐनले “सूचना” र “दस्तावेज” बीच कसरी भिन्नता गर्छ?,"सूचना सार्वजनिक निकायका कार्य, कार्यवाही वा सार्वजनिक महत्वका निर्णयसँग सम्बन्धित सामग्री हो भने दस्तावेज लिखित वा निर्दिष्ट श्रव्यदृश्य वा यान्त्रिक रूपमा संकलित, छाप्न वा पुनःप्राप्त गर्न सकिने सामग्री हो।","सूचना एक व्यक्तिगत वा सामाजिक जानकारी हो जसको प्रयोग व्यक्तिगत वा सामाजिक कार्यहरूमा गरिन्छ। दस्तावेज एक संगठित र संरचित जानकारी हो जसको प्रयोग व्यवसायिक, शैक्षिक वा सरकारी कार्यहरूमा गरिन्छ।",,
RI020,Constitution & Law,Right to Information,English,What is the basic right included within the definition of “Right to Information”?,The right to ask for and obtain information of public importance held by Public Bodies.,"The basic right included within the definition of ""Right to Information"" is the right to access information held by public authorities.",,
RI020,Constitution & Law,Right to Information,Nepali,“सूचनाको हक” को परिभाषामा समावेश मूलभूत हक के हो?,सार्वजनिक निकायमा रहेको सार्वजनिक महत्वको सूचना माग्ने र प्राप्त गर्ने हक।,सूचनाको हक,,
RI021,Constitution & Law,Right to Information,English,"Besides asking for and obtaining information, what right concerning written documents or materials held by a Public Body is included in the Right to Information?",The right to study or observe them.,Access,,
RI021,Constitution & Law,Right to Information,Nepali,सूचना माग्ने र प्राप्त गर्ने अधिकारबाहेक सार्वजनिक निकायमा रहेका लिखित दस्तावेज वा सामग्रीसम्बन्धी कुन अधिकार सूचनाको हकमा समावेश हुन्छ?,तिनको अध्ययन वा अवलोकन गर्ने हक।,सार्वजनिक निकायमा रहेका लिखित दस्तावेज वा सामग्रीसम्बन्धी सूचनाको हकमा समावेश हुने अधिकार सूचना अधिकार हो ।,,
RI022,Constitution & Law,Right to Information,English,What may a person obtain regarding a document under the Right to Information?,A verified copy of the document.,A certified copy of the document.,,
RI022,Constitution & Law,Right to Information,Nepali,सूचनाको हकअन्तर्गत कुनै दस्तावेजका सम्बन्धमा के प्राप्त गर्न सकिन्छ?,प्रमाणित प्रतिलिपि।,सूचनाको हकअन्तर्गत कुनै दस्तावेजका सम्बन्धमा कुनै व्यक्ति प्राप्त गर्न सकिन्छ।,,
RI023,Constitution & Law,Right to Information,English,What access does the Right to Information provide concerning a place where construction of public importance is taking place?,The right to visit or observe the place.,"The Right to Information Act provides access to information about the construction of public importance, including details such as:

* Location of the project
* Project details
* Estimated cost
* Timeline
* Environmental impact assessment
* Public consultations
* Contractor details
* Progress reports
* Any changes or modifications to the project

This information can be obtained by filing an RTI application with the concerned authorities, such as the government department or agency responsible for the project.",,
RI023,Constitution & Law,Right to Information,Nepali,सार्वजनिक महत्वको निर्माण कार्य भइरहेको स्थानका सम्बन्धमा सूचनाको हकले कस्तो पहुँच प्रदान गर्छ?,त्यस्तो स्थानमा भ्रमण वा अवलोकन गर्ने हक।,"सार्वजनिक महत्वको निर्माण कार्य भइरहेको स्थानका सम्बन्धमा सूचनाको हकले सार्वजनिक प्रेस, स्थानीय प्रेस, स्थानीय प्रशासन, स्थानीय नागरिक, स्थानीय संस्था र स्थानीय व्यवसायीहरुले पहुँच प्रदान गर्छ।",,
RI024,Constitution & Law,Right to Information,English,What may be obtained as evidence or information about materials used in construction of public importance under the Right to Information?,A verified sample of the material.,"Details of the materials used, their specifications, and the quantities used.",,
RI024,Constitution & Law,Right to Information,Nepali,सार्वजनिक महत्वको निर्माणमा प्रयोग भएका सामग्रीका सम्बन्धमा सूचनाको हकअन्तर्गत के प्राप्त गर्न सकिन्छ?,सामग्रीको प्रमाणित नमुना।,"सार्वजनिक महत्वको निर्माणमा प्रयोग भएका सामग्रीका सम्बन्धमा सूचनाको हकअन्तर्गत सामग्रीको प्रकार, सामग्रीको मात्रा, सामग्रीको स्रोत, सामग्रीको प्रयोग गर्ने तरिका, सामग्रीको प्रयोग गर्ने स्थान, सामग्रीको प्रयोग गर्ने समय, सामग्रीको प्रयोग गर्ने तरिका, सामग्रीको प्रयोग गर्ने तरिका, सामग्रीको प्रयोग गर्ने तर",,
RI025,Constitution & Law,Right to Information,English,What additional access does the Right to Information provide to information held in any type of machine?,The right to obtain the information through that machine.,"The Right to Information Act provides access to information held in any type of record, document, manuscript and file, whether in a machine-readable form or otherwise, received in electronic form.",,
RI025,Constitution & Law,Right to Information,Nepali,कुनै पनि प्रकारको यन्त्रमा रहेको सूचनाका सम्बन्धमा सूचनाको हकले कस्तो पहुँच प्रदान गर्छ?,त्यस्तो यन्त्रमार्फत सूचना प्राप्त गर्ने हक।,सूचनाको हकले कुनै पनि प्रकारको यन्त्रमा रहेको सूचनाको पहुँच प्रदान गर्छ।,,
RI026,Constitution & Law,Right to Information,English,"Which of the following forms of access are expressly included in the statutory definition of the Right to Information: studying or observing documents, obtaining a verified copy, observing public-interest construction, obtaining a verified material sample, or obtaining machine-held information through the machine?",All of them.,"studying or observing documents, obtaining a verified copy, observing public-interest construction, obtaining a verified material sample",,
RI026,Constitution & Law,Right to Information,Nepali,"निम्नमध्ये कुन-कुन पहुँचका स्वरूपहरू सूचनाको हकको वैधानिक परिभाषामा स्पष्ट रूपमा समावेश छन्: दस्तावेज अध्ययन वा अवलोकन गर्नु, प्रमाणित प्रतिलिपि प्राप्त गर्नु, सार्वजनिक महत्वको निर्माण अवलोकन गर्नु, प्रमाणित सामग्रीको नमुना प्राप्त गर्नु, वा यन्त्रमा रहेको सूचना सोही यन्त्रमार्फत प्राप्त गर्नु?",यी सबै।,"दस्तावेज अध्ययन वा अवलोकन गर्नु, प्रमाणित प्रतिलिपि प्राप्त गर्नु, सार्वजनिक महत्वको निर्माण अवलोकन गर्नु, प्रमाणित सामग्रीको नमुना प्राप्त गर्नु, वा यन्त्रमा रहेको सूचना सोही यन्त्रमार्फत प्राप्त गर्नु।",,
RI027,Constitution & Law,Information Authority,English,Who is an “Information Authority” under the Act?,A person appointed pursuant to Section 6.,A person who is a member of the Central Information Commission or a State Information Commission or a retired Chief Information Commissioner or Information Commissioner.,,
RI027,Constitution & Law,Information Authority,Nepali,ऐनअनुसार “सूचना अधिकारी” को हो?,दफा ६ बमोजिम नियुक्त व्यक्ति।,सूचना अधिकारी को कार्यालय अधिकारी हो ।,,
RI028,Constitution & Law,Institutional Roles,English,Who is referred to as the “Chief” under the Act?,The Chief of a Public Body.,The Chief Commissioner of Police.,,
RI028,Constitution & Law,Institutional Roles,Nepali,ऐनअनुसार “प्रमुख” भन्नाले कसलाई जनाउँछ?,सार्वजनिक निकायको प्रमुख।,प्रमुख भन्नाले राजाको प्रतिनिधि वा प्रधानमन्त्री लाई जनाउँछ ।,,
RI029,Constitution & Law,National Information Commission,English,What does the term “Commission” refer to under the Act?,The National Information Commission constituted pursuant to Section 11.,"The term ""Commission"" refers to the Central Information Commission under the Right to Information Act.",,
RI029,Constitution & Law,National Information Commission,Nepali,ऐनअनुसार “आयोग” भन्नाले के जनाउँछ?,दफा ११ बमोजिम गठन भएको राष्ट्रिय सूचना आयोग।,आयोग भन्नाले समिति वा संस्था मात्र जनाउँछ ।,,
RI030,Constitution & Law,Right to Information,English,"Who has the right to information under the Act, subject to the provisions of the Act?",Every citizen.,Citizens of India,,
RI030,Constitution & Law,Right to Information,Nepali,यस ऐनका प्रावधानहरूको अधीनमा रही सूचनाको हक कसलाई हुन्छ?,प्रत्येक नागरिकलाई।,सूचनाको हक सार्वजनिकको हुन्छ ।,,
RI031,Constitution & Law,Right to Information,English,What information shall every citizen have access to under the Act?,Information held by Public Bodies.,"The Right to Information Act. Every citizen has the right to:

* Information
* Taking copies of documents
* Inspection of records
* Taking certified samples of documents
* Information about the procedures followed by the public authority in making decisions",,
RI031,Constitution & Law,Right to Information,Nepali,ऐनअनुसार प्रत्येक नागरिकलाई कुन सूचनामा पहुँच हुन्छ?,सार्वजनिक निकायमा रहेको सूचना।,"नागरिक सूचना अधिकार (नागरिक सूचना अधिकार, राजपत्रित, २०७९) अनुसार प्रत्येक नागरिकलाई सूचनामा पहुँच हुन्छ।",,
RI032,Constitution & Law,Information Exceptions,English,"What types of information concerning Nepal's sovereignty, integrity, national security, public peace, stability, and international relations shall not be disseminated?",Information that seriously jeopardizes any of those interests.,"Information concerning:

1. Nepal's sovereignty
2. Integrity
3. National security
4. Public peace
5. Stability
6. International relations",,
RI032,Constitution & Law,Information Exceptions,Nepali,"नेपालको सार्वभौमसत्ता, अखण्डता, राष्ट्रिय सुरक्षा, सार्वजनिक शान्ति, स्थिरता र अन्तर्राष्ट्रिय सम्बन्धका सम्बन्धमा कस्तो सूचना प्रसार गर्न हुँदैन?",तीमध्ये कुनै पनि हितमा गम्भीर रूपमा प्रतिकूल असर पार्ने सूचना।,"नेपालको सार्वभौमसत्ता, अखण्डता, राष्ट्रिय सुरक्षा, सार्वजनिक शान्ति, स्थिरता र अन्तर्राष्ट्रिय सम्बन्धका सम्बन्धमा कस्तो सूचना प्रसार गर्न हुँदैन?

नेपाल सरकारले सार्वभौमसत्ता, अखण्डता, राष्ट्रिय सुरक्षा, सार्वजनिक शान्ति, स्थिरता र अन्तर्राष्ट्रिय सम्बन्धका सम्बन्धमा कस्तो सूचना प्रसार गर्न",,
RI033,Constitution & Law,Information Exceptions,English,What information related to a crime shall not be disseminated under the Act?,"Information that directly affects the investigation, inquiry, or prosecution of a crime.",Information related to the identity of the victim.,,
RI033,Constitution & Law,Information Exceptions,Nepali,अपराधसँग सम्बन्धित कुन सूचना ऐनअनुसार प्रसार गर्न हुँदैन?,"अपराधको अनुसन्धान, छानबिन वा अभियोजनमा प्रत्यक्ष असर पार्ने सूचना।","अपराधसँग सम्बन्धित कुन सूचना ऐनअनुसार प्रसार गर्न हुँदैन?

उत्तर: अपराधसँग सम्बन्धित व्यक्तिगत सूचना",,
RI034,Constitution & Law,Information Exceptions,English,"What types of interests or privacy are protected from serious harm under the information exception relating to economic, trade, monetary, intellectual property, banking, or trade matters?","Economic, trade, or monetary interests, intellectual property, and banking or trade privacy.","Commercial confidentiality, trade secrets, and financial information.",,
RI034,Constitution & Law,Information Exceptions,Nepali,"आर्थिक, व्यापारिक, मौद्रिक, बौद्धिक सम्पत्ति, बैंकिङ वा व्यापारिक विषयसँग सम्बन्धित अपवादअन्तर्गत कुन हित वा गोपनीयतालाई गम्भीर क्षतिबाट संरक्षण गरिन्छ?","आर्थिक, व्यापारिक वा मौद्रिक हित, बौद्धिक सम्पत्ति तथा बैंकिङ वा व्यापारिक गोपनीयता।",बैंकिङ वा व्यापारिक विषयसँग सम्बन्धित अपवादअन्तर्गत व्यापारिक गोपनीयतालाई गम्भीर क्षतिबाट संरक्षण गरिन्छ।,,
RI035,Constitution & Law,Information Exceptions,English,What type of information concerning relationships among different castes or communities shall not be disseminated?,Information that directly jeopardizes the harmonious relationship among various castes or communities.,Information that is likely to cause communal disharmony.,,
RI035,Constitution & Law,Information Exceptions,Nepali,विभिन्न जात वा समुदायबीचको सम्बन्धका सम्बन्धमा कस्तो सूचना प्रसार गर्न हुँदैन?,विभिन्न जात वा समुदायबीच कायम सद्भावपूर्ण सम्बन्धमा प्रत्यक्ष रूपमा खतरा पुर्‍याउने सूचना।,"विभिन्न जात वा समुदायबीचको सम्बन्धका सम्बन्धमा कस्तो सूचना प्रसार गर्न हुँदैन?

उत्तर: जाति भेदभाव, सामाजिक तनाव, सामाजिक अन्याय, सामाजिक असमानता",,
RI036,Constitution & Law,Information Exceptions,English,What personal interests are protected by the information exception concerning individual privacy and security?,"The privacy and security of a person's body, life, property, or health.","Personal interests protected by the information exception concerning individual privacy and security include:

* Personal correspondence
* Personal financial information
* Personal medical information
* Personal communications with a lawyer
* Personal communications with a doctor or other medical professional
* Personal communications with a financial advisor or other professional
* Personal information about a person's home or family
* Personal information about a person's employment or business
* Personal information about a person's health or well-being
* Personal information about a person's relationships or associations

Note: This is not an exhaustive list and the specific interests protected may vary depending on the jurisdiction.",,
RI036,Constitution & Law,Information Exceptions,Nepali,व्यक्तिगत गोपनीयता तथा सुरक्षासम्बन्धी अपवादले कुन व्यक्तिगत हितहरूको संरक्षण गर्छ?,"व्यक्तिको शरीर, जीवन, सम्पत्ति वा स्वास्थ्यको गोपनीयता तथा सुरक्षा।",व्यक्तिगत गोपनीयता तथा सुरक्षासम्बन्धी अपवादले राज्य व्यक्तिगत हितहरूको संरक्षण गर्छ।,,
RI037,Constitution & Law,Information Exceptions,English,What five broad categories of information held by a Public Body are excluded from dissemination under Section 3(3)?,"Information seriously jeopardizing specified national interests; directly affecting crime investigation, inquiry, or prosecution; seriously affecting specified economic, trade, monetary, intellectual property, banking, or trade interests or privacy; directly jeopardizing harmony among castes or communities; or interfering with individual privacy and specified personal security.","Personal information, information affecting national security, information prejudicial to law enforcement, information prejudicial to the safety of the state, and information prejudicial to the effective conduct of international relations.",,
RI037,Constitution & Law,Information Exceptions,Nepali,दफा ३(३) अन्तर्गत सार्वजनिक निकायमा रहेको कुन पाँच व्यापक वर्गका सूचना प्रसार गर्न हुँदैन?,"निर्दिष्ट राष्ट्रिय हितमा गम्भीर प्रतिकूल असर पार्ने; अपराधको अनुसन्धान, छानबिन वा अभियोजनमा प्रत्यक्ष असर पार्ने; निर्दिष्ट आर्थिक, व्यापारिक, मौद्रिक, बौद्धिक सम्पत्ति, बैंकिङ वा व्यापारिक हित वा गोपनीयतामा गम्भीर असर पार्ने; जात वा समुदायबीचको सद्भावमा प्रत्यक्ष खतरा पुर्‍याउने; वा व्यक्तिगत गोपनीयता तथा निर्दिष्ट व्यक्तिगत सुरक्षामा हस्तक्षेप गर्ने सूचना।","दफा ३(३) अन्तर्गत सार्वजनिक निकायमा रहेको कुन पाँच व्यापक वर्गका सूचना प्रसार गर्न हुँदैन:

१. कार्यालयको स्थापना वा बंद
२. कार्यालयको स्थान परिवर्तन
३. कार्यालयको नाम परिवर्तन
४. कार्यालयको प्रमुख परिवर्तन
५. कार्यालयको वित्तीय विवरण",,
RI038,Constitution & Law,Information Exceptions,English,May a Public Body refuse to disseminate information without an appropriate and adequate reason?,No.,Yes.,,
RI038,Constitution & Law,Information Exceptions,Nepali,के सार्वजनिक निकायले उचित र पर्याप्त कारणबिना सूचना प्रसार गर्न अस्वीकार गर्न सक्छ?,सक्दैन।,"नयाँ संविधान २०७२ के अनुसार, सार्वजनिक निकायले उचित र पर्याप्त कारणबिना सूचना प्रसार गर्न अस्वीकार गर्न सक्छ ।",,
RI039,Constitution & Law,Information Disclosure,English,What must the Information Officer do when a Public Body's records contain both information that may be made public and information that may not be made public?,Separate the information that may be made public and provide it to the applicant.,Apply the exemptions in the Freedom of Information Act to the information that may not be made public.,,
RI039,Constitution & Law,Information Disclosure,Nepali,सार्वजनिक निकायको अभिलेखमा सार्वजनिक गर्न मिल्ने र सार्वजनिक गर्न नमिल्ने दुवै सूचना भएमा सूचना अधिकारीले के गर्नुपर्छ?,सार्वजनिक गर्न मिल्ने सूचना छुट्याई आवेदकलाई उपलब्ध गराउनुपर्छ।,सूचना अधिकारीले सार्वजनिक गर्न मिल्ने र सार्वजनिक गर्न नमिल्ने दुवै सूचना भएमा सूचना अधिकारीले सार्वजनिक गर्न मिल्ने सूचना सार्वजनिक गर्नुपर्छ।,,
RI040,Constitution & Law,Information Disclosure,English,"If a single record contains both protected and disclosable information, does the presence of protected information automatically justify withholding the entire record?",No. The disclosable information must be separated and provided.,No.,,
RI040,Constitution & Law,Information Disclosure,Nepali,एउटै अभिलेखमा संरक्षित र सार्वजनिक गर्न मिल्ने दुवै सूचना भएमा संरक्षित सूचना भएको कारणले मात्र सम्पूर्ण अभिलेख रोक्न मिल्छ?,मिल्दैन। सार्वजनिक गर्न मिल्ने सूचना छुट्याई उपलब्ध गराउनुपर्छ।,"नयाँ व्यवस्था अनुसार, संरक्षित सूचना भएको कारणले मात्र सम्पूर्ण अभिलेख रोक्न मिल्छ ।",,
RI041,Constitution & Law,Right to Information,English,"How do the general right of access under Section 3(2), the exceptions under Section 3(3), and the separation rule under Section 3(4) operate together?","Citizens generally have access to information held by Public Bodies, except for information falling within the specified non-dissemination categories; where a record contains both disclosable and non-disclosable information, the disclosable portion must be separated and provided.","The general right of access under Section 3(2) allows the public to access information, unless it is exempt under Section 3(3) or Section 3(4). 

Section 3(3) provides a list of exceptions, where information can be withheld from the public, such as national security, personal data, and commercial confidentiality.

Section 3(4), the separation rule, requires that information be separated into that which is exempt and that which is not, and only the exempt information can be withheld.",,
RI041,Constitution & Law,Right to Information,Nepali,"दफा ३(२) को सामान्य पहुँचको अधिकार, दफा ३(३) का अपवाद र दफा ३(४) को छुट्याउने नियम एकसाथ कसरी लागू हुन्छन्?","नागरिकलाई सामान्यतः सार्वजनिक निकायमा रहेको सूचनामा पहुँच हुन्छ, तर निर्दिष्ट गैर-प्रसारणयोग्य वर्गमा पर्ने सूचना अपवाद हुन्छ; अभिलेखमा सार्वजनिक गर्न मिल्ने र नमिल्ने दुवै सूचना भएमा सार्वजनिक गर्न मिल्ने अंश छुट्याई उपलब्ध गराउनुपर्छ।","दफा ३(२) को सामान्य पहुँचको अधिकार, दफा ३(३) का अपवाद र दफा ३(४) को छुट्याउने नियम एकसाथ लागू हुन्छन् जब कि सामान्य पहुँचको अधिकार प्रयोग गर्दा कुनै व्यक्तिको व्यक्तिगत स्वतन्त्रता र स्वतन्त्रताको हक्कमा हस्तक्षेप हुन्छ।",,
RI042,Constitution & Law,Public Body Responsibilities,English,What is the primary responsibility of every Public Body regarding the right to information of citizens?,To respect and protect the right to information of citizens.,To provide information to citizens in a timely and transparent manner.,,
RI042,Constitution & Law,Public Body Responsibilities,Nepali,नागरिकको सूचनाको हकका सम्बन्धमा प्रत्येक सार्वजनिक निकायको मुख्य जिम्मेवारी के हो?,नागरिकको सूचनाको हकको सम्मान र संरक्षण गर्नु।,नागरिकको सूचनाको हकका सम्बन्धमा प्रत्येक सार्वजनिक निकायको मुख्य जिम्मेवारी सूचना प्राप्तिको अधिकारी नियुक्त गर्नु हो ।,,
RI043,Constitution & Law,Public Body Responsibilities,English,What must a Public Body do to its information as part of its responsibilities under the Act?,"Classify and update the information and make it public, publish, and broadcast it.",Make it available to the public.,,
RI043,Constitution & Law,Public Body Responsibilities,Nepali,ऐनअनुसार आफ्नो जिम्मेवारीअन्तर्गत सार्वजनिक निकायले आफ्नो सूचनाका सम्बन्धमा के गर्नुपर्छ?,"सूचना वर्गीकरण तथा अद्यावधिक गरी सार्वजनिक, प्रकाशन तथा प्रसारण गर्नुपर्छ।",सूचना प्रकाशन गर्नु ।,,
RI044,Constitution & Law,Public Body Responsibilities,English,What responsibility does a Public Body have regarding citizens' access to information?,To make citizens' access to information simple and easy.,"To provide access to information in accordance with the law, and to ensure transparency and accountability.",,
RI044,Constitution & Law,Public Body Responsibilities,Nepali,नागरिकको सूचनामा पहुँचका सम्बन्धमा सार्वजनिक निकायको जिम्मेवारी के हो?,नागरिकको सूचनामा पहुँच सरल र सहज बनाउनु।,"सार्वजनिक निकायको जिम्मेवारी हो कि नागरिकलाई सूचनामा पहुँच प्रदान गर्ने नियम, कानून, नीति र प्रक्रिया बनाउने र त्यसको कार्यान्वयन गर्ने ।",,
RI045,Constitution & Law,Public Body Responsibilities,English,How must a Public Body conduct its functions under the Act?,Openly and transparently.,In a transparent and accountable manner.,,
RI045,Constitution & Law,Public Body Responsibilities,Nepali,ऐनअनुसार सार्वजनिक निकायले आफ्ना कार्यहरू कसरी सञ्चालन गर्नुपर्छ?,खुला र पारदर्शी रूपमा।,सार्वजनिक निकायले आफ्ना कार्यहरू सञ्चालन गर्नु अनुसार नेपाली नागरिक संहिता २०७२ साल १० १० १० १० १० १० १० १० १० १० १० १० १० १० १० १० १० १० १० १० १० १० १० १० १० १० १० १० १० १० १० १० १० १०,,
RI046,Constitution & Law,Public Body Responsibilities,English,What must a Public Body provide to its staff for the purpose of fulfilling its responsibilities regarding information?,Appropriate training and orientation.,Training and guidance.,,
RI046,Constitution & Law,Public Body Responsibilities,Nepali,सूचनासम्बन्धी आफ्नो जिम्मेवारी पूरा गर्न सार्वजनिक निकायले आफ्ना कर्मचारीलाई के प्रदान गर्नुपर्छ?,उपयुक्त तालिम तथा अभिमुखीकरण।,सूचनासम्बन्धी आफ्नो जिम्मेवारी पूरा गर्न सार्वजनिक निकायले आफ्ना कर्मचारीलाई सूचना प्रदान गर्नुपर्छ।,,
RI047,Constitution & Law,Public Body Responsibilities,English,What are the four specific responsibilities of a Public Body under Section 4(2)?,"To classify and update information and make it public, publish, and broadcast it; make citizen access simple and easy; conduct functions openly and transparently; and provide staff with appropriate training and orientation.","The four specific responsibilities of a Public Body under Section 4(2) of the Right to Information Act, 2005 are:

1. To maintain records diligently
2. To provide information to citizens
3. To give wide publicity to the information contained in the handbook
4. To revise the handbook every year",,
RI047,Constitution & Law,Public Body Responsibilities,Nepali,दफा ४(२) अन्तर्गत सार्वजनिक निकायका चार विशिष्ट जिम्मेवारीहरू के-के हुन्?,"सूचना वर्गीकरण तथा अद्यावधिक गरी सार्वजनिक, प्रकाशन तथा प्रसारण गर्ने; नागरिकको पहुँच सरल र सहज बनाउने; कार्य खुला र पारदर्शी रूपमा सञ्चालन गर्ने; तथा कर्मचारीलाई उपयुक्त तालिम र अभिमुखीकरण दिने।","सार्वजनिक निकायका चार विशिष्ट जिम्मेवारीहरू हुन्-

१. संविधान, कानून, नियम, आदेश, आदेश, आदेश, आदेश, आदेश, आदेश, आदेश, आदेश, आदेश, आदेश, आदेश, आदेश, आदेश, आदेश, आदेश, आदेश, आदेश, आदेश, आदेश, आदेश, आदेश, आदेश, आदेश, आदेश, आदेश, आदेश, आदेश, आदेश, आदेश, आदेश, आदेश, आदेश, आदेश, आदेश, आदेश, आदेश, आद",,
RI048,Constitution & Law,Information Dissemination,English,"What may a Public Body use when publishing, broadcasting, or making information public under the Act?",Different national languages and mass media.,Plain language.,,
RI048,Constitution & Law,Information Dissemination,Nepali,"ऐनअनुसार सूचना प्रकाशन, प्रसारण वा सार्वजनिक गर्दा सार्वजनिक निकायले के प्रयोग गर्न सक्छ?",विभिन्न राष्ट्रिय भाषाहरू र आमसञ्चारका माध्यमहरू।,"सूचना प्रकाशन, प्रसारण वा सार्वजनिक गर्दा सार्वजनिक निकायले नेपाली भाषामा प्रयोग गर्न सक्छ ।",,
RI049,Constitution & Law,Information Updating,English,What is the general requirement concerning the information held by a Public Body?,A Public Body shall keep its information updated.,"The general requirement concerning the information held by a Public Body is that it must be disclosed, unless it falls under an exemption.",,
RI049,Constitution & Law,Information Updating,Nepali,सार्वजनिक निकायमा रहेको सूचनासम्बन्धी सामान्य आवश्यकता के हो?,सार्वजनिक निकायले आफ्नो सूचना अद्यावधिक राख्नुपर्छ।,सार्वजनिक निकायमा रहेको सूचनासम्बन्धी सामान्य आवश्यकता सार्वजनिक निकायको निर्णयलाई सार्वजनिक गर्नु हो ।,,
RI050,Constitution & Law,Information Updating,English,"How old may information be that a Public Body should update, as far as possible, from the commencement of the Act?",At least 20 years old.,20 years.,,
RI050,Constitution & Law,Information Updating,Nepali,ऐन प्रारम्भ भएको समयदेखि सार्वजनिक निकायले सम्भव भएसम्म कति वर्ष पुरानो सूचनासम्म अद्यावधिक गर्नुपर्छ?,कम्तीमा २० वर्ष पुरानो।,सार्वजनिक निकायले सम्भव भएसम्म ७ वर्ष पुरानो सूचनासम्म अद्यावधिक गर्नुपर्छ ।,,
RI051,Constitution & Law,Mandatory Information Publication,English,What information concerning the structure and nature of a Public Body must it enlist and publish?,The structure and nature of the Public Body.,"The Public Body must enlist and publish the following information concerning its structure and nature:

1. Its name, address, and contact details.
2. The names, functions, and contact details of its senior officials, including the head of the body.
3. A description of its functions, powers, and responsibilities.
4. A description of its organizational structure, including its departments, agencies, and other subordinate bodies.
5. Information about its decision-making processes, including the procedures for making decisions and the roles of its various committees and boards.
6. Information about its budget and financial management, including its sources of funding and its financial reports.
7. Information about its internal and external audit processes.
8. Information about its policies and procedures for access to information",,
RI051,Constitution & Law,Mandatory Information Publication,Nepali,सार्वजनिक निकायको संरचना र स्वरूपसम्बन्धी कुन सूचना सूचीबद्ध गरी प्रकाशन गर्नुपर्छ?,सार्वजनिक निकायको संरचना र स्वरूप।,"सार्वजनिक निकायको संरचना र स्वरूपसम्बन्धी कुन सूचना सूचीबद्ध गरी प्रकाशन गर्नुपर्छ?

सार्वजनिक निकायको संरचना र स्वरूपसम्बन्धी निम्नलिखित सूचना सूचीबद्ध गरी प्रकाशन गर्नुपर्छ:

१. निकायको नाम, स्थापना र कार्यकाल
२. निकायको अध्यक्ष, सदस्य र सचिवको नाम
३. निकायको कार्यालयको स्थान, पत्ता र ट",,
RI052,Constitution & Law,Mandatory Information Publication,English,Which information about a Public Body's functions and authority must be enlisted and published?,"Its functions, duties, and powers.","The Public Bodies Directory, which includes information about a Public Body's functions and authority, must be enlisted and published.",,
RI052,Constitution & Law,Mandatory Information Publication,Nepali,सार्वजनिक निकायका कार्य र अधिकारसम्बन्धी कुन सूचना सूचीबद्ध गरी प्रकाशन गर्नुपर्छ?,"यसका कार्य, कर्तव्य र अधिकार।","सार्वजनिक निकायका कार्य र अधिकारसम्बन्धी कुन सूचना सूचीबद्ध गरी प्रकाशन गर्नुपर्छ?

सार्वजनिक निकायका कार्य र अधिकारसम्बन्धी कुन सूचना सूचीबद्ध गरी प्रकाशन गर्नुपर्छ?

सार्वजनिक निकायका कार्य र अधिकारसम्बन्धी कुन सूचना सूचीबद्ध गरी प्रकाशन गर्नुपर्छ?

सार्वजनिक निकायका कार्य र अधिकारसम्बन्धी कुन सूचन",,
RI053,Constitution & Law,Mandatory Information Publication,English,"What information about services must a Public Body enlist and publish, including information about service delivery?","The services to be rendered, the branch and responsible officer providing the service, and the fee and time limit required for the service.","The Public Services (Standardisation of Information) Regulations 2014 require a Public Body to enlist and publish the following information about services:

* A description of the service
* The service's objectives and outcomes
* The eligibility criteria for the service
* The application process for the service
* The decision-making process for the service
* The timescales for the service
* The contact details for the service
* The complaints procedure for the service
* The review and appeal process for the service
* The information about the service's performance and quality
* The information about the service's availability and accessibility
* The information about the service's costs and charges
* The information about the service's data protection and privacy policies",,
RI053,Constitution & Law,Mandatory Information Publication,Nepali,सेवा प्रवाहसम्बन्धी सार्वजनिक निकायले कुन-कुन सूचना सूचीबद्ध गरी प्रकाशन गर्नुपर्छ?,"प्रदान गरिने सेवा, सेवा प्रदान गर्ने शाखा तथा जिम्मेवार अधिकारी, र सेवाका लागि लाग्ने शुल्क तथा समयसीमा।","सेवा प्रवाहसम्बन्धी सार्वजनिक निकायले निम्नलिखित सूचना सूचीबद्ध गरी प्रकाशन गर्नुपर्छ:

१. सेवा प्रवाह व्यवस्थापन सम्बन्धी नियमावली (Service Flow Management Rules)
२. सेवा प्रवाह व्यवस्थापन सम्बन्धी निर्देशिका (Service Flow Management Directory)
३. सेवा प्रवाह व्यवस्थापन सम्बन्धी सूचना (Service Flow Management Information)
४. सेवा प्रवाह व्यवस्थापन सम्बन्धी प्रतिवेदन (Service Flow Management Report",,
RI054,Constitution & Law,Mandatory Information Publication,English,What information concerning decision-making and accountability must a Public Body enlist and publish?,"The decision-making process and authority, the authority to hear appeals against decisions, and a description of functions performed.","The Public Services Ombudsman for Wales recommends that a Public Body enlist and publish the following information concerning decision-making and accountability:

1. A clear statement of the body's functions and powers.
2. A description of the decision-making processes and procedures.
3. Information about the body's internal review and appeal procedures.
4. Details of the body's complaints handling procedure.
5. Information about the body's external review and appeal procedures.
6. Contact details for the body's complaints handling officer.
7. Information about the body's senior officers, including their job titles and contact details.
8. A statement about the body's arrangements for ensuring that its decisions are made in accordance with the law and its policies.
9. Information about the body's",,
RI054,Constitution & Law,Mandatory Information Publication,Nepali,निर्णय प्रक्रिया र जवाफदेहितासम्बन्धी सार्वजनिक निकायले कुन सूचना सूचीबद्ध गरी प्रकाशन गर्नुपर्छ?,"निर्णय गर्ने प्रक्रिया र अधिकार, निर्णयविरुद्ध पुनरावेदन सुन्ने अधिकार, तथा सम्पादन गरिएका कार्यहरूको विवरण।","निर्णय प्रक्रिया र जवाफदेहितासम्बन्धी सार्वजनिक निकायले निम्नलिखित सूचना सूचीबद्ध गरी प्रकाशन गर्नुपर्छ:

१. निर्णय प्रक्रिया र जवाफदेहिता सम्बन्धी नियमावली (निर्णय प्रक्रिया र जवाफदेहिता सम्बन्धी नियमावली २०७९)
२. निर्णय प्रक्रिया र जवाफदेहिता सम्बन्धी नियमावली (निर्णय प्रक्रिया",,
RI055,Constitution & Law,Mandatory Information Publication,English,"What institutional, legal, and financial information must a Public Body enlist and publish?","The name and designation of the Chief and Information Officer; a list of Acts, Rules, By-laws, or Guidelines; and an updated description of income, expenditures, and financial transactions.","A Public Body must enlist and publish the following information:

1. Institutional information:
	* Organizational structure
	* Functions and powers
	* Decision-making processes
	* Rules and procedures
2. Legal information:
	* Constitution and laws
	* Regulations and bylaws
	* Decrees and orders
	* Court judgments and decisions
3. Financial information:
	* Budgets and financial statements
	* Annual reports
	* Audited financial statements
	* Procurement procedures and contracts
	* Information on public assets and liabilities",,
RI055,Constitution & Law,Mandatory Information Publication,Nepali,"सार्वजनिक निकायले संस्थागत, कानुनी र वित्तीय पक्षसँग सम्बन्धित कुन सूचना सूचीबद्ध गरी प्रकाशन गर्नुपर्छ?","प्रमुख तथा सूचना अधिकारीको नाम र पद; ऐन, नियम, विनियम वा निर्देशिकाको सूची; तथा आय, खर्च र वित्तीय कारोबारको अद्यावधिक विवरण।","सार्वजनिक निकायले संस्थागत, कानुनी र वित्तीय पक्षसँग सम्बन्धित कुन सूचना सूचीबद्ध गरी प्रकाशन गर्नुपर्छ?

संस्थागत, कानुनी र वित्तीय पक्षसँग सम्बन्धित सूचना सूचीबद्ध गरी प्रकाशन गर्नुपर्छ:

*   संस्थागत पक्ष: संस्थागत स्वामित्व, संस्थागत प्रशासन, संस्थागत निर्णय, संस्थागत कर्मचारी आदि
*   कानुनी",,
RI056,Constitution & Law,Mandatory Information Publication,English,"In addition to the specifically listed categories, what other information must a Public Body enlist and publish?",Other particulars as prescribed.,"A list of all contracts entered into by the Public Body, including the contractor's name, the amount of the contract, and a brief description of the goods or services provided.",,
RI056,Constitution & Law,Mandatory Information Publication,Nepali,स्पष्ट रूपमा सूचीबद्ध गरिएका वर्गबाहेक सार्वजनिक निकायले अरू कुन सूचना सूचीबद्ध गरी प्रकाशन गर्नुपर्छ?,तोकिएबमोजिमका अन्य विवरणहरू।,"सूचीबद्ध गरिएका वर्गबाहेक सार्वजनिक निकायले अरू कुन सूचना सूचीबद्ध गरी प्रकाशन गर्नुपर्छ?

सूचीबद्ध गरिएका वर्गबाहेक सार्वजनिक निकायले अरू कुन सूचना सूचीबद्ध गरी प्रकाशन गर्नुपर्छ?

सूचीबद्ध गरिएका वर्गबाहेक सार्वजनिक निकायले अरू कुन सूचना सूचीबद्ध गरी प्रकाशन गर्नुपर्छ?

सूचीबद्ध गरिएका",,
RI057,Constitution & Law,Mandatory Information Publication,English,"How many categories of information are expressly listed in Section 5(3) for a Public Body to enlist and publish, and within what time must the information be updated and published initially?","Thirteen categories, within three months from the commencement of the Act.","Three categories of information are expressly listed in Section 5(3) for a Public Body to enlist and publish:

1. The names, salaries and terms and conditions of employment of officers and employees
2. The details of allocations of grants
3. The details of contracts entered into by the Public Body

The information must be updated and published initially within 120 days.",,
RI057,Constitution & Law,Mandatory Information Publication,Nepali,दफा ५(३) मा सार्वजनिक निकायले सूचीबद्ध गरी प्रकाशन गर्नुपर्ने स्पष्ट रूपमा उल्लिखित सूचना वर्गहरू कति छन् र सुरुमा ती सूचना कति समयभित्र अद्यावधिक तथा प्रकाशन गर्नुपर्छ?,"तेह्र वर्ग, ऐन प्रारम्भ भएको मितिले तीन महिनाभित्र।",दफा ५(३) मा सार्वजनिक निकायले सूचीबद्ध गरी प्रकाशन गर्नुपर्ने सूचना वर्गहरू १४ छन् र सुरुमा ती सूचना ३ महिना समयभित्र अद्यावधिक तथा प्रकाशन गर्नुपर्छ।,,
RI058,Constitution & Law,Information Publication Cycle,English,"After the initial three-month period, how frequently must a Public Body update and publish the information listed under Section 5(3)?",Every three months.,At least once a year.,,
RI058,Constitution & Law,Information Publication Cycle,Nepali,प्रारम्भिक तीन महिनाको अवधिपछि दफा ५(३) अन्तर्गतको सूचना सार्वजनिक निकायले कति-कति अवधिमा अद्यावधिक तथा प्रकाशन गर्नुपर्छ?,प्रत्येक तीन महिनामा।,दफा ५(३) अन्तर्गतको सूचना सार्वजनिक निकायले प्रारम्भिक तीन महिनाको अवधिपछि दफा ५(३) अन्तर्गतको सूचना सार्वजनिक निकायले अद्यावधिक तथा प्रकाशन गर्नुपर्छ एक वर्षमा।,,
RI059,Constitution & Law,Information Publication Cycle,English,What is the complete publication cycle for the information listed under Section 5(3)?,The information must first be updated and published within three months from the commencement of the Act and then updated and published every three months thereafter.,I'm unable to provide a specific answer as the question doesn't provide enough context about the information listed under Section 5(3).,,
RI059,Constitution & Law,Information Publication Cycle,Nepali,दफा ५(३) अन्तर्गत सूचीबद्ध सूचनाको पूर्ण प्रकाशन चक्र के हो?,सूचना ऐन प्रारम्भ भएको मितिले तीन महिनाभित्र पहिलोपटक अद्यावधिक तथा प्रकाशन गर्नुपर्छ र त्यसपछि प्रत्येक तीन महिनामा अद्यावधिक तथा प्रकाशन गर्नुपर्छ।,"दफा ५(३) अन्तर्गत सूचीबद्ध सूचनाको पूर्ण प्रकाशन चक्र हो-

१. सूचना प्रकाशन
२. सूचना प्रकाशनको प्रति प्राप्ति
३. सूचना प्रकाशनको प्रति प्रमाणीकरण
४. सूचना प्रकाशनको प्रति प्रमाणीकरणको प्रमाण पत्र प्राप्ति
५. सूचना प्रकाशनको प्रति प्रमाणीकरणको प्रमाण पत्रको प्रमाणीकरण
६. सूचना प्रक",,
RI060,Constitution & Law,Information Officer,English,What arrangement must a Public Body make for disseminating information held in its office?,It must arrange for an Information Officer.,"The arrangement must be in accordance with the Right to Information Act, 2005.",,
RI060,Constitution & Law,Information Officer,Nepali,सूचना प्रसार गर्न सार्वजनिक निकायले आफ्नो कार्यालयमा कस्तो व्यवस्था गर्नुपर्छ?,सूचना अधिकारीको व्यवस्था गर्नुपर्छ।,सूचना प्रसार गर्न सार्वजनिक निकायले आफ्नो कार्यालयमा सूचना प्रसारण कार्यालयमा सूचना प्रसार गर्ने व्यवस्था गर्नुपर्छ।,,
RI061,Constitution & Law,Information Officer,English,What must the Chief regularly provide to the Information Officer for the purpose of disseminating information?,Information held in the office.,"The Chief must regularly provide the Information Officer with information about the Chief's activities, decisions, and policies.",,
RI061,Constitution & Law,Information Officer,Nepali,सूचना प्रसार गर्ने प्रयोजनका लागि प्रमुखले सूचना अधिकारीलाई नियमित रूपमा के उपलब्ध गराउनुपर्छ?,कार्यालयमा रहेको सूचना।,"सूचना प्रसार गर्ने प्रयोजनका लागि प्रमुखले सूचना अधिकारीलाई नियमित रूपमा कार्यालय, कार्यालयको स्थान, कार्यालयको सञ्चालन, कार्यालयको वित्तीय विवरण, कार्यालयको सञ्चालनमा प्रयोग हुने सामग्री आदि उपलब्ध गराउनुपर्छ।",,
RI062,Constitution & Law,Information Acquisition Procedure,English,Who may submit an application to obtain information under the Act and what must the application state?,A Nepali citizen interested in obtaining information may apply to the concerned Information Officer and must state the reason for requesting the information.,"The application may be submitted by any person. The application must state the name and address of the applicant, the public interest in the information, and a reasonable description of the information sought.",,
RI062,Constitution & Law,Information Acquisition Procedure,Nepali,ऐनअनुसार सूचना प्राप्त गर्न कसले निवेदन दिन सक्छ र निवेदनमा के उल्लेख गर्नुपर्छ?,सूचना प्राप्त गर्न इच्छुक नेपाली नागरिकले सम्बन्धित सूचना अधिकारीसमक्ष निवेदन दिन सक्छ र सूचना माग्नुको कारण उल्लेख गर्नुपर्छ।,न्यायाधीशले निवेदन दिन सक्छ र निवेदनमा सूचना प्राप्त गर्ने कारण उल्लेख गर्नुपर्छ ।,,
RI063,Constitution & Law,Information Acquisition Procedure,English,When must an Information Officer provide information that can be provided immediately by its nature?,Immediately.,Immediately.,,
RI063,Constitution & Law,Information Acquisition Procedure,Nepali,सूचनाको प्रकृतिअनुसार तुरुन्तै उपलब्ध गराउन सकिने सूचना सूचना अधिकारीले कहिले उपलब्ध गराउनुपर्छ?,तुरुन्तै।,सूचनाको प्रकृतिअनुसार तुरुन्तै उपलब्ध गराउन सकिने सूचना सूचना अधिकारीले तुरुन्तै उपलब्ध गराउनुपर्छ।,,
RI064,Constitution & Law,Information Acquisition Procedure,English,Within how many days must an Information Officer provide information that cannot be provided immediately by its nature?,Within fifteen days from the date of application.,20,,
RI064,Constitution & Law,Information Acquisition Procedure,Nepali,सूचनाको प्रकृतिअनुसार तुरुन्तै उपलब्ध गराउन नसकिने सूचना सूचना अधिकारीले कति दिनभित्र उपलब्ध गराउनुपर्छ?,निवेदन दिएको मितिले पन्ध्र दिनभित्र।,"सूचना अधिकारीले कति दिनभित्र उपलब्ध गराउनुपर्छ?

सूचना अधिकारीले 30 दिनभित्र उपलब्ध गराउनुपर्छ।",,
RI065,Constitution & Law,Information Acquisition Procedure,English,"If requested information cannot be provided immediately and is related to the security of a person's life, within what maximum period must the Information Officer provide it?",Within twenty-four hours of the request.,28 days.,,
RI065,Constitution & Law,Information Acquisition Procedure,Nepali,माग गरिएको सूचना तुरुन्तै उपलब्ध गराउन नसकिने भए पनि व्यक्तिको जीवनको सुरक्षासँग सम्बन्धित भएमा सूचना अधिकारीले अधिकतम कति समयभित्र सूचना उपलब्ध गराउनुपर्छ?,निवेदन परेको चौबीस घण्टाभित्र।,सूचना अधिकारीले अधिकतम ३० दिनमा सूचना उपलब्ध गराउनुपर्छ ।,,
RI066,Constitution & Law,Information Acquisition Procedure,English,What are the three different time limits for providing information under Section 7 depending on the nature and circumstances of the request?,Immediately if the information can be provided immediately; within fifteen days if it cannot be provided immediately; and within twenty-four hours if it relates to the security of a person's life.,"30 days, 45 days, and 60 days.",,
RI066,Constitution & Law,Information Acquisition Procedure,Nepali,निवेदनको प्रकृति र परिस्थितिअनुसार दफा ७ अन्तर्गत सूचना उपलब्ध गराउने तीन फरक समयसीमा के-के हुन्?,सूचना तुरुन्तै उपलब्ध गराउन सकिने भए तुरुन्तै; तुरुन्तै उपलब्ध गराउन नसकिने भए पन्ध्र दिनभित्र; र व्यक्तिको जीवनको सुरक्षासँग सम्बन्धित भए चौबीस घण्टाभित्र।,"निवेदनको प्रकृति र परिस्थितिअनुसार दफा ७ अन्तर्गत सूचना उपलब्ध गराउने तीन फरक समयसीमा निम्नलिखित हुन्:

१. तीन महिनामा सूचना उपलब्ध गराउने प्राविधिक समयसीमा हो।
२. सात महिनामा सूचना उपलब्ध गराउने प्राविधिक समयसीमा हो।
३. एक वर्षमा सूचना उपलब्ध गराउने प्राविधिक समयसीमा हो।",,
RI067,Constitution & Law,Information Acquisition Procedure,English,What must the Information Officer do if information cannot be provided immediately?,The Information Officer must immediately give the applicant a notice stating the reason.,Provide an estimated date for providing the information.,,
RI067,Constitution & Law,Information Acquisition Procedure,Nepali,तुरुन्तै सूचना उपलब्ध गराउन नसकिने भए सूचना अधिकारीले के गर्नुपर्छ?,सूचना अधिकारीले कारण उल्लेख गरी आवेदकलाई तुरुन्तै सूचना दिनुपर्छ।,सूचना अधिकारीले सूचना उपलब्ध गराउन नसकिने भए तुरुन्तै सूचना उपलब्ध गराउन नसकिने कारणलाई स्पष्ट गरी सूचना उपलब्ध गराउने कार्य गर्नुपर्छ।,,
RI068,Constitution & Law,Information Acquisition Procedure,English,In what format must an Information Officer provide information to an applicant?,In the format demanded by the applicant as much as possible.,Plain language.,,
RI068,Constitution & Law,Information Acquisition Procedure,Nepali,सूचना अधिकारीले आवेदकलाई कुन ढाँचामा सूचना उपलब्ध गराउनुपर्छ?,सम्भव भएसम्म आवेदकले माग गरेको ढाँचामा।,सूचना अधिकारीले आवेदकलाई सूचना उपलब्ध गराउनुपर्छ क्रमशः सूचना अधिकारी कार्यालयको सूचना पुस्तिकामा दिएको ढाँचामा ।,,
RI069,Constitution & Law,Information Acquisition Procedure,English,When may an Information Officer provide information in a format different from the format requested by the applicant?,"When providing the information in the requested format may damage, destroy, or spoil the source of the information, and the Information Officer states the reason for using the appropriate format.","When the information is readily available in the requested format is not possible, or would require substantial cost or time.",,
RI069,Constitution & Law,Information Acquisition Procedure,Nepali,आवेदकले माग गरेको भन्दा फरक ढाँचामा सूचना अधिकारीले कहिले सूचना उपलब्ध गराउन सक्छ?,"आवेदकले माग गरेको ढाँचामा सूचना दिँदा सूचनाको स्रोतमा क्षति पुग्ने, नष्ट हुने वा बिग्रने सम्भावना भएमा र उपयुक्त ढाँचा प्रयोग गर्नुको कारण उल्लेख गरेमा।",सूचना अधिकारी आवेदकले माग गरेको भन्दा फरक ढाँचामा सूचना उपलब्ध गराउन सक्छ यदि त्यसको आवश्यकता हुन्छ।,,
RI070,Constitution & Law,Information Fees,English,On what basis must the fee for providing information generally be determined?,The actual cost of providing the information.,The fee for providing information generally must be determined on a cost-recovery basis.,,
RI070,Constitution & Law,Information Fees,Nepali,सूचना उपलब्ध गराउँदा लाग्ने शुल्क सामान्यतः कुन आधारमा निर्धारण हुनुपर्छ?,सूचना उपलब्ध गराउने वास्तविक लागतका आधारमा।,सूचना उपलब्ध गराउँदा लाग्ने शुल्क सामान्यतः सूचना उपलब्ध गराउने व्यक्ति/संस्थाको व्ययको आधारमा निर्धारण हुनुपर्छ।,,
RI071,Constitution & Law,Information Fees,English,What may a concerned person do if the prescribed fee for information is considered higher than the actual cost?,The person may file a petition before the Commission.,Request a review or appeal the fee.,,
RI071,Constitution & Law,Information Fees,Nepali,सूचनाका लागि तोकिएको शुल्क वास्तविक लागतभन्दा बढी भएको लागेमा सम्बन्धित व्यक्तिले के गर्न सक्छ?,सम्बन्धित व्यक्तिले आयोगसमक्ष निवेदन दिन सक्छ।,सूचनाका लागि तोकिएको शुल्क वास्तविक लागतभन्दा बढी भएको लागेमा सम्बन्धित व्यक्तिले न्यायालयमा शुल्कमा विवाद दर्ज गर्न सक्छ ।,,
RI072,Constitution & Law,Complaints and Appeals,English,"Within how many days must a person complain to the Chief after information is denied, partially provided, provided incorrectly, or denied on the ground that the applicant is not a stakeholder?",Within seven days from the date the information was denied or partially received.,30,,
RI072,Constitution & Law,Complaints and Appeals,Nepali,"सूचना अस्वीकार गरिएको, आंशिक रूपमा दिइएको, गलत सूचना दिइएको वा आवेदक सरोकारवाला नभएको आधारमा सूचना नदिइएको अवस्थामा सम्बन्धित व्यक्तिले कति दिनभित्र प्रमुखसमक्ष उजुरी गर्नुपर्छ?",सूचना अस्वीकार गरिएको वा आंशिक सूचना प्राप्त भएको मितिले सात दिनभित्र।,७ दिन,,
RI073,Constitution & Law,Complaints and Appeals,English,"Within how many days must an aggrieved individual appeal to the Commission against the Chief's decision, and within how many days must the Commission give its final verdict?","The appeal must be filed within thirty-five days of receiving notice of the decision, and the Commission must give its final verdict within sixty days of the appeal.","30 days, 60 days.",,
RI073,Constitution & Law,Complaints and Appeals,Nepali,प्रमुखको निर्णयबाट मर्का परेको व्यक्तिले आयोगसमक्ष कति दिनभित्र पुनरावेदन गर्नुपर्छ र आयोगले अन्तिम निर्णय कति दिनभित्र दिनुपर्छ?,निर्णयको सूचना प्राप्त भएको मितिले पैंतीस दिनभित्र पुनरावेदन गर्नुपर्छ र आयोगले पुनरावेदन परेको मितिले साठी दिनभित्र अन्तिम निर्णय दिनुपर्छ।,प्रमुखको निर्णयबाट मर्का परेको व्यक्तिले आयोगसमक्ष ७ दिनभित्र पुनरावेदन गर्नुपर्छ र आयोगले अन्तिम निर्णय १५ दिनभित्र दिनुपर्छ ।,,
RI074,Constitution & Law,National Information Commission,English,"What independent body is established for the protection, promotion, and practice of the right to information?",An independent National Information Commission.,Right to Information Commission (RTI Commission),,
RI074,Constitution & Law,National Information Commission,Nepali,"सूचनाको हकको संरक्षण, प्रवर्द्धन तथा अभ्यासका लागि कुन स्वतन्त्र निकायको व्यवस्था गरिएको छ?",स्वतन्त्र राष्ट्रिय सूचना आयोग।,"सूचनाको हकको संरक्षण, प्रवर्द्धन तथा अभ्यासका लागि सूचना आयोगको व्यवस्था गरिएको छ ।",,
RI075,Constitution & Law,National Information Commission,English,"How many members comprise the National Information Commission, and what are their positions?",One Chief Information Commissioner and two Information Commissioners.,"The National Information Commission in South Korea has 7 members. 

1. Chairperson
2. 6 commissioners",,
RI075,Constitution & Law,National Information Commission,Nepali,राष्ट्रिय सूचना आयोगमा कति जना सदस्य हुन्छन् र उनीहरूका पदहरू के-के हुन्?,एक जना मुख्य सूचना आयुक्त र दुई जना सूचना आयुक्त।,"राष्ट्रिय सूचना आयोगमा ११ जना सदस्य हुन्छन् र उनीहरूका पदहरू निम्नलिखित हुन्:

१. प्रधानमन्त्री (अध्यक्ष)
२. उपप्रधानमन्त्री (उपाध्यक्ष)
३. विपक्षी दलका नेता (सदस्य)
४. विपक्षी दलका नेताको सहयोगी (सदस्य)
५. सांसद (सदस्य)
६. सांसद (सदस्य)
७. सांसद (स",,
RI076,Constitution & Law,Appointment,English,Who serves as the Chairperson of the committee responsible for recommending the appointment of the Chief Information Commissioner and Information Commissioners?,The Speaker.,The Chairperson of the committee responsible for recommending the appointment of the Chief Information Commissioner and Information Commissioners is the Prime Minister.,,
RI076,Constitution & Law,Appointment,Nepali,मुख्य सूचना आयुक्त तथा सूचना आयुक्तहरूको नियुक्तिका लागि सिफारिस गर्ने समितिको अध्यक्ष को हुन्छ?,सभामुख।,मुख्य सूचना आयुक्त तथा सूचना आयुक्तहरूको नियुक्तिका लागि सिफारिस गर्ने समितिको अध्यक्ष प्रधानमन्त्री हुन्छ।,,
RI077,Constitution & Law,Appointment,English,Which two government positions may serve as the government representative on the recommendation committee for appointing Information Commissioners?,The Minister or State Minister for Information and Communication.,"The two government positions that may serve as the government representative on the recommendation committee for appointing Information Commissioners are:

1. Cabinet Secretary
2. Secretary, Ministry of Personnel, Public Grievances and Pensions",,
RI077,Constitution & Law,Appointment,Nepali,सूचना आयुक्तहरूको नियुक्तिका लागि सिफारिस गर्ने समितिमा सरकारी प्रतिनिधिका रूपमा कुन दुईमध्ये कुनै एक पद रहन सक्छ?,सूचना तथा सञ्चार मन्त्री वा राज्यमन्त्री।,सूचना आयुक्तहरूको नियुक्तिका लागि सिफारिस गर्ने समितिमा सरकारी प्रतिनिधिका रूपमा प्रधानमन्त्री वा उपप्रधानमन्त्री पद रहन सक्छ।,,
RI078,Constitution & Law,Appointment,English,Who serves as the journalist-sector representative on the recommendation committee for appointing the Chief Information Commissioner and Information Commissioners?,The President of the Federation of Nepalese Journalists.,The Secretary of the Press Council of India serves as the journalist-sector representative on the recommendation committee for appointing the Chief Information Commissioner and Information Commissioners.,,
RI078,Constitution & Law,Appointment,Nepali,मुख्य सूचना आयुक्त तथा सूचना आयुक्तहरूको नियुक्तिका लागि सिफारिस गर्ने समितिमा पत्रकारिता क्षेत्रबाट प्रतिनिधित्व गर्ने व्यक्ति को हो?,नेपाल पत्रकार महासंघका अध्यक्ष।,न्यायाधीश,,
RI079,Constitution & Law,Appointment,English,"Who appoints the Chief Information Commissioner and Information Commissioners, and on whose recommendation are they appointed?",The Government of Nepal appoints them on the recommendation of the committee formed under Section 11(3).,"The President of India, on the recommendation of the Prime Minister.",,
RI079,Constitution & Law,Appointment,Nepali,मुख्य सूचना आयुक्त तथा सूचना आयुक्तहरूको नियुक्ति कसले गर्छ र कसको सिफारिसमा नियुक्त गरिन्छ?,नेपाल सरकारले दफा ११(३) बमोजिम गठित समितिको सिफारिसमा उनीहरूको नियुक्ति गर्छ।,मुख्य सूचना आयुक्त तथा सूचना आयुक्तहरूको नियुक्ति प्रधानमन्त्री गर्छ र कसको सिफारिसमा नियुक्त गरिन्छ?,,
RI080,Constitution & Law,Appointment,English,What minimum gender representation requirement applies when appointing the Chief Information Commissioner and Information Commissioners?,At least one female must be included in the appointment.,At least one member of each gender.,,
RI080,Constitution & Law,Appointment,Nepali,मुख्य सूचना आयुक्त तथा सूचना आयुक्तहरूको नियुक्तिमा न्यूनतम लैङ्गिक प्रतिनिधित्वसम्बन्धी के व्यवस्था छ?,कम्तीमा एक जना महिला समावेश हुनुपर्छ।,न्यूनतम लैङ्गिक प्रतिनिधित्व ३५%,,
RI081,Constitution & Law,Appointment,English,What principle should the recommendation committee follow as much as possible when recommending candidates for appointment to the Commission?,The inclusive principle.,The principle of merit.,,
RI081,Constitution & Law,Appointment,Nepali,आयोगमा नियुक्तिका लागि उम्मेदवार सिफारिस गर्दा सिफारिस समितिले सम्भव भएसम्म कुन सिद्धान्त अपनाउनुपर्छ?,समावेशी सिद्धान्त।,सिफारिस समितिले सम्भव भएसम्म नागरिक सिद्धान्त अपनाउनुपर्छ ।,,
RI082,Constitution & Law,Appointment,English,How does the Act distinguish between the mandatory gender requirement and the broader recommendation principle for appointments to the Commission?,"At least one female must be included in the appointment, while the recommendation committee should follow the inclusive principle as much as possible.","The Act distinguishes between the mandatory gender requirement and the broader recommendation principle for appointments to the Commission by specifying that the gender requirement is a ""must"" (Section 4(1)), whereas the recommendation principle is a ""should"" (Section 4(2)).",,
RI082,Constitution & Law,Appointment,Nepali,आयोगमा नियुक्तिसम्बन्धी अनिवार्य लैङ्गिक आवश्यकता र व्यापक सिफारिस सिद्धान्तबीच ऐनले कसरी भिन्नता गर्छ?,नियुक्तिमा कम्तीमा एक जना महिला समावेश हुनुपर्छ भने सिफारिस समितिले सम्भव भएसम्म समावेशी सिद्धान्त अपनाउनुपर्छ।,"आयोगमा नियुक्तिसम्बन्धी अनिवार्य लैङ्गिक आवश्यकता र व्यापक सिफारिस सिद्धान्तबीच ऐनले कसरी भिन्नता गर्छ?

आयोगमा नियुक्तिसम्बन्धी अनिवार्य लैङ्गिक आवश्यकता र व्यापक सिफारिस सिद्धान्त दोनै विभिन्न सिद्धान्त हुन्। अनिवार्य लैङ्गिक आवश्यकता अनुसार, आयोगमा नियुक्ति गर्दा लैङ्गिक आवश्यकता पूर",,
RI083,Constitution & Law,Qualifications,English,What citizenship qualification is required to be appointed as the Chief Information Commissioner or an Information Commissioner?,The person must be a Nepali citizen.,A citizen of India.,,
RI083,Constitution & Law,Qualifications,Nepali,मुख्य सूचना आयुक्त वा सूचना आयुक्तमा नियुक्त हुन नागरिकतासम्बन्धी कस्तो योग्यता आवश्यक हुन्छ?,व्यक्ति नेपाली नागरिक हुनुपर्छ।,"नेपाली नागरिक हुनु, न्यायपालिका अधिकारी हुनु, न्यायाधीश हुनु, न्यायाधीशमा नियुक्त हुनु, न्यायाधीशमा नियुक्त हुनु, न्यायाधीशमा नियुक्त हुनु, न्यायाधीशमा नियुक्त हुनु, न्यायाधीशमा नियुक्त हुनु, न्यायाधीशमा नियुक्त हुनु, न्यायाधीशमा नियुक्त हुनु, न्यायाधीशमा नियुक",,
RI084,Constitution & Law,Qualifications,English,What minimum educational qualification is required for appointment as the Chief Information Commissioner or an Information Commissioner?,At least a Bachelor's Degree from a recognized university.,Bachelor's degree from a recognized university,,
RI084,Constitution & Law,Qualifications,Nepali,मुख्य सूचना आयुक्त वा सूचना आयुक्तमा नियुक्त हुन न्यूनतम शैक्षिक योग्यता के हो?,मान्यता प्राप्त विश्वविद्यालयबाट कम्तीमा स्नातक तहको उपाधि।,"मुख्य सूचना आयुक्त वा सूचना आयुक्तमा नियुक्त हुन न्यूनतम शैक्षिक योग्यता कुल 20 वर्ष को व्यक्ति विशेष गरी जो कि न्यायाधीश, न्यायाधीशको अधिकारी वा न्यायाधीशको अधिकारी भएको व्यक्ति हो भने न्यूनतम शैक्षिक योग्यता कुल 15 वर्ष को व्यक्ति विशेष गरी जो कि न्यायाधीश, न्यायाधीशको अधिकारी व",,
RI085,Constitution & Law,Qualifications,English,How many years of work experience must a person have to qualify for appointment as the Chief Information Commissioner or an Information Commissioner?,At least fifteen years.,25 years,,
RI085,Constitution & Law,Qualifications,Nepali,मुख्य सूचना आयुक्त वा सूचना आयुक्तमा नियुक्त हुन व्यक्तिसँग कति वर्षको कार्य अनुभव हुनुपर्छ?,कम्तीमा पन्ध्र वर्ष।,मुख्य सूचना आयुक्त वा सूचना आयुक्तमा नियुक्त हुन व्यक्तिसँग कमसे कम ५ वर्षको कार्य अनुभव हुनुपर्छ ।,,
RI086,Constitution & Law,Qualifications,English,In which fields must the required fifteen years of work experience be obtained for appointment to the Commission?,"Mass communication, law justice, public administration, information technology, or management.",Judicial and Constitutional Law,,
RI086,Constitution & Law,Qualifications,Nepali,आयोगमा नियुक्तिका लागि आवश्यक पन्ध्र वर्षको कार्य अनुभव कुन-कुन क्षेत्रमा हुनुपर्छ?,"आमसञ्चार, कानून न्याय, सार्वजनिक प्रशासन, सूचना प्रविधि वा व्यवस्थापन।","आयोगमा नियुक्तिका लागि आवश्यक पन्ध्र वर्षको कार्य अनुभव कुन-कुन क्षेत्रमा हुनुपर्छ?

उत्तर: न्यायपालिका क्षेत्रमा",,
RI087,Constitution & Law,Disqualifications,English,What is the effect of not possessing the qualifications prescribed under Section 12 on appointment to the Commission?,The person is disqualified for appointment.,Disqualification.,,
RI087,Constitution & Law,Disqualifications,Nepali,दफा १२ मा तोकिएका योग्यता नभएमा आयोगमा नियुक्तिका सम्बन्धमा के प्रभाव पर्छ?,त्यस्तो व्यक्ति नियुक्तिका लागि अयोग्य हुन्छ।,दफा १२ मा तोकिएका योग्यता नभएमा आयोगमा नियुक्तिका सम्बन्धमा न्यायाधीशले नियुक्ति गर्ने प्रभाव पर्छ।,,
RI088,Constitution & Law,Disqualifications,English,Which categories of persons are disqualified from appointment as Chief Information Commissioner or Information Commissioner under Section 13?,A person lacking the qualifications under Section 12; a person convicted by a court of a criminal offence involving moral turpitude; an incumbent employee of the Government or a Public institution; a person holding a political position; or a person disqualified under prevailing laws.,"A person who is not a citizen of India, a member of Parliament or a member of a State Legislature, a judge of a High Court, a judge of a Supreme Court, a government servant, a public servant, a member of a Board, or a Tribunal established under any law, or a person who has been removed or dismissed from service, or a person who has been convicted of an offence involving moral turpitude.",,
RI088,Constitution & Law,Disqualifications,Nepali,दफा १३ अन्तर्गत मुख्य सूचना आयुक्त वा सूचना आयुक्तमा नियुक्तिका लागि कुन-कुन व्यक्ति अयोग्य हुन्छन्?,दफा १२ बमोजिमको योग्यता नभएको व्यक्ति; नैतिक पतन देखिने फौजदारी कसुरमा अदालतबाट दोषी ठहरिएको व्यक्ति; सरकार वा सार्वजनिक संस्थाको बहालवाला कर्मचारी; राजनीतिक पदमा बहाल रहेको व्यक्ति; वा प्रचलित कानूनबमोजिम नियुक्तिका लागि अयोग्य व्यक्ति।,"दफा १३ अन्तर्गत मुख्य सूचना आयुक्त वा सूचना आयुक्तमा नियुक्तिका लागि निम्न व्यक्ति अयोग्य हुन्छन्:

१. नेपाली संघीय संसदका सदस्य
२. नेपाली संघीय संसदका उपाध्यक्ष
३. नेपाली संघीय संसदका कार्यसमितिका सदस्य
४. नेपाली संघीय संसदका कार्यसमितिका अध्यक्ष
५. नेपाली संघीय संसद",,
RI089,Constitution & Law,Tenure of Office,English,What is the tenure of office of the Chief Information Commissioner and Information Commissioners?,Five years.,5 years,,
RI089,Constitution & Law,Tenure of Office,Nepali,मुख्य सूचना आयुक्त तथा सूचना आयुक्तहरूको पदावधि कति हुन्छ?,पाँच वर्ष।,मुख्य सूचना आयुक्त तथा सूचना आयुक्तहरूको पदावधि ५ वर्ष हुन्छ ।,,
RI090,Constitution & Law,Tenure of Office,English,May the Chief Information Commissioner or an Information Commissioner be re-appointed to the same post after completing a five-year tenure?,"No, they cannot be re-appointed to the same post.",No.,,
RI090,Constitution & Law,Tenure of Office,Nepali,पाँच वर्षको पदावधि पूरा गरेपछि मुख्य सूचना आयुक्त वा सूचना आयुक्तलाई सोही पदमा पुनः नियुक्त गर्न सकिन्छ?,"सकिँदैन, सोही पदमा पुनः नियुक्त गर्न सकिँदैन।",नयाँ,,
RI091,Constitution & Law,Tenure of Office,English,What exception allows an Information Commissioner to be appointed again to another position within the Commission?,"An Information Commissioner may be re-appointed as the Chief Information Commissioner, subject to the applicable tenure provision.",Section 55(2) of the Freedom of Information Act 2000 (as amended by the Investigatory Powers Act 2016),,
RI091,Constitution & Law,Tenure of Office,Nepali,आयोगभित्र सूचना आयुक्तलाई अर्को पदमा पुनः नियुक्त गर्न सकिने अपवाद के हो?,सूचना आयुक्तलाई लागू हुने पदावधिसम्बन्धी प्रावधानको अधीनमा मुख्य सूचना आयुक्तमा पुनः नियुक्त गर्न सकिन्छ।,"सूचना आयुक्तलाई अर्को पदमा पुनः नियुक्त गर्न सकिने अपवाद हो:-

*   सूचना आयुक्तले सूचना आयोगको कार्यकाल समाप्त भए पछि ६ महिना भित्र नियुक्त गर्न सकिने हो।
*   सूचना आयुक्तले सूचना आयोगको कार्यकाल समाप्त भए पछि ६ महिना भित्र नियुक्त गर्न सकिने हो।
*   सूचना आयुक्तले सूचना आयोगको कार",,
RI092,Constitution & Law,Tenure of Office,English,How long before the expiry of the tenure must the recommendation committee recommend new appointments of the Chief Information Commissioner and Information Commissioners?,One month before the expiry of the tenure.,6 months,,
RI092,Constitution & Law,Tenure of Office,Nepali,मुख्य सूचना आयुक्त तथा सूचना आयुक्तहरूको पदावधि समाप्त हुनुभन्दा कति समयअघि सिफारिस समितिले नयाँ नियुक्तिका लागि सिफारिस गर्नुपर्छ?,पदावधि समाप्त हुनुभन्दा एक महिनाअघि।,सिफारिस समितिले नयाँ नियुक्तिका लागि सिफारिस गर्नुपर्छ १५ दिनअघि।,,
RI093,Constitution & Law,Vacancy of Office,English,At what age is the post of the Chief Information Commissioner or Information Commissioner considered vacant?,Upon completing 65 years of age.,65 years,,
RI093,Constitution & Law,Vacancy of Office,Nepali,मुख्य सूचना आयुक्त वा सूचना आयुक्तले कुन उमेर पूरा गरेपछि पद रिक्त भएको मानिन्छ?,६५ वर्ष उमेर पूरा गरेपछि।,उत्तर: ६० वर्ष,,
RI094,Constitution & Law,Vacancy of Office,English,What are the grounds specified in the Act for the post of Chief Information Commissioner or Information Commissioner to become vacant?,Death; completion of 65 years of age; resignation to the Prime Minister; completion of the term of office; conviction by a court for a criminal offence involving moral turpitude; or removal from office under Section 16.,"Retirement, removal from office, or resignation.",,
RI094,Constitution & Law,Vacancy of Office,Nepali,मुख्य सूचना आयुक्त वा सूचना आयुक्तको पद रिक्त हुने ऐनमा उल्लिखित अवस्थाहरू के-के हुन्?,मृत्यु; ६५ वर्ष उमेर पूरा हुनु; प्रधानमन्त्रीसमक्ष राजीनामा दिनु; पदावधि पूरा हुनु; नैतिक पतन देखिने फौजदारी कसुरमा अदालतबाट दोषी ठहरिनु; वा दफा १६ बमोजिम पदबाट हटाइनु।,"मुख्य सूचना आयुक्त वा सूचना आयुक्तको पद रिक्त हुने ऐनमा उल्लिखित अवस्थाहरू निम्नलिखित हुन्-

१. मुख्य सूचना आयुक्त वा सूचना आयुक्तले निर्वाचनमा भाग लिने अवस्थामा रिक्त हुने,
२. मुख्य सूचना आयुक्त वा सूचना आयुक्तले निर्वाचनमा भाग लिने अवस्थामा रिक्त हुने,
३. मुख्य सूचना आयुक्त व",,
RI095,Constitution & Law,Removal from Office,English,What majority is required in the meeting of the Legislature-Parliament to remove the Chief Information Commissioner or an Information Commissioner after the prescribed recommendation?,"A two-thirds majority of the meeting, with at least two-thirds of the total members present.",Two-thirds,,
RI095,Constitution & Law,Removal from Office,Nepali,निर्धारित सिफारिसपछि मुख्य सूचना आयुक्त वा सूचना आयुक्तलाई पदबाट हटाउन व्यवस्थापिका–संसद्को बैठकमा कस्तो बहुमत आवश्यक हुन्छ?,कुल सदस्यको कम्तीमा दुई तिहाइ उपस्थित भएको बैठकको दुई तिहाइ बहुमत।,उत्तर: २/३ बहुमत,,
RI096,Constitution & Law,Removal from Office,English,On what grounds may the Chief Information Commissioner or an Information Commissioner be removed from office under Section 16?,"Incompetence, misbehavior, or failure to carry out duties honestly.",Misbehavior.,,
RI096,Constitution & Law,Removal from Office,Nepali,दफा १६ अन्तर्गत मुख्य सूचना आयुक्त वा सूचना आयुक्तलाई कुन आधारमा पदबाट हटाउन सकिन्छ?,"अयोग्यता, दुर्व्यवहार वा इमानदारीपूर्वक कर्तव्य निर्वाह नगर्नु।","दफा १६ अन्तर्गत मुख्य सूचना आयुक्त वा सूचना आयुक्तलाई पदबाट हटाउन सकिन्छ यदि तिनीहरूले निम्नलिखित कुन्जन कार्य गर्छन:

*   न्यायिक कार्यलाई बाधित गर्छन
*   न्यायिक कार्यलाई बाधित गर्छन
*   न्यायिक कार्यलाई बाधित गर्छन
*   न्यायिक कार्यलाई बाधित गर्छन
*   न्यायिक कार्यलाई बाधित गर्छ",,
RI097,Constitution & Law,Removal from Office,English,What procedural protection must be provided to a Chief Information Commissioner or Information Commissioner facing accusations under Section 16?,A reasonable opportunity to provide clarification.,A fair and impartial inquiry by a serving or retired Chief Justice of a High Court or a Judge of a Supreme Court.,,
RI097,Constitution & Law,Removal from Office,Nepali,दफा १६ अन्तर्गत आरोप लागेका मुख्य सूचना आयुक्त वा सूचना आयुक्तलाई कुन प्रक्रियागत संरक्षण प्रदान गर्नुपर्छ?,उचित स्पष्टीकरणको अवसर।,दफा १६ अन्तर्गत आरोप लागेका मुख्य सूचना आयुक्त वा सूचना आयुक्तलाई कार्यालयीय संरक्षण प्रदान गर्नुपर्छ ।,,
RI098,Constitution & Law,Oath of Office,English,Before whom does the Chief Information Commissioner take the oath of office before assuming office?,The Prime Minister.,The President of India,,
RI098,Constitution & Law,Oath of Office,Nepali,पदभार ग्रहण गर्नुअघि मुख्य सूचना आयुक्तले कसको समक्ष पद तथा गोपनीयताको शपथ लिन्छ?,प्रधानमन्त्री।,"नेपाली संविधान अनुसार, मुख्य सूचना आयुक्तले नेपाली संविधान, नेपाल सरकार, संविधान सभा र न्यायपालिका को समक्ष पद तथा गोपनीयताको शपथ लिन्छ ।",,
RI099,Constitution & Law,Oath of Office,English,Before whom does an Information Commissioner take the oath of office before assuming office?,The Chief Information Commissioner.,The President of India,,
RI099,Constitution & Law,Oath of Office,Nepali,पदभार ग्रहण गर्नुअघि सूचना आयुक्तले कसको समक्ष पद तथा गोपनीयताको शपथ लिन्छ?,मुख्य सूचना आयुक्त।,"नेपाली संविधान अनुसार, सूचना आयुक्तले नेपाली संविधान कार्यालयको समक्ष पद तथा गोपनीयताको शपथ लिन्छ ।",,
RI100,Constitution & Law,Commission Powers,English,What types of actions may the Commission take regarding information held by Public Bodies?,"It may observe and study records and documents of public importance, order Public Bodies to enlist and manage information-related records and materials, order information to be made public, prescribe a timeframe for providing requested information, order parties to fulfill liabilities under the Act, provide suggestions and recommendations, and issue appropriate orders for protecting, promoting, and exercising the right to information.","The Commission may:

* Conduct an investigation
* Conduct a review
* Conduct an inquiry
* Conduct an investigation under Article 41 of the Freedom of Information Act 2000
* Conduct a review under Article 58 of the Freedom of Information Act 2000
* Conduct an inquiry under Article 47 of the Freedom of Information Act 2000
* Take enforcement action, including issuing a decision notice or an information notice
* Take enforcement action, including issuing a decision notice or an information notice under the Environmental Information Regulations 2004
* Take enforcement action, including issuing a decision notice or an information notice under the Re-use of Public Sector Information Regulations 2015",,
RI100,Constitution & Law,Commission Powers,Nepali,सार्वजनिक निकायमा रहेको सूचनाका सम्बन्धमा आयोगले कस्ता कार्य गर्न सक्छ?,"आयोगले सार्वजनिक महत्वका अभिलेख तथा दस्तावेजको अवलोकन र अध्ययन गर्न, सार्वजनिक निकायलाई सूचनासम्बन्धी अभिलेख तथा सामग्री सूचीबद्ध र व्यवस्थापन गर्न आदेश दिन, सूचना सार्वजनिक गर्न आदेश दिन, माग गरिएको सूचना उपलब्ध गराउने समयसीमा तोक्न, ऐनबमोजिमको दायित्व पूरा गर्न सम्बन्धित पक्षलाई आदेश दिन, सुझाव तथा सिफारिस दिन र सूचनाको हकको संरक्षण, प्रवर्द्धन तथा अभ्याससम्बन्धी उपयुक्त आदेश जारी गर्न सक्छ।","सार्वजनिक निकायमा रहेको सूचनाका सम्बन्धमा आयोगले निम्न कार्य गर्न सक्छ:

१. सूचनाको प्रकाशन
२. सूचनाको प्रकाशनको प्रक्रिया सम्बन्धी जानकारी प्रदान गर्न
३. सूचनाको प्रकाशनमा सम्बन्धित नियमावली प्रकाशित गर्न
४. सूचनाको प्रकाशनमा सम्बन्धित नियमावली प्रकाशित गर्न
५. सूचनाको प्रकाशनमा सम्बन्ध",,
RI101,Constitution & Law,Delegation of Power,English,Which power of the Commission may not be delegated under Section 20?,The power to hear and decide an appeal under Section 9.,"Powers of the Commission under Section 20 of the Commission of Sati (Prevention) Act, 1987, may not be delegated.",,
RI101,Constitution & Law,Delegation of Power,Nepali,दफा २० अन्तर्गत आयोगको कुन अधिकार प्रत्यायोजन गर्न सकिँदैन?,दफा ९ अन्तर्गत पुनरावेदन सुन्ने र निर्णय गर्ने अधिकार।,दफा २० अन्तर्गत आयोगको कुनै पनि अधिकार प्रत्यायोजन गर्न सकिँदैन।,,
RI102,Constitution & Law,Office and Administration,English,"Where is the central office of the National Information Commission located, and where else may it open offices?","The central office is in Kathmandu Valley, and offices may be opened in various places of the country as necessary.","The central office of the National Information Commission is located in Seoul, South Korea. 

Offices may be opened in other cities, including Busan, Daegu, Daejeon, Gwangju, and Jeju.",,
RI102,Constitution & Law,Office and Administration,Nepali,राष्ट्रिय सूचना आयोगको केन्द्रीय कार्यालय कहाँ रहनेछ र आयोगले अन्यत्र कहाँ कार्यालय खोल्न सक्छ?,केन्द्रीय कार्यालय काठमाडौं उपत्यकामा रहनेछ र आवश्यकताअनुसार देशका विभिन्न स्थानमा कार्यालय खोल्न सकिन्छ।,काठमाडौँ र अन्यत्र ५ क्षेत्रीय कार्यालय,,
RI103,Constitution & Law,Commission Administration and Finance,English,Who is responsible for managing the staff and arranging the necessary budget for the Commission?,The Government of Nepal.,The Secretary-General.,,
RI103,Constitution & Law,Commission Administration and Finance,Nepali,आयोगका लागि आवश्यक कर्मचारी र बजेटको व्यवस्था गर्ने जिम्मेवारी कसको हो?,नेपाल सरकार।,आयोगका लागि आवश्यक कर्मचारी र बजेटको व्यवस्था गर्ने जिम्मेवारी सरकारको हो।,,
RI104,Constitution & Law,Commission Finance,English,"From what other sources may the Commission receive necessary financial resources, and what condition applies?",It may receive necessary financial resources from other sectors after obtaining prior permission from the Government of Nepal.,Loans and grants from international organizations and governments.,,
RI104,Constitution & Law,Commission Finance,Nepali,आयोगले अन्य क्षेत्रबाट आवश्यक आर्थिक स्रोत प्राप्त गर्न सक्छ भने त्यसमा कुन शर्त लागू हुन्छ?,नेपाल सरकारको पूर्व स्वीकृति लिएपछि अन्य क्षेत्रबाट आवश्यक आर्थिक स्रोत प्राप्त गर्न सक्छ।,आयोगले अन्य क्षेत्रबाट आवश्यक आर्थिक स्रोत प्राप्त गर्न सक्छ भने त्यसमा नेपाल सरकारले दिने अनुमति लागू हुन्छ ।,,
RI105,Constitution & Law,Commission Cooperation,English,What are Public Bodies required to provide to the Commission in relation to its activities?,Necessary cooperation.,"Information, documents, and evidence.",,
RI105,Constitution & Law,Commission Cooperation,Nepali,आयोगका गतिविधिहरूका सम्बन्धमा सार्वजनिक निकायहरूले के उपलब्ध गराउनुपर्छ?,आवश्यक सहयोग।,"आयोगका गतिविधिहरूका सम्बन्धमा सार्वजनिक निकायहरूले निम्नलिखित उपलब्ध गराउनुपर्छ:

१. आयोगका कार्यालय, कार्यालयका स्थान, सञ्चालनको विवरण
२. आयोगका कार्यालयको सञ्चालन, आयोगका कार्यालयको सञ्चालन, आयोगका कार्यालयको सञ्चालन
३. आयोगका कार्यालयको सञ्चालन, आयोगका कार्य",,
RI106,Constitution & Law,Annual Report,English,"To whom and through whom must the Commission submit its annual report, and what must it subsequently do with the report?",It must submit the annual report of its activities to the Legislature-Parliament through the Prime Minister and publish the report publicly for public notice.,"The Commission must submit its annual report to the President of the Republic and the National Assembly, through the Prime Minister.",,
RI106,Constitution & Law,Annual Report,Nepali,आयोगले आफ्नो वार्षिक प्रतिवेदन कसलाई र कसको माध्यमबाट पेश गर्नुपर्छ तथा त्यसपछि प्रतिवेदनका सम्बन्धमा के गर्नुपर्छ?,प्रधानमन्त्रीमार्फत व्यवस्थापिका–संसद्मा आफ्नो गतिविधिको वार्षिक प्रतिवेदन पेश गरी सार्वजनिक जानकारीका लागि प्रतिवेदन सार्वजनिक गर्नुपर्छ।,आयोगले आफ्नो वार्षिक प्रतिवेदन संसदमा र कार्यकारी प्रधानमन्त्रीको माध्यमबाट पेश गर्नुपर्छ तथा त्यसपछि प्रतिवेदनका सम्बन्धमा संसदको विशेष समितिले जाँच गर्नुपर्छ।,,
RI107,Constitution & Law,Government Relations,English,Through which ministry must the Commission contact the Government of Nepal?,The Ministry of Information and Communication.,Ministry of Home Affairs,,
RI107,Constitution & Law,Government Relations,Nepali,आयोगले नेपाल सरकारसँग कुन मन्त्रालयमार्फत सम्पर्क गर्नुपर्छ?,सूचना तथा सञ्चार मन्त्रालय।,"आयोगले नेपाल सरकारसँग कानून, संविधान तथा संसदीय कार्य मन्त्रालयमार्फत सम्पर्क गर्नुपर्छ ।",,
RI108,Constitution & Law,Information Classification,English,Who chairs the committee responsible for classifying information held by Public Bodies at the policy level?,The Chief Secretary of the Government of Nepal.,The Information Commissioner.,,
RI108,Constitution & Law,Information Classification,Nepali,सार्वजनिक निकायमा रहेको सूचनालाई नीतिगत तहमा वर्गीकरण गर्ने समितिको अध्यक्ष को हुन्छ?,नेपाल सरकारका मुख्य सचिव।,सार्वजनिक निकायमा रहेको सूचनालाई नीतिगत तहमा वर्गीकरण गर्ने समितिको अध्यक्ष प्रधानमन्त्री हुन्छ।,,
RI109,Constitution & Law,Information Classification,English,Who are the other two members of the committee responsible for classifying information at the policy level?,The Secretary of the concerned Ministry and an expert in the concerned subject assigned by the Chief of Office or Chairperson.,I don't have information on the specific committee responsible for classifying information at the policy level.,,
RI109,Constitution & Law,Information Classification,Nepali,नीतिगत तहमा सूचना वर्गीकरण गर्ने समितिका अन्य दुई सदस्यहरू को-को हुन्छन्?,सम्बन्धित मन्त्रालयका सचिव र कार्यालय प्रमुख वा अध्यक्षले तोकेको सम्बन्धित विषयको विशेषज्ञ।,के.पी. श्रीवास्तव र प्रो. रमेश धकाल,,
RI110,Constitution & Law,Information Classification,English,What two matters must the information-classification committee determine and report to the Commission regarding classified information?,The number of years the information should remain confidential and the method for protecting the information.,The need for and the extent of the need for continued classification.,,
RI110,Constitution & Law,Information Classification,Nepali,सूचना वर्गीकरण समितिले वर्गीकृत सूचनाका सम्बन्धमा कुन दुई विषय निर्धारण गरी आयोगलाई जानकारी गराउनुपर्छ?,सूचना कति वर्ष गोप्य राख्ने र सूचनाको संरक्षण गर्ने विधि।,"सूचना वर्गीकरण समितिले वर्गीकृत सूचनाका सम्बन्धमा ""सूचना वर्गीकरण"" र ""सूचना वर्गीकरण प्रणाली"" निर्धारण गरी आयोगलाई जानकारी गराउनुपर्छ।",,
RI111,Constitution & Law,Information Classification,English,What remedy is available to a person dissatisfied with the classification of information by the committee?,The person may file a review petition before the Commission to make the information public.,A right of appeal to the Information Commissioner.,,
RI111,Constitution & Law,Information Classification,Nepali,समितिले गरेको सूचना वर्गीकरणबाट असन्तुष्ट व्यक्तिले कुन उपचारको माग गर्न सक्छ?,व्यक्तिले सूचना सार्वजनिक गराउन आयोगसमक्ष पुनरावलोकनको निवेदन दिन सक्छ।,अन्तर्विभागीय समिति,,
RI112,Constitution & Law,Information Classification,English,"What may the Commission do if, during its review, it finds that classified information no longer needs to remain confidential?",It may issue an order to make the information public.,Declassify the information.,,
RI112,Constitution & Law,Information Classification,Nepali,पुनरावलोकनका क्रममा वर्गीकृत सूचना गोप्य राखिरहन आवश्यक छैन भन्ने आयोगलाई लागेमा आयोगले के गर्न सक्छ?,सूचनालाई सार्वजनिक गर्न आदेश दिन सक्छ।,आयोगले सूचना गोप्य राखिरहेको क्रममा पुनरावलोकन गर्न सक्छ।,,
RI113,Constitution & Law,Information Classification,English,What is the maximum period for which information classified as confidential may be kept confidential under Section 28?,Thirty years.,20 years,,
RI113,Constitution & Law,Information Classification,Nepali,दफा २८ अन्तर्गत गोप्य रूपमा वर्गीकृत सूचना अधिकतम कति अवधिसम्म गोप्य राख्न सकिन्छ?,तीस वर्ष।,दफा २८ अन्तर्गत गोप्य रूपमा वर्गीकृत सूचना अधिकतम १० वर्षसम्म गोप्य राख्न सकिन्छ।,,
RI114,Constitution & Law,Information Classification,English,How frequently must the committee review whether information classified as confidential still needs to remain confidential?,Every ten years.,At least annually.,,
RI114,Constitution & Law,Information Classification,Nepali,गोप्य रूपमा वर्गीकृत सूचना अझै गोप्य राख्न आवश्यक छ वा छैन भनेर समितिले कति अवधिमा पुनरावलोकन गर्नुपर्छ?,प्रत्येक दस वर्षमा।,उत्तर: १० वर्ष,,
RI115,Constitution & Law,Information Classification,English,How do the maximum confidentiality period and the mandatory review period differ under Section 28?,"Information may be kept confidential for a maximum of thirty years, but the committee must review the need for continued confidentiality every ten years.","Under Section 28, the maximum confidentiality period is 100 years, while the mandatory review period is 50 years.",,
RI115,Constitution & Law,Information Classification,Nepali,दफा २८ अन्तर्गत अधिकतम गोपनीयता अवधि र अनिवार्य पुनरावलोकन अवधिबीच के भिन्नता छ?,"सूचना अधिकतम तीस वर्षसम्म गोप्य राख्न सकिन्छ, तर गोपनीयता कायम राख्न आवश्यक छ वा छैन भनेर समितिले प्रत्येक दस वर्षमा पुनरावलोकन गर्नुपर्छ।",दफा २८ अन्तर्गत अधिकतम गोपनीयता अवधि १ वर्ष र अनिवार्य पुनरावलोकन अवधि ३ वर्ष हो ।,,
RI116,Constitution & Law,Information Classification,English,"After a ten-year review, what options does the committee have if it determines that continued confidentiality is necessary or unnecessary?","It may determine an additional confidentiality period and continue classification as confidential, or classify the information as non-confidential if continued confidentiality is unnecessary.",The committee can either continue or terminate confidentiality.,,
RI116,Constitution & Law,Information Classification,Nepali,दस वर्षको पुनरावलोकनपछि सूचना थप समय गोप्य राख्न आवश्यक वा अनावश्यक ठहरिएमा समितिले के-कस्ता निर्णय गर्न सक्छ?,थप गोपनीयता अवधि तोकी सो अवधिका लागि गोप्य वर्गीकरण कायम राख्न वा गोप्य राख्न आवश्यक नभएमा गैर-गोप्य रूपमा वर्गीकरण गर्न सक्छ।,अनावश्यक,,
RI117,Constitution & Law,Information Classification,English,"If a person challenges the classification of information and the Commission determines during review that confidentiality is unnecessary, what procedural sequence follows?","The person files a review petition before the Commission, the Commission reviews the classification, and if it finds confidentiality unnecessary, it orders the information to be made public.",The Commission declassifies the information.,,
RI117,Constitution & Law,Information Classification,Nepali,कुनै व्यक्तिले सूचना वर्गीकरणलाई चुनौती दिएपछि पुनरावलोकनका क्रममा गोपनीयता आवश्यक छैन भन्ने आयोगले ठहर गरेमा के प्रक्रियागत क्रम लागू हुन्छ?,"व्यक्तिले आयोगसमक्ष पुनरावलोकनको निवेदन दिन्छ, आयोगले वर्गीकरणको पुनरावलोकन गर्छ र गोपनीयता आवश्यक नभएमा सूचना सार्वजनिक गर्न आदेश दिन्छ।",प्रक्रियागत क्रम लागू हुन्छ।,,
RI118,Constitution & Law,Personal Information Protection,English,What responsibility does a Public Body have regarding personal information held by it?,It must protect the information from unauthorized publication and broadcasting.,"To comply with the Data Protection Act 2018, a Public Body must:

* Process personal data fairly and lawfully
* Keep personal data accurate and up to date
* Ensure personal data is not kept longer than necessary
* Permit individuals to access their personal data
* Take care to prevent unauthorised access to personal data
* Notify individuals if their personal data is lost or stolen",,
RI118,Constitution & Law,Personal Information Protection,Nepali,सार्वजनिक निकायले आफूसँग रहेको व्यक्तिगत सूचनाका सम्बन्धमा के जिम्मेवारी वहन गर्नुपर्छ?,अनधिकृत प्रकाशन तथा प्रसारणबाट सूचनाको संरक्षण गर्नुपर्छ।,सार्वजनिक निकायले आफूसँग रहेको व्यक्तिगत सूचनाका सम्बन्धमा जिम्मेवारी वहन गर्नुपर्छ नभइदिने व्यक्ति को नागरिक कर्तबस्ती गर्नुपर्छ ।,,
RI119,Constitution & Law,Personal Information Protection,English,What is generally required before personal information held by a Public Body may be used?,The written consent of the concerned person.,Consent.,,
RI119,Constitution & Law,Personal Information Protection,Nepali,सार्वजनिक निकायमा रहेको व्यक्तिगत सूचना प्रयोग गर्न सामान्यतया के आवश्यक हुन्छ?,सम्बन्धित व्यक्तिको लिखित सहमति।,सार्वजनिक निकायमा रहेको व्यक्तिगत सूचना प्रयोग गर्न सामान्यतया निजी सूचना अधिकार (Right to Information) को प्रयोग गर्न आवश्यक हुन्छ।,,
RI120,Constitution & Law,Personal Information Protection,English,Under what three circumstances may personal information be used without the written consent of the concerned person?,To prevent a serious threat to a person's life or body or to public health or security; when disclosure is required by prevailing laws; or when required to control corruption offences.,"Section 8 of the Data Protection Act 1998 (UK) states that personal information may be used without the written consent of the concerned person in the following three circumstances:

1. Where the use of the information is necessary for the purposes of preventing or detecting crime.
2. Where the use of the information is necessary for the purposes of exercising a right or power conferred by law on the data controller.
3. Where the use of the information is necessary for the administration of justice.",,
RI120,Constitution & Law,Personal Information Protection,Nepali,सम्बन्धित व्यक्तिको लिखित सहमतिबिना व्यक्तिगत सूचना कुन तीन अवस्थामा प्रयोग गर्न सकिन्छ?,व्यक्तिको जीवन वा शरीर वा सार्वजनिक स्वास्थ्य वा सुरक्षामा गम्भीर खतरा रोक्न; प्रचलित कानूनबमोजिम खुलासा गर्न आवश्यक भएमा; वा भ्रष्टाचारसम्बन्धी अपराध नियन्त्रण गर्न आवश्यक भएमा।,"व्यक्तिगत सूचना कुन तीन अवस्थामा प्रयोग गर्न सकिन्छ?

१. व्यक्तिगत सूचना कुन तीन अवस्थामा प्रयोग गर्न सकिन्छ? - व्यक्तिगत सूचना कुन तीन अवस्थामा प्रयोग गर्न सकिन्छ? - व्यक्तिगत सूचना कुन तीन अवस्थामा प्रयोग गर्न सकिन्छ? - व्यक्तिगत सूचना कुन तीन अवस्थामा प्रयोग गर्न सकिन्छ? - व्यक्तिगत सूचना कुन तीन अवस",,
RI121,Constitution & Law,Whistleblower Protection,English,"What duty does an employee of a Public Body have regarding ongoing or probable corruption, irregularities, or acts constituting offences?",The employee must provide information about them.,To report it to the appropriate authority.,,
RI121,Constitution & Law,Whistleblower Protection,Nepali,"सार्वजनिक निकायका कर्मचारीले भइरहेको वा सम्भावित भ्रष्टाचार, अनियमितता वा कसुर हुने कार्यका सम्बन्धमा के कर्तव्य पूरा गर्नुपर्छ?",त्यस्ता विषयमा सूचना उपलब्ध गराउनुपर्छ।,"सार्वजनिक निकायका कर्मचारीले भइरहेको वा सम्भावित भ्रष्टाचार, अनियमितता वा कसुर हुने कार्यका सम्बन्धमा कार्यालयका प्रमुखले कार्यालयको प्रमुखले कार्यालयको प्रमुखले कार्यालयको प्रमुखले कार्यालयको प्रमुखले कार्यालयको प्रमुखले कार्यालयको प्रमुखले कार्यालयको प्रमुखले कार्यालयको प",,
RI122,Constitution & Law,Whistleblower Protection,English,What duty does the recipient of information have regarding the identity of a whistleblower?,The recipient must keep the whistleblower's identity confidential.,Confidentiality.,,
RI122,Constitution & Law,Whistleblower Protection,Nepali,सूचना प्राप्त गर्ने व्यक्तिले सूचनादाताको पहिचानका सम्बन्धमा के कर्तव्य पूरा गर्नुपर्छ?,सूचनादाताको पहिचान गोप्य राख्नुपर्छ।,"सूचनादाताको पहिचानका सम्बन्धमा सूचना प्राप्त गर्ने व्यक्तिले सूचनादाताको पहिचानका सम्बन्धमा निम्नलिखित कर्तव्य पूरा गर्नुपर्छ:

१. सूचनादाताको पहिचानका सम्बन्धमा सूचना प्राप्त गर्ने व्यक्तिले सूचनादाताको पहिचानका सम्बन्धमा सूचना प्राप्त गर्ने व्यक्तिले सूचनादाताको पहिचानका सम्बन्धमा सूचना प्राप्त गर्ने",,
RI123,Constitution & Law,Whistleblower Protection,English,What forms of retaliation against a whistleblower are prohibited for providing information under Section 30?,"The whistleblower may not be terminated, punished with legal responsibility, or caused loss or harm.","Retaliation against a whistleblower for providing information under Section 30 is prohibited in the following forms:

*   Termination of employment
*   Demotion
*   Reduction in pay or benefits
*   Loss of professional standing or reputation
*   Intimidation or harassment
*   Blacklisting or retaliation in the workplace
*   Refusal to hire or promote
*   Denial of access to facilities or information
*   Other adverse personnel action",,
RI123,Constitution & Law,Whistleblower Protection,Nepali,दफा ३० अन्तर्गत सूचना दिएको कारण सूचनादातामाथि कस्ता प्रतिशोधात्मक कार्य गर्न निषेध गरिएको छ?,"सूचनादातालाई सेवाबाट हटाउन, कानूनी जिम्मेवारीसहित दण्डित गर्न वा कुनै हानि वा क्षति पुर्‍याउन पाइँदैन।",दफा ३० अन्तर्गत सूचना दिएको कारण सूचनादातामाथि कस्ता प्रतिशोधात्मक कार्य गर्न निषेध गरिएको छ- कारावास पाँच वर्षसम्म र या त्यसबेलामा अर्थदण्ड रूपीमा पाँच हजार रुपियाँसम्म।,,
RI124,Constitution & Law,Whistleblower Protection,English,"If a whistleblower is removed from office or otherwise harmed in violation of the protection under Section 30, what remedies may the whistleblower seek?",The whistleblower may complain to the Commission and demand revocation of the decision and compensation.,"The whistleblower may seek:

*   Reinstatement to their position
*   Back pay and benefits
*   Damages for emotional distress and harm suffered
*   Injunctive relief to prevent further harm
*   A court order to restore their good name and reputation
*   A finding of liability against the government agency or employer
*   A court-ordered investigation into the circumstances surrounding the harm
*   A court-ordered report on the findings of the investigation",,
RI124,Constitution & Law,Whistleblower Protection,Nepali,दफा ३० अन्तर्गतको संरक्षणविपरीत सूचनादातालाई पदबाट हटाइएमा वा अन्यथा हानि पुर्‍याइएमा सूचनादाताले कुन उपचार माग्न सक्छ?,सूचनादाताले आयोगसमक्ष उजुरी गरी निर्णय बदर र क्षतिपूर्तिको माग गर्न सक्छ।,सूचनादाताले दफा ३० अन्तर्गतको संरक्षणविपरीत सूचनादातालाई पदबाट हटाइएमा वा अन्यथा हानि पुर्‍याइएमा सूचनादाताले न्यायालयमा अपील माग्न सक्छ ।,,
RI125,Constitution & Law,Whistleblower Protection,English,What may the Commission order if its investigation finds that a whistleblower was removed from office or suffered damage in violation of Section 30(3)?,It may order revocation of the removal decision and compensation for any damage caused to the whistleblower.,"Reinstatement of the whistleblower to their office, and payment of compensation for any damage suffered.",,
RI125,Constitution & Law,Whistleblower Protection,Nepali,दफा ३०(३) को उल्लङ्घन गरी सूचनादातालाई पदबाट हटाइएको वा क्षति पुर्‍याइएको पाइएमा आयोगले के आदेश दिन सक्छ?,पदबाट हटाउने निर्णय बदर गर्न र सूचनादातालाई भएको क्षतिको क्षतिपूर्ति दिन आदेश गर्न सक्छ।,प्रश्नको उत्तर दिने पूर्व कुनै टिप्पणी नगरी केवल तथ्यगत उत्तर दिने को लागि निम्नलिखित उत्तर दिने को लागि निम्नलिखित उत्तर दिने को लागि निम्नलिखित उत्तर दिने को लागि निम्नलिखित उत्तर दिने को लागि निम्नलिखित उत्तर दिने को लागि निम्नलिखित उत्तर दिने को लागि निम्नलिखित उत्तर दिने को लाग,,
RI126,Constitution & Law,Whistleblower Protection,English,How does the Act protect a whistleblower's identity differently from protecting the whistleblower against retaliation?,"The recipient must keep the whistleblower's identity confidential, while the whistleblower is protected from termination, legal punishment, loss, or harm for providing information.","The Act protects a whistleblower's identity by allowing the whistleblower to remain anonymous when reporting a violation, whereas protection against retaliation is provided to the whistleblower regardless of whether their identity is disclosed or not.",,
RI126,Constitution & Law,Whistleblower Protection,Nepali,ऐनले सूचनादाताको पहिचानको गोपनीयता र प्रतिशोधबाट संरक्षणलाई कसरी फरक रूपमा व्यवस्था गरेको छ?,"सूचना प्राप्तकर्ताले सूचनादाताको पहिचान गोप्य राख्नुपर्छ भने सूचना दिएको कारण सूचनादातालाई सेवाबाट हटाउने, कानूनी दण्ड दिने वा हानि पुर्‍याउने कार्यबाट संरक्षण गरिन्छ।","उत्तर: सूचनादाताको पहिचानको गोपनीयता र प्रतिशोधबाट संरक्षणलाई सूचनादाता पहिचानको गोपनीयता र प्रतिशोधबाट संरक्षण नियम, २०७९ (सूचनादाता पहिचानको गोपनीयता र प्रतिशोधबाट संरक्षण नियम, २०७९) अनुसार व्यवस्था गरेको छ ।",,
RI127,Constitution & Law,Misuse of Information,English,What restriction applies to a person who obtains information from a Public Body?,The person must not misuse the information or use it for a purpose different from the purpose for which it was obtained.,The Public Records Act and the Freedom of Information Act (FOIA) restrict the use of information obtained from a Public Body.,,
RI127,Constitution & Law,Misuse of Information,Nepali,सार्वजनिक निकायबाट सूचना प्राप्त गर्ने व्यक्तिमाथि कस्तो प्रतिबन्ध लागू हुन्छ?,व्यक्तिले सूचनाको दुरुपयोग गर्न वा जुन प्रयोजनका लागि प्राप्त गरेको हो त्यसबाहेक अन्य प्रयोजनका लागि प्रयोग गर्न हुँदैन।,सार्वजनिक निकायबाट सूचना प्राप्त गर्ने व्यक्तिमाथि कस्तो प्रतिबन्ध लागू हुन्छ? सार्वजनिक निकायबाट सूचना प्राप्त गर्ने व्यक्तिमाथि कस्तो प्रतिबन्ध लागू हुन्छ? सार्वजनिक निकायबाट सूचना प्राप्त गर्ने व्यक्तिमाथि कस्तो प्रतिबन्ध लागू हुन्छ? सार्वजनिक निकायबाट सूचना प्राप्त गर्ने व्यक्तिम,,
RI128,Constitution & Law,Misuse of Information,English,Who may complain to the Commission when information obtained from a Public Body is misused?,The concerned Public Body.,Any person who has suffered or is likely to suffer loss or injury as a result of the misuse.,,
RI128,Constitution & Law,Misuse of Information,Nepali,सार्वजनिक निकायबाट प्राप्त सूचना दुरुपयोग भएमा आयोगसमक्ष कसले उजुरी गर्न सक्छ?,सम्बन्धित सार्वजनिक निकाय।,सार्वजनिक निकायबाट प्राप्त सूचना दुरुपयोग भएमा आयोगसमक्ष न्यायाधीशले उजुरी गर्न सक्छ ।,,
RI129,Constitution & Law,Personal Information and Misuse,English,How does the protection of personal information under Section 29 differ from the prohibition on misuse of information under Section 31?,"Section 29 restricts unauthorized use and disclosure of personal information, while Section 31 restricts a recipient's misuse of information or use for a purpose different from the purpose for which it was obtained.","Section 29 requires organizations to protect personal information, while Section 31 prohibits the misuse of personal information.",,
RI129,Constitution & Law,Personal Information and Misuse,Nepali,दफा २९ अन्तर्गत व्यक्तिगत सूचनाको संरक्षण र दफा ३१ अन्तर्गत सूचनाको दुरुपयोग निषेधबीच के भिन्नता छ?,दफा २९ ले व्यक्तिगत सूचनाको अनधिकृत प्रयोग तथा प्रकाशनलाई सीमित गर्छ भने दफा ३१ ले प्राप्तकर्ताले सूचनाको दुरुपयोग गर्ने वा प्राप्तिको उद्देश्यभन्दा फरक उद्देश्यमा प्रयोग गर्ने कार्यलाई निषेध गर्छ।,"दफा २९ अन्तर्गत व्यक्तिगत सूचनाको संरक्षण र दफा ३१ अन्तर्गत सूचनाको दुरुपयोग निषेधमा भिन्नता छ। दफा २९ अन्तर्गत व्यक्तिगत सूचनाको संरक्षणमा कुनै व्यक्ति व्यक्तिगत सूचना प्राप्त गर्दा सूचना प्रदाताले सूचना प्राप्त गर्ने उद्देश्य, सूचना प्राप्त गर्ने व्यक्तिको नाम, पत्ता, फोन नम्बर, ई",,
RI130,Constitution & Law,Information Protection,English,"If a person lawfully obtains information from a Public Body but later uses it for a different purpose from the purpose for which it was obtained, which provision is potentially violated and who may complain?","Section 31 may be violated, and the concerned Public Body may complain to the Commission.","The provision potentially violated is the Freedom of Information Act 2000, section 40(5) (in England and Wales) or the equivalent provision in the relevant country's legislation (e.g., Scotland, Northern Ireland).

The person who may complain is the Public Body that originally provided the information.",,
RI130,Constitution & Law,Information Protection,Nepali,कुनै व्यक्तिले सार्वजनिक निकायबाट सूचना कानूनी रूपमा प्राप्त गरे पनि पछि प्राप्त गरेको उद्देश्यभन्दा फरक उद्देश्यमा प्रयोग गरेमा कुन प्रावधान सम्भावित रूपमा उल्लङ्घन हुन्छ र कसले उजुरी गर्न सक्छ?,दफा ३१ उल्लङ्घन हुन सक्छ र सम्बन्धित सार्वजनिक निकायले आयोगसमक्ष उजुरी गर्न सक्छ।,सूचना कानूनमा उल्लेखित प्रावधान सम्भावित रूपमा उल्लङ्घन हुन्छ कानून १४(१) र कसले उजुरी गर्न सक्छ कानून १४(२) ।,,
RI131,Constitution & Law,Information Protection,English,"A person reports probable corruption by a Public Body employee, the recipient discloses the person's identity, and the person is then removed from employment. Which protections under the Act are implicated?",The duty to keep the whistleblower's identity confidential and the protection against removal or other harm for providing information.,The protections under the Whistleblowers Protection Act (WPA) are implicated.,,
RI131,Constitution & Law,Information Protection,Nepali,कुनै व्यक्तिले सार्वजनिक निकायका कर्मचारीको सम्भावित भ्रष्टाचारबारे सूचना दिएपछि सूचना प्राप्तकर्ताले उसको पहिचान सार्वजनिक गर्छ र त्यसपछि उसलाई सेवाबाट हटाइन्छ भने ऐनअन्तर्गत कुन संरक्षणहरू प्रभावित हुन्छन्?,सूचनादाताको पहिचान गोप्य राख्ने कर्तव्य तथा सूचना दिएको कारण सेवाबाट हटाउने वा अन्य हानि पुर्‍याउने कार्यविरुद्धको संरक्षण।,सूचना प्राप्तकर्ताले पहिचान सार्वजनिक गर्दा र सेवाबाट हटाइने व्यक्तिले संरक्षण प्राप्त गर्ने ऐनअन्तर्गत संरक्षण प्रभावित हुन्छन् ।,,
RI132,Constitution & Law,Punishment and Penalties,English,"What fine may the Commission impose on the Chief of a Public Body or Information Officer who, without valid reason, withholds, refuses, partially provides, or provides wrong information, or destroys information?","A fine from NPR 1,000 to NPR 25,000.","€5,000",,
RI132,Constitution & Law,Punishment and Penalties,Nepali,"कुनै वैध कारणबिना सूचना लुकाउने, दिन अस्वीकार गर्ने, आंशिक वा गलत सूचना दिने वा सूचना नष्ट गर्ने सार्वजनिक निकायको प्रमुख वा सूचना अधिकारीलाई आयोगले कति जरिवाना गर्न सक्छ?","रु. १,००० देखि रु. २५,००० सम्म जरिवाना।",सार्वजनिक निकायको प्रमुख वा सूचना अधिकारीलाई आयोगले ५००००० रुपैयाँ जरिवाना गर्न सक्छ।,,
RI133,Constitution & Law,Punishment and Penalties,English,"Which two officials may be fined under Section 32(1) for unjustifiably withholding, refusing, partially providing, or providing wrong information, or destroying information?",The Chief of the Public Body and the Information Officer.,"The two officials who may be fined under Section 32(1) are:

1. The Chief Information Commissioner
2. Any Information Commissioner",,
RI133,Constitution & Law,Punishment and Penalties,Nepali,"सूचना लुकाउने, दिन अस्वीकार गर्ने, आंशिक वा गलत सूचना दिने वा सूचना नष्ट गर्ने कार्यका लागि दफा ३२(१) अन्तर्गत कुन दुई पदाधिकारीलाई जरिवाना गर्न सकिन्छ?",सार्वजनिक निकायको प्रमुख र सूचना अधिकारी।,"सूचना लुकाउने, दिन अस्वीकार गर्ने, आंशिक वा गलत सूचना दिने वा सूचना नष्ट गर्ने कार्यका लागि दफा ३२(१) अन्तर्गत पुलिस अधिकृत र सरकारी कर्मचारीलाई जरिवाना गर्न सकिन्छ ।",,
RI134,Constitution & Law,Punishment and Penalties,English,What is the daily fine for unjustified delay in providing information that should have been provided within the prescribed time?,NPR 200 per day of delay.,€150,,
RI134,Constitution & Law,Punishment and Penalties,Nepali,निर्धारित समयमा उपलब्ध गराउनुपर्ने सूचना बिना कारण ढिला गरी उपलब्ध गराएमा दैनिक कति जरिवाना लाग्छ?,ढिलाइ भएको प्रत्येक दिन रु. २००।,दैनिक ५० रुपैया जरिवाना लाग्छ ।,,
RI135,Constitution & Law,Punishment and Penalties,English,How does the penalty for unjustified delay in providing information differ from the penalty for withholding or improperly handling information?,"Unjustified delay attracts NPR 200 per day of delay, while withholding, refusal, partial or wrong disclosure, or destruction of information may attract a fine of NPR 1,000 to NPR 25,000.","The penalty for unjustified delay in providing information is typically a fine of up to $11,000 per day (5 U.S.C. § 552(a)(4)(A)(iii)). 

The penalty for withholding or improperly handling information is typically a fine of up to $5,000 (5 U.S.C. § 552(a)(4)(A)(vii)).",,
RI135,Constitution & Law,Punishment and Penalties,Nepali,सूचना उपलब्ध गराउन अनुचित ढिलाइ गरेको जरिवाना र सूचना लुकाउने वा अनुचित रूपमा व्यवस्थापन गरेको जरिवानाबीच के भिन्नता छ?,"अनुचित ढिलाइमा ढिलाइ भएको प्रत्येक दिन रु. २०० जरिवाना लाग्छ भने सूचना लुकाउने, अस्वीकार गर्ने, आंशिक वा गलत सूचना दिने वा सूचना नष्ट गर्नेलाई रु. १,००० देखि रु. २५,००० सम्म जरिवाना हुन सक्छ।",सूचना उपलब्ध गराउन अनुचित ढिलाइ गरेको जरिवाना र सूचना लुकाउने वा अनुचित रूपमा व्यवस्थापन गरेको जरिवाना दुवै अनुचित हुन तर सूचना लुकाउने वा अनुचित रूपमा व्यवस्थापन गरेको जरिवाना सूचना उपलब्ध गराउन अनुचित ढिलाइ गरेको जरिवानाबाट भिन्न हुन्छ।,,
RI136,Constitution & Law,Departmental Action,English,What may the Commission do if the Chief of a Public Body or Information Officer is eligible for departmental action under Section 32(1)?,It may write to the concerned Public Body for departmental action.,Refer the matter to the Public Service Commission for investigation and report.,,
RI136,Constitution & Law,Departmental Action,Nepali,दफा ३२(१) अन्तर्गत सार्वजनिक निकायको प्रमुख वा सूचना अधिकारीमाथि विभागीय कारबाही गर्नुपर्ने अवस्था भएमा आयोगले के गर्न सक्छ?,सम्बन्धित सार्वजनिक निकायलाई विभागीय कारबाहीका लागि लेख्न सक्छ।,अवस्था भएमा आयोगले सूचना अधिकारी वा प्रमुखलाई निर्देश दिने काम गर्न सक्छ ।,,
RI137,Constitution & Law,Departmental Action,English,Within how long must a Public Body take departmental action after the Commission writes to it under Section 32(1)?,Within three months.,3 months,,
RI137,Constitution & Law,Departmental Action,Nepali,दफा ३२(१) बमोजिम आयोगले लेखेपछि सार्वजनिक निकायले कति समयभित्र विभागीय कारबाही गर्नुपर्छ?,तीन महिनाभित्र।,उत्तर: ३ महिना,,
RI138,Constitution & Law,Departmental Action,English,"After a Public Body takes departmental action following a recommendation from the Commission, what additional obligation does the Public Body have?",It must notify the Commission of the departmental action.,To report the outcome of the action to the Commission.,,
RI138,Constitution & Law,Departmental Action,Nepali,आयोगको सिफारिसपछि सार्वजनिक निकायले विभागीय कारबाही गरेपछि उसको थप दायित्व के हुन्छ?,आयोगलाई विभागीय कारबाहीबारे जानकारी गराउनुपर्छ।,विभागीय कारबाही गरेपछि आयोगको दायित्व कम हुन्छ।,,
RI139,Constitution & Law,Misuse of Information,English,What fine may the Commission impose on a person who misuses information obtained from a Public Body instead of using it for the purpose for which it was obtained?,"A fine from NPR 5,000 to NPR 25,000, considering the seriousness of the misuse.","€3,000",,
RI139,Constitution & Law,Misuse of Information,Nepali,सार्वजनिक निकायबाट प्राप्त सूचना जुन प्रयोजनका लागि प्राप्त गरिएको हो त्यसको सट्टा दुरुपयोग गर्ने व्यक्तिलाई आयोगले कति जरिवाना गर्न सक्छ?,"दुरुपयोगको गम्भीरता हेरी रु. ५,००० देखि रु. २५,००० सम्म।",सार्वजनिक निकायबाट प्राप्त सूचना जुन प्रयोजनका लागि प्राप्त गरिएको हो त्यसको सट्टा दुरुपयोग गर्ने व्यक्तिलाई आयोगले ६ महिने सम्म ५००० रुपियाँ जरिवाना गर्न सक्छ ।,,
RI140,Constitution & Law,Commission Compliance,English,What is the maximum fine the Commission may impose on a person who does not comply with a decision or order issued under the Act?,"Up to NPR 10,000.","$250,000",,
RI140,Constitution & Law,Commission Compliance,Nepali,ऐनबमोजिम जारी गरिएको आयोगको निर्णय वा आदेश पालना नगर्ने व्यक्तिलाई आयोगले अधिकतम कति जरिवाना गर्न सक्छ?,"रु. १०,००० सम्म।",अधिकतम ६ मासिक जरिवाना,,
RI141,Constitution & Law,Punishment and Penalties,English,"Which penalty applies specifically to misuse of information, and which penalty applies to failure to comply with a Commission decision or order?","Misuse attracts NPR 5,000 to NPR 25,000, while failure to comply with a Commission decision or order may attract up to NPR 10,000.","The penalty that applies specifically to misuse of information is a civil penalty of up to $1 million for individuals and $5 million for organizations, as well as imprisonment for up to 5 years for individuals, under Section 5 of the Federal Trade Commission Act (15 U.S.C. § 45).

The penalty that applies to failure to comply with a Commission decision or order is a civil penalty of up to $40,000 for individuals and $110,000 for organizations, as well as imprisonment for up to 1 year for individuals, under Section 5 of the Federal Trade Commission Act (15 U.S.C. § 45).",,
RI141,Constitution & Law,Punishment and Penalties,Nepali,सूचनाको दुरुपयोग र आयोगको निर्णय वा आदेश पालना नगरेमा क्रमशः कुन-कुन जरिवाना लागू हुन्छ?,"दुरुपयोगमा रु. ५,००० देखि रु. २५,००० सम्म र आयोगको निर्णय वा आदेश पालना नगरेमा रु. १०,००० सम्म।","सूचनाको दुरुपयोगमा ६ महिने दण्डस्वरूप ५००० रुपैयाँ दण्डस्वरूप, आयोगको आदेश पालना नगरेमा १ वर्ष दण्डस्वरूप ५००० रुपैयाँ दण्डस्वरूप।",,
RI142,Constitution & Law,Punishment and Penalties,English,"A Chief of a Public Body unjustifiably delays providing information for five days, while another person misuses information obtained from a Public Body. What penalties may apply in the two cases?","The Chief may be fined NPR 1,000 for the five-day delay, while the person misusing the information may be fined NPR 5,000 to NPR 25,000 depending on the seriousness of the misuse.","In the case of the Chief of a Public Body:

*   The Chief may be liable for a fine of up to €60,000 under the European Union (Rights and Obligations of Undocumented Children) Regulations 2014.
*   The Chief may also be liable for a fine of up to €3,000 under the Freedom of Information Act 2014.

In the case of the person who misused information:

*   The person may be liable for a fine of up to €15,000 under the European Union (Rights and Obligations of Undocumented Children) Regulations 2014.
*   The person may also be liable for a fine of up to €3,000 under the Freedom of Information Act 201",,
RI142,Constitution & Law,Punishment and Penalties,Nepali,सार्वजनिक निकायको प्रमुखले सूचना उपलब्ध गराउन पाँच दिनसम्म बिना कारण ढिलाइ गरेमा र अर्को व्यक्तिले सार्वजनिक निकायबाट प्राप्त सूचना दुरुपयोग गरेमा दुवै अवस्थामा कस्ता जरिवाना लागू हुन सक्छन्?,"प्रमुखलाई पाँच दिनको ढिलाइका लागि रु. १,००० जरिवाना हुन सक्छ भने सूचना दुरुपयोग गर्ने व्यक्तिलाई दुरुपयोगको गम्भीरताअनुसार रु. ५,००० देखि रु. २५,००० सम्म जरिवाना हुन सक्छ।",सार्वजनिक निकायको प्रमुखले सूचना उपलब्ध गराउन पाँच दिनसम्म बिना कारण ढिलाइ गरेमा र अर्को व्यक्तिले सार्वजनिक निकायबाट प्राप्त सूचना दुरुपयोग गरेमा दुवै अवस्थामा १ लाख रुपैयाँको जरिवाना लागू हुन सक्छन्।,,
RI143,Constitution & Law,Punishment and Penalties,English,"What are the four distinct monetary penalty structures under Section 32 for improper information handling, unjustified delay, misuse of information, and non-compliance with a Commission decision or order?","NPR 1,000–25,000 for unjustified withholding, refusal, partial or wrong information, or destruction; NPR 200 per day for unjustified delay; NPR 5,000–25,000 for misuse; and up to NPR 10,000 for non-compliance with a Commission decision or order.","€5,000, €10,000, €20,000, and €50,000.",,
RI143,Constitution & Law,Punishment and Penalties,Nepali,"सूचना अनुचित रूपमा व्यवस्थापन गर्ने, बिना कारण ढिलाइ गर्ने, सूचना दुरुपयोग गर्ने र आयोगको निर्णय वा आदेश पालना नगर्ने कार्यका लागि दफा ३२ अन्तर्गतका चार फरक मौद्रिक दण्ड संरचना के-के हुन्?","अनुचित रूपमा सूचना लुकाउने, दिन अस्वीकार गर्ने, आंशिक वा गलत सूचना दिने वा सूचना नष्ट गर्नेमा रु. १,०००–२५,०००; बिना कारण ढिलाइमा दैनिक रु. २००; सूचनाको दुरुपयोगमा रु. ५,०००–२५,०००; र आयोगको निर्णय वा आदेश पालना नगरेमा रु. १०,००० सम्म।","सूचना अनुचित रूपमा व्यवस्थापन गर्ने कार्या लागि दफा ३२ अन्तर्गतको फरक मौद्रिक दण्ड संरचना १ लाख रुपैयाँ हुन्।

बिना कारण ढिलाइ गर्ने कार्या लागि दफा ३२ अन्तर्गतको फरक मौद्रिक दण्ड संरचना ५० हजार रुपैयाँ हुन्।

सूचना दुरुपयोग गर्ने कार्या लागि दफा ३२ अन्तर्गतको फरक मौद्रिक द",,
RI144,Constitution & Law,Compensation,English,Who may file a petition for compensation under Section 33?,A person who has suffered loss or damage due to the specified failure or improper handling of information.,A workman.,,
RI144,Constitution & Law,Compensation,Nepali,दफा ३३ अन्तर्गत क्षतिपूर्तिका लागि कसले निवेदन दिन सक्छ?,तोकिएको सूचना उपलब्ध नगराउने वा अनुचित रूपमा व्यवस्थापन गर्ने कार्यबाट हानि वा क्षति व्यहोरेको व्यक्ति।,दफा ३३ अन्तर्गत क्षतिपूर्तिका लागि न्यायालय निवेदन दिन सक्छ ।,,
RI145,Constitution & Law,Compensation,English,What actions by a Chief or Information Officer may give rise to a person's right to seek compensation under Section 33?,"Failure to provide information, refusal to provide information, providing partial or wrong information, or destroying information, where the person suffers loss or damage.","Unlawful arrest, detention, seizure of property, or obstruction of justice.",,
RI145,Constitution & Law,Compensation,Nepali,प्रमुख वा सूचना अधिकारीका कुन कार्यबाट व्यक्तिलाई दफा ३३ अन्तर्गत क्षतिपूर्ति माग्ने अधिकार उत्पन्न हुन सक्छ?,"सूचना उपलब्ध नगराउनु, सूचना दिन अस्वीकार गर्नु, आंशिक वा गलत सूचना दिनु वा सूचना नष्ट गर्नु, जसबाट व्यक्तिलाई हानि वा क्षति भएको अवस्थामा।",व्यक्तिलाई क्षति प्राप्त गर्ने कार्य,,
RI146,Constitution & Law,Compensation,English,Within what period must a person file a compensation petition before the Commission under Section 33?,Within three months.,30 days,,
RI146,Constitution & Law,Compensation,Nepali,दफा ३३ अन्तर्गत व्यक्तिले आयोगसमक्ष क्षतिपूर्तिको निवेदन कति अवधिभित्र दिनुपर्छ?,तीन महिनाभित्र।,दफा ३३ अन्तर्गत व्यक्तिले आयोगसमक्ष क्षतिपूर्तिको निवेदन ३० दिनिभित्र दिनुपर्छ।,,
RI147,Constitution & Law,Compensation,English,On what basis may the Commission award compensation after investigating a compensation petition?,It may award a reasonable amount based on the actual loss suffered.,"The Commission may award compensation after investigating a compensation petition on the basis of a finding that the person concerned has been ""victimized by an order of a Court or other authority in exercise of jurisdiction or power conferred by a law"".",,
RI147,Constitution & Law,Compensation,Nepali,क्षतिपूर्तिको निवेदनमाथि छानबिन गरेपछि आयोगले कुन आधारमा क्षतिपूर्ति दिन सक्छ?,भएको वास्तविक क्षतिको आधारमा उचित रकम।,क्षतिपूर्तिको निवेदनमाथि छानबिन गरेपछि आयोगले क्षतिपूर्ति दिन सक्छ यदि न्यायालयले निर्णय गरेको क्षतिपूर्ति निर्देशित भएर नै क्षतिपूर्ति दिन सक्छ ।,,
RI148,Constitution & Law,Compensation,English,From whom may the Commission order compensation to be paid when a compensation petition is found reasonable?,From the concerned Public Body.,The Commission may order compensation to be paid when a compensation petition is found reasonable from the person or persons responsible for the death or injury.,,
RI148,Constitution & Law,Compensation,Nepali,क्षतिपूर्तिको निवेदन उचित ठहरिएमा आयोगले क्षतिपूर्ति कसबाट उपलब्ध गराउन आदेश दिन सक्छ?,सम्बन्धित सार्वजनिक निकायबाट।,क्षतिपूर्तिको निवेदन उचित ठहरिएमा आयोगले क्षतिपूर्ति कसबाट उपलब्ध गराउन आदेश दिन सक्छ।,,
RI149,Constitution & Law,Appeal,English,What is the difference between the remedy for loss caused by failure to provide information and the remedy against a decision of the Commission under Section 32?,"A person suffering loss or damage may file a compensation petition before the Commission within three months under Section 33, while a person dissatisfied with a Commission decision under Section 32 may appeal to the Appellate Court within thirty-five days under Section 34.","The remedy for loss caused by failure to provide information is a claim for damages under Section 11 of the Human Rights Act 1998. 

The remedy against a decision of the Commission under Section 32 is a claim for judicial review.",,
RI149,Constitution & Law,Appeal,Nepali,सूचना उपलब्ध नगराउँदा भएको क्षतिका लागि उपलब्ध उपचार र दफा ३२ अन्तर्गत आयोगले गरेको निर्णयविरुद्धको उपचारबीच के भिन्नता छ?,हानि वा क्षति व्यहोरेको व्यक्तिले दफा ३३ अन्तर्गत तीन महिनाभित्र आयोगसमक्ष क्षतिपूर्तिको निवेदन दिन सक्छ भने दफा ३४ अन्तर्गत आयोगको निर्णयबाट असन्तुष्ट व्यक्तिले पैंतीस दिनभित्र पुनरावेदन अदालतमा पुनरावेदन गर्न सक्छ।,भिन्नता छ कि दफा ३२ अन्तर्गत आयोगले गरेको निर्णय विरुद्धको उपचारमा क्षतिका लागि उपलब्ध उपचारमा क्षतिका लागि उपलब्ध उपचारमा क्षतिका लागि उपलब्ध उपचारमा क्षतिका लागि उपलब्ध उपचारमा क्षतिका लागि उपलब्ध उपचारमा क्षतिका लागि उपलब्ध उपचारमा क्षतिका लागि उपलब्ध उपचारमा क्षतिका ल,,
RI150,Constitution & Law,Correction of Information,English,Who may apply for the correction of information held by a Public Body that they believe is wrong?,Any person who believes that the information is wrong.,Any person may apply for the correction of information held by a Public Body that they believe is wrong.,,
RI150,Constitution & Law,Correction of Information,Nepali,सार्वजनिक निकायमा रहेको सूचना गलत छ भन्ने विश्वास भएमा त्यसको सुधारका लागि कसले आवेदन दिन सक्छ?,सूचना गलत छ भन्ने विश्वास भएको कुनै पनि व्यक्ति।,सार्वजनिक निकायमा रहेको सूचना गलत छ भन्ने विश्वास भएमा त्यसको सुधारका लागि नागरिकले आवेदन दिन सक्छ ।,,
RI151,Constitution & Law,Correction of Information,English,"To whom must an application for correction of wrong information be submitted, and what must accompany the application?",It must be submitted to the concerned Chief together with necessary evidence.,The application for correction of wrong information must be submitted to the National Identity Card Authority. It must be accompanied by a sworn statement.,,
RI151,Constitution & Law,Correction of Information,Nepali,गलत सूचना सच्याउनको लागि आवेदन कसलाई दिनुपर्छ र आवेदनसँगै के पेश गर्नुपर्छ?,सम्बन्धित प्रमुखसमक्ष आवश्यक प्रमाणसहित पेश गर्नुपर्छ।,"गलत सूचना सच्याउनको लागि आवेदन पुलिस कार्यालयमा दिनुपर्छ र आवेदनसँगै पुलिस कार्यालयमा दिएको स्थायी पुलिस पास, पास को नम्बर, पास को निर्माण तिथि र पास को निर्माण गरेको पुलिस कार्यालयको नाम प्रस्तुत गर्नुपर्छ।",,
RI152,Constitution & Law,Correction of Information,English,What must the Chief do after investigating an application for correction and finding that the information is wrong?,The Chief must correct the information and inform the applicant within seven days from the date of the application.,Correct the information.,,
RI152,Constitution & Law,Correction of Information,Nepali,सूचना सच्याउन दिइएको आवेदनमाथि छानबिन गर्दा सूचना गलत पाइएमा प्रमुखले के गर्नुपर्छ?,प्रमुखले सूचना सच्याई आवेदन दिएको मितिले सात दिनभित्र आवेदकलाई जानकारी गराउनुपर्छ।,सूचना सच्याउन दिइएको आवेदनमाथि छानबिन गर्दा सूचना गलत पाइएमा प्रमुखले सूचना सच्याउन दिइएको आवेदनमाथि छानबिन गर्दा सूचना गलत पाइएमा प्रमुखले सूचना सच्याउन दिइएको आवेदनमाथि छानबिन गर्दा सूचना गलत पाइएमा प्रमुखले सूचना सच्याउन दिइएको आवेदनमाथि छानबिन गर्दा सूचना गलत पाइएमा प्रमुखले सूचन,,
RI153,Constitution & Law,Good-Faith Protection,English,What protection does Section 36 provide to a Chief or Information Officer who performs information-dissemination work in good faith?,No case may be filed and no punishment may be imposed against them for such work.,Protection from civil and criminal liability.,,
RI153,Constitution & Law,Good-Faith Protection,Nepali,दफा ३६ ले सद्भावनापूर्वक सूचना प्रसारसम्बन्धी काम गर्ने प्रमुख वा सूचना अधिकारीलाई कस्तो संरक्षण प्रदान गर्छ?,त्यस्तो कामका लागि उनीहरूविरुद्ध मुद्दा चलाउन वा सजाय गर्न पाइँदैन।,दफा ३६ ले सद्भावनापूर्वक सूचना प्रसारसम्बन्धी काम गर्ने प्रमुख वा सूचना अधिकारीलाई कार्यरत सरकारी कर्मचारीलाई कार्यरत सरकारी कर्मचारी वा सूचना अधिकारीलाई कार्यरत सरकारी कर्मचारी वा सूचना अधिकारीलाई कार्यरत सरकारी कर्मचारी वा सूचना अधिकारीलाई कार्यरत सरकारी कर्मचारी वा सूचना अधिकारीलाई कार्यरत सरकारी कर्मचारी,,
RI154,Constitution & Law,Applicable Law and Rule-Making,English,How does the Act determine which law applies to matters covered by the Act and matters not covered by it?,"Matters covered by the Act must be dealt with under this Act, while other matters must be dealt with under the prevailing laws.",The Act determines which law applies to matters covered by the Act and matters not covered by it by stating that the law of the place where the matter occurred (or is to occur) will apply.,,
RI154,Constitution & Law,Applicable Law and Rule-Making,Nepali,ऐनमा समेटिएका र ऐनमा नसमेटिएका विषयमा कुन कानून लागू हुने व्यवस्था ऐनले गरेको छ?,ऐनमा उल्लिखित विषयहरू यसै ऐनबमोजिम र अन्य विषयहरू प्रचलित कानूनबमोजिम कार्यान्वयन गर्नुपर्छ।,ऐनमा समेटिएका विषयमा कानून लागू हुने व्यवस्था ऐनले गरेको छ र ऐनमा नसमेटिएका विषयमा कानून लागू हुने व्यवस्था संविधानले गरेको छ।,,
RI155,Constitution & Law,Rule-Making Authority,English,"Who makes the Rules necessary to implement the objectives of the Act, and what procedural requirement applies before doing so?",The Government of Nepal makes the Rules after consultation with the Commission.,"The Minister makes the Rules necessary to implement the objectives of the Act, and the procedural requirement is that the Rules are laid before and approved by both Houses of Parliament.",,
RI155,Constitution & Law,Rule-Making Authority,Nepali,ऐनका उद्देश्य कार्यान्वयन गर्न आवश्यक नियम कसले बनाउँछ र नियम बनाउनुअघि कुन प्रक्रियागत आवश्यकता पूरा गर्नुपर्छ?,आयोगसँग परामर्श गरी नेपाल सरकारले नियम बनाउँछ।,नेपाल सरकारले नियम बनाउँछ र नियम बनाउनुअघि नेपाल सरकारले नियम बनाउनुअघि नेपाल सरकारले नियम बनाउनुअघि नेपाल सरकारले नियम बनाउनुअघि नेपाल सरकारले नियम बनाउनुअघि नियम बनाउनुअघि नियम बनाउनुअघि नियम बनाउनुअघि नियम बनाउनुअघि नियम बनाउनुअघि नियम बनाउनुअघि नियम बनाउनुअघि,,
