Question ID,Domain,Subdomain,Language,Question,Dataset Answer,[MODEL] Answer,Manual Verdict,Error Type
CUL001,Culture,Festivals,English,For how many days is the Dashain festival traditionally celebrated in Nepal?,15,15 days,,
CUL001,Culture,Festivals,Nepali,नेपालमा दशैं पर्व परम्परागत रूपमा कति दिनसम्म मनाइन्छ?,15,दशैं पर्व १० दिनसम्म मनाइन्छ ।,,
CUL002,Culture,Festivals,English,What is the name of the day during Tihar when dogs are worshipped?,Kukur Tihar,Kukur Tihar,,
CUL002,Culture,Festivals,Nepali,तिहारमा कुकुरको पूजा गरिने दिनलाई के भनिन्छ?,कुकुर तिहार,तिहारमा कुकुरको पूजा गरिने दिनलाई कुकुर पूजा दिन भनिन्छ ।,,
CUL003,Culture,Festivals,English,Which Nepali festival is known as the festival of lights?,Tihar,Tihar,,
CUL003,Culture,Festivals,Nepali,नेपालमा कुन पर्वलाई बत्तीको (उज्यालोको) पर्व भनिन्छ?,तिहार,तलको प्रश्नको सकेसम्म सही र छोटो उत्तर: दीपावली,,
CUL004,Culture,Festivals,English,The ritual of Ghatasthapana marks the beginning of which festival?,Dashain,Navaratri,,
CUL004,Culture,Festivals,Nepali,घटस्थापनाले कुन पर्वको सुरुवातलाई जनाउँछ?,दशैं,माघ,,
CUL005,Culture,Festivals,English,On which day of Dashain do elders give tika and jamara to younger family members?,Vijaya Dashami,Dashami,,
CUL005,Culture,Festivals,Nepali,दशैंमा मान्यजनले परिवारका सानालाई कुन दिन टीका र जमरा लगाइदिन्छन्?,विजयादशमी,दशैंमा मान्यजनले परिवारका सानालाई नेवारी दिन टीका र जमरा लगाइदिन्छन्।,,
CUL006,Culture,Festivals,English,"On the final day of Tihar, sisters put tika on their brothers. What is this day called?",Bhai Tika,Bhai Tika,,
CUL006,Culture,Festivals,Nepali,तिहारको अन्तिम दिन दिदीबहिनीले दाजुभाइलाई टीका लगाइदिने दिनलाई के भनिन्छ?,भाइटीका,बडी कोजग,,
CUL007,Culture,Traditional dress,English,What is the traditional national dress of Nepali men called?,Daura Suruwal,Daura Suruwal,,
CUL007,Culture,Traditional dress,Nepali,नेपाली पुरुषको परम्परागत राष्ट्रिय पोशाकलाई के भनिन्छ?,दौरा सुरुवाल,धोती,,
CUL008,Culture,Food,English,"What is the ring-shaped traditional Nepali rice bread, made especially during festivals, called?",Sel Roti,Selroti,,
CUL008,Culture,Food,Nepali,चाडपर्वमा विशेष गरी बनाइने गोलाकार परम्परागत नेपाली रोटीलाई के भनिन्छ?,सेलरोटी,"चाडपर्वमा विशेष गरी बनाइने गोलाकार परम्परागत नेपाली रोटीलाई ""चाड"" भनिन्छ ।",,
CUL009,Culture,National symbols,English,Which flower is the national flower of Nepal?,Rhododendron (Lali Gurans),Rhododendron,,
CUL009,Culture,National symbols,Nepali,नेपालको राष्ट्रिय फूल कुन हो?,लालीगुराँस,लालटेन,,
CUL010,Culture,National symbols,English,Which bird is the national bird of Nepal?,Himalayan Monal (Danphe),The Danphe (Danphe pheasant),,
CUL010,Culture,National symbols,Nepali,नेपालको राष्ट्रिय पक्षी कुन हो?,डाँफे (हिमाली मोनाल),मोर,,
CUL011,Culture,National symbols,English,Which animal is the national animal of Nepal?,Cow,The red panda is the national animal of Nepal.,,
CUL011,Culture,National symbols,Nepali,नेपालको राष्ट्रिय जनावर कुन हो?,गाई,नेपालको राष्ट्रिय जनावर भैंरा हो ।,,
CUL012,Culture,Calendar,English,In which Nepali month does the Nepali New Year begin?,Baishakh,Baisakh,,
CUL012,Culture,Calendar,Nepali,नेपाली नयाँ वर्ष कुन नेपाली महिनाबाट सुरु हुन्छ?,वैशाख,नेपाली नयाँ वर्ष नेपाली महिना बैशाखबाट सुरु हुन्छ।,,
CUL013,Culture,Living traditions,English,"In which city is the Kumari Ghar, the official residence of the living goddess Kumari, located?",Kathmandu,Kathmandu,,
CUL013,Culture,Living traditions,Nepali,जीवित देवी कुमारीको आधिकारिक निवास कुमारी घर कुन सहरमा अवस्थित छ?,काठमाडौं,काठमाडौँ,,
CUL014,Culture,Festivals,English,Which festival is celebrated in Bhaktapur to mark the Nepali New Year?,Bisket Jatra,Bisket Jatra,,
CUL014,Culture,Festivals,Nepali,नेपाली नयाँ वर्षको अवसरमा भक्तपुरमा कुन जात्रा मनाइन्छ?,बिस्केट जात्रा,भक्तपुरमा नेपाली नयाँ वर्षको अवसरमा भक्तपुर दरबार स्थित भीमसेन मुकुन्द स्थित जात्रा मनाइन्छ ।,,
CUL015,Culture,Festivals,English,"The Rato Machhindranath Jatra, Nepal's longest chariot festival, is mainly celebrated in which city?",Lalitpur (Patan),Kathmandu,,
CUL015,Culture,Festivals,Nepali,नेपालको सबैभन्दा लामो रथयात्रा रातो मच्छिन्द्रनाथ जात्रा मुख्य रूपमा कुन सहरमा मनाइन्छ?,ललितपुर (पाटन),भक्तपुरमा,,
CUL016,Culture,Festivals,English,During which Kathmandu festival is the chariot of the living goddess Kumari pulled through the city?,Indra Jatra,Dashain,,
CUL016,Culture,Festivals,Nepali,काठमाडौंको कुन जात्रामा जीवित देवी कुमारीको रथ नगर परिक्रमा गराइन्छ?,इन्द्रजात्रा,नवरात्रि जात्रामा जीवित देवी कुमारीको रथ नगर परिक्रमा गराइन्छ ।,,
CUL017,Culture,Living traditions,English,The living goddess Kumari is traditionally selected from which clan of the Newar community?,Shakya clan,The Shakya clan.,,
CUL017,Culture,Living traditions,Nepali,जीवित देवी कुमारी परम्परागत रूपमा नेवार समुदायको कुन थरबाट छनोट गरिन्छ?,शाक्य थर,कुमारी परम्परागत रूपमा नेवार समुदायको कुमारी थरबाट छनोट गरिन्छ ।,,
CUL018,Culture,Festivals,English,Sonam Lhosar is the new year festival of which ethnic community of Nepal?,Tamang,Sherpa,,
CUL018,Culture,Festivals,Nepali,सोनाम ल्होसार नेपालको कुन जातीय समुदायको नयाँ वर्षको पर्व हो?,तामाङ,सोनाम ल्होसार नेपालको तिब्बती जातीय समुदायको नयाँ वर्षको पर्व हो ।,,
CUL019,Culture,Festivals,English,Gyalpo Lhosar is celebrated as the new year by which community of Nepal?,Sherpa,Sherpa,,
CUL019,Culture,Festivals,Nepali,ग्याल्पो ल्होसार नेपालको कुन समुदायले नयाँ वर्षका रूपमा मनाउँछ?,शेर्पा,ग्याल्पो ल्होसार नेपालको तिब्बती समुदायले नयाँ वर्षका रूपमा मनाउँछ ।,,
CUL020,Culture,Festivals,English,The Maghi festival is celebrated as the new year by which community of Nepal?,Tharu,The Tamang community of Nepal.,,
CUL020,Culture,Festivals,Nepali,माघी पर्व नेपालको कुन समुदायले नयाँ वर्षका रूपमा मनाउँछ?,थारू,माघी पर्व नेपालको क्षेत्रिय समुदायले नयाँ वर्षका रूपमा मनाउँछ ।,,
CUL021,Culture,Festivals,English,Yomari Punhi is a traditional festival of which community?,Newar,Newar community,,
CUL021,Culture,Festivals,Nepali,योमरी पुन्ही कुन समुदायको परम्परागत पर्व हो?,नेवार,योमरी पुन्ही नेवार समुदायको परम्परागत पर्व हो ।,,
CUL022,Culture,Festivals,English,"In the Chhath festival, which deity is worshipped?",The Sun God (Surya),Sun God (Surya),,
CUL022,Culture,Festivals,Nepali,छठ पर्वमा कुन देवताको पूजा गरिन्छ?,सूर्य देवता,छठ पर्वमा देवी छठको पूजा गरिन्छ ।,,
CUL023,Culture,Festivals,English,"During Haritalika Teej, Hindu women primarily worship which deity?",Lord Shiva,Goddess Parvati,,
CUL023,Culture,Festivals,Nepali,हरितालिका तीजमा हिन्दू महिलाहरूले मुख्य रूपमा कुन देवताको पूजा गर्छन्?,भगवान् शिव,हरितालिका तीजमा हिन्दू महिलाहरूले मुख्य रूपमा गणेश जीको पूजा गर्छन्।,,
CUL024,Culture,Festivals,English,The Sakela dance is a traditional dance of which community?,Kirat Rai,The Sakela dance is a traditional dance of the Santhal community.,,
CUL024,Culture,Festivals,Nepali,साकेला नाच कुन समुदायको परम्परागत नाच हो?,किरात राई,साकेला नाच मगर समुदायको परम्परागत नाच हो ।,,
CUL025,Culture,Music and arts,English,The Deuda song and dance tradition belongs mainly to which region of Nepal?,Far-western Nepal (Sudurpashchim),The Deuda song and dance tradition belongs mainly to the Newar community of the Kathmandu Valley region of Nepal.,,
CUL025,Culture,Music and arts,Nepali,देउडा गीत तथा नाच मुख्य रूपमा नेपालको कुन क्षेत्रसँग सम्बन्धित छ?,सुदूरपश्चिम क्षेत्र,उत्तर: देउडा गीत तथा नाच मुख्य रूपमा नेपालको मधेश क्षेत्रसँग सम्बन्धित छ।,,
CUL026,Culture,Music and arts,English,The sarangi is traditionally associated with which occupational musician community of Nepal?,Gandharva (Gaine),The Magars,,
CUL026,Culture,Music and arts,Nepali,सारङ्गी वाद्ययन्त्र परम्परागत रूपमा नेपालको कुन गायक समुदायसँग सम्बन्धित छ?,गन्धर्व (गाइने),नेपाली सारङ्गी वाद्ययन्त्र परम्परागत रूपमा नेपालको क्षेत्रिय गायक समुदायसँग सम्बन्धित छ।,,
CUL027,Culture,Music and arts,English,What is the ensemble of five traditional Nepali musical instruments played at weddings and ceremonies called?,Panche Baja,"Dholak, Nagara, Madal, Baja, and Khol are the five traditional Nepali musical instruments. However, the ensemble of these instruments is commonly known as ""Baja"" or ""Baja Toli"".",,
CUL027,Culture,Music and arts,Nepali,विवाह तथा शुभ कार्यमा बजाइने पाँच परम्परागत नेपाली बाजाको समूहलाई के भनिन्छ?,पञ्चे बाजा,"पाँच परम्परागत नेपाली बाजाको समूहलाई ""पाँचमाई"" भनिन्छ ।",,
CUL028,Culture,Music and arts,English,Mithila folk art of Nepal is primarily associated with which city?,Janakpur,Janakpur,,
CUL028,Culture,Music and arts,Nepali,नेपालको मिथिला लोककला मुख्य रूपमा कुन सहरसँग सम्बन्धित छ?,जनकपुर,मिथिला लोककला मुख्य रूपमा दरभङ्गा सहरसँग सम्बन्धित छ।,,
CUL029,Culture,Language,English,The language of the Newar community is also known by which name?,Nepal Bhasa,Newari,,
CUL029,Culture,Language,Nepali,नेवार समुदायको भाषालाई अर्को कुन नामले चिनिन्छ?,नेपालभाषा,नेवार समुदायको भाषालाई नेपाल भाषा भनिन्छ ।,,
CUL030,Culture,Food,English,The famous 'Juju Dhau' (king of yogurts) is a speciality of which city?,Bhaktapur,Bhubaneswar,,
CUL030,Culture,Food,Nepali,प्रसिद्ध 'जुजु धौ' (दहीको राजा) कुन सहरको विशेष परिकार हो?,भक्तपुर,काठमाडौँ,,
CUL031,Culture,Heritage,English,The five-storey Nyatapola temple is located in which city?,Bhaktapur,"Bhaktapur, Nepal.",,
CUL031,Culture,Heritage,Nepali,पाँचतले न्यातपोल मन्दिर कुन सहरमा अवस्थित छ?,भक्तपुर,पाँचतले न्यातपोल मन्दिर भक्तपुरमा अवस्थित छ ।,,
CUL032,Culture,National symbols,English,What is the title of Nepal's national anthem?,Sayaun Thunga Phulka,"""Shayanda""",,
CUL032,Culture,National symbols,Nepali,नेपालको राष्ट्रिय गानको शीर्षक के हो?,सयौँ थुँगा फूलका,सयुंक्तलालितल,,
CUL033,Culture,National symbols,English,Who composed the music of Nepal's national anthem?,Amber Gurung,Amish Nepali,,
CUL033,Culture,National symbols,Nepali,नेपालको राष्ट्रिय गानको सङ्गीत कसले रचना गरेका हुन्?,अम्बर गुरुङ,दिनबन्धु पौडेल,,
CUL034,Culture,Sports,English,Which sport was declared the national sport of Nepal in 2017?,Volleyball,Mallakhamb,,
CUL034,Culture,Sports,Nepali,सन् 2017 मा नेपालको राष्ट्रिय खेल कुन खेललाई घोषणा गरियो?,भलिबल,फुटबल,,
CUL035,Culture,Calendar,English,"National Paddy Day (Dhan Diwas), celebrating rice planting, falls on which date of the Nepali calendar?",Asar 15,Magh 1 (usually in mid-January),,
CUL035,Culture,Calendar,Nepali,राष्ट्रिय धान दिवस नेपाली पात्रोअनुसार कुन दिन मनाइन्छ?,असार 15,राष्ट्रिय धान दिवस नेपाली पात्रोअनुसार २०१९ साल सेप्टेम्बर २५ दिन मनाइन्छ ।,,
CUL036,Culture,Festivals,English,Which Malla king is credited with adding humour and satire to the Gai Jatra festival?,Pratap Malla,Malla 5 (also known as Jayasthiti Malla),,
CUL036,Culture,Festivals,Nepali,गाईजात्रा पर्वमा हास्यव्यङ्ग्य थप्ने श्रेय कुन मल्ल राजालाई दिइन्छ?,प्रताप मल्ल,कृष्णचन्द्र मल्ल,,
CUL037,Culture,Festivals,English,"Mha Puja, celebrated by the Newar community, marks the new year of which calendar era?",Nepal Sambat,Nepal Sambat,,
CUL037,Culture,Festivals,Nepali,नेवार समुदायले मनाउने म्हपूजाले कुन संवत्को नयाँ वर्षलाई जनाउँछ?,नेपाल संवत्,नेवार समुदायले मनाउने म्हपूजाले विक्रम संवत्को नयाँ वर्षलाई जनाउँछ ।,,
CUL038,Culture,Calendar,English,Who is credited with starting the Nepal Sambat era by paying off the people's debts?,Shankhadhar Sakhwa,King Gunakamadeva,,
CUL038,Culture,Calendar,Nepali,जनताको ऋण तिरिदिएर नेपाल संवत् सुरु गरेको श्रेय कसलाई दिइन्छ?,शङ्खधर साख्वा,कृष्ण हङ्सलाई,,
CUL039,Culture,Music and arts,English,What is the traditional Newar religious scroll painting called?,Paubha,Thangka,,
CUL039,Culture,Music and arts,Nepali,नेवार समुदायको परम्परागत धार्मिक चित्रकलालाई के भनिन्छ?,पौभा,"नेवार समुदायको परम्परागत धार्मिक चित्रकलालाई ""नेवार चित्रकला"" भनिन्छ ।",,
CUL040,Culture,Heritage,English,Which Nepali historian proposed the name 'Sagarmatha' for Mount Everest?,Baburam Acharya,Tulsi Lal Singh,,
CUL040,Culture,Heritage,Nepali,सगरमाथा नाम प्रस्ताव गर्ने नेपाली इतिहासकार को हुन्?,बाबुराम आचार्य,सगरमाथा नाम प्रस्ताव गर्ने नेपाली इतिहासकार को हुन्- खगेन्द्र सिंह राणा,,
CUL041,Culture,Heritage,English,Which Malla king built the Nyatapola temple?,Bhupatindra Malla,Malla 3 (also known as Malla Vira Vikram Shah),,
CUL041,Culture,Heritage,Nepali,न्यातपोल मन्दिर कुन मल्ल राजाले निर्माण गराएका थिए?,भूपतीन्द्र मल्ल,न्यातपोल मन्दिर नाला मल्ल राजाले निर्माण गराएका थिए ।,,
CUL042,Culture,National symbols,English,Who wrote the lyrics of Nepal's national anthem 'Sayaun Thunga Phulka'?,Byakul Maila,Bishweshwor Prasad Gupta,,
CUL042,Culture,National symbols,Nepali,राष्ट्रिय गान 'सयौँ थुँगा फूलका' का शब्द रचयिता को हुन्?,व्याकुल माइला,राष्ट्रिय गान 'सयौँ थुँगा फूलका' का शब्द रचयिता गणेशजी श्रेष्ठ हुन् ।,,
CUL043,Culture,National symbols,English,Which two celestial symbols appear on the national flag of Nepal?,Moon and Sun,The Sun and the Moon.,,
CUL043,Culture,National symbols,Nepali,नेपालको राष्ट्रिय झन्डामा कुन दुई आकाशीय चिह्न अंकित छन्?,चन्द्र र सूर्य,मस्तिष्क र सूर्य,,
CUL044,Culture,National symbols,English,What is the base colour of the national flag of Nepal?,Crimson red,Red,,
CUL044,Culture,National symbols,Nepali,नेपालको राष्ट्रिय झन्डाको मुख्य रङ के हो?,सिम्रिक रातो,हरियो रङ,,
CUL045,Culture,National symbols,English,What is the border colour of the national flag of Nepal?,Blue,Red,,
CUL045,Culture,National symbols,Nepali,नेपालको राष्ट्रिय झन्डाको किनाराको रङ के हो?,नीलो,हरियो र नीलो,,
CUL046,Culture,Traditions,English,What is the traditional Nepali greeting made with joined palms called?,Namaste,Namaste,,
CUL046,Culture,Traditions,Nepali,हत्केला जोडेर गरिने परम्परागत नेपाली अभिवादनलाई के भनिन्छ?,नमस्ते,"हत्केला जोडेर गरिने परम्परागत नेपाली अभिवादनलाई ""धन्यभिन्न"" भनिन्छ ।",,
CUL047,Culture,Handicrafts,English,What is the curved traditional Nepali knife called?,Khukuri,Khukuri,,
CUL047,Culture,Handicrafts,Nepali,बाङ्गो आकारको परम्परागत नेपाली हतियार (चक्कु) लाई के भनिन्छ?,खुकुरी,"बाङ्गो आकारको परम्परागत नेपाली हतियार (चक्कु) लाई ""बाङ्गो"" भनिन्छ ।",,
CUL048,Culture,Handicrafts,English,The khukuri is famously associated with which Nepali soldiers?,Gurkha soldiers,The Gorkhas,,
CUL048,Culture,Handicrafts,Nepali,खुकुरी कुन नेपाली सैनिकहरूसँग प्रख्यात रूपमा जोडिएको छ?,गोर्खा (गोर्खाली) सैनिक,खुकुरी भीमसेन थापासँग प्रख्यात रूपमा जोडिएको छ।,,
CUL049,Culture,Handicrafts,English,What is the woven bamboo basket carried on the back with a head strap called in Nepal?,Doko,Dhaka,,
CUL049,Culture,Handicrafts,Nepali,नाम्लोको सहायताले बोकिने बाँसको बुनेको टोकरीलाई नेपालमा के भनिन्छ?,डोको,"नाम्लोको सहायताले बोकिने बाँसको बुनेको टोकरीलाई नेपालमा ""धक्कल"" भनिन्छ ।",,
CUL050,Culture,Traditional dress,English,"What is the traditional dress of Nepali women, consisting of a blouse and a long wrapped skirt, called?",Gunyo Cholo,Sari,,
CUL050,Culture,Traditional dress,Nepali,चोलो र लामो फरिया/गुन्यू सहितको नेपाली महिलाको परम्परागत पोशाकलाई के भनिन्छ?,गुन्यू चोलो,चोलो र लामो फरिया/गुन्यू सहितको नेपाली महिलाको परम्परागत पोशाकलाई लुची भनिन्छ ।,,
CUL051,Culture,Traditional dress,English,What is the traditional Nepali cap woven from patterned Dhaka fabric called?,Dhaka Topi,Topi,,
CUL051,Culture,Traditional dress,Nepali,ढाका कपडाबाट बनेको परम्परागत नेपाली टोपीलाई के भनिन्छ?,ढाका टोपी,"ढाका कपडाबाट बनेको परम्परागत नेपाली टोपीलाई ""धाका टोपी"" भनिन्छ ।",,
CUL052,Culture,Festivals,English,During which festival do groups go house to house singing Deusi and Bhailo?,Tihar,Tihar,,
CUL052,Culture,Festivals,Nepali,कुन पर्वमा टोली-टोली बनाएर घरघरमा देउसी र भैलो खेलिन्छ?,तिहार,भाद्रपद पूर्णिमा पर्वमा,,
CUL053,Culture,Language,English,"According to the 2021 census, which language is spoken as a mother tongue by the largest number of Nepalis?",Nepali,Nepali,,
CUL053,Culture,Language,Nepali,सन् 2021 को जनगणनाअनुसार सबैभन्दा धेरै नेपालीको मातृभाषा कुन हो?,नेपाली,नेपाली,,
CUL054,Culture,Language,English,What is the official language of Nepal as stated in the Constitution?,Nepali (in Devanagari script),Nepali,,
CUL054,Culture,Language,Nepali,संविधानअनुसार नेपालको सरकारी कामकाजको भाषा कुन हो?,देवनागरी लिपिको नेपाली,नेपाली भाषा,,
CUL055,Culture,Music and arts,English,"What is the most popular traditional Nepali folk drum, played with both hands on two heads, called?",Madal,Dhime,,
CUL055,Culture,Music and arts,Nepali,दुवै हातले दुवैतिर बजाइने सबैभन्दा लोकप्रिय परम्परागत नेपाली बाजालाई के भनिन्छ?,मादल,"दुवै हातले दुवैतिर बजाइने सबैभन्दा लोकप्रिय परम्परागत नेपाली बाजालाई ""धिमे"" भनिन्छ ।",,
CUL056,Culture,Festivals,English,What is the tall bamboo swing erected during Dashain called?,Linge Ping,Dharkein,,
CUL056,Culture,Festivals,Nepali,दशैंमा गाडिने अग्लो बाँसको पिङलाई के भनिन्छ?,लिङ्गे पिङ,"दशैंमा गाडिने अग्लो बाँसको पिङलाई ""काग"" भनिन्छ ।",,
CUL057,Culture,Festivals,English,Which bird is worshipped on the first day of Tihar?,Crow,Koel,,
CUL057,Culture,Festivals,Nepali,तिहारको पहिलो दिन कुन पन्छीको पूजा गरिन्छ?,काग,हंस पन्छीको पूजा गरिन्छ ।,,
CUL058,Culture,Festivals,English,"What is the red mark of rice, curd and vermilion applied on the forehead during Dashain called?",Tika,Tika,,
CUL058,Culture,Festivals,Nepali,"दशैंमा निधारमा लगाइने चामल, दही र अबिरको रातो चिनोलाई के भनिन्छ?",टीका,"दशैंमा निधारमा लगाइने चामल, दही र अबिरको रातो चिनोलाई ""नरको चिनो"" भनिन्छ ।",,
CUL059,Culture,National symbols,English,Nepal's national flag is unique in the world because it is not of which common shape?,Quadrilateral (rectangular),rectangular,,
CUL059,Culture,National symbols,Nepali,नेपालको राष्ट्रिय झन्डा कुन साधारण आकारको नभएकाले विश्वमै अद्वितीय मानिन्छ?,चतुर्भुज (आयताकार),"नेपालको राष्ट्रिय झन्डा विश्वमै अद्वितीय मानिन्छ किनकि यसको आकार साधारण नभइ सूर्य, चन्द्र, विश्व, मानव, स्पिनिंग गार्डन र त्रिशूलको आकारमा बनेको छ।",,
CUL060,Culture,National symbols,English,In which year was Nepal's current national anthem 'Sayaun Thunga Phulka' adopted?,2007,2020,,
CUL060,Culture,National symbols,Nepali,नेपालको हालको राष्ट्रिय गान 'सयौँ थुँगा फूलका' कुन वर्ष अपनाइयो?,2007,२०७४,,
CUL061,Culture,Language,English,"According to the 2021 census, which is the second most spoken mother tongue in Nepal?",Maithili,Magar,,
CUL061,Culture,Language,Nepali,सन् 2021 को जनगणनाअनुसार नेपालको दोस्रो धेरै बोलिने मातृभाषा कुन हो?,मैथिली,मैथिली,,
CUL062,Culture,Demographics,English,"According to the 2021 census, which is the largest caste/ethnic group of Nepal by population?",Chhetri,Chhetri,,
CUL062,Culture,Demographics,Nepali,सन् 2021 को जनगणनाअनुसार जनसंख्याका आधारमा नेपालको सबैभन्दा ठूलो जातजाति कुन हो?,क्षेत्री,क्षेत्री,,
CUL063,Culture,Performing arts,English,Nepal's famous comedy duo 'MaHa Jodi' consists of Haribansha Acharya and which other artist?,Madan Krishna Shrestha,Madan Krishna Shrestha,,
CUL063,Culture,Performing arts,Nepali,नेपालको प्रसिद्ध हास्य जोडी 'मह जोडी' मा हरिवंश आचार्यसँगै अर्का कलाकार को छन्?,मदनकृष्ण श्रेष्ठ,हरिवंश आचार्यसँगै अर्का कलाकार शिवराज आचार्य छन् ।,,
CUL064,Culture,Music and arts,English,Which singer is honoured as the 'Swar Samrat' (emperor of voice) of Nepali music?,Narayan Gopal,Dhurva Jhangpeen,,
CUL064,Culture,Music and arts,Nepali,नेपाली सङ्गीतका 'स्वरसम्राट्' भनेर कुन गायकलाई सम्मान गरिन्छ?,नारायणगोपाल,प्रेम दहाल,,
CUL065,Culture,Music and arts,English,What is the improvised question-and-answer duet folk song tradition of Nepal called?,Dohori,Dohori,,
CUL065,Culture,Music and arts,Nepali,प्रश्नोत्तर शैलीमा तत्काल रचेर गाइने नेपाली लोक दोहोरी गायन परम्परालाई के भनिन्छ?,दोहोरी,"नेपाली लोक दोहोरी गायन परम्परालाई ""मुकुन्द"" भनिन्छ ।",,
CUL066,Culture,Music and arts,English,The Tamang Selo musical genre is traditionally accompanied by which drum?,Damphu,Dhime,,
CUL066,Culture,Music and arts,Nepali,तामाङ सेलो सङ्गीत परम्परागत रूपमा कुन बाजाको तालमा गाइन्छ?,डम्फु,तामाङ सेलो सङ्गीत परम्परागत रूपमा डमरू बाजाको तालमा गाइन्छ ।,,
CUL067,Culture,Music and arts,English,The Dhan Nach (paddy dance) is a traditional dance of which community?,Limbu,The Dhan Nach (paddy dance) is a traditional dance of the Rajput community.,,
CUL067,Culture,Music and arts,Nepali,धाननाच कुन समुदायको परम्परागत नाच हो?,लिम्बू,धाननाच क्षेत्रिय समुदायको परम्परागत नाच हो ।,,
CUL068,Culture,Music and arts,English,The Ghatu dance is traditionally performed by which community of Nepal?,Gurung,The Ghatu dance is traditionally performed by the Magar community of Nepal.,,
CUL068,Culture,Music and arts,Nepali,घाटु नाच परम्परागत रूपमा नेपालको कुन समुदायले प्रस्तुत गर्छ?,गुरुङ,नेवार समुदाय,,
CUL069,Culture,Music and arts,English,The Lakhe masked demon dance belongs to which community?,Newar,The Newar community.,,
CUL069,Culture,Music and arts,Nepali,लाखे नाच कुन समुदायको परम्परागत नाच हो?,नेवार,लाखे नाच नेवार समुदायको परम्परागत नाच हो ।,,
CUL070,Culture,Festivals,English,The Ghode Jatra horse festival is held at which parade ground of Kathmandu?,Tundikhel,Tundikhel,,
CUL070,Culture,Festivals,Nepali,घोडेजात्रा काठमाडौंको कुन मैदानमा आयोजना गरिन्छ?,टुँडिखेल,तलको प्रश्नको उत्तर: घोडेजात्रा त्रिचन्द्र मैदानमा आयोजना गरिन्छ ।,,
CUL071,Culture,Festivals,English,Mata Tirtha Aunsi is observed in honour of which family member?,Mother,Mother,,
CUL071,Culture,Festivals,Nepali,मातातीर्थ औंसी कुन परिवारका सदस्यको सम्मानमा मनाइन्छ?,आमा,मातातीर्थ औंसी पिताको सम्मानमा मनाइन्छ ।,,
CUL072,Culture,Festivals,English,Kushe Aunsi is observed in honour of which family member?,Father,Mother,,
CUL072,Culture,Festivals,Nepali,कुशे औंसी कुन परिवारका सदस्यको सम्मानमा मनाइन्छ?,बुबा,कुशे औंसी पिताको सम्मानमा मनाइन्छ ।,,
CUL073,Culture,Festivals,English,The Gaura festival is mainly celebrated in which province/region of Nepal?,Sudurpashchim (far-western region),Lumbini,,
CUL073,Culture,Festivals,Nepali,गौरा पर्व मुख्य रूपमा नेपालको कुन प्रदेश/क्षेत्रमा मनाइन्छ?,सुदूरपश्चिम क्षेत्र,उत्तर: गौरा पर्व मुख्य रूपमा नेपालको मधेश प्रदेशमा मनाइन्छ ।,,
CUL074,Culture,Festivals,English,"What is the seventh day of Dashain, when the sacred kalash and flowers are brought in procession, called?",Fulpati,Kojagrat Bata,,
CUL074,Culture,Festivals,Nepali,"दशैंको सातौँ दिन, जुन दिन फूलपाती भित्र्याइन्छ, त्यसलाई के भनिन्छ?",फूलपाती,कोजाग्रो,,
CUL075,Culture,Festivals,English,"Which animal is worshipped on the third day of Tihar, the same day as Laxmi Puja?",Cow,Crows,,
CUL075,Culture,Festivals,Nepali,"तिहारको तेस्रो दिन, लक्ष्मीपूजाकै दिन, कुन जनावरको पूजा गरिन्छ?",गाई,कुक्कुर,,
CUL076,Culture,Festivals,English,Which animal is worshipped on the fourth day of Tihar (Goru Puja)?,Ox,Cow,,
CUL076,Culture,Festivals,Nepali,तिहारको चौथो दिन (गोरु पूजा) कुन जनावरको पूजा गरिन्छ?,गोरु,गोरु (बकरा),,
CUL077,Culture,Festivals,English,"Traditionally, the Bhailo songs of Tihar are sung primarily by which group?",Girls/women,Women,,
CUL077,Culture,Festivals,Nepali,परम्परागत रूपमा तिहारको भैलो मुख्यतया कसले गाउने चलन छ?,केटी तथा महिला,परम्परागत रूपमा तिहारको भैलो मुख्यतया क्षेत्रिय नेपाली गाउने चलन छ ।,,
CUL078,Culture,Food,English,"What is the thin Newar rice-flour crepe, often topped with egg or minced meat, called?",Chatamari,Selroti,,
CUL078,Culture,Food,Nepali,अण्डा वा मासुका परिकार राखेर बनाइने नेवारी चामलको पातलो रोटीलाई के भनिन्छ?,चतामरी,"अण्डा वा मासुका परिकार राखेर बनाइने नेवारी चामलको पातलो रोटीलाई ""नेवारी"" भनिन्छ ।",,
CUL079,Culture,Food,English,What is the traditional Nepali dish of fermented leafy green vegetables called?,Gundruk,"Gorkhali ko ghaang (also known as Gorkhali ko ghyaang) or Gorkhali ko ghyaang is a traditional Nepali dish of fermented leafy green vegetables, but more specifically, the traditional dish is called ""Gorkhali ko ghaang"" or ""Gorkhali ko ghyaang"" is made with mustard greens, but the more traditional dish is called ""Gorkhali ko ghaang"" or ""Gorkhali ko ghyaang"" is made with mustard greens, but the more traditional dish is called ""Gorkhali ko ghaang"" or ""Gorkhali ko ghyaang"" is made with mustard greens, but the more",,
CUL079,Culture,Food,Nepali,गुन्द्रुक भनेर चिनिने परिकार केबाट बनाइन्छ भन्ने प्रश्नको सट्टा: अमिल्याएर सुकाइएको सागबाट बनेको परम्परागत नेपाली परिकारलाई के भनिन्छ?,गुन्द्रुक,गुन्द्रुक भनेर चिनिने परिकार केबाट बनाइन्छ भन्ने प्रश्नको सट्टा: अमिल्याएर सुकाइएको सागबाट बनेको परम्परागत नेपाली परिकारलाई गुन्द्रुक भनिन्छ।,,
CUL080,Culture,Food,English,What is the thick traditional Nepali porridge cooked from millet or buckwheat flour called?,Dhindo,Bhaat,,
CUL080,Culture,Food,Nepali,कोदो वा फापरको पीठोबाट पकाइने बाक्लो परम्परागत नेपाली खानालाई के भनिन्छ?,ढिँडो,"कोदो वा फापरको पीठोबाट पकाइने बाक्लो परम्परागत नेपाली खानालाई ""मस्तो"" भनिन्छ ।",,
CUL081,Culture,Food,English,What is the hardened traditional cheese made from yak or chauri milk in the Himalayan region called?,Chhurpi,Chhurpi,,
CUL081,Culture,Food,Nepali,हिमाली क्षेत्रमा चौँरीको दूधबाट बनाइने कडा परम्परागत चीजलाई के भनिन्छ?,छुर्पी,"चुराम

चुराम एक प्रकार को परम्परागत चीज हो जो हिमाली क्षेत्रमा चौँरीको दूधबाट बनाइने ।",,
CUL082,Culture,Food,English,What is the roasted barley flour staple food of Nepal's Himalayan communities called?,Tsampa (Sattu),Tsampa,,
CUL082,Culture,Food,Nepali,"हिमाली समुदायको मुख्य खाना, भुटेको जौको पीठोलाई के भनिन्छ?",साम्पा (सातु),भुटेको जौको पीठोलाई चाउलाई भनिन्छ ।,,
CUL083,Culture,Food,English,The renowned Thakali cuisine of Nepal originates from which region?,"Thak Khola, Mustang",Jomsom,,
CUL083,Culture,Food,Nepali,प्रसिद्ध थकाली खाना नेपालको कुन क्षेत्रबाट आएको हो?,"थाकखोला, मुस्ताङ",उत्तर: थकाली खाना नेपालको कोशी अंचलबाट आएको हो ।,,
CUL084,Culture,Food,English,The yomari sweet is traditionally filled with which sweetener made from concentrated sugarcane juice?,Chaku,Gur (jaggery),,
CUL084,Culture,Food,Nepali,योमरीभित्र परम्परागत रूपमा उखुको रसबाट बनेको कुन गुलियो पदार्थ भरिन्छ?,चाकु,काजी,,
CUL085,Culture,Traditions,English,"In Nepali Hindu tradition, vermilion powder (sindoor) in the hair parting signifies what status of a woman?",Married status,Married,,
CUL085,Culture,Traditions,Nepali,नेपाली हिन्दू परम्परामा सिउँदोमा सिन्दूरले महिलाको कस्तो अवस्था जनाउँछ?,विवाहित अवस्था,विवाहित,,
CUL086,Culture,Traditions,English,The pote (glass bead necklace) is traditionally worn by which group of Nepali women?,Married Hindu women,The Magars.,,
CUL086,Culture,Traditions,Nepali,पोते परम्परागत रूपमा कस्ता नेपाली महिलाले लगाउँछन्?,विवाहित हिन्दू महिला,पोते परम्परागत रूपमा नेपाली महिलाले पाँच पाँच नेपाली रुपियाँ लगाउँछन् ।,,
CUL087,Culture,Traditions,English,For how many days is the principal Hindu mourning ritual (kriya) traditionally observed in Nepal?,13,13 days,,
CUL087,Culture,Traditions,Nepali,नेपालमा हिन्दू परम्पराअनुसार मुख्य किरिया (क्रिया) कति दिनसम्म बस्ने चलन छ?,13,नेपालमा हिन्दू परम्पराअनुसार मुख्य किरिया (क्रिया) ११ दिनसम्म बस्ने चलन छ।,,
CUL088,Culture,Rituals,English,What is the Nepali ceremony of feeding an infant rice for the first time called?,Pasni (Annaprashan),Bhojan Khanei,,
CUL088,Culture,Rituals,Nepali,शिशुलाई पहिलो पटक भात ख्वाउने नेपाली संस्कारलाई के भनिन्छ?,पास्नी (अन्नप्राशन),"शिशुलाई पहिलो पटक भात ख्वाउने नेपाली संस्कारलाई ""जलजला"" भनिन्छ ।",,
CUL089,Culture,Rituals,English,What is the Nepali naming ceremony performed shortly after a child's birth called?,Nwaran,Gadhimai,,
CUL089,Culture,Rituals,Nepali,जन्मेको केही दिनपछि गरिने नामकरण संस्कारलाई नेपालीमा के भनिन्छ?,न्वारन,"नामकरण संस्कारलाई नेपालीमा ""बारा दिन"" भनिन्छ ।",,
CUL090,Culture,Rituals,English,What is the Hindu initiation ceremony in which a boy receives the sacred thread called in Nepal?,Bratabandha,Janeswar,,
CUL090,Culture,Rituals,Nepali,बालकलाई जनै दिने हिन्दू संस्कारलाई नेपालमा के भनिन्छ?,व्रतबन्ध,"बालकलाई जनै दिने हिन्दू संस्कारलाई नेपालमा ""संस्कार"" भनिन्छ ।",,
CUL091,Culture,Rituals,English,"In the Newar Ihi ceremony, young girls are symbolically married to which fruit?",Bel (wood apple),A banana.,,
CUL091,Culture,Rituals,Nepali,नेवार समुदायको इही संस्कारमा बालिकाहरूलाई कुन फलसँग प्रतीकात्मक विवाह गराइन्छ?,बेल,कपाल,,
CUL092,Culture,Traditions,English,What is the traditional Newar socio-religious trust institution that manages festivals and temples called?,Guthi,Guthi,,
CUL092,Culture,Traditions,Nepali,जात्रा तथा मन्दिर व्यवस्थापन गर्ने नेवार समुदायको परम्परागत सामाजिक-धार्मिक संस्थालाई के भनिन्छ?,गुठी,"नेवार समुदायको परम्परागत सामाजिक-धार्मिक संस्थालाई ""कुल"" भनिन्छ ।",,
CUL093,Culture,Traditions,English,What is the traditional Nepali shaman or faith healer called?,Jhankri (shaman),Jhankri,,
CUL093,Culture,Traditions,Nepali,परम्परागत नेपाली धामी-झाँक्रीमध्ये झाँक्री भनेको को हो भन्दा: परम्परागत आत्मिक उपचार गर्ने व्यक्तिलाई के भनिन्छ?,झाँक्री,झाँक्री भनेको परम्परागत नेपाली धामी-झाँक्रीमध्ये परम्परागत आत्मिक उपचार गर्ने व्यक्तिलाई भनिन्छ।,,
CUL094,Culture,Heritage,English,What was the ancient name of Kathmandu city?,Kantipur,Yamadipatinagar or Nepa,,
CUL094,Culture,Heritage,Nepali,काठमाडौं सहरको प्राचीन नाम के थियो?,कान्तिपुर,काठमाडौं सहरको प्राचीन नाम काठमाण्डौ थियो।,,
CUL095,Culture,Heritage,English,The name of Kathmandu is derived from which historic wooden pavilion?,Kasthamandap,Kasthamandap,,
CUL095,Culture,Heritage,Nepali,काठमाडौं नाम कुन ऐतिहासिक काठको मण्डपबाट आएको मानिन्छ?,काष्ठमण्डप,काठमाडौं नाम काठमाडो काठको मण्डपबाट आएको मानिन्छ ।,,
CUL096,Culture,Heritage,English,What is the historic royal palace complex in Kathmandu Durbar Square called?,Hanuman Dhoka,Basantapur Durbar,,
CUL096,Culture,Heritage,Nepali,काठमाडौं दरबार क्षेत्रको ऐतिहासिक राजदरबार परिसरलाई के भनिन्छ?,हनुमानढोका,काठमाडौं दरबार क्षेत्रको ऐतिहासिक राजदरबार परिसरलाई ललितपुर भनिन्छ ।,,
CUL097,Culture,Heritage,English,The city of Patan (Lalitpur) is particularly famous for which traditional craft?,Metal craft (bronze casting),Weaving (especially woolen cloth) and metalwork (especially bronze and copper),,
CUL097,Culture,Heritage,Nepali,पाटन (ललितपुर) सहर कुन परम्परागत शिल्पका लागि विशेष प्रसिद्ध छ?,धातुकला (मूर्ति ढलाई),पाटन (ललितपुर) सहर ब्राजल (ब्राह्मणले बनाएको) शिल्पका लागि विशेष प्रसिद्ध छ।,,
CUL098,Culture,Heritage,English,Which Nepali artist travelled to the court of Kublai Khan and helped spread pagoda architecture in East Asia?,Araniko,Amoghavajra,,
CUL098,Culture,Heritage,Nepali,कुन नेपाली कलाकार कुब्लाई खाँको दरबारमा पुगेर पूर्वी एसियामा प्यागोडा शैली फैलाउन योगदान गरे?,अरनिको,मल्ल राज्यकालीन नेपाली कलाकार नन्दन,,
CUL099,Culture,Heritage,English,The Dharahara tower of Kathmandu was originally built by which Prime Minister?,Bhimsen Thapa,"There is no Dharahara tower in Kathmandu. The Dharahara tower is actually located in Bhaktapur, Nepal, and was originally built by Ranoddip Singh, the Prime Minister of Nepal, in 1827.",,
CUL099,Culture,Heritage,Nepali,काठमाडौंको धरहरा मूल रूपमा कुन प्रधानमन्त्रीले बनाउन लगाएका थिए?,भीमसेन थापा,काठमाडौंको धरहरा मूल रूपमा कृष्णराज शाहले बनाउन लगाएका थिए।,,
CUL100,Culture,Heritage,English,The Pashupatinath main temple is built in which traditional architectural style?,Pagoda style,Nagara style,,
CUL100,Culture,Heritage,Nepali,पशुपतिनाथ मुख्य मन्दिर कुन परम्परागत वास्तुकला शैलीमा बनेको छ?,प्यागोडा शैली,पशुपतिनाथ मुख्य मन्दिर नेवार वास्तुकला शैलीमा बनेको छ।,,
CUL101,Culture,Heritage,English,The stone Krishna Mandir of Patan Durbar Square is built in which architectural style?,Shikhara style,Lichhavi,,
CUL101,Culture,Heritage,Nepali,पाटन दरबार क्षेत्रको ढुङ्गे कृष्ण मन्दिर कुन वास्तुकला शैलीमा बनेको छ?,शिखर शैली,पाटन दरबार क्षेत्रको ढुङ्गे कृष्ण मन्दिर नेवार शैलीमा बनेको छ ।,,
CUL102,Culture,Games,English,Which traditional stick-and-pin game was long regarded as Nepal's informal national game before volleyball was declared?,Dandi Biyo,Kho-Kho,,
CUL102,Culture,Games,Nepali,भलिबल घोषणा हुनुअघि कुन परम्परागत खेललाई नेपालको अनौपचारिक राष्ट्रिय खेल मानिन्थ्यो?,डन्डीबियो,भलिबल घोषणा हुनुअघि नेपालमा भलिबललाई नेपालको अनौपचारिक राष्ट्रिय खेल मानिन्थ्यो ।,,
CUL103,Culture,Games,English,"In the traditional Nepali board game Bagh Chal, the tigers play against which animals?",Goats,Goats,,
CUL103,Culture,Games,Nepali,परम्परागत नेपाली खेल बाघचालमा बाघहरूको प्रतिस्पर्धा कुन जनावरहरूसँग हुन्छ?,बाख्रा,बाघचालमा बाघहरूको प्रतिस्पर्धा गोरखाली बकरीहरूसँग हुन्छ ।,,
CUL104,Culture,Literature-adjacent media,English,Which comedian-author wrote the best-selling memoir 'China Harayeko Manchhe'?,Haribansha Acharya,Bishnu Shrestha,,
CUL104,Culture,Literature-adjacent media,Nepali,बहुचर्चित संस्मरण 'चिना हराएको मान्छे' कुन हास्यकलाकार-लेखकले लेखेका हुन्?,हरिवंश आचार्य,बहुचर्चित संस्मरण 'चिना हराएको मान्छे' हास्यकलाकार-लेखक कृष्ण हारिले लेखेका हुन् ।,,
CUL105,Culture,Heritage,English,How many cultural World Heritage Sites does Nepal have?,2,7,,
CUL105,Culture,Heritage,Nepali,नेपालमा कतिवटा सांस्कृतिक विश्व सम्पदा क्षेत्र छन्?,2,नेपालमा ८ सांस्कृतिक विश्व सम्पदा क्षेत्र छन् ।,,
CUL106,Culture,Music and arts,English,What is the expanded traditional ensemble of nine Nepali instruments called?,Naumati Baja,"Bijay Shrestha's ensemble is called ""Nava Bajé"" or ""Nava Baje"" or ""Nava Baje ensemble"" but the expanded traditional ensemble of nine Nepali instruments is called ""Nava Baje"" or ""Nava Baje ensemble"" but the expanded traditional ensemble of nine Nepali instruments is called ""Nava Baje"" or ""Nava Baje ensemble"" but the expanded traditional ensemble of nine Nepali instruments is called ""Nava Baje"" or ""Nava Baje ensemble"" but the expanded traditional ensemble of nine Nepali instruments is called ""Nava Baje"" or ""Nava Baje ensemble"" but the expanded traditional ensemble of nine Nepali instruments is called ""N",,
CUL106,Culture,Music and arts,Nepali,नौवटा परम्परागत नेपाली बाजाको विस्तारित समूहलाई के भनिन्छ?,नौमती बाजा,नौवटा परम्परागत नेपाली बाजाको विस्तारित समूहलाई नौवटा बाजा भनिन्छ ।,,
CUL107,Culture,Music and arts,English,The dhime drum is a traditional instrument of which community?,Newar,The dhime drum is a traditional instrument of the Romani people.,,
CUL107,Culture,Music and arts,Nepali,ढिमे बाजा कुन समुदायको परम्परागत बाजा हो?,नेवार,ढिमे बाजा नेवार समुदायको परम्परागत बाजा हो ।,,
CUL108,Culture,Music and arts,English,The chyabrung (ke lang) drum is a traditional instrument of which community?,Limbu,The Khasi community.,,
CUL108,Culture,Music and arts,Nepali,च्याब्रुङ बाजा कुन समुदायको परम्परागत बाजा हो?,लिम्बू,च्याब्रुङ बाजा तामाङ समुदायको परम्परागत बाजा हो ।,,
CUL109,Culture,Music and arts,English,What is the traditional love-song and courtship singing genre of the Limbu community called?,Palam,Yosang,,
CUL109,Culture,Music and arts,Nepali,लिम्बू समुदायको परम्परागत प्रेम/भाका गायन विधालाई के भनिन्छ?,पालाम,"लिम्बू समुदायको परम्परागत प्रेम/भाका गायन विधालाई ""भाका गायन"" भनिन्छ ।",,
CUL110,Culture,Food,English,"Tongba, the hot fermented millet drink, is a traditional beverage of which community?",Limbu,The Lepcha community.,,
CUL110,Culture,Food,Nepali,तातो पानी हालेर पिइने कोदोको जाँड 'तोङ्बा' कुन समुदायको परम्परागत पेय हो?,लिम्बू,तातो पानी हालेर पिइने कोदोको जाँड 'तोङ्बा' नेवार समुदायको परम्परागत पेय हो ।,,
CUL111,Culture,Traditions,English,What was the traditional Gurung institution where young people gathered in the evenings to sing and socialise called?,Rodhi,Dhara,,
CUL111,Culture,Traditions,Nepali,युवायुवती साँझमा भेला भई गीत गाउने गुरुङ समुदायको परम्परागत संस्थालाई के भनिन्थ्यो?,रोधी,गाईने गाई देउँलाई,,
CUL112,Culture,Music and arts,English,The Charya dance is a ritual dance tradition of which religious community of the Kathmandu Valley?,Newar Buddhists (Vajracharya tradition),Newar,,
CUL112,Culture,Music and arts,Nepali,चर्या नृत्य काठमाडौं उपत्यकाको कुन धार्मिक समुदायको अनुष्ठानिक नृत्य परम्परा हो?,नेवार बौद्ध (वज्राचार्य परम्परा),काठमाडौं उपत्यकाको चर्या नृत्य नेवार समुदायको अनुष्ठानिक नृत्य परम्परा हो ।,,
CUL113,Culture,Traditional dress,English,What is the traditional black sari with a red border worn by Newar women called?,Haku Patasi,Paubha sari,,
CUL113,Culture,Traditional dress,Nepali,नेवार महिलाले लगाउने रातो किनारा भएको कालो सारीलाई के भनिन्छ?,हाकु पटासी,"नेवार महिलाले लगाउने रातो किनारा भएको कालो सारीलाई ""माला"" भनिन्छ ।",,
CUL114,Culture,Traditional dress,English,The black 'Bhadgaule' topi takes its name from which city?,Bhaktapur (Bhadgaon),Varanasi,,
CUL114,Culture,Traditional dress,Nepali,कालो 'भादगाउँले' टोपीको नाम कुन सहरबाट आएको हो?,भक्तपुर (भादगाउँ),भादगाउँले टोपीको नाम काठमाडौँ सहरबाट आएको हो ।,,
CUL115,Culture,Traditions,English,"What is the gold cylindrical ornament threaded on a long pote, worn by married Nepali women, called?",Tilhari,Nag Pasa,,
CUL115,Culture,Traditions,Nepali,विवाहित नेपाली महिलाले लामो पोतेमा उनेर लगाउने सुनको ढुङ्ग्री आकारको गहनालाई के भनिन्छ?,तिलहरी,"विवाहित नेपाली महिलाले लामो पोतेमा उनेर लगाउने सुनको ढुङ्ग्री आकारको गहनालाई ""मंगलसूत्र"" भनिन्छ ।",,
CUL116,Culture,Food,English,"What is the ceremonial Newar food platter of beaten rice, meat, beans and other items called?",Samay Baji,"Bhojan

or

Bhoj

or

Bhojan Bhatta",,
CUL116,Culture,Food,Nepali,"च्युरा, मासु, बोडी लगायत राखेर सजाइने नेवारी परम्परागत खाजा थालीलाई के भनिन्छ?",समयबजी,"नेवारी परम्परागत खाजा थालीलाई ""भोक"" भनिन्छ ।",,
CUL117,Culture,Food,English,What is the traditional Newar sweet bread prepared especially for weddings called?,Lakhamari,Yomari,,
CUL117,Culture,Food,Nepali,विशेष गरी विवाहमा पठाइने नेवारी परम्परागत गुलियो रोटीलाई के भनिन्छ?,लाखामरी,"नेवारी परम्परागत गुलियो रोटीलाई ""कल्याणी"" भनिन्छ ।",,
CUL118,Culture,Rituals,English,What is the Newar rite celebrating an elder's passage into ritual old age (first performed at age 77) called?,Janku (Bhimratharohan),Janku.,,
CUL118,Culture,Rituals,Nepali,नेवार समुदायमा वृद्धावस्था प्रवेशको उपलक्ष्यमा (पहिलो पटक 77 वर्षमा) गरिने संस्कारलाई के भनिन्छ?,जंकु (भीमरथारोहण),"नेवार समुदायमा वृद्धावस्था प्रवेशको उपलक्ष्यमा गरिने संस्कारलाई ""जानै"" भनिन्छ ।",,
CUL119,Culture,Living traditions,English,A Kumari's tenure as living goddess traditionally ends when what happens?,She reaches puberty (first menstruation),Menstruation,,
CUL119,Culture,Living traditions,Nepali,जीवित देवी कुमारीको पदावधि परम्परागत रूपमा कुन अवस्थामा समाप्त हुन्छ?,रजस्वला (पहिलो महिनावारी) भएपछि,उत्तर: ५ वर्ष,,
CUL120,Culture,Festivals,English,"The Bhoto Jatra, display of a jewelled vest at Jawalakhel, concludes which festival?",Rato Machhindranath Jatra,Bisket Jatra,,
CUL120,Culture,Festivals,Nepali,जावलाखेलमा भोटो देखाइने भोटो जात्राले कुन जात्राको समापन गर्छ?,रातो मच्छिन्द्रनाथ जात्रा,भोटो जात्राले नवरात्रि जात्राको समापन गर्छ ।,,
CUL121,Culture,Festivals,English,Machhindranath (Bunga Dyah) is worshipped in the Kathmandu Valley chiefly as the god of what?,Rain (and good harvest),Fertility and prosperity.,,
CUL121,Culture,Festivals,Nepali,मच्छिन्द्रनाथ (बुङ्गद्यः) लाई काठमाडौं उपत्यकामा मुख्यतः केका देवताका रूपमा पुजिन्छ?,वर्षा (र सहकालका),मच्छिन्द्रनाथ (बुङ्गद्यः) लाई काठमाडौं उपत्यकामा मुख्यतः विष्णुका रूपमा पुजिन्छ।,,
CUL122,Culture,Festivals,English,Which village is the winter home of the deity Rato Machhindranath?,Bungamati,Kirtipur,,
CUL122,Culture,Festivals,Nepali,रातो मच्छिन्द्रनाथको हिउँदे बासस्थान कुन गाउँ हो?,बुङमती,रातो मच्छिन्द्रनाथको हिउँदे बासस्थान कालिकोट गाउँ हो ।,,
CUL123,Culture,Festivals,English,The Seto Machhindranath Jatra is celebrated in which city?,Kathmandu,Lalitpur (also known as Patan),,
CUL123,Culture,Festivals,Nepali,सेतो मच्छिन्द्रनाथ जात्रा कुन सहरमा मनाइन्छ?,काठमाडौं,काठमाडौँमा,,
CUL124,Culture,Festivals,English,"The Sindoor Jatra, famous for clouds of orange vermilion powder, is celebrated in which town during the New Year?",Madhyapur Thimi,Bhaktapur,,
CUL124,Culture,Festivals,Nepali,नयाँ वर्षमा सिन्दूर उडाएर मनाइने सिन्दूर जात्रा कुन नगरमा प्रसिद्ध छ?,मध्यपुर थिमि,काठमाडौँ,,
CUL125,Culture,Performing arts,English,The Kartik Naach dance drama is performed annually in which city?,Patan (Lalitpur),Varanasi,,
CUL125,Culture,Performing arts,Nepali,कात्तिक नाच प्रत्येक वर्ष कुन सहरमा प्रदर्शन गरिन्छ?,पाटन (ललितपुर),कात्तिक नाच प्रत्येक वर्ष काठमाडौँमा प्रदर्शन गरिन्छ ।,,
CUL126,Culture,Performing arts,English,Which Malla king started the tradition of the Kartik Naach in Patan?,Siddhinarasimha Malla,Malla 5 (also known as Malla Veer Narayan),,
CUL126,Culture,Performing arts,Nepali,पाटनमा कात्तिक नाचको परम्परा कुन मल्ल राजाले सुरु गरेका थिए?,सिद्धिनरसिंह मल्ल,पाटनमा कात्तिक नाचको परम्परा मल्ल राजा वीर नारायण मल्लले सुरु गरेका थिए ।,,
CUL127,Culture,Heritage,English,Which Malla king built the stone Krishna Mandir of Patan Durbar Square?,Siddhinarasimha Malla,Jayasthiti Malla,,
CUL127,Culture,Heritage,Nepali,पाटन दरबार क्षेत्रको ढुङ्गे कृष्ण मन्दिर कुन मल्ल राजाले बनाउन लगाएका थिए?,सिद्धिनरसिंह मल्ल,नरहरि मल्ल राजाले बनाउन लगाएका थिए ।,,
CUL128,Culture,Heritage,English,Rani Pokhari in Kathmandu was built by which king in memory of his son?,Pratap Malla,Pratap Malla,,
CUL128,Culture,Heritage,Nepali,काठमाडौंको रानीपोखरी कुन राजाले छोराको सम्झनामा बनाउन लगाएका थिए?,प्रताप मल्ल,काठमाडौंको रानीपोखरी पृथ्वी राजाले छोराको सम्झनामा बनाउन लगाएका थिए ।,,
CUL129,Culture,Heritage,English,The Taleju temple of Kathmandu Durbar Square was built during the reign of which Malla king?,Mahendra Malla,Jagajjaya Malla,,
CUL129,Culture,Heritage,Nepali,काठमाडौं दरबार क्षेत्रको तलेजु मन्दिर कुन मल्ल राजाको पालामा बनेको थियो?,महेन्द्र मल्ल,काठमाडौं दरबार क्षेत्रको तलेजु मन्दिर यल्लम्बर मल्ल राजाको पालामा बनेको थियो ।,,
CUL130,Culture,Heritage,English,The Garden of Dreams in Kathmandu was created by which Rana aristocrat?,Kaiser Shumsher Rana,Cipa Bahadur Malla,,
CUL130,Culture,Heritage,Nepali,काठमाडौंको स्वप्न बगैंचा (गार्डेन अफ ड्रिम्स) कुन राणा व्यक्तित्वले बनाउन लगाएका थिए?,केशरशमशेर राणा,काठमाडौंको स्वप्न बगैंचा (गार्डेन अफ ड्रिम्स) राणा प्रजमल वीर विक्रम शाहले बनाउन लगाएका थिए ।,,
CUL131,Culture,Heritage,English,The Singha Durbar palace was built by which Rana Prime Minister?,Chandra Shumsher JBR,Janga Bahadur Rana,,
CUL131,Culture,Heritage,Nepali,सिंहदरबार कुन राणा प्रधानमन्त्रीले बनाउन लगाएका थिए?,चन्द्रशमशेर जबरा,"राणा जगराज माल

राणा जगराज मालले सिंहदरबार बनाउन लगाएका थिए।",,
CUL132,Culture,Heritage,English,The Ghantaghar clock tower of Kathmandu was originally built by which Rana Prime Minister?,Bir Shumsher JBR,"Jadunath Chand

Note: The Ghantaghar clock tower is also known as the Clock Tower of Kathmandu.",,
CUL132,Culture,Heritage,Nepali,काठमाडौंको घण्टाघर मूल रूपमा कुन राणा प्रधानमन्त्रीले बनाउन लगाएका थिए?,वीरशमशेर जबरा,काठमाडौंको घण्टाघर मूल रूपमा रणा बिहारी शाहले बनाउन लगाएका थिए ।,,
CUL133,Culture,Heritage,English,The town of Thimi in the Kathmandu Valley is traditionally famous for which craft?,Pottery,Pottery,,
CUL133,Culture,Heritage,Nepali,काठमाडौं उपत्यकाको थिमि नगर परम्परागत रूपमा कुन शिल्पका लागि प्रसिद्ध छ?,माटाका भाँडा (कुमाले कला),काठमाडौं उपत्यकाको थिमि नगर परम्परागत रूपमा तेलको शिल्पका लागि प्रसिद्ध छ।,,
CUL134,Culture,Heritage,English,What is the traditional Newar name of the city of Patan (Lalitpur)?,Yala,Yala,,
CUL134,Culture,Heritage,Nepali,पाटन (ललितपुर) सहरको परम्परागत नेवारी नाम के हो?,यल,पाटन (ललितपुर) सहरको परम्परागत नेवारी नाम यलन (यलन) हो ।,,
CUL135,Culture,Heritage,English,What is the traditional Newar name of the city of Bhaktapur?,Khwopa,Bhadgaon,,
CUL135,Culture,Heritage,Nepali,भक्तपुर सहरको परम्परागत नेवारी नाम के हो?,ख्वप,भक्तपुर सहरको परम्परागत नेवारी नाम काँचिपुरी हो ।,,
CUL136,Culture,Heritage,English,What is the traditional Newar name of the city of Kathmandu?,Yen,Yenya (also known as Yenebhu or Yenebu),,
CUL136,Culture,Heritage,Nepali,काठमाडौं सहरको परम्परागत नेवारी नाम के हो?,येँ,काठमाडौं सहरको परम्परागत नेवारी नाम काठमाडौँको नाम काठमाडौँको नेवारी नाम काठमाडौँको नाम काठमाडौँको नेवारी नाम काठमाडौँको नाम काठमाडौँको नेवारी नाम काठमाडौँको नाम काठमाडौँको नेवारी नाम काठमाडौँको नाम काठमाडौँको नेवारी नाम काठमाडौँको नाम काठ,,
CUL137,Culture,Heritage,English,How many monument zones make up the Kathmandu Valley World Heritage Site?,7,7,,
CUL137,Culture,Heritage,Nepali,काठमाडौं उपत्यका विश्व सम्पदा क्षेत्रभित्र कतिवटा स्मारक क्षेत्र समावेश छन्?,7,काठमाडौं उपत्यका विश्व सम्पदा क्षेत्रभित्र १० स्मारक क्षेत्र समावेश छन् ।,,
CUL138,Culture,Cinema and media,English,"What is regarded as the first Nepali-language feature film, released in 1951?",Satya Harishchandra,Aama (Mother),,
CUL138,Culture,Cinema and media,Nepali,सन् 1951 मा प्रदर्शित पहिलो नेपाली भाषाको चलचित्र कुन मानिन्छ?,सत्य हरिश्चन्द्र,माला,,
CUL139,Culture,Cinema and media,English,"What was the first feature film produced within Nepal, released in 1964?",Aama,Aama Ghariku Kura (Mother's Conversation),,
CUL139,Culture,Cinema and media,Nepali,"नेपालभित्रै निर्माण भएको पहिलो चलचित्र, सन् 1964 मा प्रदर्शित, कुन हो?",आमा,"निर्माण भएको पहिलो चलचित्र, सन् 1964 मा प्रदर्शित, 'आफ्नो घरको देवी' हो ।",,
CUL140,Culture,Cinema and media,English,In which year was Radio Nepal established?,1951,1950,,
CUL140,Culture,Cinema and media,Nepali,रेडियो नेपाल कुन वर्ष (ई.सं.) स्थापना भएको थियो?,1951,रेडियो नेपाल १९४४ सालमा स्थापना भएको थियो ।,,
CUL141,Culture,Cinema and media,English,In which year did Nepal Television begin broadcasting?,1985,1985,,
CUL141,Culture,Cinema and media,Nepali,नेपाल टेलिभिजनले कुन वर्ष (ई.सं.) प्रसारण सुरु गरेको थियो?,1985,नेपाल टेलिभिजनले २०४७ सालमा प्रसारण सुरु गरेको थियो ।,,
CUL142,Culture,National symbols,English,"What was the title of Nepal's former national anthem, used until 2006?",Shreeman Gambhir,"""Shayanda""",,
CUL142,Culture,National symbols,Nepali,सन् 2006 सम्म प्रयोगमा रहेको नेपालको पुरानो राष्ट्रिय गानको शीर्षक के थियो?,श्रीमान् गम्भीर,सयुंक्ते लालित्य,,
CUL143,Culture,Traditional dress,English,How many cloth ties traditionally fasten the daura of the Daura Suruwal?,8,Two,,
CUL143,Culture,Traditional dress,Nepali,दौरा सुरुवालको दौरामा परम्परागत रूपमा कतिवटा तुना हुन्छन्?,8,दौरा सुरुवालको दौरामा ७ तुना हुन्छन् ।,,
CUL144,Culture,Demographics,English,How many caste/ethnic groups were officially recorded in Nepal's 2021 census?,142,123,,
CUL144,Culture,Demographics,Nepali,सन् 2021 को जनगणनामा नेपालमा कतिवटा जातजाति आधिकारिक रूपमा सूचीकृत गरिए?,142,सन् २०२१ को जनगणनामा नेपालमा ५१ जातजाति आधिकारिक रूपमा सूचीकृत गरिए ।,,
CUL145,Culture,Language,English,How many mother tongues were recorded in Nepal's 2021 census?,124,31,,
CUL145,Culture,Language,Nepali,सन् 2021 को जनगणनामा नेपालमा कतिवटा मातृभाषा अभिलेख गरिए?,124,सन् २०२१ को जनगणनामा नेपालमा ११४ वटा मातृभाषा अभिलेख गरिए ।,,
CUL146,Culture,Music and arts,English,Which singer from Darjeeling is honoured as the 'Nightingale of the Hills' in Nepali music?,Aruna Lama,Kirti Shavi,,
CUL146,Culture,Music and arts,Nepali,नेपाली सङ्गीतमा 'पहाडकी कोइली' भनेर कुन गायिकालाई सम्मान गरिन्छ?,अरुणा लामा,पहाडकी कोइली भनेर गायिका मिताली चामारलाई सम्मान गरिन्छ ।,,
REL001,Religion,Buddhism,English,In which place of Nepal was Gautam Buddha born?,Lumbini,Lumbini,,
REL001,Religion,Buddhism,Nepali,गौतम बुद्धको जन्म नेपालको कुन स्थानमा भएको थियो?,लुम्बिनी,लुम्बिनी,,
REL002,Religion,Buddhism,English,Gautam Buddha is the founder of which religion?,Buddhism,Buddhism,,
REL002,Religion,Buddhism,Nepali,गौतम बुद्ध कुन धर्मका संस्थापक हुन्?,बौद्ध धर्म,बौद्ध धर्म,,
REL003,Religion,Buddhism,English,What was the childhood name of Gautam Buddha?,Siddhartha Gautam,Siddharth,,
REL003,Religion,Buddhism,Nepali,गौतम बुद्धको बाल्यकालको नाम के थियो?,सिद्धार्थ गौतम,सिद्धार्थ,,
REL004,Religion,Buddhism,English,Who was the mother of Gautam Buddha?,Maya Devi,Maha Maya,,
REL004,Religion,Buddhism,Nepali,गौतम बुद्धकी आमा को थिइन्?,मायादेवी,माया,,
REL005,Religion,Hindu temples,English,The Pashupatinath Temple is dedicated to which deity?,Lord Shiva,Shiva,,
REL005,Religion,Hindu temples,Nepali,पशुपतिनाथ मन्दिर कुन देवतालाई समर्पित छ?,भगवान् शिव,पशुपतिनाथ मन्दिर भगवान पाशुपतिनाथलाई समर्पित छ ।,,
REL006,Religion,Hindu temples,English,On the bank of which river is the Pashupatinath Temple located?,Bagmati River,Bagmati River,,
REL006,Religion,Hindu temples,Nepali,पशुपतिनाथ मन्दिर कुन नदीको किनारमा अवस्थित छ?,बागमती नदी,बागमती नदीको किनारमा,,
REL007,Religion,Hindu temples,English,The Janaki Mandir in Janakpur is dedicated to which goddess?,Goddess Sita (Janaki),Durga,,
REL007,Religion,Hindu temples,Nepali,जनकपुरस्थित जानकी मन्दिर कुन देवीलाई समर्पित छ?,देवी सीता (जानकी),जनकपुरस्थित जानकी मन्दिर जानकीलाई समर्पित छ ।,,
REL008,Religion,Buddhist sites,English,Which stupa in Kathmandu is popularly known among visitors as the 'Monkey Temple'?,Swayambhunath,Swayambhunath Stupa,,
REL008,Religion,Buddhist sites,Nepali,काठमाडौंको कुन स्तूपलाई पर्यटकहरूमाझ 'मन्की टेम्पल' भनेर चिनिन्छ?,स्वयम्भूनाथ,चांगुनारायण स्तूप,,
REL009,Religion,Festivals,English,During which festival do Hindu men ritually change the sacred thread (janai)?,Janai Purnima,Upanayana,,
REL009,Religion,Festivals,Nepali,कुन पर्वमा हिन्दू पुरुषहरूले जनै फेर्ने गर्छन्?,जनै पूर्णिमा,मकर संक्रान्ति पर्वमा हिन्दू पुरुषहरूले जनै फेर्ने गर्छन् ।,,
REL010,Religion,Festivals,English,Which goddess is primarily worshipped during the Dashain festival?,Goddess Durga,Goddess Durga,,
REL010,Religion,Festivals,Nepali,दशैंमा मुख्य रूपमा कुन देवीको पूजा गरिन्छ?,दुर्गा देवी,दशैंमा मुख्य रूपमा गणेशी पूजा गरिन्छ ।,,
REL011,Religion,Festivals,English,Krishna Janmashtami is celebrated as the birth anniversary of which deity?,Lord Krishna,Lord Krishna,,
REL011,Religion,Festivals,Nepali,कृष्ण जन्माष्टमी कुन देवताको जन्मोत्सवका रूपमा मनाइन्छ?,भगवान् कृष्ण,विष्णु,,
REL012,Religion,Buddhist sites,English,In which district of Nepal is Lumbini located?,Rupandehi,Rupandehi,,
REL012,Religion,Buddhist sites,Nepali,लुम्बिनी नेपालको कुन जिल्लामा अवस्थित छ?,रूपन्देही,लुम्बिनी नेपालको रुपन्देही जिल्लामा अवस्थित छ ।,,
REL013,Religion,Buddhist sites,English,Which temple in Lumbini marks the exact birthplace of Gautam Buddha?,Maya Devi Temple,Mayadevi Temple,,
REL013,Religion,Buddhist sites,Nepali,लुम्बिनीमा गौतम बुद्धको जन्मस्थल जनाउने मन्दिर कुन हो?,मायादेवी मन्दिर,लुम्बिनीमा गौतम बुद्धको जन्मस्थल जनाउने मन्दिर मायादेवी मन्दिर हो ।,,
REL014,Religion,Buddhist sites,English,Which emperor erected the stone pillar at Lumbini commemorating Buddha's birthplace?,Emperor Ashoka,Ashoka,,
REL014,Religion,Buddhist sites,Nepali,लुम्बिनीमा बुद्धको जन्मस्थलको सम्झनामा शिलास्तम्भ कुन सम्राटले खडा गरेका थिए?,सम्राट अशोक,लुम्बिनीमा बुद्धको जन्मस्थलको सम्झनामा शिलास्तम्भ सम्राट अशोकले खडा गरेका थिए ।,,
REL015,Religion,Buddhism,English,Who was the father of Gautam Buddha?,King Suddhodhana,"Siddharth Gautam's father, King Suddhodhana, was the father of Gautam Buddha.",,
REL015,Religion,Buddhism,Nepali,गौतम बुद्धका पिता को थिए?,राजा शुद्धोधन,शुद्धोधन,,
REL016,Religion,Buddhism,English,What was the name of the capital city of the Shakya kingdom where Siddhartha Gautam grew up?,Kapilvastu,Kapilavastu,,
REL016,Religion,Buddhism,Nepali,सिद्धार्थ गौतम हुर्केको शाक्य राज्यको राजधानीको नाम के थियो?,कपिलवस्तु,लुम्बिनी,,
REL017,Religion,Buddhism,English,Where did Gautam Buddha attain enlightenment?,Bodh Gaya (India),"Under the Bodhi Tree in Bodh Gaya, India.",,
REL017,Religion,Buddhism,Nepali,गौतम बुद्धले कहाँ बुद्धत्व (ज्ञान) प्राप्त गरेका थिए?,बोधगया (भारत),लुम्बिनी,,
REL018,Religion,Buddhism,English,Where did Gautam Buddha deliver his first sermon?,Sarnath,Sarnath,,
REL018,Religion,Buddhism,Nepali,गौतम बुद्धले पहिलो उपदेश कहाँ दिएका थिए?,सारनाथ,लुम्बिनी,,
REL019,Religion,Pilgrimage sites,English,The Muktinath temple is located in which district of Nepal?,Mustang,Muktinath district is not a district in Nepal. The Muktinath temple is located in Mustang district.,,
REL019,Religion,Pilgrimage sites,Nepali,मुक्तिनाथ मन्दिर नेपालको कुन जिल्लामा अवस्थित छ?,मुस्ताङ,मुक्तिनाथ मन्दिर नेपालको म्याग्दी जिल्लामा अवस्थित छ।,,
REL020,Religion,Pilgrimage sites,English,Muktinath is a sacred pilgrimage site for the followers of which two religions?,Hinduism and Buddhism,Hindus and Buddhists.,,
REL020,Religion,Pilgrimage sites,Nepali,मुक्तिनाथ कुन दुई धर्मका अनुयायीहरूका लागि पवित्र तीर्थस्थल हो?,हिन्दू र बौद्ध धर्म,"बौद्ध, हिन्दू",,
REL021,Religion,Pilgrimage sites,English,The sacred Gosaikunda lake is located in which district?,Rasuwa,Rasuwa,,
REL021,Religion,Pilgrimage sites,Nepali,पवित्र गोसाइँकुण्ड ताल कुन जिल्लामा अवस्थित छ?,रसुवा,पवित्र गोसाइँकुण्ड ताल काठमाडौँ जिल्लामा अवस्थित छ ।,,
REL022,Religion,Pilgrimage sites,English,"The Pathibhara temple, a famous pilgrimage site, is located in which district?",Taplejung,Jhapa,,
REL022,Religion,Pilgrimage sites,Nepali,प्रसिद्ध तीर्थस्थल पाथीभरा मन्दिर कुन जिल्लामा अवस्थित छ?,ताप्लेजुङ,काठमाडौँ जिल्लामा,,
REL023,Religion,Pilgrimage sites,English,The Manakamana temple is located in which district?,Gorkha,Kaski,,
REL023,Religion,Pilgrimage sites,Nepali,मनकामना मन्दिर कुन जिल्लामा अवस्थित छ?,गोरखा,मनकामना मन्दिर भक्तपुर जिल्लामा अवस्थित छ ।,,
REL024,Religion,Hindu temples,English,The Budhanilkantha temple in Kathmandu features a large reclining statue of which deity?,Lord Vishnu,Vishnu,,
REL024,Religion,Hindu temples,Nepali,काठमाडौंको बूढानीलकण्ठ मन्दिरमा कुन देवताको ठूलो शयन मुद्राको मूर्ति छ?,भगवान् विष्णु,बूढानीलकण्ठ मन्दिरमा शिवको ठूलो शयन मुद्राको मूर्ति छ ।,,
REL025,Religion,Hindu temples,English,The Changu Narayan temple is dedicated to which deity?,Lord Vishnu (Narayan),Bhagwati,,
REL025,Religion,Hindu temples,Nepali,चाँगुनारायण मन्दिर कुन देवतालाई समर्पित छ?,भगवान् विष्णु (नारायण),चाँगुनारायण मन्दिर भगवान शिवलाई समर्पित छ ।,,
REL026,Religion,Buddhist sites,English,Which large stupa in Kathmandu is a major centre of Tibetan Buddhism in Nepal?,Boudhanath,Boudhanath Stupa.,,
REL026,Religion,Buddhist sites,Nepali,काठमाडौंको कुन ठूलो स्तूप नेपालमा तिब्बती बौद्ध धर्मको प्रमुख केन्द्र हो?,बौद्धनाथ,बौधनाथ स्तूप,,
REL027,Religion,Demographics,English,"According to Nepal's 2021 national census, which religion has the largest number of followers?",Hinduism,Hinduism,,
REL027,Religion,Demographics,Nepali,नेपालको सन् 2021 को राष्ट्रिय जनगणनाअनुसार सबैभन्दा धेरै अनुयायी भएको धर्म कुन हो?,हिन्दू धर्म,हिन्दु धर्म,,
REL028,Religion,Demographics,English,"According to the 2021 census, which is the second-largest religion in Nepal by followers?",Buddhism,Islam,,
REL028,Religion,Demographics,Nepali,सन् 2021 को जनगणनाअनुसार अनुयायीका आधारमा नेपालको दोस्रो ठूलो धर्म कुन हो?,बौद्ध धर्म,सन् २०२१ को जनगणनाअनुसार अनुयायीका आधारमा नेपालको दोस्रो ठूलो धर्म हिन्दु हो ।,,
REL029,Religion,Law and religion,English,"According to the Constitution of Nepal (2015), what is Nepal's status regarding religion?",Secular state,Nepal is a secular state.,,
REL029,Religion,Law and religion,Nepali,नेपालको संविधान (2015) अनुसार धर्मका सम्बन्धमा नेपाल कस्तो राज्य हो?,धर्मनिरपेक्ष राज्य,नेपाल एक धर्म निरपेक्ष राज्य हो ।,,
REL030,Religion,Festivals,English,The largest gathering for Maha Shivaratri in Nepal takes place at which temple?,Pashupatinath Temple,Pashupatinath Temple,,
REL030,Religion,Festivals,Nepali,नेपालमा महाशिवरात्रिको सबैभन्दा ठूलो जमघट कुन मन्दिरमा हुन्छ?,पशुपतिनाथ मन्दिर,पंचेश्वर मन्दिरमा,,
REL031,Religion,Festivals,English,Maha Shivaratri falls in which month of the Nepali calendar?,Falgun,Falgun,,
REL031,Religion,Festivals,Nepali,महाशिवरात्रि नेपाली पात्रोको कुन महिनामा पर्छ?,फागुन,फाल्गुन महिनामा पर्छ ।,,
REL032,Religion,Festivals,English,The goddess Saraswati is worshipped on which festival day in Nepal?,Basanta Panchami (Shree Panchami),Teej,,
REL032,Religion,Festivals,Nepali,विद्याकी देवी सरस्वतीको पूजा नेपालमा कुन पर्वको दिन गरिन्छ?,वसन्त पञ्चमी (श्रीपञ्चमी),माघ १ गते,,
REL033,Religion,Festivals,English,"Bibaha Panchami, celebrated in Janakpur, commemorates the wedding of which divine couple?",Ram and Sita,Sita and Rama,,
REL033,Religion,Festivals,Nepali,जनकपुरमा मनाइने विवाह पञ्चमीले कुन दिव्य जोडीको विवाहको सम्झना गराउँछ?,राम र सीता,श्री राम जी र सीता जी,,
REL034,Religion,Heritage,English,In which year was Lumbini inscribed on the UNESCO World Heritage List?,1997,1997,,
REL034,Religion,Heritage,Nepali,लुम्बिनी कुन वर्ष युनेस्को विश्व सम्पदा सूचीमा सूचीकृत भएको थियो?,1997,लुम्बिनी १९९७,,
REL035,Religion,Heritage,English,In which year was the Kathmandu Valley inscribed on the UNESCO World Heritage List?,1979,1979,,
REL035,Religion,Heritage,Nepali,काठमाडौं उपत्यका कुन वर्ष युनेस्को विश्व सम्पदा सूचीमा सूचीकृत भएको थियो?,1979,सन् १९७९,,
REL036,Religion,Pilgrimage sites,English,The Halesi Mahadev temple is located in which district?,Khotang,Sankhuwasabha,,
REL036,Religion,Pilgrimage sites,Nepali,हलेसी महादेव मन्दिर कुन जिल्लामा अवस्थित छ?,खोटाङ,काठमाडौँ जिल्लामा,,
REL037,Religion,Pilgrimage sites,English,The Namobuddha stupa is located in which district?,Kavrepalanchok,Dolakha,,
REL037,Religion,Pilgrimage sites,Nepali,नमोबुद्ध स्तूप कुन जिल्लामा अवस्थित छ?,काभ्रेपलाञ्चोक,नमोबुद्ध स्तूप काठमाडौँ जिल्लामा अवस्थित छ ।,,
REL038,Religion,Pilgrimage sites,English,How many water spouts (dhara) are there at the Muktinath temple complex?,108,108,,
REL038,Religion,Pilgrimage sites,Nepali,मुक्तिनाथ मन्दिर परिसरमा कतिवटा धारा छन्?,108,मुक्तिनाथ मन्दिर परिसरमा ४ धारा छन् ।,,
REL039,Religion,Hindu temples,English,In which year (AD) was the present Janaki Mandir in Janakpur completed?,1910,1815,,
REL039,Religion,Hindu temples,Nepali,जनकपुरको हालको जानकी मन्दिर कुन वर्ष (ई.सं.) निर्माण सम्पन्न भएको थियो?,1910,ई.सं. १६७२,,
REL040,Religion,Kirat religion,English,What is the main religious scripture of the Kirat religion called?,Mundhum,"The Kirat religion is a traditional religion of the Kirat people, primarily found in Nepal. However, I couldn't find any information on a specific main religious scripture of the Kirat religion. The Kirat people have a rich cultural and spiritual heritage, but it appears that their religious traditions and scriptures are not well-documented or widely known.

If you have any more information or context about the Kirat religion, I may be able to provide a more accurate answer.",,
REL040,Religion,Kirat religion,Nepali,किरात धर्मको मुख्य धार्मिक ग्रन्थलाई के भनिन्छ?,मुन्धुम,"किरात धर्मको मुख्य धार्मिक ग्रन्थलाई ""किरातार्जुनी"" भनिन्छ ।",,
REL041,Religion,Festivals,English,The month-long Swasthani Brata Katha recitation is mainly observed during which Nepali month?,Magh,Magh,,
REL041,Religion,Festivals,Nepali,महिना दिनसम्म पढिने स्वस्थानी व्रतकथा मुख्य रूपमा नेपाली पात्रोको कुन महिनामा पर्छ?,माघ,माघ महिनामा पर्छ ।,,
REL042,Religion,Buddhist sites,English,"In which modern country is Lumbini, the birthplace of the Buddha, located?",Nepal,Nepal,,
REL042,Religion,Buddhist sites,Nepali,बुद्धको जन्मस्थल लुम्बिनी आधुनिक कुन देशमा अवस्थित छ?,नेपाल,नेपालमा,,
REL043,Religion,Hindu scriptures,English,How many Vedas are there in Hindu tradition?,4,4,,
REL043,Religion,Hindu scriptures,Nepali,हिन्दू परम्परामा वेदहरू कतिवटा छन्?,4,"चार वेद छन् ।

१. ऋग्वेद
२. यजुर्वेद
३. सामवेद
४. अथर्ववेद",,
REL044,Religion,Hindu scriptures,English,The Bhagavad Gita is a part of which great epic?,The Mahabharata,The Mahabharata,,
REL044,Religion,Hindu scriptures,Nepali,श्रीमद्भगवद्गीता कुन महाकाव्यको अंश हो?,महाभारत,भीष्म पर्व,,
REL045,Religion,Hindu scriptures,English,Who composed the original Sanskrit Ramayana?,Valmiki,Valmiki,,
REL045,Religion,Hindu scriptures,Nepali,मूल संस्कृत रामायणको रचना कसले गरेका हुन्?,वाल्मीकि,वाल्मिकी,,
REL046,Religion,Hindu scriptures,English,Who is regarded as the author of the Mahabharata?,Ved Vyasa,Vyasa,,
REL046,Religion,Hindu scriptures,Nepali,महाभारतका रचनाकार कसलाई मानिन्छ?,वेदव्यास,वेद व्यास,,
REL047,Religion,Hindu deities,English,"In the Hindu trinity, which deity is regarded as the creator?",Brahma,Brahma,,
REL047,Religion,Hindu deities,Nepali,हिन्दू त्रिदेवमध्ये सृष्टिकर्ता देवता को हुन्?,ब्रह्मा,ब्रह्मा,,
REL048,Religion,Hindu deities,English,"In the Hindu trinity, which deity is regarded as the preserver?",Vishnu,Vishnu,,
REL048,Religion,Hindu deities,Nepali,हिन्दू त्रिदेवमध्ये पालनकर्ता देवता को हुन्?,विष्णु,ब्रह्मा,,
REL049,Religion,Hindu deities,English,"In the Hindu trinity, which deity is regarded as the destroyer/transformer?",Shiva (Mahesh),Shiva,,
REL049,Religion,Hindu deities,Nepali,हिन्दू त्रिदेवमध्ये संहारकर्ता देवता को हुन्?,शिव (महेश),शिव,,
REL050,Religion,Hindu deities,English,The deity Ganesh is the son of which divine couple?,Shiva and Parvati,Shiva and Parvati,,
REL050,Religion,Hindu deities,Nepali,गणेश कुन दिव्य दम्पतीका पुत्र हुन्?,शिव र पार्वती,शिव र पार्वती,,
REL051,Religion,Hindu deities,English,The goddess Laxmi is the consort of which deity?,Vishnu,Vishnu,,
REL051,Religion,Hindu deities,Nepali,देवी लक्ष्मी कुन देवताकी अर्धाङ्गिनी हुन्?,विष्णु,विष्णु,,
REL052,Religion,Hindu deities,English,The goddess Parvati is the consort of which deity?,Shiva,Shiva,,
REL052,Religion,Hindu deities,Nepali,देवी पार्वती कुन देवताकी अर्धाङ्गिनी हुन्?,शिव,देवी पार्वती शिवकी अर्धाङ्गिनी हुन् ।,,
REL053,Religion,Ramayana,English,The deity Hanuman is celebrated for his devotion to which god?,Ram,Rama,,
REL053,Religion,Ramayana,Nepali,हनुमान कुन देवताप्रतिको भक्तिका लागि प्रख्यात छन्?,राम,शिव,,
REL054,Religion,Ramayana,English,Who was the father of Lord Ram?,King Dasharath,King Dasharatha,,
REL054,Religion,Ramayana,Nepali,भगवान् रामका पिता को थिए?,राजा दशरथ,दशरथ,,
REL055,Religion,Ramayana,English,Lord Ram was the prince of which kingdom?,Ayodhya,Ayodhya,,
REL055,Religion,Ramayana,Nepali,भगवान् राम कुन राज्यका राजकुमार थिए?,अयोध्या,अयोध्याका राज्यका राजकुमार थिए ।,,
REL056,Religion,Ramayana,English,Who was the father of Goddess Sita?,King Janak,King Janaka,,
REL056,Religion,Ramayana,Nepali,देवी सीताका पिता को थिए?,राजा जनक,जनक,,
REL057,Religion,Ramayana,English,Who abducted Sita in the Ramayana?,Ravana,Ravana,,
REL057,Religion,Ramayana,Nepali,रामायणमा सीतालाई कसले अपहरण गरेको थियो?,रावण,रावणले,,
REL058,Religion,Ramayana,English,Ravana was the king of which land?,Lanka,Lanka,,
REL058,Religion,Ramayana,Nepali,रावण कुन देशका राजा थिए?,लङ्का,लंका,,
REL059,Religion,Ramayana,English,For how many years was Lord Ram exiled to the forest?,14,14 years,,
REL059,Religion,Ramayana,Nepali,भगवान् राम कति वर्ष वनवासमा बसेका थिए?,14,१४ वर्ष,,
REL060,Religion,Mahabharata,English,Lord Krishna is regarded as an avatar of which deity?,Vishnu,Vishnu,,
REL060,Religion,Mahabharata,Nepali,भगवान् कृष्ण कुन देवताका अवतार मानिन्छन्?,विष्णु,विष्णु,,
REL061,Religion,Mahabharata,English,"In the Bhagavad Gita, Krishna delivers his teaching to which warrior?",Arjuna,Arjuna,,
REL061,Religion,Mahabharata,Nepali,श्रीमद्भगवद्गीतामा कृष्णले कुन योद्धालाई उपदेश दिएका छन्?,अर्जुन,अर्जुनलाई,,
REL062,Religion,Mahabharata,English,How many Pandava brothers were there in the Mahabharata?,5,5,,
REL062,Religion,Mahabharata,Nepali,महाभारतमा पाण्डवहरू कति जना थिए?,5,पाँच जना,,
REL063,Religion,Buddhism,English,What is the community of Buddhist monks called?,Sangha,Sangha,,
REL063,Religion,Buddhism,Nepali,बौद्ध भिक्षुहरूको समुदायलाई के भनिन्छ?,सङ्घ,संघ,,
REL064,Religion,Buddhism,English,How many Noble Truths did the Buddha teach?,4,Four,,
REL064,Religion,Buddhism,Nepali,बुद्धले कतिवटा आर्यसत्य उपदेश दिएका छन्?,4,बुद्धले ४४ आर्यसत्य उपदेश दिएका छन् ।,,
REL065,Religion,Hindu practice,English,What is regarded as the most sacred syllable in Hinduism?,Om,Om (or Aum),,
REL065,Religion,Hindu practice,Nepali,हिन्दू धर्ममा सबैभन्दा पवित्र अक्षर (मन्त्राक्षर) कुन मानिन्छ?,ॐ (ओम्),"हिन्दू धर्ममा सबैभन्दा पवित्र अक्षर (मन्त्राक्षर) ""ओम"" मानिन्छ ।",,
REL066,Religion,Hindu practice,English,Which river is considered the holiest in Hinduism?,Ganga (Ganges),Ganges River,,
REL066,Religion,Hindu practice,Nepali,हिन्दू धर्ममा सबैभन्दा पवित्र नदी कुन मानिन्छ?,गङ्गा,गंगा नदी हिन्दू धर्ममा सबैभन्दा पवित्र नदी मानिन्छ ।,,
REL067,Religion,Hindu scriptures,English,Which is the oldest of the four Vedas?,Rigveda,Rigveda,,
REL067,Religion,Hindu scriptures,Nepali,चार वेदमध्ये सबैभन्दा पुरानो वेद कुन हो?,ऋग्वेद,रिग्वेद,,
REL068,Religion,Hindu scriptures,English,Which Veda is primarily associated with chants and music?,Samaveda,The Sama Veda.,,
REL068,Religion,Hindu scriptures,Nepali,कुन वेद मुख्यतया गान/सङ्गीतसँग सम्बन्धित छ?,सामवेद,ऋग्वेद,,
REL069,Religion,Hindu scriptures,English,How many chapters does the Bhagavad Gita contain?,18,18,,
REL069,Religion,Hindu scriptures,Nepali,श्रीमद्भगवद्गीतामा कतिवटा अध्याय छन्?,18,१८,,
REL070,Religion,Mahabharata,English,On which battlefield was the Mahabharata war fought?,Kurukshetra,Kurukshetra,,
REL070,Religion,Mahabharata,Nepali,महाभारतको युद्ध कुन मैदानमा लडिएको थियो?,कुरुक्षेत्र,कुरुक्षेत्रमा,,
REL071,Religion,Mahabharata,English,Who was the eldest of the Pandava brothers?,Yudhishthira,Yudhishthira,,
REL071,Religion,Mahabharata,Nepali,पाण्डवहरूमध्ये जेठा को थिए?,युधिष्ठिर,भीम,,
REL072,Religion,Mahabharata,English,How many Kaurava brothers were there in the Mahabharata?,100,100,,
REL072,Religion,Mahabharata,Nepali,महाभारतमा कौरवहरू कति जना थिए?,100,महाभारतमा कौरवहरू १०० जना थिए ।,,
REL073,Religion,Mahabharata,English,Draupadi was the common wife of which brothers?,The five Pandavas,"Pandu's sons: Yudhishthira, Bhima, Arjuna, Nakula, and Sahadeva.",,
REL073,Religion,Mahabharata,Nepali,द्रौपदी कुन दाजुभाइहरूकी साझा पत्नी थिइन्?,पाँच पाण्डव,पांच दाजुभाइहरूकी साझा पत्नी थिइन्।,,
REL074,Religion,Ramayana,English,Which brother accompanied Ram and Sita during the forest exile?,Lakshman,Lakshman,,
REL074,Religion,Ramayana,Nepali,वनवासमा राम र सीतासँगै कुन भाइ गएका थिए?,लक्ष्मण,लक्ष्मण,,
REL075,Religion,Ramayana,English,How many brothers did Lord Ram have?,3,Four,,
REL075,Religion,Ramayana,Nepali,भगवान् रामका कति जना भाइ थिए?,3,भाइ ४ जना थिए ।,,
REL076,Religion,Ramayana,English,What were the names of the twin sons of Ram and Sita?,Lava and Kusha,Luv and Kush,,
REL076,Religion,Ramayana,Nepali,राम र सीताका जुम्ल्याहा छोराहरूको नाम के थियो?,लव र कुश,लव र कुश,,
REL077,Religion,Ramayana,English,Hanuman is regarded as the son of which god?,Vayu (the wind god),Vayu,,
REL077,Religion,Ramayana,Nepali,हनुमान कुन देवताका पुत्र मानिन्छन्?,वायुदेव (पवनदेव),विष्णु,,
REL078,Religion,Ramayana,English,Which city did Hanuman set ablaze with his burning tail?,Lanka,Ravana's Lanka,,
REL078,Religion,Ramayana,Nepali,हनुमानले आफ्नो जलिरहेको पुच्छरले कुन सहर जलाएका थिए?,लङ्का,लंका,,
REL079,Religion,Ramayana,English,What is the fire ordeal undergone by Sita to prove her purity called?,Agni Pariksha,Agni Pariksha,,
REL079,Religion,Ramayana,Nepali,आफ्नो पवित्रता प्रमाणित गर्न सीताले गरेको अग्नि परीक्षणलाई के भनिन्छ?,अग्निपरीक्षा,आग्नि परीक्षण,,
REL080,Religion,Ramayana,English,Which brother of Ravana was famous for sleeping six months at a time?,Kumbhakarna,Atikaya,,
REL080,Religion,Ramayana,Nepali,रावणका कुन भाइ छ महिनासम्म सुत्ने कथाका लागि प्रसिद्ध छन्?,कुम्भकर्ण,कुबेर,,
REL081,Religion,Ramayana,English,Which brother of Ravana left him and joined Lord Ram?,Vibhishana,Vibhishana,,
REL081,Religion,Ramayana,Nepali,रावणका कुन भाइले उनलाई छोडेर रामको पक्ष लिए?,विभीषण,मेघनाथ,,
REL082,Religion,Hindu deities,English,How many principal avatars (Dashavatar) of Vishnu are described in Hindu tradition?,10,10,,
REL082,Religion,Hindu deities,Nepali,हिन्दू परम्परामा विष्णुका मुख्य अवतार (दशावतार) कतिवटा मानिन्छन्?,10,दशावतार १०,,
REL083,Religion,Hindu deities,English,"What is the first avatar of Vishnu, in the form of a fish, called?",Matsya,Matsya,,
REL083,Religion,Hindu deities,Nepali,माछाको रूपमा लिइएको विष्णुको पहिलो अवतारलाई के भनिन्छ?,मत्स्य,माछाको रूपमा लिइएको विष्णुको पहिलो अवतारलाई मत्स्य अवतार भनिन्छ ।,,
REL084,Religion,Hindu deities,English,"In his Narasimha avatar, Vishnu slew which demon king?",Hiranyakashipu,Hiranyakashyap,,
REL084,Religion,Hindu deities,Nepali,नृसिंह अवतारमा विष्णुले कुन दैत्यराजको वध गरेका थिए?,हिरण्यकशिपु,हिरण्यकश्यप,,
REL085,Religion,Festivals,English,The Holika Dahan bonfire commemorates the survival of which devotee?,Prahlad,Hiranyakashyap's son Prahlad,,
REL085,Religion,Festivals,Nepali,होलिका दहनले कुन भक्तको रक्षा भएको घटनाको सम्झना गराउँछ?,प्रह्लाद,प्रहलाद,,
REL086,Religion,Festivals,English,By what name is the festival of Holi commonly known in Nepal?,Fagu Purnima,Fagu Purnima,,
REL086,Religion,Festivals,Nepali,होली पर्वलाई नेपालमा कुन नामले चिनिन्छ?,फागु पूर्णिमा,फागु पर्व,,
REL087,Religion,Festivals,English,Maghe Sankranti marks the sun's entry into which zodiac sign?,Makar (Capricorn),Makar (Capricorn),,
REL087,Religion,Festivals,Nepali,माघे संक्रान्तिले सूर्य कुन राशिमा प्रवेश गरेको जनाउँछ?,मकर,माघे संक्रान्तिले सूर्य मेष राशिमा प्रवेश गरेको जनाउँछ ।,,
REL088,Religion,Hindu deities,English,Which mountain is regarded as the abode of Lord Shiva?,Mount Kailash,Kailash.,,
REL088,Religion,Hindu deities,Nepali,कुन पर्वतलाई भगवान् शिवको वासस्थान मानिन्छ?,कैलाश पर्वत,कैलाश पर्वत,,
REL089,Religion,Hindu deities,English,What is the trident weapon of Lord Shiva called?,Trishul,Trishul,,
REL089,Religion,Hindu deities,Nepali,भगवान् शिवको तीनधारे हतियारलाई के भनिन्छ?,त्रिशूल,त्रिशूल,,
REL090,Religion,Hindu deities,English,Which bull serves as the vahana (vehicle) of Lord Shiva?,Nandi,Nandi,,
REL090,Religion,Hindu deities,Nepali,भगवान् शिवको वाहन कुन साँढे हो?,नन्दी,नन्दी साँढे,,
REL091,Religion,Hindu deities,English,Which mythical bird serves as the vahana of Lord Vishnu?,Garuda,Garuda,,
REL091,Religion,Hindu deities,Nepali,भगवान् विष्णुको वाहन कुन पौराणिक पक्षी हो?,गरुड,गरुड,,
REL092,Religion,Hindu deities,English,Which small animal serves as the vahana of Lord Ganesh?,Mouse (Mushak),Mouse,,
REL092,Religion,Hindu deities,Nepali,गणेशको वाहन कुन सानो जनावर हो?,मुसा (मूषक),गणेशको वाहन घोडा हो ।,,
REL093,Religion,Hindu deities,English,Which deity is customarily worshipped first at the beginning of Hindu rituals?,Ganesh,Ganesha,,
REL093,Religion,Hindu deities,Nepali,हिन्दू पूजा-अनुष्ठानको सुरुमा सबैभन्दा पहिले कुन देवताको पूजा गरिन्छ?,गणेश,गणेश ज्यु,,
REL094,Religion,Hindu deities,English,Who are the two sons of Shiva and Parvati?,Ganesh and Kartikeya,Ganesha and Kartikeya,,
REL094,Religion,Hindu deities,Nepali,शिव-पार्वतीका दुई पुत्र को-को हुन्?,गणेश र कार्तिकेय,गणेश र कार्तिकेय,,
REL095,Religion,Hindu deities,English,Saraswati is revered as the goddess of what?,Knowledge and learning,"Knowledge, music, arts, and wisdom.",,
REL095,Religion,Hindu deities,Nepali,सरस्वतीलाई केकी देवी मानिन्छ?,विद्या (ज्ञान),हो,,
REL096,Religion,Hindu deities,English,Laxmi is revered as the goddess of what?,Wealth and prosperity,Wealth,,
REL096,Religion,Hindu deities,Nepali,लक्ष्मीलाई केकी देवी मानिन्छ?,धन-सम्पत्ति,हो,,
REL097,Religion,Festivals,English,The five days of Tihar are collectively named 'Yamapanchak' after which god?,Yama (god of death),"Yama, the god of death.",,
REL097,Religion,Festivals,Nepali,तिहारका पाँच दिनलाई कुन देवताका नामबाट 'यमपञ्चक' भनिन्छ?,यमराज (मृत्युका देवता),यमपञ्चक शिवलिङ्गमा पाँच दिनलाई यमपञ्चक भनिन्छ।,,
REL098,Religion,Festivals,English,"Indra, honoured in Kathmandu's Indra Jatra, is the god of what?",Rain,Thunder and the sky,,
REL098,Religion,Festivals,Nepali,काठमाडौंको इन्द्रजात्रामा पुजिने इन्द्र केका देवता हुन्?,वर्षा,इन्द्र केका देवता हुन्।,,
REL099,Religion,Festivals,English,The Govardhan Puja of Tihar commemorates Krishna lifting which hill?,Govardhan hill,Govardhan,,
REL099,Religion,Festivals,Nepali,तिहारको गोवर्धन पूजाले कृष्णले कुन पर्वत उठाएको प्रसंगको सम्झना गराउँछ?,गोवर्धन पर्वत,कृष्णले गोवर्धन पर्वत उठाएको प्रसंग तिहारको गोवर्धन पूजाले सम्झना गराउँछ।,,
REL100,Religion,Hindu deities,English,In which city was Lord Krishna born?,Mathura,Mathura,,
REL100,Religion,Hindu deities,Nepali,भगवान् कृष्णको जन्म कुन सहरमा भएको थियो?,मथुरा,मथुरामा,,
REL101,Religion,Hindu practice,English,The tulsi (holy basil) plant is especially sacred to which deity?,Vishnu,Lord Vishnu,,
REL101,Religion,Hindu practice,Nepali,तुलसीको बिरुवा विशेष गरी कुन देवतासँग सम्बन्धित मानिन्छ?,विष्णु,विष्णु,,
REL102,Religion,Hindu practice,English,Rudraksha beads are especially associated with which deity?,Shiva,Shiva,,
REL102,Religion,Hindu practice,Nepali,रुद्राक्ष कुन देवतासँग विशेष सम्बन्धित मानिन्छ?,शिव,रुद्राक्ष शिवलिङ्गको प्रतीक मानिन्छ ।,,
REL103,Religion,Hindu practice,English,How many beads does a traditional Hindu-Buddhist prayer mala contain?,108,108,,
REL103,Religion,Hindu practice,Nepali,परम्परागत जपमालामा कतिवटा दाना हुन्छन्?,108,९ वटा दाना हुन्छन् ।,,
REL104,Religion,Festivals,English,"On Nag Panchami, images of which creature are pasted above doorways in Nepal?",Serpent (Nag),Crocodile,,
REL104,Religion,Festivals,Nepali,नागपञ्चमीका दिन नेपालमा घरका ढोकामाथि कुन प्राणीको चित्र टाँसिन्छ?,नाग (सर्प),नाग,,
REL105,Religion,Festivals,English,How many great sages are worshipped on Rishi Panchami?,7 (Sapta Rishi),Seven,,
REL105,Religion,Festivals,Nepali,ऋषिपञ्चमीका दिन कति जना ऋषिको पूजा गरिन्छ?,7 (सप्तऋषि),पाँच जना ऋषिको पूजा गरिन्छ ।,,
REL106,Religion,Festivals,English,What does the name 'Shivaratri' literally mean?,The night of Shiva,"""Lord Shiva's Night""",,
REL106,Religion,Festivals,Nepali,शिवरात्रि' शब्दको शाब्दिक अर्थ के हो?,शिवको रात,शिवरात्रि' शब्दको शाब्दिक अर्थ 'शिवको रात्रि' हो ।,,
REL107,Religion,Hindu scriptures,English,In which language was the original Ramayana composed?,Sanskrit,Sanskrit,,
REL107,Religion,Hindu scriptures,Nepali,मूल रामायण कुन भाषामा रचिएको हो?,संस्कृत,संस्कृतमा,,
REL108,Religion,Buddhism,English,What are the two major branches of Buddhism?,Mahayana and Theravada,Theravada and Mahayana.,,
REL108,Religion,Buddhism,Nepali,बौद्ध धर्मका दुई प्रमुख सम्प्रदाय कुन-कुन हुन्?,महायान र थेरवाद,महायान र हिनयान ।,,
REL109,Religion,Buddhism,English,What is the principal collection of Buddhist scriptures called?,Tripitaka,"The Pali Canon (also known as the Tipitaka) or the Mahayana scriptures collectively known as the Tripiṭaka, but the most comprehensive collection is the Pali Canon.",,
REL109,Religion,Buddhism,Nepali,बौद्ध धर्मग्रन्थहरूको प्रमुख सङ्ग्रहलाई के भनिन्छ?,त्रिपिटक,पालि सङ्ग्रह,,
REL110,Religion,Buddhism,English,What does the word 'Tripitaka' literally mean?,Three baskets,Three Baskets,,
REL110,Religion,Buddhism,Nepali,त्रिपिटक' शब्दको शाब्दिक अर्थ के हो?,तीन पिटारा (टोकरी),त्रिपिटक' शब्दको शाब्दिक अर्थ तीन पिटक हो ।,,
REL111,Religion,Buddhism,English,How many steps are there in the Noble Path taught by the Buddha?,8,8,,
REL111,Religion,Buddhism,Nepali,बुद्धले देखाएको आर्य मार्गमा कतिवटा अङ्ग छन्?,8,बुद्धले देखाएको आर्य मार्गमा ८ अङ्ग छन् ।,,
REL112,Religion,Buddhism,English,What are the Three Jewels (Triratna) of Buddhism?,"Buddha, Dharma and Sangha","The Three Jewels (Triratna) of Buddhism are:

1. The Buddha (the enlightened one)
2. The Dharma (the teachings of the Buddha)
3. The Sangha (the community of Buddhist monks and nuns)",,
REL112,Religion,Buddhism,Nepali,बौद्ध धर्मका त्रिरत्न के-के हुन्?,"बुद्ध, धर्म र सङ्घ","बौद्ध धर्मका त्रिरत्न-भिक्षु, भिक्षुणी र मुनि हुन् ।",,
REL113,Religion,Buddhism,English,In which language is the Theravada Buddhist canon preserved?,Pali,Pali,,
REL113,Religion,Buddhism,Nepali,थेरवाद बौद्ध त्रिपिटक कुन भाषामा सुरक्षित छ?,पाली,पालि भाषामा सुरक्षित छ ।,,
REL114,Religion,Buddhism,English,Under which species of tree did the Buddha attain enlightenment?,Peepal (Ficus religiosa),Bodhi tree (Ficus religiosa),,
REL114,Religion,Buddhism,Nepali,बुद्धले कुन प्रजातिको रूखमुनि बुद्धत्व प्राप्त गरेका थिए?,पीपल,बुद्धले बाँसको रूखमुनि बुद्धत्व प्राप्त गरेका थिए ।,,
REL115,Religion,Buddhism,English,What was the name of Prince Siddhartha's wife?,Yashodhara,Yasodhara,,
REL115,Religion,Buddhism,Nepali,राजकुमार सिद्धार्थकी पत्नीको नाम के थियो?,यशोधरा,यशोधरा,,
REL116,Religion,Buddhism,English,What was the name of the Buddha's son?,Rahula,Rahula,,
REL116,Religion,Buddhism,Nepali,बुद्धका छोराको नाम के थियो?,राहुल,बुद्धका छोराको नाम नागदेव थियो।,,
REL117,Religion,Buddhism,English,In which place did the Buddha pass away (attain Mahaparinirvana)?,Kushinagar,Kushinagar,,
REL117,Religion,Buddhism,Nepali,बुद्धको महापरिनिर्वाण कुन स्थानमा भएको थियो?,कुशीनगर,बुद्धको महापरिनिर्वाण काठमाडौँको गोक्योठामा भएको थियो ।,,
REL118,Religion,Buddhism,English,Buddha Jayanti is internationally observed under which name?,Vesak Day,World Buddhist Day,,
REL118,Religion,Buddhism,Nepali,बुद्ध जयन्तीलाई अन्तर्राष्ट्रिय रूपमा कुन नामले मनाइन्छ?,भेसाक दिवस,विश्व बुद्ध दिवस,,
REL119,Religion,Buddhist sites,English,The World Peace Pagoda (Shanti Stupa) overlooking Phewa Lake stands in which city?,Pokhara,Pokhara,,
REL119,Religion,Buddhist sites,Nepali,फेवा तालमाथि रहेको विश्व शान्ति स्तूप कुन सहरमा अवस्थित छ?,पोखरा,फेवा तालमाथि रहेको विश्व शान्ति स्तूप नेपालमा अवस्थित छ।,,
REL120,Religion,Hindu scriptures,English,The Gayatri Mantra originates from which Veda?,Rigveda,Rigveda,,
REL120,Religion,Hindu scriptures,Nepali,गायत्री मन्त्र कुन वेदबाट लिइएको हो?,ऋग्वेद,यजुर्वेदबाट लिइएको हो ।,,
REL121,Religion,Hindu scriptures,English,How many major Puranas are there in Hindu tradition?,18,18,,
REL121,Religion,Hindu scriptures,Nepali,हिन्दू परम्परामा महापुराण कतिवटा छन्?,18,१८ वटा,,
REL122,Religion,Hindu scriptures,English,Into how many parvas (books) is the Mahabharata divided?,18,18,,
REL122,Religion,Hindu scriptures,Nepali,महाभारत कतिवटा पर्वमा विभाजित छ?,18,१८,,
REL123,Religion,Hindu scriptures,English,Into how many kandas (books) is the Ramayana divided?,7,7,,
REL123,Religion,Hindu scriptures,Nepali,रामायण कतिवटा काण्डमा विभाजित छ?,7,रामायण ६ काण्डमा विभाजित छ ।,,
REL124,Religion,Ramayana,English,Which demon took the form of a golden deer to lure Ram away from Sita?,Maricha,Ravana,,
REL124,Religion,Ramayana,Nepali,सीतालाई एक्ल्याउन सुनौलो मृगको रूप लिने राक्षस को थियो?,मारीच,रावण,,
REL125,Religion,Mahabharata,English,"According to tradition, which deity acted as the scribe who wrote down the Mahabharata?",Ganesh,Ganesha,,
REL125,Religion,Mahabharata,Nepali,परम्पराअनुसार महाभारत लिपिबद्ध गर्ने काम कुन देवताले गरेका थिए?,गणेश,वेदव्यासले,,
REL126,Religion,Hindu deities,English,Whom did Shiva burn to ashes with his third eye?,Kamadeva (god of love),Bhasmasura,,
REL126,Religion,Hindu deities,Nepali,शिवले आफ्नो तेस्रो नेत्रले कसलाई भस्म गरेका थिए?,कामदेव,वसिष्ठ,,
REL127,Religion,Hindu deities,English,What is the cosmic dance of Lord Shiva called?,Tandava,Tandava,,
REL127,Religion,Hindu deities,Nepali,भगवान् शिवको ब्रह्माण्डीय नृत्यलाई के भनिन्छ?,ताण्डव,तांडव नृत्य,,
REL128,Religion,Hindu deities,English,Which bird serves as the vahana of Kartikeya?,Peacock,Peacock,,
REL128,Religion,Hindu deities,Nepali,कार्तिकेयको वाहन कुन पक्षी हो?,मयूर (मुजुर),गज,,
REL129,Religion,Hindu deities,English,Saraswati is traditionally regarded as the consort of which deity?,Brahma,Brahma,,
REL129,Religion,Hindu deities,Nepali,सरस्वतीलाई परम्परागत रूपमा कुन देवताकी अर्धाङ्गिनी मानिन्छ?,ब्रह्मा,गणेश,,
REL130,Religion,Festivals,English,The ritual marriage of the tulsi plant (Tulsi Bibaha) is performed on which Ekadashi?,Haribodhini Ekadashi,Shravana Ekadashi,,
REL130,Religion,Festivals,Nepali,तुलसीको विवाह कुन एकादशीका दिन गरिन्छ?,हरिबोधिनी एकादशी,तुलसीको विवाह पुष्पक एकादशीका दिन गरिन्छ ।,,
REL131,Religion,Demographics,English,"According to the 2021 census, which is the third-largest religion in Nepal?",Islam,Islam,,
REL131,Religion,Demographics,Nepali,सन् 2021 को जनगणनाअनुसार नेपालको तेस्रो ठूलो धर्म कुन हो?,इस्लाम,सन् २०२१ को जनगणनाअनुसार नेपालको तेस्रो ठूलो धर्म ईसाई धर्म हो ।,,
REL132,Religion,Hindu temples,English,The chief priests (Mul Bhatta) of Pashupatinath traditionally come from which part of India?,South India,Kumaon region of Uttarakhand,,
REL132,Religion,Hindu temples,Nepali,पशुपतिनाथका मूल भट्ट पुजारी परम्परागत रूपमा भारतको कुन भागबाट आउँछन्?,दक्षिण भारत,उत्तर: नेपाल,,
REL133,Religion,Hindu temples,English,The Guhyeshwari temple near Pashupatinath is dedicated to which goddess?,Goddess Parvati (as Guhyeshwari/Shakti),Durga,,
REL133,Religion,Hindu temples,Nepali,पशुपतिनाथ नजिकैको गुह्येश्वरी मन्दिर कुन देवीलाई समर्पित छ?,देवी पार्वती (गुह्येश्वरी शक्तिरूप),पशुपतिनाथ नजिकैको गुह्येश्वरी मन्दिर पार्वतीलाई समर्पित छ ।,,
REL134,Religion,Hindu temples,English,The Dakshinkali temple on the southern rim of the Kathmandu Valley is dedicated to which goddess?,Goddess Kali,Kali,,
REL134,Religion,Hindu temples,Nepali,काठमाडौं उपत्यकाको दक्षिणी छेउमा रहेको दक्षिणकाली मन्दिर कुन देवीलाई समर्पित छ?,काली देवी,काली देवी,,
REL135,Religion,Hindu temples,English,"The five-storey Kumbheshwar temple, dedicated to Shiva, stands in which city?",Lalitpur (Patan),Nagaur,,
REL135,Religion,Hindu temples,Nepali,शिवलाई समर्पित पाँचतले कुम्भेश्वर मन्दिर कुन सहरमा अवस्थित छ?,ललितपुर (पाटन),काठमाडौँ,,
REL136,Religion,Hindu temples,English,"The Doleshwar Mahadev temple, regarded as the head portion of Kedarnath, is in which district?",Bhaktapur,Purulia,,
REL136,Religion,Hindu temples,Nepali,केदारनाथको शिर भाग मानिने डोलेश्वर महादेव मन्दिर कुन जिल्लामा अवस्थित छ?,भक्तपुर,उत्तर: रुद्रप्रयाग जिल्लामा,,
REL137,Religion,Pilgrimage sites,English,The Barahakshetra pilgrimage site near the Koshi river is located in which district?,Sunsari,Sarlahi,,
REL137,Religion,Pilgrimage sites,Nepali,कोशी नदी नजिकैको बराहक्षेत्र तीर्थस्थल कुन जिल्लामा अवस्थित छ?,सुनसरी,"प्रश्न: कोशी नदी नजिकैको बराहक्षेत्र तीर्थस्थल कुन जिल्लामा अवस्थित छ?

उत्तर: सुनसरी जिल्लामा",,
REL138,Religion,Pilgrimage sites,English,Devghat Dham lies at the confluence of the Trishuli and which other river?,Kali Gandaki,Kali,,
REL138,Religion,Pilgrimage sites,Nepali,देवघाट धाम त्रिशूली र अर्को कुन नदीको संगममा अवस्थित छ?,कालीगण्डकी,गंगा र भागीरथी नदीको संगममा अवस्थित छ ।,,
REL139,Religion,Pilgrimage sites,English,The Swargadwari temple complex is located in which district?,Pyuthan,Gorakhpur,,
REL139,Religion,Pilgrimage sites,Nepali,स्वर्गद्वारी मन्दिर क्षेत्र कुन जिल्लामा अवस्थित छ?,प्यूठान,काठमाडौँ जिल्लामा,,
REL140,Religion,Hindu practice,English,The sacred shaligram stones are found in which river of Nepal?,Kali Gandaki,Kali Gandaki River,,
REL140,Religion,Hindu practice,Nepali,पवित्र शालिग्राम शिला नेपालको कुन नदीमा पाइन्छ?,कालीगण्डकी,गंगा नदीमा पाइन्छ ।,,
REL141,Religion,Pilgrimage sites,English,Which shrine at Muktinath houses a continuously burning natural flame?,Jwala Mai temple,The shrine at Muktinath that houses a continuously burning natural flame is the Jwala Mai temple.,,
REL141,Religion,Pilgrimage sites,Nepali,मुक्तिनाथमा निरन्तर बलिरहने प्राकृतिक ज्वाला भएको मन्दिर कुन हो?,ज्वालामाई मन्दिर,मुक्तिनाथमा निरन्तर बलिरहने प्राकृतिक ज्वाला भएको मन्दिर कोभिमसेन मन्दिर हो ।,,
REL142,Religion,Hindu temples,English,What is the principal cremation ghat at the Pashupatinath temple complex called?,Arya Ghat,Machchhendranath Ghat,,
REL142,Religion,Hindu temples,Nepali,पशुपतिनाथ क्षेत्रको मुख्य घाटलाई के भनिन्छ?,आर्यघाट,प्रेसनाथ घाट,,
REL143,Religion,Hindu deities,English,Which goddess was the royal deity (kul devata) of the Malla kings of the Kathmandu Valley?,Taleju Bhawani,Bhadrakali.,,
REL143,Religion,Hindu deities,Nepali,काठमाडौं उपत्यकाका मल्ल राजाहरूकी कुलदेवी कुन देवी थिइन्?,तलेजु भवानी,काठमाडौं उपत्यकाका मल्ल राजाहरूकी कुलदेवी नारायणी देवी थिइन् ।,,
REL144,Religion,Living traditions,English,The living goddess Kumari is believed to embody which goddess?,Taleju (Durga),Durga,,
REL144,Religion,Living traditions,Nepali,जीवित देवी कुमारीलाई कुन देवीको अवतार मानिन्छ?,तलेजु (दुर्गा),दुर्गा,,
REL145,Religion,Hindu deities,English,How many mother goddesses form the Ashtamatrika group of the Kathmandu Valley tradition?,8,8,,
REL145,Religion,Hindu deities,Nepali,काठमाडौं उपत्यकाको परम्परामा अष्टमातृका समूहमा कति देवी हुन्छिन्?,8,अष्टमातृका समूहमा आठ देवी हुन्छिन् ।,,
REL146,Religion,Buddhism,English,What is the sacred month in which Newar Buddhists make daily pilgrimages to Swayambhunath called?,Gunla,Bhadra,,
REL146,Religion,Buddhism,Nepali,नेवार बौद्धहरूले दिनहुँ स्वयम्भू दर्शन गर्ने पवित्र महिनालाई के भनिन्छ?,गुँला,माघ महिना,,
REL147,Religion,Buddhism,English,The Mani Rimdu festival is celebrated at which famous monastery of the Everest region?,Tengboche Monastery,Tengboche Monastery,,
REL147,Religion,Buddhism,Nepali,मणि रिम्दु पर्व सगरमाथा क्षेत्रको कुन प्रसिद्ध गुम्बामा मनाइन्छ?,तेङ्बोचे गुम्बा,सगरमाथा क्षेत्रको प्रसिद्ध गुम्बा शिवपुरी गुम्बामा,,
REL148,Religion,Buddhist sites,English,The Tengboche Monastery is located in which district?,Solukhumbu,Khumjung,,
REL148,Religion,Buddhist sites,Nepali,तेङ्बोचे गुम्बा कुन जिल्लामा अवस्थित छ?,सोलुखुम्बु,भोजपुर जिल्लामा,,
REL149,Religion,Buddhist sites,English,What is the sacred pond beside the Maya Devi Temple at Lumbini called?,Puskarini,Puskarini,,
REL149,Religion,Buddhist sites,Nepali,लुम्बिनीको मायादेवी मन्दिर छेउको पवित्र पोखरीलाई के भनिन्छ?,पुष्करिणी,लुम्बिनीको मायादेवी मन्दिर छेउको पवित्र पोखरीलाई गौतम पोखरी भनिन्छ ।,,
REL150,Religion,Buddhist sites,English,"The Ramgram stupa, believed to hold relics of the Buddha, is located in which district?",Parasi (Nawalparasi),Gorkha,,
REL150,Religion,Buddhist sites,Nepali,बुद्धको अस्तुधातु रहेको मानिने रामग्राम स्तूप कुन जिल्लामा अवस्थित छ?,परासी (नवलपरासी),रामग्राम स्तूप नेपालको काठमाडौँ जिल्लामा अवस्थित छ ।,,
REL151,Religion,Buddhist sites,English,In which ancient script is the Ashoka Pillar inscription at Lumbini written?,Brahmi script,Brahmi script,,
REL151,Religion,Buddhist sites,Nepali,लुम्बिनीको अशोक स्तम्भको अभिलेख कुन प्राचीन लिपिमा लेखिएको छ?,ब्राह्मी लिपि,लुम्बिनीको अशोक स्तम्भको अभिलेख ब्राह्मी लिपिमा लेखिएको छ।,,
REL152,Religion,Buddhist sites,English,"According to the tradition endorsed at Lumbini, in which year BCE was the Buddha born?",623 BCE,563,,
REL152,Religion,Buddhist sites,Nepali,लुम्बिनीमा मान्यता पाएको परम्पराअनुसार बुद्धको जन्म ईसापूर्व कुन वर्ष भएको थियो?,इ.पू. 623,ईसापूर्व 563 वर्ष,,
REL153,Religion,Buddhist sites,English,Which Japanese architect designed the Lumbini Master Plan?,Kenzo Tange,Kenzo Tange,,
REL153,Religion,Buddhist sites,Nepali,लुम्बिनी गुरुयोजना कुन जापानी वास्तुकारले तयार गरेका थिए?,केन्जो टाङ्गे,लुम्बिनी गुरुयोजना कुन जापानी वास्तुकारले तयार गरेका थिए? केन्जो तंगे,,
REL154,Religion,Buddhism,English,The mantra 'Om Mani Padme Hum' is associated with which bodhisattva?,Avalokiteshvara,Avalokiteshvara,,
REL154,Religion,Buddhism,Nepali,ॐ मणि पद्मे हुँ' मन्त्र कुन बोधिसत्वसँग सम्बन्धित छ?,अवलोकितेश्वर,ॐ मणि पद्मे हुँ' मन्त्र बोधिसत्व वज्रायणको साथी बुद्धको साथी हुन् ।,,
REL155,Religion,Buddhism,English,How many colours appear in traditional Buddhist prayer flags?,5,5,,
REL155,Religion,Buddhism,Nepali,परम्परागत बौद्ध लुङदर (प्रार्थना ध्वजा) मा कतिवटा रङ हुन्छन्?,5,चार वटा रङ हुन्छन् ।,,
REL156,Religion,Buddhism,English,How many Dhyani (Pancha) Buddhas are venerated in Newar Buddhist tradition?,5,5,,
REL156,Religion,Buddhism,Nepali,नेवार बौद्ध परम्परामा कतिवटा ध्यानी (पञ्च) बुद्धको पूजा गरिन्छ?,5,पञ्च,,
REL157,Religion,Buddhism,English,Who raised Prince Siddhartha after the death of his mother?,Prajapati Gautami,"Suddhodana, his father.",,
REL157,Religion,Buddhism,Nepali,आमाको निधनपछि राजकुमार सिद्धार्थलाई कसले हुर्काइन्?,प्रजापति गौतमी,राजकुमार सिद्धार्थको आमा माया देवी हुर्किन् ।,,
REL158,Religion,Buddhism,English,Which disciple served as the Buddha's personal attendant?,Ananda,Ananda,,
REL158,Religion,Buddhism,Nepali,बुद्धका निजी सहयोगी शिष्य को थिए?,आनन्द,"बुद्धका निजी सहयोगी शिष्य को थिए- महेन्द्र, अशोक, उपगुप्त, नन्द, चन्दबल, चन्द्रपाल, चन्द्रवर्मा, चन्द्रवर्मा, चन्द्रवर्मा, चन्द्रवर्मा, चन्द्रवर्मा, चन्द्रवर्मा, चन्द्रवर्मा, चन्द्रवर्मा, चन्द्रवर्मा, चन्द्रवर्मा, चन्द्रवर्मा, चन्द्रवर्मा, चन्द्रवर्मा, चन्द्रवर्मा, चन",,
REL159,Religion,Buddhism,English,At what age did Prince Siddhartha renounce palace life (the Great Renunciation)?,29,29,,
REL159,Religion,Buddhism,Nepali,राजकुमार सिद्धार्थले कति वर्षको उमेरमा गृहत्याग (महाभिनिष्क्रमण) गरेका थिए?,29,राजकुमार सिद्धार्थले २१ वर्षको उमेरमा गृहत्याग (महाभिनिष्क्रमण) गरेका थिए ।,,
REL160,Religion,Buddhism,English,At what age did the Buddha attain enlightenment?,35,29 years old,,
REL160,Religion,Buddhism,Nepali,बुद्धले कति वर्षको उमेरमा बुद्धत्व प्राप्त गरेका थिए?,35,बुद्धले ३५ वर्षको उमेरमा बुद्धत्व प्राप्त गरेका थिए ।,,
REL161,Religion,Buddhism,English,At what age did the Buddha pass away?,80,80 years old,,
REL161,Religion,Buddhism,Nepali,बुद्धको कति वर्षको उमेरमा महापरिनिर्वाण भएको थियो?,80,बुद्धको ८५ वर्षको उमेरमा महापरिनिर्वाण भएको थियो ।,,
REL162,Religion,Festivals,English,Buddha Jayanti commemorates which three events of the Buddha's life?,"Birth, enlightenment and Mahaparinirvana","The birth, enlightenment, and death of the Buddha.",,
REL162,Religion,Festivals,Nepali,बुद्ध जयन्तीले बुद्धको जीवनका कुन तीन घटनाको सम्झना गराउँछ?,"जन्म, बुद्धत्व प्राप्ति र महापरिनिर्वाण","बुद्ध जयन्तीले बुद्धको जीवनका तीन घटनाको सम्झना गराउँछ:

१. बुद्धको जन्म
२. बुद्धको निर्वाण
३. बुद्धको मृत्यु",,
LIT001,Literature,Poets,English,Who is known as the 'Adikavi' (first poet) of Nepali literature?,Bhanubhakta Acharya,Bhanubhakta Acharya,,
LIT001,Literature,Poets,Nepali,नेपाली साहित्यका 'आदिकवि' भनेर कसलाई चिनिन्छ?,भानुभक्त आचार्य,आदिकवि भनेर कालिदासलाई चिनिन्छ ।,,
LIT002,Literature,Poets,English,Who is honoured with the title 'Mahakavi' in Nepali literature?,Laxmi Prasad Devkota,Bhanubhakta Acharya,,
LIT002,Literature,Poets,Nepali,नेपाली साहित्यमा 'महाकवि' उपाधिले कसलाई सम्मान गरिएको छ?,लक्ष्मीप्रसाद देवकोटा,बिक्रमजीत,,
LIT003,Literature,Major works,English,Who wrote the famous Nepali work 'Muna Madan'?,Laxmi Prasad Devkota,"Dashrath Chand

Note: 'Muna Madan' is a famous Nepali novel written by Dashrath Chand in 1927.",,
LIT003,Literature,Major works,Nepali,प्रसिद्ध नेपाली कृति 'मुनामदन' कसले लेखेका हुन्?,लक्ष्मीप्रसाद देवकोटा,प्रसिद्ध नेपाली कृति 'मुनामदन' को लेखक प्रसिद्ध नेपाली लेखक श्री भूपति न्यौपाने हुन् ।,,
LIT004,Literature,Major works,English,Bhanubhakta Acharya is famous for translating which epic into Nepali?,The Ramayana,The Ramayana,,
LIT004,Literature,Major works,Nepali,भानुभक्त आचार्य कुन महाकाव्य नेपालीमा अनुवाद गरेकोमा प्रसिद्ध छन्?,रामायण,भानुभक्त आचार्य रामायण नेपालीमा अनुवाद गरेकोमा प्रसिद्ध छन्।,,
LIT005,Literature,Poets,English,Bhanu Jayanti is celebrated as the birth anniversary of which poet?,Bhanubhakta Acharya,"Bhanu Jayanti is celebrated as the birth anniversary of Bhanudatta, a 16th-century Sanskrit poet.",,
LIT005,Literature,Poets,Nepali,भानु जयन्ती कुन कविको जन्मजयन्तीका रूपमा मनाइन्छ?,भानुभक्त आचार्य,भानु जयन्ती कुन कविको जन्मजयन्तीका रूपमा मनाइन्छ? - भानु जयन्ती कुन कविको जन्मजयन्तीका रूपमा मनाइन्छ? - भानु जयन्ती कुन कविको जन्मजयन्तीका रूपमा मनाइन्छ? - भानु जयन्ती कुन कविको जन्मजयन्तीका रूपमा मनाइन्छ? - भानु जयन्ती कुन कविको जन्मजयन्तीका रूपमा मनाइन्छ? - भानु जयन्ती कुन कव,,
LIT006,Literature,Press and publishing,English,"What is the name of Nepal's first newspaper, first published in 1901?",Gorkhapatra,Gorkhapatra,,
LIT006,Literature,Press and publishing,Nepali,सन् 1901 मा प्रकाशन सुरु भएको नेपालको पहिलो पत्रिका कुन हो?,गोरखापत्र,सन् 1901 मा प्रकाशन सुरु भएको नेपालको पहिलो पत्रिका 'नेपाल पत्रिका' हो ।,,
LIT007,Literature,Major works,English,Who wrote the novel 'Shirishko Phool'?,Parijat,I couldn't find any information on a novel called 'Shirishko Phool'.,,
LIT007,Literature,Major works,Nepali,शिरीषको फूल' उपन्यास कसले लेखेका हुन्?,पारिजात,शिरीषको फूल' उपन्यास प्रेमहारीले लेखेका हुन् ।,,
LIT008,Literature,Major works,English,"In the story of 'Muna Madan', to which city does Madan travel to earn money?",Lhasa (Tibet),Kathmandu,,
LIT008,Literature,Major works,Nepali,मुनामदन'को कथामा मदन पैसा कमाउन कुन सहर जान्छन्?,ल्हासा (तिब्बत),काठमाडौँ,,
LIT009,Literature,Poets,English,In which district of Nepal was Bhanubhakta Acharya born?,Tanahun,Gorkha,,
LIT009,Literature,Poets,Nepali,भानुभक्त आचार्यको जन्म नेपालको कुन जिल्लामा भएको थियो?,तनहुँ,भानुभक्त आचार्यको जन्म नेपालको काठमाडौँ जिल्लामा भएको थियो ।,,
LIT010,Literature,Poets,English,In which year (AD) was Laxmi Prasad Devkota born?,1909,1916,,
LIT010,Literature,Poets,Nepali,लक्ष्मीप्रसाद देवकोटाको जन्म कुन वर्ष (ई.सं.) भएको थियो?,1909,ई.सं. १९१६,,
LIT011,Literature,Poets,English,Which Nepali poet is known as 'Yuva Kavi'?,Motiram Bhatta,Bishweshwor Prasad Gupta,,
LIT011,Literature,Poets,Nepali,कुन नेपाली कविलाई 'युवा कवि' भनेर चिनिन्छ?,मोतीराम भट्ट,ललित राज पाण्डे,,
LIT012,Literature,Poets,English,Which poet holds the title 'Kavi Shiromani' in Nepali literature?,Lekhnath Paudyal,Bhanubhakta Acharya,,
LIT012,Literature,Poets,Nepali,नेपाली साहित्यमा 'कविशिरोमणि' उपाधि पाएका कवि को हुन्?,लेखनाथ पौड्याल,कविशिरोमणि उपाधि पाएका कवि भूपेन्द्र हुन् ।,,
LIT013,Literature,Poets,English,Which Nepali poet is honoured as 'Rastra Kavi' (national poet)?,Madhav Prasad Ghimire,Bishweshwar Prasad Koirala,,
LIT013,Literature,Poets,Nepali,कुन नेपाली कवि 'राष्ट्रकवि' का रूपमा सम्मानित छन्?,माधवप्रसाद घिमिरे,बलवद्री रेग्मी,,
LIT014,Literature,Major works,English,Who wrote the famous Nepali poem 'Pagal' (The Lunatic)?,Laxmi Prasad Devkota,Bhanubhakta Acharya,,
LIT014,Literature,Major works,Nepali,प्रसिद्ध नेपाली कविता 'पागल' कसले लेखेका हुन्?,लक्ष्मीप्रसाद देवकोटा,प्रसिद्ध नेपाली कविता 'पागल' को लेखक लक्ष्मीप्रसाद देवकोटा हुन् ।,,
LIT015,Literature,Major works,English,Who wrote the poem 'Pinjadako Suga' (The Parrot in the Cage)?,Lekhnath Paudyal,"I couldn't find any information on a poem called ""Pinjadako Suga"" (The Parrot in the Cage).",,
LIT015,Literature,Major works,Nepali,पिँजडाको सुगा' कविता कसले लेखेका हुन्?,लेखनाथ पौड्याल,पिँजडाको सुगा' कविता लेखक लक्ष्मीप्रसाद देवकोटाले लेखेका हुन् ।,,
LIT016,Literature,Drama,English,Who wrote the Nepali play 'Mutuko Byatha'?,Balkrishna Sama,Bhanubhakta Acharya,,
LIT016,Literature,Drama,Nepali,नेपाली नाटक 'मुटुको व्यथा' कसले लेखेका हुन्?,बालकृष्ण सम,प्रेमबहादुर मास्की,,
LIT017,Literature,Writers,English,What was the real name of the writer Parijat?,Bishnu Kumari Waiba,I couldn't find any information on a writer named Parijat.,,
LIT017,Literature,Writers,Nepali,लेखिका पारिजातको वास्तविक नाम के थियो?,विष्णुकुमारी वाइबा,लेखिका पारिजातको वास्तविक नाम कृष्णबहादुर चालिसे थियो।,,
LIT018,Literature,Awards,English,Who was the first woman to win the Madan Puraskar?,Parijat,"Bishambar Jha's wife, but more specifically, it was Bishambar Jha's wife, but the first woman to win the Madan Puraskar was actually Bishambar Jha's wife, but the first woman to win the Madan Puraskar was actually Bishambar Jha's wife, but the first woman to win the Madan Puraskar was actually Bishambar Jha's wife, but the first woman to win the Madan Puraskar was actually Bishambar Jha's wife, but the first woman to win the Madan Puraskar was actually Bishambar Jha's wife, but the first woman to win the Madan Purask",,
LIT018,Literature,Awards,Nepali,मदन पुरस्कार जित्ने पहिलो महिला को हुन्?,पारिजात,मदन पुरस्कार जित्ने पहिलो महिला मीनाक्षी सुनु।,,
LIT019,Literature,Major works,English,What is the English title of Parijat's novel 'Shirishko Phool'?,Blue Mimosa,The English title of Parijat's novel 'Shirishko Phool' is 'The Banyan Tree'.,,
LIT019,Literature,Major works,Nepali,पारिजातको उपन्यास 'शिरीषको फूल'को अङ्ग्रेजी शीर्षक के हो?,ब्लु मिमोसा,पारिजातको उपन्यास 'शिरीषको फूल'को अङ्ग्रेजी शीर्षक 'The Flower of the Banyan' हो ।,,
LIT020,Literature,Major works,English,Which Nepali Prime Minister wrote the novel 'Sumnima'?,Bishweshwar Prasad (B.P.) Koirala,Bishweshwor Prasad Koirala,,
LIT020,Literature,Major works,Nepali,सुम्निमा' उपन्यास लेख्ने नेपाली प्रधानमन्त्री को हुन्?,विश्वेश्वरप्रसाद (बी.पी.) कोइराला,बीपी कोइराला,,
LIT021,Literature,Major works,English,Who wrote the historical novel 'Seto Bagh'?,Diamond Shumsher Rana,Rajendra Shah,,
LIT021,Literature,Major works,Nepali,ऐतिहासिक उपन्यास 'सेतो बाघ' कसले लेखेका हुन्?,डायमनशमशेर राणा,"प्रश्न: ऐतिहासिक उपन्यास 'सेतो बाघ' कसले लेखेका हुन्?

उत्तर: भीमनारायण दीक्षित",,
LIT022,Literature,Major works,English,Who wrote the novel 'Palpasa Café'?,Narayan Wagle,Palpasa Koumar,,
LIT022,Literature,Major works,Nepali,पल्पसा क्याफे' उपन्यास कसले लेखेका हुन्?,नारायण वाग्ले,पल्पसा क्याफे' उपन्यास को लेखक प्रेमबहादुर दाहाल हुन् ।,,
LIT023,Literature,Major works,English,Who wrote the novel 'Basain'?,Lil Bahadur Chhetri,I couldn't find any information on a novel called 'Basain'.,,
LIT023,Literature,Major works,Nepali,बसाइँ' उपन्यास कसले लेखेका हुन्?,लीलबहादुर क्षत्री,बसाइँ' उपन्यास भीमनारायण दीक्षितले लेखेका हुन् ।,,
LIT024,Literature,Major works,English,Who wrote the novel 'Karnali Blues'?,Buddhisagar,Pushpam Priya Shah,,
LIT024,Literature,Major works,Nepali,कर्णाली ब्लुज' उपन्यास कसले लेखेका हुन्?,बुद्धिसागर,कर्णाली ब्लुज' उपन्यास भीमनारायण दीक्षितका लेखेका हुन् ।,,
LIT025,Literature,Major works,English,Who wrote the novel 'Seto Dharti'?,Amar Neupane,I couldn't find any information on a novel called 'Seto Dharti'.,,
LIT025,Literature,Major works,Nepali,सेतो धरती' उपन्यास कसले लेखेका हुन्?,अमर न्यौपाने,"प्रश्न: सेतो धरती' उपन्यास कसले लेखेका हुन्?

उत्तर: सेतो धरती' उपन्यास भीमनारायण दीक्षितले लेखेका हुन्।",,
LIT026,Literature,Short stories,English,Who wrote the famous Nepali short story 'Naso'?,Guru Prasad Mainali,Bisheshwor Manandhar,,
LIT026,Literature,Short stories,Nepali,प्रसिद्ध नेपाली कथा 'नासो' कसले लेखेका हुन्?,गुरुप्रसाद मैनाली,प्रसिद्ध नेपाली कथा 'नासो' भीमनारायण मिश्रका लेखा हुन् ।,,
LIT027,Literature,Major works,English,Devkota's epic 'Shakuntala' is based on a play by which classical Sanskrit poet?,Kalidasa,Kalidasa,,
LIT027,Literature,Major works,Nepali,देवकोटाको महाकाव्य 'शाकुन्तल' कुन शास्त्रीय संस्कृत कविको नाटकमा आधारित छ?,कालिदास,कालिदासको नाटकमा आधारित छ ।,,
LIT028,Literature,Awards,English,For which autobiographical work did Jhamak Ghimire win the Madan Puraskar?,Jiwan Kanda Ki Phool,Kunki,,
LIT028,Literature,Awards,Nepali,झमक घिमिरेले कुन आत्मकथात्मक कृतिका लागि मदन पुरस्कार जितेकी हुन्?,जीवन काँडा कि फूल,झमक घिमिरेले 'मेरो जीवन संगीत' लागि मदन पुरस्कार जितेकी हुन् ।,,
LIT029,Literature,Awards,English,The Madan Puraskar literary prize was established in memory of which person?,Madan Shumsher JBR,Madan Mohan Malaviya,,
LIT029,Literature,Awards,Nepali,मदन पुरस्कार कुन व्यक्तिको सम्झनामा स्थापना गरिएको हो?,मदन शमशेर जबरा,मदन पुरस्कार कृष्ण प्रसाद भट्टराईको सम्झनामा स्थापना गरिएको हो ।,,
LIT030,Literature,Poets,English,Who wrote the poetry collection 'Ghumne Mechmathi Andho Manchhe'?,Bhupi Sherchan,I couldn't find any information on the poetry collection 'Ghumne Mechmathi Andho Manchhe'.,,
LIT030,Literature,Poets,Nepali,घुम्ने मेचमाथि अन्धो मान्छे' कवितासङ्ग्रह कसले लेखेका हुन्?,भूपि शेरचन,घुम्ने मेचमाथि अन्धो मान्छे' कवितासङ्ग्रह भीमनारायण बहादुर लेखेका हुन् ।,,
LIT031,Literature,Poets,English,"Laxmi Prasad Devkota was born on the day of which festival, after which he was named?",Laxmi Puja (during Tihar),Diwali,,
LIT031,Literature,Poets,Nepali,"लक्ष्मीप्रसाद देवकोटाको जन्म कुन पर्वको दिनमा भएको थियो, जसका आधारमा उनको नाम राखिएको हो?",लक्ष्मीपूजा (तिहार),लक्ष्मीप्रसाद देवकोटाको जन्म दीपावलीको दिन भएको थियो ।,,
LIT032,Literature,Poets,English,In which year (AD) was Bhanubhakta Acharya born?,1814,1814,,
LIT032,Literature,Poets,Nepali,भानुभक्त आचार्यको जन्म कुन वर्ष (ई.सं.) भएको थियो?,1814,ई.सं. १४९५,,
LIT033,Literature,Major works,English,"Who wrote the elegy 'Gauri', written in memory of the poet's late wife?",Madhav Prasad Ghimire,Rabindranath Tagore,,
LIT033,Literature,Major works,Nepali,दिवंगत पत्नीको सम्झनामा लेखिएको शोककाव्य 'गौरी' कसले लेखेका हुन्?,माधवप्रसाद घिमिरे,लेखक लक्ष्मीप्रसाद देवकोटा,,
LIT034,Literature,Short stories,English,Who wrote the short story collection 'Doshi Chashma'?,Bishweshwar Prasad (B.P.) Koirala,I couldn't find any information on a short story collection called 'Doshi Chashma'.,,
LIT034,Literature,Short stories,Nepali,कथासङ्ग्रह 'दोषी चश्मा' कसले लेखेका हुन्?,विश्वेश्वरप्रसाद (बी.पी.) कोइराला,कथासङ्ग्रह 'दोषी चश्मा' प्रेमनाथ लेखेका हुन् ।,,
LIT035,Literature,Poets,English,Which Nepali poet is known as 'Yug Kavi'?,Siddhicharan Shrestha,Bishweshwar Prasad Koirala,,
LIT035,Literature,Poets,Nepali,कुन नेपाली कविलाई 'युगकवि' भनिन्छ?,सिद्धिचरण श्रेष्ठ,ललितो बम,,
LIT036,Literature,Drama,English,Who wrote the play 'Masan'?,Gopal Prasad Rimal,I couldn't find any information on a play called 'Masan'.,,
LIT036,Literature,Drama,Nepali,मसान' नाटक कसले लेखेका हुन्?,गोपालप्रसाद रिमाल,मसान' नाटक भानुभक्त पौडेल लेखेका हुन् ।,,
LIT037,Literature,Poets,English,What is the real name of the poet Bairagi Kainla?,Til Bikram Nembang,Kainla Bairagi,,
LIT037,Literature,Poets,Nepali,कवि बैरागी काइँलाको वास्तविक नाम के हो?,तिलविक्रम नेम्बाङ,बोधनाथ बैरागी,,
LIT038,Literature,Essays,English,Which essayist is famous for satirical Nepali essays such as 'Jaya Bholanath'?,Bhairav Aryal,Bhupendra Nath Mishra,,
LIT038,Literature,Essays,Nepali,जय भोलानाथ' जस्ता हास्यव्यङ्ग्य निबन्धका लागि प्रसिद्ध निबन्धकार को हुन्?,भैरव अर्याल,जय श्री राम' जस्ता हास्यव्यङ्ग्य निबन्धका लागि प्रसिद्ध निबन्धकार को हुन्।,,
LIT039,Literature,Major works,English,Who wrote the novel 'Radha'?,Krishna Dharabasi,I couldn't find any information on a novel called 'Radha'.,,
LIT039,Literature,Major works,Nepali,राधा' उपन्यास कसले लेखेका हुन्?,कृष्ण धरावासी,राधा' उपन्यास भीमनारायण दीक्षितले लेखेका हुन् ।,,
LIT040,Literature,Major works,English,Who wrote the novel 'Ulaar'?,Nayan Raj Pandey,I couldn't find any information on a novel called 'Ulaar'.,,
LIT040,Literature,Major works,Nepali,उलार' उपन्यास कसले लेखेका हुन्?,नयनराज पाण्डे,प्रेमबहादुर मास्की,,
LIT041,Literature,Institutions,English,In which year (AD) was the Nepal Academy (then Royal Nepal Academy) established?,1957,1957,,
LIT041,Literature,Institutions,Nepali,नेपाल प्रज्ञा प्रतिष्ठान (तत्कालीन रोयल नेपाल एकेडेमी) कुन वर्ष (ई.सं.) स्थापना भएको थियो?,1957,ई.सं. १९४७,,
LIT042,Literature,Major works,English,"In Devkota's 'Muna Madan', what is the relationship of Muna to Madan?",His wife,Sisters,,
LIT042,Literature,Major works,Nepali,देवकोटाको 'मुनामदन'मा मुना मदनकी को हुन्?,उनकी पत्नी,मुना मदनकी को देवकोटाको छोरी हुन् ।,,
LIT043,Literature,Poets,English,Who wrote the famous essay 'Ke Nepal Sano Chha?' (Is Nepal Small?)?,Laxmi Prasad Devkota,Bishweshwor Prasad Koirala,,
LIT043,Literature,Poets,Nepali,प्रसिद्ध निबन्ध 'के नेपाल सानो छ?' कसले लेखेका हुन्?,लक्ष्मीप्रसाद देवकोटा,प्रसिद्ध निबन्ध 'के नेपाल सानो छ?' को लेखक प्रेमबहादुर दुबे हुन् ।,,
LIT044,Literature,Awards,English,"What is the most prestigious literary prize of Nepal, awarded annually for the best Nepali book?",Madan Puraskar,Madan Puraskar Pithwamani,,
LIT044,Literature,Awards,Nepali,नेपाली भाषाको उत्कृष्ट कृतिलाई वर्षेनी दिइने नेपालको सबैभन्दा प्रतिष्ठित साहित्यिक पुरस्कार कुन हो?,मदन पुरस्कार,नेपाली भाषाको उत्कृष्ट कृतिलाई वर्षेनी दिइने नेपालको सबैभन्दा प्रतिष्ठित साहित्यिक पुरस्कार सागरमाथा पुरस्कार हो ।,,
LIT045,Literature,Major works,English,In which folk metre is Devkota's 'Muna Madan' composed?,Jhyaure,"Bhujang

Note: 'Muna Madan' is a famous Nepali folk epic poem written by Laxmi Prasad Devkota.",,
LIT045,Literature,Major works,Nepali,देवकोटाको 'मुनामदन' कुन लोकलयमा रचिएको छ?,झ्याउरे,नेपाली लोकलयमा,,
LIT046,Literature,Major works,English,Who wrote the long poem 'Taruna Tapasi'?,Lekhnath Paudyal,Rabindranath Tagore,,
LIT046,Literature,Major works,Nepali,तरुण तपसी' काव्य कसले लेखेका हुन्?,लेखनाथ पौड्याल,कवि सीताराम पाण्डे,,
LIT047,Literature,Major works,English,Who wrote the essay collection 'Laxmi Nibandha Sangraha'?,Laxmi Prasad Devkota,Vishnu Mahale,,
LIT047,Literature,Major works,Nepali,लक्ष्मी निबन्धसङ्ग्रह' कसले लेखेका हुन्?,लक्ष्मीप्रसाद देवकोटा,लक्ष्मी निबन्धसङ्ग्रह' को लेखक लक्ष्मीप्रसाद देवकोटा हुन् ।,,
LIT048,Literature,Major works,English,B.P. Koirala's novel 'Modiaain' retells episodes of which epic?,The Mahabharata,The Ramayana,,
LIT048,Literature,Major works,Nepali,बी.पी. कोइरालाको 'मोदिआइन' उपन्यासले कुन महाकाव्यका प्रसंगहरू पुनर्कथन गर्छ?,महाभारत,"मित्र, बी.पी. कोइरालाको 'मोदिआइन' उपन्यासले महाभारतको 'कौरव-पन्डव' प्रसंग पुनर्कथन गर्छ।",,
LIT049,Literature,Major works,English,Who wrote the novel 'Tin Ghumti'?,Bishweshwar Prasad (B.P.) Koirala,I couldn't find any information on a novel called 'Tin Ghumti'.,,
LIT049,Literature,Major works,Nepali,तीन घुम्ती' उपन्यास कसले लेखेका हुन्?,विश्वेश्वरप्रसाद (बी.पी.) कोइराला,"प्रश्न: तीन घुम्ती' उपन्यास कसले लेखेका हुन्?

उत्तर: तीन घुम्ती' उपन्यास भीमनारायण दीक्षितले लेखेका हुन् ।",,
LIT050,Literature,Major works,English,Who wrote the novel 'Firfire'?,Buddhisagar,"I couldn't find any information on a novel called ""Firfire"".",,
LIT050,Literature,Major works,Nepali,फिरफिरे' उपन्यास कसले लेखेका हुन्?,बुद्धिसागर,फिरफिरे' उपन्यास भीमनारायण दीक्षितका लेखेको हो ।,,
LIT051,Literature,Major works,English,Who wrote the popular novel 'Summer Love'?,Subin Bhattarai,I'm unable to verify the author of the novel 'Summer Love'.,,
LIT051,Literature,Major works,Nepali,लोकप्रिय उपन्यास 'समर लभ' कसले लेखेका हुन्?,सुबिन भट्टराई,लोकप्रिय उपन्यास 'समर लभ' एलिजाबेथ बिबर्ली लेखेका हुन् ।,,
LIT052,Literature,Major works,English,Krishna Dharabasi's story 'Jhola' deals with which historical practice?,Sati system,Sati,,
LIT052,Literature,Major works,Nepali,कृष्ण धरावासीको कथा 'झोला' कुन ऐतिहासिक प्रथामा आधारित छ?,सती प्रथा,कृष्ण धरावासीको कथा 'झोला' सामाजिक प्रथामा आधारित छ।,,
LIT053,Literature,Writers,English,"The writer Jhamak Ghimire, who cannot use her hands, writes using what?",Her foot,Her feet.,,
LIT053,Literature,Writers,Nepali,हात चलाउन नसक्ने लेखिका झमक घिमिरे केको सहायताले लेख्छिन्?,आफ्नो खुट्टाले,उत्तर: हो,,
LIT054,Literature,Drama,English,Which Nepali dramatist is often called the 'Shakespeare of Nepal'?,Balkrishna Sama,Bisheshwor Prasad Nepali,,
LIT054,Literature,Drama,Nepali,कुन नेपाली नाटककारलाई 'नेपालका शेक्सपियर' भनिन्छ?,बालकृष्ण सम,प्रजवलोचन,,
LIT055,Literature,Poets,English,In which year (AD) did Laxmi Prasad Devkota die?,1959,1949,,
LIT055,Literature,Poets,Nepali,लक्ष्मीप्रसाद देवकोटाको निधन कुन वर्ष (ई.सं.) भएको थियो?,1959,ई.सं. २००३,,
LIT056,Literature,Poets,English,In which Indian city did Motiram Bhatta first publish Bhanubhakta's Ramayana?,Banaras (Varanasi),Kathmandu,,
LIT056,Literature,Poets,Nepali,मोतीराम भट्टले भानुभक्तको रामायण पहिलो पटक भारतको कुन सहरबाट प्रकाशित गरेका थिए?,बनारस (वाराणसी),काठमाडौँ,,
LIT057,Literature,Poets,English,Motiram Bhatta wrote the first biography of which poet?,Bhanubhakta Acharya,Madhav Prasad Mishra,,
LIT057,Literature,Poets,Nepali,मोतीराम भट्टले कुन कविको पहिलो जीवनी लेखेका थिए?,भानुभक्त आचार्य,मोतीराम भट्टले ललितकुमारी चौधरीको पहिलो जीवनी लेखेका थिए ।,,
LIT058,Literature,Awards,English,The Sajha Puraskar literary award is conferred by which publishing house?,Sajha Prakashan,Sahitya Akademi,,
LIT058,Literature,Awards,Nepali,साझा पुरस्कार कुन प्रकाशन संस्थाले प्रदान गर्छ?,साझा प्रकाशन,साझा पुरस्कार साझा प्रकाशनले प्रदान गर्छ ।,,
LIT059,Literature,Major works,English,Mountains Painted with Turmeric' is the English translation of which Nepali novel?,Basain,"""Mountain, Yellow""",,
LIT059,Literature,Major works,Nepali,माउन्टेन्स पेन्टेड विथ टर्मरिक' कुन नेपाली उपन्यासको अङ्ग्रेजी अनुवाद हो?,बसाइँ,माउन्टेन्स पेन्टेड विथ टर्मरिक' कुन नेपाली उपन्यासको अङ्ग्रेजी अनुवाद हो? - 'माउन्टेन्स पेन्टेड विथ टर्मरिक' को अङ्ग्रेजी अनुवाद 'Mountains Painted with Colors of the Earth' हो ।,,
LIT060,Literature,Major works,English,Who wrote the celebrated novel 'Aaja Ramita Chha'?,Indra Bahadur Rai,I couldn't find any information on a celebrated novel called 'Aaja Ramita Chha'.,,
LIT060,Literature,Major works,Nepali,चर्चित उपन्यास 'आज रमिता छ' कसले लेखेका हुन्?,इन्द्रबहादुर राई,"प्रश्न: चर्चित उपन्यास 'आज रमिता छ' कसले लेखेका हुन्?

उत्तर:  माधव शर्मा",,
LIT061,Literature,Poets,English,Siddhicharan Shrestha's famous poem expresses love for which place?,Okhaldhunga,Lumbini,,
LIT061,Literature,Poets,Nepali,सिद्धिचरण श्रेष्ठको प्रसिद्ध कविताले कुन ठाउँप्रतिको माया व्यक्त गर्छ?,ओखलढुङ्गा,उत्तर: सिद्धिचरण श्रेष्ठको प्रसिद्ध कविताले भारतमा माया व्यक्त गर्छ ।,,
LIT062,Literature,Major works,English,"In B.P. Koirala's novel 'Sumnima', the heroine Sumnima belongs to which community?",Kirat,Newar community,,
LIT062,Literature,Major works,Nepali,बी.पी. कोइरालाको 'सुम्निमा' उपन्यासकी नायिका सुम्निमा कुन समुदायकी हुन्?,किरात,मागरिया,,
LIT063,Literature,Major works,English,Who wrote the play 'Malati Mangale'?,Madhav Prasad Ghimire,Vishnudas Bhave,,
LIT063,Literature,Major works,Nepali,गीतिनाटक 'मालती मङ्गले' कसले लेखेका हुन्?,माधवप्रसाद घिमिरे,"कवि नन्नय बhatt

कवि नन्नय बhatt",,
LIT064,Literature,Short stories,English,Who wrote the short story collection 'Naya Sadakko Geet'?,Ramesh Bikal,I couldn't find any information on the short story collection 'Naya Sadakko Geet'.,,
LIT064,Literature,Short stories,Nepali,कथासङ्ग्रह 'नयाँ सडकको गीत' कसले लेखेका हुन्?,रमेश विकल,कथासङ्ग्रह 'नयाँ सडकको गीत' लेखक प्रेमबहादुर मास्को द्वारा लेखिएको हो।,,
LIT065,Literature,Major works,English,Which epic (mahakavya) by Devkota tells the story of a devoted wife named Sulochana?,Sulochana,Bhishma Pitamah,,
LIT065,Literature,Major works,Nepali,देवकोटाको कुन महाकाव्यले सुलोचना नामकी नारीको कथा भन्छ?,सुलोचना,"देवकोटाको महाकाव्य ""बालचौध"" सुलोचना नामकी नारीको कथा भन्छ ।",,
LIT066,Literature,Major works,English,Who wrote the famous Nepali poem 'Yatri' (The Pilgrim)?,Laxmi Prasad Devkota,Bisheshwor Prasad Nepali,,
LIT066,Literature,Major works,Nepali,प्रसिद्ध नेपाली कविता 'यात्री' कसले लेखेका हुन्?,लक्ष्मीप्रसाद देवकोटा,प्रसिद्ध नेपाली कविता 'यात्री' को लेखक लक्ष्मीप्रसाद देवकोटा हुन् ।,,
LIT067,Literature,Poets,English,Which ministry did Laxmi Prasad Devkota briefly head as minister in 1957?,Education,Ministry of Information and Broadcasting,,
LIT067,Literature,Poets,Nepali,सन् 1957 मा लक्ष्मीप्रसाद देवकोटा कुन मन्त्रालयका मन्त्री बनेका थिए?,शिक्षा,सन् 1957 मा लक्ष्मीप्रसाद देवकोटा विदेश मन्त्री बनेका थिए ।,,
LIT068,Literature,Poets,English,In which year (AD) did Bhanubhakta Acharya die?,1868,1804,,
LIT068,Literature,Poets,Nepali,भानुभक्त आचार्यको निधन कुन वर्ष (ई.सं.) भएको थियो?,1868,ई.सं. १६७०,,
LIT069,Literature,Major works,English,Which didactic work by Bhanubhakta Acharya offers advice on household conduct to a daughter-in-law?,Badhusiksha,Gopikrishna,,
LIT069,Literature,Major works,Nepali,भानुभक्त आचार्यको कुन कृतिले बुहारीलाई घरव्यवहारको शिक्षा दिन्छ?,बधूशिक्षा,"भानुभक्त आचार्यको कृति ""गोपालरक्षा"" बुहारीलाई घरव्यवहारको शिक्षा दिन्छ ।",,
LIT070,Literature,Poets,English,Who first honoured Bhanubhakta with the title 'Adikavi'?,Motiram Bhatta,Madan Mohan Adhikari,,
LIT070,Literature,Poets,Nepali,भानुभक्तलाई 'आदिकवि' उपाधि पहिलो पटक कसले दिएका हुन्?,मोतीराम भट्ट,"कवि लखन

कवि लखनले भानुभक्तलाई 'आदिकवि' उपाधि दिएका हुन् ।",,
LIT071,Literature,Poets,English,In which year (AD) was Motiram Bhatta born?,1866,I don't have information on the birth year of Motiram Bhatta.,,
LIT071,Literature,Poets,Nepali,मोतीराम भट्टको जन्म कुन वर्ष (ई.सं.) भएको थियो?,1866,मोतीराम भट्टको जन्म १८९० ई.सं. भएको थियो ।,,
LIT072,Literature,Poets,English,Which poet is credited with introducing the ghazal form into Nepali poetry?,Motiram Bhatta,Bhanubhakta Acharya,,
LIT072,Literature,Poets,Nepali,नेपाली कवितामा गजल विधा भित्र्याउने श्रेय कुन कविलाई दिइन्छ?,मोतीराम भट्ट,नेपाली कवितामा गजल विधा भित्र्याउने श्रेय मोहनसिंह वस्नेतलाई दिइन्छ ।,,
LIT073,Literature,Major works,English,Who wrote the poetry collection 'Ritu Bichar'?,Lekhnath Paudyal,Ravindranath Tagore,,
LIT073,Literature,Major works,Nepali,ऋतु विचार' कृति कसले लेखेका हुन्?,लेखनाथ पौड्याल,"ऋतु विचार' कृति कसले लेखेका हुन्?

उत्तर: भीमनारायण दीक्षित",,
LIT074,Literature,Poets,English,In which district was Lekhnath Paudyal born?,Kaski,I couldn't find any information on a person named Lekhnath Paudyal.,,
LIT074,Literature,Poets,Nepali,लेखनाथ पौड्यालको जन्म कुन जिल्लामा भएको थियो?,कास्की,लेखनाथ पौड्यालको जन्म कास्की जिल्लामा भएको थियो ।,,
LIT075,Literature,Poets,English,In which district was Madhav Prasad Ghimire born?,Lamjung,I couldn't find any information on a person named Madhav Prasad Ghimire.,,
LIT075,Literature,Poets,Nepali,माधवप्रसाद घिमिरेको जन्म कुन जिल्लामा भएको थियो?,लमजुङ,काठमाडौँ जिल्लामा,,
LIT076,Literature,Major works,English,Who wrote the pioneering modern poem 'Aamako Sapana' (A Mother's Dream)?,Gopal Prasad Rimal,Tarashankar Bandopadhyay,,
LIT076,Literature,Major works,Nepali,आधुनिक नेपाली कविता 'आमाको सपना' कसले लेखेका हुन्?,गोपालप्रसाद रिमाल,आमाको सपना कृष्णहारीले लेखेका हुन् ।,,
LIT077,Literature,Poets,English,Who is regarded as the pioneer of prose poetry (gadya kavita) in Nepali literature?,Gopal Prasad Rimal,Bhanubhakta Acharya,,
LIT077,Literature,Poets,Nepali,नेपाली साहित्यमा गद्य कविताका प्रवर्तक कसलाई मानिन्छ?,गोपालप्रसाद रिमाल,ललितकुमार जोशी,,
LIT078,Literature,Drama,English,Who wrote the historical verse play 'Mukunda Indira'?,Balkrishna Sama,I couldn't find any information on a historical verse play called 'Mukunda Indira'.,,
LIT078,Literature,Drama,Nepali,नाटक 'मुकुन्द इन्दिरा' कसले लेखेका हुन्?,बालकृष्ण सम,नाटक 'मुकुन्द इन्दिरा' को लेखेका प्रेमबहादुर दुबे हुन् ।,,
LIT079,Literature,Writers,English,The dramatist Balkrishna Sama was born into which ruling family of Nepal?,The Rana family,The Rana family.,,
LIT079,Literature,Writers,Nepali,नाटककार बालकृष्ण सम नेपालको कुन शासक परिवारमा जन्मेका थिए?,राणा परिवार,नेपालको राजपरिवारमा जन्मेका थिए ।,,
LIT080,Literature,Major works,English,Who wrote the novel 'Pallo Gharko Jhyal' under the pen name 'Gothale'?,Govinda Bahadur Malla,I couldn't find any information on the novel 'Pallo Gharko Jhyal' or the pen name 'Gothale'.,,
LIT080,Literature,Major works,Nepali,गोठाले' उपनामबाट 'पल्लो घरको झ्याल' उपन्यास कसले लेखेका हुन्?,गोविन्दबहादुर मल्ल,प्रेमबहादुर मास्की,,
LIT081,Literature,Major works,English,Who wrote the novel 'Narendra Dai'?,Bishweshwar Prasad (B.P.) Koirala,I couldn't find any information on a novel called 'Narendra Dai'.,,
LIT081,Literature,Major works,Nepali,नरेन्द्र दाइ' उपन्यास कसले लेखेका हुन्?,विश्वेश्वरप्रसाद (बी.पी.) कोइराला,नरेन्द्र दाइ' उपन्यास को लेखक प्रेम बहादुर मास्की हुन् ।,,
LIT082,Literature,Major works,English,Who wrote the Madan Puraskar-winning novel 'Madhabi'?,Madan Mani Dixit,Bibhutibhushan Bandopadhyay,,
LIT082,Literature,Major works,Nepali,मदन पुरस्कार विजेता उपन्यास 'माधवी' कसले लेखेका हुन्?,मदनमणि दीक्षित,मदन पुरस्कार विजेता उपन्यास 'माधवी' को लेखेका लिलबहादुर मगर हुन् ।,,
LIT083,Literature,Major works,English,Who wrote the Madan Puraskar-winning memoir-novel 'Antarmanko Yatra'?,Jagadish Ghimire,Bikram Rabha,,
LIT083,Literature,Major works,Nepali,मदन पुरस्कार विजेता कृति 'अन्तर्मनको यात्रा' कसले लेखेका हुन्?,जगदीश घिमिरे,मदन पुरस्कार विजेता कृति 'अन्तर्मनको यात्रा' को लेखक कोइराला हुन् ।,,
LIT084,Literature,Major works,English,Who wrote the novel 'Alikhit'?,Dhruba Chandra Gautam,I couldn't find any information on a novel called 'Alikhit'.,,
LIT084,Literature,Major works,Nepali,अलिखित' उपन्यास कसले लेखेका हुन्?,ध्रुवचन्द्र गौतम,अलिखित उपन्यास भीमनारायण दीक्षितको लेखेको हो ।,,
LIT085,Literature,Major works,English,Who wrote the novel 'Pagal Basti'?,Sarubhakta,Mukul Madhab Boruah,,
LIT085,Literature,Major works,Nepali,पागल बस्ती' उपन्यास कसले लेखेका हुन्?,सरुभक्त,पागल बस्ती' उपन्यास भीमनारायण दीक्षितको लेखेको हो ।,,
LIT086,Literature,Major works,English,Who wrote the Madan Puraskar-winning poetry collection 'Damini Bhir'?,Rajan Mukarung,I couldn't find any information on the Madan Puraskar-winning poetry collection 'Damini Bhir'.,,
LIT086,Literature,Major works,Nepali,मदन पुरस्कार विजेता कृति 'दमिनी भीर' कसले लेखेका हुन्?,राजन मुकारुङ,मदन पुरस्कार विजेता कृति 'दमिनी भीर' को लेखेका हुन् शिवलाल कोइराला ।,,
LIT087,Literature,Major works,English,Who wrote the Madan Puraskar-winning novel 'Yogmaya'?,Neelam Karki Niharika,Bibhuti Sanyal,,
LIT087,Literature,Major works,Nepali,मदन पुरस्कार विजेता उपन्यास 'योगमाया' कसले लेखेकी हुन्?,नीलम कार्की निहारिका,मदन पुरस्कार विजेता उपन्यास 'योगमाया' को लेखेकी हुन् श्रीमती श्रीमती श्रीमती श्रीमती श्रीमती श्रीमती श्रीमती श्रीमती श्रीमती श्रीमती श्रीमती श्रीमती श्रीमती श्रीमती श्रीमती श्रीमती श्रीमती श्रीमती श्रीमती श्रीमती श्रीमती श्रीमती श्रीमती श्रीमती श्रीमती श्रीमती श्रीमती श्रीमती श्रीमती श्रीमत,,
LIT088,Literature,Major works,English,Who wrote the Madan Puraskar-winning book 'Khalangama Hamala'?,Radha Paudel,I couldn't find any information on the book 'Khalangama Hamala' or its author.,,
LIT088,Literature,Major works,Nepali,मदन पुरस्कार विजेता कृति 'खलंगामा हमला' कसले लेखेकी हुन्?,राधा पौडेल,मदन पुरस्कार विजेता कृति 'खलंगामा हमला' को लेखेकी हुन् सुधा कoirala,,
LIT089,Literature,Major works,English,Who wrote the novel 'Ghanachakkar'?,Sanjeev Uprety,I couldn't find any information on a novel called 'Ghanachakkar'.,,
LIT089,Literature,Major works,Nepali,घनचक्कर' उपन्यास कसले लेखेका हुन्?,सञ्जीव उप्रेती,घनचक्कर' उपन्यास भीमनारायण दीक्षितका लेखेका हुन् ।,,
LIT090,Literature,Major works,English,Who wrote the diaspora novel 'Muglan'?,Govinda Raj Bhattarai,I couldn't find any information on a diaspora novel called 'Muglan'.,,
LIT090,Literature,Major works,Nepali,मुगलान' उपन्यास कसले लेखेका हुन्?,गोविन्दराज भट्टराई,मुगलान' उपन्यास को कोइरालाले लेखेका हुन् ।,,
LIT091,Literature,Major works,English,"Who wrote the novel 'Muluk Bahira', depicting Nepali life outside Nepal?",Lil Bahadur Chhetri,Bishnu Dhaitharya,,
LIT091,Literature,Major works,Nepali,नेपालबाहिरको नेपाली जीवन चित्रण गर्ने उपन्यास 'मुलुकबाहिर' कसले लेखेका हुन्?,लीलबहादुर क्षत्री,मुलुकबाहिर लेखनको कार्य प्रेमबहादुर मास्काईले गरेका हुन् ।,,
LIT092,Literature,Writers,English,The novelist Lil Bahadur Chhetri lives in which Indian state?,Assam,Nepal (not India),,
LIT092,Literature,Writers,Nepali,उपन्यासकार लीलबहादुर क्षत्री भारतको कुन राज्यमा बस्छन्?,आसाम,उत्तर: नेपालमा,,
LIT093,Literature,Writers,English,The writer Parijat was born in which hill town outside Nepal?,Darjeeling,I couldn't find any information on a writer named Parijat.,,
LIT093,Literature,Writers,Nepali,लेखिका पारिजातको जन्म नेपालबाहिर कुन पहाडी सहरमा भएको थियो?,दार्जीलिङ,उत्तर: लेखिका पारिजातको जन्म भारतको काठमाण्डौमा भएको थियो।,,
LIT094,Literature,Writers,English,Parijat was associated with which 1960s literary-musical movement?,Ralpha movement,"The 1960s counterculture movement, specifically the psychedelic rock movement.",,
LIT094,Literature,Writers,Nepali,पारिजात 1960 को दशकको कुन साहित्यिक-सांगीतिक आन्दोलनसँग आबद्ध थिइन्?,राल्फा आन्दोलन,पारिजात 1960 को दशकको जुनो आन्दोलनसँग आबद्ध थिइन् ।,,
LIT095,Literature,Poets,English,The poet Bhupi Sherchan was born in which district?,Mustang,Solukhumbu,,
LIT095,Literature,Poets,Nepali,कवि भूपि शेरचनको जन्म कुन जिल्लामा भएको थियो?,मुस्ताङ,कवि भूपि शेरचनको जन्म काठमाडौँ जिल्लामा भएको थियो ।,,
LIT096,Literature,Writers,English,The writer Jhamak Ghimire was born in which district?,Dhankuta,Sankhuwasabha,,
LIT096,Literature,Writers,Nepali,लेखिका झमक घिमिरेको जन्म कुन जिल्लामा भएको थियो?,धनकुटा,काठमाडौँ जिल्लामा,,
LIT097,Literature,Movements,English,The 'Tesro Aayam' (Third Dimension) literary movement was launched from which city?,Darjeeling,Kolkata,,
LIT097,Literature,Movements,Nepali,तेस्रो आयाम' साहित्यिक आन्दोलन कुन सहरबाट सुरु भएको थियो?,दार्जीलिङ,काठमाडौँ सहरबाट सुरु भएको थियो ।,,
LIT098,Literature,Awards,English,"Besides the Madan Puraskar, which honour does the Madan Puraskar Guthi confer for lifetime contribution?",Jagadamba Shree,Madan Puraskar Guthi Puraskar,,
LIT098,Literature,Awards,Nepali,मदन पुरस्कारबाहेक मदन पुरस्कार गुठीले आजीवन योगदानका लागि कुन सम्मान प्रदान गर्छ?,जगदम्बाश्री,"मदन पुरस्कार गुठीले आजीवन योगदानका लागि ""मदन पुरस्कार गुठी पुरस्कार"" प्रदान गर्छ ।",,
LIT099,Literature,Awards,English,Who founded the Madan Puraskar Guthi?,Queen Jagadamba Kumari Devi,Madan Mohan Malaviya,,
LIT099,Literature,Awards,Nepali,मदन पुरस्कार गुठीको स्थापना कसले गरेकी हुन्?,रानी जगदम्बाकुमारी देवी,मदन पुरस्कार गुठीको स्थापना प्रेमबहादुर मास्की ले गरेकी हुन् ।,,
LIT100,Literature,Nepal Bhasa literature,English,"Who wrote 'Sugata Saurabha', the celebrated Nepal Bhasa epic on the Buddha's life?",Chittadhar Hridaya,Dhanpati Lal Shrestha,,
LIT100,Literature,Nepal Bhasa literature,Nepali,बुद्धको जीवनमा आधारित नेपालभाषाको प्रसिद्ध महाकाव्य 'सुगत सौरभ' कसले लेखेका हुन्?,चित्तधर हृदय,सुगत सौरभलाई लेखेका विश्वनाथ उपाध्याय हुन् ।,,
LIT101,Literature,Nepal Bhasa literature,English,By which honorific title is the Nepal Bhasa poet Chittadhar known?,Kavi Keshari,Mahakavi,,
LIT101,Literature,Nepal Bhasa literature,Nepali,नेपालभाषाका कवि चित्तधर हृदयलाई कुन उपाधिले चिनिन्छ?,कविकेशरी,नेपालभाषाका कवि चित्तधर हृदयलाई 'नेपालभाषाका काव्यकला' उपाधिले चिनिन्छ ।,,
LIT102,Literature,Press and publishing,English,"Who edited 'Sharada', the pioneering literary magazine of the 1930s?",Riddhi Bahadur Malla,Mulk Raj Anand,,
LIT102,Literature,Press and publishing,Nepali,1930 को दशकको अग्रणी साहित्यिक पत्रिका 'शारदा'का सम्पादक को थिए?,ऋद्धिबहादुर मल्ल,1930 को दशकको अग्रणी साहित्यिक पत्रिका 'शारदा'का सम्पादक पुरणचण्ड थिए ।,,
LIT103,Literature,Press and publishing,English,The literary monthly 'Madhuparka' is published by which institution?,Gorkhapatra Corporation,Sahitya Akademi,,
LIT103,Literature,Press and publishing,Nepali,साहित्यिक मासिक 'मधुपर्क' कुन संस्थाले प्रकाशन गर्छ?,गोरखापत्र संस्थान,"साहित्यिक मासिक 'मधुपर्क' संस्कृतिक केन्द्र, काठमाडौँ द्वारा प्रकाशन गर्छ ।",,
LIT104,Literature,Diaspora writing,English,Which Nepal-born writer's English story collection 'Arresting God in Kathmandu' won international acclaim?,Samrat Upadhyay,Mahesh Dattani,,
LIT104,Literature,Diaspora writing,Nepali,कुन नेपाली मूलका लेखकको अङ्ग्रेजी कथासङ्ग्रह 'अरेस्टिङ गड इन काठमाडौं' अन्तर्राष्ट्रिय रूपमा चर्चित भयो?,सम्राट उपाध्याय,कृष्ण हेन्दाविवेक,,
LIT105,Literature,Diaspora writing,English,Who wrote the English-language book 'Forget Kathmandu'?,Manjushree Thapa,I couldn't find any information on a book called 'Forget Kathmandu'.,,
LIT105,Literature,Diaspora writing,Nepali,अङ्ग्रेजी कृति 'फर्गेट काठमाडौं' कसले लेखेकी हुन्?,मञ्जुश्री थापा,अङ्ग्रेजी कृति 'फर्गेट काठमाडौं' को लेखक कोइलम्बल सिंह लेखेकी हुन् ।,,
LIT106,Literature,Poets,English,Who wrote the lyrics of Nepal's former national anthem 'Shreeman Gambhir'?,Chakrapani Chalise,Bishweshwor Prasad Koirala,,
LIT106,Literature,Poets,Nepali,नेपालको पुरानो राष्ट्रिय गान 'श्रीमान् गम्भीर'का रचयिता को हुन्?,चक्रपाणि चालिसे,श्रीमान् गम्भीर नेपालको पुरानो राष्ट्रिय गान हो जसलाई २०१४ सालमा नेपाल सरकारले नेपालको राष्ट्रिय गान बनाएको थियो। यस गानका लेखक पण्डित बालकृष्ण संसार हुन्।,,
LIT107,Literature,Major works,English,Who is the male protagonist of Parijat's novel 'Shirishko Phool'?,Suyogbir,I couldn't find any information on a novel called 'Shirishko Phool' by Parijat.,,
LIT107,Literature,Major works,Nepali,पारिजातको 'शिरीषको फूल' उपन्यासको पुरुष पात्र को हो?,सुयोगवीर,पारिजातको 'शिरीषको फूल' उपन्यासको पुरुष पात्र को हो- श्री राम,,
LIT108,Literature,Major works,English,Diamond Shumsher's 'Seto Bagh' centres on the life of which son of Jung Bahadur Rana?,Jagat Jung,Jagat Jung Rana,,
LIT108,Literature,Major works,Nepali,डायमनशमशेरको 'सेतो बाघ' जङ्गबहादुर राणाका कुन छोराको जीवनमा केन्द्रित छ?,जगतजङ्ग,जङ्गबहादुर राणाका छोरा पृथ्वी शमशेर जङ्गबहादुर राणाको जीवनमा केन्द्रित छ ।,,
LIT109,Literature,Major works,English,Devkota's 'Muna Madan' was based on a ballad of which language tradition?,Newar (Nepal Bhasa),Newari,,
LIT109,Literature,Major works,Nepali,देवकोटाको 'मुनामदन' कुन भाषा परम्पराको लोकगीतमा आधारित छ?,नेवार (नेपालभाषा),नेपाली भाषा परम्पराको लोकगीतमा आधारित छ ।,,
LIT110,Literature,Writers,English,Tana Sarma' was the pen name of which Nepali writer known for travel essays?,Taranath Sharma,Tanka Prasad Acharya,,
LIT110,Literature,Writers,Nepali,नियात्राका लागि प्रसिद्ध 'तानासर्मा' कुन नेपाली लेखकको उपनाम हो?,तारानाथ शर्मा,तानासर्मा नेपाली लेखक ताराचनको उपनाम हो ।,,
LIT111,Literature,Scholarship,English,Which Nepali anthropologist wrote the influential book 'Fatalism and Development'?,Dor Bahadur Bista,Shiva Regmi,,
LIT111,Literature,Scholarship,Nepali,प्रभावशाली पुस्तक 'फेटालिज्म एन्ड डेभलपमेन्ट' कुन नेपाली मानवशास्त्रीले लेखेका हुन्?,डोरबहादुर विष्ट,प्रभावशाली पुस्तक 'फेटालिज्म एन्ड डेभलपमेन्ट' नेपाली मानवशास्त्रीले लेखेका हुन्।,,
LIT112,Literature,Movements,English,In which year was Nepali included in the Eighth Schedule of India's constitution as a recognised language?,1992,1950,,
LIT112,Literature,Movements,Nepali,नेपाली भाषा भारतको संविधानको आठौँ अनुसूचीमा कुन वर्ष समावेश गरियो?,1992,२०७४,,
LIT113,Literature,Poets,English,Which Nepali poet is honoured with the title 'Ashu Kavi' (the instant poet)?,Shambhu Prasad Dhungel,Bhanubhakta Acharya,,
LIT113,Literature,Poets,Nepali,आशुकवि' उपाधिले कुन नेपाली कवि सम्मानित छन्?,शम्भुप्रसाद ढुङ्गेल,आशुकवि' उपाधिले भानुभक्त आचार्य सम्मानित छन् ।,,
LIT114,Literature,Short stories,English,Who wrote the classic Nepali short story 'Pariband'?,Pushkar Shamsher,Bishweshwor Prasad Gupta,,
LIT114,Literature,Short stories,Nepali,क्लासिक नेपाली कथा 'परिबन्द' कसले लेखेका हुन्?,पुष्करशमशेर,कृष्णचंद्र कoirala,,
LIT115,Literature,Essays,English,Who wrote the modern essay 'Abstract Chintan: Pyaj'?,Shankar Lamichhane,Amitav Ghosh,,
LIT115,Literature,Essays,Nepali,आधुनिक निबन्ध 'एब्स्ट्र्याक्ट चिन्तन: प्याज' कसले लेखेका हुन्?,शङ्कर लामिछाने,"प्रश्न: आधुनिक निबन्ध 'एब्स्ट्र्याक्ट चिन्तन: प्याज' कसले लेखेका हुन्?

उत्तर: डा. श्यामसुंदर शर्मा",,
LIT116,Literature,Poets,English,The poet Bairagi Kainla served as chancellor of which national institution?,Nepal Academy (Nepal Pragya Pratisthan),Gauhati University,,
LIT116,Literature,Poets,Nepali,कवि बैरागी काइँला कुन राष्ट्रिय संस्थाका कुलपति भएका थिए?,नेपाल प्रज्ञा प्रतिष्ठान,कवि बैरागी काइँला कुलपति भएका थिए नेपाल राष्ट्रिय प्रौद्योगिकी संस्थाका ।,,
