Question ID,Language,Question,Gold Answer,Gemma Answer
ECO001,English,What is the official currency of Nepal?,Nepalese Rupee,"The official currency of Nepal is the **Nepalese Rupee (NPR)**.

It's represented by the code **NPR** and the symbol **Rs**.

As of today, November 2, 2023, the exchange rate is roughly 1 USD = 130 NPR.

You can find the most up-to-date exchange rates on websites like:

*   XE.com: [https://xe.com/currency/npr](https://xe.com/currency/npr)
*   Google Finance: [https://www.google.com/finance/quote/NPR-NPR](https://www.google.com/finance/quote/NPR-NPR)"
ECO002,English,What is the ISO 4217 currency code for the Nepalese Rupee?,NPR,"The ISO 4217 currency code for the Nepalese Rupee was **NPR**.

However, it's crucial to note that **the Nepalese Rupee is no longer legal tender.** It was officially replaced by the Nepalese Rupee (NPR) in 2008.  While the code still exists, it's primarily used for historical or statistical purposes.

Currently, Nepal uses the Indian Rupee (INR) as its primary currency."
ECO007,English,In which year was Nepal Bank Limited established?,1937 (1994 BS),"Nepal Bank Limited was established in **1963**. 

It began operations on December 14, 1963, with an initial capital of Rs. 1.5 crore."
ECO008,English,Which act currently governs the establishment and functions of Nepal Rastra Bank?,"Nepal Rastra Bank Act, 2002","The primary act currently governing the establishment and functions of Nepal Rastra Bank (NRB) is the **Nepal Rastra Bank Act, 2063 (2016)**.

Here's a breakdown of key points:

* **Enacted:**  It was officially enacted on December 16, 2016.
* **Key Provisions:** This Act significantly reformed the NRB, aiming for greater independence and operational efficiency.  It:
    * **Defines the NRB's Mandate:**  It establishes the NRB’s responsibilities in monetary policy, banking supervision, financial stability, and maintaining the exchange rate.
    * **Strengthens Independence:**  It provides increased autonomy for the NRB, reducing direct government control.
    * **Modernizes Regulations:**  It introduces modern banking regulations and procedures, aligning with international standards.
    * **Empowers the Board:**  It gives the NRB's Board of Directors greater authority in decision-making.


**Important Note:**  While the 2063 Act is the current primary legislation, it's important to recognize that the NRB also operates under a range of related regulations, directives, and circulars issued by the NRB itself.  These are frequently updated to adapt to changing economic conditions.

**Where to Find the Full Act:**

You can find the full text of the Nepal Rastra Bank Act, 2063 (2016) online here: [https://www.nrb.banknp/en/legal/acts-and-directives](https://www.nrb.banknp/en/legal/acts-and-directives)

Do you want me to provide more detail about specific aspects of the Act, such as:

*   The NRB’s monetary policy responsibilities?
*   The regulations governing banks in Nepal?"
ECO009,English,Which was the first fully state-owned commercial bank established after Nepal Bank Limited?,Rastriya Banijya Bank,"The first fully state-owned commercial bank established after Nepal Bank Limited was **Agricultural Development Bank of Nepal (ADB)**.

Here’s a breakdown of the timeline:

*   **Nepal Bank Limited (1966):** Established as Nepal’s first modern bank.
*   **Agricultural Development Bank of Nepal (1984):** Created specifically to promote agriculture and rural development, marking the establishment of a second major state-owned commercial bank.

While there were other financial institutions created before ADB, it was the first to fully meet the criteria of being a state-owned and commercially focused bank following Nepal Bank Limited.

**Important Note:** The nature of state-owned banks in Nepal has evolved over time, with privatization and reforms occurring in recent decades. However, ADB remains a prominent example of the early state-led banking sector.

Resources for further information:

*   [ADB Nepal](https://www.adb.org/country/nepal)
*   [Nepal Bank Limited](https://www.nepalbank.com.np/)"
ECO010,English,In which year was Rastriya Banijya Bank established?,1966 (2022 BS),"Rastriya Banijya Bank (National Commercial Bank) was established in **1939**. 

It was initially formed as the **Imperial Bank of India** but was renamed after India’s independence in 1947. However, the foundational year is 1939."
ECO011,English,"What is the smallest traditional monetary subunit of the Nepalese Rupee, equal to one-hundredth of a rupee?",Paisa,"The smallest traditional monetary subunit of the Nepalese Rupee was the **Lipi** (लिपि).

A Lipi was equal to one-hundredth (0.01) of a rupee.

Here's a breakdown:

*   **Rupee:** The main currency unit.
*   **Lipi:** 1 Lipi = 0.01 Rupees

While the Nepalese Rupee is no longer in circulation, the Lipi represents the smallest denomination that existed within its system."
ECO012,English,Which government body regulates commercial banks and financial institutions in Nepal?,Nepal Rastra Bank,"The primary government body that regulates commercial banks and financial institutions in Nepal is the **Nepal Rastra Bank (NRB)**.

Here's a breakdown of its role:

* **Central Bank:** NRB is Nepal's central bank, responsible for monetary policy, currency issuance, and the overall stability of the financial system.
* **Regulation & Supervision:** It directly regulates and supervises all licensed commercial banks, development banks, finance companies, and microfinance institutions operating in Nepal.
* **Key Functions:** This includes:
    * Setting capital adequacy ratios
    * Monitoring lending practices
    * Ensuring compliance with regulations
    * Managing the exchange rate
    * Overseeing payment systems

**You can find more information about the Nepal Rastra Bank on their official website:** [https://www.nrb.banknp/](https://www.nrb.banknp/)


Do you want to know anything more specific, such as:

*   The NRB's regulatory framework?
*   How it interacts with other government agencies?"
ECO013,English,What Nepali symbol is commonly used to denote the Nepalese Rupee?,रू,"The Nepali symbol commonly used to denote the Nepalese Rupee is **Rs**.

It's derived from the Latin word ""Rubus,"" which refers to the red color of the currency. 

You'll see it like this: **Rs. 1,000** (with a period after the Rs).
"
ECO014,English,What is the lowest-denomination banknote currently issued by Nepal Rastra Bank?,Five-rupee note (NPR 5),"As of today, November 2, 2023, the lowest-denomination banknote currently issued by the Nepal Rastra Bank (Central Bank of Nepal) is the **NPR 0.05 (five paisa)**.

This denomination was reintroduced in 2022 and is a small denomination banknote, a relatively recent addition to Nepal's currency.

You can find the most up-to-date information on the Nepal Rastra Bank's website: [https://www.nabnrb.gov.np/](https://www.nabnrb.gov.np/)"
ECO015,English,"Nepal's currency system is decimal, with how many paisa equal to one rupee?",100,"Nepal's currency system is decimal, and **100 paisa equals 1 rupee**. 

So, the answer is **100**."
ECO016,English,What is the name of Nepal's only stock exchange?,Nepal Stock Exchange (NEPSE),"Nepal's only stock exchange is called the **Nepal Stock Exchange (NEPSE)**. 

It stands for **National Exchange of Nepal Securities**.
"
ECO017,English,In which year was NEPSE established in its current form?,1993,"The Nepal Securities Exchange Limited (NEPSE) was established in its current form in **2065 BS (2018 AD)**. 

While it had earlier iterations, 2065 BS marked the formal establishment of the modern NEPSE as we know it today."
ECO018,English,"What was the predecessor organization to NEPSE, established in 1976?",Securities Exchange Center,"The predecessor organization to NEPSE (National Securities Commission of Peru) established in 1976 was the **Comisión Nacional de Valores (CNV)** – the National Securities Commission.

The CNV was formed to regulate and supervise the Peruvian securities market and was a crucial step in developing Peru's capital market. It eventually evolved into NEPSE.

You can find more information about this history on the NEPSE website: [https://www.nepse.pe/historia](https://www.nepse.pe/historia)"
ECO019,English,Which government body regulates the securities market in Nepal?,Securities Board of Nepal (SEBON),"The primary government body that regulates the securities market in Nepal is the **Securities Board of Nepal (SEBON)**.

Here's a breakdown of what SEBON does:

*   **Regulation & Supervision:** SEBON is responsible for regulating and supervising all securities-related activities in Nepal, including stock exchanges, merchant bankers, investment advisors, and other market participants.
*   **Stock Exchange Management:** It oversees the Nepal Stock Exchange (NEPSE).
*   **Investor Protection:** A key function is protecting the interests of investors.
*   **Rulemaking:** SEBON develops and enforces rules and regulations for the securities market.
*   **Market Monitoring:** It monitors market activities to ensure fairness and stability.

**You can find more information on SEBON's official website:** [https://www.sebon.gov.np/](https://www.sebon.gov.np/)

Do you want to know anything specific about SEBON, like its current regulations, or how it interacts with the Nepal Stock Exchange?"
ECO020,English,In which year was the Securities Board of Nepal (SEBON) established?,1993,"The Securities Board of Nepal (SEBON) was established in **2003**. 

You can find more detailed information on their official website: [https://www.sebon.gov.np/](https://www.sebon.gov.np/)"
ECO021,English,What is the benchmark index of the Nepal Stock Exchange called?,NEPSE Index,"The benchmark index of the Nepal Stock Exchange (NEPSE) is simply called the **NEPSE Index**.

It stands for the ** नेशनल এক্সচেঞ্জ প্রসpective सूचकांक (National Exchange Prospective Index)**.

You can find real-time information and historical data on the NEPSE Index here: [https://www.nepse.stockexchange.np/](https://www.nepse.stockexchange.np/)"
ECO022,English,In which city is the Nepal Stock Exchange physically located?,Kathmandu (Singha Durbar Plaza),"The Nepal Stock Exchange (NSE) is physically located in **Kathmandu, Nepal**. 

Specifically, it's situated in the New Baneshwar area of the city."
ECO023,English,What type of trading system does NEPSE currently use for buying and selling shares?,Fully automated online trading system,"The Nepal Stock Exchange (NEPSE) currently utilizes a **Hybrid Order Matching System** for trading shares. Let's break down what that means and the key elements involved:

**1. Hybrid Order Matching System:**

This is a combination of two main approaches:

* **Automated Order Matching (AOM):** This is the *primary* system.  NEPSE's AOM system automatically matches buy and sell orders based on pre-defined criteria like price and quantity.  It's highly efficient and real-time.
* **Negotiated Transactions (NeGo):** This allows traders to negotiate the price and quantity of shares directly with each other. This is typically used for larger block trades or when buyers and sellers can't agree on a specific price within the AOM system.  NeGo trades are manually matched and cleared by the exchange.


**2. Key Features & Components:**

* **Electronic Order Book:**  The AOM system operates on an electronic order book, displaying all outstanding buy (bid) and sell (ask) orders in real-time. This provides transparency and visibility to traders.
* **Price Priority:** The AOM generally prioritizes trades based on the best price offered – the lowest price for buy orders and the highest price for sell orders.
* **Time Priority:** If multiple orders are at the same best price, the order that was entered first is typically executed first (Time Priority).
* **NeGo (Negotiated Transactions):** As mentioned above, these are for direct negotiation between traders. This is particularly relevant for large transactions that might not be suitable for the automated system.
* **Cross Matching:** The system continuously cross-matches buy and sell orders to execute trades.

**3. Technology & Infrastructure:**

* **NEPSE Trading System (NTS):** This is the core software platform used by brokers and investors to access and execute trades on the NEPSE.
* **Data Feeds:** Real-time market data is provided through various data feeds to trading participants.


**Resources for More Detailed Information:**

* **NEPSE Website:** [https://www.nepse.stockexchange.np/](https://www.nepse.stockexchange.np/) – This is the official source for the most up-to-date information. Look for sections on ""Trading System"" or ""Market Operations"".
* **NEPSE Annual Reports:**  These often contain detailed technical specifications of the trading system.
* **NEPSE Regulations & Rules:** [https://www.nepse.stockexchange.np/Regulations](https://www.nepse.stockexchange.np/Regulations) – This outlines the rules governing trading on the NEPSE, including details of the order matching system.

**Important Note:**  Market systems can evolve. It's always best to consult the official NEPSE website for the very latest information on the trading system's functionality and rules.

Would you like me to delve deeper into a specific aspect of the NEPSE trading system, such as:

*   How NeGo transactions work?
*   The technical specifications of the NTS?
*   The regulations surrounding order types?"
ECO024,English,Which sector traditionally dominates the number of listed companies on NEPSE?,Banking and financial sector,"Traditionally, the **Financials** sector has dominated the number of listed companies on the Nepal Stock Exchange (NEPSE).

As of late 2023 and early 2024, Financials consistently holds the largest number of listed companies – often around 60-70% of the total listed companies. This is largely due to:

* **Dominance of Banks:** Nepal's economy is heavily reliant on banking, and the major commercial banks (e.g., Nepal Bank, Everest Bank, NIC Asia Bank) are the primary drivers of listings.
* **Limited Diversification:** Compared to more developed stock markets, the NEPSE still lacks significant representation from other sectors like manufacturing, energy, or technology.


**Here's a general breakdown of sector representation on the NEPSE (as of recent data - note this fluctuates):**

* **Financials:** ~65-70%
* **Manufacturing & Other Industry:** ~15-20%
* **Construction & Infrastructure:** ~5-10%
* **Trading & Services:** ~5-10%

**Important Note:** While Financials currently leads in terms of the *number* of listed companies, it doesn't necessarily mean it has the largest market capitalization.  The **Non-Financials** sector (particularly Manufacturing) is often the largest in terms of overall market value.

**Resources for up-to-date information:**

* **NEPSE Official Website:** [https://www.nepse.stockexchange.com.np/](https://www.nepse.stockexchange.com.np/) – This is the best source for the most current sector breakdown and company listings.
* **Stock Market News Websites (Nepali):**  Search for Nepali stock market news websites for current market analysis.

Do you want me to delve into a specific aspect, such as:

*   The performance of the Financials sector?
*   The reasons behind the dominance of the Financials sector?
*   How sector representation has changed over time?"
ECO025,English,What is the informal Nepali term for a single share unit used in NEPSE trading?,Kitta,"The informal Nepali term for a single share unit traded on the NEPSE (Nepal Stock Exchange) is **""unit""** or **""एक unit"" (ek unit)**. 

While technically a share is a legal entity, in everyday conversation, especially among traders and investors, ""unit"" is the most commonly used and understood term to refer to one share.

You might also hear people say ""एक unit नाँ"" (ek unit nao) – ""one unit"" – to emphasize the quantity.

**Important Note:**  Always refer to official NEPSE documentation for precise definitions."
ECO026,English,What are the three broad sectors Nepal's GDP is typically divided into?,"Agriculture, Industry, and Services","Nepal's GDP is typically divided into three broad sectors, mirroring a standard economic classification system:

1. **Agriculture (Approximately 33-35%):** This is by far the largest sector in Nepal's economy. It includes activities like:
    *   Crops (rice, maize, wheat, lentils, etc.)
    *   Livestock (cattle, buffalo, sheep, goats)
    *   Fisheries
    *   Forestry products

2. **Industry (Approximately 20-22%):**  This sector is relatively small and underdeveloped. It includes:
    *   Manufacturing (textiles, food processing, cement, etc.)
    *   Construction
    *   Tourism (a growing segment)
    *   Small-scale industries

3. **Services (Approximately 45-48%):** This is the largest and fastest-growing sector and comprises:
    *   Trade (retail and wholesale)
    *   Transportation
    *   Communication
    *   Financial Services
    *   Tourism (a significant part of this sector)
    *   Education
    *   Health

**Important Notes:**

*   **Percentages fluctuate:** These percentages are approximate and can vary slightly depending on the source and the year of the data.
*   **Informal Sector:** A significant portion of Nepal’s economy operates in the informal sector, which isn’t always fully captured in official GDP figures. This includes small-scale, unregistered businesses and activities.

You can find the most up-to-date data on Nepal’s GDP and sector breakdown on the website of the Nepal Rastra Bank (Central Bank) and the World Bank.

Would you like me to provide links to those resources, or perhaps delve deeper into a specific sector?"
ECO027,English,Which sector employs the largest share of Nepal's workforce?,Agriculture,"As of recent data (primarily 2023 and early 2024), the **Agriculture** sector employs the largest share of Nepal's workforce.

Here's a breakdown:

*   **Agriculture:** Approximately 34.1% of the workforce (around 5.3 million people) is employed in agriculture. This includes farming, livestock rearing, and forestry.
*   **Industry:** Roughly 23.4% (around 3.3 million people)
*   **Services:** Around 42.5% (around 6.0 million people)

**Important Note:** While services is the largest *sector* by employment numbers, agriculture still holds the dominant position in terms of the *proportion* of the workforce.

You can find detailed and up-to-date information on Nepal’s labor statistics from sources like:

*   **Nepal Rastra Bank (Central Bank):** [https://www.rnb.gov.np/](https://www.rnb.gov.np/)
*   **Statistics Nepal:** [https://www.statsindia.gov.np/](https://www.statsindia.gov.np/)
*   **World Bank:** [https://data.worldbank.org/country/NP](https://data.worldbank.org/country/NP)

Do you want me to delve into any specific aspect of this, such as:

*   Specific crops grown in Nepal?
*   The challenges facing the agricultural sector?
*   Trends in employment across different sectors?"
ECO028,English,What classification has the United Nations historically used for Nepal's economic development status?,Least Developed Country (LDC),"Historically, the United Nations has classified Nepal's economic development status primarily as a **Least Developed Country (LDC)**. Here’s a breakdown of the UN’s classifications and Nepal’s trajectory:

* **1971-1986: LDC (Least Developed Country):** Nepal was first categorized as an LDC in 1971. This designation was largely driven by its extremely low income levels, high rates of population growth, and weak industrial base.

* **1986-2009: LDC (Least Developed Country):** Nepal remained an LDC throughout the 1980s and 1990s, continuing to struggle with poverty and development challenges.

* **2009-2023: LDC (Least Developed Country) - with Full Graduation Status:** A significant turning point occurred in 2009 when Nepal was granted ""full graduation status"" from LDC, meaning it was expected to meet the criteria for graduating by 2023.  However, due to the significant economic disruption caused by the COVID-19 pandemic, Nepal was granted a series of extensions, allowing it to remain classified as an LDC through 2026. This extension was a recognition of the severe impact of the pandemic on Nepal's economy, particularly its tourism sector.


**Key Factors Driving the Classification:**

* **Low Per Capita Income:** Nepal consistently had one of the lowest per capita incomes globally.
* **High Dependency Ratio:** A large proportion of the population was dependent on subsistence agriculture.
* **Lack of Industrialization:** A weak and underdeveloped industrial sector contributed to low economic diversification.
* **Remittance Dependence:**  Heavy reliance on remittances from Nepalese workers abroad played a major role, but also created instability.
* **Geographic Challenges:** Nepal’s mountainous terrain presented significant obstacles to infrastructure development and economic growth.

**Current Status (as of Late 2023):**

As of late 2023, Nepal is still classified as an LDC and has been granted an extension to remain so until 2026, reflecting the ongoing impact of the COVID-19 pandemic.

**Resources for Further Information:**

* **UNCTAD - Least Developed Countries:** [https://unctad.org/daca/stats/ldcs](https://unctad.org/daca/stats/ldcs)
* **World Bank - Nepal:** [https://www.worldbank.org/country/nepal](https://www.worldbank.org/country/nepal)



Do you want to explore a specific aspect of this topic, such as:

*   The impact of LDC status on Nepal’s access to aid?
*   The challenges Nepal faces in graduating from LDC status?
*   Nepal’s economic development indicators?"
ECO029,English,When does Nepal's fiscal year begin according to the Bikram Sambat calendar?,Shrawan 1 (mid-July),"Nepal's fiscal year begins on the first day of the month of **Shrawan (July-August)** according to the Bikram Sambat (BS) calendar. 

Specifically, it starts on the 1st day of Shravan.

This is a significant difference from the Gregorian calendar, which Nepal also uses for administrative purposes.
"
ECO030,English,When does Nepal's fiscal year end?,"End of Ashad (mid-July, following year)","Nepal's fiscal year ends on **June 30th**.

This means the financial year runs from **July 1st to June 30th**.

It's important to note that Nepal uses a *fiscal year* which is different from the Gregorian calendar year (January 1st to December 31st).
"
ECO031,English,Which government ministry is primarily responsible for Nepal's fiscal policy and national budget?,Ministry of Finance,"The **Ministry of Finance** is primarily responsible for Nepal's fiscal policy and the national budget. 

Here's a breakdown of why:

* **Fiscal Policy Formulation:** The Ministry of Finance develops and implements Nepal's fiscal policies, which dictate how the government manages its revenues and expenditures.
* **Budget Preparation:** They lead the entire process of preparing the annual national budget, including forecasting revenues, determining spending priorities, and presenting it to the Parliament.
* **Revenue Management:** They are responsible for collecting government revenues through various taxes and fees.
* **Expenditure Management:** They oversee the disbursement of government funds to various ministries and agencies.


While other ministries contribute to economic planning and development, the Ministry of Finance holds the central role in fiscal policy and budget execution.

You can find more information on the Ministry of Finance's website: [https://mof.gov.np/](https://mof.gov.np/) 

Would you like to know more about a specific aspect of Nepal's fiscal policy or budget?"
ECO032,English,"Which government body compiles Nepal's national statistics, including GDP data?",National Statistics Office (formerly Central Bureau of Statistics),"The government body that compiles Nepal’s national statistics, including GDP data, is the **National Statistical Office (NSO)**, which is now officially known as the **Statistics Nepal**.

You can find their website and data here: [https://www.statsnepal.gov.np/](https://www.statsnepal.gov.np/)

They are responsible for collecting, processing, and disseminating a wide range of statistical information about Nepal."
ECO033,English,What is the standard Value Added Tax (VAT) rate applied in Nepal?,13%,"As of November 2, 2023, the standard Value Added Tax (VAT) rate in Nepal is **13%**.

However, it's important to note:

*   **Reduced Rates:** There are also reduced VAT rates (5% and 1%) applicable for certain goods and services, such as food items and pharmaceuticals.
*   **Exemptions:** Certain categories of goods and services are exempt from VAT.

You can always find the most up-to-date information on the Nepal Revenue Authority (NRA) website: [https://www.nra.gov.np/](https://www.nra.gov.np/)"
ECO034,English,Which government body administers income tax collection in Nepal?,Inland Revenue Department (IRD),"The government body that administers income tax collection in Nepal is the **Nepal Revenue Authority (NRA)**. 

You can find more information about them and their functions on their official website: [https://www.nra.gov.np/](https://www.nra.gov.np/)

Do you want to know anything specific about the NRA or income tax in Nepal?"
ECO035,English,Remittance income is broadly cited as constituting roughly what share of Nepal's GDP in recent years?,Roughly a quarter (approximately 25%),"According to various sources, remittance income accounts for roughly **40-50%** of Nepal's GDP in recent years. 

Here's a breakdown of what different organizations have reported:

*   **World Bank (2023):** Estimated remittances at around 31.4% of GDP. (This number was slightly lower than the trend, primarily due to a weaker Nepali diaspora)
*   **Nepal Rastra Bank (Central Bank):** Has consistently reported remittance inflows representing a significant portion of GDP, often hovering around 40-45% over the past decade.
*   **Asian Development Bank (ADB):**  Similarly, ADB data indicates remittances contribute significantly, typically around 35-45% of GDP.

**Important Note:** The exact percentage fluctuates from year to year based on exchange rates, migration patterns of the Nepali diaspora, and overall economic conditions. However, the 40-50% range is the most consistently cited and accurate reflection of remittances' importance to the Nepalese economy.

You can find more detailed data and reports on the World Bank's data website and the Nepal Rastra Bank's website."
ECO041,English,Which neighboring country is Nepal's largest trading partner?,India,"As of the most recent data (primarily 2022 and 2023), **China** is Nepal's largest trading partner.

Here's a breakdown of why:

*   **Significant Increase in Trade:** China's trade with Nepal has grown dramatically in recent years, largely due to Chinese investment in infrastructure projects (like roads and hydropower) and increased imports of Nepali goods like tobacco, textiles, and footwear.
*   **India Remains Important:** India has historically been Nepal's largest trading partner, but China has surpassed it in recent years.

**Key Stats (2022 - approximate):**

*   **China:** $9.3 billion
*   **India:** $8.4 billion

You can find more detailed and up-to-date information on Nepal's trade statistics from sources like the World Bank and the United Nations Comtrade database."
ECO042,English,"Being a landlocked country, Nepal primarily relies on which neighboring country's seaports for third-country trade?",India (Kolkata port),"Nepal primarily relies on **India**'s seaports for its third-country trade. 

Here's a breakdown of why:

* **Landlocked Geography:** Nepal is completely surrounded by land, lacking its own coastline.
* **Transit Trade Agreement:** Nepal and India have a long-standing ""Transit Treaty"" which allows Nepal to use Indian ports (primarily Kolkata and Mundra) to access international markets. This is the cornerstone of Nepal’s trade with the outside world.
* **Key Ports:** While Kolkata is the most frequently used, Mundra is also utilized.

While China has been increasing its engagement with Nepal, India remains the dominant partner in facilitating Nepal’s international trade through its ports.

**Resources for further information:**

*   **World Bank:** [https://www.worldbank.org/en/news/press-release/2023/03/16/nepal-invests-in-infrastructure-to-boost-trade-with-china-and-india](https://www.worldbank.org/en/news/press-release/2023/03/16/nepal-invests-in-infrastructure-to-boost-trade-with-china-and-india)
*   **The Diplomat:** [https://thediplomat.com/2023/11/nepal-relying-on-india-for-trade-after-china-withdrawal/](https://thediplomat.com/2023/11/nepal-relying-on-india-for-trade-after-china-withdrawal/)


Do you want to know more about specific aspects of this relationship, such as the challenges, the types of goods traded, or the impact of the Transit Treaty?"
ECO043,English,What is a traditional major export item of Nepal known internationally as a fine wool-based product?,Pashmina,"The traditional major export item of Nepal known internationally as a fine wool-based product is **Pashmina**. 

Pashmina wool comes from the cashmere goats of the Himalayan region, particularly Nepal, Afghanistan, and surrounding areas. It’s prized for its exceptionally fine, soft, and warm fibers, making it highly sought after for shawls, scarves, and other luxury textiles. 

While other products like carpets and spices are also exported, Pashmina is uniquely linked to Nepal's international reputation for fine wool products.

Do you want to know more about Pashmina, its production, or its trade?"
ECO044,English,Which treaty governs trade and transit relations between Nepal and India?,Nepal-India Treaty of Trade and Transit,"The primary treaty governing trade and transit relations between Nepal and India is the **Treaty of Friendship of 1954**. 

Here's a breakdown of its key aspects:

* **Key Provisions:** This treaty grants Nepal most favored nation status for trade with India, meaning Nepali goods receive the same trade terms as goods from any other country trading with India. It also allows Nepal to use Indian roads and railways for transit trade, a hugely important aspect for Nepal's economy.
* **Transit Rights:** The transit rights are particularly significant. Nepal can utilize India's infrastructure to export goods to other countries, circumventing the challenging and often politically sensitive overland routes through China.
* **Amendments and Ongoing Negotiations:**  The 1954 Treaty has been subject to numerous amendments and ongoing negotiations, particularly regarding the terms of transit rights.  There have been periods of friction and disagreements, particularly in recent years, reflecting concerns in Nepal about the potential economic and strategic implications of India’s regional partnerships. 

**Important Note:** While the 1954 Treaty remains the foundational agreement, there are also various bilateral agreements and understandings that supplement it.


You can find more detailed information on the Treaty of Friendship of 1954 from these sources:

* **Ministry of Foreign Affairs, Nepal:** [https://mofa.gov.np/treaties/treaty-of-friendship-1954/](https://mofa.gov.np/treaties/treaty-of-friendship-1954/)
* **Wikipedia:** [https://en.wikipedia.org/wiki/Treaty_of_Friendship_between_Nepal_and_India](https://en.wikipedia.org/wiki/Treaty_of_Friendship_between_Nepal_and_India)


Do you want me to delve deeper into a specific aspect of this treaty, such as:

*   The history of negotiations?
*   The current state of transit rights?
*   The implications of the treaty for Nepal's economy?"
ECO045,English,Name a traditional hand-woven textile product historically significant to Nepal's export-oriented carpet industry.,Wool carpets,"The most historically significant and still vitally important hand-woven textile product to Nepal’s export-oriented carpet industry is the **Pashmina Rug**.

Here’s why it’s so significant:

* **Pashmina Wool Origin:** “Pashmina” literally means “wool of excellence” and refers specifically to the finest cashmere wool sourced from the Changthang plateau in eastern Tibet (which is now part of China) and the surrounding Himalayan regions of Nepal.  Nepal’s region, particularly the Mustang district, has a long-established tradition of collecting and processing this incredibly valuable wool.
* **Historical Significance:**  Pashmina rugs have been traded across Central Asia and into Europe for centuries – dating back to the Silk Road.  They were prized luxury items, representing wealth and status. This trade established a foundation for Nepal’s carpet industry.
* **Unique Weaving Techniques:** The weaving of pashmina rugs involved a distinctive technique known as ""double-weave” or “double-sided weave,” creating a remarkably soft, dense, and luxurious pile.  This technique is particularly important as it contributes to the high value of the rugs.
* **Export Focus:**  Today, the vast majority of Nepal’s carpet exports are pashmina rugs, representing a huge portion of the country’s manufacturing output.  It's the primary driver of the industry.
* **Cultural Significance:**  The making of pashmina rugs isn't just an economic activity; it’s deeply interwoven with the cultural traditions of the Tibetan-speaking communities who produce them.


**Other Notable Rug Types:**

While pashmina is dominant, other traditional Nepali rugs like *Sherpa* rugs and *Tharuh* rugs (made with yak wool) are also important, but their export volumes are significantly smaller than pashmina.

**Resources for Further Research:**

*   **Nepal Handicrafts:** [https://www.nepalhandicrafts.com/pashmina-rugs-nepal/](https://www.nepalhandicrafts.com/pashmina-rugs-nepal/)
*   **Handicrafts & Art:** [https://www.handicraftsart.com/nepal-pashmina-rugs.html](https://www.handicraftsart.com/nepal-pashmina-rugs.html)


Do you want me to elaborate on a particular aspect, such as the history of the trade, the weaving process, or the challenges facing the industry today?"
ECO046,English,What is Nepal's primary agricultural cash-crop export grown extensively in the eastern hills?,Tea,"Nepal's primary agricultural cash-crop export grown extensively in the eastern hills is **Ginger**.

While cardamom is also significant, ginger has become the dominant and most valuable export crop from that region, particularly in districts like Dhankuta, Ilam, and Panchthar. 

Here's why it's the key export:

*   **High Demand:** Ginger has a strong global demand, particularly in Asian markets like China, Japan, and the Middle East.
*   **Hill Climate:** The steep, terraced hills of eastern Nepal provide the ideal climate and soil conditions for ginger cultivation.
*   **Export Volume:**  Ginger consistently accounts for a larger portion of Nepal’s agricultural export revenue than other crops.

**Important Note:** Cardamom is still a very important crop in Nepal, particularly in Ilam district, and contributes significantly to the economy. However, ginger currently holds the title of the primary cash-crop export from the eastern hills."
ECO047,English,"Besides India, which northern neighboring country does Nepal also use for alternative trade access?",China,"Nepal primarily uses **China** as its main alternative trade route and economic partner beyond India. 

Here's a breakdown of why and how:

* **China-Nepal Border Opening:** In 2021, after decades of limited interaction, China opened a new trade route through the Rasuwagadhi border, significantly increasing trade volume.
* **Strategic Importance:** This route bypasses the historically contentious relationship between Nepal and India regarding trade and water resource management.
* **Trade Volume:** Trade through the Chinese route has exploded, with Nepal exporting goods like medicinal herbs, timber, and agricultural products to China, and importing goods like machinery, electronics, and construction materials.
* **Belt and Road Initiative (BRI):** Nepal is a key participant in China's BRI, further cementing the economic ties and bolstering infrastructure development (like the Rasuwagadhi border's improvements).


**Important Note:** While China is the *primary* alternative, India remains by far Nepal's largest trading partner and is crucial for Nepal's economy and security. However, China's increasing presence offers Nepal a diversifying trade option and a significant shift in geopolitical dynamics.

Do you want me to delve deeper into a specific aspect, such as:

*   The volume of trade?
*   The geopolitical implications of this relationship?
*   The challenges and controversies surrounding the China-Nepal trade route?"
ECO048,English,What is the name of the dry port (inland container depot) Nepal uses near the Indian border in Birgunj for third-country trade?,"Inland Container Depot, Birgunj","The dry port near the Indian border in Birgunj, Nepal, used for third-country trade, is officially called the **Birgunj Dry Port**. 

It's also sometimes referred to as the **Birgunj Inland Customs Terminal**. 

You can find more information about it here: [https://www.cdnnc.gov.np/birgunj-dry-port/](https://www.cdnnc.gov.np/birgunj-dry-port/)"
ECO049,English,Nepal is a member of which South Asian regional cooperation and trade organization?,SAARC (South Asian Association for Regional Cooperation),"Nepal is a key member of the **South Asian Association for Regional Cooperation (SAARC)**.

SAARC is a regional intergovernmental organization founded in 1985 with the objective of promoting cooperation among its member states in areas of economic, social, cultural, and technical fields.

You can find more information about SAARC here: [https://www.saarc.org/](https://www.saarc.org/)"
ECO050,English,In which year did Nepal officially join the World Trade Organization (WTO)?,2004,"Nepal officially joined the World Trade Organization (WTO) in **2019**. 

It was a long and complex process, with accession being formally completed on June 12, 2019."
ECO051,English,Which body issues trekking permits for Nepal's national parks and conservation areas?,Nepal Tourism Board / respective park and conservation area offices,"Okay, let's break down the trekking permit situation for Nepal's national parks and conservation areas. It's a surprisingly complex system, and planning ahead is *absolutely crucial*. Here's a detailed overview as of late 2023/early 2024, with all the important information:

**1. Understanding the Zones – It's Not Just ""National Parks""**

Nepal’s protected areas aren’t just “national parks” in the traditional sense. They’re divided into several zones, each with its own permit requirements and management:

* **Conservation Areas:** These are the *largest* protected areas and encompass the vast majority of trekking routes. They have the most stringent permit requirements.
* **National Parks:** These are smaller, more protected areas within the Conservation Areas. They have a stricter focus on wildlife conservation.
* **Buffer Zones:** Surrounding the National Parks and Conservation Areas.  Permit requirements here can vary and are often easier.
* **Wildlife Reserves:** These are the most restricted areas, with very limited access, primarily for research and specific projects.  Trekking here is extremely difficult and usually requires special permits (more on this later).

**2. Key Permits You’ll Likely Need (for most trekking)**

* **Trekkers' Information Management System (TIMS) Card:**  This is *mandatory* for all trekkers in Nepal. It's issued by the Nepal Tourism Board (NTB).
    * **Cost:** Approximately NPR 3,000 (around $25 USD) for 30 days.  There's a shorter-term option (14 days for NPR 1,500 / $12.50 USD).
    * **Purpose:** It doesn't provide any specific protection but is a basic identification and tracking system.
* **Annapurna Conservation Area Permit (ACAP):** Required for trekking in the Annapurna Conservation Area (including the Annapurna Circuit, Annapurna Base Camp, and many other popular treks).
    * **Cost:** NPR 3,000 (around $25 USD) for a single individual, decreasing for groups.
* **Langtang National Park Permit:** Required for trekking in Langtang National Park (popular for the Langtang Valley Trek).
    * **Cost:** NPR 2,500 (around $20 USD) for a single individual.
* **Chitwan National Park Permit:** Needed if your trek involves crossing the boundary of the Chitwan National Park. Even if you don't camp *within* the park, the permit is often required due to the vast buffer zones.
    * **Cost:** NPR 3,000 (around $25 USD) for a single individual.

**3.  Special Permits – When You Need Them (and They're More Complex)**

These permits require more paperwork, are issued by the respective park management offices, and can take longer to process.

* **Upper Mustang Trek Permit:**  This is a *highly regulated* area. You *must* trek with a licensed trekking agency.  The permit covers the Annapurna Upper Mustang Conservation Area.
* **Manaslu Conservation Area Permit & Restricted Area Permit (RAP):** Manaslu is one of the most challenging treks in the world.  You need *both* an ACAP and a RAP to trek around Manaslu.  The RAP was formerly a highly restricted area and involved extensive government approvals.  Regulations have eased somewhat, but it's still complex. *You MUST trek with a licensed agency.*
* **Kanchenjunga Conservation Area Permit:** Trekking in the Kanchenjunga region (including the remote and beautiful Ilam Valley trek) requires an ACAP and a Kanchenjunga Conservation Area Permit.

**4.  Important Notes & Recent Changes**

* **Group Discounts:**  Permit costs are generally lower for groups (typically 3 or more people).
* **Licensed Agencies:** For treks involving Restricted Areas (Manaslu, Upper Mustang, parts of Kanchenjunga), you *must* trek with a licensed trekking agency.  They handle the permits, logistics, and often guides and porters.
* **Digital TIMS Card:** The NTB is moving to a digital TIMS card system. You’ll likely use a QR code on your phone instead of a physical card.
* **E-Permits:**  The NTB is piloting e-permits for some areas, but this hasn't been rolled out fully yet.
* **Increased Fees (2023):** There were some increases in permit fees in 2023, so it’s best to check current prices.
* **Government Regulations Change:**  Nepal's regulations can change unexpectedly, so **always confirm the latest requirements with the Nepal Tourism Board (NTB) or a reputable trekking agency before you travel.**


**5. Where to Obtain Permits**

* **Kathmandu:** The primary locations for obtaining permits are:
    * **Nepal Tourism Board (NTB):**  They issue the TIMS cards.
    * **Park Management Offices:**  Each Conservation Area and National Park has its own management office where you can obtain the ACAP, Langtang Permit, etc.  (Addresses can be found online).
* **Pokhara:** For permits related to Annapurna Conservation Area (ACAP) and some nearby areas.
* **Through a Trekking Agency:** As mentioned, this is strongly recommended for Restricted Area treks.

**Resources for Information:**

* **Nepal Tourism Board (NTB):** [https://www.tourism.gov.np/](https://www.tourism.gov.np/)
* **Annapurna Conservation Area Project (ACAP):** [https://acap.gov.np/](https://acap.gov.np/)
* **Langtang National Park:** [https://www.langtangnationalpark.org.np/](https://www.langtangnationalpark.org.np/)

**Disclaimer:** *I am an AI Chatbot and not a legal expert. Regulations change. Always verify information with official sources before making travel plans.*

To give you more tailored advice, could you tell me:

*   Which areas are you planning to trek in Nepal? (Specific regions or trails)
*   Are you planning to trek independently or with a trekking agency?"
ECO052,English,"What system requires trekkers to register before undertaking major treks in Nepal, abbreviated TIMS?",Trekkers' Information Management System,"The system you’re referring to is **TIMS**, which stands for **Trekkers’ Information Management System**. 

It’s a mandatory registration system in Nepal for trekkers undertaking most major treks. 

Do you want to know more about TIMS, such as:

*   What it covers?
*   The cost?
*   How to register?"
ECO053,English,Which sector significantly contributes to Nepal's foreign currency earnings alongside remittances?,Tourism,"Tourism is by far the sector that significantly contributes to Nepal's foreign currency earnings alongside remittances. 

Here's a breakdown of why:

* **Dominant Revenue Source:** Before the COVID-19 pandemic, tourism accounted for roughly 10-15% of Nepal's total export revenue.  Even with the impact of the pandemic, it remains the largest non-remittance contributor.
* **Key Drivers:** This revenue comes from:
    * **International Tourists:**  Visitors to Nepal's iconic destinations like the Everest region, Kathmandu Valley, Pokhara, and Lumbini.
    * **Adventure Tourism:** Trekking, mountaineering, rafting, and other adventure activities are particularly lucrative.
    * **Cultural and Spiritual Tourism:**  Visiting religious sites like Pashupatinath and Boudhanath temples.
* **Recovery Efforts:** The Nepali government and private sector are actively working to revitalize the tourism industry following the pandemic, aiming to regain its position as a major foreign exchange earner.


**Other Contributing Sectors (but significantly smaller than tourism):**

* **Hydropower:** Nepal has considerable hydropower potential, but export of electricity is currently limited due to infrastructure constraints and cross-border agreements.  It’s a future potential contributor.
* **Handicrafts & Arts:** Exports of traditional handicrafts and arts have some contribution, but volume and value are relatively small.
* **LPG Exports:** A small amount of LPG is exported, but this is not a major factor.



**Important Note:** Remittances (money sent home by Nepali workers abroad) consistently make up the largest portion of Nepal's foreign currency earnings – typically around 30-40%. However, diversifying revenue sources beyond remittances is a key strategic priority for Nepal.

**Resources to Explore:**

* **Nepal Rastra Bank (NRB):** [https://www.nrb.banknp/en/](https://www.nrb.banknp/en/) (Look for their annual reports and statistical data)
* **Ministry of Tourism and Civil Aviation:** [https://motca.gov.np/](https://motca.gov.np/)



Do you want me to delve deeper into a specific aspect, such as:

*   The impact of COVID-19 on tourism in Nepal?
*   Nepal’s plans for hydropower exports?
*   Specific tourism trends in Nepal?"
ECO054,English,What is the main international airport through which most foreign tourists enter Nepal?,"Tribhuvan International Airport, Kathmandu","The main international airport through which most foreign tourists enter Nepal is **Tribhuvan International Airport (TIA)** in Kathmandu. 

It's the busiest airport in Nepal and handles the vast majority of international flights, including those from major tourist destinations worldwide.

You can find more information about TIA here: [https://www.thetia.gov.np/](https://www.thetia.gov.np/)"
ECO055,English,What was the name of Nepal's major official tourism promotion campaign held in 2020?,Visit Nepal Year 2020,"Nepal's major official tourism promotion campaign held in 2020 was called **""Nepal: Home of Peace""**. 

It was a significant effort to rebuild the country's tourism image after the devastating 2015 earthquake and the impact of the COVID-19 pandemic. You can find more information about it here: [https://www.nepaltdtp.gov.np/nepal-home-of-peace/](https://www.nepaltdtp.gov.np/nepal-home-of-peace/)"
ECO056,English,Which government body is primarily responsible for promoting tourism in Nepal?,Nepal Tourism Board,"The primary government body responsible for promoting tourism in Nepal is the **Ministry of Tourism, Culture and Civil Aviation (MoTCCA)**.

Within the MoTCCA, the key agency responsible for tourism promotion is the **Tourism Promotion Board (TPB)**.

Here's a breakdown:

* **Ministry of Tourism, Culture and Civil Aviation (MoTCCA):** Sets overall policy and strategy for the tourism sector.
* **Tourism Promotion Board (TPB):**  This is the main organization that actually *promotes* Nepal as a tourist destination internationally. They handle marketing, advertising, trade fairs, and facilitating tourist information.


You can find more information on their website: [https://motca.gov.np/](https://motca.gov.np/)


Do you want to know anything more specific about the TPB or tourism in Nepal?"
ECO057,English,What is the general term for the fee foreign trekkers pay to enter Nepal's national parks and conservation areas?,Conservation area / park entry permit fee,"The general term for the fee foreign trekkers pay to enter Nepal's national parks and conservation areas is the **Trekkers' Fee**.

It’s officially known as the **Protected Area Entry Fee (PAEF)**. However, ""Trekkers' Fee"" is the more commonly used and understood term by trekkers and tourism operators.

Here's a breakdown:

*   **Amount:** As of late 2023, the fee is NPR 3,000 per person per night.
*   **Purpose:** The money collected goes towards conservation efforts, park maintenance, and supporting local communities within the protected areas.
*   **Validity:** The fee is valid for the entire duration of your trek within the park.

You can find the most up-to-date information on the official Nepal Department of National Parks and Wildlife Conservation website: [https://dnpwc.gov.np/](https://dnpwc.gov.np/)

Do you want to know anything more specific about the Trekkers’ Fee, such as:

*   The different rates for different areas?
*   How to pay it?
*   How it's used?"
ECO058,English,"What is the name of Nepal's international airport located in Bhairahawa, near Lumbini?",Gautam Buddha International Airport,"The name of Nepal’s international airport located in Bhairahawa, near Lumbini is **Rudranarayan Airport**. 

It’s also sometimes referred to as **Bhairahawa Airport**."
ECO059,English,What is the name of Nepal's international airport near Pokhara that became operational in 2023?,Pokhara International Airport,"The international airport near Pokhara that became operational in 2023 is called **Pokhara Xavrian International Airport** (also sometimes referred to as New Pokhara Airport). 

It’s a significant project and a major development for tourism in the region."
ECO060,English,Adventure tourism revenue in Nepal is significantly tied to climbing permits for which mountain?,Mount Everest,"Adventure tourism revenue in Nepal is *significantly* tied to climbing permits for **Mount Everest**. 

While other mountains like Annapurna, Manaslu, and Langtang also attract climbers, Everest generates by far the largest portion of Nepal's adventure tourism revenue – approximately 70-80% of the total. 

Let me know if you’d like to delve deeper into any specific aspect of this topic!"
ECO061,English,What is Nepal's most widely cultivated staple food crop?,Rice (paddy),"The most widely cultivated staple food crop in Nepal is **rice**. 

While maize (corn) is also grown extensively, particularly in the hills, rice dominates the agricultural landscape and forms the foundation of the majority of Nepalese diets.

Here's a breakdown:

*   **Rice:** Approximately 70% of Nepal's arable land is used for rice cultivation.
*   **Maize:** Around 20% of the land is dedicated to maize.
*   **Wheat:** A smaller proportion is used for wheat production.

Do you want to know anything more about Nepali agriculture or specific crops?"
ECO062,English,Which government ministry oversees agricultural policy in Nepal?,Ministry of Agriculture and Livestock Development,"The **Ministry of Agriculture and Livestock Development (MALD)** oversees agricultural policy in Nepal. 

You can find more information about them on their official website: [https://maldd.gov.np/](https://maldd.gov.np/)

They are responsible for formulating and implementing policies related to:

*   Crop production
*   Livestock development
*   Fisheries
*   Agricultural research and extension
*   Irrigation
*   Agricultural marketing

Do you want to know anything specific about MALD's policies or activities?"
ECO063,English,What term describes Nepal's traditional small-scale farming system practiced by most smallholder farmers?,Subsistence agriculture,"The term that describes Nepal's traditional small-scale farming system practiced by most smallholder farmers is **“Po System”**.

Here's a breakdown of what the Po System is:

* **Po:** This refers to a small, cultivated plot of land, typically ranging from 0.5 to 2 hectares (1.2 to 5 acres).
* **Land Tenure:**  The key characteristic is that the land is held by a single individual (the ‘Po-holder’) and cultivated by their family.
* **Multiple Crops:** Po-holders cultivate a wide variety of crops simultaneously – often rice, maize, wheat, pulses, vegetables, and livestock –  on the same small plot. This is driven by risk management and maximizing returns.
* **Labor Intensive:** It’s a highly labor-intensive system, relying heavily on family labor.
* **Communal Resources:** Po-holders often rely on communal resources like irrigation water and forested areas for grazing and fuel.

**Why it's important:** The Po System has been the dominant farming system in Nepal for centuries, and while it’s undergoing transformation, it still represents the core of agricultural livelihoods for a large proportion of the population, particularly in the Terai region.

**Other terms you might encounter, but are less precise, include:**

* **Subdivided Land:** This is a descriptive term, but doesn’t capture the system's complexity.
* **Shifting Cultivation:**  While some elements of shifting cultivation existed historically, the Po System is more nuanced than a purely rotational system.



Do you want to know more about specific aspects of the Po System, such as its history, challenges, or current trends?"
ECO064,English,"Which cash crop, grown extensively in eastern hill districts like Ilam, is a significant agricultural export for Nepal?",Tea,"The cash crop extensively grown in eastern hill districts like Ilam that is a significant agricultural export for Nepal is **tea**.

Ilam is renowned for its high-quality tea production, and Nepalese tea is exported to various countries, particularly in Europe and Asia.

While other crops like cardamom and mushrooms are also important exports from the region, tea currently holds the largest export volume.

Would you like to know more about Nepalese tea production or other agricultural exports from Nepal?"
ECO065,English,Agriculture is broadly cited as contributing roughly what share of Nepal's GDP in recent economic surveys?,Roughly a quarter (approximately 24-25%),"According to recent economic surveys and reports, agriculture contributes roughly **30-32%** of Nepal's GDP. 

Here's a breakdown of where the figure is consistently cited:

*   **World Bank:** Often reports around 31%
*   **Nepal's Central Bureau of Statistics (CBS):**  Recent estimates frequently show a similar range.
*   **Asian Development Bank (ADB):** Also indicates a contribution around 30-32%.

**Important Note:** This figure is declining as Nepal's economy diversifies, particularly with the growth of the services and manufacturing sectors. However, agriculture remains a crucial part of the economy, especially for rural livelihoods.

You can find more detailed and up-to-date information on the CBS website: [http://www.cbs.gov.np/](http://www.cbs.gov.np/)"
ECO066,English,Foreign employment remittances form which major component of Nepal's national income?,A major share of GDP driven by labor migration,"Foreign employment remittances form the **single largest component** of Nepal's national income. 

Here's a breakdown of why this is so significant:

* **Dominant Share:** Remittances consistently account for roughly 30-40% of Nepal's Gross Domestic Product (GDP). This is significantly higher than any other sector.
* **Driving Force:** These remittances are the primary source of foreign exchange earnings for Nepal, dwarfing income from tourism, trade, or other exports.
* **Poverty Reduction:** They are also a major factor in poverty reduction within Nepal, directly impacting household incomes and economic stability.


**Sources:** You can find up-to-date statistics on this from sources like:

*   **Nepal Rastra Bank (NRB):** The central bank of Nepal – [https://www.nrb.org.np/](https://www.nrb.org.np/)
*   **World Bank:** [https://data.worldbank.org/country/NP](https://data.worldbank.org/country/NP)
*   **Macrotrends:** [https://www.macrotrends.net/countries/NP](https://www.macrotrends.net/countries/NP)

Do you want me to provide you with specific figures or data related to remittances in Nepal?"
ECO067,English,Which government body manages foreign labor permits for Nepali migrant workers?,Department of Foreign Employment,"The primary government body that manages foreign labor permits for Nepali migrant workers is the **Ministry of Labour and Employment (MoLE)**.

Here's a breakdown of the key agencies within MoLE involved in this process:

* **Department of Foreign Employment (DoFE):** This is the *main* agency responsible for issuing foreign employment permits. They oversee the entire process, including:
    *  Registration of Nepali workers
    *  Verification of employer contracts
    *  Issuing permits for employment abroad
    *  Providing information and guidance to workers and recruitment agencies.

* **Foreign Employment Promotion and Regulation Authority (FEPRA):** FEPRA was established to regulate and monitor the entire foreign employment sector, including the DoFE. They aim to improve the quality of services provided to Nepali workers and ensure fair recruitment practices.

**Important Resources:**

* **DoFE Website:** [https://dofe.gov.np/](https://dofe.gov.np/)  (This is the official source for information and applications)
* **FEPRA Website:** [https://fepra.gov.np/](https://fepra.gov.np/)

**Key Note:** The system is undergoing reforms, and it's always best to check the latest information on the official websites for the most up-to-date procedures and regulations.


Would you like me to provide more detail on a specific aspect of the process, such as:

*   Types of permits
*   Application procedures?"
ECO068,English,Name one Gulf country that is a major destination for Nepali migrant workers.,Qatar,"One Gulf country that is a major destination for Nepali migrant workers is **Kuwait**. 

Kuwait has historically had a very large number of Nepali workers, primarily in sectors like construction, domestic work, and oil industry. 

Would you like to know about other Gulf countries that attract Nepali workers, or perhaps some of the reasons why Kuwait is so popular?"
ECO069,English,What is the commonly used term for money sent home by migrant workers?,Remittance,"The most commonly used term for money sent home by migrant workers is **remittances**.

Here's a breakdown of why it's the standard term and some related terms:

* **Remittances:** This is the official, widely recognized term used by economists, international organizations (like the World Bank and IMF), and researchers. It refers to the money transferred by migrant workers to their families or communities of origin.

Here are some other terms that are sometimes used, though less frequently:

* **Diaspora remittances:**  This is used specifically when referring to remittances sent back to a country by people living abroad who share a common culture or heritage.
* **Money transfers:** A broader term that encompasses remittances but also includes other types of money transfers.
* **""Spit money"" / ""Money flow"":** These are informal terms often used in the countries receiving the remittances, but they aren't academic or official.


**You'll almost always hear ""remittances"" when discussing this topic.**

Do you want to know more about the impact of remittances, where they're most common, or how they're measured?"
ECO070,English,"Which East Asian country, outside the Gulf region, is also a major labor migration destination for Nepali workers?",Malaysia,"The East Asian country, outside the Gulf region, that is a major labor migration destination for Nepali workers is **South Korea**.

South Korea has historically been a significant destination for Nepali migrant workers, primarily in sectors like construction, shipbuilding, and domestic service. While other countries like Japan and Taiwan also receive some Nepali workers, South Korea consistently represents the largest destination.

Would you like to know more about the reasons behind this migration or the specific sectors where Nepali workers are employed in South Korea?"
TEC016,English,Which company launched Nepal's first email service?,Mercantile Communications Pvt. Ltd.,"The company that launched Nepal's first email service is **Ncell**.

They launched ""Ncell Mail"" in 2006, marking a significant step in bringing internet-based communication to Nepal.

"
TEC017,English,In which year did Nepal get its first email service?,1993,"Nepal's first email service was launched in **1996**. 

Specifically, it was provided by **WebNet Nepal**, a pioneering internet service provider. This marked a significant step in the country's early adoption of the internet and email.

You can find more information about this in articles from sources like:

*   **The Himalayan Times:** [https://thehimalayantimes.com/nepal-news/2016-07-18/nepal-s-first-email-service-marked-1996](https://thehimalayantimes.com/nepal-news/2016-07-18/nepal-s-first-email-service-marked-1996)"
TEC018,English,"In which year was full internet access, beyond just email, first introduced in Nepal?",1995,"This is a surprisingly tricky question with no single, definitively proven answer! However, the generally accepted year for the first widespread introduction of full internet access, beyond just email, in Nepal is **2000**.

Here's a breakdown of why and the nuance involved:

* **Initial Connectivity (late 90s):**  Nepal began receiving internet connectivity in the late 1990s, primarily through leased lines and dial-up services. These were largely geared towards government institutions, NGOs, and a small number of businesses. Email was the dominant application.

* **The Rise of ISPs and Broadband (2000):**  2000 marked the pivotal year when several Internet Service Providers (ISPs) began offering true broadband access – specifically, DSL (Digital Subscriber Line) services. This allowed for a much wider range of online activities beyond just email, like web browsing, downloading files, and using early online communities.  Companies like Nepal Telecom's internet division, and private ISPs started to scale up.

* **Early ISPs and Content:** In 2000, several ISPs like Nepal Telecom began offering internet access packages. The appearance of web portals and early Nepali online communities followed closely behind.

**Key Challenges in Pinpointing an Exact Year:**

* **Gradual Adoption:** The shift from email-only access to full internet access was a gradual process, not a single event.
* **Limited Data:**  Historical records regarding the precise timeline of ISP launches and service offerings in Nepal during this period are scarce and often incomplete.


**Therefore, while there were earlier hints of internet connectivity, 2000 is the most commonly cited and substantiated year for the first introduction of full internet access in Nepal.**

**Resources that support this answer:**

*   [https://www.nepaltelecom.net.np/about-us/history](https://www.nepaltelecom.net.np/about-us/history) – (Information on Nepal Telecom's history and its role in internet provision)
*   Various articles and reports from the early 2000s discussing the growth of internet access in Nepal. (A search on Google Scholar for ""internet access Nepal 2000"" will reveal many relevant academic papers.)


Do you want me to delve into more specific aspects of this, such as:

*   The role of Nepal Telecom?
*   The impact of this introduction on the Nepali economy?"
TEC019,English,What is Nepal's country-code top-level domain (ccTLD)?,.np,"Nepal's country-code top-level domain (ccTLD) is **.np**. 

You can find more information about it on the official .np domain registry website: [https://www.npcc.org.np/](https://www.npcc.org.np/)"
TEC020,English,Which organization has historically operated as the registry for Nepal's .np domain?,Mercantile Communications,"Historically, **Nepal Telecommunication Authority (NTA)** operated as the registry for Nepal’s .np domain. 

However, as of **December 2023**, the registry functions have been transferred to **Nepal Internet Registry (NIR)**, a company owned by NTA. NIR is responsible for managing the .np domain.

So, while NTA historically held the role, NIR is now the current registry."
TEC021,English,What broad category of fiber-optic internet connection has been expanding rapidly in urban Nepal?,Fiber-to-the-home (FTTH) broadband,"The broad category of fiber-optic internet connection that has been expanding rapidly in urban Nepal is **FTTH (Fiber to the Home)**.

Here's why:

* **Government Initiatives:** The Nepali government has been heavily investing in expanding FTTH infrastructure as part of its digital transformation strategy.
* **Private Sector Investment:** Telecom companies like Ncell and Subisu have been aggressively rolling out FTTH networks in major cities like Kathmandu, Pokhara, and Biratnagar.
* **Demand Growth:**  Increased smartphone usage, e-commerce, and the need for reliable internet access have driven significant demand for faster internet speeds, making FTTH a particularly attractive option.


While other technologies like wireless broadband are also present, FTTH has seen the most significant and rapid expansion in urban areas of Nepal.

Do you want to know more about specific aspects of this expansion, such as:

*   The government's role?
*   The cost of FTTH in Nepal?
*   The current coverage of FTTH networks?"
TEC022,English,Which regulatory body issues internet service provider (ISP) licenses in Nepal?,Nepal Telecommunications Authority (NTA),"The **Nepal Telecom Regulatory Commission (NRTC)** is the regulatory body responsible for issuing ISP licenses in Nepal. 

You can find more information on their website: [https://www.nrct.gov.np/](https://www.nrct.gov.np/)

They oversee the telecommunications sector, including internet services, and are responsible for licensing, regulation, and monitoring ISPs."
TEC023,English,"What is the commonly used term in Nepal for public shared-computer internet access points, widespread before mobile broadband?",Cyber café,"The commonly used term in Nepal for public shared-computer internet access points, widespread before mobile broadband, is **""Internet Cafe""** – specifically, **""Computer Cafe""** (कंप्यूटर क्याफे - Computer Kyaffe).

While technically ""Internet Cafe"" is an English loanword, it became the standard and universally understood term for these hubs.  They were hugely popular for a long time, offering dial-up internet access, printing, and often, basic computer training.

You might also occasionally hear terms like “Cyber Cafe” but “Computer Cafe” is far more prevalent.

Do you want me to provide more context about their history and significance in Nepal?"
TEC024,English,Which social media platform is widely reported as the most used in Nepal?,Facebook,"As of late 2023 and early 2024, **Facebook** is overwhelmingly reported as the most used social media platform in Nepal. 

Here's a breakdown of why and how it stacks up:

* **Dominant Share:** Facebook consistently holds around 65-75% of the social media user base in Nepal.
* **High Penetration:**  Due to factors like widespread internet access (particularly mobile data) and a large percentage of the population being active on Facebook, it has incredibly high penetration.
* **Other Platforms:** While WhatsApp is hugely popular for messaging, and YouTube is widely used for entertainment, Facebook remains the top social *networking* platform.  Instagram and TikTok are growing in popularity, but still lag significantly behind Facebook.


**Sources to check for recent data:**

* **Statista:** [https://www.statista.com/statistics/1113343/social-networks-in-nepal/](https://www.statista.com/statistics/1113343/social-networks-in-nepal/) -  This provides regularly updated statistics.
* **Various Tech News Sites:** Searching for ""social media usage in Nepal"" will yield numerous articles from sites like Reuters, The Kathmandu Post, and others that regularly report on this topic.


**Important Note:** Social media usage trends change, so it’s a good idea to check for the most current data if you need precise figures.

Do you want me to provide more specific information, such as:

*   Trends in usage of specific platforms?
*   Demographic breakdowns of users?"
TEC025,English,What government-linked initiative aims to expand broadband internet connectivity into rural parts of Nepal?,Rural Telecommunications Development Fund broadband expansion projects,"The primary government-linked initiative aimed at expanding broadband internet connectivity into rural parts of Nepal is the **""Connectivity Enhancement Program"" (CEP)**, spearheaded by the **Ministry of Communications and Information Technology (MoCIT)**.

Here's a breakdown of what the CEP involves:

* **Goal:** To significantly increase broadband internet access across Nepal's rural and underserved areas.
* **Key Components:**
    * **Fiber Optic Expansion:**  The core of the program involves deploying fiber optic cables to connect remote villages and towns.
    * **Satellite Internet:**  Due to the difficult terrain and vast distances, satellite internet is being utilized to reach the most isolated areas where fiber deployment isn't feasible.
    * **Public-Private Partnership (PPP):** The MoCIT works closely with private telecom companies (like Nepal Telecom and private ISPs) to implement and operate the networks. The government provides subsidies and support to encourage investment in rural connectivity.
    * **Community Ownership:**  The program aims to foster community ownership and participation in the deployment and operation of internet services.

* **Funding:** The CEP is heavily funded by the **Asian Development Bank (ADB)** and other international development agencies.


**You can find more detailed information on the CEP here:**

* **MoCIT Website:** [https://www.mocit.gov.np/connectivity-enhancement-program/](https://www.mocit.gov.np/connectivity-enhancement-program/)
* **ADB Project Page:** [https://www.adb.org/projects/48792-nep](https://www.adb.org/projects/48792-nep)


While other smaller projects and initiatives exist, the CEP is definitively the most comprehensive and ambitious government-led effort to address Nepal’s broadband connectivity gap.

Do you want to know more about specific aspects of the CEP, such as its progress, challenges, or the technologies being used?"
TEC031,English,What is the name of the national interbank payment infrastructure established under Nepal Rastra Bank's oversight?,National Payments Gateway (NPG),"The national interbank payment infrastructure established under Nepal Rastra Bank’s oversight is called **Nepal Payments System (NPS)**. 

It’s officially known as the “Nepal Payment System” and is the central system for electronic funds transfer within Nepal."
TEC032,English,What interoperable QR-based payment standard has Nepal Rastra Bank promoted for merchant payments?,Nepal QR,"Nepal Rastra Bank (NRB) has promoted **""QR Code Payment System"" (QCP)** as its interoperable QR-based payment standard for merchant payments.

Here's a breakdown of what NRB has implemented:

* **QCP (QR Code Payment System):** This is the core standard. It's an open and interoperable framework allowing customers of different payment service providers (PSPs) – like banks, financial institutions, and fintech companies – to make payments to merchants using QR codes.
* **QR Code Type:**  The standard utilizes the **Unified QR Code** format. This is a crucial aspect as it ensures that QR codes from different PSPs are readable by any merchant using the QCP system.
* **Centralized Payment Gateway:** NRB has established a central payment gateway (operated by the Nepal Payments System Operator – NPSO) to facilitate the routing of transactions between different PSPs.  This is key to the interoperability.
* **Focus on Security & Trust:** NRB has implemented regulations and security protocols to ensure the integrity and safety of transactions within the QCP system.


**Key Features & Goals of the QCP System:**

* **Interoperability:** Allows seamless payments regardless of the customer's bank or the merchant’s payment provider.
* **Increased Competition:**  Encourages competition among PSPs.
* **Financial Inclusion:**  Promotes wider access to digital payment services.
* **Reduced Costs:**  Potentially reduces transaction fees compared to traditional payment methods.


**Resources for More Information:**

* **Nepal Rastra Bank (NRB) Website:** [https://www.nrb.org.np/](https://www.nrb.org.np/) – Look for information about Payment Systems, Payment Settlement, and QR Code Payments.
* **Nepal Payments System Operator (NPSO):** [https://www.npsosl.com.np/](https://www.npsosl.com.np/)  – The NPSO manages and operates the QCP system.


**Disclaimer:** *Please note that regulations and standards can change. It’s always best to check the latest information directly from the Nepal Rastra Bank or the Nepal Payments System Operator for the most current details.*

Do you want me to delve deeper into a specific aspect of the QCP system, such as:

*   The roles of different PSPs?
*   The security features of the QCP system?
*   How merchants can integrate with the QCP system?"
TEC033,English,Which government body regulates digital wallets and payment service providers in Nepal?,Nepal Rastra Bank (Payment Systems Department),"The primary government body regulating digital wallets and payment service providers in Nepal is the **Nepal Rastra Bank (NRB)**.

Here's a breakdown of their role:

* **Digital Payment Regulation:** The NRB has issued comprehensive guidelines and regulations for digital wallets, mobile banking, and other digital payment services. These regulations cover areas like:
    * Licensing requirements for PSPs
    * Security standards
    * Customer protection
    * Risk management
    * Anti-Money Laundering (AML) and Counter-Terrorism Financing (CTF) compliance
* **Payment Security Card (PSC) Scheme:**  The NRB operates the PSC scheme, which is a crucial element of the regulatory framework for digital payment services, focusing on ensuring the security of transactions.
* **Innovation and Development:** The NRB also encourages innovation and development within the digital payments sector while ensuring stability and protecting consumers.


**Key Resources:**

* **Nepal Rastra Bank Website:** [https://www.nbn.gov.np/](https://www.nbn.gov.np/) (Look for the ""Payment and Currency Department"" section)
* **NRB's Guidelines on Digital Payment Services:** (Search on the NRB website for the most current version - they update these periodically)


**Important Note:** While the NRB is the main regulator, the Securities Board of Nepal (SBN) and Nepal Police also play roles in overseeing and enforcing regulations related to digital payment services, especially concerning fraud and consumer protection.

**Disclaimer:** *I am an AI chatbot and this information is based on publicly available knowledge as of my last update. Regulations can change, so it's always best to consult the official Nepal Rastra Bank website for the most up-to-date information.*"
TEC034,English,Name a mobile-money/remittance-linked digital payment service launched by the IME Group.,IME Pay,"The IME Group launched **IME Pay** as their mobile-money/remittance-linked digital payment service.

IME Pay allows users to send and receive money, make bill payments, shop online, and manage their finances – all through their mobile phones. It’s particularly known for its strong remittance capabilities, leveraging IME’s existing network.

You can find more information about IME Pay here: [https://imepay.com.np/](https://imepay.com.np/)"
TEC035,English,What term describes Nepal's broader shift toward cashless transactions promoted through QR codes and mobile banking apps?,Digital/cashless payment adoption,"The term that best describes Nepal's broader shift toward cashless transactions promoted through QR codes and mobile banking apps is **""Digital Wallet Revolution""** or sometimes referred to as the **""QR Code Revolution.""**

Here's why this term is fitting and some related terms used to describe it:

* **QR Code Revolution:** This is arguably the most accurate and frequently used term. The widespread adoption of QR codes for payments, particularly by Sagarmatha Digital (the company behind NepalPay), has dramatically reshaped the country's financial landscape.
* **Digital Wallet Revolution:** This captures the core of the change – transitioning from physical cash to digital wallets.
* **Financial Inclusion through Digital Payments:** This term highlights the broader goal of bringing more people into the financial system.
* **Mobile Banking Expansion:**  This acknowledges the role of mobile banking apps in facilitating these transactions.


**Key Factors Contributing to the Shift:**

* **NepalPay:** The government-backed QR code system, NepalPay, has been a primary driver.
* **Mobile Phone Penetration:** Nepal has high mobile phone penetration rates, making digital payment options accessible to a large portion of the population.
* **Government Initiatives:** The government has actively promoted digital payments through various campaigns and incentives.


Do you want me to elaborate on any specific aspect of this shift, such as:

*   The history of NepalPay?
*   The challenges and opportunities of this revolution?
*   The impact on specific sectors like tourism?"
TEC036,English,What is the name of the government's unified digital service mobile application launched to provide citizen services?,Nagarik App,"The government's unified digital service mobile application is called **Aapada Cell**.

While it offers a range of services, including disaster-related information and assistance, it's essentially a central hub for accessing government services through a mobile app.

You can find more information here: [https://aapada.gov.in/](https://aapada.gov.in/)"
TEC037,English,What is the name of Nepal's national identity card project intended to enable digital identity verification?,National Identity Card (NID),"The name of Nepal’s national identity card project intended to enable digital identity verification is **NFNIDA – National Federation of Citizen Identity Card Database**.

You can find more information about it here: [https://www.nfnida.gov.np/](https://www.nfnida.gov.np/)"
TEC038,English,Which government body oversees Nepal's e-governance initiatives and IT policy?,Ministry of Communication and Information Technology,"The primary government body overseeing Nepal's e-governance initiatives and IT policy is the **Ministry of Communication and Information Technology (MoCIT)**.

Here's a breakdown of their role and related bodies:

* **Ministry of Communication and Information Technology (MoCIT):** This is the lead ministry responsible for developing and implementing Nepal's IT policy, e-governance strategy, and overall digital transformation efforts. They are the key driver behind initiatives like the Digital Nepal Framework. You can find more information on their website: [https://mocit.gov.np/](https://mocit.gov.np/)

* **National Information and Technology Centre (NITC):**  The NITC acts as the technical arm of the MoCIT. They are responsible for:
    *  Implementing and managing e-governance projects.
    *  Providing technical support and training.
    *  Developing and maintaining IT infrastructure.
    *  Conducting research and development in IT.


* **Digital Infrastructure Development Fund (DIDF):**  This is a government-established fund that finances e-governance projects and IT infrastructure development. The MoCIT plays a crucial role in overseeing the DIDF.


**In short, MoCIT is the overarching authority, with NITC providing the technical implementation and the DIDF providing the financial resources.**

Do you want to know more about a specific aspect of Nepal's e-governance, such as a particular project or policy?"
TEC039,English,What system allows Nepali citizens to apply for passports online before in-person biometric verification?,Online passport application system,"The system that allows Nepali citizens to apply for passports online before in-person biometric verification is called **Nepadot**.

Here's a breakdown of how Nepadot works:

* **Online Application:** Citizens can complete their passport application form entirely online through the Nepadot portal: [https://nepadot.gov.np/](https://nepadot.gov.np/)
* **Document Upload:**  You scan and upload the required documents digitally – including your citizenship certificate, photo, address proof, and other relevant papers.
* **Biometric Verification (Offline):**  Once the application is submitted online, you don’t go to the passport office immediately. Instead, you schedule a biometric verification appointment at a designated office.  During this appointment, your fingerprints and photograph are scanned.  Crucially, *you don't need to wait for the results of the biometric scan*.
* **Processing:** The scanned biometric data is then transmitted to the central processing unit, speeding up the overall passport issuance process.
* **Issuance:** Your passport is printed and delivered to your specified address.


**Key features of Nepadot:**

* **Reduced Queue Times:** Significantly reduces the time spent waiting in long queues at the passport office.
* **Convenience:** Allows you to complete the application from anywhere with an internet connection.
* **Faster Processing:** The online biometric verification system streamlines the process, leading to faster passport issuance.

**Resources:**

* **Official Nepadot Website:** [https://nepadot.gov.np/](https://nepadot.gov.np/)
* **Ministry of Foreign Affairs, Nepal:** [https://mofa.gov.np/](https://mofa.gov.np/) (Look for the “Passports” section)

Do you want to know anything specific about the Nepadot system, such as:

*   The required documents?
*   How to schedule a biometric verification appointment?
*   Fees involved?"
TEC040,English,"Which government commission oversees voter registration and elections in Nepal, increasingly using digital voter rolls?",Election Commission of Nepal,"The government commission overseeing voter registration and elections in Nepal is the **Election Commission of Nepal (ECN)**.

They are indeed making a significant push towards digital voter rolls and have been implementing various digital initiatives to improve the efficiency and transparency of the electoral process. This includes a national identification system (NID) which is now heavily integrated with the voter roll.

You can find more information on their website: [https://www.ecn.gov.np/](https://www.ecn.gov.np/)

Do you want to know more about a specific aspect of the ECN's work, such as their digital voter roll initiatives or recent election results?"
TEC041,English,What is the name of Nepal's e-governance master plan aimed at digitizing government services?,Digital Nepal Framework,"Nepal's e-governance master plan is called **Digital Nepal Framework (DNF)**. 

It's a national strategy launched in 2017 with the ambitious goal of transforming Nepal into a digital nation by 2025. 

You can find more information about it here: [https://dnetop.gov.np/en/](https://dnetop.gov.np/en/)"
TEC042,English,In which year was the Digital Nepal Framework officially launched?,2019,"The Digital Nepal Framework was officially launched in **2017**. 

You can find more information about it on the official website: [https://www.digitalnepal.gov.np/](https://www.digitalnepal.gov.np/)"
TEC043,English,Which government office is responsible for maintaining Nepal's civil registration and vital digital records?,Department of National ID and Civil Registration,"The government office responsible for maintaining Nepal’s civil registration and vital digital records is the **Central Bureau of Statistics (CBS)**.

Specifically, the CBS operates through the **National Registration System (NRS)**, which is the system for civil registration and vital statistics in Nepal. They are tasked with collecting, compiling, and disseminating data related to births, deaths, marriages, and other vital events.

You can find more information on their website: [https://www.cbs.gov.np/](https://www.cbs.gov.np/)"
TEC044,English,What is the name of the government office responsible for online company registration in Nepal?,Office of the Company Registrar (OCR),"The government office responsible for online company registration in Nepal is the **Company Registry (Registrar of Companies)** under the **Ministry of Law, Justice & Company Affairs (MoLJA)**.

You can find more information and access their online portal here: [https://www.molja.gov.np/roc/](https://www.molja.gov.np/roc/)

They operate through their online portal, **RoC Online**, for most registration processes."
TEC045,English,Which government system allows Nepali taxpayers to file tax returns electronically?,Inland Revenue Department's e-filing system,"The Nepali government system that allows taxpayers to file tax returns electronically is the **Nepal Revenue Authority (NRA) Online Service Portal**.

Here's a breakdown of how it works:

* **NRA Online Service Portal:** This is the primary platform. Taxpayers can register, access various services, and file their tax returns online through this portal: [https://online.nra.gov.np/](https://online.nra.gov.np/)

* **e-Filing:** The core functionality is ""e-Filing,"" which allows individuals and businesses to digitally submit their income tax returns.

* **Integration with Banks:** The NRA has integrated with major commercial banks in Nepal, allowing taxpayers to make online payments for their taxes directly through their bank accounts while filing.


**Key Features of the System:**

* **Registration:** Taxpayers need to register on the NRA Online Service Portal.
* **Digital Signature:**  A digital signature is required for filing tax returns.
* **Multi-Language Support:** The portal offers support in Nepali and English.
* **Guidance & Support:** The NRA provides various online resources and support materials to guide taxpayers through the process.



**Therefore, the answer is the Nepal Revenue Authority (NRA) and its Online Service Portal.**

Do you want me to provide more details about:

*   The registration process?
*   The types of taxes that can be filed online?
*   How to obtain a digital signature?"
TEC046,English,What term is often informally used to describe Kathmandu's growing cluster of software companies and IT startups?,IT hub,"The term most often informally used to describe Kathmandu's growing cluster of software companies and IT startups is **Silicon Valley of the Himalayas** or simply **Silicon Himalayas**. 

It’s a playful and evocative nickname referencing the well-known tech hub in California, highlighting the ambition and aspirations of Nepal’s burgeoning tech sector.

While other terms like ""Tech Valley"" are sometimes used, ""Silicon Himalayas"" is by far the most prevalent and recognizable."
TEC047,English,Which government-supported facility near Banepa was established to promote Nepal's IT industry and outsourcing?,Nepal IT Park (Banepa),"The government-supported facility near Banepa established to promote Nepal’s IT industry and outsourcing is the **Nepal Software Technology Park (NSTP) – Banepa**.

Here's what's important to know about it:

*   **Established by:** The Ministry of Communications and Information Technology (MoCIT) of Nepal.
*   **Purpose:** To provide a conducive environment for IT companies, particularly startups and SMEs, to develop and operate.
*   **Location:** Banepa, Nuwakot District – strategically located in a less-developed region of Nepal to foster economic diversification.
*   **Key Features:** Offers subsidized rental rates, technical support, training programs, and networking opportunities for its tenants.

You can find more information on their official website: [https://nstp.gov.np/banepa/](https://nstp.gov.np/banepa/)

"
TEC052,English,"Which university, through its engineering institute, was among the first to offer a formal computer science/IT degree program in Nepal?",Tribhuvan University (Institute of Engineering),"The University of Nepal's Institute of Engineering (IoE) was the first to offer a formal Computer Science/IT degree program in Nepal. 

Here's the breakdown of why:

* **1995:** The University of Nepal's IoE launched its Bachelor of Science in Computer Science and Information Technology program in 1995. This is widely recognized as the genesis of dedicated Computer Science education in Nepal.

While other institutions may have offered introductory computer courses or related training, the University of Nepal’s IoE was the *first* to offer a full, structured degree program in Computer Science/IT.

**Resources for further information:**

*   **University of Nepal - IoE Website:** [https://ioe.unu.edu.np/](https://ioe.unu.edu.np/) (While the website might need updating, it confirms the historical significance)
*   **Nepal Tech Blog (Archive):** [https://nepaltechblog.blogspot.com/2016/07/university-of-nepal-introduces.html](https://nepaltechblog.blogspot.com/2016/07/university-of-nepal-introduces.html) (This blog post highlights the 1995 launch)


Do you want to know anything more about the program's development or the early history of computer science in Nepal?"
TEC053,English,What percentage share of Nepal's total export earnings is the IT/software service sector broadly cited as representing?,A small but steadily growing share (specific percentage varies by year),"According to various reports and analyses, the IT/software service sector represents **around 25-30%** of Nepal's total export earnings. 

Here's a breakdown of the figures and sources:

* **Nepal Rastra Bank (Central Bank):**  In recent years, NRB data consistently shows IT services as contributing roughly **28-30%** of Nepal's total export revenue. This figure fluctuates slightly depending on the reporting period.
* **Ministry of Communications and Information Technology (MCIIT):**  The MCIIT often cites figures around **25-28%** as a key target and a significant contributor to the country’s economy.
* **World Bank & Other Development Agencies:** Analyses conducted by organizations like the World Bank and USAID often corroborate these figures, estimating the sector's contribution to be in the **25-30% range.**

**Key Considerations & Caveats:**

* **Data Collection Challenges:**  Collecting precise data on IT exports in Nepal is challenging due to the informal nature of many operations and difficulties in tracking revenue accurately.
* **Growth Potential:** The sector is experiencing significant growth, with projections suggesting its contribution could increase to 40-50% in the coming years.
* **Dominance of Outsourcing:**  Almost all of Nepal’s IT exports are focused on outsourcing services—primarily software development, web development, and call center operations—to companies based in the US, Europe, and Australia.



**Therefore, a reasonable estimate is that the IT/software service sector accounts for approximately 25-30% of Nepal's total export earnings.**  I recommend checking the latest reports from Nepal Rastra Bank and the MCIIT for the most up-to-date figures.

You can find relevant data and reports here:

* **Nepal Rastra Bank (Central Bank):** [https://www.nbn.gov.np/](https://www.nbn.gov.np/) (Look for their annual reports and statistical data)
* **Ministry of Communications and Information Technology (MCIIT):** [https://mciit.gov.np/](https://mciit.gov.np/)
* **World Bank:** [https://data.worldbank.org/country/NP](https://data.worldbank.org/country/NP) (Search for data related to IT exports)

Would you like me to delve deeper into any specific aspect of this topic, such as:

*   The types of services exported?
*   The key countries receiving these exports?
*   The growth trends of the sector?"
TEC054,English,Name one well-known Nepali IT/software company recognized for outsourcing or fintech services internationally.,F1Soft International,"One well-known Nepali IT/software company recognized for outsourcing and fintech services internationally is **AppInventors**.

They've been operating for over 18 years and are particularly known for their work in:

*   **Mobile App Development:** They have a significant international client base developing apps for various industries.
*   **Fintech Solutions:** They've been involved in developing banking and financial technology solutions for companies globally.
*   **Outsourcing Services:** They offer a wide range of IT outsourcing services to businesses worldwide.


You can find more information on their website: [https://www.appinventors.com/](https://www.appinventors.com/)

While other Nepali IT companies exist, AppInventors is arguably the most widely recognized internationally for its services in these sectors."
TEC055,English,What kind of government policy incentives are typically aimed at promoting software and IT service exports in Nepal?,Tax incentives and export promotion schemes for IT/software services,"Okay, let's break down the government policy incentives aimed at promoting software and IT service exports in Nepal. It's a relatively nascent sector, so the incentives are still developing and not always robust, but here's a breakdown of what's in place, categorized for clarity:

**1. Tax Incentives & Duty Benefits:**

* **Income Tax Holiday:** This is a cornerstone of the incentives. Companies involved in IT services (software development, IT consulting, BPO, etc.) and software exports often qualify for a 10-20 year income tax holiday. This significantly reduces the initial tax burden, making it easier to attract investment and build a competitive edge.
* **Reduced VAT on Export Services:** Nepal’s Value Added Tax (VAT) system includes a reduced rate for exports, including IT services.  This is intended to make Nepali IT services more competitive on the international market.
* **Customs Duty Exemption on Imports:**  Companies engaged in IT exports are eligible for exemptions on import duties for specific equipment, software licenses, and other necessary hardware and software. This helps reduce the upfront cost of setting up an export-oriented operation.
* **Tax Rebates on R&D:** There are incentives to encourage Research and Development (R&D) in the IT sector, including potential tax rebates on R&D expenditure. (Implementation can be complex, however).


**2. Financial Support & Grants:**

* **Prime Minister Startup Fund:** While broad in scope, this fund sometimes allocates support to startups in the IT sector, focusing on innovation and technology-based ventures.  Access can be challenging.
* **Small and Medium Enterprise (SME) Development Fund:** This fund provides loans and grants to SMEs, including IT companies, with favorable interest rates and repayment terms.
* **Investment Facility (IFC):** The Investment Facility provides financial support to investment projects, including IT ventures, with the aim of attracting foreign and domestic investment.
* **Grant Schemes (Limited):** Occasionally, the government announces small grant schemes targeted at specific IT initiatives, particularly those related to digital skills development or innovation. These are often project-based and have limited funding.

**3. Regulatory & Administrative Support:**

* **Nepal Investment Board (NIB) Streamlining:** The NIB plays a key role in facilitating investment and has been actively working to streamline the approval processes for IT companies seeking to establish export operations.
* **One-Stop Service Center:**  The government has established a ""One-Stop Service Center"" to reduce bureaucratic hurdles for investors, including IT companies, simplifying the process of obtaining necessary permits and licenses.  Effectiveness varies.
* **Export Promotion Agency (EPA) Support:** The Nepal EPA (formerly the Trade Development Authority of Nepal - TDAN) provides guidance, market research, and trade facilitation services to Nepali IT companies seeking to export their services.  They also run events and trade fairs.
* **Special Economic Zones (SEZs):** The government is promoting the establishment of Special Economic Zones (SEZs) with specific incentives for IT and technology businesses, aiming to attract investment and create a conducive environment for export-oriented operations. However, progress has been slow.
* **Digital Nepal Framework:** This national digital transformation plan aims to promote the IT sector by enhancing digital infrastructure, developing digital skills, and fostering innovation.

**4. Skill Development & Human Resource Incentives:**

* **Digital Education Program:** The government is investing in digital literacy programs and skills development initiatives to increase the supply of skilled IT professionals.
* **Scholarships & Training Programs:** Various scholarships and training programs are available for Nepali students to pursue IT-related studies abroad or domestically, leading to a more globally-competitive workforce.
* **Incentives for IT Training Institutions:**  Government sometimes provides support to IT training institutions to enhance their curriculum and facilities.


**Challenges & Limitations:**

* **Implementation Gaps:** A significant challenge is the slow implementation of many of these incentives. Bureaucracy, lack of awareness, and inadequate enforcement contribute to delays and uncertainty.
* **Lack of Infrastructure:**  Reliable internet connectivity and adequate office spaces remain significant constraints for IT companies.
* **Skills Gap:** While efforts are being made to develop IT skills, a persistent skills gap exists, particularly in specialized areas like cybersecurity, AI, and cloud computing.
* **Limited Export Market Diversification:**  Nepal's IT exports are heavily reliant on the US and Europe, making the sector vulnerable to economic fluctuations in those markets.

**Resources for Further Information:**

* **Nepal Investment Board (NIB):** [https://nib.gov.np/](https://nib.gov.np/)
* **Nepal EPA (Trade Development Authority of Nepal - TDAN):** [https://tdan.gov.np/](https://tdan.gov.np/)
* **Ministry of Communications and Information Technology (MCIT):** [https://mcit.gov.np/](https://mcit.gov.np/)

**Disclaimer:** *Policies can change. It is crucial to consult the latest official government publications and resources for the most up-to-date information.*

Do you want me to delve deeper into a specific aspect of these incentives, such as:

*   A particular tax benefit?
*   The role of the NIB?
*   Specific challenges facing the sector?"
TEC056,English,Which government institution is historically credited with bringing one of the first computers into Nepal for statistical purposes?,Central Bureau of Statistics (now National Statistics Office),"The **Nepal Government Statistical Office (NGSO)** is historically credited with bringing one of the first computers into Nepal for statistical purposes.

Here’s the breakdown:

* **1970s – Early 1980s:** The NGSO, under the leadership of individuals like Mr. Hari Bahadur Thapa, secured a grant from the United Nations Development Programme (UNDP) to purchase a **Data General IV** computer. This was a significant event, as Nepal was largely reliant on manual data collection and tabulation at the time.
* **Purpose:** The computer was primarily used for demographic surveys and statistical analysis, specifically for the 1981 Population and Housing Census.
* **Impact:**  This was a groundbreaking step that dramatically reduced the time and effort required for statistical work, allowing for more frequent and detailed data collection and analysis.  It laid the foundation for the development of Nepal's statistical system.


**Key Resources for Further Information:**

* **UNICEF Nepal:** [https://www.unicef.org/npl/statistics/](https://www.unicef.org/npl/statistics/) (Provides historical context on the early development of the statistical system)
* **Wikipedia - Nepal Census:** [https://en.wikipedia.org/wiki/Nepal_Census](https://en.wikipedia.org/wiki/Nepal_Census) (Details on the 1981 census and its reliance on the computer.)



Do you want to know more about the specific impact of this computer or the subsequent evolution of statistics in Nepal?"
TEC057,English,"What was the primary use of Nepal's earliest government computers, introduced in the mid-20th century?",Census and statistical data processing,"The primary use of Nepal's earliest government computers, introduced in the mid-20th century (specifically in the 1960s and 70s), was **census tabulation**. 

Here's a breakdown of why and the context:

* **British Legacy & Initial Systems:** Following Nepal’s transition to independence in 1947, the nascent government inherited some British-era administrative machinery, including limited computing capabilities. Early efforts focused on digitizing data from the annual census.
* **Punch Card Systems:** The computers were largely based on punch card systems – a common technology at the time. Data from the census, collected by enumerators, was input onto punch cards, which were then read by the machines to calculate totals and produce reports.
* **Focus on National Planning:** The goal was to improve national planning and resource allocation by having accurate, computerized data on population distribution.
* **Limited Scope:** It's crucial to note that these systems were extremely basic by today's standards. They weren't used for complex data analysis or sophisticated modeling. They primarily served the crucial task of quickly and accurately summarizing census data.


**Sources:**

* **The Kathmandu Post:** [https://kathmandupost.com/2018/08/14/nepal-recounts-its-early-computing-adventure](https://kathmandupost.com/2018/08/14/nepal-recounts-its-early-computing-adventure) – This article provides a good overview of the history.
* **Various Academic Papers & Articles:** Searching for “Nepal Census Computer System” or “Early Computing Nepal” will yield several research papers documenting this period.


Do you want me to delve into any specific aspect of this, such as the types of computers used, the challenges faced, or the impact of this early adoption on Nepal’s development?"
TEC058,English,What general term was used in Nepal during the 1990s for public shared-computer/internet access points?,Cyber café,"During the 1990s in Nepal, the general term used for public shared-computer/internet access points was **""Cyber Cafe""**.

While the concept existed before, it was during this decade that Cyber Cafes (often simply called ""Cyber Cafe"") started to proliferate, primarily in Kathmandu and Pokhara, offering dial-up internet access to the public. They were a relatively new phenomenon and a key entry point to the internet for many Nepalis at the time.

Other terms might have been used colloquially, but ""Cyber Cafe"" was the standard and recognized term."
TEC059,English,Which institute under Tribhuvan University played a key role in formally expanding computing/engineering education in Nepal?,Institute of Engineering (IOE),"The **Institute of Engineering (IoE), Tribhuvan University** played a *pivotal* and arguably *key* role in formally expanding computing and engineering education in Nepal. Here's a breakdown of why:

* **First Computer Science Program:** IoE was the first institute in Nepal to formally establish and offer a Bachelor of Science in Computer Science (B.Sc. CS) degree. This started in **1994**. Prior to this, computing education was largely informal, consisting of vocational training and limited courses offered by a few smaller institutions.

* **Establishing the Foundation:** The creation of the B.Sc. CS program under IoE laid the very foundation for a dedicated field of study within Nepal’s higher education system. It defined the curriculum, standards, and methodology for teaching and research in computer science.

* **Expansion Over Time:** Following the success of the B.Sc. CS program, IoE subsequently introduced related programs like:
    * Master of Science in Information Technology (M.Sc. IT)
    * Master of Science in Software Engineering (M.Sc. SE)
    * Bachelor of Engineering in Information and Communication Technology (BE ICT)

* **Infrastructure & Faculty:**  IoE invested in necessary infrastructure (computers, labs) and, crucially, developed a skilled faculty through both domestic and international collaborations.

* **National Leadership:** IoE has consistently been at the forefront of promoting engineering and computing education across Nepal, influencing the development of curriculum and standards for other engineering disciplines within Tribhuvan University.


**Other Institutions:** While other institutions have contributed to the growth of tech education in Nepal (like Kathmandu Engineering College - KEC), IoE’s pioneering role in formally establishing a dedicated Computer Science program is undeniably the most significant.

**Resources for Further Reading:**

*   [Tribhuvan University Institute of Engineering - History](https://ioe.tu.edu.np/history/) - This provides an overview of the Institute's development and key programs.
*   [The Himalayan Times - Remembering the 1994 CS program](https://thehimalayantimes.com/city-life/2014-05-16/remembering-1994-cs-program) - A news article detailing the historical significance of the first CS program.



Do you want me to delve deeper into a specific aspect, such as:

*   The early challenges faced in establishing the program?
*   The role of international collaborations?
*   The evolution of the curriculum over time?"
TEC060,English,"In Nepal's early IT commercialization period, what were shared public computer access shops commonly used for, besides browsing?",Email access and basic computer/typing training,"During Nepal’s early IT commercialization period (roughly the late 1990s and early 2000s), shared public computer access shops, often called “computer parlors” or “internet cafes,” were *far* more than just places for browsing. They were incredibly vital hubs for a range of activities, largely driven by limited access to computers and the internet at home. Here's a breakdown of what they were commonly used for, beyond just browsing:

**1. Basic Office Tasks & Document Creation:**

* **Word Processing & Spreadsheets:** This was *by far* the most common usage. Many Nepali entrepreneurs, small business owners, and even students relied on the shops to create basic documents, spreadsheets for tracking income, and simple business plans. The cost of using a computer for a few hours was significantly cheaper than buying one.
* **Printing:**  The printers in these shops were essential. People used them for printing resumes, letters, invoices, small marketing materials, and even copying documents.
* **Data Entry:** Some shops took on data entry jobs for businesses – entering data from paper ledgers into spreadsheets.


**2. Communication & Information Gathering:**

* **Email:**  While ""browsing"" was a factor, the core usage was for sending and receiving emails. This was critical for businesses connecting with suppliers and customers abroad.
* **Information Retrieval:** Before Google was prevalent, these shops were the primary gateway to information.  People used them to access websites of embassies, banks, and foreign organizations to get information.  They’d also use them to look up addresses and contact details.
* **News Access:**  Accessing international news sites (CNN, BBC, etc.) was a relatively common activity.


**3. Education & Skill Development (Limited):**

* **Tutorials & Research (Early Stages):**  As internet access slowly increased, some students used them to access basic tutorials and do some early research – often via USENET or rudimentary online courses.
* **Learning Basic Computer Skills:** People who had never used a computer before would often go to these shops to learn basic skills like typing, using a mouse, and navigating a basic operating system.

**4. Business & Financial Activities:**

* **Banking Transactions (Limited):** Some larger shops offered basic banking services like money transfers, which was especially important for businesses operating internationally.
* **Business Research:** Entrepreneurs would research markets, competitors, and potential export opportunities.


**5. Social & Leisure (Nascent):**

* **Instant Messaging:** As instant messaging services like Yahoo Messenger gained popularity, shops became places where people would connect with friends and family abroad.
* **Simple Games:**  Basic, text-based games were sometimes played.



**Key Factors Shaping Usage:**

* **Limited Home Computer Ownership:**  Computers were incredibly expensive and rare in Nepal at this time. The majority of the population did not own a computer.
* **Internet Accessibility:**  Internet connectivity was slow, expensive, and unreliable – typically dial-up, and access was concentrated in Kathmandu and Pokhara.
* **Social Hubs:** The shops themselves often became social hubs, offering a place for people to connect and interact, particularly for those who were isolated.

**In short, shared computer access shops in Nepal during this period were essentially “digital access points” that enabled a wide range of activities beyond simple web browsing, playing a crucial role in the nascent stages of Nepal’s IT sector and economic development.**

Resources that provide more context:

* **The Kathmandu Post Archive:** [https://kathmandupost.com/2018/03/22/internet-cafe-a-forgotten-chapter-of-nepal-s-digital-transformation](https://kathmandupost.com/2018/03/22/internet-cafe-a-forgotten-chapter-of-nepal-s-digital-transformation)
* **YouTube Video (Documentary Snippets):** [https://m.youtube.com/watch?v=QdG7mR6k4E0](https://m.youtube.com/watch?v=QdG7mR6k4E0) –  (A short documentary showing the reality of the shops).


Do you want me to delve deeper into a specific aspect, such as the impact of these shops on a particular sector (e.g., small businesses, education) or the challenges associated with them?"
TEC061,English,What is the name of Nepal's first satellite launched into space?,NepaliSat-1,"Nepal's first satellite is called **N-MAPS**.

It was launched by SpaceX aboard a Falcon 9 rocket in December 2023. It’s a technology demonstration satellite designed to test technologies for future Nepali satellites and contribute to disaster management and environmental monitoring."
TEC062,English,In which year was NepaliSat-1 launched?,2019,"NepaliSat-1 was launched in **2011**. 

Specifically, it was launched on **June 12, 2011**."
TEC063,English,NepaliSat-1 was developed as part of a joint program involving which Japanese institution?,Kyushu Institute of Technology (Kyutech) - BIRDS project,"NepaliSat-1 was developed as part of a joint program involving the **Japan Aerospace Exploration Agency (JAXA)**. 

JAXA provided significant technical support, including the satellite’s design, manufacturing, and launch assistance, as part of Nepal’s ambitious space program."
TEC064,English,From which platform was NepaliSat-1 deployed into orbit?,International Space Station (ISS),"NepaliSat-1 was deployed into orbit aboard a **Russian Soyuz-2.1B rocket**. 

Specifically, it was launched as a secondary payload on a mission primarily dedicated to launching the Chinese Yaogan-2 series Earth observation satellite.

You can find more detailed information about the launch here: [https://www.nesc.gov.np/nepalisat1/](https://www.nesc.gov.np/nepalisat1/)"
TEC065,English,What type of small satellite classification does NepaliSat-1 belong to?,CubeSat,"NepaliSat-1 belongs to the **Earth Observation** category of small satellites, specifically classified as a **Remote Sensing** satellite. 

Here's a breakdown of why:

* **Primary Mission:** Its main purpose is to monitor water resources, particularly snow cover and glacier mass balance, across the Himalayan region. This falls squarely within the realm of remote sensing.
* **Sensor Type:** It carries a high-resolution camera (a panchromatic camera) designed to capture images of the Earth's surface.
* **Small Satellite Definition:**  It meets the size and weight criteria for a small satellite (under 500 kg).


You can find more detailed information about NepaliSat-1's classification and mission on the official website: [https://www.nepalisat.gov.np/](https://www.nepalisat.gov.np/)"
TEC066,English,What broad term describes Nepal's growing interest in using chatbots and generative AI tools in education and business?,AI adoption / digital transformation,"The broad term that describes Nepal's growing interest in using chatbots and generative AI tools in education and business is **Artificial Intelligence (AI) Adoption** or **AI Integration**.

Here's a breakdown of why this is the best term and some related concepts:

* **AI Adoption:** This is the most straightforward and encompassing term. It simply reflects the increasing efforts to implement and utilize AI technologies.
* **AI Integration:** This emphasizes the process of incorporating AI into existing systems and workflows – in this case, within educational institutions and businesses.

**Other related terms that might be used, but are less precise, include:**

* **Digital Transformation:** While AI is *part* of digital transformation, it's a broader concept encompassing wider changes to operations and processes.
* **Technology Adoption:** This is too general. AI is a specific *type* of technology.


**Key Factors Driving Nepal's Interest:**

* **Government Initiatives:** The Nepali government is actively promoting AI development and adoption through various policies and programs.
* **Economic Opportunities:** Businesses see potential in streamlining operations, improving customer service, and creating new products and services.
* **Educational Reform:**  There’s exploration of using AI for personalized learning, automated grading, and educational content creation.



Do you want me to delve deeper into a specific aspect of this, such as:

*   Specific applications of AI in Nepal (e.g., in healthcare, agriculture, or tourism)?
*   The challenges Nepal faces in adopting AI?"
TEC067,English,Nepal's National AI Policy was approved around which recent year?,2025,"Nepal's National AI Policy was approved in **2020**. 

It was formally launched in December 2020.

You can find more information about the policy here: [https://moic.gov.np/wp-content/uploads/2020/12/National-AI-Policy-Nepal.pdf](https://moic.gov.np/wp-content/uploads/2020/12/National-AI-Policy-Nepal.pdf)"
TEC068,English,Which broad sectors does Nepal's National AI Policy explicitly prioritize for AI development?,"Agriculture, health, education, and disaster management, among others","Nepal's National AI Policy (2020-2025) explicitly prioritizes the following broad sectors for AI development:

1.  **Agriculture:** This is arguably the *most* heavily emphasized sector. The policy aims to utilize AI for precision agriculture, crop yield prediction, disease detection, livestock management, and optimizing farming practices.  There's a strong focus on improving food security and rural livelihoods.

2.  **Health:** AI is seen as critical for improving healthcare accessibility and quality. Key areas include:
    *   Diagnosis and treatment support (AI-powered diagnostic tools)
    *   Drug discovery and development
    *   Telemedicine and remote healthcare
    *   Disease surveillance and outbreak prediction

3.  **Education:** The policy envisions leveraging AI for personalized learning, automated assessment, educational resource development, and improving access to quality education, especially in underserved areas.

4.  **Disaster Management & Climate Change:** Utilizing AI for early warning systems, disaster risk reduction, climate change monitoring and prediction, and adaptation strategies is a significant priority.

5.  **Tourism:**  AI is to be applied for optimizing tourist experiences, developing smart tourism solutions, promoting sustainable tourism, and improving the efficiency of the tourism sector.

6.  **Infrastructure:**  AI’s potential for smart city development, optimizing infrastructure planning, and enhancing resource management is also highlighted.

7.  **Financial Services:**  Although less detailed than the other sectors, there's recognition of AI's role in enhancing financial inclusion, fraud detection, and risk management.



**Important Note:** The policy emphasizes a *holistic* approach, acknowledging that AI development should be intertwined with broader national development goals.  It also stresses the importance of ethical considerations and responsible AI development.

**Where to find the official policy:** You can find the full National AI Policy document here: [https://mof.gov.np/wp-content/uploads/2020/09/National-AI-Policy-2020-2025.pdf](https://mof.gov.np/wp-content/uploads/2020/09/National-AI-Policy-2020-2025.pdf)

Do you want me to delve deeper into a particular sector or aspect of the policy?"
TEC069,English,What is a commonly cited barrier to AI research and deployment specific to Nepal's context?,Limited Nepali-language digital data and infrastructure,"A commonly cited and arguably *the* most significant barrier to AI research and deployment in Nepal is a severe **lack of readily available, high-quality, and labeled data.**

Here's a breakdown of why this is such a critical issue specific to Nepal’s context:

* **Data Scarcity:** Nepal, as a developing nation, simply doesn't generate the massive amounts of data that fuel AI development. Unlike countries like the US, Europe, or even India, there isn't a pervasive culture of data collection or the infrastructure to support it.
* **Data Labeling Challenges:** Even if some data *does* exist (think satellite imagery, sensor data, social media, etc.), it’s often poorly labeled or unlabeled entirely. Labeling data—assigning tags or classifications to it—is a *huge* cost and time investment for AI models, especially for specialized applications.  In Nepal, this is exacerbated by:
    * **Limited Expertise:** There’s a shortage of trained data annotators who can accurately label data for various AI tasks.
    * **Infrastructure Constraints:** Reliable internet connectivity and computing resources are lacking, making it difficult to work with large datasets effectively.
* **Domain-Specific Data Gaps:**  Most of the data that *does* exist is generic. Nepal needs data *specific* to its unique challenges and opportunities:
    * **Agriculture:** Limited data on crop health, irrigation needs, weather patterns, etc.
    * **Healthcare:**  Sparse medical records, lack of diagnostic imagery datasets, and limited data on patient demographics.
    * **Disaster Management:**  Insufficient data on landslide risks, flood patterns, and earthquake damage assessments.
    * **Tourism:** Limited granular data on tourist behavior, preferences, and location data.
* **Socio-Political & Regulatory Hurdles:** This data scarcity then contributes to regulatory and ethical hurdles as AI development becomes reliant on importing or relying on third-party data, raising questions about data ownership, privacy, and potential biases.



**Why this is particularly relevant to Nepal:**

* **Rural Focus:** The vast majority of Nepal's population lives in rural areas with limited infrastructure and connectivity, making data collection even more difficult.
* **Fragile Economy:**  Limited resources make investment in data collection and labeling infrastructure extremely challenging.
* **Digital Divide:**  Low levels of digital literacy and access to technology further restrict data generation and usage.

**Other Barriers (that are often secondary to data):**

While data scarcity is the dominant barrier, other challenges include:

* **Lack of AI Talent:** There’s a shortage of AI researchers and engineers in Nepal.
* **Limited Funding:** Research and development funding for AI is extremely limited.
* **Lack of Awareness:**  A general lack of awareness about the potential of AI.


**Resources for Further Research:**

* **Nepal AI Forum:** [https://nepalai.ai/](https://nepalai.ai/) - A great resource for information on AI initiatives in Nepal.
* **Various academic research papers** focusing on AI applications in Nepal often highlight the data scarcity issue.


Do you want me to delve deeper into a specific aspect of this issue, such as:

*   Potential solutions to the data scarcity problem?
*   Examples of AI applications that *could* be developed in Nepal with more data?"
TEC070,English,"Which type of institutions in Nepal have begun deploying AI-driven chatbots for customer service, according to recent reports?",Banks and financial institutions,"According to recent reports and news articles, several institutions in Nepal have begun deploying AI-driven chatbots for customer service. Here's a breakdown of the key players and what they've been doing:

**1. Nepal Telecom:**

* **Most prominent example:** Nepal Telecom, the national telecom operator, has been the most aggressive and widely reported adopter of AI chatbots.
* **Chatbot Name:** ""NTC Chatbot""
* **Deployment:** They've deployed the chatbot across multiple channels – WhatsApp, Facebook Messenger, and their own website – to handle a wide range of customer queries including bill payments, SIM card upgrades, service issues, and data pack purchases.
* **Focus:** They've been focusing on reducing call center load and providing 24/7 availability.


**2. Ncell:**

* **Pilot Programs:** Ncell, another major telecom operator, is also experimenting with AI chatbots, though on a smaller scale than Nepal Telecom.
* **Use Cases:** They've been piloting chatbots for specific support tasks, primarily focused on billing and basic troubleshooting.

**3. Banks and Financial Institutions (Emerging):**

* **Standard Chartered Nepal:** They have launched a chatbot named “ScotiBank Buddy” to help customers with balance inquiries, transaction details, and basic account information.
* **NIC Asia Bank:**  They have also announced plans and pilot programs for AI-powered chatbots, though specifics of implementation are still developing.
* **Other Banks:** Several other banks, including Everest Bank and Prabhu Bank, are exploring the possibility of implementing chatbots, particularly for routine queries and account management. However, progress is less publicly visible than with Nepal Telecom.



**4. Telecom Regulatory Authority of Nepal (TRAI):**

* **Chatbot for Public Information:** TRAI has implemented a chatbot called ""TRAI Assist"" to provide information about regulations, policies, and services offered by the authority to the public.

**Key Sources & Recent Reports (as of October 26, 2023):**

* **The Himalayan Times:** [https://thehimalayanews.com/business/nepal-telecom-launches-ai-chatbot-nctchatbot/](https://thehimalayanews.com/business/nepal-telecom-launches-ai-chatbot-nctchatbot/) - Provides a detailed overview of Nepal Telecom's implementation.
* **Republica:** [https://republican.com.np/business/ncell-to-roll-out-ai-chatbot-for-customer-support/](https://republican.com.np/business/ncell-to-roll-out-ai-chatbot-for-customer-support/) - Covers Ncell’s plans.
* **Nepal Army Online:** [https://www.nepalarmy.gov.np/index.php/2023/10/23/nepal-army-launches-ai-chatbot-for-information-services/](https://www.nepalarmy.gov.np/index.php/2023/10/23/nepal-army-launches-ai-chatbot-for-information-services/) - Reports on the Nepal Army’s launch of an AI chatbot.


**Important Note:** The landscape is evolving rapidly.  New deployments and pilot programs are likely happening across various sectors in Nepal.  Staying updated with local business news and technology publications will provide the most current information.

Do you want me to delve into any specific aspect, such as:

*   The types of AI technologies being used?
*   The challenges and opportunities associated with this deployment in Nepal?"
MIS001,English,What is unique about the shape of Nepal's national flag compared to all other national flags in the world?,It is the only non-quadrilateral (non-rectangular) national flag in the world,"What makes Nepal's national flag truly unique is its **complex, geometric shape – it’s the *only* national flag in the world that is not symmetrical**. 

Here's a breakdown of what makes it so distinctive:

* **Two Overlapping Diamonds:** The flag consists of two overlapping, black diamonds.
* **Smaller Diamond Within:** Inside each of these larger diamonds is a smaller, red diamond.
* **Concentric Square:**  At the center of the entire flag is a white square.
* **Unusual Angles:** The diamonds aren’t perfectly aligned and aren’t symmetrical. They’re carefully placed at angles to create a specific representation, and the angles themselves are what make it stand out.

**Why is this important?**

The specific angles and placement of the diamonds are deeply symbolic, representing:

* **The Hindu Pantheon:** The larger diamonds represent the Gheeendra (sun) and the Chandra (moon), the two deities considered the supreme gods in Hinduism.
* **The Buddhist Pantheon:** The smaller diamonds represent the Buddha and the bodhisattva.
* **The White Square:**  The central white square represents peace.

**Compared to other flags:**

Almost every other national flag is based on rectangles or squares, and many are symmetrical. Nepal's flag is a completely different beast – a fascinating and intricate design that’s instantly recognizable. 

**Resources for more information:**

* **Wikipedia:** [https://en.wikipedia.org/wiki/Flag_of_Nepal](https://en.wikipedia.org/wiki/Flag_of_Nepal)
* **The Spruce Crafts:** [https://www.thesprucecrafts.com/unique-nepal-flag-design-4161407](https://www.thesprucecrafts.com/unique-nepal-flag-design-4161407)


Do you want to know more about the symbolism behind the flag, or perhaps how it's made?"
MIS002,English,What is Nepal's national bird?,Himalayan monal (Danphe),"Nepal's national bird is the **Danphe** (also known as the Himalayan Monal). 

It’s a stunning bird with vibrant plumage, particularly during the breeding season when males display brilliant reds, blues, and yellows. 

You can find more information about the Danphe here: [https://www.birdlife.org/news/nepal-declares-danphe-national-bird](https://www.birdlife.org/news/nepal-declares-danphe-national-bird)"
MIS015,English,"What theme, reflected in the national anthem's title referencing 'hundreds of flowers,' represents Nepal's cultural composition?",Ethnic and cultural diversity and unity,"The theme reflected in Nepal’s national anthem's title, ""Sayaun Thunga Chayeka"" (सयौं थुँगा छायेक), which translates to ""Hundreds of Flowers,"" powerfully represents Nepal’s incredibly diverse and layered cultural composition. Here's a breakdown of what that theme signifies:

* **Religious Pluralism:** The “hundreds of flowers” are a potent metaphor for the vast array of religions practiced in Nepal.  The anthem explicitly mentions Hinduism, Buddhism, Jainism, and even traces of indigenous faiths. Each religion, like a unique flower, blossoms alongside the others, contributing to the rich tapestry of the nation.

* **Ethnic and Linguistic Diversity:**  Nepal is home to over 120 distinct ethnic groups, each with its own language, customs, and traditions. Just as different flowers have varying colors, shapes, and scents, these groups contribute to the nation’s vibrant diversity. “Thunga” (थुँगा) itself refers to flowers, symbolizing this multiplicity.

* **Historical Layers & Dynasties:** Nepal’s history is marked by the rise and fall of numerous kingdoms and dynasties – the Licchavis, Mallas, Shahs, and more. Each period has left its imprint on the culture, represented here by the flowers blooming across time. 

* **Harmony and Unity:**  Despite this immense diversity, the anthem’s overall tone is one of harmony and unity. The “hundreds of flowers” aren't in competition; they coexist, creating something beautiful and complex.  This reflects the aspiration for Nepal’s diverse peoples to live together in peace and prosperity.


**Significance of the Title:**

The choice of ""Sayaun Thunga Chayeka"" wasn't accidental. It was deliberately chosen by the composer, Bishwa Bandhu Thapa, to embody the core values of Nepal – tolerance, acceptance, and the beauty that arises from diversity.

**In short, the “hundreds of flowers” represent the ideal of Nepal – a nation where differences are celebrated and where multiple cultures and religions intertwine to create a uniquely beautiful and resilient nation.**


Do you want me to delve deeper into any particular aspect of this theme, such as:

*   Specific ethnic groups mentioned in the anthem?
*   The historical context of the anthem’s creation?
*   The symbolism of ‘thunga’ (flowers) in Nepali culture?"
MIS016,English,What is the official calendar system used in Nepal for government and legal purposes?,Bikram Sambat (BS),"The official calendar system used in Nepal for government and legal purposes is the **Nepal Sambat (NS)** calendar, also known as the **New Era Calendar**.

Here's a breakdown of the key details:

* **Origin:** It was officially adopted as the national calendar in 1962.
* **Based on:** It's based on the Hindu Lunar calendar.
* **Starting Point:**  It begins with the Buddha's birth, traditionally believed to have been on August 15, 3102 BCE.  However, the precise starting date is a matter of scholarly debate.
* **Structure:**  A year in the Nepal Sambat calendar is 6,000 years long.  It's divided into 12 months, each with 30 days.  There's an additional 5-day period called “Badal” at the end of the year to adjust for the difference between the lunar and solar years.
* **Current Year:** As of today, November 2, 2023, the Nepal Sambat calendar is in the year **1128**.

**Contrast with the Gregorian Calendar:**

* The Gregorian calendar (the internationally recognized calendar) is used for everyday business, international relations, and tourism.
* The government often converts dates to the Gregorian calendar for official announcements and reporting, but legal and official documents are almost always in Nepal Sambat.


**Resources for Learning More:**

* **Nepal Government Portal:** [https://portal.mof.gov.np/](https://portal.mof.gov.np/) (You'll find date conversions here)
* **Wikipedia - Nepal Sambat:** [https://en.wikipedia.org/wiki/Nepal_Sambat](https://en.wikipedia.org/wiki/Nepal_Sambat)


Do you want to know anything specific about the Nepal Sambat calendar, such as how it’s converted to the Gregorian calendar, or how it’s used in a particular context (e.g., legal proceedings)?"
MIS017,English,In which Gregorian-calendar month does the Nepali New Year typically fall?,Mid-April,"The Nepali New Year (also known as Vishwakali) typically falls in **August**. 

Specifically, it usually occurs between August 12th and August 17th. This is because Nepal uses the Saka calendar alongside the Gregorian calendar, and the New Year is determined by the position of the sun in relation to the constellations."
MIS018,English,What is Nepal's standard time zone offset from UTC?,UTC+5:45,"Nepal’s standard time zone offset from UTC is **+5:45**.

Here’s a breakdown:

*   **Nepal Time (NPT):** This is the official time of Nepal.
*   **UTC Offset:** It is 5 hours and 45 minutes ahead of Coordinated Universal Time (UTC).

You can also refer to this information on various websites like:

*   [Time and Date - Nepal](https://www.timeanddate.com/time/zone/nepal)
*   [Wikipedia - Time in Nepal](https://en.wikipedia.org/wiki/Time_in_Nepal)"
MIS019,English,Why is Nepal's time zone offset unusual compared to most countries?,It uses a 45-minute offset instead of a standard hour-based offset,"You've hit on a fascinating quirk of geography and history! Nepal's time zone offset of +5:45 is indeed unusually large compared to most countries. Here's a breakdown of why it's this way, combining historical, logistical, and astronomical factors:

**1. The Historical Basis - British Surveyors & Calcutta Time:**

* **The British Survey:** In the mid-19th century, the British were surveying Nepal for strategic and administrative reasons. They established the Bengal Survey, which was based in Calcutta (now Kolkata). Calcutta was designated as the primary time zone for India.
* **Calcutta Time (+5½ Hours):** Calcutta’s time zone (+5½ hours) was chosen because it was roughly aligned with the sun's position at noon during the summer solstice. This was a common practice at the time – aligning time with solar observations.

**2. Nepal’s Unique Location & Alignment:**

* **Extreme Eastward Position:** Nepal sits in a remarkably east-southeast position within the Indian subcontinent. This means its sunrise and sunset times are significantly earlier than those in other parts of India.
* **The 'Offset' – A Precise Correction:** To align Nepal's time with the sun's apparent position at noon, the British surveyors had to add a further 55 minutes (+5:45) to Calcutta time. This adjustment was necessary to compensate for the incredibly early sunrises in Nepal.

**3.  Maintaining the System (and Resistance to Change):**

* **Continued Use After Independence:** After Nepal gained independence in 1947, the +5:45 offset was retained. It was a key part of Nepal's timekeeping system.
* **Difficulty of Change:** Changing the time zone was, and still is, a politically sensitive issue.  Modifying it would require a significant change to Nepal's infrastructure, communications, and daily routines, making it a complex undertaking.


**4.  The Astronomical Explanation (More Detail):**

* **Sunrise Calculation:**  Let's look at how this works astronomically. The sun appears to rise at a specific time in Nepal. To match that apparent sunrise with the standardized Calcutta time, you have to “catch up” with that early rising.
* **The 'Catch-Up' Adds Time:** The addition of 5:45 is essentially a correction to bring Nepal’s time into alignment with the sun’s apparent movement.

**Why it's Unusual:**

Most countries align their time zones with their longitude relative to Greenwich Mean Time (GMT) or Coordinated Universal Time (UTC). Nepal's offset is so large because it’s anchored to Calcutta, a point considerably east of Nepal’s longitude.

**Current Status:**

Nepal currently operates on Nepal Standard Time (NST), which is UTC+5:45.

**Resources for Further Reading:**

* **Wikipedia:** [https://en.wikipedia.org/wiki/Time_in_Nepal](https://en.wikipedia.org/wiki/Time_in_Nepal)
* **Time and Date:** [https://www.timeanddate.com/time/zones/nepal](https://www.timeanddate.com/time/zones/nepal)


Do you want to delve deeper into any specific aspect of this, such as:

*   The impact of this offset on Nepal's logistics?
*   How other countries have dealt with similar challenges?
*   The current debate about a potential time zone change?"
MIS025,English,Nepal officially celebrates its New Year holiday according to which calendar system?,Bikram Sambat calendar,"Nepal officially celebrates its New Year holiday according to the **Luni-Solar Hindu Calendar**. 

Specifically, they use the Saka calendar, which is a branch of the Luni-Solar calendar. This calendar is based on the cycles of the moon and the sun, and it’s a significant part of Nepal’s Hindu cultural heritage. 

It’s celebrated on **Jestha Bahik** (usually around June 16th)."
MIS026,English,In which international multi-sport event does Nepal regularly compete alongside other South Asian nations?,South Asian Games (SAG),"Nepal regularly competes in the **South Asian Games (SAG)** alongside Bangladesh, Bhutan, India, Maldives, Pakistan, and Sri Lanka. 

The South Asian Games are a multi-sport event held every six years, organized by the South Asian Federation. It’s the primary event where Nepal consistently competes alongside its regional neighbors."
MIS027,English,In which year did Nepal first participate in the Olympic Games?,1964 (Tokyo),"Nepal first participated in the Olympic Games in **1984**. 

They sent a small team to the Summer Olympics in Los Angeles."
MIS028,English,Nepali Olympic athletes have historically competed most often in which individual/combat sport category?,Taekwondo and boxing (among individual combat sports),"Historically, Nepali Olympic athletes have most often competed in **weightlifting**.

While Nepal has seen athletes excel in other sports like boxing and judo, weightlifting has consistently been their most represented sport at the Olympic Games, with a significant number of athletes participating across various Games. 

You can find detailed statistics on Nepal's Olympic participation here: [https://olympics.com/ioc/countries/nepal](https://olympics.com/ioc/countries/nepal)"
MIS033,English,What is the governing body for cricket in Nepal?,Cricket Association of Nepal (CAN),"The governing body for cricket in Nepal is the **Cricket Association of Nepal (CAN)**. 

You can find more information about them on their official website: [https://cricketnepal.ninja/](https://cricketnepal.ninja/)

Do you want to know anything specific about CAN, like their recent achievements, or the structure of their organization?"
MIS034,English,Nepal's national football team competes in tournaments organized under which continental football confederation?,Asian Football Confederation (AFC),"Nepal's national football team competes in tournaments organized under the **AFC (Asian Football Confederation)**. 

They are a member of the AFC and participate in qualifiers for the Asian Cup and other AFC competitions."
MIS035,English,"What is the name of Nepal's largest multi-purpose sports stadium, located in Kathmandu?",Dasharath Rangasala Stadium,"The name of Nepal’s largest multi-purpose sports stadium in Kathmandu is **ANB Complex**. 

It’s also sometimes referred to as the **National Sports Council Stadium**. 

It’s a hugely significant venue for Nepali sports!"
MIS036,English,How many UNESCO World Heritage Sites does Nepal currently have?,Four,"As of today, November 2, 2023, Nepal has **10** UNESCO World Heritage Sites. 

Here's a list of them:

1.  **Kathmandu Valley - Ancient Cities of Kathmandu, Bhaktapur, and Patan** (a cultural site)
2.  **Lumbini** (a religious site)
3.  **Natural Landscapes of Nepal** (a natural site)
4.  **Chitwan National Park** (a natural site)
5.  **Upper Valley of the Dudh Koshi River** (a cultural and natural site)
6.  **Langtang National Park** (a natural site)
7.  **Poon Hill** (a natural site)
8.  **Budhi Gandaki River Valley** (a cultural and natural site)
9.  **Raju Lehar Waterfall** (a natural site)
10. **Shey Phoksundo National Park** (a natural site)

You can always find the most up-to-date information on the official UNESCO website: [https://whc.unesco.org/](https://whc.unesco.org/)"
MIS037,English,Which UNESCO World Heritage Site in Nepal is recognized as the birthplace of Gautam Buddha?,Lumbini,"The UNESCO World Heritage Site in Nepal recognized as the birthplace of Gautam Buddha is **Lumbini**. 

Lumbini is located near the border with India and contains the Maya Devi Temple, believed to be the site where Buddha was born. It’s a profoundly important pilgrimage site for Buddhists worldwide. 

You can find more information about it here: [https://whc.unesco.org/en/list/335/](https://whc.unesco.org/en/list/335/)"
MIS046,English,Who were the first two climbers to summit Mount Everest?,Edmund Hillary and Tenzing Norgay,"The first two climbers to officially summit Mount Everest were **Sir Edmund Hillary** and **Tenzing Norgay** on **May 29, 1953**. 

Their historic ascent was a landmark achievement in mountaineering and cemented their place in history. 

Would you like to know more about them, their expedition, or the history of Everest?"
MIS047,English,In which year did Hillary and Tenzing Norgay first summit Mount Everest?,1953,"This is a trick question! Hillary and Tenzing Norgay did not summit Mount Everest together. 

*   **Sir Edmund Hillary** and **Tenzing Norgay** were the first people to successfully summit Mount Everest, achieving this feat in **1953**.

It was a monumental achievement, and a significant part of their individual stories."
MIS048,English,In which year did Nepal transition from a monarchy to a federal democratic republic?,2008,"Nepal transitioned from a monarchy to a federal democratic republic in **2008**. 

Specifically, the new constitution was adopted on December 20, 2008, officially ending the monarchy and establishing a republican system."
MIS049,English,In which year was Nepal's current constitution promulgated?,2015,"Nepal's current constitution was promulgated in **2015**. 

It officially came into effect on December 20, 2015, following a lengthy and complex drafting process."
MIS055,English,"What roughly decade-long armed conflict, ending in 2006, significantly affected Nepal's political landscape?",Nepalese Civil War (Maoist insurgency),"The roughly decade-long armed conflict, ending in 2006, that significantly affected Nepal’s political landscape was the **People's War**, led by the Communist Party of Nepal (CPN) Maoist, and subsequently the **Post-Conflict Insurgency** (often referred to as the Maoist Insurgency) which continued after the initial peace agreement. 

Here's a breakdown of why it's relevant:

* **People's War (1996-2006):** This was a communist insurgency aimed at overthrowing the monarchy and establishing a socialist state. It involved widespread violence, human rights abuses, and displacement of millions of people.
* **Post-Conflict Insurgency (2006-2008):**  Even after the Comprehensive Peace Accord was signed in 2006, fighting continued, primarily centered around disarmament and reintegration of Maoist combatants.


**Key Impacts:**

* **End of the Monarchy:** The conflict directly led to the overthrow of the monarchy in 2008.
* **Transition to Republic:** Nepal transitioned to a federal republic.
* **Constitutional Reform:** The prolonged instability fueled a decade-long process of drafting and adopting a new constitution.
* **Political Fragmentation:** The conflict resulted in significant political fragmentation and the rise of various political parties.



Do you want me to elaborate on a specific aspect of this conflict, such as:

*   The key actors involved?
*   The causes of the conflict?
*   The impact on Nepal's economy?"
MIS056,English,"Approximately how many languages are spoken across Nepal, according to national census data?",Over 120 languages,"According to Nepal's 2021 census, there are **124** languages spoken in the country. 

Here's a breakdown, which is a bit complex due to how the census categorized languages:

*   **Mother Tongue:** 62
*   **Second Language:** 53
*   **Third Language or More:** 9

It’s important to note that this number reflects the *diversity* of languages spoken, but doesn't necessarily mean 124 languages are actively and widely used. Many people speak multiple languages, and some are dialects of larger language families.

You can find more detailed information on the government of Nepal's census website: [https://census.gov.np/](https://census.gov.np/)"
MIS057,English,What is the official language of Nepal used for government administration?,Nepali,"The official language of Nepal used for government administration is **Nepali**.

However, it's a complex situation! Here's a breakdown:

* **Nepali (Devanagari Script):** This is the official language used in all government documents, communication, and legal proceedings. It’s based on the Magadhi Prakrit language and is closely related to Hindi.
* **Nepali (International Script):** Alongside the Devanagari script, a Romanized version (International Script) is also used for international communication and some internal government processes.
* **Other Official Languages:** The Constitution of Nepal recognizes **Nepali, Maithili, Nepali, Bodo, Bhojpuri, Tamang, Tharu, and Newari** as official languages. This means they are also used in certain government contexts, particularly at the local level and in areas where these languages are predominantly spoken.

**Therefore, while Nepali is the *primary* and *dominant* language for government administration, the recognition of other languages reflects Nepal’s incredibly diverse linguistic landscape.**

**Key takeaway: Nepali (Devanagari Script) is the language of official government operations.**

You can find more detailed information on the Government of Nepal's website: [https://mofat.gov.np/](https://mofat.gov.np/)"
MIS058,English,"Nepal is often described as a multi-ethnic, multi-lingual, and what other type of society, reflecting its many faith traditions?",Multi-religious,"You've hit on a hugely important aspect of Nepal – its incredibly diverse religious landscape. Beyond being multi-ethnic and multi-lingual, Nepal is undeniably a **multi-faith** society. 

Here’s a breakdown of the key religious aspects, reflecting the complexities you’ve pointed out:

* **Hinduism Dominates, but with Deep Syncretism:** Hinduism is the largest religion in Nepal, largely due to the historical influence of the Rana dynasty and the predominant cultural practices. However, it's not a monolithic Hinduism. It’s characterized by intense *syncretism* – the blending of different religious beliefs and practices. This is *crucial* to understanding Nepal.
* **Buddhism – Particularly Theravada:** Buddhism, particularly Theravada Buddhism (following the original teachings of the Buddha), is deeply ingrained in the country's culture, especially in the Kathmandu Valley and eastern Nepal. Tibetan Buddhism, following the Gelug school, is also a significant force, particularly in areas like Mustang and Dolpo.
* **Indigenous Faiths (Animistic & Pantheistic):**  This is arguably the *most* defining characteristic of Nepal's religious landscape.  Alongside Hinduism and Buddhism, a vast number of indigenous faiths persist, often referred to as *animistic* or *pantheistic*. These faiths believe in spirits residing in natural elements (mountains, rivers, trees), and a general reverence for the divine in everything.  These faiths aren’t necessarily “secret” religions; they're often integrated into daily life and ritual practices alongside Hinduism and Buddhism. Prominent examples include:
    * **Newar Religion:**  Unique to the Kathmandu Valley, this intricate system of beliefs involves a pantheon of deities, elaborate rituals, and a focus on ancestor worship.
    * **Tamang Faith:**  Predominant in the Tamang region, they blend Buddhist and animistic beliefs.
    * **Gurung Faith:**  Similar blending of beliefs, with a strong connection to mountain spirits.
    * **Limbu Faith:** Another indigenous faith with strong ties to the hills.
* **Islam:**  A significant minority, largely concentrated in the southern Terai region. Historically, the Muslim population was largely made up of traders and craftspeople.
* **Christianity:**  A growing minority, primarily in urban areas and some rural regions.
* **Jainism:**  A small but historically significant community, particularly in the pradesh of Pradesh.


**Why this combination is so unique:**

* **Geographical Factors:** Nepal’s diverse topography – towering mountains, fertile valleys, and plains – has historically fostered isolation and the development of distinct cultural and religious practices.
* **Historical Influences:**  The country has been a crossroads for religions for centuries, influenced by Hinduism from India, Buddhism from Tibet, and indigenous faiths.
* **Lack of Centralized Religious Authority:** Unlike many countries with dominant state religions, Nepal has no single, officially recognized religion. This allows for the coexistence and blending of diverse faiths.

**In short, Nepal is a remarkably complex and richly layered society, defined not just by its ethnicities and languages, but by the profound and interwoven tapestry of its faith traditions.**

Do you want me to delve deeper into any specific aspect of Nepal’s religious diversity, such as:

*   Specific indigenous faith practices?
*   The role of faith in Nepali culture and society?
*   The impact of religious syncretism?"
MIS059,English,Which two religions are practiced by the largest proportions of Nepal's population?,Hinduism and Buddhism,"The two religions practiced by the largest proportions of Nepal’s population are:

1.  **Hinduism:** Approximately 81.3%
2.  **Buddhism:** Approximately 11.9%

It’s important to note that Nepal has a unique religious landscape with a significant percentage of the population identifying as having no religion (0.7%).

**Source:** [https://www.censusbureau.gov.np/content/religious-composition-of-nepal](https://www.censusbureau.gov.np/content/religious-composition-of-nepal)"
MIS060,English,In which script is the Nepali language traditionally written?,Devanagari script,"The Nepali language is traditionally written in **Nepali script** (also known as Gaumudi script). 

Here's a breakdown:

* **Nepali Script (Gaumudi):** This is a syllabary script, meaning each symbol represents a syllable. It's derived from the ancient Brahmi script and was specifically adapted for the Nepali language. It's still used for religious texts, historical documents, and in some rural areas.

**However, today, Nepali is overwhelmingly written in the Latin script (Roman script) for official purposes, education, and general use.** The transition to the Latin script is ongoing and largely complete.

**Key takeaway:** While the Nepali script is the traditional form, the Latin script is the dominant form of writing Nepali today. 

Do you want to know more about:

*   The history of the Nepali script?
*   The transition from the Nepali script to the Latin script?
*   Examples of the Nepali script?"
ECO001,Nepali,नेपालको आधिकारिक मुद्रा के हो?,नेपाली रुपैयाँ,"नेपालको आधिकारिक मुद्रा रुपैयाँ (Nepali Rupees) हो। यसलाई 'NPR' ले सार्छ।
"
ECO002,Nepali,नेपाली रुपैयाँको ISO 4217 मुद्रा कोड के हो?,NPR,नेपाली रुपैयाँको ISO 4217 मुद्रा कोड NPR हो।
ECO007,Nepali,नेपाल बैंक लिमिटेड कुन सालमा स्थापना भएको थियो?,सन् १९३७ (वि.सं. १९९४),"नेपाल बैंक लिमिटेड फाल्गाबाहा नगरपालिका, भक्तकञ्चनपर्वतमा १९४६ सालको पौष १६ गते स्थापना भएको थियो।"
ECO008,Nepali,हाल नेपाल राष्ट्र बैंकको स्थापना र कार्यलाई कुन ऐनले नियमन गर्दछ?,"नेपाल राष्ट्र बैंक ऐन, २०५८","हाल नेपाल राष्ट्र बैंकको स्थापना र कार्यलाई मुख्य रूपमा निम्न ऐनहरूले नियमन गर्दछ:

1.  **नेपाल राष्ट्र बैंक ऐ, २०४७:** यो ऐन राष्ट्र बैंकको आधारभूत संरचना, कार्य, जिम्मेवारी र संगठनको खा定 प्रदान गर्दछ।
2.  **मुद्रास्फीति व्यवस्थापन ऐ, २०६३:** यो ऐन मुद्राको मूल्य स्थिरता सुनिश्चित गर्न राष्ट्र बैंकको भूमिका र कार्यहरूलाई नियमन गर्दछ।
3.  **बैंकर्स ऐ, २०६३:** यो ऐन बैंकहरूको परिचालन र व्यवस्थापन सम्बन्धी नियमहरूको व्यवस्था गर्दछ, राष्ट्र बैंक सहित।
4.  **नेपाल राष्ट्र बैंकको वित्तीय कार्यaksanaan ऐ, २०७४:** यस ऐनले राष्ट्र बैंकको वित्तीय कार्यaksanaan सम्बन्धी व्यवस्था गरेको छ।

यसअघिका ऐनहरू जस्तै ‘नेपाल राष्ट्र बैंक ऐ, १९९१’ र ‘बैंकर्स ऐ, १९९१’ पनि अहिले पनि लागू छन्।

यी ऐनहरूले राष्ट्र बैंकको स्थापना, सञ्चालन, वित्तीय प्रणालीको नियमन, मौद्रिक नीति कार्यान्वयन, बैंकहरूको सुपरिवेक्षण र वित्तीय स्थिरता कायम राखेमाथिको भूमिका निर्वाह गर्दछ।"
ECO009,Nepali,नेपाल बैंक लिमिटेड पछि स्थापना भएको पहिलो पूर्ण सरकारी स्वामित्वको व्यावसायिक बैंक कुन हो?,राष्ट्रिय बाणिज्य बैंक,"नेपाल बैंक लिमिटेड पछि स्थापना भएको पहिलो पूर्ण सरकारी स्वामित्वको व्यावसायिक बैंक 'स証 बैंक' (स証 राष्ट्र बैंक) हो। 

नेपाल बैंक लिमिटेड २०४६ साल मा स्थापना भएको थियो, तर स証 बैंक २०५३ साल मा स्थापना भएको थियो। स証 बैंकले व्यावसायिक बैंकिङ सेवा सञ्चालन थालनी गरेको पहिलो बैंक हो।"
ECO010,Nepali,राष्ट्रिय बाणिज्य बैंक कुन सालमा स्थापना भएको थियो?,सन् १९६६ (वि.सं. २०२२),राष्ट्रिय बाणिज्य बैंक ( नेशनल कमर्शियल बैंक )२०४७ साल चैत ११ को मितिले स्थापना भएको थियो।
ECO011,Nepali,"नेपाली रुपैयाँको सबैभन्दा सानो परम्परागत उपएकाइ, जुन रुपैयाँको एक-सयौं भाग हो, के हो?",पैसा,"नेपाली रुपैयाँको सबैभन्दा सानो परम्परागत उपएकाइ ""चाना"" हो। 

एक रुपैयाँलाई १०० पाना बनाउँछ, र एक पानालाई १०० चाना बनाउँछ। त्यसैले, एक चाना भनेको रुपैयाँको एक-सयौं भाग हो।
"
ECO012,Nepali,नेपालमा व्यावसायिक बैंक तथा वित्तीय संस्थाहरूको नियमन कुन सरकारी निकायले गर्दछ?,नेपाल राष्ट्र बैंक,"नेपालमा व्यावसायिक बैंक तथा वित्तीय संस्थाहरूको नियमन नेपाल राष्ट्र बैंक (नेभि) ले गर्दछ। नेभि नेपालको केन्द्रीय बैंक हो र वित्तीय प्रणालीको स्थिरता राखेको छ। यसले बैंकहरू र अन्य वित्तीय संस्थाहरूको परिचालन, लगानी, र जोखिम व्यवस्थापनलाई नियमन गर्दछ। 

नेभिको मुख्य कार्यहरू मध्ये केही यस प्रकार छन्:

*   बैंकहरूको इजाजतनामा दिने र नियमन गर्ने
*   बैंकहरूले कायम गर्ने पूँजीको न्यूनतम स्तर निर्धारण गर्ने
*   बैंकहरूको नाफा र घाटाको निगरानी गर्ने
*   वित्तीय प्रणालीमा स्थिरता कायम राख्ने
*   बैंकहरूबीचको प्रतिस्पर्धालाई नियमन गर्ने

अधिक जानकारीको लागि, तपाईं नेपाल राष्ट्र बैंकको आधिकारिक वेबसाइट ([https://www.nbn.gov.np/](https://www.nbn.gov.np/)) मा जान्न सक्नुहुन्छ।"
ECO013,Nepali,नेपाली रुपैयाँ जनाउन सामान्यतया कुन नेपाली चिन्ह प्रयोग गरिन्छ?,रू,"नेपाली रुपैयाँ जनाउन सामान्यतया कुन नेपाली चिन्ह प्रयोग गरिन्छ?

नेपाली रुपैयाँ जनाउनको लागि प्रयोग हुने मुख्य चिन्हहरू यसहरू हुन्:

*   **ரூ' (Rs)**: यो चिन्हले नेपाली रुपैयाँको संक्षिप्त रूप जनाउँछ। यसलाई 'रू' पनि भनिन्छ।
*   **NPR**: यो अप्सीयनि (ISO) कोड हो, जसले नेपाली रुपैयाँलाई संसारमा जनाउँछ।

उदाहरणको रूपमा:

*   ""लागत: रु' १०००""
*   ""किराया NPR मा रु' ३०००""

यी चिन्हहरू नेपालीमा रुपैयाँको मूल्य बुझ्न र बोल्न सजिलो बनाउँछन्।"
ECO014,Nepali,हाल नेपाल राष्ट्र बैंकले जारी गर्ने सबैभन्दा सानो अंकको नोट कुन हो?,पाँच रुपैयाँको नोट,"हाल नेपाल राष्ट्र बैंकले जारी गर्ने सबैभन्दा सानो अंकको नोट १०० रुपैयाँको हो।
"
ECO015,Nepali,"नेपालको मुद्रा प्रणाली दशमलव प्रणालीमा आधारित छ, एक रुपैयाँ बराबर कति पैसा हुन्छ?",१००,"नेपालको मुद्रा प्रणाली दशमलव प्रणालीमा आधारित छ भन्नाले एक रुपैयाँ बराबर १०० पैसा हुन्छ। 

नेपाली मुद्रामा यस्तो प्रणाली छ:
*   १ रुपैयाँ = १०० पैसा
*   ५ रुपैयाँ = ५०० पैसा
*   १० रुपैयाँ = १००० पैसा
त्यसैले, एक रुपैयाँ बराबर १०० पैसा हुन्छ।"
ECO016,Nepali,नेपालको एकमात्र धितोपत्र बजारको नाम के हो?,नेपाल स्टक एक्सचेन्ज (नेप्से),नेपालको एकमात्र धितोपत्र बजार ‘नेपाल धितोपत्र ब्यापार लिमिटेड’ (nepal stock and security limited- NSSL) हो। यसलाई संक्षेपमा ‘नेप्सेल’ (Nepsel) पनि भनिन्छ।
ECO017,Nepali,नेप्से हालको स्वरूपमा कुन सालमा स्थापना भएको थियो?,सन् १९९३,"नेप्से हालको स्वरूपमा १९५१ साल मा स्थापना भएको थियो। यसमा बैंक, वित्तीय तथा बीमा संस्थाहरूको एकीकृत व्यवस्थापन गर्ने कार्य प्रारम्भ गरिएको थियो।"
ECO018,Nepali,सन् १९७६ मा स्थापना भएको नेप्सेको पूर्ववर्ती संस्था कुन थियो?,धितोपत्र विनिमय केन्द्र,"सन् १९७६ मा स्थापना भएको नेप्सेको पूर्ववर्ती संस्था नेपाल Securities Exchange Limited (NSL) थियो। नेप्से यसको उत्तराधिकारी हो। NSL ले १९७६ मा शेयर बजारको सुरुवात गरेको थियो, तर यसले धेरै समस्याहरूको सामना गर्दा गर्दा नेप्सेको स्थापना भएको थियो।
"
ECO019,Nepali,नेपालमा धितोपत्र बजारको नियमन कुन सरकारी निकायले गर्दछ?,धितोपत्र बोर्ड नेपाल (सेबोन),"नेपालमा धितोपत्र बजारको नियमन नेपाल धितोपत्र बोर्ड (NEPSE) ले गर्दछ। यो बोर्ड दुई मुख्य कार्यहरू सम्पादन गर्दछ:

*   **धितोपत्र बजारको नियमन:** धितोपत्र बजारको कार्यसम्पादन, सुरक्षा र दक्षता सुनिश्चित गर्न नियमहरूको पालना गराउनु।
*   **गुणात्मक नियमन:** विभिन्न वित्तीय संस्था र व्यक्तिहरूको गतिविधि निगरानी र अनुगमन गर्नु।

नेपाल धितोपत्र बोर्डले धितोपत्रको कारोबार, लगानीकर्ता संरक्षण, र बजारको स्थिरताको लागि नियम बनाउँछ र उनका कार्यान्वयन गर्दछ। यसले धितोपत्र बजारको विकास र प्रवर्धन पनि गर्दछ।"
ECO020,Nepali,धितोपत्र बोर्ड नेपाल (सेबोन) कुन सालमा स्थापना भएको थियो?,सन् १९९३,"धितोपत्र बोर्ड नेपाल (सेबोन) चैत ११, २०४८ (सन् २०१९) मा स्थापना भएको थियो। यसले नेपालमा दिगो र पारदर्शी दिगोपत्र प्रणालीको विकास, प्रबर्ति, नियमन तथा समन्वय गरिरहेको छ।"
ECO021,Nepali,नेपाल स्टक एक्सचेन्जको मानक सूचकांकलाई के भनिन्छ?,नेप्से परिसूचक,नेपाल स्टक एक्सचेन्ज (NEPSE) को मानक सूचकांकलाई **NEPSE Index** भनिन्छ। यो सूचकांकले स्टक एक्सचेन्जमा कारोबार हुने विभिन्न कम्पनीको शेयरको औसत मूल्यलाई मापन गर्छ। यसको प्रयोगले शेयर बजारको समग्र प्रदर्शनको जानकारी दिन्छ।
ECO022,Nepali,नेपाल स्टक एक्सचेन्ज भौतिक रूपमा कुन शहरमा अवस्थित छ?,काठमाडौं (सिंहदरबार प्लाजा),नेपाल स्टक एक्सचेन्ज काठमाडौंमा अवस्थित छ। यसको आधिकारिक मुखाडा (Headquarters) थिपाल्डुस्थित कार्यालय सडकमा छ।
ECO023,Nepali,नेप्सेले हाल शेयर किनबेच गर्न कस्तो प्रकारको ट्रेडिङ प्रणाली प्रयोग गर्छ?,पूर्ण स्वचालित अनलाइन कारोबार प्रणाली,"नेप्सेले हाल शेयर किनबेच गर्न मुख्यतया निम्न ट्रेडिङ प्रणाली प्रयोग गर्छ:

*   **ओपन ऑडर (Open Order):** यो सबैभन्दा सामान्य प्रणाली हो। यसमा व्यापारीले आफ्नो इष्टतम मूल्य (यस्तो मूल्यमा किन्न वा बेच्न चाहेको हुन्छ) र मात्रा निर्दिष्ट गरी अर्डर दिन्छन्। नेप्सेले त्यो अर्डर पूरा भएपछि शेयर खरीद वा बेच्छ।
*   **लिमिट ऑडर (Limit Order):** व्यापारीले आफ्नो इष्टतम मूल्यभन्दा माथिको वा तलको मूल्यमा शेयर किन्न वा बेच्न अर्डर दिन्छन्। यसले निश्चित मूल्यमा शेयर खरिद वा विक्री गर्ने अवसर दिन्छ।
*   **मार्केट ऑडर (Market Order):** यस अर्डरमा व्यापारीले अहिले नै उपलब्ध मूल्यमा शेयर किन्न वा बेच्न चाहेको हुन्छ। यो अर्डरले तत्कालै शेयर खरिद वा विक्री गर्छ, तर मूल्यले निर्धारण गर्दछ।
*   **स्टोप्लॉस अर्डर (Stop Loss Order):** यो अर्डरले शेयरको मूल्य निश्चित स्तरमा झूल्यो भने स्वचालित रूपमा बेच्न सInstruct गर्छ। यसले व्यापारीको जोखिम सचेत गराउँछ।
*   **ट्रेलिंग स्टोप्प (Trailing Stop):** यसअर्डरले स्टोप्प्स अर्डरको रूपमा काम गर्दछ, तर शेयरको मूल्य बढ्दा स्वचालित रूपमा अर्डरको मूल्य पनि बढाउँछ।

**डिजिटल ट्रेडिङ प्रणाली:**

नेप्सेले डिजिटल माध्यमबाट ट्रेडिङ गर्नका लागि पनि विभिन्न प्रविधि प्रयोग गर्छ:

*   **नेप्सेमाई (Nepsemai):** यो नेप्सेको आधिकारिक मोबाइल एप हो, जसबाट व्यापारीहरूले अर्डर दिउन र आफ्नो पोर्टफोलियो हेर्न सक्छन्।
*   **नेप्से वेब्याट (Nepse Webat):** यसले व्यापारीहरूलाई वेबसाइट मार्फत ट्रेडिङ गर्न अनुमति दिन्छ।
*   **थर्ड पार्टी ब्रोकरहरू:** नेप्सेले विभिन्न ब्रोकरहरूलाई पनि ट्रेडिङ गर्न अनुमति दिएको छ, जसले व्यापारीहरूलाई ट्रेडिङमा मद्दत गर्छन्।

यी प्रणालीहरूले नेप्सेको ट्रेडिङ प्रक्रियालाई व्यवस्थित र कुशलतापूर्वक चलाउन मद्दत गर्छन्।"
ECO024,Nepali,नेप्सेमा सूचीकृत कम्पनीहरूको संख्यामा परम्परागत रूपमा कुन क्षेत्रको बाहुल्य छ?,बैंक तथा वित्तीय क्षेत्र,"नेप्सेमा (NEPSE) मा सूचीकृत कम्पनीहरूको संख्यामा परम्परागत रूपमा वित्तीय क्षेत्रको बाहुल्य रहेको छ। 

२०७९ पुस मसान्त सम्ममा, नेप्सेमा मा सूचीकृत कुल ३४४ कम्पनीमध्ये, वित्तीय क्षेत्रमा १२० कम्पनी रहेका छन्। त्यसपछि ऊर्जा र विकास बैंक क्षेत्र क्रमशः ९० र ७० कम्पनीको संख्यामा छन्। अन्य क्षेत्रहरूमा भने धेरै कम्पनी छैनन्।

यो तथ्याङ्कले नेप्सेमा मा वित्तीय क्षेत्रको प्रभुत्व रहेको स्पष्ट रूपमा देखाउँछ।"
ECO025,Nepali,नेप्से कारोबारमा प्रयोग हुने एक शेयर एकाइको अनौपचारिक नेपाली शब्द के हो?,कित्ता,"नेप्से कारोबारमा प्रयोग हुने एक शेयर एकाइलाई अनौपचारिक रूपमा 'इकाई' वा 'स्टक' भनिन्छ। धेरैजसो व्यापारी र लगानीकर्ताहरू यसलाई 'इकाई' भन्ने कुरालाई नै प्रयोग गर्छन्। 'स्टक' पनि कहिलेकाँही प्रयोग हुन्छ, तर 'इकाई' बढी प्रचलित छ।"
ECO026,Nepali,नेपालको जीडीपीलाई सामान्यतया कुन तीन फराकिला क्षेत्रमा विभाजन गरिन्छ?,"कृषि, उद्योग, र सेवा","नेपालको जीडीपीलाई सामान्यतया तीन प्रमुख फराकिला क्षेत्रमा विभाजन गरिन्छ:

1.  **सेवा क्षेत्र (Service Sector):** यस क्षेत्रमा जस्तो कि वित्त, बीमा, सञ्चार, पत्राचार, यातायात, पर्यटन, सूचना प्रज्ञापक प्रविधि (Information Technology), र शिक्षा तथा स्वास्थ्य सेवा पर्दछ। नेपालको जीडीपीको दोस्रो भन्दा ठूलो भाग यो क्षेत्रले ओगराउँछ।

2.  **उद्योग क्षेत्र (Industrial Sector):** यसमा कृषि प्रशोधन उद्योग, जलविद्युत्, कूटनीति, र निर्माण कार्यहरू समावेश छन्। यो क्षेत्र जीडीपीको लगभग २०% प्रतिनिधित्व गर्छ।

3.  **कृषि क्षेत्र (Agricultural Sector):** यस क्षेत्रले जीडीपीको लगभग २०% योगदान गर्छ। कृषि क्षेत्रमा धान, गहुँ, दाल, फलफूल, र हरियोभोज्य बाली लगायतका उत्पादनहरू समावेश छन्।

यी तीनवटै क्षेत्र नेपालको आर्थिक विकासमा महत्वपूर्ण भूमिका खेल्छन्।"
ECO027,Nepali,नेपालको श्रमशक्तिको सबैभन्दा ठूलो हिस्सा कुन क्षेत्रमा कार्यरत छ?,कृषि,"नेपालको श्रमशक्तिको सबैभन्दा ठूलो हिस्सा कृषि क्षेत्रमा कार्यरत छ। कृषि क्षेत्रले कुल रोजगारको ४८.१ प्रतिशत प्रतिनिधित्व गर्छ। यस क्षेत्रमा किसानलगायत कृषि श्रमिकहरू पर्दछन्। 

त्यसपछि, उद्योग, वाणिज्य रसेवा क्षेत्र क्रमशः २७.५ प्रतिशत र १२.४ प्रतिशतले रोजगारमा रहेका छन्। अन्य क्षेत्रहरू जस्तै मत्स्य, पर्यटन, र पूर्वाधार क्षेत्र पनि श्रमशक्तिको एक हिस्सा हुन्।"
ECO028,Nepali,संयुक्त राष्ट्रसंघले नेपालको आर्थिक विकास स्थितिका लागि परम्परागत रूपमा कुन वर्गीकरण प्रयोग गर्दै आएको छ?,अति कम विकसित मुलुक (एलडीसी),"संयुक्त राष्ट्रसंघले नेपालको आर्थिक विकास स्थितिका लागि परम्परागत रूपमा विकासको सूचकहरू (Development Indicators) प्रयोग गर्दछ। यी सूचकहरूलाई आधारभूत वर्गीकरणमा निम्न अनुसार विभाजन गरिन्छ:

**१. मानव विकास सूचकाङ्कहरू (Human Development Index - HDI):**
संयुक्त राष्ट्रसंघले नेपाललाई मानव विकासको दृष्टिकोणले हेर्दै HDI मा मूल्याङ्कन गर्दछ। यो सूचकाङ्कले जीवनको प्रत्याशा, शिक्षा र प्रति capitaकोत्तरीस आम्दानी जस्ता कुराहरूमा नेपालको प्रगति मापन गर्दछ। हालसम्म, नेपाल HDI मा मध्यम विकासक्रममा छ।

**२. आयको वर्गीकरण (Income Classification):**
संयुक्त राष्ट्रसंघले देशहरूको आयको वर्गीकरणलाई आधार बनाउँछ। यो वर्गीकरणले देशको कूल आयको स्तर निर्धारण गर्दछ।
*   **कम आयको देश (Low Income Country):** नेपाललाई हाल संयुक्त राष्ट्रसंघले कम आयको देशमा वर्गीकृत गरेको छ। यसमा निम्न कुरा समावेश हुन्छ:
    *   per capitaकोत्तरीस आय $१,१८४० माझै रहने।
    *   शून्य दशमलव ९४ भन्दा कम GDP per capita माझै रहने।
*   यो वर्गीकरणले नेपालले विकासका लागि थप प्रयास गर्नुपर्ने आवश्यकतालाई जोड दिन्छ।

**३. सामाजिक विकास सूचकाङ्कहरू (Social Development Indicators):**
संयुक्त राष्ट्रसंघले शिक्षा, स्वास्थ्य, पोषण, जताततै सुत्केरीको मृत्युदर, बाल मृत्युदर लगायतका सामाजिक विकासको सूचकहरूमा पनि नेपालको प्रगति मूल्याङ्कन गर्दछ।

**४. अन्य सूचकहरू:**
संयुक्त राष्ट्रसंघले नेपालको आर्थिक विकासमाथि प्रभाव पार्ने अन्य सूचकहरू पनि प्रयोग गर्दछ, जस्तै:
*   बेरोजगारीको दर
*   ग्रामीण विकासको दर
*   शहरीकरणको दर
*   पूर्वाञ्चल र हिमाली क्षेत्रमा विकासको दर

यी सूचकहरूलाई आधार बनाउँदै संयुक्त राष्ट्रसंघले नेपालको आर्थिक विकासको स्थितिका बारेमा जानकारी दिन्छ र विकासको लक्ष्य हासिल गर्न नेपाललाई दि जाएला सहयोगको प्रस्ताव गर्दछ।

यी वर्गीकरणहरू समयपालतमी परिवर्तन हुन सक्ने सम्बद्धता छ, जसकारण संयुक्त राष्ट्रसंघले समयसमयमा अद्यतन जानकारी दिउँछ।"
ECO029,Nepali,नेपालको आर्थिक वर्ष विक्रम सम्वत् पात्रो अनुसार कहिले सुरु हुन्छ?,श्रावण १ (मध्य जुलाई),"नेपालको आर्थिक वर्ष विक्रम सम्वत् पात्रो अनुसार १७७० साल १६ कार्तिक देखि सुरु हुन्छ। यसलाई 'स्थापना वर्ष' पनि भनिन्छ।
"
ECO030,Nepali,नेपालको आर्थिक वर्ष कहिले समाप्त हुन्छ?,आषाढ मसान्त (अर्को वर्षको मध्य जुलाई),"नेपालको आर्थिक वर्ष जुलाईत्osan समाप्त हुन्छ। यसको मतलब साउनको पहिलो दिनसम्मको समय आर्थिक वर्षको लागि प्रयोग गरिन्छ।
"
ECO031,Nepali,नेपालको वित्तीय नीति र राष्ट्रिय बजेटको मुख्य जिम्मेवारी कुन मन्त्रालयको हो?,अर्थ मन्त्रालय,"नेपालको वित्तीय नीति र राष्ट्रिय बजेटको मुख्य जिम्मेवारी अर्थ तथा वित्त मन्त्रालयको हो। यस मन्त्रालयले देशको आर्थिक विकास र वित्तीय स्थिरताका लागि नीति निर्माण, बजेटको तयारी, कार्यान्वयन र नियन्त्रण गर्छ।

अर्थ तथा वित्त मन्त्रालयको मुख्य कार्यहरूमध्ये केही यस प्रकार छन्:

*   **वित्तीय नीति निर्माण:** देशको आर्थिक आवश्यकता अनुसार वित्तीय नीति बनाउनु।
*   **राष्ट्रिय बजेटको तयारी:** वार्षिक राष्ट्रिय बजेट बनाउनु र त्यसको कार्यान्वयनको अनुगमन गर्नु।
*   **मुद्रास्फीति नियन्त्रण:** देशमा मुद्रास्फीतिलाई नियन्त्रणमा राख्नका उपायहरू लिनु।
*   **ब्याज दर व्यवस्थापन:** ब्याज दरको व्यवस्थापन गर्नु।
*   **भन्सार नीति:** भन्सार नीति बनाउनु र त्यसको कार्यान्वयन गर्नु।
*   **कुर्भरणको व्यवस्थापन:** राष्ट्र बैंकको कर्णको व्यवस्थापन गर्नु।
*   **आर्थिक विकासको योजना:** देशको आर्थिक विकासको योजना बनाउनु र त्यसलाई अघि बढाउनु।

यस मन्त्रालयसँगै अन्य मन्त्रालयहरूले पनि वित्तीय नीति र बजेटसँग सम्बन्धित कार्यहरू अघि बढाउँछन्। उदाहरणका लागि, मन्त्रालयहरूले आफ्नो क्षेत्रका लागि आवश्यक बजेट माग गर्छन् र त्यसको कार्यान्वयनमा सहयोग गर्छन्।"
ECO032,Nepali,नेपालको जीडीपी लगायत राष्ट्रिय तथ्यांक कुन सरकारी निकायले संकलन गर्दछ?,राष्ट्रिय तथ्याङ्क कार्यालय (पूर्व केन्द्रीय तथ्याङ्क विभाग),"नेपालको जीडीपी (Gross Domestic Product) लगायत राष्ट्रिय तथ्यांक संकलन मुख्य रूपमा नेपाल सांख्यिकी तथा पुरान्यावधि विभाग (National Statistical and Population Survey Division) ले गर्दछ। यस विभागले विभिन्न किसिमको सर्वेक्षण तथा अनुसन्धान गरिरहेको छ।

मुख्य निकायहरू:
*   **नेपाल सांख्यिकी तथा पुरान्यावधि विभाग (NSO):** यो विभागले भलुवालिमा आधारित पुरान्यावधि (census), जनसङ्ख्या सर्वेक्षण, सामाजिक तथा आर्थिक सर्वेक्षणहरू चलाउँछ। यस विभागले जीडीपी लगायत विभिन्न आर्थिक र सामाजिक तथ्यांक संकलन गर्दछ।
*   **नेपाल भलुवालि कार्यालय (NPC):** यो कार्यालय पुरान्यावधिको आयोजना, समन्वय तथा कार्यान्वयनको प्रमुख भूमिका राख्दछ।
*   **संक्रामक रोग तथा स्वास्थ्य अनुसन्धान विभाग (DOHA):** यस विभागले स्वास्थ्यका क्षेत्रमा तथ्यांक संकलन गर्दछ।
*   **श्रम तथा रोजगार विभाग:** यस विभागले श्रम शक्ति, बेरोजगारीको तथ्यांक संकलन गर्दछ।

यो विभागले संकलन गरेको डेटालाई सरकारले विकास योजना तथा नीति निर्माणका लागि प्रयोग गर्दछ। तपाईंले नेपाल सांख्यिकी तथा पुरान्यावधि विभागको वेबसाइट ([https://www.nsops.gov.np/](https://www.nsops.gov.np/)) मा थप जानकारी पाउन सक्नुहुन्छ।"
ECO033,Nepali,नेपालमा लागू हुने मानक मूल्य अभिवृद्धि कर (भ्याट) दर कति हो?,१३ प्रतिशत,"नेपालमा लागू हुने मानक मूल्य अभिवृद्धि कर (भ्याट) दरहरू निम्न अनुसार रहेका छन्:

*   **सामान्य दर:** 13%
*   **कम दर:**
    *   उपभोक्ता उत्पादनहरू (Consumer goods): 5%
    *   कृषि उत्पादनहरू (Agricultural products): 0%
    *   स्वास्थ्य सेवा (Healthcare services): 0%
    *   शिक्षा सेवा (Education services): 0%
*   **छूट:** भ्याटको दर उत्पादन वा सेवाको प्रकार अनुसार फरक फरक हुन सक्छ। जस्तै, गरिबी निवारण, पर्यावरण संरक्षण, र ठूला परियोजनाहरूको लागि भ्याटमा छुट दिइन्छ।

भ्याट दरहरू सरकारले समयसमयमा संशोधन गर्न सक्छ। त्यसैले, नवीनतम जानकारीको लागि नेपाल सरकारको भ्याट विभागको वेबसाइट हेर्नुहोस्।

*   नेपाल सरकार भ्याट विभाग: [https://www.vat.gov.np/](https://www.vat.gov.np/)"
ECO034,Nepali,नेपालमा आयकर संकलनको प्रशासन कुन सरकारी निकायले गर्दछ?,आन्तरिक राजस्व विभाग,"नेपालमा आयकर संकलनको प्रशासन Inland Revenue Office (आयकर विभाग) ले गर्दछ। यो विभाग संघीय सरकारको मातहतमा पर्दछ र करदाताहरूको आयकर संकलन तथा व्यवस्थापनको प्रमुख जिम्मेवारी बहन्छ।
"
ECO035,Nepali,हालका वर्षहरूमा रेमिट्यान्स आयले नेपालको जीडीपीको लगभग कति हिस्सा ओगटेको भनी उल्लेख गरिन्छ?,लगभग एक चौथाई (करिब २५ प्रतिशत),"हालका वर्षहरूमा रेमिट्यान्स आयले नेपालको जीडीपीको लगभग २८% सम्म पुगेको छ। यो तथ्याङ्क नेपाल सरकारले प्रकाशन गरेको विभिन्न आर्थिक तथ्यांक र रिपोर्टहरूमा उल्लेख गरिएको छ। 

यद्यपि, यो प्रतिशतको आकार समयसमयमा परिवर्तन हुन सक्ने सम्भावना छ, जसमध्ये विश्वव्यापी आर्थिक अवस्था, प्रocrार्य अवस्था र रेमिट्यान्सको स्रोत देशको आर्थिक प्रदर्शन आदामू साकुै factorहरू समावेश हुन्छन्।"
ECO041,Nepali,नेपालको सबैभन्दा ठूलो व्यापारिक साझेदार देश कुन हो?,भारत,"नेपालको सबैभन्दा ठूलो व्यापारिक साझेदार चीन हो। २०७७/७८ को तथ्यांक अनुसार, चीनसँगको व्यापारमा नेपालले सबैभन्दा ठूलो रकम खर्चिसकेको छ। 

यस्तै, भारत नेपालको दोस्रो ठूलो व्यापारिक साझेदार हो।"
ECO042,Nepali,भूपरिवेष्ठित देश भएकाले नेपाल तेस्रो देशसँगको व्यापारका लागि मुख्यतया कुन छिमेकी देशको समुद्री बन्दरगाहमा निर्भर छ?,भारत (कोलकाता बन्दरगाह),"भूपरिवेष्ठित देश भएकाले नेपाल मुख्यतया चीनको शान्घाई बन्दरगाहमा निर्भर छ।

नेपालको व्यापारमा चीनको शान्घाई बन्दरगाहको भूमिकाअनुसार निम्न तथ्य छन्:

*   **शीतकालीन आयात:** नेपालमा शीतकालीन आयातको ठूलो हिस्सा चीनको शान्घाई बन्दरगाहबाट आयात हुन्छ। यसमा फलफूल, तरकारी, र अन्य शीतसम्बन्धित सामान समावेश छन्।
*   **सहुलियत दर:** शान्घाई बन्दरगाहले नेपाललाई सहुलियत दरमा सामान आयात गर्न मद्दत गर्दछ।
*   **वागमार्तिका:** नेपालको व्यापारमा चीनको बन्दरगाहले महत्वपूर्ण वागमार्तिका प्रदान गर्दछ।

यसअघि, भारतको मुम्बई बन्दरगाहबाट पनि नेपालले आयात गर्थ्यो, तर हाल शान्घाई बन्दरगाहबाट हुने आयातमाथिको निर्भरता बढ्ने गरेको छ।

"
ECO043,Nepali,अन्तर्राष्ट्रिय रूपमा उत्कृष्ट ऊनी उत्पादनको रूपमा चिनिने नेपालको परम्परागत प्रमुख निर्यात वस्तु के हो?,पश्मिना,"नेपालमा अन्तर्राष्ट्रिय रूपमा उत्कृष्ट ऊनी उत्पादनको रूपमा चिनिने परम्परागत प्रमुख निर्यात वस्तु **""उడుङ्""** (Yak) हो। 

उడుङ्को ऊन उच्च गुणस्तरको हुन्छ, जसलाई संसारमा उच्च मूल्यमा पाइन्छ। यसको ऊनबाट बनेको कपडालाई पनि उच्च दर्जा दिइन्छ। नेपालमा ऊनी उत्पादनको व्यापारले देशको अर्थतन्त्रमा महत्त्वपूर्ण योगदान गर्छ।

यसअघि रेशमको पनि निर्यात भएको थियो, तर उడుङ्को ऊनको तुलनामा यसको मात्रा कम थियो।"
ECO044,Nepali,नेपाल र भारतबीचको व्यापार तथा पारवहन सम्बन्ध कुन सन्धिले नियमन गर्दछ?,नेपाल-भारत व्यापार तथा पारवहन सन्धि,"नेपाल र भारतबीचको व्यापार तथा पारवहन सम्बन्धलाई नियमन गर्ने मुख्य सन्धि भनेको **""नेपाल–भारत व्यापार तथा पारवहन सन्धी, २०७४""** हो। यस सन्धीले दुई देशबीचको व्यापार नीति, सीमा पार पारवहन, र अन्य व्यापारिक विषयहरूलाई एकीकृत छ रूपमा व्यवस्थापन गर्नेछ भनेको छ। 

यस सन्धीको मुख्य उद्देश्य दुबै देशबीच आर्थिक र व्यापारीक सम्बन्धलाई सुमध्दय बनाउने, व्यापारिक नीतिमा सहजता ल्याउने, र पारवहन प्रबर्धन गर्ने रहेको छ। 

यी सन्धीको केही मुख्य विशेषताहरू यस प्रकार छन्:
*   दुबै देशबीचको व्यापारमा प्राथमिकता भारतलाई दिइएको छ।
*   नेपालले आफ्नो उत्पादन वा प्रक्रिया नभएका सामानहरू आयात गर्न पाउनेछ।
*   पारवहनका लागि सीमा स्तरोन्नति गरिनेछ।
*   दुबै देशबीचको व्यापारिक विवाद समाधानको व्यवस्था गरिनेछ।

यस सन्धीको बारेमा थप जानकारीको लागि, तपाईं नेपाल सरकारको वाणिज्य मन्त्रालयको वेबसाइट हेर्न सक्नुहुन्छ।"
ECO045,Nepali,नेपालको निर्यातमुखी कार्पेट उद्योगमा ऐतिहासिक रूपमा महत्त्वपूर्ण रहेको परम्परागत हस्तनिर्मित वस्त्र उत्पादन नाम दिनुहोस्।,ऊनी गलैंचा,"नेपालको निर्यातमुखी कार्पेट उद्योगमा ऐतिहासिक रूपमा महत्त्वपूर्ण रहेको परम्परागत हस्तनिर्मित वस्त्र उत्पादन **'चिलम'** हो। 

चिलम भनेको कार्पेट बनाउने माटको पर्दा हो। यसलाई अक्समान पनि भनिन्छ। चिलमले कार्पेटलाई टिकाऊ बनाउनुका साथै यसको सुन्दरतामा पनि योगदान गर्छ। नेपालमा चिलमको उत्पादनको सुरुवात मुग्लर कालमा भएको र त्यसपछि यसको प्रयोग क्रमशः बढ्दै गएको इतिहास छ।

चिलमको उत्पादनले नेपालको कार्पेट उद्योगलाई विश्वव्यापी रूपमा चिनाउनुका साथै यसको पहिचान स्थापित गर्न पनि महत्त्वपूर्ण भूमिका खेलेको छ।"
ECO046,Nepali,पूर्वी पहाडी क्षेत्रमा व्यापक रूपमा उत्पादन गरिने नेपालको प्रमुख नगदेबाली निर्यात के हो?,चिया,"पूर्वी पहाडी क्षेत्रमा व्यापक रूपमा उत्पादन गरिने नेपालको प्रमुख नगदेबाली निर्यातको माटो (Tea) हो। यसको केही प्रकार यस प्रकार छन्:

*   **धुम्रा (Black Tea):** नेपालको निर्यातमा धमिलै चाईको मात्रा सबैभन्दा बढी हुन्छ। यहाँका धमिलो चाईको स्वाद र गन्धले योलाई संसारमै लोकप्रिय बनाउँछ।
*   **ग्रीन टी (Green Tea):** हालसालका समयमा, ग्रीन टी को माग बढिरहेको छ र यसको उत्पादन पनि बढेको छ।
*   **ओolong टी (Oolong Tea):** यो पनि नेपाली चायको एक प्रकार हो।
*   **फ्युल टी (Flower Tea):** नेपालमा विभिन्न प्रकारका फ्युल टी पनि उत्पादन गरिन्छ, जुन विशेष पर्यटकहरूले किन्न थालेका छन्।

नेपालको चाय मुख्यतया पूर्वी पहाडी क्षेत्रमा, विशेष गरी जनकपुर, विजिपुर, र रौतहट जिल्लाहरूमा उत्पादन गरिन्छ। यो क्षेत्रमा उत्तम माटो र जलवायु भएकोले चायको उत्पादन उच्च दर्जाको हुन्छ।

यी नगदेबालीहरू नेपालको प्रमुख निर्यातमध्येका हुन्, जसले देशको अर्थतन्त्रमा महत्त्वपूर्ण योगदान दिन्छन्।"
ECO047,Nepali,भारत बाहेक नेपालले वैकल्पिक व्यापार पहुँचका लागि कुन उत्तरी छिमेकी देश पनि प्रयोग गर्दछ?,चीन,"भारत बाहेक नेपालले वैकल्पिक व्यापार पहुँचका लागि मुख्य रूपमा चीन र भुटानको प्रयोग गर्दछ। 

*   **चीन:** चीनले 'बी&आर आय मार्ग' (Belt and Road Initiative) परियोजनाअन्तर्गत नेपालसँग सीमामा अवस्थित राप्तीमा चीन-नेपाल सीमा स्तकोमा ठूलो आयतन व्यापारिक हब निर्माण गरिरहेको छ। यसले नेपाललाई भारतको भरमा नभई चीनसँग व्यापार गर्न सहज बनाउँछ।
*   **भुटान:** भुटान नेपालको दक्षिण-पूर्वी छिमेकी हो र दुई देशबीचको व्यापारमा भुटानले महत्वपूर्ण भूमिका खेल्छ। भुटानको राक्सगाड सडकले नेपाललाई भारतको सिङ्घिया खोला नाका मार्फत भारतसँग व्यापार गर्न सहज बनाउँछ।

यसअघि म्यानमा पनि नेपालको वैकल्पिक व्यापार पहुँच थियो, तर राजनीतिक र आर्थिक कारणहरूले गर्दा अहिले त्यसको प्रयोगमा कमी आएको छ।"
ECO048,Nepali,तेस्रो देशसँगको व्यापारका लागि बीरगन्जमा रहेको ड्राई पोर्ट (आइसीडी) को नाम के हो?,बीरगन्ज अन्तर्देशीय कन्टेनर डिपो,तेस्रो देशसँगको व्यापारका लागि बीरगन्जमा रहेको ड्राई पोर्ट (आइसीडी) ‘नोबेल ड्राई पोर्ट’ हो। यो पोर्ट भारतको उत्तर-पश्चिमी भागमा अवस्थित छ।
ECO049,Nepali,नेपाल कुन दक्षिण एसियाली क्षेत्रीय सहयोग तथा व्यापार संगठनको सदस्य हो?,सार्क (दक्षिण एसियाली क्षेत्रीय सहयोग संगठन),"नेपाल दक्षिण एसियाली क्षेत्रीय सहयोग तथा व्यापार संगठन (South Asian Association for Regional Cooperation - SAARC) ले सदस्य हो। यो संगठनको स्थापना १९८५ मा भएको थियो। SAARC ले सदस्य मुलुकबीच आर्थिक, सामाजिक, सांस्कृतिक र राजनीतिक क्षेत्रमा सहयोग तथा व्यापार बढाउने उद्देश्य राख्दछ।"
ECO050,Nepali,नेपाल कुन सालमा आधिकारिक रूपमा विश्व व्यापार संगठन (डब्ल्यूटीओ) मा सामेल भयो?,सन् २००४,नेपालले २०७२ सालको भाद्र १५ गते आधिकारिक रूपमा विश्व व्यापार संगठन (WTO) मा सामेल भयो। यसको मतलब २०७३ को जुलाई १ बाट नेपालले डब्ल्यूटीओका नियम र सिद्धान्तहरू पालना गर्न थाल्यो।
ECO051,Nepali,नेपालका राष्ट्रिय निकुञ्ज तथा संरक्षण क्षेत्रका लागि ट्रेकिङ अनुमतिपत्र कसले जारी गर्दछ?,नेपाल पर्यटन बोर्ड / सम्बन्धित निकुञ्ज तथा संरक्षण क्षेत्र कार्यालय,"नेपालका राष्ट्रिय निकुञ्ज तथा संरक्षण क्षेत्रमा ट्रेकिङ अनुमतिपत्र नेपाल सरकार, Ministry of Forest and Environment (MOFE) ले जारी गर्दछ। विशेष गरेर, विभाग मातहतका विभिन्न कार्यालयहरूले अनुमतिपत्र जारी गर्ने गर्छन्। 

यहाँ केही मुख्य निकायहरूको नाम उल्लेख गरिएको छ:
*   नेपाल सरकार, Ministry of Forest and Environment (MOFE)
*   नेपाल सरकार, विभाग तथा संरक्षण आयोजना कार्यान्वयन महाशाखा, चितवन
*   विभिन्न संरक्षण क्षेत्र कार्यालयहरू (जैसे:चितवन राष्ट्रिय निकुञ्ज कार्यालय, कोटेरा संरक्षण क्षेत्र कार्यालय, आदि)

अनुमतिपत्र लिनका लागि ट्रेकरहरूले सम्बन्धित संरक्षण क्षेत्र कार्यालयमा निवेदन दर्ता गर्नुपर्ने हुन्छ।"
ECO052,Nepali,"नेपालमा प्रमुख ट्रेक सुरु गर्नुअघि ट्रेकरहरूलाई दर्ता गराउन आवश्यक पर्ने प्रणाली, जसलाई टिम्स भनिन्छ, के हो?",ट्रेकर्स सूचना व्यवस्थापन प्रणाली,"नेपालमा प्रमुख ट्रेक सुरु गर्नुअघि ट्रेकरहरूलाई दर्ता गराउन आवश्यक पर्ने प्रणालीलाई 'टिम्स' भनिन्छ। यो प्रणालीलाई 'ट्रेकर रजिस्ट्रि कार्यक्रम' पनि भनिन्छ। यसको मुख्य उद्देश्य एउटा निश्चित समयमा ट्रेक सुरु गर्ने व्यहोरा नियन्त्रण गर्नु र ट्रेकरहरूको सुरक्षा सुनिश्चित गर्नु हो।

टिम्सको मुख्य विशेषताहरू यस प्रकार छन्:

*   **दर्ता फारम:** ट्रेकरहरूलाई दर्ता फारम भर्नु पर्छ, जसमा उमेर, नागरिकता, समूहको नाम, ट्रेकको योजना, र सम्पर्क विवरणहरू समावेश हुन्छन्।
*   **समीक्षा र अनुमति:** दर्ता फारम बुझ्एपछि, स्थानीय प्रशासनले ट्रेकको योजनामाथि समीक्षा गर्छ र अनुमति दिन्छ।
*   **अनुदेश:** अनुमति दिइसकेपछि, ट्रेकरहरूलाई ट्रेकको सुरक्षा, वातावरण संरक्षण, र स्थानीय संस्कृतिमाथि सम्मान गर्नेसबारे जानकारी दिइन्छ।
*   **नियमको पालना:** टिम्सको पालना नभएसम्म ट्रेक सुरु गर्न अनुमति दिइँदैन।

टिम्सको उद्देश्य एउटै समयमा धेरै ट्रेकरहरूले ट्रेक गर्नबाट रोक्ने, ट्रेकको अवधिअनुसार तयारी गर्न ट्रेकरहरूलाई मद्दत गर्ने, र ट्रेकरहरूको सुरक्षा सुनिश्चित गर्ने हो। यसले ट्रेकको क्रमबद्धता राख्न र ट्रेकरहरूबीचको समन्वयलाई पनि सहज बनाउँछ।

नेपाल सरकारले यो प्रणालीलाई ट्रेकर्सका लागि सुरक्षित र व्यवस्थित ट्रेकिंगको लागि लागू गरेको छ।"
ECO053,Nepali,रेमिट्यान्ससँगै नेपालको वैदेशिक मुद्रा आर्जनमा कुन क्षेत्रले महत्त्वपूर्ण योगदान गर्दछ?,पर्यटन,"रेमिट्यान्ससँगै नेपालको वैदेशिक मुद्रा आर्जनमा निम्न क्षेत्रहरूले महत्त्वपूर्ण योगदान गर्दछन्:

*   **तेल र प्राकृतिक ग्यास:** नेपालमा तेल र ग्यासको निकासीले वैदेशिक मुद्रा आर्जनमा महत्त्वपूर्ण योगदान गर्दछ। हालसालका वर्षहरूमा, तेलको मूल्य वृद्धि र विश्वव्यापी माग विस्तारु भएपछि यो क्षेत्रले विशेष रूपमा योगदान गरिरहेको छ।

*   **पर्यन्त्र:** पर्यटन क्षेत्र नेपालको लागि आय आर्जनको प्रमुख स्रोत हो। २०१९ मा कोभिड-१९ महामारी सुरु हुनुअघि, पर्यटनले नेपालको आर्थिक विकासमा ठूलो योगदान गर्दथ।

*   **निर्माण:** नेपालमा निर्माण क्षेत्रले पनि वैदेशिक मुद्रा आर्जनमा योगदान गर्दछ। सरकारको पूर्वाधार विकास परियोजना र निजी क्षेत्रको निजी निर्माण परियोजनाले यो क्षेत्रमा योगदान दिन्छन्।

*   **अङ्ग्रेजी भाषी देशहरूबाट निर्यात:** नेपालले अङ्ग्रेजी भाषी देशहरूबाट विभिन्न सामान निर्यात गर्दछ, जस्तै फलफूल, तरकारी, तथा हस्तकला सामान।

*   **सूचना प्रौद्योगिकी (Information Technology):** हालसालका वर्षहरूमा, नेपाली युवाहरू अङ्ग्रेजी भाषी देशहरूमा सूचना प्रौद्योगिकी क्षेत्रमा काम गरेर वैदेशिक मुद्रा आर्जनमा योगदान गरिरहेका छन्।

*   **अघिल्लो वर्षको आर्जन:** केही मात्रामा वैदेशिक मुद्रा आर्जन अघिल्लो वर्षको आर्जनबाट राखिएको हुन्छ, जुन यस वर्ष पाइन्छ।

यसबाटोले, रेमिट्यान्सको साथसाथै अन्य क्षेत्रहरूले पनि नेपालको वैदेशिक मुद्रा आर्जनमा महत्त्वपूर्ण योगदान गरिरहेका छन्।"
ECO054,Nepali,अधिकांश विदेशी पर्यटक नेपाल प्रवेश गर्ने मुख्य अन्तर्राष्ट्रिय विमानस्थल कुन हो?,"त्रिभुवन अन्तर्राष्ट्रिय विमानस्थल, काठमाडौं",अधिकांश विदेशी पर्यटक नेपाल प्रवेश गर्ने मुख्य अन्तर्राष्ट्रिय विमानस्थल त्रिभुवन अन्तर्राष्ट्रिय विमानस्थल (Tribhuvan International Airport) हो। यो विमानस्थल काठमाडौंमा अवस्थित छ।
ECO055,Nepali,सन् २०२० मा सञ्चालन गरिएको नेपालको प्रमुख आधिकारिक पर्यटन प्रवर्द्धन अभियानको नाम के थियो?,भ्रमण वर्ष नेपाल २०२०,"सन् २०२० मा सञ्चालन गरिएको नेपालको प्रमुख आधिकारिक पर्यटन प्रवर्द्धन अभियानको नाम ""नेपाल कि २ डिग्री"" (Nepal Ki 2 Degree) थियो। यो अभियानले नेपालको अद्वितीय संस्कृति, प्रकृति र वातावरणको उजागर गर्ने लक्ष्य राखेको थियो।
"
ECO056,Nepali,नेपालमा पर्यटन प्रवर्द्धनको मुख्य जिम्मेवारी कुन सरकारी निकायको हो?,नेपाल पर्यटन बोर्ड,"नेपालमा पर्यटन प्रवर्द्धनको मुख्य जिम्मेवारी पर्यटन तथा स्यकृति विकास मन्त्रालय (Ministry of Tourism, Culture and Civil Aviation) ले सम्भालेको छ। यस मन्त्रालय मातहतको नेपाल पर्यटन बोर्ड (Nepal Tourism Board) ले पर्यटन प्रर्वद्र्धनको विशेष कार्य सम्पादन गर्छ।

यसबाटोमा मन्त्रालय र बोर्ड दुवैले पर्यटन विकास र प्रर्वद्र्धनका लागि संयुक्त रूपमा काम गर्छन्।
"
ECO057,Nepali,विदेशी ट्रेकरहरूले नेपालका राष्ट्रिय निकुञ्ज तथा संरक्षण क्षेत्रमा प्रवेश गर्दा तिर्ने शुल्कलाई सामान्यतया के भनिन्छ?,संरक्षण क्षेत्र / निकुञ्ज प्रवेश अनुमतिपत्र शुल्क,"विदेशी ट्रेकरहरूले नेपालका राष्ट्रिय निकुञ्ज तथा संरक्षण क्षेत्रमा प्रवेश गर्दा तिर्ने शुल्कलाई सामान्यतया 'एन्ट्री ফি' (Entry Fee) भनिन्छ। यो शुल्क संरक्षण क्षेत्रमा गतिविधि गर्नका लागि सरकारले लिएको छ। यस शुल्कको रकम संरक्षण क्षेत्रको आकार, गतिविधिको प्रकार र अवधिअनुसार फरक फरक हुन आउँछ।

थप जानकारीको लागि, तपाईं नेपाल सरकारको पर्यटन बोर्डको वेबसाइटमा जान्न सक्नुहुन्छ: [https://www.tourism.gov.np/](https://www.tourism.gov.np/)"
ECO058,Nepali,लुम्बिनी नजिकै भैरहवामा रहेको नेपालको अन्तर्राष्ट्रिय विमानस्थलको नाम के हो?,गौतम बुद्ध अन्तर्राष्ट्रिय विमानस्थल,"लुम्बिनी नजिकै भैरहवामा रहेको नेपालको अन्तर्राष्ट्रिय विमानस्थलको नाम त्रिभुवनसेवा प्राइभेट लिमिटेडको स्वामित्वमा रहेको ‘मुग्लर विमानस्थल’ हो। यसलाई हाल ‘ भैरहवा अन्तर्राष्ट्रिय विमानस्थल’ पनि भनिन्छ।
"
ECO059,Nepali,सन् २०२३ मा सञ्चालनमा आएको पोखरा नजिकैको नेपालको अन्तर्राष्ट्रिय विमानस्थलको नाम के हो?,पोखरा अन्तर्राष्ट्रिय विमानस्थल,"सन् २०२३ मा सञ्चालनमा आएको पोखरा नजिकैको नेपालको अन्तर्राष्ट्रिय विमानस्थलको नाम **पोखरा अन्तर्राष्ट्रिय विमानस्थल** हो।
"
ECO060,Nepali,नेपालको साहसिक पर्यटन आम्दानी मुख्यतया कुन हिमालको आरोहण अनुमतिपत्रसँग जोडिएको छ?,सगरमाथा (माउन्ट एभरेस्ट),"नेपालको साहसिक पर्यटन आम्दानी मुख्यतया अन्नapurna सर्किट र माछापुच्छ्रे हिमशिखर आरोहण अनुमतिपत्रसँग जोडिएको छ। यी दुवैको लोकप्रियताले गर्दा पर्यटकहरूको चहलपहल बढ्दा होटल, रेस्टुरेन्ट, यातायात र अन्य सेवा प्रदान गर्ने व्यवसायीलाई फाइदो पुगिरहेको छ।
"
ECO061,Nepali,नेपालको सबैभन्दा व्यापक रूपमा खेती गरिने मुख्य खाद्यान्न बाली के हो?,धान (चामल),"नेपालको सबैभन्दा व्यापक रूपमा खेती गरिने मुख्य खाद्यान्न बाली गहुँ हो। गहुँ नेपालको मुख्य कृषि उत्पादन भएको बाली हो, जुन यहाँको अधिकांश जनसङ्ख्याले मुख्य खाद्य पदार्थको रूपमा उपभोग गर्छन्।

यसका अलावा, मक्का, धान, र मरिच पनि व्यापक रूपमा खेती गरिन्छ।
"
ECO062,Nepali,नेपालमा कृषि नीतिको निरीक्षण कुन सरकारी मन्त्रालयले गर्दछ?,कृषि तथा पशुपन्छी विकास मन्त्रालय,"नेपालमा कृषि नीतिको निरीक्षण मुख्यतया कृषि तथा प्रसंजन मन्त्रालय (Ministry of Agriculture and Livestock Development) ले गर्दछ। यस मन्त्रालयले कृषि उत्पादन, वितरण, र विकास सम्बन्धी नीति तथा कार्यक्रमहरूको कार्यान्वयनमा निगरानी गर्दछ। 

यसका साथै, नेपाल सरकारको मन्त्रालय सञ्चालन तथा सूचना प्रविधिambahले पनि कृषि विकास बैंक (ADB)को अनुगमन गर्दछ।
"
ECO063,Nepali,अधिकांश साना किसानहरूले अभ्यास गर्ने नेपालको परम्परागत साना-स्तरको खेती प्रणालीलाई कुन शब्दले वर्णन गरिन्छ?,निर्वाहमुखी कृषि,"अधिकांश साना किसानहरूले अभ्यास गर्ने नेपालको परम्परागत साना-स्तरको खेती प्रणालीलाई ""कृषि सम्प्रदाय"" (Agricultural Community) वा ""खेती सम्प्रदाय"" (Farming Community) वाक्यांशले वर्णन गरिन्छ। 

यो शब्द प्रणालीलाई एउटा सामूहिक रूपमा बुझिन्छ, जसमा किसानहरूले साझा ज्ञान, संस्कृति र अभ्यासहरू साझा गर्छन्। यसमा बहुफलको खेती, पारंपरिक बाली र पशुधन व्यवस्थापन, र स्थानीय जलवायु र माटोको आधारमा खेती गरिने पद्धती समावेश हुन्छन्। 

यसैले गर्दा, ""कृषि सम्प्रदाय"" भनेको नेपालको ग्रामीण परिवेशमा साना किसानहरूको खेती प्रणालीलाई बुझ्नको लागि प्रयोग हुने एउटा महत्त्वपूर्ण शब्द हो।
"
ECO064,Nepali,इलाम जस्ता पूर्वी पहाडी जिल्लाहरूमा व्यापक रूपमा उत्पादन गरिने कुन नगदेबाली नेपालको महत्त्वपूर्ण कृषि निर्यात हो?,चिया,"इलाम जस्ता पहाडी जिल्लाहरूमा व्यापक रूपमा उत्पादन गरिने महत्त्वपूर्ण कृषि निर्यात रास्पबेरी (Strawberry) हो। यसलाई ‘नेपाली रास्पबेरी’ पनि भनिन्छ र यसको माग भारत लगायत विदेशी बजारमा उच्च छ। हालसालै, बेरीको उत्पादनमा वृद्धि भएसँगै यसको निर्यातमा पनि वृद्धि भएको छ।"
ECO065,Nepali,हालैका आर्थिक सर्वेक्षणहरूमा कृषिले नेपालको जीडीपीमा लगभग कति हिस्सा योगदान गरेको उल्लेख गरिन्छ?,लगभग एक चौथाई (करिब २४-२५ प्रतिशत),"हालैका आर्थिक सर्वेक्षणहरूले कृषिले नेपालको जीडीपीमा लगभग 20% सम्मको हिस्सा योगदान गरेको उल्लेख गरेका छन्। यद्यपि, यो प्रतिशत समयसापेक्ष परिवर्तन हुन सक्छ, जसमध्ये हालको अवस्थामा यसको योगदान लगभग यही रहेको छ।

यो आँकडाले नेपालको अर्थतन्त्रमा कृषिSectorको महत्त्वपूर्ण भूमिकालाई दर्शाउँछ।"
ECO066,Nepali,वैदेशिक रोजगारीबाट प्राप्त रेमिट्यान्सले नेपालको राष्ट्रिय आयको कुन प्रमुख अंश बनाउँछ?,श्रम बसाइँसराइबाट प्रेरित जीडीपीको प्रमुख अंश,"वैदेशिक रोजगारीबाट प्राप्त रेमिट्यान्सले नेपालको राष्ट्रिय आयको लगभग २६% सम्म पुग्छ। यो नेपालको आर्थिक गतिविधिमा सबैभन्दा ठूलो योगदान दिन्छ। यसले नेपालको अर्थतन्त्रलाई धेरै हिसाबले मद्दत गर्दछ:

*   **घरानामा आम्दानी:** रेमिट्यान्सले नेपाली घरानाहरूको आम्दानी बढाउँछ, जसले उनीहरूलाई दैनिक जीवनमा सुधार गर्न र खर्च गर्न मद्दत गर्दछ।
*   **उपभोगमा वृद्धि:** रेमिट्यान्सले व्यक्तिहरूको खर्चिलो शक्ति बढाउँछ, यसले घर परिवारको खालावन्न र अन्य आवश्यक सामानहरूमा खर्चमा वृद्धि गर्दछ।
*   **अर्थतन्त्रमा योगदान:** रेमिट्यान्सले नेपालको कुल राष्ट्रिय उत्पादनमा (GDP) महत्त्वपूर्ण योगदान गर्दछ।
*   **मुद्रास्फीति नियन्त्रण:** रेमिट्यान्सले मुद्रास्फीतिलाई पनि नियन्त्रण गर्न मद्दत गर्दछ।

त्यसैकारण, वैदेशिक रोजगारीबाट प्राप्त रेमिट्यान्स नेपालको आर्थिक विकासमा महत्वपूर्ण भूमिका गर्दछ।"
ECO067,Nepali,नेपाली आप्रवासी श्रमिकहरूको वैदेशिक श्रम स्वीकृति कुन सरकारी निकायले व्यवस्थापन गर्दछ?,वैदेशिक रोजगार विभाग,"नेपाली आप्रवासी श्रमिकहरूको वैदेशिक श्रम स्वीकृति नेपाल सरकारको वाणिज्य तथा रोजगार सम्बन्ध मन्त्रालय (Ministry of Labor, Employment and Social Security) व्यवस्थापन गर्दछ। यस मन्त्रालयले वैदेशिक रोजगार ऐन, २०७५ अनुसार आप्रवासी श्रमिकहरूको बैदेशिक श्रम स्वीकृति दिने कार्यको समन्वय गर्दछ।

यो मन्त्रालयले वैदेशिक रोजगार कार्यालयमार्फत आप्रवासी श्रमिकहरूको स्वीकृति प्रक्रिया चलाउँछ।
"
ECO068,Nepali,नेपाली आप्रवासी श्रमिकहरूको प्रमुख गन्तव्य रहेको एउटा खाडी देशको नाम दिनुहोस्।,कतार,"नेपाली आप्रवासी श्रमिकहरूको प्रमुख गन्तव्य रहेको खाडी देश कतार हो। कतारमा प्र मात्रामा नेपाली कामदारहरू काम गर्छन्।
"
ECO069,Nepali,आप्रवासी श्रमिकहरूले घर पठाउने रकमलाई सामान्यतया के भनिन्छ?,रेमिट्यान्स,"आप्रवासी श्रमिकहरूले घर पठाउने रकमलाई सामान्यतया ""रेमिट्यान्स"" (Remittance) भनिन्छ। यसलाई अंग्रेजीमा ""वातनको पैसा"" पनि भनिन्छ। यो रकम विदेशी श्रमिकहरूले आफ्नो घर देशमा पठाउने रकम हो। नेपालजस्तो देशमा यसले अर्थतन्त्रमा महत्त्वपूर्ण योगदान गर्छ।"
ECO070,Nepali,खाडी क्षेत्र बाहेक कुन पूर्वी एसियाली देश पनि नेपाली श्रमिकहरूको प्रमुख श्रम बसाइँसराइ गन्तव्य हो?,मलेसिया,"खाडी क्षेत्र बाहेक कुन पूर्वी एसियाली देश पनि नेपाली श्रमिकहरूको प्रमुख श्रम बसाइँसराइ गन्तव्य हो भने कतार, संयुक्त अरब एमिराती (UAE), कुवेत, ओमान र साउदी अरब छन्। यस्तै, मलेसिया र सिंगापुर पनि नेपाली श्रमिकहरूका लागि लोकप्रिय गन्तव्य भएका छन्।

मलेसियाले हालसालका समयमा नेपाली श्रमिकहरूबीच निकै लोकप्रिय गराइसकेको छ। मलेसियामा कामको अवसर र जीवन खर्चको सम्भावनाले नेपाली श्रमिकहरूलाई आकर्षित गरिरहेको छ।

त्यसैगरि, सिंगापुरमा पनि नेपाली श्रमिकहरूको उपस्थिति रहेको छ, जहाँ मुख्य रूपमा होटल र सेवा क्षेत्रमा काम गर्‍नुभएको छ।

यी केही पूर्वी एसियाली देशहरू नेपाली श्रमिकहरूका लागि प्रमुख श्रम बसाइँसराइ गन्तव्य भएका छन्।"
TEC016,Nepali,नेपालको पहिलो इमेल सेवा कुन कम्पनीले सुरु गरेको थियो?,मर्केन्टाइल कम्युनिकेसन्स प्रा.लि.,"नेपालको पहिलो इमेल सेवा 'न्यु नेपाल इमेल' कम्पनीले सुरु गरेको थियो। यो सेवा २००४ मा सुरु गरिएको थियो। हाल यो सेवा सञ्चालित छैन।
"
TEC017,Nepali,नेपालले पहिलोपटक इमेल सेवा कुन सालमा पायो?,सन् १९९३,"नेपालले पहिलोपटक २०६४ सालको नोभेम्बर १६ मा इमेल सेवा सुरु गरेको हो। नेपाल दूरसञ्चार सञ्चिका (NTC) द्वारा 'नेप्सेल' मार्फत यो सेवा प्रदान गरिएको थियो। यसअघि, इमेल सेवा प्रयोग गर्नका लागि नेपालीहरूलाई विदेशी देशमा रहेका आफ्नै नाताबाली व्यक्तिमार्फत इमेल पठाउनु पर्न्थथ्यो।
"
TEC018,Nepali,इमेल मात्र नभई पूर्ण इन्टरनेट पहुँच नेपालमा पहिलोपटक कुन सालमा सुरु भएको थियो?,सन् १९९५,"नेपालमा इन्टरनेट पहुँचको सुरुवात इमेल मात्र नभई पूर्ण इन्टरनेट पहुँचको पहिलो पटक सन् २००० मा सुरु भएको थियो। 

सन् २००० मा नेपालमा डायल-अप इन्टरनेटको सुरुवात भएको थियो। त्यसपछि इन्टरनेटको प्रयोगकर्ताहरूमा वृद्धि हुन थाल्यो। यसको मुख्य कारण थियो इन्टरनेट सेवा ऐन २०००। यस ऐनले इन्टरनेट सेवा प्रदाताहरूलाई अनुमति दिइएको थियो। त्यसपछि नेपालमा इन्टरनेटको पहुँच क्रमशः बढ्न थाल्यो। 

त्यसअघि पनि नेपालमा इन्टरनेटको सुरुवात भएको थियो, तर त्यो पूर्ण इन्टरनेट पहुँचको सुरुवात थियो जस्तो भन्न सकिन्छ।"
TEC019,Nepali,नेपालको देश-कोड शीर्ष-स्तर डोमेन (सीसीटीएलडी) के हो?,.np,"नेपालको देश-कोड शीर्ष-स्तर डोमेन (सीसीटीएलडी) .नेप (।nep) हो।
"
TEC020,Nepali,नेपालको .np डोमेनको रजिस्ट्रीको रूपमा परम्परागत रूपमा कुन संस्था कार्यरत रहेको छ?,मर्केन्टाइल कम्युनिकेसन्स,"नेपालको .np डोमेनको रजिस्ट्रीको रूपमा परम्परागत रूपमा नेपाल दूरसञ्चार ज्ञापन्न (Nepal Telecom) कार्यरत रहेको छ। 

२०७४ पुसमा नेपाल सरकारले नेपाल दूरसञ्चार ज्ञापन्नलाई .np डोमेनको रजिस्ट्रीको দায়িত্ব प्रत्याहाल्न गरेको थियो। हाल सम्म यस संस्थाले .np डोमेनको व्यवस्थापन गरिरहेको छ।
"
TEC021,Nepali,सहरी नेपालमा द्रुत गतिमा विस्तार भइरहेको फाइबर-अप्टिक इन्टरनेट जडानको फराकिलो प्रकार के हो?,फाइबर-टु-द-होम (एफटीटीएच) ब्रोडब्यान्ड,"सहरी नेपालमा द्रुत गतिमा विस्तार भइरहेको फाइबर-अप्टिक इन्टरनेट जडानको फराकिलो प्रकार तल उल्लेखित छ:

*   **फाइबर टु द होम (FTTH):** यो सबैभन्दा व्यापक रूपमा प्रयोग गरिएको प्रकार हो। यसमा प्रत्येक घर वा भवनमा प्रत्यक्ष रूपमा फाइबरoptic केबल जडान गरिन्छ। यसले अत्यन्त उच्च गति र स्थिरता प्रदान गर्दछ।

*   **फाइबर टु द बिजिनेस (FTTB):** यसमा व्यावसायिक भवनहरूमा फाइबरoptic केबल जडान गरिन्छ र त्यसपछि व्यावसायिक क्षेत्रमा इन्टरनेट सेवा प्रदान गरिन्छ।

*   **भुअल-वे लेटेंसी (DWDM) फाइबर:** यो सञ्चारकोठाहरू (exchange) र अन्य ठूला संस्थानहरूमा प्रयोग गरिन्छ।

*   **पोलमा टावर फाइबर:** यसमा फाइबरoptic केबलहरू टावरहरूमा लगेर विभिन्न क्षेत्रमा फैलिएका छन्।

हाल, फाइबर-अप्टिक इन्टरनेट जडानको विस्तार भइरहेको छ, तर यो काठमाडौं र त्यस आसपासका शहरी क्षेत्रमा धेरै केन्द्रित छ। अन्य शहरी क्षेत्रमा यो जडानको विस्तार अझै सुरु भइसकेको छ।

यी जडानको मुख्य कारण सरकारको पहल, निजी क्षेत्रको लगानी र इन्टरनेट सेवा प्रदाताहरूको (ISP) सक्रियता हो।"
TEC022,Nepali,नेपालमा इन्टरनेट सेवा प्रदायक (आईएसपी) इजाजतपत्र कुन नियामक निकायले जारी गर्दछ?,नेपाल दूरसञ्चार प्राधिकरण,नेपालमा इन्टरनेट सेवा प्रदायक (आईएसपी) इजाजतपत्र नेपाल दूरसंचार नियामक आयोग (नेटकरा)ले जारी गर्दछ। नेटकरा नेपालमा दूरसंचार सेवाहरूको नियमन र विकास गर्ने मुख्य निकाय हो। आईएसपी दर्ता गराउन र सेवा दिन केबल तथा इन्टरनेट सेवाको लागि नेटकरासँग अनुमति लिनुपर्छ।
TEC023,Nepali,मोबाइल ब्रोडब्यान्ड आउनुअघि व्यापक रहेको सार्वजनिक साझा-कम्प्युटर इन्टरनेट पहुँच केन्द्रलाई नेपालमा सामान्यतया के भनिन्छ?,साइबर क्याफे,"मोबाइल ब्रोडब्यान्ड आउनुअघि व्यापक रहेको सार्वजनिक साझा-कम्प्युटर इन्टरनेट पहुँच केन्द्रलाई नेपालमा सामान्यतया 'कम्प्युटर सालो' भनिन्थ्यो। यसले कम्प्युटर र इन्टरनेटको सुविधा सस्तो मूल्यमा दिन्थ्यो, जुन धेरै व्यक्ति र सपिन्तकले प्रयोग गर्र्थे। यो एउटै ठाउँमा धेरै व्यक्तिहरूले कम्प्युटर चलाएर र इन्टरनेट प्रयोग गरेर आफ्नो काम गर्नका लागि उपयोग गर्दथे।
"
TEC024,Nepali,नेपालमा सबैभन्दा बढी प्रयोग हुने सामाजिक सञ्जाल मञ्चको रूपमा व्यापक रूपमा कुन उल्लेख गरिन्छ?,फेसबुक,"नेपालमा सबैभन्दा बढी प्रयोग हुने सामाजिक सञ्जाल मञ्चको रूपमा फेसबुक व्यापक रूपमा उल्लेख गरिन्छ। फेसबुकको प्रयोगले अन्य प्लेटफर्महरूमा पनि प्रभाव पार्यो। हालसम्म फेसबुकले नेपाली प्रयोगकर्ताहरूबीच सबैभन्दा लोकप्रिय सामाजिक सञ्जाल मञ्च बनेको छ।

यस्तै, वाटा (WhatsApp), यसपाउ (Instagram), ट्विटर, र टिकटॉक पनि प्रयोगमा छन्, तर फेसबुकको प्रयोग भनेकै सबैभन्दा माथिल्लो स्थानमा छ।"
TEC025,Nepali,नेपालको ग्रामीण भागहरूमा ब्रोडब्यान्ड इन्टरनेट जडान विस्तार गर्ने लक्ष्य राखेको सरकार-सम्बन्धित पहल के हो?,ग्रामीण दूरसञ्चार विकास कोषका ब्रोडब्यान्ड विस्तार आयोजनाहरू,"नेपालको ग्रामीण भागहरूमा ब्रोडब्यान्ड इन्टरनेट जडान विस्तार गर्ने लक्ष्य राखेको सरकार-सम्बन्धित पहल ‘नेप्सेलको’ (Nepal Telecom Expansion in Rural Areas) हो। यो कार्यक्रमलाई नेपाल दूरसंचार एउटा beper (Nepal Telecom) नामक सरकारी स्वामित्वको टेलिकम कम्पनीले लागू गरिरहेको छ।

यहाँ यस कार्यक्रमको बारेमा केही मुख्य जानकारी छ:
* **लक्ष:** ग्रामीण क्षेत्रमा ब्रोडब्यान्ड इन्टरनेट पहुँच पुर्‍याउने र डिजिटल समावेशीकरण बढाउने।
* **अभ्यास:** यो कार्यक्रममा फाइबर् optic केबल जडानको साथै वायरलेस प्रविधिहरू (जस्तै 4G र 5G) प्रयोग गरेर इन्टरनेट सेवा प्रदान गर्ने योजना छ।
* **वित्तपुरित:** सरकारले यसको लागि लगानी दिनेछ, साथै विदेशी लगानीकर्तालाई पनि प्रोत्साहन दिइन्छ।
* **प्रगति:** हाल, यो कार्यक्रम देशका विभिन्न वलहरूमा लागू भइरहेको छ र यसको काम धमाधम चलिरहेको छ।

यो पहल नेपालमा ग्रामीण क्षेत्रमा इन्टरनेट पहुँच सुधार गर्न र आर्थिक विकासमा योगदान गर्न महत्वपूर्ण सावित हुन सक्छ।

थप जानकारीको लागि, तपाईं नेपाल टेलिकमको आधिकारिक वेबसाइटमा जान सक्नुहुन्छ: [https://www.ntc.com.np/](https://www.ntc.com.np/)"
TEC031,Nepali,नेपाल राष्ट्र बैंकको निगरानीमा स्थापना गरिएको राष्ट्रिय अन्तर-बैंक भुक्तानी पूर्वाधारको नाम के हो?,राष्ट्रिय भुक्तानी गेटवे (एनपीजी),"नेपाल राष्ट्र बैंकको निगरानीमा स्थापना गरिएको राष्ट्रिय अन्तर-बैंक भुक्तानी पूर्वाधारको नाम ‘नेपाल नानी’ (Nepal Nani) हो। यो पूर्वाधारले नेपालमा वित्तीय कारोबारहरूलाई सहज बनाउनुका साथै भुक्तानी प्रणालीको डिजिटलीकरणको गतिमान चलाउनुका लागि स्थापना गरिएको हो।
"
TEC032,Nepali,व्यापारी भुक्तानीका लागि नेपाल राष्ट्र बैंकले प्रवर्द्धन गरेको अन्तर-सञ्चालनयोग्य क्यूआर-आधारित भुक्तानी मापदण्ड के हो?,नेपाल क्यूआर,"व्यापारी भुक्तानीका लागि नेपाल राष्ट्र बैंकले प्रवर्द्धन गरेको अन्तर-सञ्चालनयोग्य क्यूआर-आधारित भुक्तानी मापदण्डहरू यस प्रकार छन्:

**१. क्यूआर कोड भुक्तानी प्रणालीको आधारभूत मापदण्ड:**
नेपाल राष्ट्र बैंकले क्यूआर कोड भुक्तानी प्रणालीलाई व्यवस्थित र सुरक्षित बनाउन केही आधारभूत मापदण्ड तोकेको छ. ती मापदण्डहरूमा निम्न कुराहरू समावेश छन्:

*   **QR कोडको आकार र डिजाइन:** क्यूआर कोडको आकार कम्तिमा 2.5 सेमी x 2.5 सेमी हुनुपर्छ र यसले प्रयोग गर्न सजिलो र स्पष्ट हुनुपर्छ.
*   **सुरक्षा:** क्यूआर कोडमा कुनै पनि प्रकारको सुरक्षा जोखिम नहुनलाग्ने गरी डिजाइन गरिएको हुनुपर्छ.
*   **डेटा सुरक्षा:** भुक्तानीको डेटा सुरक्षित राख्न आवश्यक सुरक्षा सावधानीहरू लिनुपर्छ.
*   **अनुपालन:** भुक्तानी प्रणालीले नेपाल राष्ट्र बैंकको नियमन तथा कानुनको पालनामा गर्नुपर्छ.

**२. व्यापारीको दायित्व:**
*   **भुक्तानी गेटवे:** व्यापारीहरूले भुक्तानी गेटवेको प्रयोग गरेर QR कोड भुक्तानी स्वीकार्नुपर्छ.
*   **सुरक्षित भुक्तानी:** व्यापारीहरूले भुक्तानी प्रक्रिया सुरक्षित राख्न आवश्यक सावधानीहरू लिनुपर्छ.
*   **ग्राहक जानकारी:** व्यापारीहरूले ग्राहकहरूलाई भुक्तानी प्रक्रियाको बारेमा स्पष्ट जानकारी दिनुपर्छ.
*   **नियम अनुपालन:** व्यापारीहरूले नेपाल राष्ट्र बैंकको नियमन तथा कानुनको पालनामा गर्नुपर्छ.

**३. QR कोडको प्रकार:**
नेपाल राष्ट्र बैंकले QR कोडलाई तीन प्रकारमा विभाजित गरेको छ:
*   **बैंक QR:** बैंकहरूको QR कोड, जुन बैंक खातामा भुक्तानी गर्दा प्रयोग गरिन्छ।
*   **वाणिज्य QR:** वाणिज्य बैंक र वित्तीय संस्थाको QR कोड, जुन विभिन्न वित्तीय सेवाहरू प्रदान गर्दछ।
*   **नॉन-बैंक QR:** अन्य व्यापारीहरूले प्रदान गर्ने QR कोड, जस्तै किटिङ स्टोर वा रेस्टुरेन्ट।

**४. लेनदेनको मर्यादा:**
*   QR कोड प्रयोग गरेर भुक्तानी गर्दा लेनदेनको मर्यादा निर्धारण गरिएको छ. यसमा दैनिक लेनदेनको मर्यादा र अधिकतम लेनदेनको मर्यादा समावेश छ.

**५. प्रणालीको अनुगमन:**
नेपाल राष्ट्र बैंक QR कोड भुक्तानी प्रणालीको नियमित अनुगमन गर्छ. यसले प्रणालीको सुरक्षा र दक्षता सुनिश्चित गर्दछ.

**थप जानकारीको लागि:**
नेपाल राष्ट्र बैंकको वेबसाइट ([https://www.nbn.org.np/](https://www.nbn.org.np/)) मा QR कोड भुक्तानी प्रणाली बारे विस्तृत जानकारी पाउन सकते।

यदि तपाईंलाई कुनै विशेष प्रश्न छ भने, कृपया सोधेर मद्दत गर्न सक्नुहुन्छ।"
TEC033,Nepali,नेपालमा डिजिटल वालेट तथा भुक्तानी सेवा प्रदायकहरूको नियमन कुन सरकारी निकायले गर्दछ?,नेपाल राष्ट्र बैंक (भुक्तानी प्रणाली विभाग),"नेपालमा डिजिटल वालेट तथा भुक्तानी सेवा प्रदायकहरूको नियमन नेपाल सरकारको रेमिट्यान्स कार्यालय (Money Park) ले गर्दछ। रेमिट्यान्स कार्यालयले डिजिटल भुक्तानी सेवा प्रदायकहरूलाई दर्ता लगाउने, नियमन गर्ने र अनुगमन गर्ने कार्य गर्दछ। 

हालसम्म, रेमिट्यान्स कार्यालयले 'नेपाल पे', 'इभीपी', 'कोइन्', 'मेघ बैंक पे' लगायतका डिजिटल वालेट तथा भुक्तानी सेवा प्रदायकहरूलाई दर्ता गराएको छ। 

यदि तपाईं डिजिटल वालेट तथा भुक्तानी सेवा प्रदायकहरूको बारेमा थप जानकारी खोज्न चाहनुहुन्छ भने, रेमिट्यान्स कार्यालयको वेबसाइट (www.remittanceoffice.gov.np) मा जान्न सक्नुहुन्छ।"
TEC034,Nepali,आईएमई समूहले सुरु गरेको मोबाइल-मनी/रेमिट्यान्स-सम्बन्धित डिजिटल भुक्तानी सेवाको नाम दिनुहोस्।,आईएमई पे,आईएमई समूहले सुरु गरेको मोबाइल-मनी/रेमिट्यान्स-सम्बन्धित डिजिटल भुक्तानी सेवाको नाम ‘WorldRemit’ हो। यो एउटा लोकप्रिय रेमिट्यान्स प्लेटफर्म हो।
TEC035,Nepali,क्यूआर कोड र मोबाइल बैंकिङ एपमार्फत प्रवर्द्धित नेपालको नगदरहित कारोबारतर्फको फराकिलो परिवर्तनलाई कुन शब्दले वर्णन गरिन्छ?,डिजिटल/नगदरहित भुक्तानी अवलम्बन,"क्यूआर कोड र मोबाइल बैंकिङ एप मार्फत प्रवर्द्धित नेपालको नगदरहित कारोबारतर्फको फराकिलो परिवर्तनलाई ""डिजिटल कारोबार"" वा ""मोबाइल पेमेन्ट"" भन्ने शब्दले वर्णन गरिन्छ। यसले भौतिक नोट र सिक्काको प्रयोगबाट टाढा हटेर, इलेक्ट्रोनिक माध्यमबाट कारोबार गर्न प्रोत्साहन गर्छ। 

यो परिवर्तनले आर्थिक कारोबारमा सहजता, सुरक्षा र दक्षता ल्याउने विश्वास गरिन्छ।"
TEC036,Nepali,नागरिक सेवाहरू उपलब्ध गराउन सरकारद्वारा सुरु गरिएको एकीकृत डिजिटल सेवा मोबाइल एप्लिकेसनको नाम के हो?,नागरिक एप,"नागरिक सेवाहरू उपलब्ध गराउन सरकारद्वारा सुरु गरिएको एकीकृत डिजिटल सेवा मोबाइल एप्लिकेसनको नाम “नेप्ार सेल” (Nepad Cell) हो। यो एउटा एकीकृत मोबाइल एप्लिकेसन हो जसले नागरिकहरूलाई सरकारका विभिन्न सेवाहरू सजिलै उपलब्ध गराउँछ।
"
TEC037,Nepali,डिजिटल परिचय प्रमाणीकरण सम्भव पार्ने उद्देश्यले सञ्चालित नेपालको राष्ट्रिय परिचयपत्र आयोजनाको नाम के हो?,राष्ट्रिय परिचयपत्र (एनआईडी),डिजिटल परिचय प्रमाणीकरण सम्भव पार्ने उद्देश्यले सञ्चालित नेपालको राष्ट्रिय परिचयपत्र आयोजनाको नाम ‘नेपाल परिचय’ हो। यो आयोजना गृह मन्त्रालयले सञ्चालन गरिरहेको छ।
TEC038,Nepali,नेपालको ई-गभर्नेन्स पहल तथा आईटी नीतिको निरीक्षण कुन सरकारी निकायले गर्दछ?,सञ्चार तथा सूचना प्रविधि मन्त्रालय,"नेपालमा ई-गभर्नेन्स पहल तथा आईटी नीतिको निरीक्षण मुख्य रूपमा नेपाल सरकार सूचना प्रविधि तथाCommunication (MoIT&C) मन्त्रालयले गर्दछ। 

यस मन्त्रालयले ई-गभर्नेन्सको योजना, विकास, कार्यान्वयन, अनुगमन तथा मूल्याङ्कनको प्रमुख भूमिका निर्वाह गर्छ। साथै, यस मन्त्रालयले आईटी नीतिहरूको कार्यान्वयनमाथि पनि देखरेख गर्छ।

नेपाल सरकारका विभिन्न निकायहरूले पनि ई-गभर्नेन्स पहिलो प्राथमिकताका रूपमा लिने र यसको कार्यान्वयनमा सहयोग गर्ने गर्दछ।"
TEC039,Nepali,नेपाली नागरिकहरूलाई व्यक्तिगत बायोमेट्रिक प्रमाणीकरणअघि अनलाइन राहदानी आवेदन दिन सक्षम पार्ने प्रणाली के हो?,अनलाइन राहदानी आवेदन प्रणाली,"नेपाली नागरिकहरूलाई व्यक्तिगत बायोमेट्रिक प्रमाणीकरणअघि अनलाइन राहदानी आवेदन दिन सक्षम पार्ने प्रणाली हाल नेपाल सरकारले ‘डिजिटल राहदानी प्रणाली’ (Digital Passport System) नामक एक प्रणालीमार्फत कार्यान्वयन गरिरहेको छ। यस प्रणालीको मुख्य उद्देश्य राहदानीको फारम भर्ने, आवश्यक कागजातहरू बुटाउने, बायोमेट्रिक डेटा (फिंगरprinट र फेसियल स्क्यान) दिनेलगायत सबै प्रक्रियाहरू अनलाइनमा गर्न सक्ने बनाउनु हो।

**यस प्रणालीको मुख्य विशेषताहरू:**

*   **अनलाइन फारम:** राहदानीको फारम अनलाइनमा भर्न मिल्नेछ।
*   **कागजात बुटाउने:** आवश्यक कागजातहरू (जन्मदर्ता, नागरिकता, फोटो आदि) डिजिटल रूपमा बुटाउन मिल्छ।
*   **बायोमेट्रिक स्क्यानिङ:** राहदानीको लागि बायोमेट्रिक डेटा (फिंगरprinट र फेसियल स्क्यान) QR कोड मार्फत बुटाउन मिल्छ। QR कोडमा रहेका स्क्यानरमार्फत डेटा बुट गरी राहदानीको आवेदनमा जोड्याउन सकिन्छ।
*   **सत्यापन:** आवेदनमा भरेका कागजातहरू र बायोमेट्रिक डेटाको स्वचालित रूपमा सत्यापन गरिन्छ।
*   **प्रगति ट्र्याकिंग:** राहदानी आवेदनको प्रगति समयक्रममा जान्नेछ।
*   **सुरक्षित:** यस प्रणालीले राहदानीको जानकारी सुरक्षित राख्छ।

**यस प्रणालीको लाभ:**

*   **समयsaving:** राहदानीको लागि आवेदन दिने समय र श्रम कम हुन्छ।
*   **पारदर्शिता:** सबै प्रक्रियाहरू पारदर्शी हुन्छन्।
*   **कुशलता:** प्रणालीले कामको गति बढायो।
*   **नागरिक सुविधा:** नागरिकहरूलाई सहज रूपमा राहदानीको लागि आवेदन दिन पाइन्छ।

**यस प्रणालीको कार्यान्वयनको लागि:**

नेपाल सरकारले हालका लागि बायोमेट्रिक स्क्यानिङका लागि QR कोडको प्रयोग गरिरहेको छ। भविष्यमा थप उन्नत प्रणालीको प्रयोग गरिने सम्भावना छ।

**थप जानकारीको लागि:**

*   नेपाल सरकारको गृह मन्त्रालयको वेबसाइटमा यस प्रणाली बारे थप जानकारी पाउन सकतेला: [https://moha.gov.np/](https://moha.gov.np/)
*   नेपाल प्रहरीको वेबसाइटमा पनि यस प्रणाली बारे जानकारी पाइन्छ: [https://np.policenp.gov.np/](https://np.policenp.gov.np/)

"
TEC040,Nepali,"नेपालमा मतदाता दर्ता तथा निर्वाचनको निरीक्षण कुन सरकारी आयोगले गर्दछ, जसले बढ्दो रूपमा डिजिटल मतदाता नामावली प्रयोग गर्दै आएको छ?","निर्वाचन आयोग, नेपाल","नेपालमा मतदाता दर्ता तथा निर्वाचनको निरीक्षण राष्ट्र निर्वाचन आयोग (नेवीक) ले गर्दछ। नेवीक हालसालै बढ्दो रूपमा डिजिटल मतदाता नामावली प्रयोग गर्दै आएको छ। यसले मतदाताको जानकारी व्यवस्थित गर्न र निर्वाचन प्रक्रियालाई पारदर्शी बनाउन मद्दत गर्दछ।

नेवीकको मुख्य कार्यहरूमध्ये यसहरू समावेश छन्:
* मतदाता दर्ता अभियान चलाउने
* निर्वाचनको आयोजना र पर्यवेक्षण गर्ने
* निर्वाचन कानुनको कार्यान्वयन गर्ने
* मतदाताको नामावली कायम राख्ने
* निर्वाचन सम्बन्धी विवाद समाधान गर्ने

डिजिटल मतदाता नामावलीको प्रयोगले नेवीकले मतदाताको जानकारी अझै पनि कुशलतापूर्वक व्यवस्थापन गर्न र निर्वाचन प्रक्रियामा सुधार ल्याउन सहयोग गर्दछ।"
TEC041,Nepali,सरकारी सेवाहरूलाई डिजिटल बनाउने लक्ष्य राखेको नेपालको ई-गभर्नेन्स गुरुयोजनाको नाम के हो?,डिजिटल नेपाल फ्रेमवर्क,"नेपालको ई-गभर्नेन्स गुरुयोजनाको आधिकारिक नाम ""ई-गभर्नेन्स योजना"" हो। यो योजनाको लक्ष्य सरकारी सेवाहरूलाई डिजिटल बनाउने, पारदर्शिता र उत्तरदायित्व बढाउने, र नागरिकहरूलाई सेवाहरू सजिलैसँग उपलब्ध गराउने हो।"
TEC042,Nepali,डिजिटल नेपाल फ्रेमवर्क कुन सालमा आधिकारिक रूपमा सुरु गरिएको थियो?,सन् २०१९,"डिजिटल नेपाल फ्रेमवर्क २०७४ साल मा आधिकारिक रूपमा सुरु गरिएको थियो। यद्यपि, यसको कार्यान्वयन २०७८ साल बाट सुरु भएको थियो।"
TEC043,Nepali,नेपालको नागरिक दर्ता तथा महत्त्वपूर्ण डिजिटल अभिलेख अद्यावधिक राख्ने जिम्मेवारी कुन सरकारी कार्यालयको हो?,राष्ट्रिय परिचयपत्र तथा पञ्जीकरण विभाग,"नेपालको नागरिक दर्ता तथा महत्त्वपूर्ण डिजिटल अभिलेख अद्यावधिक राख्ने जिम्मेवारी गृह तथा नागरिक प्रभाग, मन्त्रालयको हो। यो कार्यालयको मुख्य कार्यक्षेत्र नेपाल सरकारको नागरिक अभिलेख राख्नु, व्यवस्थापन गर्नु, अद्यावधिक गर्नु र त्यसका बारेमा नियम बनाउनु हो।

यो कार्यालयको अधिकृत वेबसाइटबाट तपाईं यो बारे थप जानकारी प्राप्त गर्न सक्नुहुन्छ: [https://www.hcs.gov.np/](https://www.hcs.gov.np/)"
TEC044,Nepali,नेपालमा अनलाइन कम्पनी दर्ताको जिम्मेवारी भएको सरकारी कार्यालयको नाम के हो?,कम्पनी रजिस्ट्रारको कार्यालय,"नेपालमा अनलाइन कम्पनी दर्ताको जिम्मेवारी भएको सरकारी कार्यालय **नेपाल सरकार, लगानी बोर्ड** हो। यहाँबाट आपू छिटै अनलाइन कम्पनी दर्ताको सेवा लिन सक्नुहुन्छ।
"
TEC045,Nepali,नेपाली करदाताहरूलाई विद्युतीय रूपमा कर विवरण दाखिला गर्न सक्षम पार्ने सरकारी प्रणाली कुन हो?,आन्तरिक राजस्व विभागको ई-फाइलिङ प्रणाली,"नेपाली करदाताहरूलाई विद्युतीय रूपमा कर विवरण दाखिला गर्न सक्षम पार्ने सरकारी प्रणाली “ई-फाइल र ई-भुक्तानी प्रणाली” हो। यो प्रणाली नेपाल सरकारको राजस्व खुफिया ब्यूरो (Revenue Intelligence Branch) ले विकास गरेको हो।

यस प्रणालीको मुख्य विशेषताहरू यस प्रकार छन्:
*   **इ-फाइलिंग:** करदाताहरूले आफ्नो कर विवरण अनलाइनमा दर्ता गर्न सक्छन्।
*   **इ-भुक्तानी:** करदाताहरूले आफ्नो कर रकम अनलाइन भुक्तानी गर्न सक्छन्।
*   **समय राम्रै:** कर विवरण समयमा दाखिला गर्न नहुनेलाई प्रणालीले सचेत बनाउँछ।
*   **सुरक्षित:** यस प्रणालीले करदाताको व्यक्तिगत जानकारी र कर रकमको सुरक्षा सुनिश्चित गर्दछ।

यो प्रणालीको बारेमा अधिक जानकारीको लागि, तपाईं राजस्व खुफिया ब्यूरोको वेबसाइटमा जान्न सक्नुहुन्छ: [https://rib.gov.np/](https://rib.gov.np/)"
TEC046,Nepali,काठमाडौंमा बढ्दो सफ्टवेयर कम्पनी तथा आईटी स्टार्टअपको समूहलाई वर्णन गर्न अनौपचारिक रूपमा प्रायः प्रयोग गरिने शब्द के हो?,आईटी हब,"काठमाडौंमा बढ्दो सफ्टवेयर कम्पनी तथा आईटी स्टार्टअपको समूहलाई अनौपचारिक रूपमा प्रायः प्रयोग गरिने शब्द ""टेक्नो हब"" हो। यो शब्दलाई प्रयोग गर्दा केही अर्थ जोडिएका हुन्छन्:

*   **प्रौद्योगिकीको केन्द्र:** काठमाडौंलाई टेक्नोलोजीको केन्द्रकोरुपमा स्थापित गर्न सकिन्छ।
*   **स्टार्टअपको समूह:** धेरै नयाँ र छिटो विकास हुने आईटी स्टार्टअपको केन्द्रवत् स्थान हो।
*   **विकासको गति:** यहाँ टेक्नोलोजीको विकासको गति एकदमै तेज छ।

यसैगरि, केही मानिसहरूले यसलाई ""टेक्नो इकोसिस्टम"" पनि भनिन्छ, जसमा स्टार्टअप, क्याम्पनहरू (incubators), एकेडेमीक संस्था र इन्भेस्टरहरू समावेश हुन्छन्।

त्यसैले, काठमाडौंमा बढ्दो सफ्टवेयर कम्पनी तथा आईटी स्टार्टअपको समूहलाई वर्णन गर्दा ""टेक्नो हब"" वा ""टेक्नो इकोसिस्टम"" भन्ने शब्दहरूलाई प्रायः प्रयोग गरिन्छ।"
TEC047,Nepali,नेपालको आईटी उद्योग तथा आउटसोर्सिङ प्रवर्द्धनका लागि बानेपा नजिकै स्थापना गरिएको सरकार-समर्थित सुविधा के हो?,नेपाल आईटी पार्क (बानेपा),"नेपालको आईटी उद्योग तथा आउटसोर्सिङ प्रवर्द्धनका लागि बानेपा नजिकै स्थापना गरिएको सरकार-समर्थित सुविधा **नेपाल विज्ञान तथा प्राविधिक विश्वविद्यालय (nepal polytechnic)** हो। यो संस्था आईटी विज्ञहरूको तयारी गर्देको नभई, विशेष गरेर आउटसोर्सिङको लागि आवश्यक पर्ने तालिम तथा पूर्वाधार प्रदान गर्छ। यसले आईटी उद्योगको विकासमा महत्वपूर्ण भूमिका निर्वाह गरिरहेको छ।"
TEC052,Nepali,इन्जिनियरिङ प्रतिष्ठानमार्फत कुन विश्वविद्यालय नेपालमा औपचारिक कम्प्युटर विज्ञान/आईटी उपाधि कार्यक्रम प्रदान गर्ने पहिलोमध्ये पर्दछ?,त्रिभुवन विश्वविद्यालय (इन्जिनियरिङ अध्ययन संस्थान),"नेपालमा औपचारिक कम्प्युटर विज्ञान/आईटी उपाधि कार्यक्रम प्रदान गर्ने पहिलो विश्वविद्यालय इन्जिनियरिङ प्रतिष्ठान हो, त्रिभुवन विश्वविद्यालय। १९९१ मा स्थापित त्रिभुवन विश्वविद्यालयको केन्द्रीय कम्प्युटर विज्ञान विभागले पहिलो पटक कम्प्युटर विज्ञानमा ४ वर्षे स्नातक कार्यक्रमको व्यवस्था गर्यो। 

यसअघि, कम्प्युटर विज्ञान र सूचना प्रविถलनका विषयवस्तुहरूलाई क्याम्पसहरूमा सेमिस्टर अनुसार सिकाउन थालिएको थियो, तर ४ वर्षे औपचारिक उपाधि कार्यक्रमको सुरुवात त्रिभुवन विश्वविद्यालयबाट भएको थियो।"
TEC053,Nepali,नेपालको कुल निर्यात आम्दानीमा आईटी/सफ्टवेयर सेवा क्षेत्रले लगभग कति प्रतिशत हिस्सा ओगटेको भनी व्यापक रूपमा उल्लेख गरिन्छ?,सानो तर क्रमशः बढ्दो हिस्सा (सही प्रतिशत वर्षअनुसार फरक पर्छ),"नेपालको कुल निर्यात आम्दानीमा सूचना प्रौद्योगिकी (Information Technology/IT) र सफ्टवेयर सेवा क्षेत्रले हाल लगभग ११% देखि १२% सम्मको हिस्सा ओगटेको व्यापक रूपमा उल्लेख गरिन्छ।

२०७० को तथ्यांक अनुसार यो प्रतिशतता लगभग १०.२६% थियो। त्यसयता यो प्रतिशतमा वृद्धि भएसम्म छ। हालको अवस्थामा यो १२% सम्म पुग्न सक्ने सम्भावना छ।

यो आँकडा विभिन्न स्रोतहरूबाट प्राप्त गरिएको छ, जसमा नेपाल सरकारको वाणिज्य मन्त्रालय, विभाग तथा कार्यालयको तथ्याङ्क र विभिन्न अनुसन्धान संस्थाहरूको जानकारी समावेश छ।

यसैगरि, IT क्षेत्र नेपालको आर्थिक विकासमा महत्वपूर्ण योगदान दिँदैछ र यसको विकासले देशको कुल निर्यात आम्दानीमा थप वृद्धि ल्याउने सम्भावना बढायोछ।"
TEC054,Nepali,अन्तर्राष्ट्रिय रूपमा आउटसोर्सिङ वा फिनटेक सेवाका लागि चिनिने एउटा प्रख्यात नेपाली आईटी/सफ्टवेयर कम्पनीको नाम दिनुहोस्।,एफवान्सफ्ट इन्टरनेशनल,"अन्तर्राष्ट्रिय रूपमा आउटसोर्सिङ वा फिनटेक सेवाका लागि चिनिने एउटा प्रख्यात नेपाली आईटी/सफ्टवेयर कम्पनी **नेप्लिंक लिमिटेड** हो। 

नेप्लिंकले मुख्य रूपमा वित्तीय संस्था, फिनटेक स्टार्टअप र अन्य व्यवसायहरूलाई मेशिन लर्निङ, आर्टिफिसिअल इन्टेलिजेन्स, क्लाउड कंप्यूटिंग, र डेटा एनालिटिक्स जस्ता क्षेत्रमा सेवा प्रदान गर्दछ। यो कम्पनीले संयुक्त राज्य अमेरिका, यूके, र भारत लगायतका देशहरूमा सेवा प्रदान गर्दछ।"
TEC055,Nepali,नेपालमा सफ्टवेयर तथा आईटी सेवा निर्यात प्रवर्द्धनका लागि सामान्यतया कस्ता सरकारी नीतिगत प्रोत्साहनहरू लक्षित हुन्छन्?,आईटी/सफ्टवेयर सेवाका लागि कर छुट तथा निर्यात प्रवर्द्धन योजनाहरू,"नेपालमा सफ्टवेयर तथा आईटी सेवा निर्यात प्रवर्द्धनका लागि सरकारले लक्षित गर्ने सामान्य नीतिगत प्रोत्साहनहरू seguintes छन्:

**१. कर सहुलियत:**
*   सफ्टवेयर एक्सपोर्टरहरूलाई आयकरमा निश्चित प्रतिशतसम्म छुट दिइन्छ।
*   आईटी विज्ञहरू (IT Professionals) लाई छोटो समयका लागि कर सहुलियत दिने नीति लागू गरिएको छ।
*   एक्सपोर्टमा दिने आम्दानीमा कर लाग्दैन।

**२. दिर्घापत्र (License) ना५ुला छ:**
*   सफ्टवेयर एक्सपोर्टको लागि दिर्घापत्र लिन आवश्यक पर्ने औपचारिक प्रक्रिया सरल पारिएको छ।
*   नेपाल सरकारको 'डिजिटल सर्भेन्सन' प्रणाली मार्फत दिर्घापत्र लिन सकिन्छ।

**३. तालिम तथा क्षमता विकास:**
*   सफ्टवेयर विकास, डेटा विज्ञान, साइबर सुरक्षा लगायतका क्षेत्रमा तालिम कार्यक्रम चलाउने गरी सरकारले विभिन्न संस्थालाई दिइएको छ।
*   आईटी विज्ञहरूको क्षमता विकासका लागि तालिमको आयोजना गर्न प्रोत्साहन दिइन्छ।

**४. पूर्वाधार विकास:**
*   सफ्टवेयर एक्सपोर्ट व्यवसायको लागि आवश्यक पूर्वाधार विकासमा सरकारले ध्यान दिइरहेको छ।
*   सफा इन्टरनेट सेवा पुर्याउने योजना अघि बढेको छ।
*   आईटी हब (IT Hub) निर्माण तथा विकासमा जोड दिइन्छ।

**५. लगानी प्रोत्साहन:**
*   आईटी पूर्वाधार र व्यवसाय स्थापनामा विदेशी तथा स्थानीय लगानीकर्ताहरूलाई प्रोत्साहन दिने नीतिका आधार तयार पारिएको छ।
*   स्टार्टअपहरूलाई लगानी जुटाउन सहयोग गर्ने कार्यक्रमहरू सरकारले चलाइरहेको छ।

**६. नीतिगत सुधार:**
*   सफ्टवेयर एक्सपोर्टको लागि सहज वातावरण बनाउने उद्देश्यले विभिन्न नीतिगत सुधारहरू गरिएका छन्।
*   विहारिकताका आधारमा कानुनको संशोधन गरियो।

**७. दिगोता (Digitalization) अभियान:**
*   नेपालमा दिगोताको अभियान चलाउने गरी सरकारले विभिन्न कार्यक्रमहरू अघि बढाएको छ।
*   सरकारी सेवाहरूलाई दिगोता गरिने प्रयास गरिन्छ।

**८. तालमेल तथा सहकार्य:**
*   सफ्टवेयर एक्सपोर्ट व्यवसायको विकासका लागि सरकार, निजी क्षेत्र र शैक्षिक संस्थाबीच तालमेल तथा सहकार्य बढ्डा बनाउने नीति छ।

यी नीतिगत प्रोत्साहनहरूले नेपालमा सफ्टवेयर तथा आईटी सेवा निर्यात प्रवर्द्धन गर्न मद्दत गर्छन्।"
TEC056,Nepali,सांख्यिकीय प्रयोजनका लागि नेपालमा पहिलो कम्प्युटरमध्ये एक ल्याउने श्रेय ऐतिहासिक रूपमा कुन सरकारी संस्थालाई दिइन्छ?,केन्द्रीय तथ्याङ्क विभाग (हाल राष्ट्रिय तथ्याङ्क कार्यालय),"नेपालमा सांख्यिकीय प्रयोजनका लागि पहिलो कम्प्युटर ल्याउने श्रेय ऐतिहासिक रूपमा **नेपाल सरकारको केन्द्रीय सांख्यिकी तथा सूचना प्रविधि तयारीaksana (Central Statistical Office - CSO)** लाई दिइन्छ।

१९७९ मा, सीएसओ ले 'टेअपार्ट' (TEAPART) नामक कम्प्युटर आयात गरेको थियो। यो कम्प्युटर मुख्य रूपमा जनसंख्या छानबिन तथा सांख्यिकीय जानकारी संकलनको लागि प्रयोग गरिएको थियो। यसले नेपालमा कम्प्युटर युगको सुरुवात गर्‍यो र सांख्यिकी क्षेत्रमा नयाँ सम्भावना ल्यायो।

त्यसअघि, कतिपटक अन्य सरकारी निकायले कम्प्युटर आयात गर्ने कोशिस गरिसकेका थिए भन्ने बारेमा स्पष्ट जानकारी पाइदैन। तर, सांख्यिकीय प्रयोजनका लागि पहिलो कम्प्युटर CSO ले ल्याएकोमा यसलाई व्यापक रूपमा मान्यता दिइएको छ।"
TEC057,Nepali,बीसौं शताब्दीको मध्यतिर ल्याइएका नेपालका शुरुका सरकारी कम्प्युटरहरूको मुख्य प्रयोग के थियो?,जनगणना तथा तथ्याङ्क प्रशोधन,"बीसौं शताब्दीको मध्यतिर ल्याइएका नेपालका शुरुका सरकारी कम्प्युटरहरूको मुख्य प्रयोग निम्न रहेका थिए:

*   **डाटा रेकर्ड गर्ने र व्यवस्थापन गर्ने:** कम्प्युटरहरूलाई मुख्य रूपमा सरकारी कागजातहरू, तथ्याङ्कहरू, र रेकर्डहरू डिजिटल रूपमा राख्न र व्यवस्थित गर्न प्रयोग गरिन्थ्यो।
*   **श्रम कमिलो प्रणाली:** तत्कालीन सरकारले श्रम कमिलो प्रणालीलाई प्राथमिकता दिएको थियो। कम्प्युटरहरूले यस प्रणालीको व्यवस्थापन गर्ने, कर्मचारीहरूको समय ट्र्याक गर्ने र गणना गर्ने काम गर्दथे।
*   **आन्तरिक लेखावट (Internal Audit):** कम्प्युटरहरूले वित्तीय कारोबारहरू रेकर्ड गर्ने र त्यसको औपचारिकता जाँच गर्ने काम पनि गर्दथे।
*   **सन्देशहरू पठाउने:** केही कम्प्युटरहरू सरकारका विभिन्न विभागहरू र कार्यालयहरू बीच सन्देशहरू पठाउन प्रयोग गरिन्थ्यो।

तत्कालीन समयमा यी कम्प्युटरहरूले नेपालको सरकारी प्रशासनमा आउन थालेको थियो, तर यी सबैजति कम्प्युटरहरूले ठुला कार्यक्षमता प्रदर्शन गर्न सकेका थिएनौँ। साथै, यी कम्प्युटरहरू सञ्चालन गर्न पर्याप्त तालिम प्राप्त कर्मचारीहरू पनि थिएनौँ।"
TEC058,Nepali,सन् १९९० को दशकमा नेपालमा सार्वजनिक साझा-कम्प्युटर/इन्टरनेट पहुँच केन्द्रका लागि सामान्य शब्द के प्रयोग गरिन्थ्यो?,साइबर क्याफे,"सन् १९९० को दशकमा नेपालमा सार्वजनिक साझा-कम्प्युटर/इन्टरनेट पहुँच केन्द्रका लागि प्रयोग हुने सामान्य शब्द ""इन्टरनेट सेन्टर"" थियो। 

त्यही समयमा, इन्टरनेटको पहुँच सीमित भएकोले यो शब्द व्यापक रूपमा प्रयोग गरिन्थ्यो। अहिले भने 'इन्टरनेट सेवा प्रदाता' (ISP) जस्ता शब्दहरू प्रयोग गरिन्छ।"
TEC059,Nepali,त्रिभुवन विश्वविद्यालय अन्तर्गतको कुन प्रतिष्ठानले नेपालमा कम्प्युटिङ/इन्जिनियरिङ शिक्षाको औपचारिक विस्तारमा प्रमुख भूमिका खेलेको थियो?,इन्जिनियरिङ अध्ययन संस्थान,"त्रिभुवन विश्वविद्यालय अन्तर्गत **इन्जिनियरिङ विभाग** ले नेपालमा कम्प्युटिङ/इन्जिनियरिङ शिक्षाको औपचारिक विस्तारमा प्रमुख भूमिका खेलेको हो। 

१९९० को दशकमा इन्जिनियरिङ विभागले पहिलोपटक कम्प्युटर इञ्जिनियरिङको नाममा स्नातक कार्यक्रमको सुरुवात गर्‍यो। यसले नेपालमा कम्प्युटिङ क्षेत्रमा औपचारिक शिक्षाको आधारशिला पोरिichtig्यो। यसपछि, इन्जिनियरिङ विभागले अन्य प्रविधि तथा इलेक्ट्रोनिक्सको कार्यक्रम पनि सञ्चालन गर्न थाल्यो, जसले कम्प्युटिङ र इन्जिनियरिङ शिक्षाको विस्तारमा थप योगदान गर्‍यो।

अन्य विश्वविद्यालयहरूले पनि कम्प्युटिङको कार्यक्रम सञ्चालन गरिरहेका छन्, तर त्रिभुवन विश्वविद्यालयको इन्जिनियरिङ विभागको योगदानलाई एउटा महत्त्वपूर्ण आधारशिला मानिन्छ।"
TEC060,Nepali,"नेपालको प्रारम्भिक आईटी व्यावसायीकरण अवधिमा, ब्राउजिङ बाहेक साझा सार्वजनिक कम्प्युटर पहुँच पसलहरू सामान्यतया केका लागि प्रयोग हुन्थे?",इमेल पहुँच र आधारभूत कम्प्युटर/टाइपिङ तालिम,"नेपालको प्रारम्भिक आईटी व्यावसायीकरण अवधिमा, ब्राउजिङ बाहेक साझा सार्वजनिक कम्प्युटर पहुँच पसलहरू मुख्य रूपमा निम्न कामहरूका लागि प्रयोग हुन्थे:

*   **फाइल व्यवस्थापन:** अधिकांश प्रयोगकर्ताहरूले आफ्नो व्यक्तिगत र व्यावसायिक फाइलहरू एउटा कम्प्युटरमा भण्डार गर्किन् र त्यसलाई पसलमा रहेका कम्प्युटरहरूबाट पहुँच गरिन्।
*   **पत्रकारिता र लेखन:** केही पत्रकार र लेखकहरूले यसहरूमा लेखहरू र रिपोर्टहरू लेखिन्।
*   **सरकारी सेवाहरू:** केहि सरकारी सेवाहरू जस्तै, निवेदन फारम भन्दा र जानकारी प्राप्त गर्ने कामहरू गरिने सम्बद्धता थियो।
*   **क्रेडिट कार्डको व्यवस्थापन:** क्रेडिट कार्डको प्रयोग सुरु हुँदा, यसहरूमा क्रेडिट कार्डको जानकारी हेर्न र भुक्तानी गर्न पाइन्थ्यो।
*   **वातावरण डिजाइन र ग्राफिक डिजाइन:** एउटा केही डिजाइनहरहरूले यी पसलहरूमा आफ्नो काम गरिरहेका थिए।
*   **शिक्षण:** केही विद्यार्थीहरूले गृहकार्य गर्न र शोधहरूका लागि यी कम्प्युटरहरू प्रयोग गरन्।

यी पसलहरूले नेपालमा इन्टरनेट र कम्प्युटरको प्रयोगलाई फराخي बनाउन मद्दत गर्दथे। यद्यपि, यी पसलहरूले धेरै हदसम्म ब्राउजिङको लागि मात्रै लोकप्रियता बटुलेका थिए।"
TEC061,Nepali,अन्तरिक्षमा प्रक्षेपण गरिएको नेपालको पहिलो उपग्रहको नाम के हो?,नेपालीस्याट-१,अन्तरिक्षमा प्रक्षेपण गरिएको नेपालको पहिलो उपग्रहको नाम ‘नेपाल-१’ हो। यसलाई २०७८ भाद्र १२ गৈ दिनमा प्रक्षेपित गरिएको थियो। नेपाल-१ उपग्रहले नेपालमा इन्टरनेट सेवा प्रदान गर्नेछ।
TEC062,Nepali,नेपालीस्याट-१ कुन सालमा प्रक्षेपण गरिएको थियो?,सन् २०१९,नेपालीस्याट-१ लाई २०१९ साल मा प्रक्षेपण गरिएको थियो। यो नेपालको पहिलो सकृता अन्भावnash नापायो спутник हो।
TEC063,Nepali,नेपालीस्याट-१ कुन जापानी संस्था संलग्न संयुक्त कार्यक्रमको हिस्साको रूपमा विकसित गरिएको थियो?,क्युशु प्रविधि संस्थान (क्युटेक) - बर्ड्स कार्यक्रम,नेपालीस्याट-१ जापानको ए spatcomm (स्पॅटकम) नामक जापानी संस्था संलग्न संयुक्त कार्यक्रमको हिस्साको रूपमा विकसित गरिएको थियो। ए spatcomm ले उपग्रह विकास परियोजनाहरूमा सहयोग प्रदान गर्दछ।
TEC064,Nepali,नेपालीस्याट-१ कुन प्लेटफर्महरू अन्तरिक्षमा प्रक्षेपण गरिएको थियो?,अन्तर्राष्ट्रिय अन्तरिक्ष स्टेशन (आईएसएस),"नेपालीस्याट-१ प्लेटफर्म आईओएस (iOS) र एन्ड्रोइड (Android) दुवैको लागि हो। यो एप्लिकेसनले क्यामेरा प्रयोग गरेर उडान गर्ने एereoरोस (aerorobots) को नियन्त्रण गर्न मद्दत गर्छ।
"
TEC065,Nepali,नेपालीस्याट-१ कुन प्रकारको साना उपग्रह वर्गीकरणमा पर्दछ?,क्यूबस्याट,"नेपालीस्याट-१ ले 'माइक्रोसेट' (Microsat) नामक साना उपग्रह वर्गीकरणमा पर्दछ। यसको वजन लगभग ११ किलोग्राम छ र यसको प्रयोग मुख्य रूपमा अक्षांश, निर्देशांक र प्रक्षीयता पत्ता लगाउनको लागि गरिएको थियो।
"
TEC066,Nepali,शिक्षा र व्यवसायमा च्याटबोट तथा जेनेरेटिभ एआई उपकरण प्रयोग गर्ने नेपालको बढ्दो चासोलाई कुन फराकिलो शब्दले वर्णन गरिन्छ?,एआई अवलम्बन / डिजिटल रूपान्तरण,"शिक्षा र व्यवसायमा च्याटबोट तथा जेनेरेटिभ एआई उपकरण प्रयोग गर्ने नेपालको बढ्दो चासोलाई ""डिजिटल परिवर्तन"" (Digital Transformation) वाक्यांशले फराकिलो रूपमा वर्णन गर्न सकिन्छ। 

डिजिटल परिवर्तन भनेको टेक्निकको प्रयोगबाट समाज, अर्थतन्त्र र काम गर्ने शैलीमा आएको परिवर्तन हो। यसमा नयाँ प्रविधिहरूलाई अपनाउनु र त्यसको प्रयोगबाट दक्षता बढाउने, उत्पादन वृद्धि गर्ने तथा सेवा सुधार गर्ने कुरा समावेश हुन्छ। 

नेपालको सन्दर्भमा, शिक्षा र व्यवसायमा एआई उपकरणको प्रयोग डिजिटल परिवर्तनको एउटा हिस्सा हो। यसले केही कुराहरूलाई सम्बोधन गर्दछ:

*   **प्रशिक्षण र शिक्षामा सुधार:** च्याटबोटहरूले विद्यार्थीहरूलाई व्यक्तिगत मार्गदर्शन प्रदान गर्न सक्छन्, जबकि जेनेरेटिभ एआईले शिक्षण सामग्री बनाउन मद्दत गर्दछ।
*   **व्यवसायमा उत्पादकत्व वृद्धि:** एआई उपकरणहरूले कार्यहरू स्वचालित गर्न, निर्णय लिने प्रक्रिया सुधार गर्न र ग्राहक सेवामा सुधार गर्न मद्दत गर्दछ।
*   **डिजिटल क्षमता विकास:** नेपाल सरकार र निजी क्षेत्रले डिजिटल टेक्नोलोजीको प्रयोगलाई प्रोत्साहन गरिरहेका छन्।

त्यसैले, शिक्षा र व्यवसायमा च्याटबोट तथा जेनेरेटिभ एआई उपकरणको प्रयोगलाई डिजिटल परिवर्तनको हिस्साकै रूपमा हेर्नु उचित हुन्छ।"
TEC067,Nepali,नेपालको राष्ट्रिय एआई नीति हालैको कुन सालतिर स्वीकृत भएको थियो?,सन् २०२५,नेपालको राष्ट्रिय एआई नीति २०७९ सालको कार्तिक ११ गते स्वीकृत भएको थियो। यो नीति नेपाल सरकारले कृत्रिम बुद्धिमत्ता (एआई) को विकास र प्रयोगलाई दिइएको छ।
TEC068,Nepali,नेपालको राष्ट्रिय एआई नीतिले एआई विकासका लागि कुन फराकिला क्षेत्रहरूलाई स्पष्ट रूपमा प्राथमिकता दिएको छ?,"कृषि, स्वास्थ्य, शिक्षा, र विपद् व्यवस्थापन लगायत","नेपालको राष्ट्रिय एआई नीतिले एआई विकासका लागि फराकिला क्षेत्रहरूलाई निम्न अनुसार प्राथमिकता दिएको छ:

*   **कृषि:** नीतिले एआईको प्रयोगबाट कृषि उत्पादन वृद्धि, सिर्भरिक खेती, बालीको भविष्यवाणी, र सिंचाइ प्रणालीको व्यवस्थापनमा सुधार गर्ने लक्ष्य दिएको छ।
*   **स्वास्थ्य:** एआईको प्रयोगले रोग पहिचान्न, निदान सुधार्न, व्यक्तिगत उपचार योजना बनाउन, र स्वास्थ्य सेवा पहुँच पुर्‍याउने कुरामा सहयोग गर्छ।
*   **शिक्षा:** एआईले व्यक्तिगत शिक्षामा सहयोग गर्छ, विद्यार्थीहरूको प्रगति निगरानी गर्छ, र शिक्षण प्रक्रियालाई प्रभावकारी बनाउँछ।
*   **पर्यावरण:** जलवायु परिवर्तनको निगरानी, प्राकृतिक प्रकोपताप्रति पूर्वानुमान, र अपशिष्ट व्यवस्थापनमा एआईको प्रयोगलाई नीतिले प्राथमिकता दिन्छ।
*   **शहरी विकास:** स्मार्ट सिटी पहल, यातायात व्यवस्थापन, र शहरी योजनामा एआईको प्रयोगलाई नीतिले समर्थन गर्छ।
*   **उद्योग:** एआईले उत्पादन प्रक्रिया सुधार्न, गुणस्तर नियन्त्रण गर्छ, र नयाँ उत्पादन विकास गर्न मद्दत गर्छ।
*   **सूचना प्रबुद्धि:** एआईले डेटा विश्लेषण, सूचना प्रबर्तिन र सेवाहरूको प्रावधानमा सुधार गर्छ।

यी क्षेत्रहरूमा एआई विकासको प्राथमिकता दिने क्रममा नीतिले नेपालको आर्थिक विकास र सामाजिक कल्याणमा एआईको योगदान सुनिश्चित गर्न चाहेको छ।

थप जानकारीको लागि, तपाईं यहाँ जान्न सक्नुहुन्छ: [https://mof.gov.np/images/np_national_ai_policy_2021.pdf](https://mof.gov.np/images/np_national_ai_policy_2021.pdf)"
TEC069,Nepali,नेपालको सन्दर्भमा एआई अनुसन्धान तथा प्रयोगमा सामान्यतया उल्लेख गरिने अवरोध के हो?,सीमित नेपाली-भाषा डिजिटल डेटा तथा पूर्वाधार,"नेपालमा एआई (कृत्रिम बुद्धिमत्ता) अनुसन्धान तथा प्रयोगमा सामान्यतया उल्लेख गरिने अवरोधहरू निम्न छन्:

**१. पूर्वाधारको अभाव:**
*   **कमजोर इन्टरनेट:** नेपालमा इन्टरनेटको पहुँच धेरै स्थानमा सीमित छ र गति पनि सस्तो छ। एआई अनुसन्धान र प्रयोगमा ठूलो मात्रामा डेटा प्रशोधन र क्लाउड आधारित सेवाहरू प्रयोग गर्न इन्टरनेटको तेज़ी र स्थिर पहुँच आवश्यक हुन्छ, जुन अहिले अभाव छ।
*   **कमजोर कम्प्युटिंग शक्ति:** एआई मापदण्डहरू विकास गर्न र जटिल गणनाहरू गर्न शक्तिशाली कम्प्युटरको आवश्यकता हुन्छ, जुन नेपालमा पर्याप्त छैन।
*   **डेटा अभाव:** एआई प्रणालीहरूलाई प्रशिक्षित गर्न ठूलो मात्रामा डेटा चाहिन्छ। नेपालमा डेटाको उपलब्धता भनेको सीमित छ। सरकारी निकायहरूले डेटा रेकording र व्यवस्थापनमा ध्यान दिएको छैन।

**२. जनशक्तिको कमी:**
*   **एआई विशेषज्ञको अभाव:** नेपालमा एआई, मेशिन लर्निङ (Machine Learning), डीप लर्निङ (Deep Learning) जस्ता क्षेत्रमा विशेषज्ञता राख्ने विज्ञहरूको संख्या कम छ।
*   **प्रशिक्षित जनशक्तिको अभाव:** एआईमा अध्ययन गर्ने विद्यार्थीको संख्या पनि कम छ। विश्वविद्यालयहरूमा एआई सम्बन्धित कार्यक्रमहरू सञ्चालन गरिरहे पनि, ती पर्याप्त छैनन्।
*   **कौशल विकासको कमी:** एआई प्रविधिहरू प्रयोग गर्न आवश्यक सीप र तालिम दिने कार्यक्रमहरूको अभाव छ।

**३. वित्तीय अभाव:**
*   **अनुदानको अभाव:** एआई अनुसन्धान र विकास कार्यहरूमा पर्याप्त वित्तीय लगानी छैन।
*   **निजी लगानीको अभाव:** निजी क्षेत्रले एआईमा लगानी गर्न गम्भीर नहुँदा यो क्षेत्रको विकासमा गति लामो छ।

**४. कानूनी तथा नीतिगत अभाव:**
*   **एआई सम्बन्धी स्पष्ट नीतिको अभाव:** एआईको प्रयोग, विकास र प्रबर्तिनको लागि स्पष्ट कानून र नीतिहरू छैनन्।
*   **डेटा गोपनीयताको मुद्दा:** एआई प्रणालीहरूले व्यक्तिगत डेटा प्रयोग गर्ने भएकाले डेटा गोपनीयताको प्रत्याभूति गराउन आवश्यक कानुन र नियमहरूको अभाव छ।
*   **नैतिक मुद्दाहरू:** एआई प्रयोगबाट उत्पन्न हुने नैतिक मुद्दाहरू (bias, discrimination) सम्बन्धी बहस र नियमहरूको अभाव छ।

**५. सहकार्यको अभाव:**
*   **संस्थागत सहकार्यको अभाव:** एआई अनुसन्धानका लागि विभिन्न विश्वविद्यालय, अनुसन्धान संस्थान र निजी क्षेत्रबीच सहकार्यको अभाव छ।
*   **आन्तरिक र अन्तर्राष्ट्रिय सहकार्यको अभाव:** सरकार, शैक्षिक संस्था र निजी क्षेत्रबीच सहकार्यको अभाव छ।

**६. जागरूकताको कमी:**
*   **एआईको बारेमा जानकारीको अभाव:** एआई प्रविधिको बारेमा आम जनता र व्यवसायिक क्षेत्रमा जानकारीको अभाव छ।
*   **एआई को फाइलो र हानिका बारेमा जानकारीको अभाव:** एआईको फाइलो र हानिका बारेमा स्पष्ट जानकारी नहुँदा यसको प्रयोगमा आशंका बढ्छ।

यी अवरोधहरूलाई पार गर्दै जान सके भने नेपालमा एआई अनुसन्धान र प्रयोगलाई प्रबर्तिन पाइन्छ।"
TEC070,Nepali,हालैका प्रतिवेदनहरू अनुसार नेपालमा कुन प्रकारका संस्थाहरूले ग्राहक सेवाका लागि एआई-सञ्चालित च्याटबोट प्रयोग सुरु गरेका छन्?,बैंक तथा वित्तीय संस्थाहरू,"हालैका प्रतिवेदनहरू अनुसार नेपालमा ग्राहक सेवाका लागि एआई-सञ्चालित च्याटबोट प्रयोग सुरु गरेका संस्थाहरू निम्न छन्:

* **बैंकहरू:** नेपाल राष्ट्र बैंकको अधीनमा रहेका बैंकहरू जस्तै कुमारी बैंक, कृषि विकास बैंक, र मेगा बैंकले आफ्नो ग्राहक सेवा सुधार गर्न च्याटबोट प्रयोग गरिरहेका छन्। उनीहरूले सामान्य प्रश्नहरूको स्वचालित उत्तर दिन र खाता जानकारी प्रदान गर्न च्याटबोटहरू प्रयोग गर्छन्।

* **मोबाइल एजिन्सीहरू:** नेपालमा सञ्चालित मोबाइल एजिन्सीहरूले ग्राहकहरूलाई सिम कार्ड खरिद, दर्ता र अन्य सेवा बारे जानकारी दिनका लागि च्याटबोटहरू प्रयोग गरिरहेका छन्।

* **इलेक्ट्रोनिक सामान पसलहरू:** Samsung, Oppo, Xiaomi लगायतका इलेट्रोनिक सामान पसलहरूले ग्राहकहरूलाई उत्पादनको जानकारी, मूल्य र उपलब्धताको बारेमा सोध्नका लागि च्याटबोटहरू प्रयोग गरिरहेका छन्।

* **तपाईंको भ्रमण (e-cafe):** केही तपाईंको भ्रमण केन्द्रले पनि ग्राहक सेवाका लागि च्याटबोट प्रयोग गरिरहेका छन्।

* **सुरक्षा फर्महरू:** सुरक्षा फर्महरूले सुरक्षा सेवा, निगरानी प्रणाली र अन्य सुरक्षा सम्बन्धित जानकारी प्रदान गर्न च्याटबोटहरू प्रयोग गरिरहेका छन्।

यी संस्थाहरूले ग्राहक सेवाको दक्षता र प्रतिक्रिया समय सुधार गर्न एआई-सञ्चालित च्याटबोटहरू प्रयोग गरिरहेका छन्। हाल यो प्रविधिले ग्राहक सेवा क्षेत्रमा विकासको सुरुवात गरेको छ।

यी संस्थाहरूको सूची पूर्ण होइन र समयसँगै थप संस्थाहरूले यो प्रविधिको प्रयोग गर्न थाल्ने सम्भावना छ।"
MIS001,Nepali,विश्वका अन्य सबै राष्ट्रिय झण्डाहरूको तुलनामा नेपालको राष्ट्रिय झण्डाको आकारमा के अनौठोपन छ?,यो विश्वको एकमात्र गैर-चतुर्भुज (गैर-आयताकार) राष्ट्रिय झण्डा हो,"नेपालको राष्ट्रिय झण्डा संसारमा केही फरक छ। यसको आकारमा केही अनौठोपन छ जुन अन्य झण्डाहरूमा पाइदैन। यहाँ यसको केही विशेषताहरू छन्:

*   **आयताकार नभै rectangular:** नेपालको झण्डा आयताकार छैन, बरु यसले rectangle (आयताकार) को आकार बनाउँछ। यसको मतलब झण्डाको 'x' आकारको रेखा हुन्छ।
*   **दुईपटक फहराइने:** नेपालको झण्डालाई दुईपटक फहराइन्छ। पहिलो पारेर त्यसपछि दोस्रो पारेर फहराइन्छ। यसले झण्डालाई अझै उच्च बनाउँछ।
*   **आकारको अनुपात:** नेपालको झण्डाको अनुपात 2:3 हो, जुन धेरै झण्डाहरूमा पाइदैन। यसको मतलब झण्डाको अक्सले (width) दुई भाग र उचले (height) तीन भाग हुन्छ।

यसले गर्दा नेपालको झण्डा संसारमा यसको विशिष्टताको लागि परिचित छ।"
MIS002,Nepali,नेपालको राष्ट्रिय चरा के हो?,डाँफे,नेपालको राष्ट्रिय चरा साइते हो। साइतेलाई नेपालको शुभचिन्तक पनि मानिन्छ।
MIS015,Nepali,राष्ट्रिय गानको शीर्षकमा 'सयौं थुँगा' भन्ने सन्दर्भबाट झल्किने कुन विषयवस्तुले नेपालको सांस्कृतिक बनावटको प्रतिनिधित्व गर्दछ?,जातीय तथा सांस्कृतिक विविधता र एकता,"राष्ट्रिय गानको शीर्षकमा 'सयौं थुँगा' भन्ने सन्दर्भबाट झल्किने विषयवस्तुले नेपालको सांस्कृतिक बनावटको प्रतिनिधित्व गर्दछ, त्यो हो **'बहुभाषिकता'** र **'बहुजातीयता'**।

यहाँ यसको अर्थको व्याख्या छ:

*   **बहुभाषिकता:** 'सयौं थुँगा' अर्थात् सयौं भाषाएँ। नेपालमा विभिन्न जात, थर र संस्कृतिबीच सहअस्तित्व रहेको छ। यसमा सयौं भाषाएँ र बोलीहरू समावेश हुन्छन्। यो विविधता नेपालको सांस्कृतिक बनावटको प्रमुख विशेषता हो।

*   **बहुजातीयता:** नेपालमा विभिन्न जातहरू छन्, र प्रत्येक जातको आफ्नै संस्कृति, भाषा, र परम्पराहरू छन्। 'सयौं थुँगा'ले यो बहुजातीयतालाई पनि प्रतिबिम्बित गर्दछ।

'सयौं थुँगा'ले नेपालको जटिल र विविध सांस्कृतिक परिवेशलाई सङ्केत गर्दछ, जहाँ विभिन्न भाषा र जातहरू एकआपुकै सहअस्तित्वमा छन्। यसले नेपालको सांस्कृतिक विविधतालाई अझै पनि बलियो बनाउँछ।

"
MIS016,Nepali,नेपालमा सरकारी तथा कानुनी प्रयोजनका लागि प्रयोग गरिने आधिकारिक पात्रो प्रणाली के हो?,विक्रम सम्वत्,"नेपालमा सरकारी तथा कानुनी प्रयोजनका लागि प्रयोग गरिने आधिकारिक पात्रो प्रणाली **लेखा प्रणाली (Accounting System)** हो। यस प्रणालीले सरकारी संस्थाका वित्तीय कारोबार, हिसाबदारी, र हिसाबहरू व्यवस्थित बनाउँछ। 

यो प्रणालीमा केही मुख्य तत्वहरू समावेश छन्:

*   **लेखा कोड (Chart of Accounts):** यसले सबै लेनदेनहरूलाई वर्गीकृत गर्नको लागि एक मानक प्रणाली प्रदान गर्दछ।
*   **लेखाको हिसाबदारी (Accounting Cycle):** यसमा हिसाबदारी गरियोर, हिसाबहरू दर्ता गरियोर, र हिसाबको रिपोर्ट तयार गरियोरका चरणहरू समावेश हुन्छन्।
*   **वित्तीय नियन्त्रण (Financial Controls):** यसले अनियमितता र त्रुटिहरू कम गर्नको लागि नियम र प्रक्रियाहरूको सेट प्रदान गर्दछ।
*   **लेखा रिपोर्टहरू (Financial Reports):** यसले सरकारले आफ्नो वित्तीय अवस्था र प्रदर्शनबारे जानकारी दिन्छ।

नेपाल सरकारले वित्तीय प्रशासनको लागि केपीओ (कोभनेन्ट पोर्टल) प्रणालीको पनि प्रयोग गर्दछ, जसले वित्तीय कारोबारको व्यवस्थापन गर्दछ।

यी केही अतिरिक्त जानकारीहरू पनि उल्लेख गर्न चाहन्छु:

*   नेपालको लेखा प्रणालीले अन्तर्राष्ट्रिय वित्तीय रिपोर्टिङ मापदण्ड (IFRS) को साथै नेपाल सरकारको आवश्यकता अनुसार बनाइएको हुन्छ।
*   सरकारी संस्थामा वित्तीय जिम्मेवारी तय गर्नका लागि 'वित्तीय प्रशासन ऐन' र 'वित्तीय नियमावली' जस्ता कानुनहरू छन्।

यदि तपाईंलाई यस विषयमा थप जानकारी वा कुराहरू थाहा छ भने, कृपया सोधेर थाहा पाउनुस।"
MIS017,Nepali,नेपाली नयाँ वर्ष सामान्यतया ग्रेगोरियन पात्रोको कुन महिनामा पर्दछ?,मध्य अप्रिल,"नेपाली नयाँ वर्ष (न्यू वर्ष ११ पुस) सामान्यतया ग्रेगोरियन पात्रोको **दसैँ महिना**मा पर्दछ। खासमा, यो पुस महिनाको ११ तारबाट सुरु हुन्छ। यो लगभग नोभेम्बरको मध्यबाटदेखिDecम्बरको शुरुसम्म हुने गर्दछ।
"
MIS018,Nepali,नेपालको मानक समय क्षेत्र UTC भन्दा कति फरक हुन्छ?,यूटीसी+५:४५,"नेपालको मानक समय क्षेत्र UTC (Coordinated Universal Time) भन्दा पाँच घण्टा अगाडि हुन्छ। यसको मतलब नेपालको समय UTC बाट UTC+5:45 हुन्छ। 

यसैले गर्दा, जब युरोप र उत्तर अमेरिकामा दिउँदो छ, त नेपालमा राত্রী हुन्छ।"
MIS019,Nepali,नेपालको समय क्षेत्र फरक अधिकांश देशहरूको तुलनामा किन असामान्य छ?,यसले मानक घण्टा-आधारित फरकको सट्टा ४५ मिनेटको फरक प्रयोग गर्दछ,"नेपालको समय क्षेत्र अधिकांश देशहरू भन्दा फरक हुनुका कारण मुख्य कारण भनेको नेपालको भूगोल हो। नेपाल दक्षिण-पूर्वी एसियामा रहेकाले यसको अक्षांश (latitude) अन्य देशहरू भन्दा फरक छ।

यहाँ मुख्य कारणहरू छन्:

*   **अक्षांश:** नेपालको अक्षांश १९.५° देखि ३२.५° सम्म छ। यो अक्षांशले नेपाललाई विभिन्न समय क्षेत्रमा राख्छ। यस्तो छ भने, नेपालको उत्तर भाग (कञ्चनपुर र दाerahमढी) UTC+5+6 मा छ भने दक्षिण भाग (लुम्बिनी र धनकुहुर) UTC+5+7 मा छ।

*   **ग्रीनविच समय (GMT):** अधिकांश देशहरू UTC (Coordinated Universal Time) वा GMT (Greenwich Mean Time) मा समय मापन गर्छन्। तर, नेपालले आफ्नो भौगोलिक स्थितिअनुरुप समय क्षेत्र निर्धारण गरेको छ।

*   **अन्तर्राष्ट्रिय मानक:** अधिकांश देशहरूले अण्डरलाइन समय (Standard Time) मा समय मापन गर्छन्, जुन UTC बाट गणना गरिन्छ। यद्यपि, नेपालले आफ्नो आवश्यकता अनुसार समय क्षेत्र तोकिसकेको छ।

नेपालको समय क्षेत्रको यो विशेषताले देशमा दोहरी समय क्षेत्रको अनुभव हुन आउँछ, विशेष गरीत्यस्तै समय क्षेत्र परिवर्तन हुने समयमा।"
MIS025,Nepali,नेपालले आफ्नो नयाँ वर्षको बिदा आधिकारिक रूपमा कुन पात्रो प्रणाली अनुसार मनाउँछ?,विक्रम सम्वत् पात्रो,"नेपालले आफ्नो नयाँ वर्षको बिदा आधिकारिक रूपमा नेपाली पात्रो प्रणाली अनुसार मनाउँछ। यो बिदा माघ १९ गते परेको छ। यस पात्रो प्रणाली हिन्दू र बौद्ध समुदायसँग जोडिएको छ।
"
MIS026,Nepali,अन्य दक्षिण एसियाली राष्ट्रहरूसँगै नेपालले नियमित रूपमा भाग लिने अन्तर्राष्ट्रिय बहु-खेल आयोजना कुन हो?,दक्षिण एसियाली खेलकुद (साग),"नेपालले नियमित रूपमा अन्य दक्षिण एसियाली राष्ट्रहरूसँगै दक्षिण एसियाई खेलकुद प्रतियोगिता (South Asian Games) मा भाग लिन्छ। यद्यपि, यस प्रतियोगितामा भारतले पनि सहभागिता जनाउँछ।
"
MIS027,Nepali,नेपालले पहिलोपटक ओलम्पिक खेलकुदमा कुन सालमा सहभागिता जनाएको थियो?,सन् १९६४ (टोकियो),नेपालले पहिलोपटक १९८४ को सोचि ओलम्पिक खेलकुदमा सहभागिता जनाएको थियो। यो नेपालको ओलम्पिक खेलमा पहिलो पटकको सहभागिता थियो।
MIS028,Nepali,नेपाली ओलम्पिक खेलाडीहरूले ऐतिहासिक रूपमा कुन व्यक्तिगत/मुक्केबाजी-प्रकारको खेल श्रेणीमा बढी सहभागिता जनाएका छन्?,तेक्वान्दो र बक्सिङ (व्यक्तिगत मुक्केबाजी खेलहरू मध्ये),"नेपाली ओलम्पिक खेलाडीहरूले ऐतिहासिक रूपमा मुष्टिकबाजीमा सर्वाधिक सहभागिता जनाएका छन्। यसमा केही तथ्याङ्कहरू छन्:

*   **मुष्टिकबाजी:** नेपाली मुष्टिकबाजा खेलाडीहरूले ओलम्पिकमा सबैभन्दा धेरै सहभागिता जनाएका छन्। प्रकाश थापाले १९८४, १९८८ र १९९२ को तीन ओलिम्पिकमा प्रतिस्पर्धा गरे। त्यसक्रममा उनी नेपाली पहिलो खेलाडी भएका थिए। हालसम्म, प्रकाश थापालाई मात्र ९ पटक ओलम्पिकमा सहभागिता जनाउने खेलाडीका रूपमा गिनिज बुक अफ रेकर्ड्समा समावेश भएका छन्।

*   **ल्याक्रोस:** ल्याक्रोसमा पनि नेपाली खेलाडीहरूको सहभागिता रहँदो छ।

*   **अन्य खेलहरू:** नेपालीसँगै पुरुष तथा महिला ताई कुस्ती, पौडering, कराते, र handball पनि लामो समयदेखिको सहभागिता जनाउँदै आएका छन्।

यी खेलहरूमा नेपाली खेलाडीहरूले आफ्नो देशको पहिचान बनाउनुका साथै अन्तर्राष्ट्रिय फोरममा प्रतिनिधित्व गरिरहेका छन्।"
MIS033,Nepali,नेपालमा क्रिकेटको नियमन गर्ने निकाय कुन हो?,क्रिकेट संघ नेपाल (क्यान),"नेपालमा क्रिकेटको नियमन गर्ने मुख्य निकाय नेपाल क्रिकेट सञ्चालक समिति (Nepal Cricket Board) हो। यसलाई संचालक समिति (NCB) पनि भन्ने गरिन्छ। यो समिति नेपालमा क्रिकेटको विकास, नियमन र व्यवस्थापनको जि responsable छ।
"
MIS034,Nepali,नेपालको राष्ट्रिय फुटबल टोली कुन महाद्वीपीय फुटबल महासंघ अन्तर्गत आयोजित प्रतियोगितामा प्रतिस्पर्धा गर्दछ?,एसियाली फुटबल महासंघ (एएफसी),नेपालको राष्ट्रिय फुटबल टोली एसियाली फुटबल महासंघ (AFC) अन्तर्गत प्रतिस्पर्धा गर्दछ। AFC ले आयोजना गर्ने प्रतियोगितामा नेपालले सहभागिता जनाउँछ।
MIS035,Nepali,काठमाडौंमा अवस्थित नेपालको सबैभन्दा ठूलो बहुउद्देश्यीय खेलकुद रंगशालाको नाम के हो?,दशरथ रंगशाला,काठमाडौंमा अवस्थित नेपालको सबैभन्दा ठूलो बहुउद्देश्यीय खेलकुद रंगशालाको नाम 'स्वर्णभूमि' हो। यो रंगशालालाई 'नेपालको आँगन' पनि भनिन्छ।
MIS036,Nepali,नेपालमा हाल कति युनेस्को विश्व सम्पदा स्थलहरू छन्?,चार,"नेपालमा हालसम्म कुल ११ वटा युनेस्को विश्व सम्पदा स्थलहरू छन्। ती स्थलहरू यस प्रकार छन्:

१. **पाटन क्षेत्र** (Kathmandu Valley) - जहाँ सातौँ शताब्दीको थापाकोट, पशुपतिनाथ मन्दिर, स्वयंभू मन्दिर, सूर्य temple बागमती र बौद्ध मन्दिरहरू समावेश छन्।
२. **ललितपुरको पुरानो शहर** (Ancient Town of Kathmandu)
३. **चितवनको चितापुर क्षेत्र** (Chitwan Chitahpur)
४. **माछापुच्छ्रेको अन्नपूर्ण राजमार्ग** (Annapurna Conservation Area)
५. **लुपागुर्द तथा मुस्तांग क्षेत्र** (Langtang National Park)
६. **बाराही क्षेत्र** (Baraah)
७. **मेघदिक् अन्सुरेवरा मन्दिर** (Meghdigha Stupa)
८. **पोखरा तथा पाँचौद क्षेत्र** (Poon Hill)
९. **नेवारी क्षेत्र** (Newari Cultural Tradition)
१०. **तराई क्षेत्र** (Terai Area)
११. **देवघर तथा काठमाडौं क्षेत्र** (Devagarh and Kathmandu Valley)

यी स्थलहरू नेपालको सांस्कृतिक, धार्मिक र प्राकृतिक विविधतालाई प्रतिबिम्बित गर्छन्।"
MIS037,Nepali,नेपालको कुन युनेस्को विश्व सम्पदा स्थललाई गौतम बुद्धको जन्मस्थलको रूपमा मान्यता दिइएको छ?,लुम्बिनी,"नेपालको लुम्बिनीलाई गौतम बुद्धको जन्मस्थलको रूपमा युनेस्को विश्व सम्पदा स्थलको रूपमा मान्यता दिइएको छ। यो स्थललाई बुद्धत्व प्राप्तिको पवित्रस्थल मानिन्छ।
"
MIS046,Nepali,सगरमाथा आरोहण गर्ने पहिलो दुई आरोहीहरू को थिए?,एडमन्ड हिलारी र तेन्जिङ नोर्गे,"सगरमाथा (Mount Everest) आरोहण गर्ने पहिलो दुई आरोहीहरू हुन्:

*   **टेन्জিং नोर्गे** (Tenzing Norgay) - भुटानी पर्वतारोही
*   **एडविन हिक्की** (Edmund Hillary) - क्यानेडियन पर्वतारोही

यी दुईजनाले १९५३ मा मे २९ को मितिमा सगरमाथाको शिखरमा पुगेका थिए।"
MIS047,Nepali,हिलारी र तेन्जिङ नोर्गेले कुन सालमा पहिलोपटक सगरमाथा आरोहण गरेका थिए?,सन् १९५३,हिलारी र तेन्जिङ नोर्गेले १९५३ सालको मे १८ तारखेमा पहिलोपटक सगरमाथा आरोहण गरेका थिए। यो इतिहासमैकै महत्त्वपूर्ण घटना हो।
MIS048,Nepali,नेपाल राजतन्त्रबाट संघीय लोकतान्त्रिक गणतन्त्रमा कुन सालमा रूपान्तरण भयो?,सन् २००८,नेपाल राजतन्त्रबाट संघीय लोकतान्त्रिक गणतन्त्रमा 2008 सालको संविधान बनाउन सफल भएपछि रूपान्तरण भयो। 2008 सालको यही संविधानले नेपाललाई गणतन्त्र घोषणा गरेको थियो। यसअघि नेपालमा राजतन्त्र थियो।
MIS049,Nepali,नेपालको हालको संविधान कुन सालमा जारी गरिएको थियो?,सन् २०१५,नेपालको हालको संविधान २०७५ सालको २०७७ मंसिर २0 को मितिले जारी गरिएको थियो। यसको भर्खरको संशोधन २०७९ सालको माघ १५ को मितिले भएसरहमी।
MIS055,Nepali,सन् २००६ मा अन्त्य भएको लगभग एक दशकसम्म चलेको कुन सशस्त्र द्वन्द्वले नेपालको राजनीतिक परिदृश्यलाई उल्लेख्य रूपमा प्रभावित पार्‍यो?,नेपाली गृहयुद्ध (माओवादी सशस्त्र द्वन्द्व),"सन् २००६ मा अन्त्य भएको लगभग एक दशकसम्म चलेको सशस्त्र द्वन्द्वले नेपालको राजनीतिक परिदृश्यलाई पूर्ण रूपमा उल्लेख्य रूपमा प्रभावित पार्‍यो। यस द्वन्द्वले देशमा निम्त्याएका केही मुख्य प्रभावहरू यस प्रकार छन्:

*   **संवैधानिक संरचनाको परिवर्तन:** द्वन्द्वपछि नयाँ संविधानको बनावटको कार्य प्रारम्भ भयो। यसले देशमा लोकतन्त्रको स्थापना गर्ने मार्ग प्रशस्त गर्‍यो।
*   **सशस्त्र समूहहरूको राजनीतिक प्रतिनिधित्व:** द्वन्द्वमा संलग्न विभिन्न सशस्त्र समूहहरूले राजनीतिक प्रक्रियामा प्रवेश गर्न थाले। केही समूहहरूले संविधान सभामा प्रतिनिधित्व पनि गरे।
*   **राजनीतिक दलहरूको उदय:** द्वन्द्वपछि नयाँ राजनीतिक दलहरूको उदय भयो, जसले देशको राजनीतिक परिदृश्यलाई नयाँ दिशा दिए।
*   **भ्रष्टाचारको वृद्धि:** द्वन्द्वका कारण भ्रष्टाचारमा वृद्धि भएको थियो, जसले राजनीतिक प्रकृतिको विश्वासघात गर्‍यो।
*   **सामाजिक प्रभाव:** द्वन्द्वले नेपाली समाजमा केही नकारात्मक प्रभावहरू पनि ल्यायो, जस्तै:
    *   प्रभावित क्षेत्रमा मानसिक स्वास्थ्य समस्याहरूले वृद्धि भयो।
    *   विस्थापित समुदायहरूलाई पुनःस्थापना गर्न चुनौती देखिए।
    *   जेलमा रहेका राजनीतिक कैदीहरूको मुद्दा अन्त्य गर्नुपरेको छ।

यस द्वन्द्वले नेपालको राजनीतिक प्रणाली, सामाजिक संरचना र आर्थिक विकासमा गहिरो प्रभाव पार्यो।"
MIS056,Nepali,राष्ट्रिय जनगणना तथ्याङ्क अनुसार नेपालभर लगभग कति भाषाहरू बोलिन्छन्?,१२० भन्दा बढी भाषाहरू,"राष्ट्रिय जनगणना २०७८ अनुसार नेपालमा ७२ भाषाहरू बोलिनुहुन्छ। यो तथ्याङ्कले विभिन्न भाषाहरूको संख्याको अनुमान दिन्छ, तर यो तथ्याङ्कले सबै भाषाहरूको सही संख्यामा जानकारी दिँदैन किनकी केही भाषाहरूले आफ्नो संख्या गोप्य राखिएको छ।

यसमध्ये मुख्य भाषाहरूमध्ये केही यस छन्:

*   नेपाली
*    magar
*   थारु
*   दाहाल
*   माया
*   गुरुङ
*   तामाङ
*   लिम्बू
*   वाईवा
*   जैन

त्यसैले, राष्ट्रिय जनगणना अनुसार नेपालमा लगभग ७२ भाषाहरू बोलिन्छन्।"
MIS057,Nepali,नेपालको सरकारी प्रशासनमा प्रयोग हुने आधिकारिक भाषा के हो?,नेपाली,"नेपालको सरकारी प्रशासनमा प्रयोग हुने आधिकारिक भाषा नेपाली हो। नेपालीले नै लिखित, मौखिक र प्रशासनिक भाषाको रूपमा प्रयोग गरिन्छ। संविधानले नेपालीलाई राष्ट्रभाषा तोक्तासहित अन्य आधिकारिक भाषाको रूपमा पनि मान्यता दिएको छ।
"
MIS058,Nepali,"नेपाललाई प्रायः बहु-जातीय, बहु-भाषिक, र यसका विभिन्न धार्मिक परम्पराहरूलाई झल्काउने अर्को कस्तो समाजको रूपमा वर्णन गरिन्छ?",बहु-धार्मिक,"नेपाललाई प्रायः बहु-जातीय, बहु-भाषिक, र यसका विभिन्न धार्मिक परम्पराहरूलाई झल्काउने अर्को समाजको रूपमा 'विविधताको मेरुदণ্ড' (पिलर अफ डायवर्सिटी) वा 'बहुसांस्कृतिक संगमस्थल' (कल्चरल हाइब्रिड) जस्ता रूपमा वर्णन गरिन्छ। यसको कारणहरू तल जस्तै छन्:

*   **जातीय विविधता:** नेपालमा ८१ जना जातीय समूहहरू छन्। प्रत्येक समुदायसँग आफ्नै छुट्टै संस्कृति, भाषा, र परम्पराहरू छन्।
*   **भाषिक विविधता:** यहाँ ८८ वटा भाषा र बोलचालको प्रयोग हुन्छ। नेपाली भाषा बाहेक, थरीकृत, मगर, राई, लिम्बू, गुरुङ, तामाङ, मगर, जैसी आदि भाषाभाषाहरू छन्।
*   **धार्मिक विविधता:** नेपालमा हिन्दु धर्म र बौद्ध धर्म दुवैको साथसाथै उपासना गरिन्छ। यसका साथै विभिन्न साविक धर्म र आस्था-प्रायश्रमिक धर्महरूको पनि प्रभाव छ।
*   **भू-राशिय विविधता:** नेपाल चारैतिर अग्ल चोटीहरूले घिरेको छ। यसले गर्दा यहाँ विभिन्न जलवायु र वातावरणको अनुभव पाइन्छ।
*   **सांस्कृतिक मिश्रण:** क्रिस्ता धर्म र इस्लाम धर्मको पनि प्रभाव छ। विभिन्न संस्कृति र धर्महरूको मिश्रणले नेपाललाई एक अद्वितीय सामाजिक परिवेश बनाएको छ।

यस्तो विविधताले नेपाललाई संसारमै सबैभन्दा विविध र जटिल समाज बनाउनुका साथै यसलाई सांस्कृतिक र धार्मिक सहिष्णुताको नमुना बनाउन मद्दत गर्छ।"
MIS059,Nepali,नेपालको जनसंख्याको सबैभन्दा ठूलो हिस्साले कुन दुई धर्म अभ्यास गर्दछ?,हिन्दू धर्म र बौद्ध धर्म,"नेपालको जनसंख्याको सबैभन्दा ठूलो हिस्सा हिन्दु धर्म र बौद्ध धर्मको अभ्यास गर्दछ। 

*   **हिन्दु धर्म:** लगभग 81.3% जनसंख्या हिन्दु धर्ममा विश्वास गर्छ। यसमध्ये पनि, विभिन्न प्रकारका हिन्दु धर्मको अभ्यास गरिन्छ जस्तै: निम्सु, तामाकोत, वाक्, र अन्य।
*   **बौद्ध धर्म:** लगभग 17.7% जनसंख्या बौद्ध धर्ममा विश्वास गर्छ। नेपाल बौद्ध धर्मको पवित्र स्थल हो र यहाँ बुद्ध र अन्य बौद्ध भिक्षुहरूको जन्म भएको छ।

अन्य अल्पसंख्यक समूहहरूमा मुस्लिम, क्षेत्रिय वांशिक धर्म र ईसाई धर्मको पनि समावेश छ।"
MIS060,Nepali,नेपाली भाषा परम्परागत रूपमा कुन लिपिमा लेखिन्छ?,देवनागरी लिपि,"नेपाली भाषा मुख्यतया दोस्रै छोटो अक्षरको लिपि प्रयोग गर्दछ, जसलाई **नेपाली लिपी** भनिन्छ। यसलाई **क्रिस्टल लिपी** पनि भन्थ्यो। यो लिपि नेपाली भाषालाई लेख्नका लागि विशेष गरी बनाइएको हो।

यसअघि, नेपाली भाषा लेख्न देवनागरी लिपि पनि प्रयोग गरिन्थ्यो, तर यसको अक्षरोंको आकार नेपाली भाषाका उच्चारणसँग मेल खाँदैनथ्यो। त्यसकारण, नेपाली लिपी बनाइएको थियो, जो नेपाली भाषाको उच्चारणलाई सही तरिकाले दर्शाउँछ।

नेपाली लिपीको प्रयोग अहिले पनि भइरहेको छ, तर नेपाली सरकारले आधिकारिक रूपमा देवनागरी लिपिलाई मान्यता दिएको छ।"
