ID,Language,Topic,Dialogue,Reference Summary,[MODEL] Raw Output,[MODEL] Summary,Manual Verdict,Error Type
train_10022,English,Buying toys,"#Person1#: What can I do for you, madam?
 #Person2#: I'd like to buy a toy car for my son.
 #Person1#: How about this one?
 #Person2#: It looks nice. How much is it?
 #Person1#: They're three hundred dollars.
 #Person2#: Oh, I'm afraid it's too expensive. Can you show me something cheaper?
 #Person1#: OK, This one is one hundred and twenty. It's the cheapest here.
 #Person2#: OK, I'll take it. Here's the money.
 #Person1#: Thank you very much.",#Person1# assists #Person2# in buying a toy car for #Person2#'s son.,"A customer wants to buy a toy car for her son and is shown two options, one for $300 and another for $120. She chooses the cheaper option and pays for it.","A customer wants to buy a toy car for her son and is shown two options, one for $300 and another for $120. She chooses the cheaper option and pays for it.",,
train_10022,Nepali,खेलौना किन्नु,"#व्यक्ति१#: म तपाईंका लागि के गर्न सक्छु, महोदया?
#व्यक्ति२#: म मेरो छोराका लागि खेलौना गाडी किन्न चाहन्छु।
#व्यक्ति१#: यो चाहिँ कस्तो छ?
#व्यक्ति२#: यो राम्रो देखिन्छ। यसको मूल्य कति हो?
#व्यक्ति१#: यसको मूल्य तीन सय डलर हो।
#व्यक्ति२#: ओहो, मलाई डर छ यो धेरै महँगो छ। के तपाईं मलाई केही सस्तो देखाउन सक्नुहुन्छ?
#व्यक्ति१#: हुन्छ, यो चाहिँ एक सय बीस हो। यहाँको सबैभन्दा सस्तो यही हो।
#व्यक्ति२#: हुन्छ, म यही लिन्छु। यहाँ पैसा छ।
#व्यक्ति१#: धेरै धेरै धन्यवाद।",#व्यक्ति१# ले #व्यक्ति२# लाई #व्यक्ति२# को छोराका लागि खेलौना गाडी किन्न सहयोग गर्छन्।,संवादमा भएको जानकारी मात्र समावेश गर्दै संवादलाई एक वाक्यमा सारांश गर्दै यस प्रकार लेख्न सकिन्छ: महोदया म तपाईंका लागि खेलौना गाडी किन्न चाहन्छु।,संवादमा भएको जानकारी मात्र समावेश गर्दै संवादलाई एक वाक्यमा सारांश गर्दै यस प्रकार लेख्न सकिन्छ: महोदया म तपाईंका लागि खेलौना गाडी किन्न चाहन्छु।,,
train_10115,English,exercise,"#Person1#: Steve. Is that you?
 #Person2#: Yeah. What's going on?
 #Person1#: Not much. What a surprise to see you here.
 #Person2#: Yeah. It's been a couple of months since I saw you.
 #Person1#: What have you been up to?
 #Person2#: I just started working out.
 #Person1#: Really? Where do you work out at?
 #Person2#: I joined the Samsung Health Club last month.
 #Person1#: What do you mostly do during your workout?
 #Person2#: I concentrate mostly on my legs, chest, arms and stomach.
 #Person1#: I should start exercising more.
 #Person2#: It's hard work while exercising, but it is a great feeling when I get done.
 #Person1#: I have a running machine at home. I used to use it, but I already got sick of it.
 #Person2#: Exercising at home is hard. The environment is not suited for exercising.
 #Person1#: If I want to exercise, I will need to join a gym.
 #Person2#: I have a couple of guest passes. You want to check out my health club?
 #Person1#: That's a good idea. Let's go over the weekend.
 #Person2#: Great. I'll call you Saturday morning.
 #Person1#: Aright. I'll talk to you later.
 #Person2#: Ok. Bye.",Steve joined a health club to work out. #Person1# had a running machine at home but already got sick of it. Steve tells #Person1# exercising at home is hard and invites #Person1# to check out his health club Saturday morning.,"Steve and an unnamed person run into each other and catch up, discussing the person's recent start to working out at the Samsung Health Club. Steve expresses interest in exercising more and the person offers him a couple of guest passes to try out the health club.","Steve and an unnamed person run into each other and catch up, discussing the person's recent start to working out at the Samsung Health Club. Steve expresses interest in exercising more and the person offers him a couple of guest passes to try out the health club.",,
train_10115,Nepali,अभ्यास,"#व्यक्ति१#:        स्टीभ। के त्यो तपाईं हो?
#व्यक्ति२#:        हो। के भइरहेको छ?
#व्यक्ति१#:        धेरै केही होइन। तपाईंलाई यहाँ देख्दा कस्तो अचम्म लाग्यो।
#व्यक्ति२#:        हो। मैले तपाईंलाई देखेको केही महिना भइसक्यो।
#व्यक्ति१#:        तपाईं के गर्दै हुनुहुन्थ्यो?
#व्यक्ति२#:        मैले भर्खरै व्यायाम गर्न सुरु गरेको छु।
#व्यक्ति१#:        साँच्चै? तपाईं कहाँ व्यायाम गर्नुहुन्छ?
#व्यक्ति२#:        मैले गत महिना सामसुङ स्वास्थ्य क्लबमा सदस्यता लिएँ।
#व्यक्ति१#:        तपाईं आफ्नो व्यायामको समयमा मुख्यतः के गर्नुहुन्छ?
#व्यक्ति२#:        म मुख्यतः आफ्ना खुट्टा, छाती, पाखुरा र पेटमा ध्यान दिन्छु।
#व्यक्ति१#:        मैले पनि बढी व्यायाम गर्न सुरु गर्नुपर्छ।
#व्यक्ति२#:        व्यायाम गर्दा गाह्रो काम हो, तर सकिएपछि निकै राम्रो महसुस हुन्छ।
#व्यक्ति१#:        मसँग घरमा दौडने यन्त्र छ। म पहिले त्यसलाई प्रयोग गर्थें, तर मलाई त्यसबाट दिक्क लागिसकेको छ।
#व्यक्ति२#:        घरमा व्यायाम गर्न गाह्रो हुन्छ। वातावरण व्यायाम गर्न उपयुक्त हुँदैन।
#व्यक्ति१#:        यदि म व्यायाम गर्न चाहन्छु भने, मैले व्यायामशालाको सदस्यता लिनुपर्नेछ।
#व्यक्ति२#:        मसँग केही अतिथि प्रवेशपत्रहरू छन्। तिमी मेरो स्वास्थ्य क्लब हेर्न चाहन्छौ?
#व्यक्ति१#:        त्यो राम्रो विचार हो। सप्ताहान्तमा जाऔँ।
#व्यक्ति२#:        राम्रो। म शनिबार बिहान तिमीलाई फोन गर्छु।
#व्यक्ति१#:        ठीक छ। पछि कुरा गर्छु।
#व्यक्ति२#:        ठीक छ। बिदा।
",स्टीभ व्यायाम गर्न स्वास्थ्य क्लबमा सहभागी भए। #व्यक्ति१# सँग घरमा दौडने यन्त्र थियो तर त्यसबाट पहिले नै दिक्क भइसकेका थिए। स्टीभले #व्यक्ति१# लाई घरमा व्यायाम गर्नु गाह्रो हुने बताउँछन् र शनिबार बिहान आफ्नो स्वास्थ्य क्लब हेर्न निम्तो दिन्छन्।,स्टिभलाई देख्दा अचम्म लागेको व्यक्तिले स्टिभलाई व्यायाम गर्ने बारे पूछ्यो। स्टिभले व्यायाम गर्ने बारे जानकारी दिए। व्यक्तिले स्वास्थ्य क्लबमा व्यायाम गर्ने बारे पूछ्यो। स्टिभले व्यायाम गर्दा के गर्ने बारे जानकारी दिए। व्यक्तिले व्यायाम गर्ने बारे प्रेरित भएर स्वास्थ्य क्लबमा,स्टिभलाई देख्दा अचम्म लागेको व्यक्तिले स्टिभलाई व्यायाम गर्ने बारे पूछ्यो। स्टिभले व्यायाम गर्ने बारे जानकारी दिए। व्यक्तिले स्वास्थ्य क्लबमा व्यायाम गर्ने बारे पूछ्यो। स्टिभले व्यायाम गर्दा के गर्ने बारे जानकारी दिए। व्यक्तिले व्यायाम गर्ने बारे प्रेरित भएर स्वास्थ्य क्लबमा,,
train_10218,English,choose wedding gifts,"#Person1#: so, your friend's getting married on Saturday. What have you bought her as a wedding gift. I find is so hard to choose the right gift.
 #Person2#: my friend and her fiance had a really good idea. They have cut out pictures from catalogues and pasted them in a notebook. The picture are of things they want. People sign their name b
 #Person1#: that's clever! Then everyone knows that they are buying something the couple really want and there's no chance of two people buying the same gift. What things were in the notebook?
 #Person2#: most of the things were household appliance. You know, everything from an iron through a vacuum cleaner to a cooker. I think it's an excellent way for everyone who knows the couple to help
 #Person1#: so, what did you get them?
 #Person2#: I bought a sewing machine. I know that my friend likes making her own clothes, but her current sewing machine is quite old and has some problems.
 #Person1#: what's wrong with is?
 #Person2#: she says that after several years of use, it's not working properly. When she uses it, it makes a funny noise.
 #Person1#: household appliance don't seem to last for a long time nowadays.
 #Person2#: I think it's because the manufactures are constantly bringing out new models. Because they know that we will buy the new models, the appliances don't need to last more than five or ten year",#Person2# tells #Person1# that #Person2#'s friend and her fiance had a good idea about wedding gifts. They got a notebook in which there are pictures of the household appliance they want. #Person2# bought them a sewing machine.,"Here is a summary of the dialogue in two sentences:

Person 2's friend and her fiancé had a notebook where they pasted pictures of things they wanted as wedding gifts, including household appliances. Person 2 bought a sewing machine for the couple, replacing the friend's old and malfunctioning one.","Here is a summary of the dialogue in two sentences:

Person 2's friend and her fiancé had a notebook where they pasted pictures of things they wanted as wedding gifts, including household appliances. Person 2 bought a sewing machine for the couple, replacing the friend's old and malfunctioning one.",,
train_10218,Nepali,विवाहका उपहार छनोट गर्नु,"#व्यक्ति१#: त्यसो भए, तिम्रो साथी शनिबार विवाह गर्दै छ। तिमीले उनलाई विवाहको उपहारका रूपमा के किनेकी छौ? सही उपहार छनोट गर्न मलाई निकै गाह्रो लाग्छ।
#व्यक्ति२#: मेरी साथी र उनका हुनेवाला श्रीमान्ले निकै राम्रो विचार निकालेका थिए। उनीहरूले सूचीपत्रबाट तस्बिरहरू काटेर एउटा कापीमा टाँसेका छन्। ती तस्बिरहरू उनीहरूलाई चाहिएका सामानका हुन्। मानिसहरूले आफ्नो नाम लेख्छन्।
#व्यक्ति१#: त्यो चलाखीपूर्ण रहेछ। त्यसपछि सबैलाई जोडीलाई वास्तवमै चाहिएको सामान किन्दै छन् भन्ने थाहा हुन्छ र दुई जनाले एउटै उपहार किन्ने सम्भावना हुँदैन। कापीमा कस्ता सामान थिए?
#व्यक्ति२#: धेरैजसो घरायसी उपकरणहरू थिए। तिमीलाई थाहा छ, इस्त्रीदेखि धुलो तान्ने यन्त्र र खाना पकाउने यन्त्रसम्म। जोडीलाई चिन्ने सबैले सहयोग गर्ने यो उत्कृष्ट तरिका हो।
#व्यक्ति१#: त्यसो भए, तिमीले उनीहरूलाई के दियौ?
#व्यक्ति२#: मैले सिलाइ मेसिन किनेँ। मेरी साथीलाई आफ्नै लुगा बनाउन मन पर्छ, तर उनको अहिलेको सिलाइ मेसिन निकै पुरानो छ र त्यसमा केही समस्या छन्।
#व्यक्ति१#: त्यसमा के समस्या छ?
#व्यक्ति२#: उनले धेरै वर्ष प्रयोग गरेपछि त्यो राम्रोसँग काम गर्न छोडेको बताउँछिन्। प्रयोग गर्दा त्यसले अनौठो आवाज निकाल्छ।
#व्यक्ति१#: आजकल घरायसी उपकरणहरू धेरै लामो समयसम्म टिक्दैनन् जस्तो लाग्छ।
#व्यक्ति२#: मलाई लाग्छ, यसको कारण उत्पादकहरूले लगातार नयाँ नमुना निकालिरहनु हो। उनीहरूलाई हामीले नयाँ नमुना किन्छौँ भन्ने थाहा भएकाले उपकरणहरू पाँच वा दस वर्षभन्दा बढी टिक्न आवश्यक ठान्दैनन्।",#व्यक्ति२# ले #व्यक्ति१# लाई #व्यक्ति२# का साथी र उनका मंगेतरले विवाह उपहारबारे राम्रो विचार निकालेको बताउँछन्। उनीहरूले आफूले चाहेका घरायसी उपकरणका तस्बिरहरू भएको एउटा कापी बनाएका थिए। #व्यक्ति२# ले उनीहरूलाई एउटा सिलाइ मेसिन किनेका थिए।,व्यक्ति १ले व्यक्ति २लाई प्रश्न गर्दै भन्यो कि तिम्रो साथी शनिबार विवाह गर्दै छ र तिमीले उनलाई विवाहको उपहार के दियौ? व्यक्ति २ले भन्यो कि उनीहरूले सूचीपत्रबाट तस्बिरहरू काटेर एउटा कापीमा टाँसेका छन्। ती तस्बिरहरू उनीहरूलाई चाहिएका सामानका हुन्। मानिसहरूले आफ,व्यक्ति १ले व्यक्ति २लाई प्रश्न गर्दै भन्यो कि तिम्रो साथी शनिबार विवाह गर्दै छ र तिमीले उनलाई विवाहको उपहार के दियौ? व्यक्ति २ले भन्यो कि उनीहरूले सूचीपत्रबाट तस्बिरहरू काटेर एउटा कापीमा टाँसेका छन्। ती तस्बिरहरू उनीहरूलाई चाहिएका सामानका हुन्। मानिसहरूले आफ,,
train_10287,English,family,"#Person1#: Daniel, you can't spit the gum everywhere. 
 #Person2#: Come on, just a little piece. 
 #Person1#: Do you know how many people chew gum everyday? 
 #Person2#: I have no idea. 
 #Person1#: Just in Beijing, people consume 300, 000 pieces of gum every day. 
 #Person2#: That's amazing. 
 #Person1#: If all the people spit out the gum like you, the whole world would become a big trash can. 
 #Person2#: Come on, you are making too big deal out of this. 
 #Person1#: I just want to remind you to behave yourself. 
 #Person2#: OK, dear sister, I see. This kind of thing will not happen again.",#Person1# asks Daniel not to spit gums everywhere and behave himself. Daniel promises not to do that again.,"Here is a summary of the dialogue in two sentences:

Person 1 is scolding Person 2 for spitting gum everywhere, pointing out that if everyone did the same, the world would be filled with trash. Person 2 apologizes and promises to behave better in the future.","Here is a summary of the dialogue in two sentences:

Person 1 is scolding Person 2 for spitting gum everywhere, pointing out that if everyone did the same, the world would be filled with trash. Person 2 apologizes and promises to behave better in the future.",,
train_10287,Nepali,परिवार,"#व्यक्ति१#: ड्यानियल, तिमीले जताततै चुइङगम थुक्न हुँदैन।
#व्यक्ति२#: ए, अलिकति मात्र त हो।
#व्यक्ति१#: के तिमीलाई थाहा छ हरेक दिन कति मानिसले चुइङगम चपाउँछन्?
#व्यक्ति२#: मलाई थाहा छैन।
#व्यक्ति१#: बेइजिङमा मात्र मानिसहरूले हरेक दिन ३ लाख टुक्रा चुइङगम प्रयोग गर्छन्।
#व्यक्ति२#: त्यो त अचम्मको कुरा हो।
#व्यक्ति१#: यदि सबै मानिसले तिमीले जस्तै चुइङगम थुके भने संसार नै ठूलो फोहोरको डब्बा बन्नेछ।
#व्यक्ति२#: ए, तिमी यसलाई धेरै ठूलो कुरा बनाइरहेकी छौ।
#व्यक्ति१#: म केवल तिमीलाई राम्रो व्यवहार गर्न सम्झाइरहेकी छु।
#व्यक्ति२#: ठीक छ, प्रिय दिदी, मैले बुझें। यस्तो फेरि हुने छैन।",#व्यक्ति१# ले ड्यानियललाई जताततै चुइङगम नथुक्न र राम्रो व्यवहार गर्न भन्छ। ड्यानियलले फेरि त्यसो नगर्ने वाचा गर्छ।,"संवादमा दुई व्यक्तिले बीचमा चुइङगम थुक्ने विषयमा बात गरेका हुन्। एक व्यक्तिले दोस्रो व्यक्तिलाई चुइङगम थुक्ने कुरा सुनाए, तर दोस्रो व्यक्तिले थाहा नपाए। पछि दोस्रो व्यक्तिले बेइजिङमा हरेक दिन ३ लाख टुक्रा चुइङगम प्रयोग गर्ने कुरा सुनेर अचम्मको कुरा भन","संवादमा दुई व्यक्तिले बीचमा चुइङगम थुक्ने विषयमा बात गरेका हुन्। एक व्यक्तिले दोस्रो व्यक्तिलाई चुइङगम थुक्ने कुरा सुनाए, तर दोस्रो व्यक्तिले थाहा नपाए। पछि दोस्रो व्यक्तिले बेइजिङमा हरेक दिन ३ लाख टुक्रा चुइङगम प्रयोग गर्ने कुरा सुनेर अचम्मको कुरा भन",,
train_10362,English,company's insurance policies,"#Person1#: Hey, Jane. . . are you familiar with our company's insurance policies?
 #Person2#: Umm. . . I think so. What's up?
 #Person1#: I've never really paid attention to the fine print of our insurance policies. . . but it looks like I'm going to need to make a claim.
 #Person2#: Really? Are you OK?
 #Person1#: I have a slipped disc in my lower back and the doctor says surgery is probably the best option. Does our worker insurance cover this kind of thing?
 #Person2#: If the injury is workplace related I'm sure it's completely covered.
 #Person1#: Hummum. . . I think I'll have to talk to the doctor again about that. Anyway. . . now that I'm going to have to make some claims, I think I'd better try and understand how the system works. Would you mind breaking it down for me?
 #Person2#: Sure. Basically we have two insurance policies for employees. . . workman's compensation and medical insurance. The company pays the premiums for workman's compensation, and for a significant part of the medical coverage, but you pay part of that premium, too.
 #Person1#: That's the charge for insurance I see on my pay slip each month, right?
 #Person2#: Yep. Every country in the world has a different system, but here we buy insurance from a private provider.
 #Person1#: So workman's compensation is if I slip and break my arm while working in the office or on the job, right?
 #Person2#: That's right. The company pays for all your medical bills and there is also some financial compensation if you have to take days off to see doctors or spend time recuperating.","#Person1# has a slipped disc in #Person1#'s lower back so #Person1# asks Jane about their company's insurance policies. Jane introduces the insurance system and tells #Person1# if #Person1#'s injury is workplace related, then it's completely covered.","Here is a summary of the dialogue in two sentences:

Person 1 is considering making a claim due to a slipped disc in their lower back and asks Person 2 to explain the company's insurance policies. Person 2 explains that the company has two insurance policies: workman's compensation, which covers workplace-related injuries, and medical insurance, which has a partial premium paid by the employee.","Here is a summary of the dialogue in two sentences:

Person 1 is considering making a claim due to a slipped disc in their lower back and asks Person 2 to explain the company's insurance policies. Person 2 explains that the company has two insurance policies: workman's compensation, which covers workplace-related injuries, and medical insurance, which has a partial premium paid by the employee.",,
train_10362,Nepali,कम्पनीको बीमा नीति,"#Person1#: हे, जेन... के तपाईं हाम्रो कम्पनीको बीमा नीतिहरूसँग परिचित हुनुहुन्छ?
 #Person2#: उम्म... मलाई लाग्छ। के भयो?
 #Person1#: मैले वास्तवमा हाम्रो बीमा नीतिको साना अक्षर कहिल्यै ध्यान दिएको थिइनँ... तर मलाई दाबी गर्न आवश्यक देखिन्छ।
 #Person2#: साँच्चै? तपाईं ठिक हुनुहुन्छ?
 #Person1#: मेरो तल्लो ढाडमा डिस्क सर्लिएको छ र डाक्टर भन्छन् शल्यक्रिया नै उत्तम विकल्प हुनसक्छ। के हाम्रो वर्कर इन्स्योरेन्सले यस्तो कुरा कभर गर्छ?
 #Person2#: यदि चोट कामसँग सम्बन्धित छ भने म पक्का छु कि पूर्ण रूपमा कभर हुन्छ।
 #Person1#: हम्म... मलाई लाग्छ म त्यसबारे डाक्टरसँग फेरि कुरा गर्नुपर्नेछ। जे होस्... अब म दाबी गर्नुपर्ने भएकाले, म प्रणाली कसरी काम गर्छ बुझ्न चाहन्छु। के तपाईं मलाई व्याख्या गर्न सक्नुहुन्छ?
 #Person2#: अवश्य। मूलतः कर्मचारीहरूका लागि दुई बीमा नीति छन्... वर्कम्यान कम्पेन्सेसन र मेडिकल इन्स्योरेन्स। कम्पनीले वर्कम्यान कम्पेन्सेसनको प्रिमियम तिर्छ, र मेडिकल कभरेजको ठूलो भाग पनि, तर तपाईं पनि त्यस प्रिमियमको केही भाग तिर्नुहुन्छ।
 #Person1#: त्यो नै मेरो पे स्लिपमा हरेक महिना देखिने बीमाको शुल्क हो, होइन?
 #Person2#: हो। संसारका हरेक देशमा फरक प्रणाली छ, तर यहाँ हामी निजी प्रदायकबाट बीमा किन्छौं।
 #Person1#: त्यसैले वर्कम्यान कम्पेन्सेसन भनेको यदि म अफिसमा वा काम गर्दा चिप्लिएर हात भाँचें भने हो, होइन?
 #Person2#: ठीक छ। कम्पनीले तपाईंको सबै मेडिकल बिल तिर्छ र यदि तपाईंले डाक्टर भेट्न वा आराम गर्न दिन छुटाउनुपर्‍यो भने केही आर्थिक क्षतिपूर्ति पनि हुन्छ।",#Person1# को तल्लो ढाडमा डिस्क सर्लिएको छ त्यसैले उनी जेनलाई कम्पनीको बीमा नीतिबारे सोध्छन्। जेनले बीमा प्रणाली परिचय गराउँछिन् र यदि चोट कामसँग सम्बन्धित छ भने पूर्ण रूपमा कभर हुन्छ भन्छिन्।,जेनलाई कम्पनीको बीमा नीतिको साना अक्षर कहिल्यै ध्यान दिएको थिएन। त्यसैले त्यसबारे डाक्टरसँग फेरि कुरा गर्नुपर्ने भयो र प्रणाली कसरी काम गर्छ बुझ्न चाहन्थे। जेनले वर्कम्यान कम्पेन्सेसन र मेडिकल इन्स्योरेन्स दुई बीमा नीति छन् भनी जानकारी दिए। कम्पनीले वर्कम्यान कम्पेन्सेसनको,जेनलाई कम्पनीको बीमा नीतिको साना अक्षर कहिल्यै ध्यान दिएको थिएन। त्यसैले त्यसबारे डाक्टरसँग फेरि कुरा गर्नुपर्ने भयो र प्रणाली कसरी काम गर्छ बुझ्न चाहन्थे। जेनले वर्कम्यान कम्पेन्सेसन र मेडिकल इन्स्योरेन्स दुई बीमा नीति छन् भनी जानकारी दिए। कम्पनीले वर्कम्यान कम्पेन्सेसनको,,
train_10413,English,Weight loss,"#Person1#: Hi Jane, you look great.
 #Person2#: You too. Have you lost some weight?
 #Person1#: Yes, I took off 4 kilos. I am glad you notice it.
 #Person2#: Not some crazy diet fat I hope.
 #Person1#: No no, I just changed my eating habits. I eat a balanced meal. and I eat less than before.
 #Person2#: Good for you, keep it up.",#Person1# tells Jane that #Person1# lost weight by changing eating habits.,Person 1 has lost 4 kilos and is glad Person 2 noticed. Person 1 achieved this weight loss by changing their eating habits to eat a balanced meal and less than before.,Person 1 has lost 4 kilos and is glad Person 2 noticed. Person 1 achieved this weight loss by changing their eating habits to eat a balanced meal and less than before.,,
train_10413,Nepali,,"#Person1#: नमस्ते जेन, तिमीलाई एकदम राम्रो देखिएको छ।
#Person2#: तिमीलाई पनि। के तिमीले तौल घटाएकी हौ?
#Person1#: हो, मैले ४ किलो तौल घटाएँ। तिमीले यो कुरा याद गरेकोमा मलाई खुसी लाग्यो।
#Person2#: आशा छ, तिमीले कुनै अस्वस्थकर वा कडा खालको डाइट त गरेकी छैनौ नि?
#Person1#: होइन-होइन, मैले त केवल आफ्नो खानपानको बानीमा परिवर्तन गरेकी हुँ। म सन्तुलित भोजन गर्छु र पहिलेभन्दा कम खान्छु।
#Person2#: राम्रो कुरा हो, यसैगरी निरन्तरता देऊ।",,जेनलाई नमस्ती गर्दै प्रश्नकर्ताले तौल घटाएको जानकारी दिए। जेनले प्रश्न गर्दै तौल घटाएको कुरा प्रश्नकर्ताले के कुनै अस्वस्थकर वा कडा खालको डाइट त गरेकी छैननि? प्रश्नकर्ताले तौल घटाएको कुरा याद गरेकोमा खुसी लागेको जानकारी दिए।,जेनलाई नमस्ती गर्दै प्रश्नकर्ताले तौल घटाएको जानकारी दिए। जेनले प्रश्न गर्दै तौल घटाएको कुरा प्रश्नकर्ताले के कुनै अस्वस्थकर वा कडा खालको डाइट त गरेकी छैननि? प्रश्नकर्ताले तौल घटाएको कुरा याद गरेकोमा खुसी लागेको जानकारी दिए।,,
train_10464,English,marry foreigners,"#Person1#: If you can choose, will you marry a foreigner or a Chinese?
 #Person2#: Why? Did tom pop the question?
 #Person1#: Not yet. But I wonder if I can get my parents'consent.
 #Person2#: Let me guess, your parents want you to marry a Chinese man, right?
 #Person1#: You are right. It is giving me a real headache. I feel like I'm between a rock and a hard place.
 #Person2#: I used to have the same problem when I was with my ex.
 #Person1#: Oh, how did you deal with it?
 #Person2#: I just let it go and continued dating with my Korean boyfriend. But finally we broke up.
 #Person1#: Oh, it's a pity. What was the matter?
 #Person2#: Simple. We had personality clashes and there were too many cultural differences.
 #Person1#: Like what?
 #Person2#: He hoped to live in the Korean way and asked me to give up working and stay at home to take care of the family.
 #Person1#: Oh, I see. In their culture women should put family first.
 #Person2#: Yes, he said it would be better for me and for the whole family. But I simply can not quit working.
 #Person1#: So that's why it's hard to have a happy marriage with a foreigner.
 #Person2#: Not really. There are many successful mixed marriage around us.",#Person1# wonders if #Person2# will marry a foreign person and #Person2# tells #Person1# her own story with the Korean ex-boyfriend and the cultural differences between them. #Person1# then thinks it's hard to have a happy marriage with a foreigner.,"Here is a summary of the dialogue in two sentences:

Person 1 is considering marrying a foreigner or a Chinese person, but is worried about getting their parents' consent. Person 2 shares a past experience with a Korean boyfriend, where cultural differences and personality clashes led to a breakup, but notes that there are many successful mixed marriages.","Here is a summary of the dialogue in two sentences:

Person 1 is considering marrying a foreigner or a Chinese person, but is worried about getting their parents' consent. Person 2 shares a past experience with a Korean boyfriend, where cultural differences and personality clashes led to a breakup, but notes that there are many successful mixed marriages.",,
train_10464,Nepali,विदेशीसँग विवाह गर्नु,"#व्यक्ति१#:	यदि तपाईंले रोज्न सक्नुहुन्छ भने, तपाईं विदेशी वा चिनियाँसँग विवाह गर्नुहुन्छ?
#व्यक्ति२#:	किन? के टमले विवाहको प्रस्ताव राख्यो?
#व्यक्ति१#:	अहिलेसम्म होइन। तर मलाई अचम्म लाग्छ कि म मेरा आमाबुबाको सहमति पाउन सक्छु कि सक्दिनँ।
#व्यक्ति२#:	म अनुमान गरूँ, तपाईंका आमाबुबा तपाईंले चिनियाँ पुरुषसँग विवाह गरोस् भन्ने चाहनुहुन्छ, हैन?
#व्यक्ति१#:	तपाईं सही हुनुहुन्छ। यसले मलाई साँच्चै टाउको दुखाइरहेको छ। मलाई लाग्छ म दुई अप्ठ्याराबीच परेको छु।
#व्यक्ति२#:	म मेरो पूर्वप्रेमीसँग हुँदा पनि यस्तै समस्या थियो।
#व्यक्ति१#:	ओहो, तपाईंले त्यसलाई कसरी सम्हाल्नुभयो?
#व्यक्ति२#:	मैले त्यसलाई त्यत्तिकै छोडिदिएँ र मेरो कोरियाली प्रेमीसँग डेटिङ जारी राखेँ। तर अन्ततः हामी छुट्टियौँ।
#व्यक्ति१#:	ओहो, दुःख लाग्यो। के भएको थियो?
#व्यक्ति२#:	सरल कुरा हो। हाम्रो व्यक्तित्व मिल्दैनथ्यो र धेरै सांस्कृतिक भिन्नताहरू थिए।
#व्यक्ति१#:	जस्तै के?
#व्यक्ति२#:	उनी कोरियाली तरिकाले जीवन बिताउन चाहन्थे र मलाई काम छोडेर घरमै बसेर परिवारको हेरचाह गर्न भने।
#व्यक्ति१#:	ओहो, मैले बुझेँ। उनीहरूको संस्कृतिमा महिलाहरूले परिवारलाई पहिलो प्राथमिकता दिनुपर्छ।
#व्यक्ति२#:	हो, उनले त्यसो गर्नु मेरो र सम्पूर्ण परिवारका लागि राम्रो हुने बताए। तर म काम छोड्न सक्दिनँ।
#व्यक्ति१#:	त्यसो भए विदेशी व्यक्तिसँग सुखी वैवाहिक जीवन बिताउन गाह्रो हुने कारण यही हो।
#व्यक्ति२#:	त्यस्तो होइन। हाम्रो वरिपरि धेरै सफल अन्तरसांस्कृतिक विवाहहरू छन्।
",#व्यक्ति१# ले #व्यक्ति२# ले विदेशी व्यक्तिसँग विवाह गर्छिन् कि भनेर आश्चर्य गर्छन् र #व्यक्ति२# ले आफ्नो कोरियाली पूर्वप्रेमीसँगको कथा तथा उनीहरूबीचका सांस्कृतिक भिन्नताहरूबारे #व्यक्ति१# लाई बताउँछिन्। त्यसपछि #व्यक्ति१# ले विदेशी व्यक्तिसँग सुखी वैवाहिक जीवन बिताउन गाह्रो हुने सोच्दछन्।,व्यक्ति १ले विदेशी वा चिनियाँसँग विवाह गर्ने बारे प्रश्न गरेको थियो । व्यक्ति २ले कि त्यसो गर्ने बारे प्रश्न गरेको थियो । व्यक्ति १ले कि त्यसो गर्ने बारे प्रश्न गरेको थियो । व्यक्ति २ले कि त्यसो गर्ने बारे प्रश्न गरेको थियो । व्यक्ति १ले कि त्यसो गर्ने बारे,व्यक्ति १ले विदेशी वा चिनियाँसँग विवाह गर्ने बारे प्रश्न गरेको थियो । व्यक्ति २ले कि त्यसो गर्ने बारे प्रश्न गरेको थियो । व्यक्ति १ले कि त्यसो गर्ने बारे प्रश्न गरेको थियो । व्यक्ति २ले कि त्यसो गर्ने बारे प्रश्न गरेको थियो । व्यक्ति १ले कि त्यसो गर्ने बारे,,
train_10481,English,sales return,"#Person1#: What's wrong with it? 
 #Person2#: It's broken . I just bought it yesterday, you know, it costs me $556. 
 #Person1#: It sounds too bad. What will you do? 
 #Person2#: Mike suggests me to return it. 
 #Person1#: That's what I want to say.",The item #Person2# bought is broken. Mike suggests returning it and #Person1# agrees with that.,"The person's new item is broken, and they just spent $556 on it. They are considering returning it, with Mike suggesting this course of action.","The person's new item is broken, and they just spent $556 on it. They are considering returning it, with Mike suggesting this course of action.",,
train_10481,Nepali,सामान फिर्ता,"#व्यक्ति१#: यसमा के समस्या भयो?
#व्यक्ति२#: यो बिग्रिएको छ। मैले हिजो मात्र किनेको थिएँ, यसको मूल्य ५५६ डलर परेको थियो।
#व्यक्ति१#: त्यो त नराम्रो भयो। अब के गर्ने विचार छ?
#व्यक्ति२#: माइकले मलाई फिर्ता गर्न सुझाव दिएको छ।
#व्यक्ति१#: मैले पनि यही भन्न खोजेको थिएँ।",#व्यक्ति२# ले किनेको सामान बिग्रिएको छ। माइकले फिर्ता गर्न सुझाव दिन्छ र #व्यक्ति१# सहमत हुन्छ।,व्यक्ति १ले व्यक्ति २लाई प्रश्न गर्दै के भयो भनी पूछ्यो । व्यक्ति २ले बिग्रिएको कार को बारे जानकारी दिए । व्यक्ति २ले कार को मूल्य ५५६ डलर परेको थियो भनी भन्यो । व्यक्ति १ले त्यो कार नराम्रो भयो भनी भन्यो । व्यक्ति २ले माइकले मलाई फिर्ता गर्न सुझाव,व्यक्ति १ले व्यक्ति २लाई प्रश्न गर्दै के भयो भनी पूछ्यो । व्यक्ति २ले बिग्रिएको कार को बारे जानकारी दिए । व्यक्ति २ले कार को मूल्य ५५६ डलर परेको थियो भनी भन्यो । व्यक्ति १ले त्यो कार नराम्रो भयो भनी भन्यो । व्यक्ति २ले माइकले मलाई फिर्ता गर्न सुझाव,,
train_10519,English,go over the schedule,"#Person1#: I think we'd better go over my schedule, Irene. I'm going to have a look at our European operation, as you know, and as I'll be visiting a number of countries, I'd like you to make the bookings.
 #Person2#: Right, Mr. Buck. I'll take down the details.
 #Person1#: Well, I'm leaving on Tuesday, April 15th, for London. I'm going to attend a sales conference for our British representatives. That runs through Wednesday and Thursday, and then there's a reception at Canada House on Thursday evening.
 #Person2#: Are you going to meet the Ambassador, then?
 #Person1#: I guess so. But the main thing is that on Friday morning, I have a meeting with the British Minister of Trade and Industry. We're going to discuss the site of our new plant in Scotland.
 #Person2#: So when are you leaving for Paris?
 #Person1#: First flight on Saturday morning. I'm planning to meet my wife there. She's going to fly over direct, arriving in the afternoon. Then we'll have a relaxed weekend before I see Mr. Chambery, the European Manager, on Monday. So from Paris on, I'll need a double room.
 #Person2#: How long are you going to stay in Paris, Mr. Buck?
 #Person1#: Only till Monday evening. I'm going to Rome to see our plant there on Tuesday, and on Wednesday I'm due in Madrid to inspect the new factory.
 #Person2#: And that's the last item on the agenda. So when are you coming back? Are you going to fly from Madrid?
 #Person1#: Yes, on the first plane out on Thursday. We must be back on Friday, the 25th. It's my daughter Sharon's birthday.","Mr. Buck is going over his schedule from April 15th to 25th with Irene as he's going to have a look at the European operation, and he needs Irene to make some bookings.","Here is a two-sentence summary of the dialogue:

Mr. Buck is planning a business trip to Europe, visiting London, Paris, Rome, and Madrid, and will be meeting with various officials and attending a sales conference. He will be leaving on April 15th and returning on April 25th, and will need accommodations and travel arrangements made for himself and his wife.","Here is a two-sentence summary of the dialogue:

Mr. Buck is planning a business trip to Europe, visiting London, Paris, Rome, and Madrid, and will be meeting with various officials and attending a sales conference. He will be leaving on April 15th and returning on April 25th, and will need accommodations and travel arrangements made for himself and his wife.",,
train_10519,Nepali,,"#Person1#: आइरिन, मलाई लाग्छ हामीले मेरो कार्यतालिका (schedule) हेर्नुपर्छ। तिमीलाई थाहा नै छ, म हाम्रो युरोपेली सञ्चालनको अवस्था बुझ्न जाँदैछु। म धेरै देशहरूको भ्रमण गर्ने भएकोले, म चाहन्छु कि तिमीले नै बुकिङहरू गरिदेऊ।
#Person2#: हुन्छ, मिस्टर बक। म विवरणहरू टिपोट गर्नेछु।
#Person1#: ल, म मंगलबार, १५ अप्रिलमा लन्डनका लागि निस्कँदैछु। म त्यहाँ हाम्रा बेलायती प्रतिनिधिहरूका लागि आयोजना गरिएको बिक्रीसम्बन्धी सम्मेलनमा सहभागी हुँदैछु। यो कार्यक्रम बुधबार र बिहीबारसम्म चल्नेछ र त्यसपछि बिहीबार साँझ 'क्यानाडा हाउस'मा एउटा स्वागत समारोह (reception) छ।
#Person2#: त्यसोभए, के तपाईं राजदूतलाई भेट्दै हुनुहुन्छ?
#Person1#: सायद भेट्छु होला। तर मुख्य कुरा के हो भने शुक्रबार बिहान बेलायतका व्यापार तथा उद्योग मन्त्रीसँग मेरो बैठक छ। हामी स्कटल्याण्डमा हाम्रो नयाँ प्लान्ट (कारखाना) को स्थानबारे छलफल गर्नेछौं।
#Person2#: त्यसोभए तपाईं पेरिसका लागि कहिले निस्कनुहुन्छ?
#Person1#: शनिबार बिहानको पहिलो उडानमा। म त्यहाँ मेरी श्रीमतीलाई भेट्ने योजनामा ​​छु। उनी सिधै हवाईजहाजबाट आउँदैछिन् र दिउँसो आइपुग्नेछिन्। त्यसपछि हामी सप्ताहन्त (weekend) आरामसँग बिताउनेछौं र सोमबार म युरोपका प्रबन्धक मिस्टर च्याम्बरीलाई भेट्नेछु। त्यसैले पेरिसमा बस्दा मलाई 'डबल रुम' (दुई जना बस्न मिल्ने कोठा) चाहिन्छ।
#Person2#: मिस्टर बक, तपाईं पेरिसमा कति समय बस्नुहुनेछ?
#Person1#: सोमबार साँझसम्म मात्र। म मंगलबार रोममा रहेको हाम्रो प्लान्ट हेर्न जाँदैछु र बुधबार नयाँ कारखानाको निरीक्षण गर्न म्याड्रिड पुग्नुपर्नेछ।
#Person2#: र कार्यसूची (agenda) मा त्यो अन्तिम बुँदा हो। त्यसोभए तपाईं कहिले फर्किनुहुन्छ? के तपाईं म्याड्रिडबाटै हवाईजहाजमा फर्किनुहुन्छ?
#Person1#: हो, बिहीबारको पहिलो उडानमा। हामी शुक्रबार, २५ तारिखसम्ममा फर्किनैपर्छ। त्यो दिन मेरी छोरी शेरोनको जन्मदिन हो।",,मिस्टर बकले आइरिनलाई युरोपेली सञ्चालनको अवस्था बुझ्न जाँदैछन्। उनी लन्डनमा बेलायती प्रतिनिधिहरूका लागि आयोजना गरिएको बिक्रीसम्बन्धी सम्मेलनमा सहभागी हुँदैछन्। उनी शुक्रबार बेलायतका व्यापार तथा उद्योग मन्त्रीसँग मेरो बैठक गर्नेछन्। उनी शनिबार पेरिसमा निस्कनुहुन,मिस्टर बकले आइरिनलाई युरोपेली सञ्चालनको अवस्था बुझ्न जाँदैछन्। उनी लन्डनमा बेलायती प्रतिनिधिहरूका लागि आयोजना गरिएको बिक्रीसम्बन्धी सम्मेलनमा सहभागी हुँदैछन्। उनी शुक्रबार बेलायतका व्यापार तथा उद्योग मन्त्रीसँग मेरो बैठक गर्नेछन्। उनी शनिबार पेरिसमा निस्कनुहुन,,
train_10631,English,business dinner change,"#Person1#: Are you ready for your business dinner?
 #Person2#: Yes, we're going to the Seafood Palace.
 #Person1#: Well, you'll have some nice ocean views. But are you sure you want to eat seafood during a business meeting?
 #Person2#: Oh yeah. I guess it is kind of messy. Maybe I should just stick to salad.
 #Person1#: Salad could be a problem there, too. They never cut the lettuce small enough and it served in a big bowl. You can't really cut the lettuce yourself without making a lot of noise.
 #Person2#: I guess you're right.
 #Person1#: Maybe you could order soup or steak.
 #Person2#: Well, I'm definitely going to have a glass of wine.","#Person2# prepares a business dinner at the Seafood Palace, and #Person1# suggests order soup or steak instead of seafood which is kind of messy.","Person 2 is going to a business dinner at the Seafood Palace, but is considering changing their order from seafood to something else due to the potential mess. Person 1 suggests alternatives such as soup or steak, and Person 2 decides to stick with a glass of wine.","Person 2 is going to a business dinner at the Seafood Palace, but is considering changing their order from seafood to something else due to the potential mess. Person 1 suggests alternatives such as soup or steak, and Person 2 decides to stick with a glass of wine.",,
train_10631,Nepali,व्यावसायिक डिनर परिवर्तन,"#Person1#: तपाईं आफ्नो व्यावसायिक डिनरका लागि तयार हुनुहुन्छ?
 #Person2#: हो, हामी सीफूड प्यालेस जाँदैछौं।
 #Person1#: खैर, तपाईंलाई राम्रो समुद्री दृश्य हुनेछ। तर के तपाईं व्यावसायिक बैठकमा समुद्री खाना खान चाहनुहुन्छ पक्का?
 #Person2#: ओह हो। मलाई लाग्छ यो अलि फोहोर हुन्छ। सायद म सलादमात्रै खानुपर्छ।
 #Person1#: सलाद पनि त्यहाँ समस्या हुनसक्छ। उनीहरूले लेट्युस कहिल्यै पर्याप्त सानो काट्दैनन् र ठूलो कचौरामा दिन्छन्। तपाईं आफैंले धेरै आवाज नगरी लेट्युस काट्न सक्नुहुन्न।
 #Person2#: मलाई लाग्छ तपाईं ठीक हुनुहुन्छ।
 #Person1#: सायद तपाईं सूप वा स्टेक अर्डर गर्न सक्नुहुन्छ।
 #Person2#: खैर, म अवश्य एउटा गिलास वाइन खानेछु।","#Person2# सीफूड प्यालेसमा व्यावसायिक डिनर तयार गर्छन्, र #Person1# ले फोहोर हुने समुद्री खानाको सट्टा सूप वा स्टेक अर्डर गर्न सुझाउँछन्।",तपाईं आफ्नो व्यावसायिक डिनरका लागि तयार हुनुहुन्छ? तपाईंलाई राम्रो समुद्री दृश्य हुनेछ। तपाईं व्यावसायिक बैठकमा समुद्री खाना खान चाहनुहुन्छ पक्का? तपाईं सलाद पनि त्यहाँ समस्या हुनसक्छ। तपाईं सूप वा स्टेक अर्डर गर्न सक्नुहुन्छ।,तपाईं आफ्नो व्यावसायिक डिनरका लागि तयार हुनुहुन्छ? तपाईंलाई राम्रो समुद्री दृश्य हुनेछ। तपाईं व्यावसायिक बैठकमा समुद्री खाना खान चाहनुहुन्छ पक्का? तपाईं सलाद पनि त्यहाँ समस्या हुनसक्छ। तपाईं सूप वा स्टेक अर्डर गर्न सक्नुहुन्छ।,,
train_1068,English,a perfect fit,"#Person1#: Show me a smaller pair of trousers, sir. I am not that fat, you see.
 #Person2#: You've come to the right place. We've got various styles and sizes recently. How much do you measure around your waist?
 #Person1#: I have no idea. Measure me, please.
 #Person2#: OK! 2 Chi round. Try this one. Maybe it's of your size.
 #Person1#: ( After trying ) I'm afraid it's still too fight around the stomach.
 #Person2#: Let me check the stock. How about this one?
 #Person1#: ( After trying ) Mm, a perfect fit. How much?
 #Person2#: 150 Yuan.
 #Person1#: A little expensive. But I'll buy it anyway. It's hard for me to get a perfect one. Here is 200 Yuan.
 #Person2#: Here's your change, 50 Yuan. Welcome back again.",#Person2# measures #Person1#'s waist and assists #Person1# in trying on trousers. #Person1# finally finds a perfectly-fit one and he will buy it.,"The customer asks the shopkeeper for a smaller pair of trousers, and after trying on a few sizes, finds one that fits. The customer purchases the trousers for 150 Yuan, paying with a 200 Yuan bill and receiving 50 Yuan in change.","The customer asks the shopkeeper for a smaller pair of trousers, and after trying on a few sizes, finds one that fits. The customer purchases the trousers for 150 Yuan, paying with a 200 Yuan bill and receiving 50 Yuan in change.",,
train_1068,Nepali,राम्रोसँग मिल्नु,"#व्यक्ति१#: मलाई सानो आकारको पाइन्ट देखाउनुहोस्, सर। म त्यति मोटी छैन नि।
#व्यक्ति२#: तपाईं सही ठाउँमा आउनुभएको छ। हामीसँग अहिले विभिन्न शैली र आकारका पाइन्टहरू छन्। तपाईंको कम्मरको नाप कति छ?
#व्यक्ति१#: मलाई थाहा छैन। कृपया नापिदिनुहोस्।
#व्यक्ति२#: ठीक छ! तपाईंको कम्मर २ ची छ। यो लगाएर हेर्नुहोस्, सायद तपाईंलाई मिल्छ।
#व्यक्ति१#: (लगाएर हेरेपछि) अझै पेटतिर अलि कस्सिएको छ।
#व्यक्ति२#: म भण्डार जाँच गर्छु। यो कस्तो हुन्छ?
#व्यक्ति१#: (लगाएर हेरेपछि) हम्म, एकदम मिल्यो। यसको मूल्य कति हो?
#व्यक्ति२#: १५० युआन।
#व्यक्ति१#: अलि महँगो छ। तर पनि किन्छु। मलाई ठ्याक्कै मिल्ने पाइन्ट पाउन गाह्रो हुन्छ। यहाँ २०० युआन छ।
#व्यक्ति२#: तपाईंको बाँकी ५० युआन फिर्ता। फेरि आउनुहोला।",#व्यक्ति२# ले #व्यक्ति१# को कम्मर नापेर पाइन्ट छनोट गर्न सहयोग गर्छ। अन्ततः #व्यक्ति१# लाई राम्रोसँग मिल्ने पाइन्ट भेटिन्छ र उसले किन्छ।,"संवादमा दुई व्यक्तिहरू बीचमा पाइन्टको विक्रय गरिएको देखिन्छ। पाइन्टको आकार, मूल्य, र विक्रय गरिएको प्रक्रिया समावेश गरी संवादलाई सारांश गर्न सकिन्छ।","संवादमा दुई व्यक्तिहरू बीचमा पाइन्टको विक्रय गरिएको देखिन्छ। पाइन्टको आकार, मूल्य, र विक्रय गरिएको प्रक्रिया समावेश गरी संवादलाई सारांश गर्न सकिन्छ।",,
train_10822,English,repair a car,"#Person1#: Is my car ready yet? 
 #Person2#: I don't know, sir. What's the number of your car? 
 #Person1#: It's LFZ 312 G. 
 #Person2#: When did you bring it to us? 
 #Person1#: I bought it here three days ago. 
 #Person2#: Ah yes, I remember now. 
 #Person1#: Have your mechanics finished yet? 
 #Person2#: No, they're still working on it. Let's go into the garage and have a look at it. Isn't that your car? 
 #Person1#: Well, it was my car. 
 #Person2#: Didn't you have a crash? 
 #Person1#: That's right. I drove it into a lamp post. Can your mechanics repair it? 
 #Person2#: Well, they're trying to repair it, sir. But to tell you the truth, you need a new car.","#Person1# comes to #Person2#'s to take his car, but the mechanics are still working on his car. #Person2# suggests #Person1# buy a new car.","Here is a summary of the dialogue in two sentences:

A customer asks about the status of his car, which he bought three days ago, and is told that the mechanics are still working on it. However, upon inspecting the car, the customer is informed that it is beyond repair and he needs a new one.","Here is a summary of the dialogue in two sentences:

A customer asks about the status of his car, which he bought three days ago, and is told that the mechanics are still working on it. However, upon inspecting the car, the customer is informed that it is beyond repair and he needs a new one.",,
train_10822,Nepali,,"#Person1#: मेरो गाडी तयार भयो त?
#Person2#: मलाई थाहा छैन, सर। तपाईंको गाडीको नम्बर कति हो?
#Person1#: यसको नम्बर LFZ 312 G हो।
#Person2#: तपाईंले यो गाडी हामीकहाँ कहिले ल्याउनुभएको थियो?
#Person1#: मैले यो यहाँ तीन दिनअघि ल्याएको थिएँ।
#Person2#: ए हो, मलाई अहिले याद आयो।
#Person1#: तपाईंका मेकानिकहरूले काम सके त?
#Person2#: छैन, उनीहरू अझै यसमा काम गर्दैछन्। ल आउनुहोस्, ग्यारेजमा गएर हेरौं। त्यो तपाईंको गाडी होइन र?
#Person1#: खासमा, त्यो मेरो गाडी थियो।
#Person2#: तपाईंको गाडी दुर्घटनामा परेको थिएन र?
#Person1#: हो। मैले यसलाई बत्तीको खम्बामा ठोक्काएको थिएँ। के तपाईंका मेकानिकहरूले यसलाई मर्मत गर्न सक्छन्?
#Person2#: उनीहरू मर्मत गर्ने प्रयास गर्दैछन्, सर। तर साँचो भन्नुपर्दा, तपाईंलाई नयाँ गाडी नै चाहिन्छ।",,"तलको संवादलाई एक वाक्यमा सारांश गर्दै, यस प्रकार हो-

मेरो गाडी तयार भयो त? - मेरो गाडी दुर्घटनामा परेको थिएन र? - हो। मैले यसलाई बत्तीको खम्बामा ठोक्काएको थिएँ।","तलको संवादलाई एक वाक्यमा सारांश गर्दै, यस प्रकार हो-

मेरो गाडी तयार भयो त? - मेरो गाडी दुर्घटनामा परेको थिएन र? - हो। मैले यसलाई बत्तीको खम्बामा ठोक्काएको थिएँ।",,
train_10857,English,concert,"#Person1#: I want to go to the concert tonight, but it starts at 7, and I have to work until 5. There won't be enough time to go home for dinner.
 #Person2#: I've got an idea. I'll pick you up after work and we'll eat downtown. That'll give us plenty of time to get to the concert.",#Person1# and #Person2# will eat downtown so they can save time for the concert.,Person 1 wants to go to a concert but has to work until 5 and won't have time to go home for dinner. Person 2 suggests picking them up after work and eating downtown to make time for the concert.,Person 1 wants to go to a concert but has to work until 5 and won't have time to go home for dinner. Person 2 suggests picking them up after work and eating downtown to make time for the concert.,,
train_10857,Nepali,कन्सर्ट,"#Person1#: म आज राति कन्सर्ट जान चाहन्छु, तर यो ७ बजे सुरु हुन्छ, र म ५ बजेसम्म काम गर्नुपर्छ। घर गएर खाना खाने समय हुँदैन।
 #Person2#: मसँग एउटा विचार छ। म तपाईंलाई कामपछि लिनेछु र हामी डाउनटाउन खानेछौं। त्यसले कन्सर्ट पुग्न पर्याप्त समय दिनेछ।",#Person1# र #Person2# डाउनटाउन खानेछन् ताकि कन्सर्टका लागि समय बचत होस्।,मसँग एउटा विचार छ। म तपाईंलाई कामपछि लिनेछु र हामी डाउनटाउन खानेछौं। त्यसले कन्सर्ट पुग्न पर्याप्त समय दिनेछ।,मसँग एउटा विचार छ। म तपाईंलाई कामपछि लिनेछु र हामी डाउनटाउन खानेछौं। त्यसले कन्सर्ट पुग्न पर्याप्त समय दिनेछ।,,
train_10868,English,weather,"#Person1#: It's a fine day today, isn't it? 
 #Person2#: Yes, it is. It's wonderful after the downpour. 
 #Person1#: How nice seeing the sun back again! The air is so fresh. 
 #Person2#: I hope it stays nice like this for a long period of time. 
 #Person1#: Well, the weather is so unpredictable this time of year. 
 #Person2#: You're right. We don't know what is going to be like tomorrow. 
 #Person1#: Look! It looks as if it is going to rain. 
 #Person2#: The weatherman predicts a fine day today. 
 #Person1#: The weather is often quite different from the weather forecast.",#Person1# and #Person2# enjoy current weather and talk about its unpredictability. They agree the weather is often different from the forecast.,"Here is a summary of the dialogue in two sentences:

Person 1 and Person 2 are enjoying the good weather after a downpour, but are aware that the weather can be unpredictable. Person 1 notes that the weather is often different from the forecast, and Person 2 agrees, citing a specific example where the weatherman predicted a fine day.","Here is a summary of the dialogue in two sentences:

Person 1 and Person 2 are enjoying the good weather after a downpour, but are aware that the weather can be unpredictable. Person 1 notes that the weather is often different from the forecast, and Person 2 agrees, citing a specific example where the weatherman predicted a fine day.",,
train_10868,Nepali,मौसम,"#Person1#: आज राम्रो दिन छ, होइन?
 #Person2#: हो। मुसलधारे पानीपछि यो अद्भुत छ।
 #Person1#: फेरि घाम देख्नु कति राम्रो! हावा निकै ताजा छ।
 #Person2#: म आशा गर्छु यो लामो समयसम्म यस्तै रहोस्।
 #Person1#: खैर, यो समयको मौसम धेरै अप्रत्याशित हुन्छ।
 #Person2#: तपाईं ठीक हुनुहुन्छ। हामीलाई भोलि कस्तो हुनेछ थाहा छैन।
 #Person1#: हेर्नुहोस्! पानी पर्ने जस्तो देखिन्छ।
 #Person2#: मौसमविद्ले आज राम्रो दिन भविष्यवाणी गरेका छन्।
 #Person1#: मौसम प्रायः मौसम पूर्वानुमानभन्दा धेरै फरक हुन्छ।",#Person1# र #Person2# हालको मौसमको आनन्द लिन्छन् र यसको अप्रत्याशितताबारे कुरा गर्छन्। उनीहरू सहमत छन् कि मौसम प्रायः पूर्वानुमानभन्दा फरक हुन्छ।,संवादमा दुई व्यक्तिहरू बीचमा मौसमको बारेमा बिचार व्यक्त भएको छ। उनीहरू मौसम प्रायः मौसम पूर्वानुमानभन्दा धेरै फरक हुन्छ भन्दै बिचार व्यक्त गरेका छन्।,संवादमा दुई व्यक्तिहरू बीचमा मौसमको बारेमा बिचार व्यक्त भएको छ। उनीहरू मौसम प्रायः मौसम पूर्वानुमानभन्दा धेरै फरक हुन्छ भन्दै बिचार व्यक्त गरेका छन्।,,
train_10881,English,a charming room,"#Person1#: What a charming room! It faces south, and there's such a lovely view of the city.
 #Person2#: I'm glad you like it. The bell is on the bedside. Just ring if you want anything. The room attendant speaks a little English. So I don't think you'll have any trouble.
 #Person1#: No, I shouldn't think so. By the way, is there a socket for my razor?
 #Person2#: I think so. Here it is. It's by the basin.
 #Person1#: Is it a two-pin socket?
 #Person2#: Yes, it is.
 #Person1#: Good, I'Ve get a two-pin plug.",#Person1# arranges a well-equipped room for #Person2#. #Person2# likes it very much.,"Here is a summary of the dialogue in two sentences:

Person 1 compliments the room's view and asks about the location of the bell and a socket for their razor. Person 2 provides the information, including the location of the bell and the socket, and confirms that it is a two-pin socket.","Here is a summary of the dialogue in two sentences:

Person 1 compliments the room's view and asks about the location of the bell and a socket for their razor. Person 2 provides the information, including the location of the bell and the socket, and confirms that it is a two-pin socket.",,
train_10881,Nepali,आकर्षक कोठा,"#Person1#: कति राम्रो कोठा! यसको झ्याल दक्षिणतर्फ फर्केको छ र यहाँबाट सहरको दृश्य पनि निकै मनमोहक देखिन्छ। 
 #Person2#: तपाईंलाई यो मन परेकोमा मलाई खुसी लाग्यो। घण्टी ओछ्यानको छेउमा छ। केही चाहिएमा घण्टी बजाउनुहोला। कोठाको हेरचाह गर्ने कर्मचारीले अलि-अलि अंग्रेजी बोल्न जान्नुहुन्छ, त्यसैले तपाईंलाई कुनै समस्या नहोला। 
 #Person1#: हो, मलाई पनि त्यस्तै लाग्छ। एउटा कुरा, मेरो रेजरका लागि यहाँ सकेट छ? 
 #Person2#: छ जस्तो लाग्छ। ल हेर्नुहोस्, यहाँ बेसिनको छेउमा छ। 
 #Person1#: यो दुई-पिन (two-pin) भएको सकेट हो? 
 #Person2#: हो, त्यही हो। 
 #Person1#: राम्रो भयो, मसँग दुई-पिन भएको प्लग नै छ।",#Person1# ले #Person2# का लागि राम्रो सुविधायुक्त कोठा व्यवस्था गर्छन्। #Person2# लाई यो निकै मन पर्छ।,"संवादमा दुई व्यक्तिहरू बीच कोठाको दृश्य, घण्टी बजाउने कर्मचारी र रेजरका लागि सकेटको बारेमा बिचार व्यक्त भएको देखिन्छ।","संवादमा दुई व्यक्तिहरू बीच कोठाको दृश्य, घण्टी बजाउने कर्मचारी र रेजरका लागि सकेटको बारेमा बिचार व्यक्त भएको देखिन्छ।",,
train_10939,English,check shopping goods,"#Person1#: Thank you, 175 yuan.
 #Person2#: Here you go.
 #Person1#: Here is your change and your receipt. Do you have goods unpaid on you, sir
 #Person2#: No, I don't think so.
 #Person1#: I'm sorry I need to call the security to have a look.
 #Person2#: There must be a mistake.
 #Person1#: Sorry, sir, it's my job to make sure the goods are paid.
 #Person2#: Wait, can you check these sunglasses I bought it in the second floor. I think they forgot to demagnetize it.
 #Person1#: Sure. Ah. . . That's the problem. Have you paid for it
 #Person2#: Of course I did. Here is the receipt.
 #Person1#: Let me see. . . Oh, I am awfully sorry sir.
 #Person2#: That's all right.",#Person1# checks if #Person2# has anything unpaid. #Person2# thinks they forgot to demagnetize a pair of sunglasses and shows #Person1# the receipt. #Person1# feel sorry.,"Here is a summary of the dialogue in two sentences:

A customer pays for his purchase and receives change and a receipt, but the cashier then asks to check his other items due to a possible mistake. The customer explains that he bought a pair of sunglasses on the second floor and thinks they may not have been demagnetized, and the cashier checks the receipt and apologizes for the mistake.","Here is a summary of the dialogue in two sentences:

A customer pays for his purchase and receives change and a receipt, but the cashier then asks to check his other items due to a possible mistake. The customer explains that he bought a pair of sunglasses on the second floor and thinks they may not have been demagnetized, and the cashier checks the receipt and apologizes for the mistake.",,
train_10939,Nepali,किनमेलका सामान जाँच गर्नु,"#व्यक्ति१#:	धन्यवाद, १७५ युआन।
#व्यक्ति२#:	लिनुहोस्।
#व्यक्ति१#:	यहाँ तपाईंको फिर्ता पैसा र रसिद छ। श्रीमान्, के तपाईंसँग भुक्तानी नगरिएका सामान छन्?
#व्यक्ति२#:	छैन, मलाई त्यस्तो लाग्दैन।
#व्यक्ति१#:	माफ गर्नुहोस्, मैले सुरक्षा कर्मचारीलाई बोलाएर जाँच गराउनुपर्छ।
#व्यक्ति२#:	पक्कै कुनै गल्ती भएको हुनुपर्छ।
#व्यक्ति१#:	माफ गर्नुहोस्, श्रीमान्, भुक्तानी गरिएका सामानहरू सुनिश्चित गर्नु मेरो काम हो।
#व्यक्ति२#:	पर्खनुहोस्, मैले दोस्रो तलामा किनेका यी घामबाट बचाउने चस्माहरू जाँच गर्न सक्नुहुन्छ? मलाई लाग्छ उनीहरूले त्यसको सुरक्षा चुम्बक हटाउन बिर्सेछन्।
#व्यक्ति१#:	पक्कै। आह... समस्या यही रहेछ। के तपाईंले यसको भुक्तानी गर्नुभएको छ?
#व्यक्ति२#:	अवश्य गरेको छु। यहाँ रसिद छ।
#व्यक्ति१#:	मलाई हेर्न दिनुहोस्... ओहो, म अत्यन्तै माफी चाहन्छु, श्रीमान्।
#व्यक्ति२#:	ठीकै छ।
",#व्यक्ति१# ले #व्यक्ति२# सँग भुक्तानी नगरिएका कुनै सामान छन् कि भनेर जाँच गर्छन्। #व्यक्ति२# ले आफूले किनेको सनग्लासको चुम्बकीय सुरक्षा नहटाइएको हुन सक्ने ठान्छन् र #व्यक्ति१# लाई रसिद देखाउँछन्। #व्यक्ति१# माफी माग्छन्।,व्यक्ति १ले व्यक्ति २लाई १७५ युआन दिएर धन्यवाद दिए। व्यक्ति २ले फिर्ता पैसा र रसिद दिए। व्यक्ति १ले भुक्तानी गरिएका सामानहरू सुनिश्चित गर्ने काम गर्ने बारे भन्यो र व्यक्ति २ले दोस्रो तलामा किनेका घामबाट बचाउने चस्माहरू जाँच गर्ने बारे भन्यो। व्यक्ति १ले समस,व्यक्ति १ले व्यक्ति २लाई १७५ युआन दिएर धन्यवाद दिए। व्यक्ति २ले फिर्ता पैसा र रसिद दिए। व्यक्ति १ले भुक्तानी गरिएका सामानहरू सुनिश्चित गर्ने काम गर्ने बारे भन्यो र व्यक्ति २ले दोस्रो तलामा किनेका घामबाट बचाउने चस्माहरू जाँच गर्ने बारे भन्यो। व्यक्ति १ले समस,,
train_10987,English,Job package,"#Person1#: Would you like to travel?
 #Person2#: Oh, yes. I often went on business trips in the past six years.
 #Person1#: How many languages can you speak in addition to your mother tongue?
 #Person2#: I speak English and French in addition to my mother tongue, Chinese.
 #Person1#: That's fine. What salary do you get at your present position?
 #Person2#: My present monthly salary is $ 1, 500.
 #Person1#: We'll start you off with a base salary of $ 20, 000 a year, with bonuses that can add up to $ 40, 000. A company car, and a company pension scheme. Is that acceptable to you?
 #Person2#: I think so.
 #Person1#: Excellent. Well, thank you very much, Mr. B, and you'll be hearing from us in the next few days, either way.
 #Person2#: Thank you. Mr. A, and I certainly hope the answer will be favorable. Goodbye.",Mr. B negotiates with Mr. A about his mastery of foreign languages and the salary of the new position in Mr. A's company.,"Here is a summary of the dialogue in two sentences:

Person 1 offers Person 2 a job with a base salary of $20,000 per year, bonuses up to $40,000, a company car, and a company pension scheme. Person 2 accepts the offer, thanking Person 1 and expressing hope for a favorable response.","Here is a summary of the dialogue in two sentences:

Person 1 offers Person 2 a job with a base salary of $20,000 per year, bonuses up to $40,000, a company car, and a company pension scheme. Person 2 accepts the offer, thanking Person 1 and expressing hope for a favorable response.",,
train_10987,Nepali,जागिरको सुविधा प्याकेज,"#व्यक्ति१#:	तपाईंलाई यात्रा गर्न मन पर्छ?
#व्यक्ति२#:	ओहो, हो। मैले विगत छ वर्षमा प्रायः व्यावसायिक यात्राहरू गरेको छु।
#व्यक्ति१#:	तपाईं आफ्नो मातृभाषाबाहेक कति वटा भाषा बोल्न सक्नुहुन्छ?
#व्यक्ति२#:	म आफ्नो मातृभाषा चिनियाँबाहेक अङ्ग्रेजी र फ्रेन्च बोल्छु।
#व्यक्ति१#:	त्यो राम्रो हो। तपाईं आफ्नो वर्तमान पदमा कति तलब पाउनुहुन्छ?
#व्यक्ति२#:	मेरो वर्तमान मासिक तलब १,५०० डलर हो।
#व्यक्ति१#:	हामी तपाईंलाई वर्षको २०,००० डलरको आधारभूत तलबबाट सुरु गर्नेछौँ, जसमा ४०,००० डलरसम्म थपिन सक्ने बोनसहरू हुनेछन्। कम्पनीको गाडी र कम्पनीको पेन्सन योजना पनि हुनेछ। के त्यो तपाईंलाई स्वीकार्य छ?
#व्यक्ति२#:	मलाई लाग्छ, हुन्छ।
#व्यक्ति१#:	उत्कृष्ट। धन्यवाद, श्री बी, र जे भए पनि तपाईंले आगामी केही दिनमा हामीबाट खबर पाउनुहुनेछ।
#व्यक्ति२#:	धन्यवाद। श्री ए, र म निश्चित रूपमा आशा गर्छु कि उत्तर सकारात्मक हुनेछ। बिदा।
",श्री बीले श्री ए को कम्पनीमा नयाँ पदका लागि विदेशी भाषाहरूको दक्षता र तलबबारे श्री एसँग छलफल गर्छन्।,व्यक्ति १ले व्यक्ति २लाई कम्पनीमा काम गर्ने प्रस्ताव दिए। व्यक्ति २ले प्रस्ताव स्वीकार गरेको देखियो।,व्यक्ति १ले व्यक्ति २लाई कम्पनीमा काम गर्ने प्रस्ताव दिए। व्यक्ति २ले प्रस्ताव स्वीकार गरेको देखियो।,,
train_11119,English,get a maid,"#Person1#: Darling, I am back. What are you doing?
 #Person2#: I am washing clothes. Are you hungry now? Wait for a moment, I'll cook dinner for you. ( Steven bends his brows )
 #Person1#: B, should we get a maid?
 #Person2#: I can do all the housework. We don't need a maid.
 #Person1#: You have worked very hard in the office. If we can get someone to help you, you can have more rest.
 #Person2#: We really don't need to.
 #Person1#: You are a good wife, Julia. But you must take care of yourself.
 #Person2#: Give me some time to think about it.",#Person1# suggests getting a maid for Julia has worked hard in the office. Julia'll think about it.,"Here is a summary of the dialogue in two sentences:

Person 1 returns home and asks Person 2 (Julia) if she is hungry, and Julia offers to cook dinner. Person 1 suggests hiring a maid to help Julia with household chores, but Julia declines, saying they don't need one.","Here is a summary of the dialogue in two sentences:

Person 1 returns home and asks Person 2 (Julia) if she is hungry, and Julia offers to cook dinner. Person 1 suggests hiring a maid to help Julia with household chores, but Julia declines, saying they don't need one.",,
train_11119,Nepali,काम गर्ने मान्छे राख्नु,"#व्यक्ति१#: प्रिय, म फर्किएँ। तिमी के गर्दैछौ?
#व्यक्ति२#: म लुगा धोइरहेको छु। के तिमीलाई भोक लागेको छ? एकछिन पर्ख, म तिम्रो लागि खाना पकाउँछु। (स्टिभनले निधार खुम्च्याउँछन्।)
#व्यक्ति१#: बी, के हामीले काम गर्ने मान्छे राख्नुपर्छ?
#व्यक्ति२#: म सबै घरको काम गर्न सक्छु। हामीलाई काम गर्ने मान्छे चाहिँदैन।
#व्यक्ति१#: तिमीले कार्यालयमा धेरै मेहनत गरेकी छौ। यदि कसैले तिमीलाई सहयोग गर्‍यो भने तिमीले अझ बढी आराम गर्न सक्छौ।
#व्यक्ति२#: हामीलाई वास्तवमै आवश्यक छैन।
#व्यक्ति१#: तिमी असल श्रीमती हौ, जुलिया। तर तिमीले आफ्नो ख्याल राख्नुपर्छ।
#व्यक्ति२#: मलाई यसबारे सोच्न केही समय देऊ।",#व्यक्ति१# ले धेरै काम गर्ने जुलियाका लागि घरको काममा सहयोग गर्ने मान्छे राख्ने सुझाव दिन्छन्। जुलियाले सोच्ने बताउँछिन्।,सारांश: स्टिभन र जुलिया बीचको संवादमा स्टिभनले जुलियालाई खाना पकाउने लागि खुम्च्याउँछन्। जुलियाले काम गर्ने मान्छे चाहिँदैन भन्दै काम गर्ने मान्छे राख्नुपर्ने विषयमा संवाद गर्छन्।,सारांश: स्टिभन र जुलिया बीचको संवादमा स्टिभनले जुलियालाई खाना पकाउने लागि खुम्च्याउँछन्। जुलियाले काम गर्ने मान्छे चाहिँदैन भन्दै काम गर्ने मान्छे राख्नुपर्ने विषयमा संवाद गर्छन्।,,
train_11149,English,watch,"#Person1#: I can't figure out what's wrong with my watch. It was just a month ago that I had it repaired.
 #Person2#: Don't waste your time and money any more. It's very old watch and it is quite worn out.",#Person1#'s watch goes wrong again. #Person2# suggests replacing it.,"The speaker is having trouble with their watch, which was recently repaired. Person 2 suggests that the watch is old and worn out, implying that it may be beyond repair.","The speaker is having trouble with their watch, which was recently repaired. Person 2 suggests that the watch is old and worn out, implying that it may be beyond repair.",,
train_11149,Nepali,,"#Person1#: मेरो घडीमा के समस्या छ, मैले पत्ता लगाउनै सकेको छैन। मैले यसलाई मर्मत गराएको भर्खरै एक महिना त भएको थियो।
#Person2#: अब आफ्नो समय र पैसा बर्बाद नगर्नुहोस्। यो धेरै पुरानो घडी हो र निकै जीर्ण भइसकेको छ।",,"मेरो घडीमा के समस्या छ, मैले पत्ता लगाउनै सकेको छैन। यो धेरै पुरानो घडी हो र निकै जीर्ण भइसकेको छ।","मेरो घडीमा के समस्या छ, मैले पत्ता लगाउनै सकेको छैन। यो धेरै पुरानो घडी हो र निकै जीर्ण भइसकेको छ।",,
train_11202,English,break up,"#Person1#: Hi, Mike. Haven't seen you for a while. How's Cathy? 
 #Person2#: We are not seeing each other any more. 
 #Person1#: What happened? Did you break up? 
 #Person2#: Yeah. I got sick and tired of her nagging all the time. 
 #Person1#: Oh, I am sorry. Maybe you were just emotional at that moment. Do you think you guys can get back together? 
 #Person2#: I don't know. There's plenty of fish out there in the sea! 
 #Person1#: Oh, you are such a dog!",Mike broke up with Cathy but he thinks there's plenty of fish out there in the sea. #Person1# feels angry about it.,Mike and his partner Cathy are no longer together. Mike broke up with Cathy because he got tired of her nagging.,Mike and his partner Cathy are no longer together. Mike broke up with Cathy because he got tired of her nagging.,,
train_11202,Nepali,सम्बन्धविच्छेद गर्नु,"#व्यक्ति१#:	नमस्ते, माइक। धेरै समयदेखि भेट भएको छैन। क्याथी कस्ती छ?
#व्यक्ति२#:	हामी अब एकअर्कालाई भेटिरहेका छैनौँ।
#व्यक्ति१#:	के भयो? तिमीहरू छुट्टियौ?
#व्यक्ति२#:	हो। उसको सधैँको गनगनबाट म बिरक्तिएँ।
#व्यक्ति१#:	ओहो, मलाई दुःख लाग्यो। सायद त्यतिबेला तिमी भावुक भएका थियौ। के तिमीहरू फेरि सँगै हुन सक्छौ जस्तो लाग्छ?
#व्यक्ति२#:	मलाई थाहा छैन। संसारमा अरू धेरै माछा छन्!
#व्यक्ति१#:	ओहो, तिमी त कस्तो केटीबाज रहेछौ!
",माइक क्याथीसँग छुट्टिए तर उनी समुद्रमा धेरै माछा छन् भन्ने सोच्छन्। #व्यक्ति१# यस कुरामा रिसाउँछन्।,"व्यक्ति १ले व्यक्ति २लाई भेटेको थियो र क्याथी कस्ती छ भन्दै प्रश्न पुछ्यो। व्यक्ति २ले कि तिमीहरू छुट्टी भएको छ भन्दै उत्तर दियो। व्यक्ति १ले कि तिमीहरू फेरि सँगै हुन सक्छौ जस्तो लाग्छ भन्दै प्रश्न पुछ्यो। व्यक्ति २ले कि मलाई थाहा छैन, संसारमा अरू धेरै म","व्यक्ति १ले व्यक्ति २लाई भेटेको थियो र क्याथी कस्ती छ भन्दै प्रश्न पुछ्यो। व्यक्ति २ले कि तिमीहरू छुट्टी भएको छ भन्दै उत्तर दियो। व्यक्ति १ले कि तिमीहरू फेरि सँगै हुन सक्छौ जस्तो लाग्छ भन्दै प्रश्न पुछ्यो। व्यक्ति २ले कि मलाई थाहा छैन, संसारमा अरू धेरै म",,
train_11220,English,party invitation,"#Person1#: Hello, this is Helen speaking.
 #Person2#: Hello, Helen. This is John. How are you?
 #Person1#: Fine, thank you. And you?
 #Person2#: Fine, thanks. I'll have a party next Sunday at home. I'm calling to ask whether you can come or not.
 #Person1#: Oh, how wonderful. I'll be glad to.
 #Person2#: Okay, now you are a famous star.
 #Person1#: Hum, don't say that. Maybe you can do something useful for me.
 #Person2#: What's wrong with you?
 #Person1#: I'll tell you at the party.
 #Person2#: Okay.",John phones Helen to invite her to his party next Sunday and Helen agrees.,"Here is a summary of the dialogue in two sentences:

Helen and John discuss a party John is hosting next Sunday and Helen agrees to attend. Helen hints that she has a favor to ask of John, but doesn't reveal what it is until the party.","Here is a summary of the dialogue in two sentences:

Helen and John discuss a party John is hosting next Sunday and Helen agrees to attend. Helen hints that she has a favor to ask of John, but doesn't reveal what it is until the party.",,
train_11220,Nepali,भोजको निमन्त्रणा,"#व्यक्ति१#: नमस्कार, म हेलेन बोल्दै छु।
#व्यक्ति२#: नमस्कार, हेलेन। म जोन बोल्दै छु। तिमीलाई कस्तो छ?
#व्यक्ति१#: ठीक छु, धन्यवाद। अनि तिमीलाई?
#व्यक्ति२#: ठीक छु, धन्यवाद। म अर्को आइतबार घरमा पार्टी गर्दै छु। तिमी आउन सक्छौ कि सक्दैनौ भनेर सोध्न फोन गरेको हुँ।
#व्यक्ति१#: ओहो, कति राम्रो। म खुसीसाथ आउँछु।
#व्यक्ति२#: ठीक छ, अब तिमी प्रसिद्ध तारा हौ।
#व्यक्ति१#: हम्म, त्यसो नभन। सायद तिमीले मेरो लागि केही उपयोगी काम गर्न सक्छौ।
#व्यक्ति२#: तिमीलाई के भयो?
#व्यक्ति१#: पार्टीमा बताउँछु।
#व्यक्ति२#: ठीक छ।",जोनले हेलेनलाई फोन गरेर अर्को आइतबार आफ्नो घरमा हुने भोजमा निम्तो दिन्छन् र हेलेन सहमत हुन्छिन्।,हेलेन र जोन द्वारा कस्तो छन् भनेर सोधिएर संवाद हुन्थ्यो। जोनले आइतबार घरमा पार्टी गर्दै छन् भनेर सोधेको थियो र हेलेनले त्यसको लागि तयार भएर आउने भनेकी थिइन्।,हेलेन र जोन द्वारा कस्तो छन् भनेर सोधिएर संवाद हुन्थ्यो। जोनले आइतबार घरमा पार्टी गर्दै छन् भनेर सोधेको थियो र हेलेनले त्यसको लागि तयार भएर आउने भनेकी थिइन्।,,
train_11291,English,holidays,"#Person1#: How many holidays do you have in the U.S.?
 #Person2#: Er, I'm not quite sure. I just know some.
 #Person1#: For example?
 #Person2#: Mmm..., Mother's Day, National Day, Thanksgiving Day, Christmas Day, New Year's Day, and Valentine's Day.
 #Person1#: Not bad. When does its National Day come? And the Valentine's Day?
 #Person2#: The National Day comes on July 4th and the latter on February 14th.
 #Person1#: Talking of the National Day, who is the Father of the state? Benjamin Franklin or George Washington?
 #Person2#: George Washington, of course.
 #Person1#: Besides Washington, who else is regarded as a great president?
 #Person2#: Abraham Lincoln, I'm one hundred per cent sure.","#Person1# asks #Person2# some questions about the U.S., such as the holidays, the Father of the state, and the great president.","Here is a summary of the dialogue in two sentences:

Person 2 lists several holidays in the U.S., including Mother's Day, National Day, and Christmas Day. They also mention that National Day is on July 4th and Valentine's Day is on February 14th, and identify George Washington and Abraham Lincoln as notable figures in U.S. history.","Here is a summary of the dialogue in two sentences:

Person 2 lists several holidays in the U.S., including Mother's Day, National Day, and Christmas Day. They also mention that National Day is on July 4th and Valentine's Day is on February 14th, and identify George Washington and Abraham Lincoln as notable figures in U.S. history.",,
train_11291,Nepali,बिदाहरू,"#Person1#: अमेरिकामा कतिवटा बिदाहरू हुन्छन्? 
 #Person2#: अहँ, मलाई ठ्याक्कै थाहा छैन। मलाई केहीको मात्र जानकारी छ। 
 #Person1#: उदाहरणका लागि? 
 #Person2#: म्म... मदर्स डे (आमाको मुख हेर्ने दिन), राष्ट्रिय दिवस, थ्याङ्क्सगिभिङ डे, क्रिसमस डे, नयाँ वर्षको दिन र भ्यालेन्टाइन डे। 
 #Person1#: राम्रो छ। राष्ट्रिय दिवस कहिले पर्छ? अनि भ्यालेन्टाइन डे? 
 #Person2#: राष्ट्रिय दिवस जुलाई ४ मा पर्छ र भ्यालेन्टाइन डे फेब्रुअरी १४ मा। 
 #Person1#: राष्ट्रिय दिवसको कुरा गर्दा, राष्ट्रपिता (Father of the state) को हुन्? बेन्जामिन फ्र्याङ्कलिन कि जर्ज वासिङ्टन? 
 #Person2#: पक्कै पनि, जर्ज वासिङ्टन। 
 #Person1#: वासिङ्टनबाहेक अरू कसलाई महान् राष्ट्रपति मानिन्छ? 
 #Person2#: अब्राहम लिंकन; म यसमा शतप्रतिशत निश्चित छु।","#Person1# ले #Person2# लाई संयुक्त राज्य अमेरिकाबारे केही प्रश्नहरू सोध्छन्, जस्तै—चाडपर्वहरू, राष्ट्रपिता र महान् राष्ट्रपति।","अमेरिकामा कतिवटा बिदाहरू हुन्छन्? उदाहरणका लागि मदर्स डे, राष्ट्रिय दिवस, थ्याङ्क्सगिभिङ डे, क्रिसमस डे, नयाँ वर्षको दिन र भ्यालेन्टाइन डे हुन्छन्। राष्ट्रिय दिवस जुलाई ४ मा पर्छ र भ्यालेन्टाइन डे फेब्रुअरी १४ मा पर्छ। राष्ट्रपिता जर्ज वासिङ्टन हुन्। वासिङ्टनबाहेक अब","अमेरिकामा कतिवटा बिदाहरू हुन्छन्? उदाहरणका लागि मदर्स डे, राष्ट्रिय दिवस, थ्याङ्क्सगिभिङ डे, क्रिसमस डे, नयाँ वर्षको दिन र भ्यालेन्टाइन डे हुन्छन्। राष्ट्रिय दिवस जुलाई ४ मा पर्छ र भ्यालेन्टाइन डे फेब्रुअरी १४ मा पर्छ। राष्ट्रपिता जर्ज वासिङ्टन हुन्। वासिङ्टनबाहेक अब",,
train_11364,English,death,"#Person1#: I don't know what to say. This can't be happening. Here's the obituary.
 #Person2#: It's really there? This all seems so surreal-like it's all one big nightmare.
 #Person1#: But it explains why Taylor isn't answering and Femi took time off from work.
 #Person2#: Poor Femi. Taylor's death must have made her realize that she still cared for him.
 #Person1#: This says the viewing is at Myers Funeral Home today until five.
 #Person2#: It's already half past four. We should go and pay our respects. Taylor's family will be there.",#Person1# and #Person2# are surprised at Taylor's death and they sympathize with Femi. They will go for Taylor's viewing.,"Here is a summary of the dialogue in two sentences:

The speaker is showing an obituary to someone else, and they are both trying to process the news of Taylor's death. They decide to attend the viewing at Myers Funeral Home, which is already underway, to pay their respects to Taylor and her family.","Here is a summary of the dialogue in two sentences:

The speaker is showing an obituary to someone else, and they are both trying to process the news of Taylor's death. They decide to attend the viewing at Myers Funeral Home, which is already underway, to pay their respects to Taylor and her family.",,
train_11364,Nepali,,"""#Person1#: के भनूँ, मलाई थाहा छैन। यस्तो हुन सक्दैन। यो हेर, यहाँ शोक-सूचना छ।
 #Person2#: साँच्चै हो र? यो सबै अवास्तविक जस्तो लाग्छ—मानौं यो एउटा ठूलो दुःस्वप्न हो।
 #Person1#: तर यसले प्रस्ट पार्छ कि किन टेलरले फोन उठाइरहेका छैनन् र फेमीले कामबाट बिदा लिएकी छिन्।
 #Person2#: बेचारी फेमी। टेलरको मृत्युले पक्कै पनि उनलाई महसुस गरायो होला कि उनी अझै पनि टेलरको ख्याल राख्थिन्।
 #Person1#: यहाँ लेखिएअनुसार आज पाँच बजेसम्म 'मायर्स फ्युनरल होम'मा अन्तिम दर्शनको कार्यक्रम छ।
 #Person2#: साढे चार बजिसकेछ। हामीले गएर श्रद्धाञ्जली अर्पण गर्नुपर्छ। टेलरको परिवार त्यहाँ हुनेछन्।""",,टेलरको मृत्यु भएको हो । त्यसको परिवारले अन्तिम दर्शनको कार्यक्रम गरेको छ ।,टेलरको मृत्यु भएको हो । त्यसको परिवारले अन्तिम दर्शनको कार्यक्रम गरेको छ ।,,
train_11379,English,shopping,"#Person1#: May I help you?
 #Person2#: Yes. I'm looking for some perfume. Do you have perfumes with a light scent?
 #Person1#: How about this one? It smells like green tea and is our best seller. Try it.
 #Person2#: It does smell good, How much is it?
 #Person1#: It goes for $ 40.
 #Person2#: OK. I'll take this one.",#Person1# helps #Person2# buy a kind of perfume smiling like green tea.,"Here is a summary of the dialogue in two sentences:

Person 2 is looking for a perfume with a light scent and asks Person 1 if they have any. Person 2 decides to buy a perfume that smells like green tea, which costs $40.","Here is a summary of the dialogue in two sentences:

Person 2 is looking for a perfume with a light scent and asks Person 1 if they have any. Person 2 decides to buy a perfume that smells like green tea, which costs $40.",,
train_11379,Nepali,किनमेल,"#व्यक्ति१#: म तपाईंलाई सहयोग गरूँ?
#व्यक्ति२#: हो। म केही अत्तर खोज्दै छु। तपाईंसँग हल्का सुगन्ध भएका अत्तर छन्?
#व्यक्ति१#: यो कस्तो हुन्छ? यसमा हरियो चियाको सुगन्ध छ र यो हाम्रो सबैभन्दा बढी बिक्री हुने अत्तर हो। यसलाई प्रयोग गरेर हेर्नुहोस्।
#व्यक्ति२#: यसको सुगन्ध राम्रो छ। यसको मूल्य कति हो?
#व्यक्ति१#: यसको मूल्य ४० डलर हो।
#व्यक्ति२#: ठीक छ। म यही लिन्छु।",#व्यक्ति१# ले #व्यक्ति२# लाई हरियो चियाजस्तो सुगन्ध आउने एक प्रकारको अत्तर किन्न सहयोग गर्छन्।,व्यक्ति १ले व्यक्ति २लाई सहयोग गर्ने प्रस्ताव दियो र व्यक्ति २ले हल्का सुगन्ध भएको अत्तर खोज्दै थियो । व्यक्ति १ले त्यस अत्तरको विवरण दियो र व्यक्ति २ले त्यस अत्तरको मूल्य ४० डलर भन्दै त्यस अत्तर लिने प्रस्ताव दियो ।,व्यक्ति १ले व्यक्ति २लाई सहयोग गर्ने प्रस्ताव दियो र व्यक्ति २ले हल्का सुगन्ध भएको अत्तर खोज्दै थियो । व्यक्ति १ले त्यस अत्तरको विवरण दियो र व्यक्ति २ले त्यस अत्तरको मूल्य ४० डलर भन्दै त्यस अत्तर लिने प्रस्ताव दियो ।,,
train_11405,English,International Settlement,"#Person1#: Welcome to IBA. Can I help you?
 #Person2#: Yes, please. I'm here for an International Settlement. Our company has to effect payment, and it needs to be done today. Here's the advice slip for the payment.
 #Person1#: Thanks. I'm sorry to say that you need to get this stamped. There is no stamp on this slip and it is essential before I can process it for you.
 #Person2#: I see. So, I need to stamp it. And sign it too?
 #Person1#: Yes, that's right. Down here, at the bottom right hand corner to show that you agree to pay the printed amount.
 #Person2#: I'll go back to the office and get it sorted and pop back later. Thanks, bye for now.",#Person1# tells #Person2# #Person2# needs a stamp and a sign on the advice slip to make the payment so #Person2# will come back later with everything sorted.,"Here is a summary of the dialogue in two sentences:

Person 2 visited IBA to effect an International Settlement and was told that the advice slip needed to be stamped and signed before it could be processed. Person 2 agreed to go back to the office to get the slip stamped and signed, and then return to IBA.","Here is a summary of the dialogue in two sentences:

Person 2 visited IBA to effect an International Settlement and was told that the advice slip needed to be stamped and signed before it could be processed. Person 2 agreed to go back to the office to get the slip stamped and signed, and then return to IBA.",,
train_11405,Nepali,अन्तर्राष्ट्रिय सेटलमेन्ट,"#Person1#: आईबीएमा स्वागत छ। म तपाईंलाई सहयोग गर्न सक्छु?
 #Person2#: हो, कृपया। म अन्तर्राष्ट्रिय सेटलमेन्टका लागि आएको छु। हाम्रो कम्पनीले भुक्तानी गर्नुपर्छ, र आजै गर्नुपर्छ। यहाँ भुक्तानीको एडभाइस स्लिप छ।
 #Person1#: धन्यवाद। माफ गर्नुहोस्, यसमा छाप लगाउनुपर्छ। यस स्लिपमा छाप छैन र म यसलाई प्रोसेस गर्नुअघि यो आवश्यक छ।
 #Person2#: बुझेँ। त्यसैले मलाई छाप लगाउनुपर्छ। र साइन पनि?
 #Person1#: हो, ठीक छ। तल दायाँ कुनामा, छापिएको रकम तिर्न सहमत भएको देखाउन।
 #Person2#: म अफिस फर्केर मिलाएर पछि आउँछु। धन्यवाद, अहिलेलाई बाइ।",#Person1# ले #Person2# लाई भुक्तानीका लागि एडभाइस स्लिपमा छाप र साइन चाहिन्छ भन्छन् त्यसैले #Person2# सबै मिलाएर पछि आउनेछन्।,"आईबीएमा स्वागत छ। म तपाईंलाई सहयोग गर्न सक्छु? हो, कृपया। म अन्तर्राष्ट्रिय सेटलमेन्टका लागि आएको छु। हाम्रो कम्पनीले भुक्तानी गर्नुपर्छ, र आजै गर्नुपर्छ। यहाँ भुक्तानीको एडभाइस स्लिप छ। धन्यवाद। माफ गर्नुहोस्, यसमा छाप लगाउनुपर्छ। यस स्लिपमा छाप छैन र म यसलाई प्रोसेस गर्नुअघ","आईबीएमा स्वागत छ। म तपाईंलाई सहयोग गर्न सक्छु? हो, कृपया। म अन्तर्राष्ट्रिय सेटलमेन्टका लागि आएको छु। हाम्रो कम्पनीले भुक्तानी गर्नुपर्छ, र आजै गर्नुपर्छ। यहाँ भुक्तानीको एडभाइस स्लिप छ। धन्यवाद। माफ गर्नुहोस्, यसमा छाप लगाउनुपर्छ। यस स्लिपमा छाप छैन र म यसलाई प्रोसेस गर्नुअघ",,
train_11460,English,school life,"#Person1#: Jenny, you look terrible. What's eating you?
 #Person2#: Don't brother me!
 #Person1#: Hey, chill out, I'm just trying to help.
 #Person2#: Sorry, Sally, it's not your fault.
 #Person1#: So, what's the problem?
 #Person2#: I drew a blank on the algebra test.
 #Person1#: No kidding! Didn't you study for it?
 #Person2#: Yeah, but nothing was clear during the test.
 #Person1#: That's too bad, anyway, I'm sure things will turn around next semester.
 #Person2#: I'm thinking of dropping out.
 #Person1#: You can't do that, Jenny!
 #Person2#: I'm dead serious about this, Sally.
 #Person1#: Come on, let's talk about it.",Jenny tells Sally her terrible algebra test. Sally comforts her and tries to stop her ideas from dropping out.,"Jenny (also referred to as Sally) is upset because she drew a blank on an algebra test. She is considering dropping out of school, which has caused concern for her friend.","Jenny (also referred to as Sally) is upset because she drew a blank on an algebra test. She is considering dropping out of school, which has caused concern for her friend.",,
train_11460,Nepali,विद्यालय जीवन,"#व्यक्ति१#: जेनी, तिमी निकै नराम्रो देखिरहेकी छौ। के भयो?
#व्यक्ति२#: मलाई दुःख नदेऊ!
#व्यक्ति१#: ए, शान्त होऊ, म त सहयोग गर्न खोज्दैछु।
#व्यक्ति२#: माफ गर, स्याली, यो तिम्रो गल्ती होइन।
#व्यक्ति१#: त्यसो भए समस्या के हो?
#व्यक्ति२#: मैले बीजगणितको परीक्षामा केही सम्झनै सकिनँ।
#व्यक्ति१#: साँच्चै? तिमीले पढेकी थिइनौ?
#व्यक्ति२#: पढेकी थिएँ, तर परीक्षाको बेला केही पनि स्पष्ट भएन।
#व्यक्ति१#: त्यो नराम्रो भयो। जे होस्, अर्को सेमेस्टरमा सबै ठीक हुनेछ भन्ने मलाई विश्वास छ।
#व्यक्ति२#: म पढाइ छोड्ने सोच्दैछु।
#व्यक्ति१#: तिमी यस्तो गर्न सक्दैनौ, जेनी!
#व्यक्ति२#: म साँच्चै गम्भीर छु, स्याली।
#व्यक्ति१#: आउ, यसबारे कुरा गरौँ।",जेनीले स्यालीलाई आफ्नो खराब बीजगणित परीक्षाबारे बताउँछिन्। स्यालीले उनलाई सान्त्वना दिन्छिन् र पढाइ छोड्ने विचार रोक्न प्रयास गर्छिन्।,जेनीले बीजगणितको परीक्षामा केही सम्झनै सकिनँ। त्यसपछि स्यालीले जेनीलाई पढाइ छोड्ने सोच्दैछु भन्दै कुरा गरेकी थिइन।,जेनीले बीजगणितको परीक्षामा केही सम्झनै सकिनँ। त्यसपछि स्यालीले जेनीलाई पढाइ छोड्ने सोच्दैछु भन्दै कुरा गरेकी थिइन।,,
train_11495,English,room booking,"#Person1#: Royal Hotel, can I help you? 
 #Person2#: Yes. I urgenfly need a room for tomorrow night, and do you have any vacancies? 
 #Person1#: Yes, we have. What kind of room would you like? 
 #Person2#: I'd like a suite with an ocean view, please. 
 #Person1#: No problem, sir. 
 #Person2#: What is the price of the suite? 
 #Person1#: It is $ 200 per night. 
 #Person2#: It is a little high. I'm told that your hotel is offering discount now. 
 #Person1#: Yes, but the offer ended yesterday. I'm sorry. 
 #Person2#: Oh, I see. Then do you have anything less expensive? 
 #Person1#: No, sir. So far it is the least expensive suite for tomorrow night. 
 #Person2#: OK, I will take it. By the way, does the price include breakfast? 
 #Person1#: Yes, it does. Now could I have your name, please? 
 #Person2#: My name is David White. 
 #Person1#: Would you kindly spell it for me? 
 #Person2#: That is D-A-V-I-D, W-H-I-T-E. 
 #Person1#: Thank you, I got it. And how long do you expect to stay? 
 #Person2#: About three days. 
 #Person1#: OK. Our check-in time is after 12:00. And see you tomorrow. 
 #Person2#: Thank you. See you.",David White wants to book a room in the Royal Hotel for three days and asks for a discount. #Person1# tells him the offer has ended and books the cheapest suite for him.,"Here is a summary of the dialogue in two sentences:

A person named David White calls the Royal Hotel to inquire about a room for the next night and requests a suite with an ocean view. After being informed that the price is $200 per night, David decides to take the suite, which includes breakfast, and provides his name and expected length of stay.","Here is a summary of the dialogue in two sentences:

A person named David White calls the Royal Hotel to inquire about a room for the next night and requests a suite with an ocean view. After being informed that the price is $200 per night, David decides to take the suite, which includes breakfast, and provides his name and expected length of stay.",,
train_11495,Nepali,,"#Person1#: रोयल होटल, म तपाईंलाई कसरी मद्दत गर्न सक्छु?
#Person2#: हजुर। मलाई भोलि रातको लागि एउटा कोठाको तत्काल आवश्यकता छ; के तपाईँकहाँ खाली कोठा छ?
#Person1#: हजुर, छ। तपाईँ कस्तो प्रकारको कोठा चाहनुहुन्छ?
#Person2#: मलाई समुद्र देखिने 'सुइट' (suite) चाहिएको थियो।
#Person1#: हुन्छ नि, सर।
#Person2#: त्यो सुइटको मूल्य कति पर्छ?
#Person1#: यसको मूल्य प्रति रात २०० डलर पर्छ।
#Person2#: यो अलि महँगो भयो। मैले सुनेको थिएँ कि तपाईँको होटलले अहिले छुट दिइरहेको छ।
#Person1#: हजुर, तर त्यो अफर हिजो नै सकियो। मलाई माफ गर्नुहोला।
#Person2#: ए, बुझें। त्यसोभए के तपाईँकहाँ अलि सस्तो विकल्प छ?
#Person1#: छैन, सर। भोलि रातको लागि यो नै सबैभन्दा सस्तो सुइट हो।
#Person2#: हुन्छ, म यही लिन्छु। एउटा कुरा, के यो मूल्यमा बिहानको खाजा पनि समावेश छ?
#Person1#: हजुर, समावेश छ। अब म तपाईँको नाम जान्न सक्छु?
#Person2#: मेरो नाम डेभिड ह्वाइट (David White) हो।
#Person1#: कृपया यसको हिज्जे (spelling) बताइदिनुहुन्छ?
#Person2#: यो D-A-V-I-D, W-H-I-T-E हो।
#Person1#: धन्यवाद, मैले टिपें। अनि तपाईँ कति समय बस्ने योजनामा ​​हुनुहुन्छ?
#Person2#: लगभग तीन दिन।
#Person1#: हुन्छ। हाम्रो 'चेक-इन' (check-in) को समय १२:०० बजेपछिको हो। भोलि भेटौँला।
#Person2#: धन्यवाद। भेटौँला।",,रोयल होटलमा एक सुइटलाई किराएमा लिने बारेमा संवाद हो।,रोयल होटलमा एक सुइटलाई किराएमा लिने बारेमा संवाद हो।,,
train_11887,English,go sailing,"#Person1#: This is such a beautiful day! Great for sailing!
 #Person2#: It sure is! The water looks so nice! Anchor the boat for a little while. I ' m going to take a dip.
 #Person1#: Why are you doggy-paddling? I taught you how to swim! Do your breast stroke!
 #Person2#: I get too tired! I ' ll just backstroke, it ' s easier!
 #Person1#: Try kicking your legs more. That ' s good. Don ' t go out too far!
 #Person2#: It ' s fine. Jump in!
 #Person1#: Kathy! Get back here! I see a shark!
 #Person2#: Ahahah! ! ! Help me! Help! Bring the boat closer! The shark is coming straight towards me!
 #Person1#: It ' s right under you! Kathy! ! !",#Person1# and Kathy are sailing in the water. Kathy takes a dip but #Person1# finds a shark suddenly appears right under Kathy.,"Person 1 and Person 2 are enjoying a day of sailing and swimming, with Person 2 initially struggling to swim but then jokingly panicking when Person 1 spots a shark.","Person 1 and Person 2 are enjoying a day of sailing and swimming, with Person 2 initially struggling to swim but then jokingly panicking when Person 1 spots a shark.",,
train_11887,Nepali,,"""#Person1#: कति रमाइलो दिन! डुङ्गा सयरका लागि त एकदमै राम्रो!
 #Person2#: हो नि! पानी कति राम्रो देखिएको छ! एकछिन डुङ्गाको लङ्गर खसालेर रोक न। म अलिकति पौडी खेल्छु।
 #Person1#: तिमी किन कुकुरले पौडिएजसरी (doggy-paddle) पौडिँदैछौ? मैले तिमीलाई पौडी खेल्न सिकाएको थिएँ नि! 'ब्रेस्टस्ट्रोक' (breaststroke) गर न!
 #Person2#: मलाई धेरै थकाइ लाग्छ! म बरु 'ब्याकस्ट्रोक' (backstroke) गर्छु, त्यो सजिलो हुन्छ!
 #Person1#: खुट्टा अलि बढी चलाउने कोसिस गर। हो, राम्रो। धेरै टाढा नजाऊ है!
 #Person2#: ठीकै छ। तिमी पनि हाम फाल न!
 #Person1#: क्याथी! यता आऊ! मैले एउटा सार्क देखिरहेको छु!
 #Person2#: आहाहा! मलाई बचाऊ! बचाऊ! डुङ्गा यता नजिक ल्याऊ! सार्क सिधै मतिर आउँदैछ!
 #Person1#: त्यो तिम्रो ठीक मुनि छ! क्याथी!""",,संवादमा दुई मित्रहरू डुङ्गामा पौडी खेल्दै देखिए। उनीहरू पौडी खेल्दै पानी कति राम्रो देखिएको छ भनी बात गर्दै थिए। उनीहरू पौडी खेल्दै पानी कति राम्रो देखिएको छ भनी बात गर्दै थिए।,संवादमा दुई मित्रहरू डुङ्गामा पौडी खेल्दै देखिए। उनीहरू पौडी खेल्दै पानी कति राम्रो देखिएको छ भनी बात गर्दै थिए। उनीहरू पौडी खेल्दै पानी कति राम्रो देखिएको छ भनी बात गर्दै थिए।,,
train_11986,English,win the bid,"#Person1#: I was wondering whether you could ship the tennis racket overseas to Taiwan.
 #Person2#: I'm sorry we don't ship overseas. It's too much trouble.
 #Person1#: I understand you don't have a history of shipping overseas, but I am willing to pay extra for shipping.
 #Person2#: Maybe we could make an exception for you if you win the bid.
 #Person1#: Thanks so much! By the way, is the racket really Serena Williams'?
 #Person2#: Yes. You'll get a picture of Serena playing with the racket and a document from her.",#Person2# tells #Person1# #Person2# can ship the tennis racket overseas to Taiwan if #Person1# wins the bid.,"Here is a summary of the dialogue in two sentences:

Person 1 asks Person 2 if they can ship a tennis racket to Taiwan, and Person 2 initially declines due to the trouble of shipping overseas. However, Person 2 offers to make an exception if Person 1 wins the bid, and also provides information about the racket's authenticity, including a picture and a document from Serena Williams.","Here is a summary of the dialogue in two sentences:

Person 1 asks Person 2 if they can ship a tennis racket to Taiwan, and Person 2 initially declines due to the trouble of shipping overseas. However, Person 2 offers to make an exception if Person 1 wins the bid, and also provides information about the racket's authenticity, including a picture and a document from Serena Williams.",,
train_11986,Nepali,बोलपत्र जित्नु,"#व्यक्ति१#: म सोचिरहेको थिएँ कि तपाईंले टेनिसको र्‍याकेट विदेशमा ताइवान पठाउन सक्नुहुन्छ कि सक्नुहुन्न।
#व्यक्ति२#: माफ गर्नुहोस्, हामी विदेशमा सामान पठाउँदैनौँ। यो धेरै झन्झटिलो हुन्छ।
#व्यक्ति१#: म बुझ्छु कि तपाईंको विदेशमा सामान पठाउने इतिहास छैन, तर म पठाउने शुल्कका लागि अतिरिक्त पैसा तिर्न इच्छुक छु।
#व्यक्ति२#: यदि तपाईंले बोलकबोल जित्नुभयो भने हामी तपाईंका लागि अपवाद बनाउन सक्छौँ।
#व्यक्ति१#: धेरै धेरै धन्यवाद! त्यसैबीच, के त्यो र्‍याकेट वास्तवमै सेरेना विलियम्सको हो?
#व्यक्ति२#: हो। तपाईंले सेरेनाले र्‍याकेटसँग खेलिरहेको एउटा तस्बिर र उहाँबाट एउटा कागजात पाउनुहुनेछ।",#व्यक्ति२# ले #व्यक्ति१# लाई #व्यक्ति१# ले बोलपत्र जितेमा टेनिस र्याकेट ताइवानसम्म विदेशमा पठाउन सक्ने बताउँछन्।,व्यक्ति १ले व्यक्ति २लाई टेनिसको र्‍याकेट विदेशमा पठाउने बारे पूछ्यो । व्यक्ति २ले विदेशमा सामान पठाउने इतिहास नभएको बताएर पठाउने शुल्कको लागि अतिरिक्त पैसा तिर्न इच्छुक भएको व्यक्ति १लाई पठाउने शुल्कमा अपवाद बनाउने बारे भन्यो ।,व्यक्ति १ले व्यक्ति २लाई टेनिसको र्‍याकेट विदेशमा पठाउने बारे पूछ्यो । व्यक्ति २ले विदेशमा सामान पठाउने इतिहास नभएको बताएर पठाउने शुल्कको लागि अतिरिक्त पैसा तिर्न इच्छुक भएको व्यक्ति १लाई पठाउने शुल्कमा अपवाद बनाउने बारे भन्यो ।,,
train_12001,English,conservative,"#Person1#: Did you see the woman that just left my office?
 #Person2#: Yes.
 #Person1#: She's another applicant, and a leading contender, but I didn't want to hire her. She's qualified, but she doesn't quite fit the profile. We're looking for an accountant, and part of the job requires interacting with clients. Well, our clients want conservative people to handle their money. And green hair with ripped jeans doesn't exactly fill them with trust.
 #Person2#: But it's the style now.
 #Person1#: I realize that, but our business is serving clients and giving them what they want.
 #Person2#: Of course.
 #Person1#: Well, they don't want to deal with people who look like that. They want people who look more like yourself.
 #Person2#: Why is that?
 #Person1#: Well, they're older, and they don't understand today's fashions. When they see someone dressed like that, warning bells go off. They don't like that style at all, and they don't like dealing with people who dress like that at work.
 #Person2#: Oh, I see.
 #Person1#: We used to have a woman here who dressed like that and she was good, very good. But, the clients reacted very negatively when they saw her. Some asked that their account be given to someone who dressed more conservatively.
 #Person2#: What happened to her?
 #Person1#: Well, she was a very good employee and we wanted to keep her, so her supervisor called her in for a chat and laid it on the line for her. She got the idea and now she saves the trendy styles for evenings and weekends.
 #Person2#: I see.",#Person1# tells that the way that the applicant dressed doesn't fill the clients with trust so #Person1# didn't want to hire her. #Person1# gives an example that the clients reacted negatively when they saw the woman who dressed like the applicant. The clients want those who dress more conservatively to handle their money.,"Here is a summary of the dialogue in two sentences:

The speaker did not want to hire a qualified applicant because she didn't fit the company's desired image, which is conservative and traditional. The company's clients prefer to deal with employees who dress in a more conventional style, and the speaker believes that the applicant's appearance would be a turn-off to them.","Here is a summary of the dialogue in two sentences:

The speaker did not want to hire a qualified applicant because she didn't fit the company's desired image, which is conservative and traditional. The company's clients prefer to deal with employees who dress in a more conventional style, and the speaker believes that the applicant's appearance would be a turn-off to them.",,
train_12001,Nepali,परम्परागत,"#व्यक्ति१#: मेरो कार्यालयबाट भर्खरै बाहिरिएकी महिलालाई देख्यौ?
#व्यक्ति२#: देखेँ।
#व्यक्ति१#: उनी अर्को आवेदक हुन् र मुख्य प्रतिस्पर्धी पनि हुन्, तर म उनलाई काममा राख्न चाहन्नँ। उनी योग्य छिन्, तर हाम्रो आवश्यकतासँग ठ्याक्कै मिल्दिनन्। हामी लेखापाल खोजिरहेका छौँ र यो कामको एउटा भाग ग्राहकहरूसँग कुराकानी गर्नु पनि हो। हाम्रा ग्राहकहरू आफ्नो पैसा सम्हाल्ने व्यक्तिहरूलाई परम्परागत देखिने चाहन्छन्। हरियो कपाल र च्यातिएको जिन्सले उनीहरूलाई विश्वास दिलाउँदैन।
#व्यक्ति२#: तर अहिले त यो फेसन हो।
#व्यक्ति१#: मलाई थाहा छ, तर हाम्रो व्यवसाय ग्राहकलाई सेवा दिने र उनीहरूको चाहना पूरा गर्ने हो।
#व्यक्ति२#: अवश्य।
#व्यक्ति१#: उनीहरू त्यस्तो देखिने मानिससँग काम गर्न चाहँदैनन्। उनीहरू तिमी जस्तै देखिने मानिस चाहन्छन्।
#व्यक्ति२#: किन त्यस्तो?
#व्यक्ति१#: उनीहरू उमेरमा ठूला छन् र आजको फेसन बुझ्दैनन्। जब उनीहरूले त्यस्तो पहिरन देख्छन्, उनीहरूलाई शंका लाग्छ। उनीहरूलाई त्यो शैली मन पर्दैन र काम गर्ने ठाउँमा त्यस्तो पहिरन भएका मानिससँग व्यवहार गर्न चाहँदैनन्।
#व्यक्ति२#: ओहो, मैले बुझें।
#व्यक्ति१#: पहिले हामीसँग यस्तै पहिरन लगाउने एक महिला कर्मचारी थिइन् र उनी धेरै राम्रो काम गर्थिन्। तर ग्राहकहरूले उनलाई देख्दा नकारात्मक प्रतिक्रिया दिए। केही ग्राहकहरूले आफ्नो खाता परम्परागत पहिरन लगाउने व्यक्तिलाई दिन आग्रह गरे।
#व्यक्ति२#: त्यसपछि उनको के भयो?
#व्यक्ति१#: उनी राम्रो कर्मचारी थिइन् र हामी उनलाई राख्न चाहन्थ्यौँ। त्यसैले उनको व्यवस्थापकले उनलाई बोलाएर कुरा गरे। उनले कुरा बुझिन् र अहिले फेसनदार कपडा बेलुका र सप्ताहन्तमा मात्र लगाउँछिन्।
#व्यक्ति२#: बुझें।",#व्यक्ति१# ले आवेदकको पहिरनले ग्राहकलाई विश्वास नदिलाउने भएकाले काममा नराख्ने बताउँछन्। ग्राहकहरू पैसा सम्हाल्ने व्यक्तिहरू परम्परागत देखिने चाहन्छन्।,कार्यालयबाट बाहिरिएकी महिलालाई देख्दै व्यक्ति १ले व्यक्ति २लाई बताए कि उनी योग्य छिन् तर हाम्रो आवश्यकतासँग ठ्याक्कै मिल्दिनन्। उनीहरू ग्राहकलाई सेवा दिने र उनीहरूको चाहना पूरा गर्ने हो र ग्राहकले परम्परागत देखिने चाहन्छन्।,कार्यालयबाट बाहिरिएकी महिलालाई देख्दै व्यक्ति १ले व्यक्ति २लाई बताए कि उनी योग्य छिन् तर हाम्रो आवश्यकतासँग ठ्याक्कै मिल्दिनन्। उनीहरू ग्राहकलाई सेवा दिने र उनीहरूको चाहना पूरा गर्ने हो र ग्राहकले परम्परागत देखिने चाहन्छन्।,,
train_1201,English,teenager,"#Person1#: Dad, you love me, don't you?
 #Person2#: Of course I do. Why do you ask? What's on your mind?
 #Person1#: Well I saw this great offer for a free cellphone here in the newspaper and...
 #Person2#: Free? Nothing's ever free.
 #Person1#: Well, the phone is free after a $50 Mail in rebate.
 #Person2#: Ah, so that's the catch, and why do you need a cellphone anyway?
 #Person1#: That all my friends have one and I can use it to call you in case the car breaks down.
 #Person2#: Oh, I don't know, there are always so many fees.
 #Person1#: But the monthly charge for this service is only $29.99 with one thousand free weekday minutes nationwide and unlimited weekend minutes, plus unlimited anytime minutes for anyone using the same service.
 #Person2#: I don't know.
 #Person1#: And you can run over the extra minutes, so the next month instead of just losing them. What do you think of that?
 #Person2#: Yes, but what are the terms of the service agreement?
 #Person1#: It's only for 6 months.
 #Person2#: But what if you cancel early?
 #Person1#: Umm there's a cancellation fee of $200, but with...
 #Person2#: 200 bucks?
 #Person1#: Yeah, but you won't have to worry about me while I'm driving the new car.
 #Person2#: New car? What new car?
 #Person1#: The new car you'll need to buy so I can use the cellphone. I mean, what's it gonna look like if I'm using a cellphone in our old lemon.
 #Person2#: Teenagers. What do they think of next?",#Person1# asks #Person2# for a cellphone and explains the charges and the service agreement. #Person1# also wants a new car to go with the cellphone. #Person2# can't imagine what #Person1# as a teenager will think of next.,"Here is a two-sentence summary of the dialogue:

A teenager asks their parent to buy them a cellphone, citing the benefits of having a phone with a low monthly charge and many free minutes. The parent is skeptical, pointing out the potential costs and fees associated with the service, including a $200 cancellation fee.","Here is a two-sentence summary of the dialogue:

A teenager asks their parent to buy them a cellphone, citing the benefits of having a phone with a low monthly charge and many free minutes. The parent is skeptical, pointing out the potential costs and fees associated with the service, including a $200 cancellation fee.",,
train_1201,Nepali,,"#Person1#: बुवा, तपाईं मलाई माया गर्नुहुन्छ, होइन त?
#Person2#: पक्कै पनि गर्छु नि। किन सोधेको? मनमा के कुरा खेलिरहेको छ?
#Person1#: खासमा, मैले अखबारमा एउटा नि:शुल्क सेलफोनको राम्रो अफर देखेँ अनि...
#Person2#: नि:शुल्क? संसारमा कुनै पनि कुरा सित्तैमा पाइँदैन।
#Person1#: होइन, ५० डलरको 'मेल-इन रिबेट' (हुलाक मार्फत फिर्ता पाइने रकम) पछि फोन नि:शुल्क पर्छ।
#Person2#: ए, खास कुरा त यो रहेछ। अनि तिमीलाई सेलफोनको खाँचो नै किन पर्यो?
#Person1#: मेरा सबै साथीहरूसँग छ र गाडी बिग्रियो भने म तपाईंलाई फोन गर्न सक्छु नि।
#Person2#: खै, मलाई त पक्का छैन; यस्ता कुरामा सधैं धेरै अतिरिक्त शुल्कहरू हुन्छन्।
#Person1#: तर यो सेवाको मासिक शुल्क मात्र २९.९९ डलर छ, जसमा देशभरि हप्ताका दिनहरूमा (weekdays) प्रयोग गर्न मिल्ने १,००० मिनेट र सप्ताहन्तमा (weekends) असीमित मिनेट पाइन्छ; साथै, यही सेवा प्रयोग गर्ने जो-कोहीसँग कुरा गर्दा जतिबेला पनि असीमित मिनेटको सुविधा हुन्छ।
#Person2#: मलाई त पक्का छैन।
#Person1#: अनि बाँकी रहेका मिनेटहरू अर्को महिनामा सार्न (roll over) पनि मिल्छ, त्यसैले ती खेर जाँदैनन्। यसमा तपाईंको के विचार छ?
#Person2#: हो, तर सेवा सम्झौताका सर्तहरू के-के छन्?
#Person1#: यो केवल ६ महिनाको लागि हो।
#Person2#: तर यदि समयअगावै रद्द गर्यौँ भने के हुन्छ?
#Person1#: उम... २०० डलरको रद्द गर्ने शुल्क (cancellation fee) लाग्छ, तर...
#Person2#: २०० डलर?
#Person1#: हो, तर म नयाँ गाडी चलाउँदा तपाईंले मेरो चिन्ता लिनुपर्दैन।
#Person2#: नयाँ गाडी? कुन नयाँ गाडी?
#Person1#: त्यो नयाँ गाडी जुन तपाईंले किन्नुपर्ने हुन्छ ताकि म सेलफोन प्रयोग गर्न सकूँ। भन्नुको मतलब, हाम्रो त्यो पुरानो थोत्रे गाडीमा बसेर सेलफोन चलाउँदा कस्तो देखिएला र?
#Person2#: यी किशोरकिशोरीहरू! अब अर्को के सोच्ने हुन् कुन्नि?",,बुवाले बेटालाई सेलफोनको नि:शुल्क अफर देखाएर त्यसको लागि प्रोत्साहित गरेको देखियो।,बुवाले बेटालाई सेलफोनको नि:शुल्क अफर देखाएर त्यसको लागि प्रोत्साहित गरेको देखियो।,,
train_12037,English,Break up,"#Person1#: What happened to that girl you were seeing?
 #Person2#: Oh Jackie? We broke up last week.
 #Person1#: That was a short relationship. You only started dating 2 months ago.
 #Person2#: It was actually a long two months. She was a psycho.
 #Person1#: What do you mean?
 #Person2#: She would be laughing one moment, and if I said something insensitive, she would start crying. I didn't want to deal with that.
 #Person1#: She sounds very emotional.
 #Person2#: She was a psycho, man. One time we were suppose to get together. I was waiting for her call, and when she finally called, she was screaming why I wasn't at her place.
 #Person1#: Were you suppose to be there?
 #Person2#: I thought she was going to call when she was done shopping. It was a misunderstanding. She was literally screaming on the phone over this.
 #Person1#: Ok. You're right. She's a psycho.
 #Person2#: I'm just glad it's over.",#Person2# tells #Person1# that he broke up with Jackie because he thinks Jackie is too hard to deal with.,"Person 2's girlfriend, Jackie, broke up with him after a 2-month relationship. He describes her as ""a psycho"" who was emotionally unstable and prone to sudden mood swings.","Person 2's girlfriend, Jackie, broke up with him after a 2-month relationship. He describes her as ""a psycho"" who was emotionally unstable and prone to sudden mood swings.",,
train_12037,Nepali,सम्बन्ध टुट्नु,"#व्यक्ति१#: तिमीले भेटिरहेको त्यो केटीको के भयो?
#व्यक्ति२#: ओहो, ज्याकी? हामी गएको हप्ता छुट्टियौँ।
#व्यक्ति१#: त्यो त छोटो सम्बन्ध रहेछ। तिमीहरूले त दुई महिनाअघि मात्र डेटिङ सुरु गरेका थियौ।
#व्यक्ति२#: वास्तवमा ती दुई महिना निकै लामो जस्तो लाग्यो। ऊ धेरै गाह्रो स्वभावकी थिई।
#व्यक्ति१#: तिमीले के भन्न खोजेको?
#व्यक्ति२#: एकछिन हाँसिरहेकी हुन्थी, अनि मैले केही संवेदनशील नभएको कुरा भनेँ भने तुरुन्तै रुन थाल्थी। म यस्तो व्यवहार सम्हाल्न चाहन्नथेँ।
#व्यक्ति१#: ऊ निकै भावुक रहिछ।
#व्यक्ति२#: ऊ धेरै गाह्रो थिई। एकपटक हामी भेट्ने योजना बनाएका थियौँ। म उसको फोन पर्खिरहेको थिएँ, अनि उसले फोन गर्दा ऊ कराउँदै थिई कि म किन उसको घरमा थिइनँ।
#व्यक्ति१#: के तिमी त्यहाँ जानुपर्ने थियो?
#व्यक्ति२#: मलाई लागेको थियो ऊ किनमेल सकेपछि फोन गर्छे। यो गलत बुझाइ थियो। तर ऊ फोनमै चिच्याइरहेकी थिई।
#व्यक्ति१#: ठीक छ। तिमी सही रहेछौ। ऊसँग व्यवहार गर्न गाह्रो रहेछ।
#व्यक्ति२#: सम्बन्ध सकियो भनेर म खुसी छु।",#व्यक्ति२# ले ज्याकीसँग सम्बन्ध टुटेको बताउँछन् किनकि उनलाई ज्याकीको व्यवहार सम्हाल्न गाह्रो लाग्थ्यो।,व्यक्ति १ले व्यक्ति २लाई प्रश्न गरेको थियो कि तिमीले भेटिरहेको त्यो केटीको के भयो? व्यक्ति २ले ज्याकी भन्दै कि तिमी गएको हप्ता छुट्टियौँ भनेका थियो। व्यक्ति १ले त्यो त छोटो सम्बन्ध रहेछ भन्दै कि तिमीहरूले त दुई महिनाअघि मात्र डेटिङ सुरु गरेका थियौँ,व्यक्ति १ले व्यक्ति २लाई प्रश्न गरेको थियो कि तिमीले भेटिरहेको त्यो केटीको के भयो? व्यक्ति २ले ज्याकी भन्दै कि तिमी गएको हप्ता छुट्टियौँ भनेका थियो। व्यक्ति १ले त्यो त छोटो सम्बन्ध रहेछ भन्दै कि तिमीहरूले त दुई महिनाअघि मात्र डेटिङ सुरु गरेका थियौँ,,
train_12166,English,piano concert,"#Person1#: I'd like to congratulate you on your wonderful performance.
 #Person2#: Thank you very much.
 #Person1#: I read about you in the newspaper and decided to come and hear you play. I have traveled many miles and I'm very glad I made the effort. You played the piano beautifully. What are your next plans?
 #Person2#: At present, I'm giving a lot of concerts. Fortunately, people want to come and hear me play. But I'm getting very tired of traveling.
 #Person1#: Why are you working so hard?
 #Person2#: I'm planning to start a school, so I'm trying to save as much money as possible.
 #Person1#: What kind of school?
 #Person2#: A music school for disabled children. I think they have the right to receive an education, just like any other children. At the moment, there are very few such schools in my country. Unfortunately, it will cost a lot of money to start one.
 #Person1#: But I'm sure a lot of people will support you. I hope you will be able to realize your dream.",#Person1# admires #Person2#'s piano performance. #Person2# tells #Person1# that #Person2#'s giving lots of concerts to save money to start a music school for disabled children.,"Here is a two-sentence summary of the dialogue:

Person 1 congratulates Person 2 on their performance and expresses admiration for their piano playing. Person 2 reveals their plans to start a music school for disabled children, but notes that it will be costly and they are currently working hard to save money.","Here is a two-sentence summary of the dialogue:

Person 1 congratulates Person 2 on their performance and expresses admiration for their piano playing. Person 2 reveals their plans to start a music school for disabled children, but notes that it will be costly and they are currently working hard to save money.",,
train_12166,Nepali,पियानो कन्सर्ट,"#व्यक्ति१#: तपाईंको उत्कृष्ट प्रदर्शनका लागि बधाई दिन चाहन्छु।
#व्यक्ति२#: धेरै धन्यवाद।
#व्यक्ति१#: मैले तपाईंको बारेमा पत्रिकामा पढेको थिएँ र तपाईंको प्रस्तुति सुन्न यहाँ आएको हुँ। मैले धेरै टाढाको यात्रा गरेँ र यहाँ आउन पाउँदा खुसी छु। तपाईंले पियानो धेरै सुन्दर बजाउनुभयो। तपाईंको आगामी योजना के छ?
#व्यक्ति२#: अहिले म धेरैवटा कन्सर्ट गर्दैछु। भाग्यवश मानिसहरू मेरो पियानो सुन्न आउन चाहन्छन्। तर धेरै यात्रा गर्दा म थाक्दै गएको छु।
#व्यक्ति१#: तपाईं यति धेरै मेहनत किन गर्दै हुनुहुन्छ?
#व्यक्ति२#: म एउटा विद्यालय सुरु गर्ने योजना बनाउँदैछु, त्यसैले सकेसम्म धेरै पैसा बचत गर्दैछु।
#व्यक्ति१#: कस्तो विद्यालय?
#व्यक्ति२#: अपाङ्गता भएका बालबालिकाका लागि संगीत विद्यालय। मलाई लाग्छ उनीहरूले पनि अरू बालबालिकाजस्तै शिक्षा पाउने अधिकार राख्छन्। अहिले मेरो देशमा यस्ता विद्यालय धेरै कम छन्। दुर्भाग्यवश, एउटा सुरु गर्न धेरै पैसा लाग्छ।
#व्यक्ति१#: तर म पक्का छु धेरै मानिसहरूले तपाईंलाई सहयोग गर्नेछन्। आशा छ तपाईं आफ्नो सपना पूरा गर्न सक्नुहुनेछ।",#व्यक्ति१# ले #व्यक्ति२# को पियानो प्रदर्शनको प्रशंसा गर्छन्। #व्यक्ति२# ले अपाङ्गता भएका बालबालिकाका लागि संगीत विद्यालय खोल्न पैसा बचत गर्न धेरै कन्सर्ट गरिरहेको बताउँछन्।,व्यक्ति १ले व्यक्ति २लाई बधाई दिने उद्देश्यले भेटेको थियो। व्यक्ति २ले पियानो बजाउँदै थियो र व्यक्ति १ले त्यसको प्रदर्शन देखेको थियो। व्यक्ति १ले व्यक्ति २लाई आगामी योजना के के छ भन्ने प्रश्न पुछ्यो। व्यक्ति २ले कि त्यसको आगामी योजना के के छ भनी जानकारी,व्यक्ति १ले व्यक्ति २लाई बधाई दिने उद्देश्यले भेटेको थियो। व्यक्ति २ले पियानो बजाउँदै थियो र व्यक्ति १ले त्यसको प्रदर्शन देखेको थियो। व्यक्ति १ले व्यक्ति २लाई आगामी योजना के के छ भन्ने प्रश्न पुछ्यो। व्यक्ति २ले कि त्यसको आगामी योजना के के छ भनी जानकारी,,
train_12183,English,have a party,"#Person1#: it seems the department still has some money left in the budget. Do you have any suggestions how to use it before the budget is renewed?
 #Person2#: what about renting a restaurant and treating the employees to a nice dinner?
 #Person1#: but we've done that many times. We want something fresh this time.
 #Person2#: okay, let me think. What about a party-and-movie night? We can rearrange our reference room, invite a band to play some music, order in some food and watch a movie later.
 #Person1#: sounds like a good idea, but a band sounds too expensive.
 #Person2#: well, we can ask people to make small contributions.
 #Person1#: I don't think so. I don't think people are going to like it if they have to pay to come. But we certainly can cut costs in other ways, such as make the party BYOB.
 #Person2#: BYOB? What's that?
 #Person1#: bring your own beverage. We can provide food, but people have to bring their own drinks.
 #Person2#: so we're just going to have a party where they bring their own drinks and we just give them some snacks? I don't know how well that will go over.
 #Person1#: maybe you have a point. How about having a party on a Friday afternoon? We'll stop early, order some pizza, and serve drinks. There'll be music but no band. Having the party in the office will make
 #Person2#: oh, that sounds like fun!","#Person1# and #Person2# are discussing how to spend money left in the budget of the department. They finally decide to have a party on a Friday afternoon with pizza, drinks, and music but no band in the office.","Person 2 suggests a party-and-movie night, but Person 1 is concerned about the cost of a band. Person 1 proposes a more low-key party, such as a Friday afternoon gathering with pizza and drinks, but Person 2 is initially skeptical.","Person 2 suggests a party-and-movie night, but Person 1 is concerned about the cost of a band. Person 1 proposes a more low-key party, such as a Friday afternoon gathering with pizza and drinks, but Person 2 is initially skeptical.",,
train_12183,Nepali,भोज गर्नु,"#व्यक्ति१#: विभागको बजेटमा अझै केही पैसा बाँकी रहेको देखिन्छ। बजेट नवीकरण हुनुअघि त्यसलाई कसरी प्रयोग गर्ने भन्ने कुनै सुझाव छ?
#व्यक्ति२#: रेस्टुरेन्ट भाडामा लिएर कर्मचारीहरूलाई राम्रो खाना खुवाउने कस्तो हुन्छ?
#व्यक्ति१#: तर हामीले त्यो धेरै पटक गरिसकेका छौँ। यस पटक हामी केही नयाँ चाहन्छौँ।
#व्यक्ति२#: ठीक छ, मलाई सोच्न दिनुहोस्। पार्टी र चलचित्रको साँझ कस्तो हुन्छ? हामी आफ्नो बैठक कोठा मिलाउन सक्छौँ, एउटा सङ्गीत समूहलाई सङ्गीत बजाउन बोलाउन सक्छौँ, केही खाना मगाउन सक्छौँ र पछि चलचित्र हेर्न सक्छौँ।
#व्यक्ति१#: राम्रो विचार जस्तो लाग्छ, तर सङ्गीत समूह धेरै महँगो पर्छ।
#व्यक्ति२#: त्यसो भए हामी मानिसहरूलाई थोरै रकम योगदान गर्न भन्न सक्छौँ।
#व्यक्ति१#: मलाई त्यस्तो लाग्दैन। आउनका लागि पैसा तिर्नुपरेमा मानिसहरूलाई मन पर्दैन। तर हामी अन्य तरिकाले खर्च घटाउन सक्छौँ, जस्तै पार्टीमा सबैले आफ्नै पेय पदार्थ ल्याउने।
#व्यक्ति२#: आफ्नै पेय पदार्थ ल्याउने? त्यो के हो?
#व्यक्ति१#: आफ्नै पेय पदार्थ ल्याउने। हामी खाना उपलब्ध गराउन सक्छौँ, तर मानिसहरूले आफ्नै पेय पदार्थ ल्याउनुपर्छ।
#व्यक्ति२#: त्यसो भए उनीहरूले आफ्नै पेय पदार्थ ल्याउने र हामीले उनीहरूलाई केही खाजा मात्र दिने पार्टी गर्ने हो? त्यो कत्तिको राम्रो हुन्छ, मलाई थाहा छैन।
#व्यक्ति१#: सायद तिम्रो कुरा सही हो। शुक्रबार दिउँसो पार्टी गर्ने कस्तो हुन्छ? हामी काम चाँडै रोक्छौँ, केही पिज्जा मगाउँछौँ र पेय पदार्थ दिन्छौँ। सङ्गीत हुनेछ तर सङ्गीत समूह हुनेछैन। कार्यालयमै पार्टी गर्दा खर्च कम हुनेछ।
#व्यक्ति२#: ओहो, त्यो रमाइलो हुन्छ जस्तो लाग्छ।","#व्यक्ति१# र #व्यक्ति२# विभागको बजेटमा बाँकी रहेको पैसा कसरी खर्च गर्ने भनेर छलफल गर्छन्। अन्ततः उनीहरूले शुक्रबार दिउँसो कार्यालयमा पिज्जा, पेय पदार्थ र संगीतसहित तर कुनै सङ्गीत टोलीबिना भोज गर्ने निर्णय गर्छन्।","विभागको बजेटमा अझै केही पैसा बाँकी रहेको देखिन्छ। बजेट नवीकरण हुनुअघि त्यसलाई कसरी प्रयोग गर्ने भन्ने कुनै सुझाव छ? रेस्टुरेन्ट भाडामा लिएर कर्मचारीहरूलाई राम्रो खाना खुवाउने कस्तो हुन्छ? पार्टी र चलचित्रको साँझ कस्तो हुन्छ? हामी आफ्नो बैठक कोठा मिलाउन सक्छौँ, एउ","विभागको बजेटमा अझै केही पैसा बाँकी रहेको देखिन्छ। बजेट नवीकरण हुनुअघि त्यसलाई कसरी प्रयोग गर्ने भन्ने कुनै सुझाव छ? रेस्टुरेन्ट भाडामा लिएर कर्मचारीहरूलाई राम्रो खाना खुवाउने कस्तो हुन्छ? पार्टी र चलचित्रको साँझ कस्तो हुन्छ? हामी आफ्नो बैठक कोठा मिलाउन सक्छौँ, एउ",,
train_12267,English,studying distraction,"#Person1#: I don't know what to do. I start off studying, but I always end up doing something else.
 #Person2#: I'll help you, but please listen to me. Now first turn off your music. Music doesn't help you study.
 #Person1#: OK, no music.
 #Person2#: Have an Apple and a glass of water on your desk before you start. Here you are.
 #Person1#: Why?
 #Person2#: Because then you don't need to go to the kitchen for something to eat or drink.
 #Person1#: OK.
 #Person2#: Turn off your phone.
 #Person1#: No way.
 #Person2#: Yes, it stops you working. If you turn it out, it's easier to concentrate. You can read your messages later.
 #Person1#: OK. But I can't turn off the internet on my computer. I need it to look up information.
 #Person2#: OK. But you can turn off your instant messages.
 #Person1#: I know, mom.
 #Person2#: Yes.
 #Person1#: Thanks.","#Person1# cannot concentrate on the study. #Person1#'s mom tells #Person1# to turn off the music, phone, and instant message and then asks #Person1# to get an apple and water before starts.","Person 2 is offering advice to Person 1 on how to study more effectively, suggesting that they turn off their music, phone, and instant messages, and have a snack nearby. Person 1 is initially hesitant, but eventually agrees to follow the advice.","Person 2 is offering advice to Person 1 on how to study more effectively, suggesting that they turn off their music, phone, and instant messages, and have a snack nearby. Person 1 is initially hesitant, but eventually agrees to follow the advice.",,
train_12267,Nepali,पढाइमा ध्यान भङ्ग,"#व्यक्ति१#:	मलाई के गर्ने थाहा छैन। म पढ्न सुरु गर्छु, तर अन्ततः सधैँ अरू केही गर्न थाल्छु।
#व्यक्ति२#:	म तिमीलाई सहयोग गर्छु, तर कृपया मेरो कुरा सुन। अब पहिले आफ्नो सङ्गीत बन्द गर। सङ्गीतले तिमीलाई पढ्न सहयोग गर्दैन।
#व्यक्ति१#:	ठीक छ, सङ्गीत छैन।
#व्यक्ति२#:	सुरु गर्नुअघि आफ्नो टेबलमा एउटा स्याउ र एक गिलास पानी राख। यहाँ छ।
#व्यक्ति१#:	किन?
#व्यक्ति२#:	किनभने त्यसपछि तिमीलाई केही खान वा पिउन भान्सामा जानुपर्दैन।
#व्यक्ति१#:	ठीक छ।
#व्यक्ति२#:	आफ्नो फोन बन्द गर।
#व्यक्ति१#:	हुँदै हुँदैन।
#व्यक्ति२#:	हुन्छ, यसले तिमीलाई काम गर्नबाट रोक्छ। यदि तिमीले यसलाई बन्द गर्‍यौ भने, ध्यान केन्द्रित गर्न सजिलो हुन्छ। तिमी आफ्ना सन्देशहरू पछि पढ्न सक्छौ।
#व्यक्ति१#:	ठीक छ। तर म आफ्नो कम्प्युटरको इन्टरनेट बन्द गर्न सक्दिनँ। जानकारी खोज्न मलाई यसको आवश्यकता पर्छ।
#व्यक्ति२#:	ठीक छ। तर तिमी आफ्ना तत्काल सन्देशहरू बन्द गर्न सक्छौ।
#व्यक्ति१#:	मलाई थाहा छ, आमा।
#व्यक्ति२#:	हो।
#व्यक्ति१#:	धन्यवाद।
","#व्यक्ति१# पढाइमा ध्यान केन्द्रित गर्न सक्दैनन्। #व्यक्ति१# की आमाले #व्यक्ति१# लाई संगीत, फोन र तत्काल सन्देश बन्द गर्न भन्छिन् र त्यसपछि सुरु गर्नुअघि एउटा स्याउ र पानी लिन भन्छिन्।","व्यक्ति १ले व्यक्ति २लाई के गर्ने थाहा छैन भन्दै संवाद सुरु गरेका थिए। व्यक्ति २ले त्यसपछि आफ्नो सङ्गीत बन्द गर, टेबलमा स्याउ र पानी राख, फोन बन्द गर, कम्प्युटरको इन्टरनेट बन्द गर, तत्काल सन्देशहरू बन्द गर आदि गर्ने बारे सुझाव दिए। व्यक्ति १ले त्यसपछि त्यस सुझाव","व्यक्ति १ले व्यक्ति २लाई के गर्ने थाहा छैन भन्दै संवाद सुरु गरेका थिए। व्यक्ति २ले त्यसपछि आफ्नो सङ्गीत बन्द गर, टेबलमा स्याउ र पानी राख, फोन बन्द गर, कम्प्युटरको इन्टरनेट बन्द गर, तत्काल सन्देशहरू बन्द गर आदि गर्ने बारे सुझाव दिए। व्यक्ति १ले त्यसपछि त्यस सुझाव",,
train_12284,English,magic love potion,"#Person1#: I'll help you, Lucy. Look at what I've got here. In this small bottle, there's a magic love potion.
 #Person2#: A magic love potion?
 #Person1#: Yes. If you put a few drops on someone's eyelids while he's asleep, he'll fall in love with the first person he sees when he wakes up.
 #Person2#: It can't be true.
 #Person1#: Take my word for it.
 #Person2#: So what am I going to do?
 #Person1#: Just come to our house and stay over. You'll sit by his bed and greet him like a beautiful red rose, 'Good morning!'
 #Person2#: That sounds like a blue rose! My sitting by his bed?
 #Person1#: Don't be so shy, Lucy.",#Person2# gives Lucy a magic love potion and teaches Lucy how to make someone fall in love with Lucy.,"Here is a summary of the dialogue in two sentences:

Person 1 offers to help Person 2 win someone's love by using a magic love potion. Person 1 suggests that Person 2 sit by the person's bed and greet them in the morning, implying a romantic encounter.","Here is a summary of the dialogue in two sentences:

Person 1 offers to help Person 2 win someone's love by using a magic love potion. Person 1 suggests that Person 2 sit by the person's bed and greet them in the morning, implying a romantic encounter.",,
train_12284,Nepali,जादुई प्रेम औषधि,"#व्यक्ति१#: म तिमीलाई सहयोग गर्नेछु, लुसी। हेर, मसँग यहाँ एउटा सानो बोतल छ। यसमा जादुई प्रेम औषधि छ।
#व्यक्ति२#: जादुई प्रेम औषधि?
#व्यक्ति१#: हो। यदि तिमीले कोही सुतिरहेको बेला उसको आँखाको पलकमा केही थोपा हाल्यौ भने, ऊ उठेपछि पहिलो पटक देख्ने व्यक्तिसँग प्रेम गर्नेछ।
#व्यक्ति२#: यो सत्य हुन सक्दैन।
#व्यक्ति१#: मेरो कुरा विश्वास गर।
#व्यक्ति२#: त्यसो भए मैले के गर्नुपर्छ?
#व्यक्ति१#: केवल हाम्रो घरमा आएर बस। तिमी उसको ओछ्यान छेउमा बसेर सुन्दर रातो गुलाबजस्तै बनेर ""शुभ प्रभात!"" भन्नू।
#व्यक्ति२#: त्यो त नीलो गुलाब जस्तो सुनिन्छ! म उसको ओछ्यान छेउमा बस्ने?
#व्यक्ति१#: यति लजालु नबन, लुसी।",#व्यक्ति२# लाई जादुई प्रेम औषधि दिइन्छ र कसैलाई प्रेममा पार्ने तरिका सिकाइन्छ।,व्यक्ति १ले व्यक्ति २लाई जादुई प्रेम औषधि दिएर त्यसको कार्यलाई स्पष्ट गर्यो।,व्यक्ति १ले व्यक्ति २लाई जादुई प्रेम औषधि दिएर त्यसको कार्यलाई स्पष्ट गर्यो।,,
train_12361,English,bad mistakes,"#Person1#: Well, Lucy. Why do you look unhappy?
 #Person2#: Oh, Mike. I've made 3 bad mistakes so far this week. This morning I forgot to give a very important message to my father, so he got really angry with me.
 #Person1#: But you're usually very careful and never make mistakes. What's the matter with you?
 #Person2#: I'm very tired. I don't know what I'm doing these days.
 #Person1#: Have you gone to bed late recently?
 #Person2#: I'm usually embedded about 10:00, but I have been woken up at 4:30 every morning. And then I can't go back to sleep.
 #Person1#: Why?
 #Person2#: It's my new neighbor. He has to get up at 4:30 every morning and he always turns his radio on loudly.
 #Person1#: Ask him to turn it down then.
 #Person2#: OK. I'll have to talk with him.",Lucy's been tired this week because her neighbor gets up very early and makes noises that wake her up. Mike suggests Lucy talk to the neighbor.,"Here is a summary of the dialogue in two sentences:

Lucy is unhappy because she has made three mistakes this week, including forgetting to give her father an important message. She is tired and having trouble sleeping due to her new neighbor's loud radio, which he turns on at 4:30 every morning.","Here is a summary of the dialogue in two sentences:

Lucy is unhappy because she has made three mistakes this week, including forgetting to give her father an important message. She is tired and having trouble sleeping due to her new neighbor's loud radio, which he turns on at 4:30 every morning.",,
train_12361,Nepali,नराम्रा गल्ती,"#Person1#: खैर, लुसी। तिमी किन दुखी देखिन्छौ?
 #Person2#: ओह, माइक। मैले यो हप्ता अहिलेसम्म ३ वटा नराम्रा गल्ती गरेकी छु। आज बिहान मैले बुबालाई धेरै महत्वपूर्ण सन्देश दिन बिर्सेँ, त्यसैले उहाँ मसँग साँच्चै रिसाउनुभयो।
 #Person1#: तर तिमी सामान्यतया धेरै होसियार छौ र कहिल्यै गल्ती गर्दिनौ। तिमीलाई के भएको छ?
 #Person2#: म धेरै थकित छु। मलाई थाहा छैन यी दिनहरूमा म के गरिरहेकी छु।
 #Person1#: तिमी हालसालै ढिलो सुतेकी छौ?
 #Person2#: म सामान्यतया १०:०० तिर सुत्छु, तर मलाई हरेक बिहान ४:३० बजे उठाइन्छ। र त्यसपछि म फेरि सुत्न सक्दिनँ।
 #Person1#: किन?
 #Person2#: मेरो नयाँ छिमेकी। उनी हरेक बिहान ४:३० बजे उठ्नुपर्छ र उनी सधैं रेडियो ठूलो आवाजमा खोल्छन्।
 #Person1#: त्यसपछि उनलाई कम गर्न भन।
 #Person2#: ठिकै छ। म उनीसँग कुरा गर्नुपर्नेछ।",लुसी यो हप्ता थकित छिन् किनकि उनको छिमेकी धेरै बिहानै उठ्छन् र आवाज निकाल्छन् जसले उनलाई उठाउँछ। माइकले छिमेकीसँग कुरा गर्न सुझाउँछन्।,माइकलाई त्यसपछि उनलाई कम गर्न भन्ने सुझाव दिइयो।,माइकलाई त्यसपछि उनलाई कम गर्न भन्ने सुझाव दिइयो।,,
train_12427,English,doing exercise,"#Person1#: I don't understand why you always look so happy, so energetic. It seems like you'Ve got good news everyday.
 #Person2#: Really? Do I look happy all the time?
 #Person1#: All I know is you look quite differently from other teachers.
 #Person2#: Oh, do you know why? Actually, it's easy. Because I always exercise. My exercise, I think, is very hard. I often feel very good after conquering these difficulties. I feel alive!
 #Person1#: Oh, I know. I saw you doing pull-ups one time on the campus and some students trying to imitate you.
 #Person2#: Yeah, they are doing it for fun. Seldom would people like my exercise. It's difficult and boring.
 #Person1#: It's true. Many students do the exercise when they have to. We have P. E. once a week.
 #Person2#: But I think Chinese students need to exercise more. Besides exercise will help them learn new things better. Don't students want to have a good memory?
 #Person1#: Of course. I didn't know that. I only know exercise makes bodies stronger. I should take some exercise then. Do you have any suggestions?
 #Person2#: Well, do what you like to do. It can be anything. Jogging, doing aerobics, going bicycling, and playing ping-pong. Absolutely anything. Doing three or more workouts a week is good for you. But remember to do some stretches first.
 #Person1#: Oh, I know. Thank you.","#Person1# asks the secrets of #Person2# looking energetic and happy. #Person2# suggests #Person1# doing exercises like jogging, doing aerobics, and so on and reminds #Person1# to do some stretches first.","Person 2, a teacher, attributes their energetic appearance to regular exercise, which they find challenging but rewarding. They encourage Person 1 to start exercising, suggesting various activities and emphasizing the importance of stretching.","Person 2, a teacher, attributes their energetic appearance to regular exercise, which they find challenging but rewarding. They encourage Person 1 to start exercising, suggesting various activities and emphasizing the importance of stretching.",,
train_12427,Nepali,व्यायाम गर्नु,"#व्यक्ति१#: तिमी सधैं यति खुसी र ऊर्जावान किन देखिन्छौ? हरेक दिन राम्रो समाचार पाएको जस्तो लाग्छ।
#व्यक्ति२#: साँच्चै? के म सधैं खुसी देखिन्छु?
#व्यक्ति१#: मलाई यति मात्र थाहा छ कि तिमी अरू शिक्षकभन्दा फरक देखिन्छौ।
#व्यक्ति२#: ओहो, किन थाहा छ? वास्तवमा यो सजिलो छ। किनकि म सधैं व्यायाम गर्छु। मेरो व्यायाम निकै कठिन हुन्छ। कठिनाइ पार गरेपछि मलाई धेरै राम्रो महसुस हुन्छ। म आफूलाई जीवित महसुस गर्छु।
#व्यक्ति१#: ओहो, मलाई याद छ, मैले एकपटक क्याम्पसमा तिमीलाई पुल-अप गरिरहेको देखेको थिएँ र केही विद्यार्थीहरूले पनि नक्कल गरिरहेका थिए।
#व्यक्ति२#: हो, उनीहरू रमाइलोका लागि गरिरहेका थिए। मेरो जस्तो व्यायाम धेरै मानिसलाई मन पर्दैन। यो कठिन र बोरिङ हुन्छ।
#व्यक्ति१#: सही हो। धेरै विद्यार्थीहरू बाध्यता हुँदा मात्र व्यायाम गर्छन्। हाम्रो शारीरिक शिक्षा हप्तामा एकपटक हुन्छ।
#व्यक्ति२#: तर मलाई लाग्छ चिनियाँ विद्यार्थीहरूले अझ बढी व्यायाम गर्नुपर्छ। व्यायामले नयाँ कुरा सिक्न पनि सहयोग गर्छ। के विद्यार्थीहरू राम्रो स्मरण शक्ति चाहँदैनन् र?
#व्यक्ति१#: अवश्य चाहन्छन्। मलाई यो थाहा थिएन। मलाई त व्यायामले शरीर बलियो बनाउँछ मात्र थाहा थियो। अब मैले पनि व्यायाम गर्नुपर्छ। केही सुझाव छ?
#व्यक्ति२#: आफूलाई मन पर्ने कुरा गर। त्यो जे पनि हुन सक्छ। दौडिनु, एरोबिक्स गर्नु, साइकल चलाउनु वा टेबल टेनिस खेल्नु। हप्तामा तीन वा बढी पटक व्यायाम गर्नु राम्रो हुन्छ। तर पहिले स्ट्रेचिङ गर्न नबिर्स।
#व्यक्ति१#: ओहो, बुझें। धन्यवाद।","#व्यक्ति१# ले #व्यक्ति२# सधैं ऊर्जावान देखिनुको रहस्य सोध्छन्। #व्यक्ति२# ले दौड, एरोबिक्स आदि व्यायाम गर्न र पहिले स्ट्रेचिङ गर्न सुझाव दिन्छन्।",व्यक्ति १ले व्यक्ति २लाई प्रश्न गरेको थियो कि तिमी सधैं यति खुसी र ऊर्जावान किन देखिन्छौ? व्यक्ति २ले व्यायाम गर्ने कुरा साझा गरेका थिए। व्यक्ति १ले व्यायामले शरीर बलियो बनाउँछ मात्र थाहा थियो। व्यक्ति २ले व्यायामले नयाँ कुरा सिक्न पनि सहयोग गर्छ। व्यक्ति १ले,व्यक्ति १ले व्यक्ति २लाई प्रश्न गरेको थियो कि तिमी सधैं यति खुसी र ऊर्जावान किन देखिन्छौ? व्यक्ति २ले व्यायाम गर्ने कुरा साझा गरेका थिए। व्यक्ति १ले व्यायामले शरीर बलियो बनाउँछ मात्र थाहा थियो। व्यक्ति २ले व्यायामले नयाँ कुरा सिक्न पनि सहयोग गर्छ। व्यक्ति १ले,,
train_1275,English,folk-custom activity,"#Person1#: The government is going to organize a folk-custom activity at the end of the month. And our community is supposed to put on a performance.
 #Person2#: What kind of performance? A lion dance?
 #Person1#: Stuff like that but I think the lion dance is a bit too difficult and dangerous.
 #Person2#: Sure, you'll be dancing with lions. What do you expect? Then what about Range Dance which we did before.
 #Person1#: Good idea. Shall we get everyone in the community?
 #Person2#: Maybe not. I think we should just focus on the retired people.
 #Person1#: I know that they already have a Range Dance team and then what we need is just to do some rehearsals.
 #Person2#: What about the costumes?
 #Person1#: We can raise money in the community. You know each family 10 yuan maybe.
 #Person2#: Try something new. We can find a supporting agency.
 #Person1#: Great idea. There is a travel agency nearby who would love to be our sponsor. It's a perfect chance for them to promote ethnic tourism.",#Person1# and #Person2# decide to do Range Dance for the folk-custom activity. They will focus on the retired people and ask a travel agency to be their sponsor.,"The government is organizing a folk-custom activity and the community is expected to perform, with the possibility of doing a Range Dance. The community is discussing how to organize the performance, including costumes and funding.","The government is organizing a folk-custom activity and the community is expected to perform, with the possibility of doing a Range Dance. The community is discussing how to organize the performance, including costumes and funding.",,
train_1275,Nepali,लोक-सांस्कृतिक गतिविधि,"#व्यक्ति१#: सरकारले महिनाको अन्त्यमा लोक-सांस्कृतिक गतिविधि आयोजना गर्न लागेको छ। अनि हाम्रो समुदायले एउटा प्रस्तुति दिनुपर्ने भएको छ।
#व्यक्ति२#: कस्तो प्रस्तुति? सिंह नाच?
#व्यक्ति१#: त्यस्तै केही, तर मलाई लाग्छ सिंह नाच अलि गाह्रो र खतरनाक छ।
#व्यक्ति२#: पक्कै, तपाईं सिंहहरूसँग नाच्नुहुनेछ। तपाईं के अपेक्षा गर्नुहुन्छ? त्यसो भए हामीले पहिले गरेको राँगे नाच कस्तो होला?
#व्यक्ति१#: राम्रो विचार। के हामी समुदायका सबैलाई सहभागी गराऔँ?
#व्यक्ति२#: सायद होइन। मलाई लाग्छ हामीले सेवानिवृत्त मानिसहरूमा मात्र ध्यान दिनुपर्छ।
#व्यक्ति१#: मलाई थाहा छ उनीहरूसँग पहिले नै राँगे नाचको टोली छ, त्यसैले हामीले केवल केही अभ्यास गर्नुपर्छ।
#व्यक्ति२#: पोसाकको के गर्ने?
#व्यक्ति१#: हामी समुदायमा पैसा उठाउन सक्छौँ। तपाईंलाई थाहा छ, प्रत्येक परिवारबाट १० युआन जति।
#व्यक्ति२#: केही नयाँ प्रयास गरौँ। हामी सहयोगी संस्था खोज्न सक्छौँ।
#व्यक्ति१#: राम्रो विचार। नजिकै एउटा यात्रा संस्था छ, जसले हाम्रो प्रायोजक बन्न खुसी हुनेछ। उनीहरूका लागि जातीय पर्यटनको प्रचार गर्ने यो उत्तम अवसर हो।",#व्यक्ति१# र #व्यक्ति२# ले लोक-सांस्कृतिक गतिविधिका लागि राँगे नाच गर्ने निर्णय गर्छन्। उनीहरूले सेवानिवृत्त मानिसहरूमा ध्यान केन्द्रित गर्नेछन् र एउटा यात्रा संस्थालाई आफ्नो प्रायोजक बन्न अनुरोध गर्नेछन्।,संवादमा सरकारले महिनाको अन्त्यमा लोक-सांस्कृतिक गतिविधि आयोजना गर्न लागेको छ। समुदायले एउटा प्रस्तुति दिनुपर्ने भएको छ। व्यक्ति १ले सिंह नाच दिने विचार दिए तर व्यक्ति २ले सिंह नाच अलि गाह्रो र खतरनाक छ भन्दै सिंह नाच दिने विचार त्यागेका थिए। व्यक्ति २ले राँगे नाच दिने,संवादमा सरकारले महिनाको अन्त्यमा लोक-सांस्कृतिक गतिविधि आयोजना गर्न लागेको छ। समुदायले एउटा प्रस्तुति दिनुपर्ने भएको छ। व्यक्ति १ले सिंह नाच दिने विचार दिए तर व्यक्ति २ले सिंह नाच अलि गाह्रो र खतरनाक छ भन्दै सिंह नाच दिने विचार त्यागेका थिए। व्यक्ति २ले राँगे नाच दिने,,
train_1282,English,bake a cake,"#Person1#: OK, so are you ready to learn how to bake a cake?
 #Person2#: Almost, let me just put my apron on.
 #Person1#: OK, so the first thing we are going to do is pre-heat the oven, that way we have it at the desired temperature once we finish preparing everything. Set it to three hundred and seventy five degrees Fahrenheit.
 #Person2#: Got it.
 #Person1#: No we are gonna make the batter. Take some butter and sugar and mix it lightly until you have a nice consistency. Then add some vanilla extract and eggs and continue mixing.
 #Person2#: Do I have to use a whisk or can I use the electric mixer?
 #Person1#: Go ahead and use the mixer, but put it on medium speed. I'm gonna sift the flour and baking powder separately and then we can mix it with milk and the rest of the ingredients.
 #Person2#: OK, so now we need a baking pan right?
 #Person1#: Yeah, but grease and flour it first so the cake won't stick to it when it bakes.
 #Person2#: Done. So how long do we bake it for?
 #Person1#: We can leave it in there for about twenty five minutes. Then we let it cool for ten minutes before we remove the cake from the pan.
 #Person2#: Wow! This was a lot easier than I thought!","#Person1# teaches #Person2# how to bake a cake. The steps include pre-heating the oven, making the batter, mixing the ingredients, preparing the baking pan, and baking. #Person2# finds it was a lot easier than #Person2# thought.","Here is a two-sentence summary of the dialogue:

Person 1 and Person 2 are preparing to bake a cake, starting by preheating the oven to 375 degrees Fahrenheit. They then mix the batter using butter, sugar, vanilla extract, eggs, and flour, and plan to bake the cake for 25 minutes before letting it cool.","Here is a two-sentence summary of the dialogue:

Person 1 and Person 2 are preparing to bake a cake, starting by preheating the oven to 375 degrees Fahrenheit. They then mix the batter using butter, sugar, vanilla extract, eggs, and flour, and plan to bake the cake for 25 minutes before letting it cool.",,
train_1282,Nepali,केक पकाउने,"#व्यक्ति१#: ठीक छ, के तपाईं केक बनाउन सिक्न तयार हुनुहुन्छ?
#व्यक्ति२#: लगभग, मलाई एप्रोन लगाउन दिनुहोस्।
#व्यक्ति१#: ठीक छ, हामीले सबैभन्दा पहिले ओभनलाई पहिले नै तताउनुपर्छ, त्यसो गर्दा सबै कुरा तयार गरिसक्दा चाहिएको तापक्रममा पुगिसकेको हुन्छ। यसलाई ३७५ डिग्री फरेनहाइटमा राख्नुहोस्।
#व्यक्ति२#: बुझें।
#व्यक्ति१#: अब हामी घोल बनाउँछौँ। केही मक्खन र चिनी लिएर राम्रो स्थिरता नआउँदासम्म हल्का मिसाउनुहोस्। त्यसपछि भेनिला अर्क र अण्डा थपेर मिसाइरहनुहोस्।
#व्यक्ति२#: मैले फेट्ने उपकरण प्रयोग गर्नुपर्छ कि विद्युतीय मिक्सर प्रयोग गर्न सक्छु?
#व्यक्ति१#: मिक्सर प्रयोग गर्नुहोस्, तर मध्यम गतिमा राख्नुहोस्। म पिठो र बेकिङ पाउडर छुट्टाछुट्टै चाल्छु र त्यसपछि हामी त्यसलाई दूध र बाँकी सामग्रीसँग मिसाउन सक्छौँ।
#व्यक्ति२#: ठीक छ, अब हामीलाई केक पकाउने भाँडो चाहिन्छ, हैन?
#व्यक्ति१#: हो, तर पहिले त्यसमा घिउ लगाएर पिठो छर्कनुहोस् ताकि केक पाक्दा त्यसमा नटाँसियोस्।
#व्यक्ति२#: भयो। त्यसो भए हामीले कति समय पकाउने?
#व्यक्ति१#: हामी यसलाई करिब २५ मिनेट त्यहाँ राख्न सक्छौँ। त्यसपछि भाँडोबाट केक निकाल्नुअघि १० मिनेट चिसो हुन दिन्छौँ।
#व्यक्ति२#: वाह! मैले सोचेको भन्दा यो धेरै सजिलो रहेछ!","#व्यक्ति१# ले #व्यक्ति२# लाई केक कसरी बनाउने भनेर सिकाउँछन्। चरणहरूमा ओभन पहिले नै तताउने, घोल बनाउने, सामग्रीहरू मिसाउने, केक पकाउने भाँडो तयार गर्ने र पकाउने काम समावेश छन्। #व्यक्ति२# लाई यो आफूले सोचेको भन्दा धेरै सजिलो लागेको छ।",केक बनाउने वा बेकिङ गर्ने प्रक्रिया बारे संवाद हो।,केक बनाउने वा बेकिङ गर्ने प्रक्रिया बारे संवाद हो।,,
train_1383,English,weather,"#Person1#: You don't look very well. 
 #Person2#: I'm not feeling too well. I've caught a cold. 
 #Person1#: Is it because of the bad weather? It's been really miserable for the past tew days. 
 #Person2#: Hasn't it! It's been cold and windy recently. Do you like the weather here? 
 #Person1#: Not really, but I've got used to it now. 
 #Person2#: Oh, I'm going for a trip to New York this autumn. What's the weather like in New York? 
 #Person1#: Not quite good. It's windy and dry. We have got continental climate there. It's dry all the year round. Usually autumn is the best season of the year In New York. 
 #Person2#: Is it cold in autumn there? Should I take any warm clothes with me? 
 #Person1#: No, it isn't very cold at that time. You'll only need some light wool clothing with somejackets and shirts.","#Person2# has caught a cold because of the bad weather. #Person2#'s going on a trip to New York, so #Person1# tells about the weather there and suggests bringing some light wool clothing.","Person 2 has caught a cold and is discussing the weather with Person 1. Person 1 advises Person 2 that the weather in New York, where they are planning to visit, is generally dry and not very cold in autumn, so they will only need light wool clothing.","Person 2 has caught a cold and is discussing the weather with Person 1. Person 1 advises Person 2 that the weather in New York, where they are planning to visit, is generally dry and not very cold in autumn, so they will only need light wool clothing.",,
train_1383,Nepali,मौसम,"#Person1#: तपाईं राम्रो देखिनुहुन्न।
 #Person2#: म ठिक महसुस गरिरहेको छैन। मलाई रुघा लागेको छ।
 #Person1#: के खराब मौसमका कारण हो? पछिल्ला केही दिन धेरै नराम्रो छ।
 #Person2#: होइन र! हालसालै चिसो र हावा चल्ने भएको छ। तपाईंलाई यहाँको मौसम मन पर्छ?
 #Person1#: खासै होइन, तर म अब बानी परेको छु।
 #Person2#: ओह, म यो शरद ऋतुमा न्युयोर्क यात्रामा जाँदैछु। न्युयोर्कमा मौसम कस्तो छ?
 #Person1#: खासै राम्रो छैन। हावा चल्ने र सुख्खा छ। त्यहाँ महाद्वीपीय जलवायु छ। वर्षभरि सुख्खा हुन्छ। सामान्यतया शरद ऋतु न्युयोर्कको वर्षको उत्तम मौसम हो।
 #Person2#: त्यहाँ शरद ऋतुमा चिसो हुन्छ? मसँग न्यानो कपडा लैजानुपर्छ?
 #Person1#: होइन, त्यसबेला धेरै चिसो हुँदैन। तपाईंलाई केही हल्का ऊनी कपडा र केही ज्याकेट तथा सर्ट मात्र चाहिन्छ।","#Person2# लाई खराब मौसमका कारण रुघा लागेको छ। #Person2# न्युयोर्क यात्रामा जाँदैछन्, त्यसैले #Person1# त्यहाँको मौसमबारे बताउँछन् र हल्का ऊनी कपडा लैजान सुझाउँछन्।",तपाईं राम्रो देखिनुहुन्न। तपाईंलाई यहाँको मौसम मन पर्छ?,तपाईं राम्रो देखिनुहुन्न। तपाईंलाई यहाँको मौसम मन पर्छ?,,
train_1421,English,buying gifts,"#Person1#: So that will be one teddy, two terry cloth robes, three pairs of satin slippers, and two pairs of pajamas.
 #Person2#: Does all that come to 10, 000 NT?
 #Person1#: Let me see. . . yes, more. That will be 15, 880 NT in total. And after the discount, your total comes to 12, 704 NT. Here's your free teddy bear, free panties and your card application.
 #Person2#: Where do I sign?
 #Person1#: Right here. And write your address. You'll get the card in the mail within a week.
 #Person2#: OK.
 #Person1#: I know your friend will like the gift set, especially the teddy bear.
 #Person2#: Well, the teddy bear is for me!
 #Person1#: Remember to keep your receipt in case your friend needs to make any exchanges. There are no refunds on sale items.",#Person2# is buying presents for a friend and #Person1# tells #Person1# to keep the receipt in case of any exchange.,"Here is a summary of the dialogue in two sentences:

Person 1 explains the total cost of the items purchased, which is 12,704 NT after a discount, and hands over a free teddy bear, panties, and a card application. Person 2 signs the card application and writes their address, and Person 1 reminds them to keep the receipt in case of exchanges.","Here is a summary of the dialogue in two sentences:

Person 1 explains the total cost of the items purchased, which is 12,704 NT after a discount, and hands over a free teddy bear, panties, and a card application. Person 2 signs the card application and writes their address, and Person 1 reminds them to keep the receipt in case of exchanges.",,
train_1421,Nepali,उपहार किन्ने,"#Person1#: त्यसैले त्यो एक टेडी, दुई टेरी क्लथ रोब, तीन जोडी साटिन स्लिपर, र दुई जोडी पजामाले हुनेछ।
 #Person2#: के यो सबै १०,००० एनटी हुन्छ?
 #Person1#: हेरौं... हो, बढी। जम्मा १५,८८० एनटी हुनेछ। र छुटपछि, तपाईंको कुल १२,७०४ एनटी हुन्छ। यहाँ तपाईंको निःशुल्क टेडी बियर, निःशुल्क प्यान्टी र कार्ड आवेदन छ।
 #Person2#: म कहाँ साइन गर्ने?
 #Person1#: ठीक यहाँ। र आफ्नो ठेगाना लेख्नुहोस्। तपाईंलाई एक हप्ताभित्र मेलबाट कार्ड आउनेछ।
 #Person2#: ठिकै छ।
 #Person1#: मलाई थाहा छ तपाईंको साथीलाई उपहार सेट मन पर्नेछ, विशेष गरी टेडी बियर।
 #Person2#: खैर, टेडी बियर मेरो लागि हो!
 #Person1#: रसिद राख्नुहोला यदि तपाईंको साथीलाई कुनै साटासाट गर्नुपरेमा। सेल आइटममा फिर्ता हुँदैन।",#Person2# साथीका लागि उपहार किन्दैछन् र #Person1# ले साटासाटका लागि रसिद राख्न भन्छन्।,"संवादमा दुई व्यक्तिहरू बीच एक उपहार सेटको विवरण हो। त्यो उपहारमा टेडी, दुई टेरी क्लथ रोब, तीन जोडी साटिन स्लिपर, र दुई जोडी पजामा समावेश छ।","संवादमा दुई व्यक्तिहरू बीच एक उपहार सेटको विवरण हो। त्यो उपहारमा टेडी, दुई टेरी क्लथ रोब, तीन जोडी साटिन स्लिपर, र दुई जोडी पजामा समावेश छ।",,
train_1498,English,insurance,"#Person1#: Hello, Sir. What can I do for you today?
 #Person2#: I need to find a new way of getting my insurance.
 #Person1#: We've just started a new business at this bank, Bank-Insurance Link.
 #Person2#: Could you give me some details about that?
 #Person1#: Certainly. It could really benefit someone like you. Besides insurance for you, you can also get more or less dividends from the insurance company.
 #Person2#: That sounds great. More dividends if I want to purchase them!
 #Person1#: There are two different types that we are offering at the moment, Dividend Deposit and Dividend Participated Deposit.
 #Person2#: I'll go through the materials that you have given me and return shortly. Thanks.",#Person1# wants to purchase a insurance. #Person2# introduces the new insurance with dividends. #Person1# will go through the materials and decide later.,"Here is a summary of the dialogue in two sentences:

Person 2 is looking for a new way to get insurance and is interested in a new business called Bank-Insurance Link. Person 1 explains the benefits of this service, including the option to receive dividends from the insurance company, and offers two different types of deposits: Dividend Deposit and Dividend Participated Deposit.","Here is a summary of the dialogue in two sentences:

Person 2 is looking for a new way to get insurance and is interested in a new business called Bank-Insurance Link. Person 1 explains the benefits of this service, including the option to receive dividends from the insurance company, and offers two different types of deposits: Dividend Deposit and Dividend Participated Deposit.",,
train_1498,Nepali,बीमा,"#व्यक्ति१#: नमस्कार, महोदय। म आज तपाईंका लागि के गर्न सक्छु?
#व्यक्ति२#: मलाई मेरो बीमा प्राप्त गर्ने नयाँ तरिका खोज्न आवश्यक छ।
#व्यक्ति१#: हामीले भर्खरै यस बैंकमा एउटा नयाँ व्यवसाय सुरु गरेका छौँ, बैंक–बीमा सम्बन्ध।
#व्यक्ति२#: के तपाईं मलाई त्यसबारे केही विवरण दिन सक्नुहुन्छ?
#व्यक्ति१#: अवश्य। यसले तपाईं जस्तो व्यक्तिलाई साँच्चै फाइदा पुर्‍याउन सक्छ। तपाईंका लागि बीमाबाहेक, तपाईंले बीमा कम्पनीबाट कम वा बढी लाभांश पनि प्राप्त गर्न सक्नुहुन्छ।
#व्यक्ति२#: त्यो राम्रो सुनिन्छ। यदि म तिनीहरू किन्न चाहन्छु भने अझ धेरै लाभांश!
#व्यक्ति१#: अहिले हामीले प्रस्ताव गरिरहेका दुई फरक प्रकार छन्, लाभांश निक्षेप र लाभांश सहभागी निक्षेप।
#व्यक्ति२#: तपाईंले मलाई दिनुभएको सामग्री म हेर्छु र छिट्टै फर्कन्छु। धन्यवाद।",#व्यक्ति१# ले एउटा बीमा खरिद गर्न चाहन्छन्। #व्यक्ति२# ले लाभांशसहितको नयाँ बीमाबारे जानकारी दिन्छन्। #व्यक्ति१# ले सामग्रीहरू हेरेर पछि निर्णय गर्नेछन्।,व्यक्ति १ले व्यक्ति २लाई बैंकमा नयाँ व्यवसाय सुरु गरेको बारे जानकारी दिएको थियो । व्यक्ति २ले बैंकबीमा सम्बन्धको विवरण प्राप्त गर्न चाहन्थ्यो । व्यक्ति १ले त्यसबारे विवरण दिएको थियो ।,व्यक्ति १ले व्यक्ति २लाई बैंकमा नयाँ व्यवसाय सुरु गरेको बारे जानकारी दिएको थियो । व्यक्ति २ले बैंकबीमा सम्बन्धको विवरण प्राप्त गर्न चाहन्थ्यो । व्यक्ति १ले त्यसबारे विवरण दिएको थियो ।,,
train_1513,English,phone call,"#Person1#: May I speak to Marry?
 #Person2#: Marry is not in right now, she went shopping with her mum.
 #Person1#: Will it be too late if I call around ten this evening?
 #Person2#: That's all right. We don't go to bed early.",#Person2# allows #Person1# to call Marry again around ten.,"Marry is not available to speak, as she is shopping with her mother. It is okay to call her around 10pm, as she doesn't go to bed early.","Marry is not available to speak, as she is shopping with her mother. It is okay to call her around 10pm, as she doesn't go to bed early.",,
train_1513,Nepali,फोन कल,"#व्यक्ति१#: के म मेरीसँग कुरा गर्न सक्छु?
#व्यक्ति२#: मेरी अहिले घरमा छैनन्, उनी आफ्नी आमासँग किनमेल गर्न गएकी छिन्।
#व्यक्ति१#: यदि मैले आज साँझ करिब दस बजे फोन गरेँ भने धेरै ढिलो हुन्छ?
#व्यक्ति२#: त्यो ठीक छ। हामी चाँडै सुत्न जाँदैनौँ।",#व्यक्ति२# ले #व्यक्ति१# लाई करिब दस बजे फेरि फोन गर्न अनुमति दिन्छन्।,"व्यक्ति १ले व्यक्ति २लाई के म मेरीसँग कुरा गर्न सक्छु भनी प्रश्न गरेका थिए। व्यक्ति २ले के म अहिले घरमा छैनन्, उनी आफ्नी आमासँग किनमेल गर्न गएकी छिन् भनी उत्तर दिए। व्यक्ति १ले यदि मैले आज साँझ करिब दस बजे फोन गरेँ भने धेरै ढिलो हुन्छ भनी प्रश्न गरेका थिए। व्यक","व्यक्ति १ले व्यक्ति २लाई के म मेरीसँग कुरा गर्न सक्छु भनी प्रश्न गरेका थिए। व्यक्ति २ले के म अहिले घरमा छैनन्, उनी आफ्नी आमासँग किनमेल गर्न गएकी छिन् भनी उत्तर दिए। व्यक्ति १ले यदि मैले आज साँझ करिब दस बजे फोन गरेँ भने धेरै ढिलो हुन्छ भनी प्रश्न गरेका थिए। व्यक",,
train_1579,English,language,"#Person1#: How many laguages can you speak? 
 #Person2#: I can speak French and German. 
 #Person1#: How well can you speak them? 
 #Person2#: I can speak German quite well, but I can't speak French very well. 
 #Person1#: Can you help me to translate these sentences into German now? 
 #Person2#: No, but I'll be able to tomorrow.",#Person2# introduces #Person2#'s language abilities. #Person1# requests #Person2# to translate some sentences into German.,"Person 2 can speak French and German, with German being spoken more fluently. They are unable to translate the sentences into German at the moment, but will be able to do so tomorrow.","Person 2 can speak French and German, with German being spoken more fluently. They are unable to translate the sentences into German at the moment, but will be able to do so tomorrow.",,
train_1579,Nepali,भाषा,"#Person1#: तपाईं कति भाषा बोल्न सक्नुहुन्छ?
 #Person2#: म फ्रान्सेली र जर्मन बोल्न सक्छु।
 #Person1#: तिनीहरू कति राम्रोसँग बोल्न सक्नुहुन्छ?
 #Person2#: म जर्मन निकै राम्रो बोल्न सक्छु, तर फ्रान्सेली राम्रोसँग बोल्न सक्दिनँ।
 #Person1#: के तपाईं मलाई अहिले यी वाक्यहरू जर्मनमा अनुवाद गर्न मद्दत गर्न सक्नुहुन्छ?
 #Person2#: होइन, तर म भोलि सक्नेछु।",#Person2# ले आफ्नो भाषा क्षमता परिचय गराउँछन्। #Person1# ले केही वाक्य जर्मनमा अनुवाद गर्न अनुरोध गर्छन्।,संवादमा भाग लिने दुई व्यक्तिहरू बीच भएको संवादमा प्रथम व्यक्तिले द्वितीय व्यक्तिलाई प्रश्न गर्दै के तपाईं कति भाषा बोल्न सक्नुहुन्छ? प्रश्न गरेको थियो । द्वितीय व्यक्तिले फ्रान्सेली र जर्मन बोल्न सक्छु भनी उत्तर दिएको थियो । प्रथम व्यक्तिले तिनीहरू कति राम्रोसँग बोल्न सक्नुहुन्छ?,संवादमा भाग लिने दुई व्यक्तिहरू बीच भएको संवादमा प्रथम व्यक्तिले द्वितीय व्यक्तिलाई प्रश्न गर्दै के तपाईं कति भाषा बोल्न सक्नुहुन्छ? प्रश्न गरेको थियो । द्वितीय व्यक्तिले फ्रान्सेली र जर्मन बोल्न सक्छु भनी उत्तर दिएको थियो । प्रथम व्यक्तिले तिनीहरू कति राम्रोसँग बोल्न सक्नुहुन्छ?,,
train_1669,English,letter of application,"#Person1#: Betty, would you please read this letter of application I've just written? I'd like to have your opinion. 
 #Person2#: I'd be glad to tell you what I think. 
 #Person1#: Good ! I'm interested in your advice. 
 #Person2#: If I were you, I would change the beginning . You should write about your education first because we like to judge a man by his abilities. 
 #Person1#: Good idea, Betty. What would you think about the second part? 
 #Person2#: I think it's too short. You'd better say something about your work experience. 
 #Person1#: You're right, I'll change it . How about the last part? 
 #Person2#: Very good. But you should talk about your family, too. 
 #Person1#: I agree. I appreciate your helping me.","Betty advises #Person1# to write about #Person1#'s education first, say something about #Person1#'s work experience in the second part, and talk about #Person1#'s family in the last part.","Person 1 asks Person 2 for her opinion on a letter of application, and she suggests that the writer should prioritize their education, work experience, and family in the letter.","Person 1 asks Person 2 for her opinion on a letter of application, and she suggests that the writer should prioritize their education, work experience, and family in the letter.",,
train_1669,Nepali,,"#Person1#: बेट्टी, के तिमीले मैले भर्खरै लेखेको यो आवेदन पत्र पढिदिन सक्छ्यौ? म तिम्रो राय जान्न चाहन्छु।
#Person2#: मलाई मेरो विचार बताउन खुसी लाग्नेछ।
#Person1#: राम्रो! म तिम्रो सल्लाह लिन इच्छुक छु।
#Person2#: म तिम्रो ठाउँमा भएको भए, सुरुको भाग परिवर्तन गर्थें। तिमीले पहिले आफ्नो शिक्षाको बारेमा लेख्नुपर्छ किनभने हामी मानिसको क्षमताका आधारमा उसको मूल्याङ्कन गर्न रुचाउँछौं।
#Person1#: राम्रो विचार हो, बेट्टी। दोस्रो भागको बारेमा तिम्रो के विचार छ?
#Person2#: मलाई यो धेरै छोटो लाग्यो। तिमीले आफ्नो कार्य-अनुभवको बारेमा पनि केही कुरा लेख्नु राम्रो हुन्छ।
#Person1#: तिमी सही भन्दैछ्यौ, म यसलाई परिवर्तन गर्नेछु। अन्तिम भागको बारेमा नि?
#Person2#: धेरै राम्रो। तर तिमीले आफ्नो परिवारको बारेमा पनि उल्लेख गर्नुपर्छ।
#Person1#: म सहमत छु। मलाई सहयोग गरेकोमा म तिमीप्रति आभारी छु।",,"मलाई मेरो विचार बताउन खुसी लाग्नेछ। म तिम्रो सल्लाह लिन इच्छुक छु। राम्रो विचार हो, बेट्टी। दोस्रो भागको बारेमा तिम्रो के विचार छ? मलाई यो धेरै छोटो लाग्यो। तिमीले आफ्नो कार्य-अनुभवको बारेमा पनि केही कुरा लेख्नु राम्रो हुन्छ। तिमी सही भन्दैछ्यौ, म यसलाई परिवर्तन गर","मलाई मेरो विचार बताउन खुसी लाग्नेछ। म तिम्रो सल्लाह लिन इच्छुक छु। राम्रो विचार हो, बेट्टी। दोस्रो भागको बारेमा तिम्रो के विचार छ? मलाई यो धेरै छोटो लाग्यो। तिमीले आफ्नो कार्य-अनुभवको बारेमा पनि केही कुरा लेख्नु राम्रो हुन्छ। तिमी सही भन्दैछ्यौ, म यसलाई परिवर्तन गर",,
train_1713,English,wrong destination,"#Person1#: Are you sure you know where this bus goes?
 #Person2#: It should go to Altadena.
 #Person1#: What do you mean it should?
 #Person2#: I'm not completely sure if it really does.
 #Person1#: Dude, are we on the right bus?
 #Person2#: I'm almost positive that this is the right one.
 #Person1#: It doesn't look like we're on our way to Altadena.
 #Person2#: We have been riding this bus for a long time.
 #Person1#: What does that sign say?
 #Person2#: I think it says Temple City.
 #Person1#: Yup, I'm never trusting you with the bus schedules again.
 #Person2#: I'm sorry. But at least we know which bus to catch to get back where we started.
 #Person1#: Yeah, at least.",#Person1# and #Person2# should go to Altadena but take the wrong bus to Temple City.,"Two people are unsure if they are on the right bus to Altadena, with one person expressing doubt and the other being uncertain. They eventually realize they are not on the correct bus and are headed to Temple City instead.","Two people are unsure if they are on the right bus to Altadena, with one person expressing doubt and the other being uncertain. They eventually realize they are not on the correct bus and are headed to Temple City instead.",,
train_1713,Nepali,गलत गन्तव्य,"#व्यक्ति१#: यो बस कहाँ जान्छ भन्ने तिमीलाई पक्का थाहा छ?
#व्यक्ति२#: यो अल्टाडेनातिर जानुपर्ने हो।
#व्यक्ति१#: जानुपर्ने हो भन्नाले के भन्न खोजेको?
#व्यक्ति२#: वास्तवमै त्यहाँ जान्छ कि जाँदैन भन्नेमा म पूर्ण रूपमा निश्चित छैन।
#व्यक्ति१#: साथी, हामी सही बसमा छौँ?
#व्यक्ति२#: यो सही बस नै हो भन्नेमा म लगभग निश्चित छु।
#व्यक्ति१#: हामी अल्टाडेनातिर जाँदैछौँ जस्तो देखिँदैन।
#व्यक्ति२#: हामी यो बसमा धेरै लामो समयदेखि यात्रा गरिरहेका छौँ।
#व्यक्ति१#: त्यो सङ्केतमा के लेखिएको छ?
#व्यक्ति२#: मलाई लाग्छ त्यहाँ टेम्पल सिटी लेखिएको छ।
#व्यक्ति१#: हो, अब म बसको समयतालिकाका लागि तिमीलाई कहिल्यै विश्वास गर्नेछैनँ।
#व्यक्ति२#: माफ गर। तर कम्तीमा हामी जहाँबाट सुरु गरेका थियौँ, त्यहाँ फर्कन कुन बस समात्ने भन्ने हामीलाई थाहा भयो।
#व्यक्ति१#: हो, कम्तीमा त्यो त भयो।",#व्यक्ति१# र #व्यक्ति२# ले अल्टाडेनामा जानुपर्ने थियो तर टेम्पल सिटी जाने गलत बस चढ्छन्।,सारांश: यो बस अल्टाडेनातिर जान्छ भन्ने तिमीलाई पक्का थाहा छ।,सारांश: यो बस अल्टाडेनातिर जान्छ भन्ने तिमीलाई पक्का थाहा छ।,,
train_1766,English,recommend a pizza,"#Person1#: Do you have any seats available? 
 #Person2#: Yes. This way please. 
 #Person1#: What's the special today? 
 #Person2#: I recommend our New English Pizza. 
 #Person1#: Then give me a large one and an egg drop soup. 
 #Person2#: Okay. Wait a minute please.",#Person2# helps #Person1# to order #Person1#'s meal.,"Here is a summary of the dialogue in two sentences:

Person 1 asks if there are any seats available and is directed to a seat. They then order a large New English Pizza and an egg drop soup.","Here is a summary of the dialogue in two sentences:

Person 1 asks if there are any seats available and is directed to a seat. They then order a large New English Pizza and an egg drop soup.",,
train_1766,Nepali,पिज्जा सिफारिस,"#Person1#: के कुनै सिट खाली छ?
 #Person2#: हो। यता आउनुहोस्।
 #Person1#: आजको विशेष के छ?
 #Person2#: म हाम्रो न्यू इंग्लिश पिज्जा सिफारिस गर्छु।
 #Person1#: त्यसपछि मलाई ठूलो एक र एग ड्रप सूप दिनुहोस्।
 #Person2#: ठिकै छ। एक मिनेट पर्खनुहोस्।",#Person2# ले #Person1# लाई खाना अर्डर गर्न मद्दत गर्छन्।,सारांश: के कुनै सिट खाली छ? हो। यता आउनुहोस्। आजको विशेष के छ? म हाम्रो न्यू इंग्लिश पिज्जा सिफारिस गर्छु। त्यसपछि मलाई ठूलो एक र एग ड्रप सूप दिनुहोस्। ठिकै छ। एक मिनेट पर्खनुहोस्।,सारांश: के कुनै सिट खाली छ? हो। यता आउनुहोस्। आजको विशेष के छ? म हाम्रो न्यू इंग्लिश पिज्जा सिफारिस गर्छु। त्यसपछि मलाई ठूलो एक र एग ड्रप सूप दिनुहोस्। ठिकै छ। एक मिनेट पर्खनुहोस्।,,
train_200,English,ask questions,"#Person1#: What do you want to know about me?
 #Person2#: How about your academic records at college?
 #Person1#: The average grade of all my courses is above 85.
 #Person2#: In which subject did you get the highest marks?
 #Person1#: In mathematics I got a 98.
 #Person2#: Have you received any scholarships?
 #Person1#: Yes, I have, and three times in total.
 #Person2#: Have you been a class leader?
 #Person1#: I have been a class commissary in charge of studies for two years.
 #Person2#: Did you join in any club activities?
 #Person1#: I was an aerobics team member in college.
 #Person2#: What sport are you good at?
 #Person1#: I am good at sprint and table tennis.
 #Person2#: You are excellent.","#Person2# asks #Person1# several questions, like academic records, the highest marks, scholarships, club activities, and skilled sports.","Here is a summary of the dialogue in two sentences:

Person 1 shared their academic records, including an average grade above 85 and a high score of 98 in mathematics. They also discussed their extracurricular activities, including being a class commissary, an aerobics team member, and being good at sprint and table tennis.","Here is a summary of the dialogue in two sentences:

Person 1 shared their academic records, including an average grade above 85 and a high score of 98 in mathematics. They also discussed their extracurricular activities, including being a class commissary, an aerobics team member, and being good at sprint and table tennis.",,
train_200,Nepali,प्रश्नहरू सोध्नु,"#व्यक्ति१#:	तपाईं मेरो बारेमा के जान्न चाहनुहुन्छ?
#व्यक्ति२#:	कलेजमा तपाईंको शैक्षिक अभिलेखबारे के भन्नुहुन्छ?
#व्यक्ति१#:	मेरा सबै पाठ्यक्रमहरूको औसत ग्रेड ८५ भन्दा माथि छ।
#व्यक्ति२#:	तपाईंले कुन विषयमा सबैभन्दा उच्च अङ्क प्राप्त गर्नुभयो?
#व्यक्ति१#:	गणितमा मैले ९८ प्राप्त गरेँ।
#व्यक्ति२#:	के तपाईंले कुनै छात्रवृत्ति प्राप्त गर्नुभएको छ?
#व्यक्ति१#:	हो, प्राप्त गरेको छु, र जम्मा तीन पटक।
#व्यक्ति२#:	के तपाईं कक्षा नेता बन्नुभएको छ?
#व्यक्ति१#:	म दुई वर्षसम्म अध्ययनको जिम्मेवारीमा रहेको कक्षा समितिको सदस्य भएको छु।
#व्यक्ति२#:	के तपाईं कुनै क्लबका गतिविधिहरूमा सहभागी हुनुभयो?
#व्यक्ति१#:	म कलेजमा एरोबिक्स टोलीको सदस्य थिएँ।
#व्यक्ति२#:	तपाईं कुन खेलमा राम्रो हुनुहुन्छ?
#व्यक्ति१#:	म छोटो दूरीको दौड र टेबलटेनिसमा राम्रो छु।
#व्यक्ति२#:	तपाईं उत्कृष्ट हुनुहुन्छ।","#व्यक्ति२# ले #व्यक्ति१# लाई शैक्षिक अभिलेख, सबैभन्दा बढी अंक, छात्रवृत्ति, क्लब गतिविधि र आफू दक्ष भएका खेलकुदजस्ता विषयमा धेरै प्रश्नहरू सोध्छन्।","तपाईं मेरो बारेमा के जान्न चाहनुहुन्छ? कलेजमा तपाईंको शैक्षिक अभिलेखबारे के भन्नुहुन्छ? मेरा सबै पाठ्यक्रमहरूको औसत ग्रेड ८५ भन्दा माथि छ। गणितमा मैले ९८ प्राप्त गरेँ। हो, प्राप्त गरेको छु, र जम्मा तीन पटक। म दुई वर्षसम्म अध्ययनको जिम्मेवारीमा रहेको कक्षा समितिको सदस्य","तपाईं मेरो बारेमा के जान्न चाहनुहुन्छ? कलेजमा तपाईंको शैक्षिक अभिलेखबारे के भन्नुहुन्छ? मेरा सबै पाठ्यक्रमहरूको औसत ग्रेड ८५ भन्दा माथि छ। गणितमा मैले ९८ प्राप्त गरेँ। हो, प्राप्त गरेको छु, र जम्मा तीन पटक। म दुई वर्षसम्म अध्ययनको जिम्मेवारीमा रहेको कक्षा समितिको सदस्य",,
train_2020,English,new laptop,"#Person1#: Hi! Is that the new laptop you brought last week? It looks very nice.
 #Person2#: Yes, it is. Thanks. I ' m just surfing on the internet.
 #Person1#: Here? In this cafe? How can you do that?
 #Person2#: This cafe offers a wireless internet connection. That means I can get on the net for free while I ' m here. Of course, I have to buy a cup of coffee!
 #Person1#: That ' s great. Can you do it anywhere?
 #Person2#: No. you can only do it when the cafe offers a wireless connection. There are only about 10 or 12 places that offer it in this city.
 #Person1#: So, what programs do you have on your laptop?
 #Person2#: I ' Ve got all the usual ones for word processing and then I have a few for creating and editing photographs.
 #Person1#: I know you are keen on photography. It ' s very useful for you to be able to download photos from your digital camera. Then you attach the picture files to emails and send them to anyone, anywhere, at a
 #Person2#: It ' s wonderful, isn ' t it? Would you like to see some photos that I took recently?",#Person2#'s surfing on the internet with #Person2#'s new laptop through a wireless internet connection offered by the cafe. #Person2# tells #Person1# what programs #Person2# has and invites #Person1# to see some photos #Person2# took recently.,"Here is a two-sentence summary of the dialogue:

Person 1 comments on Person 2's new laptop and asks about its capabilities. Person 2 explains that the laptop has a wireless internet connection, which allows them to access the internet for free at certain cafes, and shows off its features, including photo editing software.","Here is a two-sentence summary of the dialogue:

Person 1 comments on Person 2's new laptop and asks about its capabilities. Person 2 explains that the laptop has a wireless internet connection, which allows them to access the internet for free at certain cafes, and shows off its features, including photo editing software.",,
train_2020,Nepali,नयाँ ल्यापटप,"#व्यक्ति१#: नमस्ते! के यो तिमीले गएको हप्ता किनेको नयाँ ल्यापटप हो? यो निकै राम्रो देखिन्छ।
#व्यक्ति२#: हो, यही हो। धन्यवाद। म अहिले इन्टरनेट चलाइरहेको छु।
#व्यक्ति१#: यहाँ? यो क्याफेमा? तिमीले कसरी गर्न सक्छौ?
#व्यक्ति२#: यो क्याफेले ताररहित इन्टरनेट सुविधा दिन्छ। यसको अर्थ म यहाँ हुँदा निःशुल्क इन्टरनेट चलाउन सक्छु। तर मैले एउटा कप कफी किन्नुपर्छ।
#व्यक्ति१#: त्यो त राम्रो रहेछ। के तिमी जहाँसुकै यसो गर्न सक्छौ?
#व्यक्ति२#: सक्दिनँ। क्याफेमा ताररहित इन्टरनेट सुविधा भएको बेला मात्र गर्न सकिन्छ। यो सहरमा त्यस्तो सुविधा दिने ठाउँ करिब १० वा १२ वटा मात्र छन्।
#व्यक्ति१#: तिम्रो ल्यापटपमा कुन–कुन कार्यक्रम छन्?
#व्यक्ति२#: सामान्य लेखनसम्बन्धी कार्यक्रमहरू छन् र फोटो बनाउने तथा सम्पादन गर्ने केही कार्यक्रमहरू पनि छन्।
#व्यक्ति१#: मलाई थाहा छ तिमीलाई फोटोग्राफी मन पर्छ। डिजिटल क्यामेराबाट फोटो डाउनलोड गर्न सक्नु तिम्रो लागि धेरै उपयोगी छ। त्यसपछि तिमी फोटो फाइलहरू इमेलमा राखेर जहाँसुकै जोसुकैलाई पठाउन सक्छौ।
#व्यक्ति२#: यो अद्भुत छैन र? के तिमीले मैले हालै खिचेका केही फोटोहरू हेर्न चाहन्छौ?",#व्यक्ति२# ले क्याफेले दिएको ताररहित इन्टरनेट प्रयोग गरेर नयाँ ल्यापटपमा इन्टरनेट चलाइरहेको छ। #व्यक्ति२# ले आफ्नो ल्यापटपका कार्यक्रमहरूबारे बताउँछ र खिचेका फोटोहरू देखाउने प्रस्ताव गर्छ।,ताररहित इन्टरनेट सुविधा भएको क्याफेले निकै राम्रो देखिन्छ। त्यस क्याफेले ताररहित इन्टरनेट सुविधा दिन्छ। त्यस क्याफेले ताररहित इन्टरनेट सुविधा दिन्छ।,ताररहित इन्टरनेट सुविधा भएको क्याफेले निकै राम्रो देखिन्छ। त्यस क्याफेले ताररहित इन्टरनेट सुविधा दिन्छ। त्यस क्याफेले ताररहित इन्टरनेट सुविधा दिन्छ।,,
train_2054,English,catch the flight,"#Person1#: What time is our connecting flight? 
 #Person2#: Let me check. Oh, oh!It's at 3:25. 
 #Person1#: Wow, that's cutting it close! That means we only have 25 minutes to make the connection! What gate is it at? 
 #Person2#: It's at... gate 14. 
 #Person1#: Oh, great! That's at the other end of the terminal! 
 #Person2#: OK, so here's the plan; When we land, run to gate 14! 
 #Person1#: I'm be right behind ya!",#Person1# and #Person2# are rushing to catch their connecting flight.,"Here is a summary of the dialogue in two sentences:

The connecting flight is at 3:25, which means they have a tight 25-minute window to make the connection. To make it, they plan to run to gate 14 as soon as they land.","Here is a summary of the dialogue in two sentences:

The connecting flight is at 3:25, which means they have a tight 25-minute window to make the connection. To make it, they plan to run to gate 14 as soon as they land.",,
train_2054,Nepali,उडान समात्नु,"#व्यक्ति१#: हाम्रो जोडिने उडान कति बजे छ?
#व्यक्ति२#: म हेर्छु। ओहो! यो ३:२५ बजे रहेछ।
#व्यक्ति१#: वाह, समय निकै कम रहेछ! यसको अर्थ जोडिने उडान समात्न हामीसँग केवल २५ मिनेट छ! गेट कुन हो?
#व्यक्ति२#: यो... गेट १४ हो।
#व्यक्ति१#: ओहो, राम्रो! त्यो त टर्मिनलको अर्को छेउमा छ।
#व्यक्ति२#: ठीक छ, योजना यस्तो हो; हामी अवतरण भएपछि गेट १४ तर्फ दौडनेछौँ।
#व्यक्ति१#: म तिम्रो पछिपछि आउँछु।",#व्यक्ति१# र #व्यक्ति२# जोडिने उडान समात्न हतार गरिरहेका छन्।,जोडी उडान ३:२५ बजे छ। समय निकै कम रहेछ। गेट १४ हो जुन टर्मिनलको अर्को छेउमा छ।,जोडी उडान ३:२५ बजे छ। समय निकै कम रहेछ। गेट १४ हो जुन टर्मिनलको अर्को छेउमा छ।,,
train_218,English,ask some questions,"#Person1#: How about your study at college?
 #Person2#: I was doing quite well at college. I completed my MBA degree in international trade with first-class honors.
 #Person1#: Why did you select your college?
 #Person2#: I selected my college because it had an excellent academic reputation.
 #Person1#: What do you like doing in your spare time?
 #Person2#: My favorite recreation is cooking. I learned to cook Chinese dishes and western style dishes as well. It keeps me busy and makes me happy.","#Person1# asks #Person2# some questions, like #Person2#'study, why choosing the college and recreations in his spare time. #Person2# answered.","Here is a summary of the dialogue in two sentences:

Person 2 completed their MBA degree in international trade with first-class honors. In their spare time, Person 2 enjoys cooking, particularly Chinese and western-style dishes.","Here is a summary of the dialogue in two sentences:

Person 2 completed their MBA degree in international trade with first-class honors. In their spare time, Person 2 enjoys cooking, particularly Chinese and western-style dishes.",,
train_218,Nepali,केही प्रश्न सोध्नु,"#व्यक्ति१#: कलेजमा तिम्रो पढाइ कस्तो चलिरहेको छ?
#व्यक्ति२#: मेरो कलेजको पढाइ राम्रो भइरहेको थियो। मैले अन्तर्राष्ट्रिय व्यापारमा एमबीए प्रथम श्रेणी सम्मानसहित पूरा गरेँ।
#व्यक्ति१#: तिमीले आफ्नो कलेज किन रोज्यौ?
#व्यक्ति२#: मैले त्यो कलेज रोजेँ किनकि त्यसको शैक्षिक प्रतिष्ठा राम्रो थियो।
#व्यक्ति१#: खाली समयमा के गर्न मन पराउँछौ?
#व्यक्ति२#: मेरो मनपर्ने मनोरञ्जन खाना पकाउनु हो। मैले चिनियाँ र पश्चिमी शैलीका खाना बनाउन सिकेको छु। यसले मलाई व्यस्त र खुसी राख्छ।","#व्यक्ति१# ले #व्यक्ति२# लाई पढाइ, कलेज छनोट र खाली समयका गतिविधिबारे प्रश्न गर्छन्। #व्यक्ति२# ले उत्तर दिन्छन्।",कलेजमा तिम्रो पढाइ कस्तो चलिरहेको छ? - कलेजको पढाइ राम्रो भइरहेको थियो। मैले अन्तर्राष्ट्रिय व्यापारमा एमबीए प्रथम श्रेणी सम्मानसहित पूरा गरेँ। - तिमीले आफ्नो कलेज किन रोज्यौ? - मैले त्यो कलेज रोजेँ किनकि त्यसको शैक्षिक प्रतिष्ठा राम्रो थियो। - खाली समयमा के गर्न मन पराउँ,कलेजमा तिम्रो पढाइ कस्तो चलिरहेको छ? - कलेजको पढाइ राम्रो भइरहेको थियो। मैले अन्तर्राष्ट्रिय व्यापारमा एमबीए प्रथम श्रेणी सम्मानसहित पूरा गरेँ। - तिमीले आफ्नो कलेज किन रोज्यौ? - मैले त्यो कलेज रोजेँ किनकि त्यसको शैक्षिक प्रतिष्ठा राम्रो थियो। - खाली समयमा के गर्न मन पराउँ,,
train_2210,English,travel,"#Person1#: Hi, Anna. I haven't seen you for ages. Where have you been?
 #Person2#: I'Ve been away on holidays for sometime.
 #Person1#: No wonder I haven't seen you recently. Where did you spend your holidays?
 #Person2#: I went with my husband. Our first stop was Bangkok. We stayed there for 5 days. Then we flew to Hong Kong, stopover for 3 days. Our last stop was China. We visited the Great Wall.
 #Person1#: You must have a wonderful time.
 #Person2#: Yes. We enjoyed ourselves very much. Have you traveled much, Luke?
 #Person1#: No, my wife doesn't like traveling. We haven't been traveling for more than ten years. The first time we traveled together was in 1978 when we just got married. We spent our honeymoon in the Alps.
 #Person2#: Oh, I see. Yeah. Some people like traveling, some don't. My husband didn't like traveling at first, either. He said what's the use of traveling? A waste of money and a waste of time. At last I got him on the move. After all, he loved me. We went to Bali, Indonesia, one of the most beautiful places in the world. That trip left a very deep impression on him. Since then whenever we have holidays and money, we'd like to patronize the travel agency. Isn't it a bit dull to shut yourself at one place all your life?","Anna went to Bangkok, Hong Kong and China with her husband, while Luke hasn't traveled for long because his wife doesn't like traveling. Anna's husband doesn't like traveling at first but then the trips left a deep impression on him so he loves traveling now.","Here is a summary of the dialogue in two sentences:

Anna and Luke catch up after a long time, and Anna shares about her recent holidays to Bangkok, Hong Kong, and China with her husband. Luke mentions that he hasn't traveled much with his wife due to her dislike of traveling, and Anna shares a story about how she convinced her husband to start traveling with her.","Here is a summary of the dialogue in two sentences:

Anna and Luke catch up after a long time, and Anna shares about her recent holidays to Bangkok, Hong Kong, and China with her husband. Luke mentions that he hasn't traveled much with his wife due to her dislike of traveling, and Anna shares a story about how she convinced her husband to start traveling with her.",,
train_2210,Nepali,यात्रा,"#Person1#: हाइ, आना। म तपाईंलाई धेरै दिनदेखि देखेको छैन। कहाँ हुनुहुन्थ्यो?
 #Person2#: म केही समय छुट्टीमा गएको थिएँ।
 #Person1#: अनि त मलाई हालसालै तपाईं देखिएन। तपाईंले छुट्टी कहाँ बिताउनुभयो?
 #Person2#: म श्रीमानसँग गएँ। हाम्रो पहिलो रोकाव ब्याङ्कक थियो। हामी त्यहाँ ५ दिन बस्यौं। त्यसपछि हङकङ उड्यौं, ३ दिन रोकियौं। अन्तिम रोकाव चीन थियो। हामीले ग्रेट वाल घुम्यौं।
 #Person1#: तपाईंहरूले अवश्य रमाइलो गर्नुभयो होला।
 #Person2#: हो। हामी धेरै रमाइलो गर्‍यौं। ल्युक, तपाईं धेरै यात्रा गर्नुभएको छ?
 #Person1#: होइन, मेरी श्रीमतीलाई यात्रा मन पर्दैन। हामी दस वर्षभन्दा बढी यात्रा गरेका छैनौं। हामीले पहिलो पटक १९७८ मा विवाह गरेलगत्तै यात्रा गरेका थियौं। हामीले हनिमुन आल्प्समा बितायौं।
 #Person2#: ओहो, बुझेँ। हो। कसैलाई यात्रा मन पर्छ, कसैलाई पर्दैन। मेरो श्रीमानलाई सुरुमा यात्रा मन पर्दैनथ्यो। उहाँ भन्नुहुन्थ्यो यात्राको के काम? पैसा र समयको बर्बादी। अन्तमा मैले उहाँलाई हिँडाएँ। आखिर उहाँले मलाई माया गर्नुहुन्थ्यो। हामी बाली, इन्डोनेसिया गयौं, संसारका सबैभन्दा सुन्दर ठाउँहरूमध्ये एक। त्यो यात्राले उहाँमा गहिरो छाप छोड्यो। त्यसपछि जब छुट्टी र पैसा हुन्छ, हामी ट्राभल एजेन्सी जान चाहन्छौं। जीवनभर एउटै ठाउँमा बसेर बस्नु अलि नीरस हुँदैन र?","आना श्रीमानसँग ब्याङ्कक, हङकङ र चीन गइन्, जबकि ल्युकको श्रीमतीलाई यात्रा मन नपर्ने भएकाले उनी लामो समयदेखि यात्रा गरेका छैनन्। आनाका श्रीमानलाई सुरुमा यात्रा मन पर्दैनथ्यो तर पछि यात्राले गहिरो छाप छोडेपछि उहाँलाई यात्रा मन पर्न थाल्यो।","मलाई हालसालै तपाईं देखिएन। तपाईंले छुट्टी कहाँ बिताउनुभयो? तपाईं श्रीमानसँग गएँ। हाम्रो पहिलो रोकाव ब्याङ्कक थियो। हामी त्यहाँ ५ दिन बस्यौं। त्यसपछि हङकङ उड्यौं, ३ दिन रोकियौं। अन्तिम रोकाव चीन थियो। हामीले ग्रेट वाल घुम्यौं। तपाईंहरूले अवश्य रमाइलो गर","मलाई हालसालै तपाईं देखिएन। तपाईंले छुट्टी कहाँ बिताउनुभयो? तपाईं श्रीमानसँग गएँ। हाम्रो पहिलो रोकाव ब्याङ्कक थियो। हामी त्यहाँ ५ दिन बस्यौं। त्यसपछि हङकङ उड्यौं, ३ दिन रोकियौं। अन्तिम रोकाव चीन थियो। हामीले ग्रेट वाल घुम्यौं। तपाईंहरूले अवश्य रमाइलो गर",,
train_2239,English,gift shopping,"#Person1#: Can you help me pick out a gift for my daughter? 
 #Person2#: She might like a laptop computer. 
 #Person1#: Yes, that sounds like a good idea. 
 #Person2#: Might I suggest a Mac? 
 #Person1#: Okay. How much? 
 #Person2#: Well, a 15-inch Pro is $2, 100. 
 #Person1#: Oh, that sounds great. I'll take it. 
 #Person2#: Great. How would you like to pay for it? 
 #Person1#: Here's my VISA. 
 #Person2#: Let me ring you up. Okay, sign here, please. 
 #Person1#: Everything I need is in this box? 
 #Person2#: It'll take her only a few minutes to get online. 
 #Person1#: Thank you for your help. 
 #Person2#: So long. Thank you for shopping here.",#Person2# recommends a Mac computer to #Person1# as #Person1#'s daughter's gift. #Person1# buys it by card.,"Here is a summary of the dialogue in two sentences:

Person 1 is looking for a gift for their daughter and Person 2 suggests a Mac laptop, which they agree to purchase for $2,100. Person 1 pays for the laptop with their VISA and thanks Person 2 for their help, before leaving the store.","Here is a summary of the dialogue in two sentences:

Person 1 is looking for a gift for their daughter and Person 2 suggests a Mac laptop, which they agree to purchase for $2,100. Person 1 pays for the laptop with their VISA and thanks Person 2 for their help, before leaving the store.",,
train_2239,Nepali,उपहार किनमेल,"#व्यक्ति१#: के तपाईं मेरी छोरीका लागि उपहार छान्न मलाई सहयोग गर्न सक्नुहुन्छ?
#व्यक्ति२#: उनलाई ल्यापटप मन पर्न सक्छ।
#व्यक्ति१#: हो, त्यो राम्रो विचार हो।
#व्यक्ति२#: के म म्याक कम्प्युटर सुझाव दिन सक्छु?
#व्यक्ति१#: हुन्छ। यसको मूल्य कति हो?
#व्यक्ति२#: १५ इन्चको प्रो मोडलको मूल्य २१०० डलर हो।
#व्यक्ति१#: ओहो, राम्रो रहेछ। म यही लिन्छु।
#व्यक्ति२#: राम्रो। तपाईं कसरी भुक्तानी गर्न चाहनुहुन्छ?
#व्यक्ति१#: यहाँ मेरो भिसा कार्ड छ।
#व्यक्ति२#: म बिल तयार गर्छु। ठीक छ, कृपया यहाँ हस्ताक्षर गर्नुहोस्।
#व्यक्ति१#: यो बाकसभित्र मलाई चाहिने सबै कुरा छन्?
#व्यक्ति२#: यसलाई इन्टरनेटमा जोडिन केवल केही मिनेट लाग्छ।
#व्यक्ति१#: सहयोगका लागि धन्यवाद।
#व्यक्ति२#: फेरि भेटौँला। यहाँ किनमेल गर्नुभएकोमा धन्यवाद।",#व्यक्ति२# ले #व्यक्ति१# लाई छोरीको उपहारका लागि म्याक कम्प्युटर सुझाव दिन्छन्। #व्यक्ति१# ले कार्डबाट किन्छन्।,"संवादमा दुई व्यक्तिहरू बीचमा छोरीका लागि ल्यापटप उपहार छान्ने बारेमा बिचार गरिएको हो। उनले म्याक कम्प्युटरको सुझाव दिएर त्यसको मूल्य, भुक्तानी गर्ने तरिका र उपहारलाई इन्टरनेटमा जोड्ने बारेमा जानकारी दिएका हुन्।","संवादमा दुई व्यक्तिहरू बीचमा छोरीका लागि ल्यापटप उपहार छान्ने बारेमा बिचार गरिएको हो। उनले म्याक कम्प्युटरको सुझाव दिएर त्यसको मूल्य, भुक्तानी गर्ने तरिका र उपहारलाई इन्टरनेटमा जोड्ने बारेमा जानकारी दिएका हुन्।",,
train_2250,English,trip to Milan,"#Person1#: Hello, Barbara. Welcome back. You look great.
 #Person2#: Rod, it's lovely to see you again.
 #Person1#: How was your trip?
 #Person2#: Fun, but tiring. Milan was interesting. It's bigger than I expected, noisier and dirtier too.
 #Person1#: And Florence? What did you think of Florence?
 #Person2#: Well, I didn't go there. Have you been there?
 #Person1#: No, I've never been to Italy. I'd really like to go to Rome. Well, the cars in the car park. Is this all your luggage?
 #Person2#: Yes, but the suitcase is very heavy.
 #Person1#: Barbara, what's in it? Books or stones?
 #Person2#: Just 20 pairs of shoes.",Barbara tells Rod about her trip to Milan. Rod then finds Barbara's suitcase is very heavy.,"Here is a summary of the dialogue in two sentences:

Barbara returned from a trip to Italy, where she visited Milan, and was greeted by Rod. She brought back a large amount of luggage, including 20 pairs of shoes, which Rod found amusing.","Here is a summary of the dialogue in two sentences:

Barbara returned from a trip to Italy, where she visited Milan, and was greeted by Rod. She brought back a large amount of luggage, including 20 pairs of shoes, which Rod found amusing.",,
train_2250,Nepali,मिलान यात्रा,"#Person1#: हेलो, बार्बरा। फर्कनुभएकोमा स्वागत छ। तपाईं राम्री देखिनुहुन्छ।
 #Person2#: रड, तपाईंलाई फेरि भेट्दा खुसी लाग्यो।
 #Person1#: तपाईंको यात्रा कस्तो थियो?
 #Person2#: रमाइलो, तर थकान। मिलान रोचक थियो। मैले अपेक्षा गरेभन्दा ठूलो, बढी कोलाहलपूर्ण र फोहोर पनि।
 #Person1#: र फ्लोरेन्स? फ्लोरेन्सबारे तपाईंलाई के लाग्यो?
 #Person2#: खैर, म त्यहाँ गएन। तपाईं त्यहाँ जानुभएको छ?
 #Person1#: होइन, म कहिल्यै इटाली गएको छैन। म साँच्चै रोम जान चाहन्छु। खैर, कार पार्कमा कारहरू। के यति नै तपाईंको सामान हो?
 #Person2#: हो, तर सुटकेस निकै भारी छ।
 #Person1#: बार्बरा, यसमा के छ? किताब वा ढुंगा?
 #Person2#: केवल २० जोडी जुत्ता।",बार्बराले रडलाई मिलानको यात्राबारे बताउँछिन्। रडले त्यसपछि बार्बराको सुटकेस निकै भारी रहेको पाउँछन्।,बार्बराले फर्कनुभएको स्वागत गरेको थियो । त्यसपश्चात् दुवै बार्बरा र रमाइलो बार्बरा बीचमा संवाद भयो । त्यहाँ बार्बरा रमाइलोले त्यसको यात्रा कस्तो थियो भनी पूछ्यो । त्यसपश्चात् बार्बरा रमाइलोले त्यसको यात्रा कस्तो थियो भनी जानकारी दियो । त्यसपश्चात् रमाइलोले,बार्बराले फर्कनुभएको स्वागत गरेको थियो । त्यसपश्चात् दुवै बार्बरा र रमाइलो बार्बरा बीचमा संवाद भयो । त्यहाँ बार्बरा रमाइलोले त्यसको यात्रा कस्तो थियो भनी पूछ्यो । त्यसपश्चात् बार्बरा रमाइलोले त्यसको यात्रा कस्तो थियो भनी जानकारी दियो । त्यसपश्चात् रमाइलोले,,
train_2288,English,phone call,"#Person1#: Good afternoon! Dr. Perkins' office.
 #Person2#: Good afternoon. I'd like to speak to the doctor. Is he in?
 #Person1#: Who is that calling, please?
 #Person2#: My name is Li Hong. I'm from China.
 #Person1#: I'm sorry. Dr. Perkins is now at an important meeting and can't answer your call.
 #Person2#: I'm an exchange scholar. Dr. Perkins asked me to give a lecture. There are some details I want to discuss with him.
 #Person1#: I see, but you must speak to himself about that. Oh, well, if you leave your number, I'll tell him to ring you as soon as he is available.
 #Person2#: Thanks. My number is 7838298.",Li Hong phones to discuss the details of a lecture with Dr. Perkins. #Person1# says Perkins isn't available and will let him call Li back.,"Li Hong, an exchange scholar from China, wants to discuss some details about a lecture with Dr. Perkins, but is told that he is unavailable. Li Hong leaves her phone number, 7838298, to be contacted by Dr. Perkins when he becomes available.","Li Hong, an exchange scholar from China, wants to discuss some details about a lecture with Dr. Perkins, but is told that he is unavailable. Li Hong leaves her phone number, 7838298, to be contacted by Dr. Perkins when he becomes available.",,
train_2288,Nepali,फोन कल,"#व्यक्ति१#:	शुभ अपराह्न! डाक्टर पर्किन्सको कार्यालय।
#व्यक्ति२#:	शुभ अपराह्न। म डाक्टरसँग कुरा गर्न चाहन्छु। उहाँ हुनुहुन्छ?
#व्यक्ति१#:	कृपया को बोल्दै हुनुहुन्छ?
#व्यक्ति२#:	मेरो नाम ली होङ हो। म चीनबाट हुँ।
#व्यक्ति१#:	माफ गर्नुहोस्। डाक्टर पर्किन्स अहिले एउटा महत्त्वपूर्ण बैठकमा हुनुहुन्छ र तपाईंको फोनको जवाफ दिन सक्नुहुन्न।
#व्यक्ति२#:	म आदानप्रदानका लागि आएको विद्वान हुँ। डाक्टर पर्किन्सले मलाई एउटा व्याख्यान दिन भन्नुभएको थियो। म उहाँसँग छलफल गर्न चाहेका केही विवरणहरू छन्।
#व्यक्ति१#:	बुझेँ, तर त्यसबारे तपाईंले उहाँसँग आफैँ कुरा गर्नुपर्छ। ओहो, यदि तपाईंले आफ्नो नम्बर छोड्नुभयो भने, उहाँ उपलब्ध हुनासाथ तपाईंलाई फोन गर्न म उहाँलाई भन्छु।
#व्यक्ति२#:	धन्यवाद। मेरो नम्बर ७८३८२९८ हो।
",ली होङले डा. पर्किन्ससँग व्याख्यानका विवरणहरूबारे छलफल गर्न फोन गर्छिन्। #व्यक्ति१# ले पर्किन्स उपलब्ध नभएको बताउँछन् र उनलाई लीलाई पछि फोन गर्न लगाउनेछन्।,डाक्टर पर्किन्सको कार्यालयमा ली होङ नामक विद्वानले डाक्टर पर्किन्ससँग कुरा गर्न चाहन्थ्यो। तपाईंले डाक्टर पर्किन्सले तपाईंलाई एउटा व्याख्यान दिने भनेको थियो। तपाईंले डाक्टर पर्किन्सले तपाईंलाई कुरा गर्नुपर्ने विवरणहरू छन् भन्दै डाक्टर पर्किन्सले तपाईंलाई फोन गर्न,डाक्टर पर्किन्सको कार्यालयमा ली होङ नामक विद्वानले डाक्टर पर्किन्ससँग कुरा गर्न चाहन्थ्यो। तपाईंले डाक्टर पर्किन्सले तपाईंलाई एउटा व्याख्यान दिने भनेको थियो। तपाईंले डाक्टर पर्किन्सले तपाईंलाई कुरा गर्नुपर्ने विवरणहरू छन् भन्दै डाक्टर पर्किन्सले तपाईंलाई फोन गर्न,,
train_2439,English,work,"#Person1#: Would you like some tea or coffee, dear?
 #Person2#: No, thanks. It's very late. They will keep me awake the whole night.
 #Person1#: Then what about some water?
 #Person2#: Yes, please.
 #Person1#: Don't work too late since you are not in good health. You should be careful with your health.
 #Person2#: I know, but I'll have to finish these reports tonight. Our manager will use them at the meeting tomorrow morning.
 #Person1#: You should have got someone to help you.
 #Person2#: Everyone is so busy in our company. They all have their own business to deal with.
 #Person1#: Sure, that's true. Can I help you with something?
 #Person2#: No, I'm afraid you can't. Just turn down the TV a little so that the songs won't interrupt me now and then.
 #Person1#: Yes, I will. I do hope that you will finish the report soon and get some sleep.
 #Person2#: Don't worry. It won't take me too long.",#Person1# prepares some water for #Person2# and asks #Person2# not to work too late. #Person2# has to finish the reports tonight and asks #Person1# to turn down the TV.,"Here is a summary of the dialogue in two sentences:

Person 1 offers Person 2 water and expresses concern about their health, suggesting they should not work late. Person 2 explains that they need to finish reports for a meeting the next morning and asks Person 1 to turn down the TV.","Here is a summary of the dialogue in two sentences:

Person 1 offers Person 2 water and expresses concern about their health, suggesting they should not work late. Person 2 explains that they need to finish reports for a meeting the next morning and asks Person 1 to turn down the TV.",,
train_2439,Nepali,काम गर्ने,"#व्यक्ति१#: प्रिय, तपाईंलाई चिया वा कफी चाहिन्छ?
#व्यक्ति२#: होइन, धन्यवाद। धेरै ढिलो भइसक्यो। त्यसले मलाई पूरै रात जागै राख्नेछ।
#व्यक्ति१#: त्यसो भए केही पानी?
#व्यक्ति२#: हुन्छ, कृपया।
#व्यक्ति१#: तपाईंको स्वास्थ्य राम्रो नभएकाले धेरै अबेरसम्म काम नगर्नुहोस्। तपाईंले आफ्नो स्वास्थ्यको ख्याल राख्नुपर्छ।
#व्यक्ति२#: मलाई थाहा छ, तर मैले यी प्रतिवेदनहरू आज राति नै सक्नुपर्छ। हाम्रो प्रबन्धकले भोलि बिहानको बैठकमा तिनीहरू प्रयोग गर्नुहुनेछ।
#व्यक्ति१#: तपाईंले कसैलाई सहयोग गर्न लगाउनुपर्थ्यो।
#व्यक्ति२#: हाम्रो कम्पनीमा सबैजना यति व्यस्त छन्। उनीहरू सबैसँग सम्हाल्नुपर्ने आफ्नै काम छ।
#व्यक्ति१#: पक्कै, त्यो सही हो। के म तपाईंलाई कुनै कुरामा सहयोग गर्न सक्छु?
#व्यक्ति२#: होइन, मलाई डर छ तपाईंले सक्नुहुन्न। टेलिभिजनको आवाज अलि कम गरिदिनुहोस् ताकि गीतहरूले मलाई बेला-बेलामा बाधा नपुर्‍याऊन्।
#व्यक्ति१#: हुन्छ, म गर्छु। मलाई आशा छ तपाईंले प्रतिवेदन चाँडै सक्नुहुनेछ र केही सुत्न पाउनुहुनेछ।
#व्यक्ति२#: चिन्ता नगर्नुहोस्। यसले मलाई धेरै समय लाग्ने छैन।",#व्यक्ति१# ले #व्यक्ति२# का लागि केही पानी तयार गर्छन् र #व्यक्ति२# लाई धेरै अबेरसम्म काम नगर्न भन्छन्। #व्यक्ति२# ले आज राति प्रतिवेदनहरू सक्नुपर्छ र #व्यक्ति१# लाई टेलिभिजनको आवाज कम गर्न भन्छन्।,"तलको संवादलाई एक वाक्यमा सारांश गर्दा यस प्रकार हो-

तलको दुई व्यक्तिले बिस्तारपूर्वक संवाद गरेका थिए। उनीहरू काम गर्दै थिए र उनीहरू दुवै पानी पिउने बेलामा प्रतिवेदन तयार गर्ने बारे बात गरेका थिए।","तलको संवादलाई एक वाक्यमा सारांश गर्दा यस प्रकार हो-

तलको दुई व्यक्तिले बिस्तारपूर्वक संवाद गरेका थिए। उनीहरू काम गर्दै थिए र उनीहरू दुवै पानी पिउने बेलामा प्रतिवेदन तयार गर्ने बारे बात गरेका थिए।",,
train_2453,English,choose courses,"#Person1#: Guess what came in the mail today?
 #Person2#: What?
 #Person1#: My acceptance letter to Yale!
 #Person2#: Wow! Congratulation! When do classes start?
 #Person1#: Freshman orientation is the last week of august, but I want to go two weeks before that to get settled in.
 #Person2#: You're so lucky! Do you have to do many things before you leave?
 #Person1#: Yes. I'll be very busy! I have to get a visa, buy a plane ticket, and pack my things. But first, I want to register for classes.
 #Person2#: When can you do that?
 #Person1#: Well, they sent me their prospectus, so I can start looking now. do you want to help me decide which classed to take?
 #Person2#: Sure. What can you choose from?
 #Person1#: Well, I have to take all the fundamental course, plus a few from my major.
 #Person2#: What is your major?
 #Person1#: I hope to major in English literature, but the admissions counselor told me that many people change their major many times in their first year, so we'll see.
 #Person2#: What are the fundamental course?
 #Person1#: In order to graduate, every student must take a certain amount of classes in history, math, English, philosophy, science and art.
 #Person2#: Interesting. That's very different from the Chinese education system.
 #Person1#: Yes, it is. It's also very different from the British education system.
 #Person2#: Really?
 #Person1#: oh, sure. In British, students don't have to take the foundation course.
 #Person2#: why not?
 #Person1#: maybe because they think they know everything already! ha ha.","#Person1#'s acceptance letter to Yale arrived and #Person1# asks #Person2#'s help to choose classes. #Person1# has to take fundamental courses because every student must take some classes in history, English, science, etc, which is different from the Chinese and British education system.","Here is a two-sentence summary of the dialogue:

Person 1 received an acceptance letter to Yale and is excited to start classes in August, but first needs to take care of several tasks, including registering for classes. They are considering majoring in English literature and are looking at the course options with the help of Person 2, who is also interested in learning about the American education system.","Here is a two-sentence summary of the dialogue:

Person 1 received an acceptance letter to Yale and is excited to start classes in August, but first needs to take care of several tasks, including registering for classes. They are considering majoring in English literature and are looking at the course options with the help of Person 2, who is also interested in learning about the American education system.",,
train_2453,Nepali,कक्षा छनोट,"#व्यक्ति१#: अनुमान गर त आज हुलाकबाट के आयो?
#व्यक्ति२#: के आयो?
#व्यक्ति१#: येल विश्वविद्यालयको मेरो स्वीकृति पत्र!
#व्यक्ति२#: वाह! बधाई छ! कक्षा कहिलेदेखि सुरु हुन्छ?
#व्यक्ति१#: नयाँ विद्यार्थी परिचय कार्यक्रम अगस्टको अन्तिम हप्ता हुन्छ, तर म त्यसभन्दा दुई हप्ता अगाडि गएर त्यहाँ मिलाउन चाहन्छु।
#व्यक्ति२#: तिमी त धेरै भाग्यमानी छौ! जानुअघि धेरै कुरा गर्नुपर्छ?
#व्यक्ति१#: हो, म धेरै व्यस्त हुनेछु! मैले भिसा लिनुपर्छ, विमानको टिकट किन्नुपर्छ र आफ्ना सामान प्याक गर्नुपर्छ। तर पहिले म कक्षामा दर्ता गर्न चाहन्छु।
#व्यक्ति२#: त्यो कहिले गर्न सक्छौ?
#व्यक्ति१#: उनीहरूले पाठ्यक्रम विवरण पठाएका छन्, त्यसैले म अहिलेबाट हेर्न सुरु गर्न सक्छु। कुन कक्षा लिने भनेर निर्णय गर्न मलाई सहयोग गर्छौ?
#व्यक्ति२#: अवश्य। तिमीले के–के रोज्न सक्छौ?
#व्यक्ति१#: मैले सबै आधारभूत पाठ्यक्रम लिनुपर्छ, साथै मेरो मुख्य विषयसँग सम्बन्धित केही कक्षाहरू पनि।
#व्यक्ति२#: तिम्रो मुख्य विषय के हो?
#व्यक्ति१#: म अंग्रेजी साहित्य पढ्न चाहन्छु, तर भर्ना सल्लाहकारले पहिलो वर्षमा धेरै विद्यार्थीहरूले आफ्नो विषय धेरैपटक परिवर्तन गर्ने बताए। त्यसैले हेरौँ।
#व्यक्ति२#: आधारभूत पाठ्यक्रमहरू के–के हुन्?
#व्यक्ति१#: स्नातक हुनका लागि हरेक विद्यार्थीले इतिहास, गणित, अंग्रेजी, दर्शन, विज्ञान र कलाका निश्चित कक्षाहरू लिनुपर्छ।
#व्यक्ति२#: रोचक छ। यो चिनियाँ शिक्षा प्रणालीभन्दा धेरै फरक रहेछ।
#व्यक्ति१#: हो, यो बेलायती शिक्षा प्रणालीभन्दा पनि फरक छ।
#व्यक्ति२#: साँच्चै?
#व्यक्ति१#: हो। बेलायतमा विद्यार्थीहरूले आधारभूत पाठ्यक्रम लिनुपर्दैन।
#व्यक्ति२#: किन?
#व्यक्ति१#: सायद उनीहरूलाई लाग्छ कि उनीहरूलाई पहिले नै सबै कुरा थाहा छ! हा हा।","#व्यक्ति१# को येल विश्वविद्यालयको स्वीकृति पत्र आउँछ र उसले #व्यक्ति२# सँग कक्षा छनोट गर्न सहयोग माग्छ। #व्यक्ति१# ले इतिहास, अंग्रेजी, विज्ञान आदि आधारभूत विषयहरू लिनुपर्ने बताउँछ, जुन चिनियाँ र बेलायती शिक्षा प्रणालीभन्दा फरक छ।",व्यक्ति १ले व्यक्ति २लाई येल विश्वविद्यालयको स्वीकृति पत्र प्राप्त गरेको बताए। व्यक्ति २ले बधाई दिए र विद्यार्थी परिचय कार्यक्रमको बारेमा पूछ्यो। व्यक्ति १ले कक्षामा दर्ता गर्ने बारेमा पूछ्यो र उनीहरूले पाठ्यक्रम विवरण पठाएको बताए। व्यक्ति २ले कक्षाहरू के–के लिने भ,व्यक्ति १ले व्यक्ति २लाई येल विश्वविद्यालयको स्वीकृति पत्र प्राप्त गरेको बताए। व्यक्ति २ले बधाई दिए र विद्यार्थी परिचय कार्यक्रमको बारेमा पूछ्यो। व्यक्ति १ले कक्षामा दर्ता गर्ने बारेमा पूछ्यो र उनीहरूले पाठ्यक्रम विवरण पठाएको बताए। व्यक्ति २ले कक्षाहरू के–के लिने भ,,
train_2455,English,plan,"#Person1#: Did you play football yesterday?
 #Person2#: Yes, I played with Tony and John.
 #Person1#: What did you do after you'd played football?
 #Person2#: We all went swimming.
 #Person1#: Are you going swimming again this afternoon?
 #Person2#: No, we aren't. We're going to help Mr. Smith to plant some flowers.
 #Person1#: Are you helping him all afternoon?
 #Person2#: Yes, we are. We can neither play football nor do our homework today.
 #Person1#: You're, going to be very busy.
 #Person2#: Yes, we certainly are. But Mr. Smith is going to pay us for all the work we'll do.",#Person2# played football and went swimming yesterday. #Person2#'ll help Mr. Smith plant flowers today and he'll pay #Person2#.,"Here is a summary of the dialogue in two sentences:

Person 2 played football with Tony and John yesterday and then went swimming with them. Today, they are helping Mr. Smith plant flowers and will be paid for their work.","Here is a summary of the dialogue in two sentences:

Person 2 played football with Tony and John yesterday and then went swimming with them. Today, they are helping Mr. Smith plant flowers and will be paid for their work.",,
train_2455,Nepali,योजना,"#व्यक्ति१#: के तपाईंले हिजो फुटबल खेल्नुभयो?
#व्यक्ति२#: हो, मैले टोनी र जोनसँग खेलेँ।
#व्यक्ति१#: फुटबल खेलेपछि तपाईंहरूले के गर्नुभयो?
#व्यक्ति२#: हामी सबै पौडी खेल्न गयौँ।
#व्यक्ति१#: के तपाईंहरू आज दिउँसो फेरि पौडी खेल्न जाँदै हुनुहुन्छ?
#व्यक्ति२#: होइन, जाँदैनौँ। हामी श्री स्मिथलाई केही फूल रोप्न सहयोग गर्न जाँदैछौँ।
#व्यक्ति१#: के तपाईंहरू उहाँलाई पूरै दिउँसो सहयोग गर्दै हुनुहुन्छ?
#व्यक्ति२#: हो। हामी आज न फुटबल खेल्न सक्छौँ न त गृहकार्य गर्न सक्छौँ।
#व्यक्ति१#: तपाईंहरू निकै व्यस्त हुने रहेछ।
#व्यक्ति२#: हो, पक्कै पनि हुनेछौँ। तर श्री स्मिथले हामीले गर्ने सबै कामको पैसा दिनुहुनेछ।",#व्यक्ति२# ले हिजो फुटबल खेले र पौडी खेले। आज #व्यक्ति२# ले श्री स्मिथलाई फूल रोप्न सहयोग गर्नेछन् र उनले #व्यक्ति२# लाई पैसा दिनेछन्।,"व्यक्ति १ले व्यक्ति २लाई पूछ्यो कि तपाईंले हिजो फुटबल खेल्नुभयो? व्यक्ति २ले भन्यो कि होइन, मैले टोनी र जोनसँग खेलेँ। फुटबल खेलेपछि तपाईंहरूले के गर्नुभयो? व्यक्ति २ले भन्यो कि हामी सबै पौडी खेल्न गयौँ। व्यक्ति १ले पूछ्यो कि तपाईंहरू आज द","व्यक्ति १ले व्यक्ति २लाई पूछ्यो कि तपाईंले हिजो फुटबल खेल्नुभयो? व्यक्ति २ले भन्यो कि होइन, मैले टोनी र जोनसँग खेलेँ। फुटबल खेलेपछि तपाईंहरूले के गर्नुभयो? व्यक्ति २ले भन्यो कि हामी सबै पौडी खेल्न गयौँ। व्यक्ति १ले पूछ्यो कि तपाईंहरू आज द",,
train_2459,English,fax machine,"#Person1#: Hi, I am afraid that the fax machine in my room won't be working till tomorrow. A technician has just come and checked it. He will bring me a new one tomorrow. It seems there is a big problem with mine and it will take some days for repairing. Can I use the one in your office?
 #Person2#: Of course you can. I am sure this one works very well. I just sent dozens of pages. How many pages are you sending? Are you familiar with my fax machine?
 #Person1#: Yes, I think you have the same model as I have. Does your fax machine print out immediately a transmission protocol?
 #Person2#: Yes, it will print immediately.","#Person1#'s fax machine stops working, so #Person1# asks to use #Person2#'s. #Person2#'s fax machine can print out immediately.","Here is a summary of the dialogue in two sentences:

The person in room 1's fax machine is broken and won't be working until tomorrow, so they ask to use the one in room 2's office. Room 2 agrees and explains that their fax machine prints out a transmission protocol immediately after sending.","Here is a summary of the dialogue in two sentences:

The person in room 1's fax machine is broken and won't be working until tomorrow, so they ask to use the one in room 2's office. Room 2 agrees and explains that their fax machine prints out a transmission protocol immediately after sending.",,
train_2459,Nepali,फ्याक्स यन्त्र,"#व्यक्ति१#: नमस्कार, मलाई डर छ कि मेरो कोठाको फ्याक्स यन्त्र भोलिसम्म काम गर्ने छैन। एक जना प्राविधिक भर्खरै आएर त्यसलाई जाँच गरेर गएका छन्। उहाँले भोलि मलाई नयाँ एउटा ल्याउनुहुनेछ। मेरो यन्त्रमा ठूलो समस्या भएको जस्तो देखिन्छ र यसलाई मर्मत गर्न केही दिन लाग्नेछ। के म तपाईंको कार्यालयमा भएको यन्त्र प्रयोग गर्न सक्छु?
#व्यक्ति२#: अवश्य सक्नुहुन्छ। मलाई पक्का छ यो राम्रोसँग काम गर्छ। मैले भर्खरै दर्जनौँ पृष्ठ पठाएँ। तपाईं कति पृष्ठ पठाउँदै हुनुहुन्छ? के तपाईं मेरो फ्याक्स यन्त्रसँग परिचित हुनुहुन्छ?
#व्यक्ति१#: हो, मलाई लाग्छ तपाईंसँग मसँग भएको जस्तै नमुना छ। के तपाईंको फ्याक्स यन्त्रले प्रसारण विवरण तुरुन्तै छाप्छ?
#व्यक्ति२#: हो, यसले तुरुन्तै छाप्छ।","#व्यक्ति१# को फ्याक्स यन्त्रले काम गर्न छोड्छ, त्यसैले #व्यक्ति१# ले #व्यक्ति२# को फ्याक्स यन्त्र प्रयोग गर्न माग गर्छन्। #व्यक्ति२# को फ्याक्स यन्त्रले तुरुन्तै छाप्न सक्छ।",व्यक्ति १ले व्यक्ति २लाई कोठाको फ्याक्स यन्त्र भोलिसम्म काम गर्ने छैन भनेर सोध्दै कार्यालयमा भएको फ्याक्स यन्त्र प्रयोग गर्ने अनुमति मागेका थिए। व्यक्ति २ले त्यसको अनुमति दिदै त्यस यन्त्रले राम्रोसँग काम गर्छ भनेर सोध्दै त्यस यन्त्रले कति पृष्ठ पठाउँदै हुन्छ भ,व्यक्ति १ले व्यक्ति २लाई कोठाको फ्याक्स यन्त्र भोलिसम्म काम गर्ने छैन भनेर सोध्दै कार्यालयमा भएको फ्याक्स यन्त्र प्रयोग गर्ने अनुमति मागेका थिए। व्यक्ति २ले त्यसको अनुमति दिदै त्यस यन्त्रले राम्रोसँग काम गर्छ भनेर सोध्दै त्यस यन्त्रले कति पृष्ठ पठाउँदै हुन्छ भ,,
train_247,English,an interview,"#Person1#: Excuse me. What should I wear if I want to go to an interview?
 #Person2#: You should wear a tie to go with your suit.
 #Person1#: I am afraid I would tense up during the interview.
 #Person2#: It doesn't matter. Just do your best to sell yourself.",#Person2# advises #Person1# to wear a tie with a suit and do the best in an interview.,"Person 1 asks for advice on what to wear to an interview, and Person 2 suggests wearing a tie with a suit. Person 2 also advises Person 1 to do their best to sell themselves during the interview.","Person 1 asks for advice on what to wear to an interview, and Person 2 suggests wearing a tie with a suit. Person 2 also advises Person 1 to do their best to sell themselves during the interview.",,
train_247,Nepali,अन्तर्वार्ता,"#Person1#: माफ गर्नुहोस्। यदि म अन्तर्वार्तामा जान चाहन्छु भने के लगाउनुपर्छ?
 #Person2#: तपाईंले सुटसँग टाइ लगाउनुपर्छ।
 #Person1#: मलाई डर लाग्छ कि अन्तर्वार्तामा म तनावमा पर्न सक्छु।
 #Person2#: कुनै कुरा छैन। आफूलाई बेच्न जति सक्नुहुन्छ उत्तिकै प्रयास गर्नुहोस्।",#Person2# ले #Person1# लाई सुटसँग टाइ लगाउन र अन्तर्वार्तामा उत्कृष्ट प्रयास गर्न सल्लाह दिन्छन्।,"तलको संवादलाई एक वाक्यमा सारांश गर्दा यस प्रकार हो-

मलाई अन्तर्वार्तामा जान चाहन्छु भने के लगाउनुपर्छ?","तलको संवादलाई एक वाक्यमा सारांश गर्दा यस प्रकार हो-

मलाई अन्तर्वार्तामा जान चाहन्छु भने के लगाउनुपर्छ?",,
train_2540,English,the peace core,"#Person1#: So, how long have you been in the peace core?
 #Person2#: For about a year now.
 #Person1#: Do you enjoy it?
 #Person2#: Most of the time, the work can be very difficult sometimes.
 #Person1#: What's the most difficult thing about being in the peace core?
 #Person2#: For me, it's finding a way to fit into a community that's very different from my own.
 #Person1#: And what's the most exciting thing?
 #Person2#: That's easy. The most exciting thing about being in the peace core is learning about another culture.",#Person2# has been in the peace core for about a year and shares #Person2#'s experience there with #Person1#.,"Here is a summary of the dialogue in two sentences:

Person 2 has been in the peace core for about a year and finds the work to be difficult at times. The most exciting thing about being in the peace core for Person 2 is learning about another culture.","Here is a summary of the dialogue in two sentences:

Person 2 has been in the peace core for about a year and finds the work to be difficult at times. The most exciting thing about being in the peace core for Person 2 is learning about another culture.",,
train_2540,Nepali,शान्ति सेवा,"#व्यक्ति१#: त्यसोभए, तपाईं शान्ति सेवामा कति समयदेखि हुनुहुन्छ?
#व्यक्ति२#: अहिले करिब एक वर्ष भयो।
#व्यक्ति१#: तपाईंलाई यो मन पर्छ?
#व्यक्ति२#: धेरैजसो समय मन पर्छ, काम कहिलेकाहीँ निकै गाह्रो हुन सक्छ।
#व्यक्ति१#: शान्ति सेवामा हुनुको सबैभन्दा गाह्रो कुरा के हो?
#व्यक्ति२#: मेरो लागि, आफ्नै समुदायभन्दा निकै फरक समुदायमा घुलमिल हुने उपाय खोज्नु हो।
#व्यक्ति१#: अनि सबैभन्दा रोमाञ्चक कुरा के हो?
#व्यक्ति२#: त्यो सजिलो छ। शान्ति सेवामा हुनुको सबैभन्दा रोमाञ्चक कुरा अर्को संस्कृतिबारे सिक्नु हो।",#व्यक्ति२# करिब एक वर्षदेखि शान्ति सेवामा छन् र #व्यक्ति१# सँग त्यहाँको आफ्नो अनुभव साझा गर्छन्।,"तपाईं शान्ति सेवामा कति समयदेखि हुनुहुन्छ? अहिले करिब एक वर्ष भयो। तपाईंलाई यो मन पर्छ? धेरैजसो समय मन पर्छ, काम कहिलेकाहीँ निकै गाह्रो हुन सक्छ। शान्ति सेवामा हुनुको सबैभन्दा गाह्रो कुरा के हो? मेरो लागि, आफ्नै समुदायभन्दा निकै फरक समुदायमा घुलमिल हुने उपाय खोज्नु","तपाईं शान्ति सेवामा कति समयदेखि हुनुहुन्छ? अहिले करिब एक वर्ष भयो। तपाईंलाई यो मन पर्छ? धेरैजसो समय मन पर्छ, काम कहिलेकाहीँ निकै गाह्रो हुन सक्छ। शान्ति सेवामा हुनुको सबैभन्दा गाह्रो कुरा के हो? मेरो लागि, आफ्नै समुदायभन्दा निकै फरक समुदायमा घुलमिल हुने उपाय खोज्नु",,
train_2588,English,freshman,"#Person1#: May I help you?
 #Person2#: Yes, today is my first day. Do you know where the photo copier is?
 #Person1#: Of course, I'll show you. My name is David. I'm the sales manager. Nice to meet you.
 #Person2#: Me too. I'm working in the sales office. How long have you been working here?
 #Person1#: About 6 years so far.
 #Person2#: You must like it then.
 #Person1#: Yes, it's a good company to work for. The staff is friendly and the benefits are great.
 #Person2#: What do you think about the boss? Is he really strict? I hear that sometimes he loses his temper easily.
 #Person1#: No, he's quite the opposite. He's easygoing. Sometimes he gets angry, but usually forgets about it later.
 #Person2#: Oh, I guess he is a nice person. I see the photo copier. Thanks for your help.",#Person2# asks #Person1# where the photocopier is. They introduce each other and talk about the company and the boss.,"Here is a summary of the dialogue in two sentences:

David, the sales manager, shows a new employee to the photo copier and introduces himself. They briefly discuss the company, with David sharing his positive experiences and describing the boss as easygoing.","Here is a summary of the dialogue in two sentences:

David, the sales manager, shows a new employee to the photo copier and introduces himself. They briefly discuss the company, with David sharing his positive experiences and describing the boss as easygoing.",,
train_2588,Nepali,नयाँ विद्यार्थी,"#व्यक्ति१#: के म तपाईंलाई मद्दत गर्न सक्छु?
#व्यक्ति२#: हुन्छ, आज मेरो पहिलो दिन हो। तस्बिर प्रतिलिपि बनाउने यन्त्र कहाँ छ भनेर तपाईंलाई थाहा छ?
#व्यक्ति१#: अवश्य, म तपाईंलाई देखाउँछु। मेरो नाम डेभिड हो। म बिक्री प्रबन्धक हुँ। तपाईंलाई भेटेर खुसी लाग्यो।
#व्यक्ति२#: मलाई पनि। म बिक्री कार्यालयमा काम गर्दैछु। तपाईं यहाँ कति समयदेखि काम गर्दै हुनुहुन्छ?
#व्यक्ति१#: अहिलेसम्म करिब ६ वर्ष।
#व्यक्ति२#: त्यसो भए तपाईंलाई यो मन पर्नुपर्छ।
#व्यक्ति१#: हो, यो काम गर्नका लागि राम्रो कम्पनी हो। कर्मचारीहरू मिलनसार छन् र सुविधाहरू उत्कृष्ट छन्।
#व्यक्ति२#: तपाईं मालिकबारे के सोच्नुहुन्छ? के उहाँ साँच्चै कडा हुनुहुन्छ? मैले सुनेको छु कि कहिलेकाहीँ उहाँ सजिलै आफ्नो रिस गुमाउनुहुन्छ।
#व्यक्ति१#: होइन, उहाँ ठ्याक्कै विपरीत हुनुहुन्छ। उहाँ सहज स्वभावको हुनुहुन्छ। कहिलेकाहीँ उहाँ रिसाउनुहुन्छ, तर सामान्यतया पछि त्यसलाई बिर्सनुहुन्छ।
#व्यक्ति२#: ओहो, मलाई लाग्छ उहाँ राम्रो व्यक्ति हुनुहुन्छ। मैले तस्बिर प्रतिलिपि बनाउने यन्त्र देखेँ। तपाईंको सहयोगका लागि धन्यवाद।",#व्यक्ति२# ले #व्यक्ति१# लाई छापाखाना कहाँ छ भनेर सोध्छन्। उनीहरू एकअर्कासँग परिचित हुन्छन् र कम्पनी तथा प्रमुखबारे कुरा गर्छन्।,व्यक्ति १ डेभिड बिक्री प्रबन्धक हुनुहुन्छ। व्यक्ति २लाई तस्बिर प्रतिलिपि बनाउने यन्त्र देखाउने बिक्री प्रबन्धकलाई मद्दत गर्ने छन्।,व्यक्ति १ डेभिड बिक्री प्रबन्धक हुनुहुन्छ। व्यक्ति २लाई तस्बिर प्रतिलिपि बनाउने यन्त्र देखाउने बिक्री प्रबन्धकलाई मद्दत गर्ने छन्।,,
train_2614,English,basketball,"#Person1#: Who are we going to play with today?
 #Person2#: We are playing against Hainan.
 #Person1#: Oh, the basketball team from No. 1 College? I know they're a tough team.
 #Person2#: Sure they are.
 #Person1#: Who's winning?
 #Person2#: We are, 27 to 26.
 #Person1#: Really? I thought that they'd been killing us by now.
 #Person2#: How can it be? We are a tough team as well.","#Person1# and #Person2# are playing basketball against the team of Hainan, and they win.","Here is a summary of the dialogue in two sentences:

Person 1 is playing against the basketball team from No. 1 College, and Person 2 informs them that they are winning 27 to 26. Person 1 is surprised by the score, as they thought the opposing team would be winning by a larger margin.","Here is a summary of the dialogue in two sentences:

Person 1 is playing against the basketball team from No. 1 College, and Person 2 informs them that they are winning 27 to 26. Person 1 is surprised by the score, as they thought the opposing team would be winning by a larger margin.",,
train_2614,Nepali,बास्केटबल,"#व्यक्ति१#:	आज हामी कोसँग खेल्न जानेछौँ?
#व्यक्ति२#:	हामी हाइनानविरुद्ध खेल्दैछौँ।
#व्यक्ति१#:	ओहो, नम्बर १ कलेजको बास्केटबल टोली? मलाई थाहा छ उनीहरू कठिन टोली हुन्।
#व्यक्ति२#:	पक्कै पनि हुन्।
#व्यक्ति१#:	कसले जितिरहेको छ?
#व्यक्ति२#:	हामी, २७ विरुद्ध २६।
#व्यक्ति१#:	साँच्चै? मैले सोचेको थिएँ उनीहरूले अहिलेसम्म हामीलाई नराम्ररी हराइसकेका होलान्।
#व्यक्ति२#:	त्यस्तो कसरी हुन सक्छ? हामी पनि कठिन टोली हौँ।
",#व्यक्ति१# र #व्यक्ति२# हाइनानको टोलीविरुद्ध बास्केटबल खेलिरहेका छन् र उनीहरू जित्छन्।,सारांश: हाइनानविरुद्ध खेल्दै बास्केटबल खेल्न जाने छन्।,सारांश: हाइनानविरुद्ध खेल्दै बास्केटबल खेल्न जाने छन्।,,
train_2680,English,promise,"#Person1#: Tom, you promised to cut the lung. You won't forget, will you? 
 #Person2#: No, I assure you. 
 #Person1#: And you'll repair the television, won't you? 
 #Person2#: Ok. 
 #Person1#: Do you promise? 
 #Person2#: Of course. 
 #Person1#: And Tom, you will help Johnny with his homework, won't you? 
 #Person2#: I'll see. I will if I can but I won't promise. 
 #Person1#: But you'll promise not to be late for dinner tonight, won't you? 
 #Person2#: Yes. But only if you ask me nicely. 
 #Person1#: Tom, darling. You'll try not to be late for dinner tonight, won't you? Please! 
 #Person2#: Ok. I'll keep my promise.",#Person1# lists several things to ask Tom for his promises.,"Here is a summary of the dialogue in two sentences:

Person 1 asks Person 2 (Tom) to perform several tasks, including cutting a lung, repairing a television, helping Johnny with his homework, and being on time for dinner. Tom agrees to do some of these tasks, but is hesitant to promise to help with homework and only agrees to be on time for dinner if asked nicely.","Here is a summary of the dialogue in two sentences:

Person 1 asks Person 2 (Tom) to perform several tasks, including cutting a lung, repairing a television, helping Johnny with his homework, and being on time for dinner. Tom agrees to do some of these tasks, but is hesitant to promise to help with homework and only agrees to be on time for dinner if asked nicely.",,
train_2680,Nepali,वाचा,"#व्यक्ति१#: टम, तपाईंले घाँस काट्ने वाचा गर्नुभएको थियो। तपाईं बिर्सनुहुने छैन, हैन?
#व्यक्ति२#: छैन, म तपाईंलाई आश्वस्त पार्छु।
#व्यक्ति१#: अनि तपाईं टेलिभिजन मर्मत गर्नुहुनेछ, हैन?
#व्यक्ति२#: हुन्छ।
#व्यक्ति१#: तपाईं वाचा गर्नुहुन्छ?
#व्यक्ति२#: अवश्य।
#व्यक्ति१#: अनि टम, तपाईं जोनीलाई उसको गृहकार्यमा मद्दत गर्नुहुनेछ, हैन?
#व्यक्ति२#: म हेर्छु। यदि मैले सकेँ भने गर्नेछु, तर वाचा गर्दिनँ।
#व्यक्ति१#: तर तपाईं आज राति बेलुकाको खानाका लागि ढिलो नहुने वाचा गर्नुहुनेछ, हैन?
#व्यक्ति२#: हुन्छ। तर तपाईंले मलाई राम्रोसँग अनुरोध गर्नुभयो भने मात्र।
#व्यक्ति१#: टम, प्रिय। तपाईं आज राति बेलुकाको खानाका लागि ढिलो नहुने प्रयास गर्नुहुनेछ, हैन? कृपया!
#व्यक्ति२#: हुन्छ। म आफ्नो वाचा पूरा गर्नेछु।",#व्यक्ति१# ले टमसँग केही कुराहरूको वाचा लिन चाहन्छन्।,टमले घाँस काट्ने वाचा गरेको थियो । टेलिभिजन मर्मत गर्ने वाचा गरेको थियो । जोनीलाई उसको गृहकार्यमा मद्दत गर्ने वाचा गरेको थियो । आज राति बेलुकाको खानाका लागि ढिलो नहुने वाचा गरेको थियो ।,टमले घाँस काट्ने वाचा गरेको थियो । टेलिभिजन मर्मत गर्ने वाचा गरेको थियो । जोनीलाई उसको गृहकार्यमा मद्दत गर्ने वाचा गरेको थियो । आज राति बेलुकाको खानाका लागि ढिलो नहुने वाचा गरेको थियो ।,,
train_2781,English,thorough check,"#Person1#: This line is so long.
 #Person2#: Yes. It was a quarter past seven when we began to wait and we have already been waiting for half an hour.
 #Person1#: I guess they're doing a really thorough check.
 #Person2#: What are they checking for?
 #Person1#: They need to make sure no one is carrying any weapons.
 #Person2#: I'm glad they checked only for that. Or it will surely be longer.
 #Person1#: They also have to make sure no one has drugs.
 #Person2#: Wow. I guess that's why the police dogs are here.
 #Person1#: Yes. Look. There are only 3 people ahead.
 #Person2#: After that, can we board the bus?
 #Person1#: Yes. We're almost there.
 #Person2#: Good.",#Person1# and #Person2# are waiting in a long line. #Person1# tells #Person2# it's because the police need to thoroughly check weapons and drugs.,"Here is a summary of the dialogue in two sentences:

The speaker and their companion have been waiting in line for half an hour to board a bus, and are speculating about the thoroughness of the security checks. They are relieved that the checks are only for weapons and drugs, and are hopeful that they will be able to board the bus soon.","Here is a summary of the dialogue in two sentences:

The speaker and their companion have been waiting in line for half an hour to board a bus, and are speculating about the thoroughness of the security checks. They are relieved that the checks are only for weapons and drugs, and are hopeful that they will be able to board the bus soon.",,
train_2781,Nepali,,"""#Person1#: यो लाइन कति लामो छ।
 #Person2#: हो। हामीले पर्खन सुरु गर्दा सवा सात बजेको थियो र हामीले आधा घण्टादेखि पर्खिरहेका छौं।
 #Person1#: मलाई लाग्छ उनीहरूले एकदमै राम्ररी जाँच गरिरहेका छन्।
 #Person2#: उनीहरू केको जाँच गर्दैछन्?
 #Person1#: कसैले हतियार बोकेको छैन भन्ने कुरा उनीहरूले सुनिश्चित गर्नुपर्छ।
 #Person2#: खुसीको कुरा उनीहरूले त्यसको मात्र जाँच गरे। नत्र त पक्कै पनि अझ धेरै समय लाग्ने थियो।
 #Person1#: कसैसँग लागूऔषध छैन भन्ने कुरा पनि उनीहरूले सुनिश्चित गर्नुपर्छ।
 #Person2#: वाउ। मलाई लाग्छ त्यसैले यहाँ प्रहरीका कुकुरहरू छन्।
 #Person1#: हो। हेर त। अगाडि अब ३ जना मात्र छन्।
 #Person2#: त्यसपछि, के हामी बस चढ्न सक्छौं?
 #Person1#: हो। हामी लगभग पुग्नै लाग्यौं।
 #Person2#: राम्रो।""",,संवादमा दुई व्यक्तिहरू बीचमा एक लाइनमा पर्खिरहेका प्रहरी कार्यालयको बारेमा बिचार व्यक्त गरिएको छ।,संवादमा दुई व्यक्तिहरू बीचमा एक लाइनमा पर्खिरहेका प्रहरी कार्यालयको बारेमा बिचार व्यक्त गरिएको छ।,,
train_2858,English,job interview invitation,"#Person1#: Hello. Is Vanessa there?
 #Person2#: Yes. This is Vanessa.
 #Person1#: Hi, Vanessa. I'm Don. I'm calling from Seller's Market. Are you still interested in a position as a cashier?
 #Person2#: Yes. Is the position available now?
 #Person1#: Yes, it is. Please come to see me tomorrow afternoon at 2 00 for a job interview.
 #Person2#: Thanks a lot.
 #Person1#: You're welcome. I'll see you tomorrow at 2 00.
 #Person2#: I'll see you then. Good bye.",Don calls Vanessa to take the job interview as a cashier tomorrow afternoon.,Don from Seller's Market called Vanessa to inquire about a cashier position and informed her that it is still available. He scheduled a job interview with her for the next day at 2:00 PM.,Don from Seller's Market called Vanessa to inquire about a cashier position and informed her that it is still available. He scheduled a job interview with her for the next day at 2:00 PM.,,
train_2858,Nepali,,"""#Person1#: नमस्ते। के भ्यानेसा त्यहाँ हुनुहुन्छ?
 #Person2#: हजुर, म भ्यानेसा बोल्दैछु।
 #Person1#: नमस्ते भ्यानेसा। म डन हुँ। म 'सेलर्स मार्केट' (Seller's Market) बाट फोन गर्दैछु। के तपाईं अझै पनि क्यासियरको पदमा काम गर्न इच्छुक हुनुहुन्छ?
 #Person2#: हजुर। के त्यो पद अहिले खाली छ?
 #Person1#: हजुर, खाली छ। कृपया भोलि दिउँसो २ बजे जागिरको अन्तर्वार्ताका लागि मलाई भेट्न आउनुहोला।
 #Person2#: धेरै धेरै धन्यवाद।
 #Person1#: स्वागत छ। भोलि २ बजे भेटौँला।
 #Person2#: हुन्छ, भोलि भेटौँला। बिदा। """,,संवादमा एक व्यक्ति (Person1) दूसरा व्यक्ति (Person2) को क्यासियरको पदमा काम गर्ने बारे पूछ्दैछ। Person2 क्यासियरको पद खाली छ भने पनि त्यसको लागि तयार हुनुहुन्छ।,संवादमा एक व्यक्ति (Person1) दूसरा व्यक्ति (Person2) को क्यासियरको पदमा काम गर्ने बारे पूछ्दैछ। Person2 क्यासियरको पद खाली छ भने पनि त्यसको लागि तयार हुनुहुन्छ।,,
train_2982,English,study discussion,"#Person1#: What do you think is harder, reading or writing?
 #Person2#: Well, they're completely different. Reading is passive, and writing is active.
 #Person1#: I don't think I understand what you mean. Could you explain a little more?
 #Person2#: In reading you need to recognize language by seeing the words on the page and knowing what they are. In writing you have to produce language, you have to create your own words on a blank page.
 #Person1#: Oh, now I see what you mean. When you're reading, you are just looking, but when you are writing, you are actually doing something!
 #Person2#: A reading knowledge of a language is larger and different from a writing knowledge. Don't you think so?
 #Person1#: I think I see what you mean. I can read Shakespeare but I definitely can't write it.
 #Person2#: Exactly.
 #Person1#: So I have another question for you. What do you think is harder, speaking or understanding?
 #Person2#: They're both harder than reading or writing.
 #Person1#: In what way?
 #Person2#: Because they are direct communication with another person, and there's a time limit. This time limit is the most serious problem for foreigners, even for those who know lots of English.
 #Person1#: You are making me feel really discouraged.
 #Person2#: I'm not trying to discourage you. I'm trying to help you. You have to live with these difficulties. Isn't it better to know about them? The more you know about what you have to face, the better you'll do. I promise!","#Person1# raises some questions, #Person2# thinks reading is passive while writing is active, and speaking and understanding are both harder than reading and writing. #Person2#'s opinion discourages #Person1# but #Person2# hopes #Person1# will know more and do better.","Here is a summary of the dialogue in two sentences:

Person 2 explains that reading and writing are different in that reading is a passive process of recognizing language, while writing is an active process of creating language. They then compare speaking and understanding to reading and writing, suggesting that speaking and understanding are harder because they involve direct communication with a time limit.","Here is a summary of the dialogue in two sentences:

Person 2 explains that reading and writing are different in that reading is a passive process of recognizing language, while writing is an active process of creating language. They then compare speaking and understanding to reading and writing, suggesting that speaking and understanding are harder because they involve direct communication with a time limit.",,
train_2982,Nepali,,"#Person1#: पढ्ने र लेख्नेमध्ये कुन चाहिँ गाह्रो होला जस्तो लाग्छ?
#Person2#: हेर्नुहोस्, यी दुई एकदमै फरक कुरा हुन्। पढाइ एक निष्क्रिय (passive) प्रक्रिया हो भने लेखाइ सक्रिय (active) प्रक्रिया हो।
#Person1#: तपाईंले भन्न खोज्नुभएको कुरा म बुझिनँ जस्तो लाग्यो। अलिकति प्रस्ट पारिदिनुहुन्छ कि?
#Person2#: पढ्दाखेरि तपाईंले पानामा भएका शब्दहरू देखेर तिनलाई चिन्ने र बुझ्ने काम गर्नुहुन्छ। तर लेख्दाखेरि तपाईंले भाषाको प्रयोग गर्नुपर्छ; खाली पानामा आफ्नै शब्दहरू सिर्जना गर्नुपर्छ।
#Person1#: ए, अब बुझें तपाईंले के भन्न खोज्नुभएको रहेछ। पढ्दाखेरि त मानिसले केवल हेरिरहेको हुन्छ, तर लेख्दाखेरि वास्तवमै केही काम गरिरहेको हुन्छ!
#Person2#: कुनै भाषाको 'पढ्ने ज्ञान' (reading knowledge) त्यसको 'लेख्ने ज्ञान' (writing knowledge) भन्दा फराकिलो र फरक हुन्छ। तपाईंलाई त्यस्तो लाग्दैन?
#Person1#: तपाईंको कुरा म बुझ्दैछु जस्तो लाग्छ। म शेक्सपियरका रचनाहरू पढ्न त सक्छु तर पक्कै पनि त्यसरी लेख्न सक्दिनँ।
#Person2#: ठ्याक्कै त्यही त हो।
#Person1#: त्यसोभए मसँग अर्को एउटा प्रश्न छ। बोल्ने र बुझ्नेमध्ये कुन चाहिँ गाह्रो होला?
#Person2#: पढ्ने वा लेख्ने कामभन्दा यी दुवै गाह्रा हुन्छन्।
#Person1#: कसरी?
#Person2#: किनभने यी दुवैमा अर्को व्यक्तिसँग प्रत्यक्ष सञ्चार हुन्छ र त्यहाँ समयको सीमितता हुन्छ। विदेशीहरूका लागि—अझ धेरै अंग्रेजी जान्नेहरूका लागि समेत—यो समयको सीमितता नै सबैभन्दा ठूलो समस्या हो।
#Person1#: तपाईंले त मलाई साँच्चै निराश बनाउनुभयो।
#Person2#: म तपाईंलाई निराश बनाउन खोजिरहेको छैन, बरु मद्दत गर्न खोजिरहेको छु। तपाईंले यी कठिनाइहरूको सामना त गर्नैपर्छ। त्यसैले यसबारे जानकारी हुनु राम्रो होइन र? आफूले सामना गर्नुपर्ने कुराहरूबारे जति धेरै थाहा पाउनुहुन्छ, त्यति नै राम्रो गर्न सक्नुहुनेछ। म पक्का भन्न सक्छु!",,पढ्ने र लेख्नेमध्ये कुन चाहिँ गाह्रो होला जस्तो लाग्छ? यी दुई एकदमै फरक कुरा हुन्। पढाइ एक निष्क्रिय (passive) प्रक्रिया हो भने लेखाइ सक्रिय (active) प्रक्रिया हो।,पढ्ने र लेख्नेमध्ये कुन चाहिँ गाह्रो होला जस्तो लाग्छ? यी दुई एकदमै फरक कुरा हुन्। पढाइ एक निष्क्रिय (passive) प्रक्रिया हो भने लेखाइ सक्रिय (active) प्रक्रिया हो।,,
train_3025,English,get lost,"#Person1#: Where on earth is it, John? I hope we're going the right way.
 #Person2#: Uhm, judging by the traffic, I think we are near the heart of the downtown area.
 #Person1#: Oh, no, we should be heading for the village. Did I make a wrong turn?
 #Person2#: I'm not sure. But I guess that you turned right when you should have turned left.
 #Person1#: Well, now the problem is how to get back on to the main highway. It's too bad that we will be late for the party.
 #Person2#: Don't worry. There is still enough time. Why don't we stop and ask someone?
 #Person1#: OK. Let's stop along the next block. I think I see a police man up there in front of the bank.
 #Person2#: OK.",#Person1# drives in the wrong direction and feels anxious. #Person2# comforts #Person1# and suggests asking someone.,The speakers are lost and trying to figure out how to get back on the main highway to a party. They decide to stop and ask a police officer for directions.,The speakers are lost and trying to figure out how to get back on the main highway to a party. They decide to stop and ask a police officer for directions.,,
train_3025,Nepali,बाटो बिराउनु,"#व्यक्ति१#: यो आखिर कहाँ छ, जोन? मलाई आशा छ हामी सही बाटोमा जाँदैछौँ।
#व्यक्ति२#: हम्म, यातायात हेर्दा, मलाई लाग्छ हामी सहरको केन्द्रको मुटु नजिक छौँ।
#व्यक्ति१#: ओहो, होइन, हामी गाउँतिर जाँदै हुनुपर्थ्यो। के मैले गलत मोड लिएँ?
#व्यक्ति२#: म निश्चित छैन। तर मलाई लाग्छ तपाईंले बायाँ मोड्नुपर्ने ठाउँमा दायाँ मोड्नुभयो।
#व्यक्ति१#: अब समस्या मुख्य राजमार्गमा कसरी फर्किने भन्ने हो। हामी पार्टीका लागि ढिलो हुने कुरा नराम्रो भयो।
#व्यक्ति२#: चिन्ता नगर्नुहोस्। अझै पर्याप्त समय छ। हामी किन रोकिएर कसैलाई नसोध्ने?
#व्यक्ति१#: हुन्छ। अर्को खण्डमा रोकौँ। मलाई लाग्छ म त्यहाँ अगाडि बैंकको अगाडि एक जना प्रहरी देख्दैछु।
#व्यक्ति२#: हुन्छ।",#व्यक्ति१# गलत दिशामा गाडी चलाउँछन् र चिन्तित महसुस गर्छन्। #व्यक्ति२# ले #व्यक्ति१# लाई सान्त्वना दिन्छन् र कसैलाई सोध्ने सुझाव दिन्छन्।,"संवादमा दुई व्यक्ति जोन र व्यक्ति १ जाँदै जाँदै सहरको केन्द्रको मुटु नजिक पुगेका थिए। व्यक्ति १ले जोनलाई भने, मलाई आशा छ हामी सही बाटोमा जाँदैछौँ। जोनले भने, यातायात हेर्दा, मलाई लाग्छ हामी सहरको केन्द्रको मुटु नजिक छौँ। व्यक्ति १ले भने, ओहो, होइन, हामी","संवादमा दुई व्यक्ति जोन र व्यक्ति १ जाँदै जाँदै सहरको केन्द्रको मुटु नजिक पुगेका थिए। व्यक्ति १ले जोनलाई भने, मलाई आशा छ हामी सही बाटोमा जाँदैछौँ। जोनले भने, यातायात हेर्दा, मलाई लाग्छ हामी सहरको केन्द्रको मुटु नजिक छौँ। व्यक्ति १ले भने, ओहो, होइन, हामी",,
train_3069,English,lesbian and date,"#Person1#: . . . I knew it. I always knew you were a lesbian! 
 #Person2#: She's my roommate, not my date. [to Yi-jun] The D-man, as in dork. 
 #Person1#: Haha. Still got that great sense of humor, I see. Here's my card. I sell used cars. A car from us is a car you can trust! 
 #Person2#: Alrighty then. Didn't you use to date Sheryl? 
 #Person1#: Sweet little lassie. Yep, broke her heart when the D-man told her he couldn't be a one-woman guy. 
 #Person2#: Oh? I heard she dumped you. Anyway, she's right over there. Oh, Sheryl!",#Person1# thinks #Person2# is a lesbian. #Person2# explains she is not. #Person1# then introduces himself while #Person2# finds Sheryl.,"Person 1 and Person 2 have a brief conversation, during which Person 1 tries to sell Person 2 a used car and reminisces about a past relationship with Sheryl. Person 2 corrects Person 1's assumption about their relationship and points out Sheryl, who is nearby.","Person 1 and Person 2 have a brief conversation, during which Person 1 tries to sell Person 2 a used car and reminisces about a past relationship with Sheryl. Person 2 corrects Person 1's assumption about their relationship and points out Sheryl, who is nearby.",,
train_3069,Nepali,समलिङ्गी महिला र डेट,"#व्यक्ति१#: मैले थाहा पाइसकेँ। मलाई सधैं थाहा थियो तिमी समलिङ्गी महिला हौ!
#व्यक्ति२#: उनी मेरी साथी बस्ने कोठाकी साथी हुन्, मेरो प्रेमिका होइनन्। (यी-जुनतिर) डी-म्यान भनेको डर्क अर्थात् अलि अनौठो मान्छे हो।
#व्यक्ति१#: हा हा। तिम्रो हास्य भावना अझै राम्रो रहेछ। यो मेरो कार्ड हो। म पुराना कारहरू बेच्ने काम गर्छु। हामीबाट किनेको कार भनेको विश्वास गर्न मिल्ने कार हो!
#व्यक्ति२#: ठीक छ। के तिमी पहिले शेरिलसँग डेट गर्दैनथ्यौ?
#व्यक्ति१#: त्यो प्यारी केटी। हो, मैले उसको मन दुखाएँ, किनकि डी-म्यानले एउटै महिलासँग मात्र सम्बन्ध राख्न सक्दिनँ भनेको थियो।
#व्यक्ति२#: ए? मैले त सुनेको थिएँ उसैले तिमीलाई छोडेकी हो। जे होस्, ऊ त्यहीँ छ। ओहो, शेरिल!",#व्यक्ति१# ले #व्यक्ति२# लाई समलिङ्गी महिला ठान्छन्। #व्यक्ति२# ले आफू त्यस्तो नभएको बताउँछन्। त्यसपछि #व्यक्ति१# ले आफ्नो परिचय दिन्छन् र #व्यक्ति२# ले शेरिललाई भेट्छिन्।,"व्यक्ति १ले व्यक्ति २लाई थाहा पारेको थियो कि तिमी समलिङ्गी महिला हौ। व्यक्ति २ले उनी मेरी साथी बस्ने कोठाकी साथी हुन्, मेरो प्रेमिका होइनन्। व्यक्ति १ले त्यो प्यारी केटी शेरिलसँग डेट गर्दैनथ्यौ, किनकि डी-म्यानले एउटै महिलासँग मात्र सम्बन्ध राख्न सक","व्यक्ति १ले व्यक्ति २लाई थाहा पारेको थियो कि तिमी समलिङ्गी महिला हौ। व्यक्ति २ले उनी मेरी साथी बस्ने कोठाकी साथी हुन्, मेरो प्रेमिका होइनन्। व्यक्ति १ले त्यो प्यारी केटी शेरिलसँग डेट गर्दैनथ्यौ, किनकि डी-म्यानले एउटै महिलासँग मात्र सम्बन्ध राख्न सक",,
train_311,English,lost a purse,"#Person1#: Hi. I just lost my purse when I was shopping on the street. I guess somebody stole it from me.
 #Person2#: Sorry to hear that. Could you tell me what were in your purse?
 #Person1#: My mobile phone, passport and some cash.
 #Person2#: When did you come to America?
 #Person1#: Just a couple of days ago.
 #Person2#: Could you recall when and where you lost it?
 #Person1#: I have no idea.
 #Person2#: OK. I have written it down. Who is your emergency contact person in America?
 #Person1#: That is my friend Tim who lives nearby.
 #Person2#: OK. We will contact you as soon as we have any clues.",#Person1# reports to #Person2# that #Person1# lost a purse. #Person2# asks for #Person1#'s emergency contact person to contact her if any clues are found.,"Here is a summary of the dialogue in two sentences:

The speaker lost their purse while shopping on the street, containing a mobile phone, passport, and cash. They provided their friend Tim as an emergency contact and the police officer took down some information, promising to contact them if any clues are found.","Here is a summary of the dialogue in two sentences:

The speaker lost their purse while shopping on the street, containing a mobile phone, passport, and cash. They provided their friend Tim as an emergency contact and the police officer took down some information, promising to contact them if any clues are found.",,
train_311,Nepali,पर्स हराउनु,"#व्यक्ति१#: नमस्कार। मैले सडकमा किनमेल गर्ने क्रममा मेरो पर्स हराएँ। मलाई लाग्छ कसैले चोरेको हुनुपर्छ।
#व्यक्ति२#: यो सुनेर दुःख लाग्यो। तपाईंको पर्सभित्र के–के थियो बताउन सक्नुहुन्छ?
#व्यक्ति१#: मेरो मोबाइल फोन, राहदानी र केही नगद पैसा थियो।
#व्यक्ति२#: तपाईं अमेरिका कहिले आउनुभएको हो?
#व्यक्ति१#: केही दिनअघि मात्र।
#व्यक्ति२#: तपाईंले कहिले र कहाँ हराउनुभयो भनेर सम्झन सक्नुहुन्छ?
#व्यक्ति१#: मलाई थाहा छैन।
#व्यक्ति२#: ठीक छ। मैले लेखेँ। अमेरिकामा तपाईंको आपत्कालीन सम्पर्क व्यक्ति को हुनुहुन्छ?
#व्यक्ति१#: मेरो साथी टिम, जो नजिकै बस्छ।
#व्यक्ति२#: ठीक छ। कुनै जानकारी भेटिएमा हामी तपाईंलाई सम्पर्क गर्नेछौँ।",#व्यक्ति१# ले आफ्नो पर्स हराएको कुरा #व्यक्ति२# लाई बताउँछ। #व्यक्ति२# ले कुनै जानकारी भेटिएमा सम्पर्क गर्न #व्यक्ति१# को आपत्कालीन सम्पर्क व्यक्तिको विवरण माग्छ।,मैले सडकमा किनमेल गर्ने क्रममा मेरो पर्स हराएँ। मलाई लाग्छ कसैले चोरेको हुनुपर्छ।,मैले सडकमा किनमेल गर्ने क्रममा मेरो पर्स हराएँ। मलाई लाग्छ कसैले चोरेको हुनुपर्छ।,,
train_3130,English,new car,"#Person1#: How is your new car?
 #Person2#: Perfect. Couldn't be better.
 #Person1#: Why do you say so? Can I see your new car?
 #Person2#: Of course you can. ( Lead Carl to his garage. )
 #Person1#: Wow, this new car is dynamite! It is a shiny, beautiful car.
 #Person2#: My car is simply a daisy. It drives smoothly.
 #Person1#: The car has very sleek lines. I love it.
 #Person2#: I am glad to hear that. I'm really pleased with it.
 #Person1#: You made a good choice.",Carl sees #Person2#'s new car and praises it.,"Here is a summary of the dialogue in two sentences:

Person 1 is impressed with Person 2's new car, commenting on its sleek lines and beauty. Person 2 is pleased with the car, describing it as ""simply a daisy"" that drives smoothly.","Here is a summary of the dialogue in two sentences:

Person 1 is impressed with Person 2's new car, commenting on its sleek lines and beauty. Person 2 is pleased with the car, describing it as ""simply a daisy"" that drives smoothly.",,
train_3130,Nepali,नयाँ गाडी,"#व्यक्ति१#: तपाईंको नयाँ गाडी कस्तो छ?
#व्यक्ति२#: उत्तम। यसभन्दा राम्रो हुनै सक्दैन।
#व्यक्ति१#: तपाईं त्यसो किन भन्नुहुन्छ? के म तपाईंको नयाँ गाडी हेर्न सक्छु?
#व्यक्ति२#: पक्कै सक्नुहुन्छ। (कार्ललाई उसको ग्यारेजतर्फ लैजान्छ।)
#व्यक्ति१#: वाह, यो नयाँ गाडी त शानदार छ! यो चम्किलो, सुन्दर गाडी हो।
#व्यक्ति२#: मेरो गाडी साँच्चै उत्कृष्ट छ। यो सहज रूपमा चल्छ।
#व्यक्ति१#: गाडीका रेखाहरू निकै आकर्षक छन्। मलाई मन पर्यो।
#व्यक्ति२#: यो सुनेर मलाई खुसी लाग्यो। म यसबाट साँच्चै खुसी छु।
#व्यक्ति१#: तपाईंले राम्रो छनोट गर्नुभयो।",कार्लले #व्यक्ति२# को नयाँ गाडी देख्छन् र त्यसको प्रशंसा गर्छन्।,व्यक्ति १ले व्यक्ति २लाई प्रश्न गरे: तपाईंको नयाँ गाडी कस्तो छ? व्यक्ति २ले उत्तम भनेर प्रतिक्रिया दिए। व्यक्ति १ले तपाईं त्यसो किन भन्नुहुन्छ? के म तपाईंको नयाँ गाडी हेर्न सक्छु? व्यक्ति २ले पक्कै सक्नुहुन्छ भनेर प्रतिक्रिया दिए। व्यक्ति १ले व्यक्ति २लाई ग,व्यक्ति १ले व्यक्ति २लाई प्रश्न गरे: तपाईंको नयाँ गाडी कस्तो छ? व्यक्ति २ले उत्तम भनेर प्रतिक्रिया दिए। व्यक्ति १ले तपाईं त्यसो किन भन्नुहुन्छ? के म तपाईंको नयाँ गाडी हेर्न सक्छु? व्यक्ति २ले पक्कै सक्नुहुन्छ भनेर प्रतिक्रिया दिए। व्यक्ति १ले व्यक्ति २लाई ग,,
train_3132,English,historian,"#Person1#: This historian is famous in the field of Tang Dynasty.
 #Person2#: So he always sits above the salt when there is a seminar about it.
 #Person1#: Right, to be famous to be respectable in some way.
 #Person2#: You got it.",#Person1# and #Person2# talk about a famous historian.,"The historian is well-respected in the field of Tang Dynasty studies, as evidenced by their prominent seating at seminars. This suggests that being famous or well-known in a field can also imply a certain level of respectability.","The historian is well-respected in the field of Tang Dynasty studies, as evidenced by their prominent seating at seminars. This suggests that being famous or well-known in a field can also imply a certain level of respectability.",,
train_3132,Nepali,इतिहासकार,"#व्यक्ति१#: यो इतिहासकार ताङ वंशको क्षेत्रमा प्रसिद्ध छन्।
#व्यक्ति२#: त्यसैले यस विषयमा सेमिनार हुँदा उनी सधैं सम्मानित स्थानमा बस्छन्।
#व्यक्ति१#: हो, प्रसिद्ध हुनु भनेको कुनै न कुनै रूपमा सम्मानित हुनु हो।
#व्यक्ति२#: ठिक भन्यौ।",#व्यक्ति१# र #व्यक्ति२# एक प्रसिद्ध इतिहासकारको बारेमा कुरा गर्छन्।,सारांश: इतिहासकार ताङ वंशको क्षेत्रमा प्रसिद्ध छन्।,सारांश: इतिहासकार ताङ वंशको क्षेत्रमा प्रसिद्ध छन्।,,
train_3421,English,checking-up,"#Person1#: Hi, Mr. Smith. I'm Dr. Hawkins. Why are you here today?
 #Person2#: I thought it would be a good idea to get a check-up.
 #Person1#: Yes, well you haven't had one for. . . five years. You should have one every year.
 #Person2#: I know. I figure as long as there's nothing wrong, why go see the doctor?
 #Person1#: Well, the best way to avoid serious illnesses is to find out about them early. So, try to come at least once a year for your own good.
 #Person2#: O. K.
 #Person1#: Let me see here. Your eyes and ears look fine. Take a deep breath, please. Do you smoke, Mr. Smith?
 #Person2#: Yes.
 #Person1#: Smoking is the leading cause of lung cancer and heart disease, you know. You really should quit.
 #Person2#: I'Ve tried a hundred times, but I just can't seem to kick the habit.
 #Person1#: Well, we have classes and some medications that might help. I'll give you more information before you leave.
 #Person2#: O. K. , thanks, doctor.",Mr. Smith comes to have a check-up. Dr. Hawkins advises him to have one every year and recommends classes and some medications to help him quit smoking.,"Here is a two-sentence summary of the dialogue:

Dr. Hawkins advises Mr. Smith to have a check-up every year to catch any potential health issues early. Dr. Hawkins also expresses concern about Mr. Smith's smoking habit and offers to provide information about quitting and potential resources to help him.","Here is a two-sentence summary of the dialogue:

Dr. Hawkins advises Mr. Smith to have a check-up every year to catch any potential health issues early. Dr. Hawkins also expresses concern about Mr. Smith's smoking habit and offers to provide information about quitting and potential resources to help him.",,
train_3421,Nepali,स्वास्थ्य जाँच,"#व्यक्ति१#: नमस्कार, श्री स्मिथ। म डा. हकिन्स हुँ। तपाईं आज यहाँ किन आउनुभएको?
#व्यक्ति२#: स्वास्थ्य जाँच गराउनु राम्रो हुन्छ जस्तो लाग्यो।
#व्यक्ति१#: हो, तपाईंले... पाँच वर्षदेखि स्वास्थ्य जाँच गराउनुभएको छैन। तपाईंले हरेक वर्ष जाँच गराउनुपर्छ।
#व्यक्ति२#: मलाई थाहा छ। जबसम्म केही समस्या छैन, डाक्टरलाई भेट्न किन जानु भन्ने मलाई लाग्थ्यो।
#व्यक्ति१#: गम्भीर रोगबाट बच्ने उत्तम उपाय भनेको तिनलाई सुरुमै पत्ता लगाउनु हो। त्यसैले आफ्नो भलाइका लागि कम्तीमा वर्षमा एकपटक आउन प्रयास गर्नुहोस्।
#व्यक्ति२#: हुन्छ।
#व्यक्ति१#: ल, हेरौँ। तपाईंका आँखा र कान ठीक देखिन्छन्। कृपया गहिरो सास लिनुहोस्। श्री स्मिथ, तपाईं धूम्रपान गर्नुहुन्छ?
#व्यक्ति२#: हो।
#व्यक्ति१#: तपाईंलाई थाहा छ, धूम्रपान फोक्सोको क्यान्सर र मुटुरोगको प्रमुख कारण हो। तपाईंले साँच्चै छोड्नुपर्छ।
#व्यक्ति२#: मैले सयौँ पटक प्रयास गरेको छु, तर यो बानी छोड्न सकिरहेको छैन।
#व्यक्ति१#: ल, हामीसँग केही कक्षाहरू र केही औषधिहरू छन् जसले सहयोग गर्न सक्छन्। तपाईं जानुअघि म तपाईंलाई थप जानकारी दिनेछु।
#व्यक्ति२#: हुन्छ, धन्यवाद, डाक्टर।",श्री स्मिथ स्वास्थ्य जाँच गराउन आउँछन्। डा. हकिन्सले उनलाई हरेक वर्ष स्वास्थ्य जाँच गराउन सल्लाह दिन्छन् र धूम्रपान छोड्न सहयोग गर्न केही कक्षा तथा औषधिहरूको सिफारिस गर्छन्।,डा. हकिन्सले श्री स्मिथलाई स्वास्थ्य जाँच गराउने बारे सोधेका पछि त्यस्तो गर्नु राम्रो हुन्छ भन्दै श्री स्मिथलाई स्वास्थ्य जाँच गराउने बारे जानकारी दिए। श्री स्मिथले धूम्रपान गर्ने बारे सोधेका पछि डा. हकिन्सले धूम्रपानले क्यान्सर र मुटुरोगको प्रमुख कारण हो भन्दै,डा. हकिन्सले श्री स्मिथलाई स्वास्थ्य जाँच गराउने बारे सोधेका पछि त्यस्तो गर्नु राम्रो हुन्छ भन्दै श्री स्मिथलाई स्वास्थ्य जाँच गराउने बारे जानकारी दिए। श्री स्मिथले धूम्रपान गर्ने बारे सोधेका पछि डा. हकिन्सले धूम्रपानले क्यान्सर र मुटुरोगको प्रमुख कारण हो भन्दै,,
train_3425,English,airline policy,"#Person1#: Next please! Hello sir, may I see your passport please?
 #Person2#: Yes, here you go.
 #Person1#: Will you be checking any bags today.
 #Person2#: Yes, I'd like to check three pieces.
 #Person1#: I'm sorry, sir. Airline policy allows only two pieces of checked luggage, at twenty kilograms each, plus one piece of carry-on luggage. I will have to charge you extra for the additional suitcase.
 #Person2#: What? Why! I am taking an intercontinental flight! I'm flying sixteen thousand CMS! How am I supposed to only take two, twenty kilo bags? That's absurd!
 #Person1#: I am sorry, sir, there's nothing I can do. You cannot board the flight with that large bag either. Carry - on bags must fit in the over-head compartment or under your seat. That bag is clearly too big.
 #Person2#: Now I see. You charge next to nothing for an international ticket, but when it comes to charging for any other small thing, you charge an arm and a leg! So tell me, miss, how much will I have to pay for all of this.
 #Person1#: Let's see. . . six hundred and twenty-five US dollars.
 #Person2#: That's more than my round-trip ticket!","#Person2# wants to check three pieces of bags but #Person1# tells #Person2# only two pieces are allowed so the additional suitcase must be charged, which will cost more than #Person2#'s round-trip ticket. #Person2# gets enraged.","Here is a two-sentence summary of the dialogue:

The airline representative informs a passenger that he can only check two 20-kilogram bags due to airline policy, and must pay extra for the third bag. The passenger is upset and asks how much he will have to pay, and the representative quotes a fee of $625.","Here is a two-sentence summary of the dialogue:

The airline representative informs a passenger that he can only check two 20-kilogram bags due to airline policy, and must pay extra for the third bag. The passenger is upset and asks how much he will have to pay, and the representative quotes a fee of $625.",,
train_3425,Nepali,विमान कम्पनीको नियम,"#व्यक्ति१#: अर्को व्यक्ति आउनुहोस्! नमस्कार सर, कृपया आफ्नो राहदानी देखाउनुहोस्।
#व्यक्ति२#: हुन्छ, लिनुहोस्।
#व्यक्ति१#: आज तपाईं कुनै सामान जाँच गराउँदै हुनुहुन्छ?
#व्यक्ति२#: हो, म तीनवटा सामान जाँच गराउन चाहन्छु।
#व्यक्ति१#: माफ गर्नुहोस् सर। विमान कम्पनीको नियमअनुसार प्रत्येक यात्रुले बढीमा दुईवटा २० किलोसम्मका सामान र एउटा हातमा बोक्ने झोला मात्र लैजान पाउँछन्। थप झोलाको अतिरिक्त शुल्क लाग्नेछ।
#व्यक्ति२#: के? किन? म अन्तरमहादेशीय उडान गर्दैछु! म १६ हजार किलोमिटर यात्रा गर्दैछु! दुईवटा २० किलोका झोला मात्र कसरी पुग्छ? यो त हास्यास्पद हो!
#व्यक्ति१#: माफ गर्नुहोस् सर, मैले केही गर्न सक्दिनँ। त्यो ठूलो झोला पनि तपाईं विमानमा लैजान सक्नुहुन्न। हातमा बोक्ने झोला माथिको ठाउँ वा सिटमुनि अट्नुपर्छ। त्यो झोला स्पष्ट रूपमा धेरै ठूलो छ।
#व्यक्ति२#: अब मैले बुझें। अन्तर्राष्ट्रिय टिकटमा केही शुल्क लिँदैनन् जस्तो गर्छन्, तर साना कुरामा पनि धेरै महँगो शुल्क लिन्छन्! भन्नुहोस्, मैले कति तिर्नुपर्छ?
#व्यक्ति१#: हेरौँ... ६२५ अमेरिकी डलर।
#व्यक्ति२#: त्यो त मेरो आउने-जाने टिकटभन्दा पनि महँगो भयो!",#व्यक्ति२# ले तीनवटा झोला जाँच गराउन खोज्छन् तर #व्यक्ति१# ले दुईवटा मात्र अनुमति भएको बताउँछन्। थप झोलाको शुल्क तिर्नुपर्छ र #व्यक्ति२# रिसाउँछन्।,"व्यक्ति १ले व्यक्ति २लाई आफ्नो राहदानी देखाउने बारे सोध्दछ। व्यक्ति २ले तीनवटा सामान जाँच गराउन चाहन्छ, तर विमान कम्पनीको नियमअनुसार प्रत्येक यात्रुले बढीमा दुईवटा २० किलोसम्मका सामान र एउटा हातमा बोक्ने झोला मात्र लैजान पाउँछन्। व्यक्ति २ले विमान कम्पनीको","व्यक्ति १ले व्यक्ति २लाई आफ्नो राहदानी देखाउने बारे सोध्दछ। व्यक्ति २ले तीनवटा सामान जाँच गराउन चाहन्छ, तर विमान कम्पनीको नियमअनुसार प्रत्येक यात्रुले बढीमा दुईवटा २० किलोसम्मका सामान र एउटा हातमा बोक्ने झोला मात्र लैजान पाउँछन्। व्यक्ति २ले विमान कम्पनीको",,
train_360,English,cooking show,"#Person1#: Do you know who Ammo Hung is?
 #Person2#: Of course. He is now 50 years old. And he started out studying alembics, singing, dancing and martial arts at the age of nine, and has tarred in 140 kung fu films. He has also become an independent producer and director.
 #Person1#: You know only one aspect of him. Do you know what he would do in the kitchen?
 #Person2#: I have no idea. Tell me.
 #Person1#: In the kitchen, with his wife by his side he still puts on quite a dinner time show.
 #Person2#: What does he do there?
 #Person1#: Imagine a chef chopping vegetables on fast forward. Picture a man making a stir-fry, tossing the mixture up in the air, and then catching it, every last bit, in his work. And his culinary motto is'Enjoy the moment. 'If you want to know hey theycook, visit www. StudioClassroom. com. tw for the recipe.","#Person2# tells about the things #Person2# knows about Ammo Hung including his achievement and career, and #Person1# says Ammo Hung also puts on a cooking show and introduces it.","Here is a summary of the dialogue in two sentences:

Person 1 teases Person 2 for knowing only one aspect of Ammo Hung's life, and then reveals that Ammo Hung is a skilled cook who puts on a show in the kitchen with his wife. In the kitchen, Ammo Hung is known for his impressive cooking skills, including tossing a stir-fry mixture in the air and catching it, and his motto is ""Enjoy the moment.""","Here is a summary of the dialogue in two sentences:

Person 1 teases Person 2 for knowing only one aspect of Ammo Hung's life, and then reveals that Ammo Hung is a skilled cook who puts on a show in the kitchen with his wife. In the kitchen, Ammo Hung is known for his impressive cooking skills, including tossing a stir-fry mixture in the air and catching it, and his motto is ""Enjoy the moment.""",,
train_360,Nepali,,"#Person1#: के तपाईंलाई थाहा छ 'अमो हङ' (Ammo Hung) को हुन्?
#Person2#: पक्कै पनि। उनी अहिले ५० वर्षका भए। उनले नौ वर्षको उमेरमा अभिनय, गायन, नृत्य र मार्शल आर्ट्स सिक्न सुरु गरेका थिए र १४० वटा कुङ-फु चलचित्रहरूमा काम गरिसकेका छन्। उनी एक स्वतन्त्र निर्माता र निर्देशक पनि बनिसकेका छन्।
#Person1#: तपाईंलाई उनको एउटा पक्ष मात्र थाहा छ। के तपाईंलाई थाहा छ उनी भान्साकोठामा के गर्छन्?
#Person2#: मलाई कुनै जानकारी छैन। मलाई बताउनुहोस्।
#Person1#: भान्साकोठामा, आफ्नी श्रीमतीको साथमा, उनले साँझको खाना तयार पार्दा निकै रमाइलो प्रस्तुति देखाउँछन्।
#Person2#: उनी त्यहाँ के गर्छन्?
#Person1#: कल्पना गर्नुहोस् त, कुनै 'सेफ' (भान्से) ले तीव्र गतिमा (fast-forward) तरकारी काटिरहेको दृश्य। एउटा मानिस जसले 'स्टिर-फ्राइ' (stir-fry) बनाउँदैछ; उसले प्यानमा भएको परिकारलाई हावामा उछाल्छ र त्यसको हरेक टुक्रालाई पुनः समात्छ। अनि उनको पाक-कलासम्बन्धी मूल मन्त्र हो— 'क्षणको आनन्द लिनुहोस्'। यदि तपाईं उनीहरूले कसरी खाना पकाउँछन् भन्ने जान्न चाहनुहुन्छ भने, परिकार बनाउने विधि (recipe) का लागि www.StudioClassroom.com.tw मा जानुहोस्।",,"अमो हङ (Ammo Hung) ५० वर्षका भएका एक नेपाली अभिनेता, गायक, नृत्यकार र मार्शल आर्ट्सका विशेषज्ञ हुन्। उनले १४० वटा कुङ-फु चलचित्रहरूमा काम गरिसकेका छन् र एक स्वतन्त्र निर्माता र निर्देशक पनि बनिसकेका छन्। भान्साकोठामा उनले साँझको खाना तयार पार्दा निकै रमाइलो प्रस","अमो हङ (Ammo Hung) ५० वर्षका भएका एक नेपाली अभिनेता, गायक, नृत्यकार र मार्शल आर्ट्सका विशेषज्ञ हुन्। उनले १४० वटा कुङ-फु चलचित्रहरूमा काम गरिसकेका छन् र एक स्वतन्त्र निर्माता र निर्देशक पनि बनिसकेका छन्। भान्साकोठामा उनले साँझको खाना तयार पार्दा निकै रमाइलो प्रस",,
train_3656,English,consultation,"#Person1#: Good afternoon, how can I be of service today?
 #Person2#: My company wants to become involved in your Comprehensive Credit Granting. We are a very young company and I'm not at all sure if we meet your credit requirements.
 #Person1#: It is possible to take into account special circumstances, should the manager agree to it. If your credit rating has been class A in your initial trading period and your debt to asset ratio is sound, and then I'm sure the manager will see you to discuss it further. I'll set up a meeting for you.
 #Person2#: That would be wonderful. Thank you so much for all of your help.",#Person2#'s company wants to join Comprehensive Credit Granting. #Person1#'s manager may agree to take into account special circumstances.,"A company is interested in participating in a credit program, but is unsure if they meet the requirements due to being a young company. The representative from the credit program suggests that a meeting with the manager may be possible if the company's initial credit rating and debt-to-asset ratio are sound.","A company is interested in participating in a credit program, but is unsure if they meet the requirements due to being a young company. The representative from the credit program suggests that a meeting with the manager may be possible if the company's initial credit rating and debt-to-asset ratio are sound.",,
train_3656,Nepali,,"#Person1#: शुभ दिउँसो, आज म तपाईंलाई कसरी सहयोग गर्न सक्छु?
#Person2#: मेरो कम्पनी तपाईंहरूको 'कम्प्रेहेन्सिभ क्रेडिट ग्रान्टिङ' (Comprehensive Credit Granting) कार्यक्रममा सहभागी हुन चाहन्छ। हाम्रो कम्पनी भर्खरै स्थापना भएको हो, त्यसैले हामी तपाईंहरूको ऋणसम्बन्धी मापदण्डहरू पूरा गर्छौं वा गर्दैनौं भन्ने कुरामा मलाई पक्का थाहा छैन।
#Person1#: यदि प्रबन्धक सहमत हुनुभयो भने विशेष परिस्थितिहरूलाई पनि ध्यानमा राख्न सकिन्छ। यदि तपाईंको प्रारम्भिक कारोबारको अवधिमा क्रेडिट रेटिङ 'क्लास ए' (Class A) रहेको छ र तपाईंको ऋण-सम्पत्ति अनुपात (debt-to-asset ratio) राम्रो छ भने, मलाई विश्वास छ कि प्रबन्धकले यस विषयमा थप छलफल गर्न तपाईंलाई भेट्नुहुनेछ। म तपाईंको लागि भेटघाटको समय मिलाइदिनेछु।
#Person2#: यो त धेरै राम्रो हुनेछ। तपाईंको सम्पूर्ण सहयोगका लागि धेरै-धेरै धन्यवाद।",,कम्पनी 'कम्प्रेहेन्सिभ क्रेडिट ग्रान्टिङ' कार्यक्रममा सहभागी हुन चाहन्छ।,कम्पनी 'कम्प्रेहेन्सिभ क्रेडिट ग्रान्टिङ' कार्यक्रममा सहभागी हुन चाहन्छ।,,
train_3660,English,library,"#Person1#: May I help you?
 #Person2#: I'm returning a book.
 #Person1#: Do you need anything else?
 #Person2#: I also need to check out this video.
 #Person1#: This is all you want to check out?
 #Person2#: Just the video.
 #Person1#: I'm going to need your library card.
 #Person2#: I have it right here.
 #Person1#: You'll need to take care of the video.
 #Person2#: I will.
 #Person1#: We will fine you if you damage it.
 #Person2#: I get it. Thank you.",#Person2# returns a book and checks out a video with #Person1#'s assistance.,"Here is a summary of the dialogue in two sentences:

Person 2 returned a book and checked out a video at the library. They provided their library card and agreed to take care of the video, understanding that they would be fined if they damaged it.","Here is a summary of the dialogue in two sentences:

Person 2 returned a book and checked out a video at the library. They provided their library card and agreed to take care of the video, understanding that they would be fined if they damaged it.",,
train_3660,Nepali,लाइब्रेरी,"#Person1#: म तपाईंलाई सहयोग गर्न सक्छु?
 #Person2#: म किताब फर्काउँदैछु।
 #Person1#: अरू केही चाहिन्छ?
 #Person2#: म यो भिडियो पनि चेक आउट गर्न चाहन्छु।
 #Person1#: यति नै चेक आउट गर्न चाहनुहुन्छ?
 #Person2#: भिडियो मात्र।
 #Person1#: मलाई तपाईंको लाइब्रेरी कार्ड चाहिन्छ।
 #Person2#: मसँग ठीक यहाँ छ।
 #Person1#: तपाईंले भिडियोको हेरचाह गर्नुपर्नेछ।
 #Person2#: म गर्नेछु।
 #Person1#: यदि तपाईंले बिगार्नुभयो भने हामी जरिवाना लगाउनेछौं।
 #Person2#: बुझेँ। धन्यवाद।",#Person2# ले किताब फर्काउँछन् र #Person1# को सहयोगमा भिडियो चेक आउट गर्छन्।,"संवादमा दुई व्यक्तिहरू बीच भएको हेरचाह गर्ने कार्यलाई समावेश गरी सारांश यस प्रकार हो:

मलाई तपाईंको लाइब्रेरी कार्ड चाहिन्छ। तपाईंले भिडियोको हेरचाह गर्नुपर्नेछ। यदि तपाईंले बिगार्नुभयो भने हामी जरिवाना लगाउनेछौं।","संवादमा दुई व्यक्तिहरू बीच भएको हेरचाह गर्ने कार्यलाई समावेश गरी सारांश यस प्रकार हो:

मलाई तपाईंको लाइब्रेरी कार्ड चाहिन्छ। तपाईंले भिडियोको हेरचाह गर्नुपर्नेछ। यदि तपाईंले बिगार्नुभयो भने हामी जरिवाना लगाउनेछौं।",,
train_3706,English,concert,"#Person1#: Which film shall we see?
 #Person2#: There is nothing good at the moment. Let's do something different. Would you like to go to a concert?
 #Person1#: Yes, I'd love to. Here is a good one, Mozart and Beethoven. It's on the Festival Hall. Shall we go there?
 #Person2#: Fine! Do you want anything to eat now?
 #Person1#: No, I'm not hungry.
 #Person2#: Well, let's go and have something to drink instead. I know a good place. It's a little expensive, but it's fun.",#Person2# suggests going to a concert so #Person1# proposes going to the Festival Hall to watch Mozart and Beethoven. #Person2# then suggests going for a drink.,"Person 1 and Person 2 are deciding what to do and suggest going to a concert, specifically one featuring Mozart and Beethoven at the Festival Hall. They then decide to grab a drink at a nearby place, which is a bit expensive but fun.","Person 1 and Person 2 are deciding what to do and suggest going to a concert, specifically one featuring Mozart and Beethoven at the Festival Hall. They then decide to grab a drink at a nearby place, which is a bit expensive but fun.",,
train_3706,Nepali,कन्सर्ट,"#Person1#: हामी कुन फिल्म हेर्ने?
 #Person2#: अहिले केही राम्रो छैन। केही फरक गरौं। तपाईं कन्सर्ट जान चाहनुहुन्छ?
 #Person1#: हो, म चाहन्छु। यहाँ एउटा राम्रो छ, मोजार्ट र बिथोभेन। यो फेस्टिभल हलमा छ। हामी त्यहाँ जाऔं?
 #Person2#: ठिकै छ! तपाईं अहिले केही खान चाहनुहुन्छ?
 #Person1#: होइन, म भोको छैन।
 #Person2#: खैर, त्यसको सट्टा केही पिउन जाऔं। मलाई एउटा राम्रो ठाउँ थाहा छ। अलि महँगो छ, तर रमाइलो छ।",#Person2# ले कन्सर्ट जान सुझाउँछन् त्यसैले #Person1# ले फेस्टिभल हलमा मोजार्ट र बिथोभेन हेर्न प्रस्ताव गर्छन्। #Person2# त्यसपछि पिउन जान सुझाउँछन्।,संवादमा दुई व्यक्तिहरू बीचमा फिल्म हेर्ने विषयमा बिचार व्यक्त भएको पाईयो। त्यसपश्चात उनीहरू कन्सर्ट जाने विषयमा बिचार व्यक्त भएको पाईयो।,संवादमा दुई व्यक्तिहरू बीचमा फिल्म हेर्ने विषयमा बिचार व्यक्त भएको पाईयो। त्यसपश्चात उनीहरू कन्सर्ट जाने विषयमा बिचार व्यक्त भएको पाईयो।,,
train_3710,English,the Tokyo branch,"#Person1#: How were things in the Tokyo branch when you were there?
 #Person2#: Good! They have expanded and are doing better than they were last quarter. It's nice to see some improvement for a change.
 #Person1#: Do you see the trend continuing over the next few months?
 #Person2#: Yes, especially with so many of our executives going back and forth from here to Japan. The only problem is, they may have trouble when they go to open up business here.
 #Person1#: Why would you say that?
 #Person2#: They aren't too familiar with doing business outside of Japan. There are a lot of cultural differences to account for.
 #Person1#: I'll say! Sometimes they just do things really differently. But one thing I can say, they are really hospitable.
 #Person2#: Have you ever been to Japan?
 #Person1#: Sure! I just got back yesterday. I'm still suffering from jet lag.","#Person2# tells #Person1# that the Tokyo branch #Person2# worked for has expanded and is doing better than before, but they have trouble doing business outside of Japan because of cultural differences.","Here is a summary of the dialogue in two sentences:

The Tokyo branch is doing well and is expected to continue improving, but there may be challenges when Japanese executives try to open up business in other locations due to cultural differences. The executives are not familiar with doing business outside of Japan and may struggle with the differences.","Here is a summary of the dialogue in two sentences:

The Tokyo branch is doing well and is expected to continue improving, but there may be challenges when Japanese executives try to open up business in other locations due to cultural differences. The executives are not familiar with doing business outside of Japan and may struggle with the differences.",,
train_3710,Nepali,टोकियो शाखा,"#Person1#: तपाईं त्यहाँ हुँदा टोकियो शाखाको अवस्था कस्तो थियो? 
 #Person2#: राम्रो! उनीहरूले आफ्नो कार्यक्षेत्र विस्तार गरेका छन् र गत त्रैमासिकको तुलनामा अझ राम्रो गरिरहेका छन्। केही सुधार देख्न पाउनु सुखद कुरा हो। 
 #Person1#: के यो क्रम आगामी केही महिनासम्म पनि जारी रहने देख्नुहुन्छ? 
 #Person2#: हो, विशेष गरी हाम्रा धेरै कार्यकारीहरू यहाँ र जापानबीच ओहोरदोहोर गरिरहेकाले यस्तो देखिन्छ। एउटा मात्र समस्या के छ भने, यहाँ व्यवसाय सुरु गर्दा उनीहरूलाई कठिनाइ हुन सक्छ। 
 #Person1#: तपाईंले त्यसो किन भन्नुभयो? 
 #Person2#: उनीहरू जापानबाहिर व्यवसाय गर्ने कुरामा त्यति अभ्यस्त छैनन्। यसमा धेरै सांस्कृतिक भिन्नताहरूलाई ध्यानमा राख्नुपर्ने हुन्छ। 
 #Person1#: पक्कै पनि! कहिलेकाहीँ उनीहरू काम गर्ने तरिका साँच्चै फरक हुन्छ। तर एउटा कुरा भन्नैपर्छ, उनीहरू निकै आतिथ्यपूर्ण हुन्छन्। 
 #Person2#: के तपाईं कहिल्यै जापान जानुभएको छ? 
 #Person1#: अवश्य! म हिजो मात्र फर्किएँ। मलाई अझै 'जेट ल्याग' (लामो हवाई यात्रापछिको शारीरिक थकान) को असर महसुस भइरहेको छ।","#Person2# ले #Person1# लाई बताउँछन् कि आफूले काम गरेको टोकियो शाखा विस्तार भएको छ र पहिलेभन्दा राम्रो गरिरहेको छ, तर सांस्कृतिक भिन्नताका कारण जापानबाहिर व्यापार गर्न उनीहरूलाई कठिनाइ भइरहेको छ।",टोकियो शाखा राम्रो अवस्थामा छ र कार्यक्षेत्र विस्तार गरेको छ। कार्यकारीहरू जापानबाहिर व्यवसाय गर्ने कुरामा कठिनाइ हुन सक्छ। उनीहरू जापानबाहिर व्यवसाय गर्ने कुरामा सांस्कृतिक भिन्नताहरू ध्यानमा राख्नुपर्ने हुन्छ। उनीहरू निकै आतिथ्यपूर्ण हुन्छन्।,टोकियो शाखा राम्रो अवस्थामा छ र कार्यक्षेत्र विस्तार गरेको छ। कार्यकारीहरू जापानबाहिर व्यवसाय गर्ने कुरामा कठिनाइ हुन सक्छ। उनीहरू जापानबाहिर व्यवसाय गर्ने कुरामा सांस्कृतिक भिन्नताहरू ध्यानमा राख्नुपर्ने हुन्छ। उनीहरू निकै आतिथ्यपूर्ण हुन्छन्।,,
train_3742,English,ask for directions,"#Person1#: Excuse me. Where is Martin Luther King School?
 #Person2#: What?
 #Person1#: Where is Martin...?
 #Person2#: Wait a minute. Let me turn off my car. Now, what were you saying?
 #Person1#: Where is Martin Luther King School?
 #Person2#: Hum...Go along the road and turn right.
 #Person1#: Wait. I have a map.
 #Person2#: Good. Look, we're here and there's the school.
 #Person1#: I see. I just go along the road.
 #Person2#: Then turn right.
 #Person1#: Turn right and go straight.
 #Person2#: Martin Luther King School is next to the bank.
 #Person1#: Wonderful, thank you.
 #Person2#: You're welcome.",#Person2# tells #Person1# how to get to Martin Luther King School.,"Here is a summary of the dialogue in two sentences:

Person 1 asks Person 2 for directions to Martin Luther King School, and Person 2 provides them with instructions to turn right and go straight. Person 1 thanks Person 2 for the directions, which include the additional information that the school is next to the bank.","Here is a summary of the dialogue in two sentences:

Person 1 asks Person 2 for directions to Martin Luther King School, and Person 2 provides them with instructions to turn right and go straight. Person 1 thanks Person 2 for the directions, which include the additional information that the school is next to the bank.",,
train_3742,Nepali,बाटो सोध्नु,"#व्यक्ति१#:	माफ गर्नुहोस्। मार्टिन लुथर किङ विद्यालय कहाँ छ?
#व्यक्ति२#:	के?
#व्यक्ति१#:	मार्टिन...?
#व्यक्ति२#:	एक मिनेट पर्खनुहोस्। मलाई आफ्नो गाडी बन्द गर्न दिनुहोस्। अब, तपाईं के भन्दै हुनुहुन्थ्यो?
#व्यक्ति१#:	मार्टिन लुथर किङ विद्यालय कहाँ छ?
#व्यक्ति२#:	हम्म... सडकमा अगाडि जानुहोस् र दायाँ मोडिनुहोस्।
#व्यक्ति१#:	पर्खनुहोस्। मसँग नक्सा छ।
#व्यक्ति२#:	राम्रो। हेर्नुहोस्, हामी यहाँ छौँ र विद्यालय त्यहाँ छ।
#व्यक्ति१#:	मैले देखेँ। म सडकमा अगाडि मात्र जान्छु।
#व्यक्ति२#:	त्यसपछि दायाँ मोडिनुहोस्।
#व्यक्ति१#:	दायाँ मोडेर सिधा जानुहोस्।
#व्यक्ति२#:	मार्टिन लुथर किङ विद्यालय बैंकको छेउमा छ।
#व्यक्ति१#:	उत्कृष्ट, धन्यवाद।
#व्यक्ति२#:	स्वागत छ।
",#व्यक्ति२# ले #व्यक्ति१# लाई मार्टिन लुथर किङ विद्यालयमा कसरी पुग्ने भनेर बताउँछन्।,मार्टिन लुथर किङ विद्यालय सडकमा अगाडि जाने र दायाँ मोडेर सिधा जाने बैंकको छेउमा छ।,मार्टिन लुथर किङ विद्यालय सडकमा अगाडि जाने र दायाँ मोडेर सिधा जाने बैंकको छेउमा छ।,,
train_3772,English,egg tarts,"#Person1#: Hmm. You have three cameras. Are you a photographer?
 #Person2#: No, my company makes cameras. Well, I'm also a photographer, but two of these are for our display.
 #Person1#: I see. And what's in this bag?
 #Person2#: Egg tarts.
 #Person1#: I thought you said you didn't have any food with you today.
 #Person2#: I thought you meant vegetables and meat when you asked me. Things like that. I don't have any vegetables.
 #Person1#: I'm sorry, Mr. Lee. Egg tarts are food too. We will have to confiscate these.
 #Person2#: Confiscate?
 #Person1#: Yes, we will have to dispose of them.
 #Person2#: It's too bad. They are very delicious.
 #Person1#: I know. One out of every three travelers from Taiwan seems to be carrying them. They are being smuggled in by the thousands.
 #Person2#: Oh, well. Not by me.
 #Person1#: No, not today at least. Enjoy your visit to the United States, Mr. Lee.
 #Person2#: Thank you.",Mr. Lee is checked when entering the USA and he has egg tarts in his bag. #Person1# will have to confiscate and dispose them.,"Here is a two-sentence summary of the dialogue:

Person 1, a customs officer, discovers that Person 2, Mr. Lee, is carrying egg tarts, which are considered food and subject to confiscation. Mr. Lee explains that he thought the officer meant non-perishable food items, and the officer confiscates the egg tarts, citing a large smuggling problem involving Taiwanese travelers.","Here is a two-sentence summary of the dialogue:

Person 1, a customs officer, discovers that Person 2, Mr. Lee, is carrying egg tarts, which are considered food and subject to confiscation. Mr. Lee explains that he thought the officer meant non-perishable food items, and the officer confiscates the egg tarts, citing a large smuggling problem involving Taiwanese travelers.",,
train_3772,Nepali,अण्डाको टार्ट,"#व्यक्ति१#:	हम्म। तपाईंसँग तीनवटा क्यामेरा छन्। के तपाईं फोटोग्राफर हुनुहुन्छ?
#व्यक्ति२#:	होइन, मेरो कम्पनीले क्यामेरा बनाउँछ। खैर, म पनि फोटोग्राफर हुँ, तर यीमध्ये दुईवटा हाम्रो प्रदर्शनका लागि हुन्।
#व्यक्ति१#:	बुझेँ। अनि यो झोलामा के छ?
#व्यक्ति२#:	अण्डाका टार्टहरू।
#व्यक्ति१#:	तपाईंले आज आफूसँग कुनै खाना छैन भन्नुभएको थियो जस्तो मलाई लागेको थियो।
#व्यक्ति२#:	तपाईंले मलाई सोध्दा तपाईंले तरकारी र मासुको कुरा गर्नुभएको हो भन्ने मैले सोचेँ। त्यस्ता चीजहरू। मसँग कुनै तरकारी छैन।
#व्यक्ति१#:	माफ गर्नुहोस्, श्री ली। अण्डाका टार्टहरू पनि खाना हुन्। हामीले यी जफत गर्नुपर्नेछ।
#व्यक्ति२#:	जफत गर्ने?
#व्यक्ति१#:	हो, हामीले यी नष्ट गर्नुपर्नेछ।
#व्यक्ति२#:	दुःखको कुरा हो। यी धेरै स्वादिष्ट छन्।
#व्यक्ति१#:	मलाई थाहा छ। ताइवानबाट आउने प्रत्येक तीन यात्रुमध्ये एकजनाले यी बोकेको देखिन्छ। हजारौँको सङ्ख्यामा यी तस्करी गरेर ल्याइँदैछन्।
#व्यक्ति२#:	ओहो, जे होस्। मबाट चाहिँ होइन।
#व्यक्ति१#:	होइन, कम्तीमा आज त होइन। संयुक्त राज्य अमेरिकाको तपाईंको भ्रमण रमाइलो होस्, श्री ली।
#व्यक्ति२#:	धन्यवाद।
",श्री लीलाई संयुक्त राज्य अमेरिका प्रवेश गर्दा जाँच गरिन्छ र उनको झोलामा अण्डाको टार्ट हुन्छ। #व्यक्ति१# ले ती जफत गरेर नष्ट गर्नुपर्ने हुन्छ।,तपाईंले मलाई सोध्दा तपाईंले तरकारी र मासुको कुरा गर्नुभएको हो भन्ने मैले सोचेँ। त्यस्ता चीजहरू।,तपाईंले मलाई सोध्दा तपाईंले तरकारी र मासुको कुरा गर्नुभएको हो भन्ने मैले सोचेँ। त्यस्ता चीजहरू।,,
train_3773,English,try a dress,"#Person1#: Can I try this dress on?
 #Person2#: Sure. the fitting room is right behind you.
 #Person1#: Well, I like the styte, but I don't think the color fits me. Could you bring me a green one?
 #Person2#: Sure, wait a moment.",#Person2# serves #Person1# to try the dress on.,"The customer wants to try on a dress, but is unsure about the color. The sales associate agrees to bring a different color, specifically green.","The customer wants to try on a dress, but is unsure about the color. The sales associate agrees to bring a different color, specifically green.",,
train_3773,Nepali,पोसाक लगाएर हेर्नु,"#व्यक्ति१#: के म यो पोसाक लगाएर हेर्न सक्छु?
#व्यक्ति२#: अवश्य। परीक्षण गर्ने कोठा तपाईंको पछाडि छ।
#व्यक्ति१#: मलाई यसको शैली मन पर्यो, तर रङ मलाई सुहाउँदैन जस्तो लाग्यो। के तपाईं हरियो रङको एउटा ल्याइदिन सक्नुहुन्छ?
#व्यक्ति२#: अवश्य, एकछिन पर्खनुहोस्।",#व्यक्ति२# ले #व्यक्ति१# लाई पोसाक लगाएर हेर्न सहयोग गर्छन्।,"व्यक्ति १ले व्यक्ति २लाई पोसाक लगाएर हेर्ने बारे पूछ्यो । व्यक्ति २ले परीक्षण गर्ने कोठा तपाईंको पछाडि छ भनी जवाब दियो । व्यक्ति १ले यसको शैली मन पर्यो तर रङ मलाई सुहाउँदैन जस्तो लाग्यो । व्यक्ति २ले अवश्य, एकछिन पर्खनुहोस् भनी जवाब दियो ।","व्यक्ति १ले व्यक्ति २लाई पोसाक लगाएर हेर्ने बारे पूछ्यो । व्यक्ति २ले परीक्षण गर्ने कोठा तपाईंको पछाडि छ भनी जवाब दियो । व्यक्ति १ले यसको शैली मन पर्यो तर रङ मलाई सुहाउँदैन जस्तो लाग्यो । व्यक्ति २ले अवश्य, एकछिन पर्खनुहोस् भनी जवाब दियो ।",,
train_3777,English,use the phone,"#Person1#: I need help figuring out how to use this phone.
 #Person2#: Sure. First you pick up the receiver and hit one of the first 3 buttons. Do you hear a tone?
 #Person1#: Yes, I hear the tone.
 #Person2#: OK. Now you dial 9 on the keypad. Do you hear the tone change?
 #Person1#: Yes, it changed.
 #Person2#: Well, when you hear it change, that means you have an outside line. Where are you trying to call?
 #Person1#: I am trying to call home.
 #Person2#: OK. Well, to dial to the outside you just now dial the number. For a call inside the company just hit the extension number. Do you know the extensions?
 #Person1#: Yes, I have a list of extensions.
 #Person2#: Well, if you ever need help with an extension, you can dial O.",#Person2# shows #Person1# how to use the phone. #Person2# also tells #Person1# #Person1# can dial 0 if #Person1# needs help with an extension.,"Here is a summary of the dialogue in two sentences:

Person 2 helps Person 1 use the phone by explaining how to dial an outside line and an extension. Person 1 is trying to call home and has a list of extensions, and Person 2 provides additional assistance on how to use the extension feature.","Here is a summary of the dialogue in two sentences:

Person 2 helps Person 1 use the phone by explaining how to dial an outside line and an extension. Person 1 is trying to call home and has a list of extensions, and Person 2 provides additional assistance on how to use the extension feature.",,
train_3777,Nepali,,"#Person1#: यो फोन कसरी चलाउने भन्ने कुरा बुझ्न मलाई मद्दत चाहिन्छ।
#Person2#: हुन्छ। पहिले रिसिभर उठाउनुहोस् र सुरुका ३ वटा बटनमध्ये एउटा थिच्नुहोस्। के तपाईंले कुनै टोन सुन्नुभयो?
#Person1#: हजुर, मैले टोन सुनें।
#Person2#: ठीक छ। अब किप्याडमा ९ डायल गर्नुहोस्। के तपाईंले टोनमा परिवर्तन भएको सुन्नुभयो?
#Person1#: हजुर, परिवर्तन भयो।
#Person2#: टोन परिवर्तन भएको सुन्नुभयो भने, त्यसको अर्थ तपाईंले बाहिरी लाइन पाउनुभयो भन्ने हो। तपाईं कहाँ फोन गर्न खोज्दै हुनुहुन्छ?
#Person1#: म घरमा फोन गर्न खोज्दै छु।
#Person2#: ठीक छ। बाहिर फोन गर्नका लागि अब सिधै नम्बर डायल गर्नुहोस्। कम्पनीभित्रै फोन गर्नका लागि भने एक्सटेन्सन नम्बर मात्र थिचे पुग्छ। के तपाईंलाई एक्सटेन्सन नम्बरहरू थाहा छ?
#Person1#: हजुर, मसँग एक्सटेन्सनहरूको सूची छ।
#Person2#: हुन्छ, यदि तपाईंलाई एक्सटेन्सनसम्बन्धी कुनै मद्दत चाहिएमा, तपाईं '०' (शून्य) डायल गर्न सक्नुहुन्छ।",,फोन चलाउने तरिका बुझ्ने कुरा बुझ्ने काममा मद्दत गर्ने कुरा बुझ्ने काममा मद्दत गर्ने कुरा बुझ्ने काममा मद्दत गर्ने कुरा बुझ्ने काममा मद्दत गर्ने कुरा बुझ्ने काममा मद्दत गर्ने कुरा बुझ्ने काममा मद्दत गर्ने कुरा बुझ्ने काममा मद्दत गर्ने कुरा बुझ्ने काममा मद्दत गर्ने क,फोन चलाउने तरिका बुझ्ने कुरा बुझ्ने काममा मद्दत गर्ने कुरा बुझ्ने काममा मद्दत गर्ने कुरा बुझ्ने काममा मद्दत गर्ने कुरा बुझ्ने काममा मद्दत गर्ने कुरा बुझ्ने काममा मद्दत गर्ने कुरा बुझ्ने काममा मद्दत गर्ने कुरा बुझ्ने काममा मद्दत गर्ने कुरा बुझ्ने काममा मद्दत गर्ने क,,
train_3784,English,have a stomachache,"#Person1#: Now, can anyone summarize the main idea of the passage? Yes, Jessie, please?
 #Person2#: I'm sorry.
 #Person1#: You look pale, Jessie. Are you all right?
 #Person2#: No, I'm not feeling well. Mr. Brown.
 #Person1#: What seems to be the problem?
 #Person2#: I guess I ate something bad at lunch.
 #Person1#: And you have a stomachache now?
 #Person2#: Yes, I think so.
 #Person1#: Can you walk to the school clinic? Or shall I send for the doctor?
 #Person2#: No, thanks. It doesn't matter too much. I will go to the doctor after class.
 #Person1#: Ok. I'll finish the class in a minute. Then I'll send you to the clinic.
 #Person2#: Thank you so much. Mr. Brown.
 #Person1#: Don't mention it.",Jessie isn't feeling well because she may ate something bad. Mr. Brown will finish the class in minutes and send her to the clinic.,"Here is a summary of the dialogue in two sentences:

Jessie, who is feeling unwell, tells Mr. Brown that she thinks she ate something bad at lunch and is experiencing a stomachache. Mr. Brown offers to send her to the school clinic, but Jessie declines, saying she will go to the doctor after class.","Here is a summary of the dialogue in two sentences:

Jessie, who is feeling unwell, tells Mr. Brown that she thinks she ate something bad at lunch and is experiencing a stomachache. Mr. Brown offers to send her to the school clinic, but Jessie declines, saying she will go to the doctor after class.",,
train_3784,Nepali,पेट दुख्नु,"#व्यक्ति१#: अब, कसैले यस पाठको मुख्य विचारको सारांश दिन सक्छ? हो, जेसी, भन।
#व्यक्ति२#: माफ गर्नुहोस्।
#व्यक्ति१#: जेसी, तिमी फिक्का देखिन्छौ। तिमी ठीक छौ?
#व्यक्ति२#: होइन, मलाई सन्चो छैन, श्रीमान् ब्राउन।
#व्यक्ति१#: समस्या के जस्तो देखिन्छ?
#व्यक्ति२#: मलाई लाग्छ मैले दिउँसोको खानामा केही बिग्रिएको कुरा खाएँ।
#व्यक्ति१#: अनि अहिले तिम्रो पेट दुखिरहेको छ?
#व्यक्ति२#: हो, मलाई त्यस्तै लाग्छ।
#व्यक्ति१#: के तिमी विद्यालयको स्वास्थ्य केन्द्रसम्म हिँडेर जान सक्छौ? कि म डाक्टरलाई बोलाइदिऊँ?
#व्यक्ति२#: होइन, धन्यवाद। त्यति धेरै समस्या छैन। म कक्षा सकिएपछि डाक्टरकहाँ जान्छु।
#व्यक्ति१#: ठीक छ। म एक मिनेटमा कक्षा समाप्त गर्छु। त्यसपछि म तिमीलाई स्वास्थ्य केन्द्रमा पठाउँछु।
#व्यक्ति२#: धेरै धेरै धन्यवाद, श्रीमान् ब्राउन।
#व्यक्ति१#: केही भन्नुपर्दैन।",जेसीलाई आफूले खराब खाना खाएको हुन सक्ने भएकाले सन्चो छैन। श्री ब्राउन केही मिनेटमा कक्षा समाप्त गरेर उनलाई स्वास्थ्य केन्द्रमा लैजानेछन्।,व्यक्ति १ले व्यक्ति २लाई स्वास्थ्य केन्द्रमा जाने बारे भन्यो ।,व्यक्ति १ले व्यक्ति २लाई स्वास्थ्य केन्द्रमा जाने बारे भन्यो ।,,
train_3834,English,look for someone,"#Person1#: Have you seen Dan the Bear?
 #Person2#: No, I haven't.
 #Person1#: Oh, well, he supposed to give his performance in 10 minutes. All the kids are waiting for him to sing.
 #Person2#: Maybe he's out by the fish tank, giving away balloons and talking with the dolphin trainers. Did you check there?
 #Person1#: Yes, I did, but they said they hadn't seen him. If you see him, please tell him that he's needed on the small stage as soon as possible.
 #Person2#: OK. I'll send a radio message out to all of the security officers and have them look for him. I'm sure he's on his way right now.
 #Person1#: Great. Thank you so much for your help. Will I see you at the bar after work tonight?
 #Person2#: Yes, but a bit later. I want to get a haircut and change clothes first.
 #Person1#: Great. I'll buy you a drink if you can get Dan the Bear on stage on time.
 #Person2#: OK. It's a deal.",#Person1# is looking for Dan the Bear because he's supposed to give his performance in 10 minutes. #Person2# promises to help to look for him.,"Person 1 is looking for Dan the Bear, who is supposed to perform in 10 minutes, and asks Person 2 to help find him. Person 2 agrees to help and suggests checking the area by the fish tank, and then offers to send a radio message to security officers to look for Dan.","Person 1 is looking for Dan the Bear, who is supposed to perform in 10 minutes, and asks Person 2 to help find him. Person 2 agrees to help and suggests checking the area by the fish tank, and then offers to send a radio message to security officers to look for Dan.",,
train_3834,Nepali,कसैलाई खोज्नु,"#Person1#: के तपाईंले ड्यान द बियर देख्नुभएको छ?
 #Person2#: होइन, देखेको छैन।
 #Person1#: ओह, खैर, उनी १० मिनेटमा प्रदर्शन गर्नुपर्ने हो। सबै बच्चाहरू उनको गीत सुन्न पर्खिरहेका छन्।
 #Person2#: सायद उनी माछा ट्याङ्क नजिक छन्, बलुन बाँड्दै र डल्फिन प्रशिक्षकसँग कुरा गर्दै। तपाईंले त्यहाँ जाँच गर्नुभयो?
 #Person1#: हो, गरेँ, तर उनीहरूले देखेको छैनन् भने। यदि तपाईंले देख्नुभयो भने, कृपया उनलाई सानो स्टेजमा जतिसक्दो चाँडो चाहिन्छ भन्नुहोस्।
 #Person2#: ठिकै छ। म सबै सुरक्षा अधिकारीहरूलाई रेडियो सन्देश पठाएर खोज्न लगाउँछु। म पक्का छु उनी अहिले आउँदैछन्।
 #Person1#: राम्रो। तपाईंको सहयोगका लागि धेरै धन्यवाद। के म तपाईंलाई आज राति कामपछि बारमा भेट्नेछु?
 #Person2#: हो, तर अलि ढिलो। म पहिले कपाल काट्न र कपडा फेर्न चाहन्छु।
 #Person1#: राम्रो। यदि तपाईं ड्यान द बियरलाई समयमै स्टेजमा पुर्‍याउन सक्नुभयो भने म तपाईंलाई पेय किन्दिन्छु।
 #Person2#: ठिकै छ। सम्झौता भयो।",#Person1# ड्यान द बियर खोज्दैछन् किनकि उनी १० मिनेटमा प्रदर्शन गर्नुपर्ने हो। #Person2# खोज्न मद्दत गर्ने वाचा गर्छन्।,ड्यान द बियरलाई स्टेजमा पुर्‍याउने काममा व्यस्त देखिएको छ।,ड्यान द बियरलाई स्टेजमा पुर्‍याउने काममा व्यस्त देखिएको छ।,,
train_3886,English,a notice,"#Person1#: Hi Judy. Did you see this notice in the dining hall?
 #Person2#: Yeah, Sam. I don't like it. I usually sit here and talk with my friends after lunch until my first class at 2:00 in the afternoon. Now we have to find someplace else to go.
 #Person1#: But we have lots of other places to go. We can go to the school park.
 #Person2#: That means carrying all my books.
 #Person1#: But they explain this will help keep the cost of food down and we can save some extra money.","Judy isn't happy that she cannot sit in the dining hall after lunch, but Sam thinks it can help save some money.","Here is a summary of the dialogue in two sentences:

Judy (Person2) is unhappy about a notice in the dining hall that is changing the rules for students who want to socialize after lunch. Sam (Person1) suggests that they can still hang out at the school park, but Judy points out that this would be inconvenient because she would have to carry her books.","Here is a summary of the dialogue in two sentences:

Judy (Person2) is unhappy about a notice in the dining hall that is changing the rules for students who want to socialize after lunch. Sam (Person1) suggests that they can still hang out at the school park, but Judy points out that this would be inconvenient because she would have to carry her books.",,
train_3886,Nepali,,"#Person1#: नमस्ते जुडी। के तिमीले डाइनिङ हलमा भएको यो सूचना देख्यौ?
 #Person2#: अँ, साम। मलाई यो मन परेन। म प्रायः दिउँसोको खानापछि २ बजे हुने मेरो पहिलो कक्षा सुरु नभएसम्म यहीं बसेर साथीहरूसँग कुराकानी गर्छु। अब हामीले बस्नका लागि अर्कै ठाउँ खोज्नुपर्ने भयो।
 #Person1#: तर हामीसँग जाने अन्य धेरै ठाउँहरू छन् नि। हामी स्कुलको पार्कमा जान सक्छौं।
 #Person2#: त्यसको अर्थ त मेरा सबै किताबहरू बोकेर हिँड्नुपर्ने भयो नि।
 #Person1#: तर उनीहरूले बताएअनुसार यसले खानाको मूल्य कम राख्न मद्दत गर्नेछ र हामीले केही अतिरिक्त पैसा बचत गर्न सक्नेछौं।",,संवादमा दुई मित्रहरू बीच एक डाइनिङ हलमा भएको सूचना देखेर त्यसको लागि जाने बारे कुराकानी गरेको देखिन्छ।,संवादमा दुई मित्रहरू बीच एक डाइनिङ हलमा भएको सूचना देखेर त्यसको लागि जाने बारे कुराकानी गरेको देखिन्छ।,,
train_3958,English,public bathroom,"#Person1#: Egg, this bathroom is a pigsty!
 #Person2#: Helen, why do you keep flushing the toilet? What's wrong?
 #Person1#: I just can't stand it. It's really gross in here! There's a stain on the toilet seat, and the floor was wet and slippery. So I cleaned it!
 #Person2#: You did what? Helen, I know it's gross, but I've seen many public washrooms that are much worse. Why are you cleaning the counter top? are you out of your mind?
 #Person1#: I can't help myself ; it's just so disgusting in here!
 #Person2#: Helen, this is not like your own bathroom. Just leave it to the cleaners, okay?
 #Person1#: Hang on. I'm just gonna quickly wipe the sink and sweep the floor.
 #Person2#: You're such a neat freak! I'm outta here!",Helen cannot stand the mess of the public bathroom and keeps cleaning it. Egg tries to stop her but Helen won't listen.,"Helen is frustrated with the state of the bathroom and decides to clean it herself, despite her friend's advice to leave it to the cleaners. Her friend is annoyed by her actions and labels her a ""neat freak"" before leaving.","Helen is frustrated with the state of the bathroom and decides to clean it herself, despite her friend's advice to leave it to the cleaners. Her friend is annoyed by her actions and labels her a ""neat freak"" before leaving.",,
train_3958,Nepali,सार्वजनिक बाथरुम,"#व्यक्ति१#: एग, यो बाथरुम त सुँगुर बस्ने ठाउँ जस्तै फोहोर छ!
#व्यक्ति२#: हेलेन, तिमी किन बारम्बार शौचालय फ्लस गरिरहेकी छौ? के समस्या छ?
#व्यक्ति१#: म यसलाई सहन सक्दिनँ। यहाँ धेरै फोहोर छ! शौचालयको सिटमा दाग छ र भुइँ भिजेको तथा चिप्लो छ। त्यसैले मैले सफा गरेँ!
#व्यक्ति२#: तिमीले के गर्‍यौ? हेलेन, मलाई थाहा छ यो फोहोर छ, तर मैले यसभन्दा धेरै खराब सार्वजनिक शौचालयहरू पनि देखेको छु। तिमी काउन्टर किन सफा गर्दैछौ? के तिमी पागल भएकी छौ?
#व्यक्ति१#: म आफूलाई रोक्न सक्दिनँ; यहाँ यति घिनलाग्दो छ!
#व्यक्ति२#: हेलेन, यो तिम्रो आफ्नै बाथरुम होइन। सफाइ गर्ने मानिसहरूलाई गर्न देऊ, हुन्छ?
#व्यक्ति१#: एकछिन पर्ख। म छिट्टै सिङ्क पुछ्छु र भुइँ पनि बुहार्छु।
#व्यक्ति२#: तिमी त साँच्चै सफाइमा धेरै ध्यान दिने मान्छे रहिछौ! म यहाँबाट जाँदैछु।",हेलेन सार्वजनिक बाथरुमको फोहोर सहन सक्दिनन् र सफा गर्न थाल्छिन्। एगले रोक्न खोजे पनि हेलेन मान्दिनन्।,सारांश: शौचालयमा फोहोर छ र त्यसैले व्यक्ति १ले सफाइ गरेकी थिइन्।,सारांश: शौचालयमा फोहोर छ र त्यसैले व्यक्ति १ले सफाइ गरेकी थिइन्।,,
train_396,English,dinner invitation,"#Person1#: Hello, is Jack there?
 #Person2#: Speaking.
 #Person1#: Jack! It's Rose here.
 #Person2#: Hi, Rose. How's everything?
 #Person1#: Fine, thanks. I'm having several friends over for dinner this Saturday. And I was wondering if you have the time to join us.
 #Person2#: Sounds good. What time do you want me to come?
 #Person1#: Is six o'clock okay?",Rose calls Jack and invites him for dinner this Saturday.,"Rose is inviting Jack to dinner at her place on Saturday, and Jack agrees to come. They discuss the time, and Rose suggests 6 o'clock.","Rose is inviting Jack to dinner at her place on Saturday, and Jack agrees to come. They discuss the time, and Rose suggests 6 o'clock.",,
train_396,Nepali,डिनर निम्तो,"#Person1#: हेलो, ज्याक त्यहाँ हुनुहुन्छ?
 #Person2#: बोल्दैछु।
 #Person1#: ज्याक! म रोज हुँ।
 #Person2#: हाइ, रोज। सबै ठिक छ?
 #Person1#: राम्रो छ, धन्यवाद। यो शनिबार म केही साथीहरूलाई डिनरमा बोलाउँदैछु। र म सोच्दै थिएँ कि तपाईंलाई हामीसँग सामेल हुने समय छ कि छैन।
 #Person2#: राम्रो लाग्छ। मलाई कति बजे आउन भन्नुहुन्छ?
 #Person1#: छ बजे ठिक छ?",रोजले ज्याकलाई फोन गरेर यो शनिबार डिनरमा निम्तो दिन्छिन्।,रोजले ज्याकलाई शनिबार डिनरमा बुलाएको थियो र ज्याकले त्यसको लागि तयारी गर्ने भनेको थियो।,रोजले ज्याकलाई शनिबार डिनरमा बुलाएको थियो र ज्याकले त्यसको लागि तयारी गर्ने भनेको थियो।,,
train_4026,English,go camping,"#Person1#: So, what should we take?
 #Person2#: I'm going to take my guitar.
 #Person1#: Great! And I'm going to take my CD player.
 #Person2#: You'd better take lots of music. We've got a 4 hour drive with just mom and dad.
 #Person1#: Yeah. I don't know why they want to go camping anyway. Boring.
 #Person2#: It sure is and we're missing the baseball game on TV tonight.
 #Person1#: Don't remind me. Hey, do you think I should take these?
 #Person2#: Yeah,why not?",#Person1# and #Person2# will take the guitar and CD player since they will get a 4-hour drive.,"Here is a summary of the dialogue in two sentences:

Person 1 and Person 2 are discussing what to take on a 4-hour drive to a camping trip. Person 1 is considering taking a CD player and music, and Person 2 is also bringing a guitar.","Here is a summary of the dialogue in two sentences:

Person 1 and Person 2 are discussing what to take on a 4-hour drive to a camping trip. Person 1 is considering taking a CD player and music, and Person 2 is also bringing a guitar.",,
train_4026,Nepali,क्याम्पिङ जानु,"#Person1#: त्यसैले, हामी के लैजाने?
 #Person2#: म आफ्नो गितार लैजानेछु।
 #Person1#: राम्रो! र म आफ्नो सीडी प्लेयर लैजानेछु।
 #Person2#: तिमीले धेरै संगीत लैजानु राम्रो। हामीसँग आमाबाबुसँग मात्र ४ घण्टाको ड्राइभ छ।
 #Person1#: हो। मलाई थाहा छैन उनीहरू किन क्याम्पिङ जान चाहन्छन्। बोरिङ।
 #Person2#: पक्कै हो र हामी आज राति टिभीमा बेसबल खेल छुटाउँदैछौं।
 #Person1#: मलाई नसम्झाऊ। हे, मलाई लाग्छ म यी लैजानुपर्छ?
 #Person2#: हो, किन नहोस्?",#Person1# र #Person2# गितार र सीडी प्लेयर लैजानेछन् किनकि उनीहरूलाई ४ घण्टाको ड्राइभ छ।,संवादमा दुई व्यक्तिहरू बीच क्याम्पिङमा जाने बारेमा बात गर्दैछन्। उनीहरू आफ्नो गितार र सीडी प्लेयर लैजाने बारेमा बात गर्दैछन्। उनीहरू आमाबाबुसँग ४ घण्टाको ड्राइभमा जाने बारेमा बात गर्दैछन्।,संवादमा दुई व्यक्तिहरू बीच क्याम्पिङमा जाने बारेमा बात गर्दैछन्। उनीहरू आफ्नो गितार र सीडी प्लेयर लैजाने बारेमा बात गर्दैछन्। उनीहरू आमाबाबुसँग ४ घण्टाको ड्राइभमा जाने बारेमा बात गर्दैछन्।,,
train_4031,English,accident,"#Person1#: Hey, look out!
 #Person2#: What happened?
 #Person1#: You've just scratched my car. Oh, God, a paint was scratched off.
 #Person2#: Where? my car?
 #Person1#: No, mine!
 #Person2#: Thank goodness!
 #Person1#: I've just had it repainted.
 #Person2#: That's terrible.
 #Person1#: I am sorry to say this, sir, but you should've been more careful.
 #Person2#: I apologize for that. But the space is too small.
 #Person1#: What about the damage to my car? What are you gonna do about that?
 #Person2#: Can we solve this later? I am calling the insurance company.
 #Person1#: OK. I gotta call mine too.",#Person2# scratched #Person1#'s car by accident. They're calling their insurance companies to solve the problem.,"Here is a summary of the dialogue in two sentences:

Person 1's car was scratched by Person 2, who was parking in a small space. Person 2 apologized and said they would call their insurance company to report the damage, and Person 1 agreed to call their own insurance company.","Here is a summary of the dialogue in two sentences:

Person 1's car was scratched by Person 2, who was parking in a small space. Person 2 apologized and said they would call their insurance company to report the damage, and Person 1 agreed to call their own insurance company.",,
train_4031,Nepali,दुर्घटना,"#व्यक्ति१#: ए, होस गर!
#व्यक्ति२#: के भयो?
#व्यक्ति१#: तपाईंले भर्खरै मेरो गाडीमा कोतर्नुभयो। हे भगवान्, रंग उप्कियो।
#व्यक्ति२#: कहाँ? मेरो गाडीमा?
#व्यक्ति१#: होइन, मेरो गाडीमा!
#व्यक्ति२#: धन्न!
#व्यक्ति१#: मैले भर्खरै यसको फेरि रंग लगाएको थिएँ।
#व्यक्ति२#: त्यो त नराम्रो भयो।
#व्यक्ति१#: यसो भन्नुपर्दा माफ गर्नुहोस्, सर, तर तपाईं अझ सावधान हुनुपर्थ्यो।
#व्यक्ति२#: त्यसका लागि म माफी माग्छु। तर ठाउँ धेरै साँघुरो छ।
#व्यक्ति१#: मेरो गाडीमा भएको क्षतिको के हुन्छ? त्यसका लागि तपाईं के गर्नुहुन्छ?
#व्यक्ति२#: के हामी यसबारे पछि समाधान गर्न सक्छौँ? म बिमा कम्पनीमा फोन गर्दैछु।
#व्यक्ति१#: ठीक छ। मैले पनि मेरो बिमा कम्पनीमा फोन गर्नुपर्छ।",#व्यक्ति२# ले दुर्घटनावश #व्यक्ति१# को गाडीमा कोतरे। समस्या समाधान गर्न उनीहरू आफ्नो-आफ्नो बिमा कम्पनीमा फोन गर्दैछन्।,संवादमा दुई व्यक्ति बीच एक गाडीको रंग उप्किएको कुरा सम्बन्धित हो। दुई व्यक्ति बीच एक गाडीको रंग उप्किएको कुरा सम्बन्धित संवादमा दुई व्यक्ति बीच एक गाडीको रंग उप्किएको कुरा सम्बन्धित हो। दुई व्यक्ति बीच एक गाडीको रंग उप्किएको कुरा सम्बन्धित संवादमा दुई व्यक्ति बीच एक गाडीको रंग उप्किएको कुरा,संवादमा दुई व्यक्ति बीच एक गाडीको रंग उप्किएको कुरा सम्बन्धित हो। दुई व्यक्ति बीच एक गाडीको रंग उप्किएको कुरा सम्बन्धित संवादमा दुई व्यक्ति बीच एक गाडीको रंग उप्किएको कुरा सम्बन्धित हो। दुई व्यक्ति बीच एक गाडीको रंग उप्किएको कुरा सम्बन्धित संवादमा दुई व्यक्ति बीच एक गाडीको रंग उप्किएको कुरा,,
train_4049,English,ask for directions,"#Person1#: Excuse me. Do you know where I can find the nearest ICCC?
 #Person2#: Yes, but it's quite a ways.
 #Person1#: Do I need to take a bus?
 #Person2#: This bus doesn't take you directly there. You'd have to change buses twice. I suggest you walk. It'll take you less than 20 minutes.
 #Person1#: How do I get there on foot?
 #Person2#: Go straight ahead through the intersection.
 #Person1#: Wait, let me write this down. . . Alright, I'm ready.
 #Person2#: Keep walking till ou pass the square, then turn right. Walk past two lights and turn left at the third.
 #Person1#: Square. . . turn right. . . traffic lights. . . And then?
 #Person2#: Keep walking and look for a tall building.
 #Person1#: Tall building. . . Which side is the building on?
 #Person2#: The right side. ICCC should be on the first floor.
 #Person1#: Thank you very much.
 #Person2#: You're welcome.",#Person2# suggests #Person1# walk to the nearest ICCC and tells #Person1# the right direction.,"Here is a summary of the dialogue in two sentences:

Person 1 asks Person 2 for directions to the nearest ICCC, and Person 2 provides a walking route that involves passing a square, turning at traffic lights, and looking for a tall building on the right side. Person 1 thanks Person 2 for the directions and is given a final confirmation that the ICCC is located on the first floor of the tall building.","Here is a summary of the dialogue in two sentences:

Person 1 asks Person 2 for directions to the nearest ICCC, and Person 2 provides a walking route that involves passing a square, turning at traffic lights, and looking for a tall building on the right side. Person 1 thanks Person 2 for the directions and is given a final confirmation that the ICCC is located on the first floor of the tall building.",,
train_4049,Nepali,बाटो सोध्नु,"#व्यक्ति१#: माफ गर्नुहोस्। नजिकको आईसीसीसी कहाँ पर्छ भनेर बताउन सक्नुहुन्छ?
#व्यक्ति२#: सक्छु, तर त्यो अलि टाढा छ।
#व्यक्ति१#: के मैले बस लिनुपर्छ?
#व्यक्ति२#: यो बसले तपाईंलाई सिधै त्यहाँ पुर्‍याउँदैन। तपाईंले दुईपटक बस फेर्नुपर्छ। मेरो सुझाव छ, पैदल जानुहोस्। २० मिनेटभन्दा कम लाग्छ।
#व्यक्ति१#: पैदल कसरी जाने?
#व्यक्ति२#: सिधा अगाडि चोक पार गर्दै जानुहोस्।
#व्यक्ति१#: एकछिन, म लेख्दैछु... ठीक छ, तयार छु।
#व्यक्ति२#: चोक पार गरेर हिँडिरहनुहोस्, त्यसपछि दायाँ मोड्नुहोस्। दुईवटा ट्राफिक बत्ती पार गरेर तेस्रोमा बायाँ मोड्नुहोस्।
#व्यक्ति१#: चोक... दायाँ... ट्राफिक बत्ती... त्यसपछि?
#व्यक्ति२#: हिँडिरहनुहोस् र एउटा अग्लो भवन खोज्नुहोस्।
#व्यक्ति१#: भवन कुनतिर हुन्छ?
#व्यक्ति२#: दायाँतिर। आईसीसीसी पहिलो तलामा हुनेछ।
#व्यक्ति१#: धेरै धन्यवाद।
#व्यक्ति२#: स्वागत छ।",#व्यक्ति२# ले #व्यक्ति१# लाई नजिकको आईसीसीसीसम्म पैदल जाने बाटो बताउँछन्।,संवादमा दुई व्यक्ति बीच एक व्यक्ति आईसीसीसी को ठिकाना जानकारी लिने बारे प्रश्न पुछ्छन्। दोस्रो व्यक्ति उनलाई स्थान के कुनै ट्राफिक बत्ती पार गरेर के कुनै भवन खोजेर जानुपर्छ भनी सुझाव दिन्छ।,संवादमा दुई व्यक्ति बीच एक व्यक्ति आईसीसीसी को ठिकाना जानकारी लिने बारे प्रश्न पुछ्छन्। दोस्रो व्यक्ति उनलाई स्थान के कुनै ट्राफिक बत्ती पार गरेर के कुनै भवन खोजेर जानुपर्छ भनी सुझाव दिन्छ।,,
train_4104,English,baseball,"#Person1#: Oh, I think Jimmy is coming up next! Jeez, he looks so small out there.
 #Person2#: He is going to need to do some serious praying if he wants to get a hit off that player. That kid is only 12 years old, but he looks like he is already a professional baseball player!
 #Person1#: Yeah... oh, no! Strike three on Marcus! That's two outs.
 #Person2#: We always seem to strike out against pitchers that throw really fast. We just can't seem to be able to get the bat on the ball. Maybe the coach isn't working these kids hard enough in practice.
 #Person1#: Oh, I don't know about that. I was a little early when I came to pick up Jimmy yesterday, and the coach was throwing really hard to them in batting practice. I think he usually does a great job. We should really have him over for dinner.
 #Person2#: Yeah, let's look at the calendar when we get home. Oh, look, there he is! Come on, son! Get a hit!
 #Person1#: Woo-hoo, let's go, Jimmy!
 #Person2#: Oh, strike one... that's OK, big guy! Be patient up there!
 #Person1#: You got this one... strike two... oh, honey, he was really late on that last one!
 #Person2#: Keep your eye on it, Jimmy! You can do it! Just like we practiced...
 #Person1#: Whoa! What a hit! It's gone! It's a home run! All right, Jimmy, way to go! Yee-haw!
 #Person2#: That's my son down there!",#Person2# and #Person1# are watching the kids playing baseball and encourage Jimmy during the game. #Person2# thinks it's hard for Jimmy to get a hit off the player who is only 12 years old but already a professional baseball player.,"Here is a two-sentence summary of the dialogue:

Two parents are watching their sons play baseball and commenting on the game, including the difficulty of their sons' team in hitting against a particularly skilled pitcher. One of the sons, Jimmy, eventually hits a home run, prompting excitement and pride from his parents.","Here is a two-sentence summary of the dialogue:

Two parents are watching their sons play baseball and commenting on the game, including the difficulty of their sons' team in hitting against a particularly skilled pitcher. One of the sons, Jimmy, eventually hits a home run, prompting excitement and pride from his parents.",,
train_4104,Nepali,,"""#Person1#: ओहो, मलाई लाग्छ अब जिमीको पालो आउँदैछ! बाफ रे, उ त्यहाँ कति सानो देखिन्छ।
 #Person2#: यदि उसले त्यो खेलाडीको बलमा 'हिट' (बल प्रहार) गर्न चाहन्छ भने उसले साँच्चै धेरै प्रार्थना गर्नुपर्ने हुन्छ। त्यो केटा जम्मा १२ वर्षको छ, तर ऊ त पहिले नै कुनै व्यावसायिक बेसबल खेलाडी जस्तो देखिन्छ!
 #Person1#: हो... ओहो, बर्बाद भयो! मार्कस 'स्ट्राइक आउट' भयो! दुई जना आउट भइसके।
 #Person2#: धेरै तीव्र गतिमा बल फ्याँक्ने 'पिचर'हरू विरुद्ध हामी सधैं 'स्ट्राइक आउट' हुन्छौं जस्तो लाग्छ। हामी ब्याटले बललाई छुनै सक्दैनौं। सायद कोचले अभ्यासमा यी केटाहरूलाई पर्याप्त कडा मिहिनेत गराइरहनुभएको छैन होला।
 #Person1#: ओहो, मलाई त्यस्तो लाग्दैन। हिजो म जिमीलाई लिन अलि छिटो पुगेकी थिएँ, र कोचले ब्याटिङ अभ्यासमा उनीहरूलाई निकै जोडले बल फ्याँकिरहनुभएको थियो। मलाई लाग्छ उहाँले सामान्यतया धेरै राम्रो काम गर्नुहुन्छ। हामीले उहाँलाई साँच्चै बेलुकाको खानाको लागि बोलाउनुपर्छ।
 #Person2#: हो, घर पुगेपछि क्यालेन्डर हेरौंला। ओहो, हेर त, ऊ त्यहाँ छ! ल है बाबु! राम्रो 'हिट' गर!
 #Person1#: वाह! अघि बढ, जिमी!
 #Person2#: ओहो, 'स्ट्राइक वान'... ठिकै छ, मेरो बाबु! धैर्य राख!
 #Person1#: तिमीले यो गर्न सक्छौ... 'स्ट्राइक टु'... ओहो, प्रिय, उसले त्यो अन्तिम बलमा अलि ढिलो प्रतिक्रिया दियो!
 #Person2#: बलमा नजर राख, जिमी! तिमी यो गर्न सक्छौ! हामीले अभ्यास गरेजस्तै...
 #Person1#: वाउ! कस्तो शानदार 'हिट'! बल गयो! यो त 'होम रन' भयो! स्याबास, जिमी, गज्जब गर्यौ! वाह!
 #Person2#: त्यो तल मेरो छोरा हो!""",,"जिमी १२ वर्षको छ, तर ऊ त पहिले नै कुनै व्यावसायिक बेसबल खेलाडी जस्तो देखिन्छ! जिमीले 'स्ट्राइक आउट' भयो! कोचले ब्याटिङ अभ्यासमा उनीहरूलाई निकै जोडले बल फ्याँकिरहनुभएको थियो।","जिमी १२ वर्षको छ, तर ऊ त पहिले नै कुनै व्यावसायिक बेसबल खेलाडी जस्तो देखिन्छ! जिमीले 'स्ट्राइक आउट' भयो! कोचले ब्याटिङ अभ्यासमा उनीहरूलाई निकै जोडले बल फ्याँकिरहनुभएको थियो।",,
train_4127,English,booking a ticket,"#Person1#: Thank your for calling World Airline. What can I do for you?
 #Person2#: I need to book a plane ticket to London.
 #Person1#: Round-trip or one-way?
 #Person2#: One-way.
 #Person1#: What date would you like to fly?
 #Person2#: Saturday, July 25.
 #Person1#: How many people will be traveling?
 #Person2#: Just one adult.
 #Person1#: Which class?
 #Person2#: Economy, please. Economy class is the cheapest, right?
 #Person1#: Right. Ok, the fare is $ 700.",#Person2# calls World Airline to book a plane ticket to London and #Person1# helps #Person2# to book.,"Here is a summary of the dialogue in two sentences:

A customer called World Airline to book a one-way plane ticket to London. The customer requested a ticket for one adult in economy class, which was quoted at $700.","Here is a summary of the dialogue in two sentences:

A customer called World Airline to book a one-way plane ticket to London. The customer requested a ticket for one adult in economy class, which was quoted at $700.",,
train_4127,Nepali,टिकट बुक गर्नु,"#व्यक्ति१#: विश्व वायुसेवामा फोन गर्नुभएकोमा धन्यवाद। म तपाईंलाई कसरी सहयोग गर्न सक्छु?
#व्यक्ति२#: मलाई लन्डन जाने विमानको टिकट बुक गर्नुपर्छ।
#व्यक्ति१#: आउने-जाने कि एकतर्फी?
#व्यक्ति२#: एकतर्फी।
#व्यक्ति१#: तपाईं कुन मितिमा उड्न चाहनुहुन्छ?
#व्यक्ति२#: जुलाई २५, शनिबार।
#व्यक्ति१#: कति जना यात्रा गर्नेछन्?
#व्यक्ति२#: केवल एक जना वयस्क।
#व्यक्ति१#: कुन श्रेणी?
#व्यक्ति२#: कृपया साधारण श्रेणी। साधारण श्रेणी सबैभन्दा सस्तो हो, हैन?
#व्यक्ति१#: हो। ठीक छ, भाडा ७०० डलर हो।",#व्यक्ति२# ले लन्डनका लागि हवाई टिकट बुक गर्न विश्व वायुसेवालाई फोन गर्छन् र #व्यक्ति१# ले #व्यक्ति२# लाई टिकट बुक गर्न सहयोग गर्छन्।,"व्यक्ति १ले विश्व वायुसेवामा फोन गर्दै व्यक्ति २लाई लन्डन जाने विमानको टिकट बुक गर्ने बारे पूछ्दछ। व्यक्ति २ले एकतर्फी टिकट, जुलाई २५, शनिबार, एक जना वयस्क, साधारण श्रेणी चाहिन्छ भन्दै जानकारी दिन्छन्।","व्यक्ति १ले विश्व वायुसेवामा फोन गर्दै व्यक्ति २लाई लन्डन जाने विमानको टिकट बुक गर्ने बारे पूछ्दछ। व्यक्ति २ले एकतर्फी टिकट, जुलाई २५, शनिबार, एक जना वयस्क, साधारण श्रेणी चाहिन्छ भन्दै जानकारी दिन्छन्।",,
train_4192,English,money service,"#Person1#: Welcome. How can we be of service today?
 #Person2#: Hello. My aunt in the US has sent me $ 500. She sent it yesterday, using the standard service. It's my birthday today, you see.
 #Person1#: Well, happy birthday. If it was sent yesterday using the usual service, it should be here already. You do have an account with us, right?
 #Person2#: Yes. Here's my card. Do you need my ID?
 #Person1#: Please. Just to double check all the details.
 #Person2#: There you go.",#Person2# asks for #Person1#'s help to check whether the $500 has arrived. #Person1#'ll double check the details.,"Here is a summary of the dialogue in two sentences:

A person has come to a service location to inquire about a $500 money transfer from their aunt in the US, which was sent using the standard service. The person is celebrating their birthday and is expecting the transfer to be available already.","Here is a summary of the dialogue in two sentences:

A person has come to a service location to inquire about a $500 money transfer from their aunt in the US, which was sent using the standard service. The person is celebrating their birthday and is expecting the transfer to be available already.",,
train_4192,Nepali,पैसा सेवा,"#व्यक्ति१#: स्वागत छ। आज हामी तपाईंलाई कसरी सहयोग गर्न सक्छौँ?
#व्यक्ति२#: नमस्कार। अमेरिकामा बस्ने मेरी काकीले मलाई ५०० डलर पठाउनुभएको छ। उहाँले हिजो सामान्य सेवामार्फत पठाउनुभएको हो। आज मेरो जन्मदिन हो।
#व्यक्ति१#: जन्मदिनको शुभकामना। यदि हिजो सामान्य सेवाबाट पठाइएको हो भने यो अहिलेसम्म आइपुग्नुपर्ने हो। तपाईंको हामीसँग खाता छ नि, हैन?
#व्यक्ति२#: छ। यो मेरो कार्ड हो। मेरो परिचयपत्र चाहिन्छ?
#व्यक्ति१#: कृपया दिनुहोस्। सबै विवरण फेरि जाँच गर्नका लागि।
#व्यक्ति२#: लिनुहोस्।",#व्यक्ति२# ले ५०० डलर आइपुगेको छ कि छैन भनेर जाँच गर्न #व्यक्ति१# को सहयोग माग्छन्। #व्यक्ति१# विवरण जाँच गर्छन्।,व्यक्ति १ले व्यक्ति २लाई स्वागत गरेका थिए। व्यक्ति २ले अमेरिकामा बस्ने काकीले ५०० डलर पठाएको बताए। व्यक्ति १ले व्यक्ति २ले हामीसँग खाता राखेको जानकारी लिने बेला व्यक्ति २ले परिचयपत्र दिए।,व्यक्ति १ले व्यक्ति २लाई स्वागत गरेका थिए। व्यक्ति २ले अमेरिकामा बस्ने काकीले ५०० डलर पठाएको बताए। व्यक्ति १ले व्यक्ति २ले हामीसँग खाता राखेको जानकारी लिने बेला व्यक्ति २ले परिचयपत्र दिए।,,
train_4205,English,Abraham Lincoln,"#Person1#: It's well known that Abraham Lincoln was the greatest American, you know.
 #Person2#: Yes, many American people do think so, and they feel proud of Lincoln. He rose from the lowest to the highest position in the United States.
 #Person1#: DO you know how he was killed?
 #Person2#: Yes. It was on April 14, 1865. After a very busy day, Lincoln and his wife went to see a play at a theatre in Washington. A 25-year-old man, who was from the South, suddenly shot Lincoln through the head.
 #Person1#: Did he die immediately when he was shot?
 #Person2#: No, he didn't. He died early the next morning in the hospital.",#Person1# and #Person2# think Abraham Lincoln was the greatest American. #Person2# tells #Person1# Lincoln was shot and later died in hospital.,"Here is a summary of the dialogue in two sentences:

Many American people consider Abraham Lincoln to be the greatest American and feel proud of his rise to the highest position in the United States. Lincoln was assassinated on April 14, 1865, by a 25-year-old man from the South, and he died the next morning in the hospital.","Here is a summary of the dialogue in two sentences:

Many American people consider Abraham Lincoln to be the greatest American and feel proud of his rise to the highest position in the United States. Lincoln was assassinated on April 14, 1865, by a 25-year-old man from the South, and he died the next morning in the hospital.",,
train_4205,Nepali,अब्राहम लिंकन,"#व्यक्ति१#: अब्राहम लिंकन सबैभन्दा महान अमेरिकी थिए भन्ने कुरा प्रसिद्ध छ, हैन?
#व्यक्ति२#: हो, धेरै अमेरिकी मानिसहरू पनि त्यस्तै सोच्छन् र उनीहरू लिंकनप्रति गर्व गर्छन्। उनी अमेरिकाको सबैभन्दा तल्लो अवस्थाबाट सबैभन्दा उच्च पदसम्म पुगेका थिए।
#व्यक्ति१#: के तपाईंलाई थाहा छ उनको हत्या कसरी भयो?
#व्यक्ति२#: हो। यो अप्रिल १४, १८६५ मा भएको थियो। धेरै व्यस्त दिनपछि लिंकन र उनकी पत्नी वासिङ्टनको एउटा थिएटरमा नाटक हेर्न गएका थिए। दक्षिण क्षेत्रका २५ वर्षीय एक व्यक्तिले अचानक उनको टाउकोमा गोली हाने।
#व्यक्ति१#: गोली लाग्नेबित्तिकै उनको मृत्यु भयो?
#व्यक्ति२#: भएन। भोलिपल्ट बिहान अस्पतालमा उनको मृत्यु भयो।",#व्यक्ति१# र #व्यक्ति२# अब्राहम लिंकनलाई महान अमेरिकी मान्छन्। #व्यक्ति२# ले लिंकनलाई गोली हानेर पछि अस्पतालमा मृत्यु भएको कुरा बताउँछन्।,"अब्राहम लिंकन अमेरिकाको सबैभन्दा तल्लो अवस्थाबाट सबैभन्दा उच्च पदसम्म पुगेका थिए। उनी अप्रिल १४, १८६५ मा वासिङ्टनको थिएटरमा दक्षिण क्षेत्रका एक व्यक्तिले गोली हाने पछि मृत्यु भयो।","अब्राहम लिंकन अमेरिकाको सबैभन्दा तल्लो अवस्थाबाट सबैभन्दा उच्च पदसम्म पुगेका थिए। उनी अप्रिल १४, १८६५ मा वासिङ्टनको थिएटरमा दक्षिण क्षेत्रका एक व्यक्तिले गोली हाने पछि मृत्यु भयो।",,
train_4226,English,Engagement Ring,"#Person1#: May I help you find something, sir?
 #Person2#: I'm looking for an engagement ring for my girlfriend. I have an idea of what she likes, but I want to surprise her with something special, too.
 #Person1#: We have all shapes, sizes, qualities and price ranges, do you know about the four Cs of picking a diamond?
 #Person2#: I think so. Aren't the four Cs, cut, clarity, carat and color.
 #Person1#: You've got it. Tell me a little bit about what you might be wanted.
 #Person2#: Well, my price range is a 5, 000 dollars to 7, 000 dollars, I'm looking for a marquise cut on the wide band.
 #Person1#: You have good taste. Let my show you what I have.",#Person2# is looking for an engagement ring with marquise cut and between $5000 and $7000. #Person2# shows the rings.,"A customer is looking for an engagement ring for his girlfriend, and he wants to surprise her with something special. He has a budget of $5,000 to $7,000 and is interested in a marquise cut diamond on a wide band.","A customer is looking for an engagement ring for his girlfriend, and he wants to surprise her with something special. He has a budget of $5,000 to $7,000 and is interested in a marquise cut diamond on a wide band.",,
train_4226,Nepali,विवाहको औँठी,"#व्यक्ति१#: महोदय, म तपाईंलाई केही खोज्न सहयोग गरूँ?
#व्यक्ति२#: म मेरी प्रेमिकाका लागि विवाह प्रस्तावको औँठी खोज्दै छु। उनलाई के मन पर्छ भन्ने मलाई केही विचार छ, तर म उनलाई विशेष कुराले अचम्मित पार्न पनि चाहन्छु।
#व्यक्ति१#: हामीसँग सबै आकार, नाप, गुणस्तर र मूल्यका औँठी छन्। हीरा छान्ने चारवटा मुख्य गुणबारे तपाईंलाई थाहा छ?
#व्यक्ति२#: मलाई लाग्छ थाहा छ। ती चारवटा गुण काटाइ, पारदर्शिता, तौल र रङ हुन्, हैन?
#व्यक्ति१#: तपाईंले सही भन्नुभयो। तपाईंलाई कस्तो चाहिएको हो, त्यसबारे मलाई अलि बताउनुहोस्।
#व्यक्ति२#: मेरो मूल्य सीमा पाँच हजारदेखि सात हजार डलरसम्म हो। म चौडा धातुको घेरामा लामो पात आकारको काटाइ चाहन्छु।
#व्यक्ति१#: तपाईंको रुचि राम्रो रहेछ। मसँग भएका सामान देखाउँछु।",#व्यक्ति२# ले पाँच हजारदेखि सात हजार डलरसम्मको मूल्य पर्ने लामो अण्डाकार काट भएको विवाहको औँठी खोजिरहेका छन्। #व्यक्ति२# ले औँठीहरू देखाउँछन्।,"व्यक्ति द्वारा प्रेमिकाको लागि विवाह प्रस्तावको औँठी खोज्दै भएको थियो। उनले हीराको चारवटा मुख्य गुणबारे थाहा पाएका थिए। उनले पारदर्शिता, तौल र रङको बारेमा जानकारी दिए। उनले चौडा धातुको घेरामा लामो पात आकारको काटाइ चाहेका थिए।","व्यक्ति द्वारा प्रेमिकाको लागि विवाह प्रस्तावको औँठी खोज्दै भएको थियो। उनले हीराको चारवटा मुख्य गुणबारे थाहा पाएका थिए। उनले पारदर्शिता, तौल र रङको बारेमा जानकारी दिए। उनले चौडा धातुको घेरामा लामो पात आकारको काटाइ चाहेका थिए।",,
train_429,English,science program,"#Person1#: Did you watch TV last night, Rose? 
 #Person2#: Yeah. I saw a science program. It was quite interesting. 
 #Person1#: What was it about? 
 #Person2#: Mars. Scientists say there might be water on it. 
 #Person1#: If so, we may live there someday. 
 #Person2#: I hope so. Did you know the US successfully sent two robotic explorers to Mars last month? 
 #Person1#: Sure. I heard about this on the TV. On January 3rd , 2004, Explorer Spirit landed near the so-called Gusev Crater. And three weeks later, Spirit's twin explorer, Opportunity, landed on Meridiani Planum named by scientists. 
 #Person2#: Yes. Both have sent back pictures of the planet. And the latter did a better job.",Rose saw an interesting science program last night and tells #Person1# the program content.,"Here is a summary of the dialogue in two sentences:

Person 2 watched a science program about Mars and learned that scientists think there might be water on the planet. Person 1 confirmed that the US had sent two robotic explorers to Mars, Spirit and Opportunity, which had sent back pictures of the planet.","Here is a summary of the dialogue in two sentences:

Person 2 watched a science program about Mars and learned that scientists think there might be water on the planet. Person 1 confirmed that the US had sent two robotic explorers to Mars, Spirit and Opportunity, which had sent back pictures of the planet.",,
train_429,Nepali,विज्ञान कार्यक्रम,"#व्यक्ति१#: रोज, हिजो राति तिमीले टेलिभिजन हेर्यौ?
#व्यक्ति२#: हो। मैले एउटा विज्ञानसम्बन्धी कार्यक्रम हेरेँ। निकै रोचक थियो।
#व्यक्ति१#: त्यो के बारेमा थियो?
#व्यक्ति२#: मङ्गलबारे। वैज्ञानिकहरू त्यहाँ पानी हुन सक्ने बताउँछन्।
#व्यक्ति१#: त्यसो भए, कुनै दिन हामी त्यहाँ बस्न सक्छौँ।
#व्यक्ति२#: आशा गर्छु। के तिमीलाई थाहा छ, संयुक्त राज्य अमेरिकाले गत महिना मङ्गल ग्रहमा दुईवटा रोबोटिक अन्वेषक सफलतापूर्वक पठाएको थियो?
#व्यक्ति१#: अवश्य। मैले यसको बारेमा टेलिभिजनमा सुनेँ। सन् २००४ जनवरी ३ मा अन्वेषक स्पिरिट कथित गुसेभ खाडलनजिक अवतरण गरेको थियो। तीन हप्तापछि स्पिरिटको जुम्ल्याहा अन्वेषक अपर्च्युनिटी वैज्ञानिकहरूले नाम दिएको मेरिडियानी प्लानममा अवतरण गरेको थियो।
#व्यक्ति२#: हो। दुवैले ग्रहका तस्बिरहरू पठाएका छन्। पछिल्लोले अझ राम्रो काम गरेको थियो।",रोजले हिजो राति एउटा रोचक विज्ञान कार्यक्रम हेरिन् र #व्यक्ति१# लाई कार्यक्रमको विषयवस्तु बताउँछिन्।,"व्यक्ति १ले व्यक्ति २लाई प्रश्न गरे: ""रोज, हिजो राति तिमीले टेलिभिजन हेर्यौ?"" व्यक्ति २ले कार्यक्रममा पानी हुन सक्ने बारेमा सुनेको बताए। व्यक्ति १ले आशा व्यक्त गरे कि त्यसो भए, कुनै दिन हामी त्यहाँ बस्न सक्छौँ। व्यक्ति २ले संयुक्त राज्य अमेरिकाले मङ्गल ग्रहमा","व्यक्ति १ले व्यक्ति २लाई प्रश्न गरे: ""रोज, हिजो राति तिमीले टेलिभिजन हेर्यौ?"" व्यक्ति २ले कार्यक्रममा पानी हुन सक्ने बारेमा सुनेको बताए। व्यक्ति १ले आशा व्यक्त गरे कि त्यसो भए, कुनै दिन हामी त्यहाँ बस्न सक्छौँ। व्यक्ति २ले संयुक्त राज्य अमेरिकाले मङ्गल ग्रहमा",,
train_434,English,check in,"#Person1#: Good afternoon. Can I help you? 
 #Person2#: Yes, we have a reservation for three nights. Mona White. I called last week. 
 #Person1#: One moment please, Ms. White. Yes, that was for two single rooms, wasn't it? I've reserved rooms 402 and 403 for you. 
 #Person2#: Are they quiet rooms? 
 #Person1#: Well they are facing the street but there's a lovely view. 
 #Person2#: We'd like quiet rooms thanks. 
 #Person1#: Of course","Mona White has a reservation for three nights, and #Person1# helps check the rooms.","Here is a summary of the dialogue in two sentences:

Person 2, Ms. White, arrives with a reservation for three nights in two single rooms. She requests quiet rooms, but the person checking her in notes that the reserved rooms (402 and 403) face the street.","Here is a summary of the dialogue in two sentences:

Person 2, Ms. White, arrives with a reservation for three nights in two single rooms. She requests quiet rooms, but the person checking her in notes that the reserved rooms (402 and 403) face the street.",,
train_434,Nepali,चेक इन,"#Person1#: शुभ दिउँसो। म तपाईंलाई सहयोग गर्न सक्छु?
 #Person2#: हो, हामीसँग तीन रातको रिजर्भेसन छ। मोना ह्वाइट। मैले गत हप्ता फोन गरेकी थिएँ।
 #Person1#: एक क्षण, कृपया, मिस ह्वाइट। हो, त्यो दुई सिंगल रुमका लागि थियो, होइन? मैले तपाईंका लागि रुम ४०२ र ४०३ आरक्षित गरेकी छु।
 #Person2#: के ती शान्त रुम हुन्?
 #Person1#: खैर ती सडकतिर फर्केका छन् तर राम्रो दृश्य छ।
 #Person2#: हामी शान्त रुम चाहन्छौं धन्यवाद।
 #Person1#: अवश्य","मोना ह्वाइटसँग तीन रातको रिजर्भेसन छ, र #Person1# रुम जाँच गर्न मद्दत गर्छन्।",संवादमा दुई सिंगल रुमको रिजर्भेसन गरिएको थियो । त्यो रुम शान्त रुम हो ।,संवादमा दुई सिंगल रुमको रिजर्भेसन गरिएको थियो । त्यो रुम शान्त रुम हो ।,,
train_4344,English,join the library,"#Person1#: Good morning, can I help you?
 #Person2#: Yes, I'd like to join the library. We're new to the district, you see.
 #Person1#: Well, all we need is some sort of identification with your name and address on it.
 #Person2#: Oh dear. We just moved, you see, and everything has my old address.
 #Person1#: A driving license, perhaps?
 #Person2#: No, I don't drive.
 #Person1#: Your husband would do.
 #Person2#: Yes, but his license will still have the old address on it.
 #Person1#: Perhaps you have a letter addressed to you at your new house?
 #Person2#: No,I'm afraid not. We've only been there a few days, you see, and no one's written to us yet.
 #Person1#: What about your bankbook?
 #Person2#: That's just the same. Oh dear, and I did want to get some books out this weekend. We're going on holiday after the move, you see, and I wanted to take something with me to read.
 #Person1#: Well, I'm sorry. What about your passport?
 #Person2#: What? Oh yes, how silly of me. I've got a new one and it does have our new address. I've just been to book our tickets so I have it on me. Just a minute. Here you are.
 #Person1#: Thank you. Well, that's all right.",#Person2# wants to join the library and #Person1# needs #Person2#'s identification with #Person2#'s name and address on it. #Person2# just moved and everything has her old address. #Person1# advises #Person2# to use the passport and it works.,"A person is trying to join the library but is having trouble providing identification with their new address. They eventually produce a passport with their new address, which is accepted as proof.","A person is trying to join the library but is having trouble providing identification with their new address. They eventually produce a passport with their new address, which is accepted as proof.",,
train_4344,Nepali,पुस्तकालय सदस्य बन्नु,"#व्यक्ति१#: शुभ प्रभात, म तपाईंलाई कसरी सहयोग गर्न सक्छु?
#व्यक्ति२#: म पुस्तकालयको सदस्य बन्न चाहन्छु। हामी यो क्षेत्रमा नयाँ आएका हौँ।
#व्यक्ति१#: ठीक छ, हामीलाई तपाईंको नाम र ठेगाना भएको कुनै परिचयपत्र मात्र चाहिन्छ।
#व्यक्ति२#: ओहो, हामी भर्खरै सरेका छौँ र सबै कागजातमा पुरानो ठेगाना छ।
#व्यक्ति१#: ड्राइभिङ लाइसेन्स होला?
#व्यक्ति२#: छैन, म गाडी चलाउँदिनँ।
#व्यक्ति१#: तपाईंको श्रीमानको भए हुन्छ।
#व्यक्ति२#: हुन्छ, तर उहाँको लाइसेन्समा पनि पुरानै ठेगाना छ।
#व्यक्ति१#: नयाँ घरको ठेगानामा आएको कुनै चिठी छ?
#व्यक्ति२#: छैन। हामी त्यहाँ गएको केही दिन मात्र भयो, कसैले अझै चिठी पठाएको छैन।
#व्यक्ति१#: बैंकको किताब?
#व्यक्ति२#: त्यो पनि उस्तै छ। ओहो, म यो हप्ताको अन्त्यमा किताब लैजान चाहन्थेँ। हामी सरेपछि बिदामा जाँदैछौँ, त्यसैले पढ्न केही किताब लैजान चाहन्थेँ।
#व्यक्ति१#: तपाईंको राहदानी के छ?
#व्यक्ति२#: के? ओहो हो, मैले बिर्सेछु। मेरो नयाँ राहदानी छ र त्यसमा नयाँ ठेगाना पनि छ। म टिकट बुक गर्न गएको थिएँ, त्यसैले मसँगै छ। एकछिन। लिनुहोस्।
#व्यक्ति१#: धन्यवाद। ठीक छ, सबै मिल्यो।",#व्यक्ति२# पुस्तकालयको सदस्य बन्न चाहन्छिन् तर नयाँ ठेगानाको परिचयपत्र समस्या हुन्छ। अन्ततः राहदानी प्रयोग गरेर सदस्य बन्न सफल हुन्छिन्।,पुस्तकालयको सदस्य बन्न चाहने व्यक्तिले पुस्तकालयको कार्यालयमा जाँदै पुस्तकालयको सदस्यता लिने कागजात प्रस्तुत गर्ने बारे भन्यो। कार्यालयका कर्मचारीले त्यसको लागि कागजात प्रस्तुत गर्ने बारे भन्यो। सदस्यता लिने कागजातमा पुरानो ठेगाना भएको कागजात प्रस्तुत गर्ने बारे भन्दै व्यक्तिले नयाँ ठ,पुस्तकालयको सदस्य बन्न चाहने व्यक्तिले पुस्तकालयको कार्यालयमा जाँदै पुस्तकालयको सदस्यता लिने कागजात प्रस्तुत गर्ने बारे भन्यो। कार्यालयका कर्मचारीले त्यसको लागि कागजात प्रस्तुत गर्ने बारे भन्यो। सदस्यता लिने कागजातमा पुरानो ठेगाना भएको कागजात प्रस्तुत गर्ने बारे भन्दै व्यक्तिले नयाँ ठ,,
train_4347,English,parking,"#Person1#: What are you doing?
 #Person2#: I'm parking my car here.
 #Person1#: No, I'm sorry. It's impossible.
 #Person2#: Why not? I don't see a 'No Parking' sign.
 #Person1#: This is my parking place.
 #Person2#: I don't see a sign with your name.
 #Person1#: I park here every day.
 #Person2#: Well, I'm parking here today.",#Person2# is parking but #Person1# says that's #Person1#'s parking place.,"Person 1 is claiming that a specific parking spot is theirs, but Person 2 is disputing this and deciding to park there anyway. Person 1 is unable to provide a clear reason for why they think the spot is theirs.","Person 1 is claiming that a specific parking spot is theirs, but Person 2 is disputing this and deciding to park there anyway. Person 1 is unable to provide a clear reason for why they think the spot is theirs.",,
train_4347,Nepali,पार्किङ,"#व्यक्ति१#: तिमी के गर्दैछौ?
#व्यक्ति२#: म यहाँ मेरो कार पार्क गर्दैछु।
#व्यक्ति१#: होइन, माफ गर्नुहोस्। यो सम्भव छैन।
#व्यक्ति२#: किन? यहाँ ""पार्किङ निषेध"" को संकेत त छैन।
#व्यक्ति१#: यो मेरो पार्किङ गर्ने ठाउँ हो।
#व्यक्ति२#: तपाईंको नाम लेखिएको संकेत पनि त छैन।
#व्यक्ति१#: म यहाँ हरेक दिन पार्क गर्छु।
#व्यक्ति२#: तर आज म यहाँ पार्क गर्दैछु।",#व्यक्ति२# कार पार्क गर्दैछन् तर #व्यक्ति१# ले त्यो आफ्नो पार्किङ स्थान भएको बताउँछन्।,व्यक्ति १ले व्यक्ति २लाई पार्किङ गर्ने ठाउँमा पार्किङ गर्दैछन् भन्दै पार्किङ गर्ने अनुमति दिएको संकेत पार्किङ गर्ने ठाउँमा देखाएर व्यक्ति २लाई पार्किङ गर्ने अनुमति दिएको संकेत पार्किङ गर्ने ठाउँमा देखाएर व्यक्ति २लाई पार्किङ गर्ने अनुमति दिएको संकेत पार,व्यक्ति १ले व्यक्ति २लाई पार्किङ गर्ने ठाउँमा पार्किङ गर्दैछन् भन्दै पार्किङ गर्ने अनुमति दिएको संकेत पार्किङ गर्ने ठाउँमा देखाएर व्यक्ति २लाई पार्किङ गर्ने अनुमति दिएको संकेत पार्किङ गर्ने ठाउँमा देखाएर व्यक्ति २लाई पार्किङ गर्ने अनुमति दिएको संकेत पार,,
train_4412,English,wash clothes,"#Person1#: Ok, let ' s go through this one more time. I don ' t want anymore ruined or dyed blouses!
 #Person2#: I know, I know. OK, so I have to separate the colors from the whites and put them in this strange looking contraption so called washing machine.
 #Person1#: Right. You have to turn it on and program it depending on what type of clothes you are washing. For example for delicates, you should set a shorter washing cycle. Also, be sure to use fabric softener and this detergent when washing.
 #Person2#: So complicated! Ok, what about this red wine stain? How do I get it out?
 #Person1#: Since this is a white t-shirt, you can just pour a little bit of bleach on it and it will do the trick.
 #Person2#: Cool. Then I can just throw everything in the dryer for an hour and it ' s all set right?
 #Person1#: No! Since you are washing delicates and cotton, you should set the dryer to medium heat and for twenty minutes.
 #Person2#: You know what? I ' ll just have everything dry cleaned.",#Person1# tells #Person2# how to use the washing machine to wash different kinds of clothes and have them dried. #Person2# finds it complicated and difficult.,"Here is a summary of the dialogue in two sentences:

Person 2 is being taught how to use a washing machine and dryer by Person 1, who explains the basics of programming the washing machine and selecting the right settings for different types of clothes. Person 2 is initially confused and considers throwing everything in the dryer, but ultimately decides to dry clean the clothes instead.","Here is a summary of the dialogue in two sentences:

Person 2 is being taught how to use a washing machine and dryer by Person 1, who explains the basics of programming the washing machine and selecting the right settings for different types of clothes. Person 2 is initially confused and considers throwing everything in the dryer, but ultimately decides to dry clean the clothes instead.",,
train_4412,Nepali,लुगा धुनु,"#व्यक्ति१#: ठीक छ, फेरि एकपटक हेरौँ। अब म कुनै पनि ब्लाउज बिग्रिएको वा रङ उडेको देख्न चाहन्नँ!
#व्यक्ति२#: मलाई थाहा छ, मलाई थाहा छ। ठीक छ, मैले सेतो कपडालाई रङ भएका कपडाबाट छुट्याएर यो अनौठो देखिने मेसिन अर्थात् वासिङ मेसिनमा राख्नुपर्छ।
#व्यक्ति१#: हो। कपडा कस्तो प्रकारको हो भन्ने आधारमा मेसिन चलाएर कार्यक्रम मिलाउनुपर्छ। उदाहरणका लागि, नाजुक कपडाका लागि छोटो धुने चक्र राख्नुपर्छ। साथै, धुँदा कपडा नरम बनाउने पदार्थ र यो डिटर्जेन्ट प्रयोग गर्न नबिर्स।
#व्यक्ति२#: कति जटिल रहेछ! ठीक छ, यो रातो रक्सीको दाग कसरी हटाउने?
#व्यक्ति१#: यो सेतो टी–सर्ट हो, त्यसैले अलिकति ब्लीच हाल्दा ठीक हुन्छ।
#व्यक्ति२#: राम्रो। त्यसपछि सबै कपडा ड्रायरमा एक घण्टा राखेपछि तयार हुन्छ नि, हैन?
#व्यक्ति१#: होइन! तिमी नाजुक कपडा र सुती कपडा दुवै धुँदैछौ, त्यसैले ड्रायरलाई मध्यम तापक्रममा २० मिनेटका लागि राख्नुपर्छ।
#व्यक्ति२#: थाहा छ के? म सबै कपडा ड्राइ क्लिनिङमै पठाउँछु।",#व्यक्ति१# ले #व्यक्ति२# लाई विभिन्न प्रकारका कपडा वासिङ मेसिनमा कसरी धुने र सुकाउने भनेर सिकाउँछन्। #व्यक्ति२# लाई यो गाह्रो लाग्छ।,"संवादमा दुई व्यक्ति बीच एक ब्लाउज बिग्रिएको रङ उडेको देख्न चाहन्ने व्यक्ति दुवै व्यक्तिलाई कस्तो प्रकारको कपडा हो भन्ने आधारमा मेसिन चलाएर कार्यक्रम मिलाउनुपर्छ। साथै, धुँदा कपडा नरम बनाउने पदार्थ र यो डिटर्जेन्ट प्रयोग गर्न नबिर्स।","संवादमा दुई व्यक्ति बीच एक ब्लाउज बिग्रिएको रङ उडेको देख्न चाहन्ने व्यक्ति दुवै व्यक्तिलाई कस्तो प्रकारको कपडा हो भन्ने आधारमा मेसिन चलाएर कार्यक्रम मिलाउनुपर्छ। साथै, धुँदा कपडा नरम बनाउने पदार्थ र यो डिटर्जेन्ट प्रयोग गर्न नबिर्स।",,
train_4441,English,social casual talk,"#Person1#: Excuse me, what did you say you would like to do, Mr. Green?
 #Person2#: I said I'd better go back to the hotel. I'm meeting someone this evening.
 #Person1#: OK, how are you going back? By bus or taxi?
 #Person2#: I think I'd take a taxi. Do you know where I can get one?
 #Person1#: Oh, just wait by the roadside. I'll wait with you.
 #Person2#: OK, thanks. Are the taxis in London all black?
 #Person1#: Well, some of them are. Is this your first time in London?
 #Person2#: Yes, it is. Do you give extra money to the taxi drivers here?
 #Person1#: Oh, yes. Look, here's one. Taxi!
 #Person2#: Thanks. See you tomorrow.",Mr. Green tells #Person1# he'd better go back to the hotel by taxi. #Person1# offers to wait with him.,"Here is a summary of the dialogue in two sentences:

Person 2 is planning to take a taxi back to his hotel, where he is meeting someone in the evening. Person 1 offers to wait with him by the roadside until a taxi arrives, and they have a brief conversation about taxis in London.","Here is a summary of the dialogue in two sentences:

Person 2 is planning to take a taxi back to his hotel, where he is meeting someone in the evening. Person 1 offers to wait with him by the roadside until a taxi arrives, and they have a brief conversation about taxis in London.",,
train_4441,Nepali,सामान्य सामाजिक कुराकानी,"#व्यक्ति१#: माफ गर्नुहोस्, श्रीमान् ग्रीन, तपाईंले के गर्न चाहनुहुन्छ भन्नुभएको थियो?
#व्यक्ति२#: मैले आज साँझ कसैलाई भेट्नुपर्ने भएकाले होटलमा फर्कनु राम्रो हुन्छ भनेको थिएँ।
#व्यक्ति१#: ठीक छ, तपाईं कसरी फर्कनुहुन्छ? बसबाट कि ट्याक्सीबाट?
#व्यक्ति२#: मलाई लाग्छ म ट्याक्सी लिन्छु। कहाँबाट ट्याक्सी पाउन सक्छु, तपाईंलाई थाहा छ?
#व्यक्ति१#: ओहो, सडकको छेउमा पर्खनुहोस्। म तपाईंसँगै पर्खन्छु।
#व्यक्ति२#: ठीक छ, धन्यवाद। लन्डनका सबै ट्याक्सीहरू कालो हुन्छन्?
#व्यक्ति१#: खैर, केही हुन्छन्। के यो लन्डनमा तपाईंको पहिलो पटक हो?
#व्यक्ति२#: हो। यहाँ ट्याक्सी चालकहरूलाई अतिरिक्त पैसा दिनुहुन्छ?
#व्यक्ति१#: ओहो, हो। हेर्नुहोस्, एउटा आयो। ट्याक्सी!
#व्यक्ति२#: धन्यवाद। भोलि भेटौँला।",श्री ग्रिनले #व्यक्ति१# लाई आफू ट्याक्सीबाट होटल फर्कनु राम्रो हुने बताउँछन्। #व्यक्ति१# ले उनीसँगै पर्खने प्रस्ताव गर्छन्।,संवादमा दुई व्यक्तिहरू बीच हुने बोलतिर श्रीमान ग्रीनले ट्याक्सी लिने बारे भनेका थिए। त्यसपछि दुई व्यक्तिहरू ट्याक्सी लिने बारे बोलेर ट्याक्सी चालकलाई सोधेका थिए।,संवादमा दुई व्यक्तिहरू बीच हुने बोलतिर श्रीमान ग्रीनले ट्याक्सी लिने बारे भनेका थिए। त्यसपछि दुई व्यक्तिहरू ट्याक्सी लिने बारे बोलेर ट्याक्सी चालकलाई सोधेका थिए।,,
train_4459,English,an art competition,"#Person1#: There is a really good art competition in teens news.
 #Person2#: Isn't that the one that's on every year? You have to paint a picture of your family or your friends.
 #Person1#: This year it's a picture of the countryside.
 #Person2#: Can I enter then?
 #Person1#: Neither of us can. You're too old at 16.
 #Person2#: Isn't your younger sister good at art?
 #Person1#: Yes, she might like to enter.
 #Person2#: What does she draw with?
 #Person1#: Colored pencils mostly and sometimes oil paints. She hates using watercolors though.
 #Person2#: Look here, she won't be able to use oils in this competition.
 #Person1#: That's OK. She prefers colored pencils anyway.
 #Person2#: Oh, look at this. They're giving away some great prizes, a computer, a television and a camera among other things.
 #Person1#: Who gets the computer then? The winner?
 #Person2#: No, the computer and camera are the second prize. Strange! I thought the computer would be the best prize.
 #Person1#: Yes, but look at the size of this screen, 60 inches. That's much better than a computer.",#Person1# and #Person2# are too old for an art competition while #Person1#'s younger sister may have a try with colored pencils. Then they talk about the great prizes offered by the competition.,"Here is a summary of the dialogue in two sentences:

Person 2 is interested in entering an art competition, but is too old at 16. Person 1 suggests their younger sister might be a good candidate, and they discuss the rules and prizes of the competition.","Here is a summary of the dialogue in two sentences:

Person 2 is interested in entering an art competition, but is too old at 16. Person 1 suggests their younger sister might be a good candidate, and they discuss the rules and prizes of the competition.",,
train_4459,Nepali,कला प्रतियोगिता,"#व्यक्ति१#: किशोर समाचारमा एउटा निकै राम्रो कला प्रतियोगिता छ।
#व्यक्ति२#: के त्यो हरेक वर्ष हुने प्रतियोगिता होइन? तपाईंले आफ्नो परिवार वा साथीहरूको चित्र बनाउनुपर्छ।
#व्यक्ति१#: यस वर्ष यो ग्रामीण क्षेत्रको चित्र हो।
#व्यक्ति२#: त्यसो भए के म सहभागी हुन सक्छु?
#व्यक्ति१#: हामी दुवै सक्दैनौँ। तपाईं १६ वर्षको भएकाले धेरै उमेरको हुनुभयो।
#व्यक्ति२#: तपाईंकी कान्छी बहिनी चित्रकलामा राम्रो छैनिन्?
#व्यक्ति१#: हो, उनलाई सहभागी हुन मन पर्न सक्छ।
#व्यक्ति२#: उनी के प्रयोग गरेर चित्र बनाउँछिन्?
#व्यक्ति१#: प्रायः रंगीन पेन्सिल र कहिलेकाहीँ तेलरंग। तर उनलाई जलरंग प्रयोग गर्न मन पर्दैन।
#व्यक्ति२#: यहाँ हेर, उनले यो प्रतियोगितामा तेलरंग प्रयोग गर्न पाउने छैनिन्।
#व्यक्ति१#: त्यो ठीक छ। उनलाई रंगीन पेन्सिल नै मन पर्छ।
#व्यक्ति२#: ओहो, यो हेर। उनीहरूले कम्प्युटर, टेलिभिजन र क्यामेरालगायत केही उत्कृष्ट पुरस्कारहरू दिइरहेका छन्।
#व्यक्ति१#: त्यसो भए कम्प्युटर कसले पाउँछ? विजेताले?
#व्यक्ति२#: होइन, कम्प्युटर र क्यामेरा दोस्रो पुरस्कार हुन्। अनौठो! मैले कम्प्युटर नै सबैभन्दा राम्रो पुरस्कार होला भन्ने सोचेको थिएँ।
#व्यक्ति१#: हो, तर यो पर्दाको आकार हेर, ६० इन्च। त्यो कम्प्युटरभन्दा धेरै राम्रो छ।",#व्यक्ति१# र #व्यक्ति२# कला प्रतियोगिताका लागि धेरै उमेरका छन् भने #व्यक्ति१# की कान्छी बहिनीले रंगीन पेन्सिल प्रयोग गरेर सहभागी हुने प्रयास गर्न सक्छिन्। त्यसपछि उनीहरू प्रतियोगिताले दिने उत्कृष्ट पुरस्कारहरूबारे कुरा गर्छन्।,किशोर समाचारमा निकै राम्रो कला प्रतियोगिता हो । तपाईंले आफ्नो परिवार वा साथीहरूको चित्र बनाउनुपर्छ । तपाईं १६ वर्षको भएकाले धेरै उमेरको हुनुभयो । तपाईंकी कान्छी बहिनी चित्रकलामा राम्रो छैनिन् । उनलाई सहभागी हुन मन पर्न सक्छ । उनले रंगीन पेन्सिल प्रयोग गर्न मन पर्दछ । उनले कम,किशोर समाचारमा निकै राम्रो कला प्रतियोगिता हो । तपाईंले आफ्नो परिवार वा साथीहरूको चित्र बनाउनुपर्छ । तपाईं १६ वर्षको भएकाले धेरै उमेरको हुनुभयो । तपाईंकी कान्छी बहिनी चित्रकलामा राम्रो छैनिन् । उनलाई सहभागी हुन मन पर्न सक्छ । उनले रंगीन पेन्सिल प्रयोग गर्न मन पर्दछ । उनले कम,,
train_4490,English,vacation plan,"#Person1#: Hi, darling! I have a one-month vacation saved up. How about a trip to Europe?
 #Person2#: I could go for that. But I'm afraid our budget is a little tight this year.
 #Person1#: Oh, but I really need to leave this town for a change. Working day after day has worn me out. Do you have any other suggestions?
 #Person2#: We should probably think about going somewhere that isn't too far away. How about the countryside? There must be many interesting places, and we could enjoy the fresh air.
 #Person1#: Wonderful! I think that's a great idea How soon until we can make this happen? I can't wait!
 #Person2#: Tomorrow I have an appointment with my dentist. What about next Monday?
 #Person1#: Perfect. I'II start preparing tomorrow. If we re going to drive, l'II need to fill up the tank.
 #Person2#: No need. I think it's still plenty full. Even so, I'd rather travel by bus or train. It would cost much less than driving. Oil prices are soaring nowadays, you know.
 #Person1#: We can take the train, that will be faster. I'II book the tickets tomorrow morning.
 #Person2#: Great! Oh, one more thing, don't forget to check the weather before we go. I'd hate to get caught in the rain.
 #Person1#: No problem. I'm really looking forward to the coming week.
 #Person2#: Me, too. Now let's make a list for what we need to with us.",#Person1# and #Person2# are planning their vacation. #Person1# wants a trip to Europe but #Person2# disagrees because their budget is tight. They finally agree on taking the train to the countryside next Monday. #Person2# reminds #Person1# to check the weather.,"Person 1 suggests a trip to Europe, but Person 2 suggests a more budget-friendly option, such as a trip to the countryside. They decide to take the train and plan to go next Monday, with Person 1 booking the tickets and Person 2 reminding them to check the weather.","Person 1 suggests a trip to Europe, but Person 2 suggests a more budget-friendly option, such as a trip to the countryside. They decide to take the train and plan to go next Monday, with Person 1 booking the tickets and Person 2 reminding them to check the weather.",,
train_4490,Nepali,काम गर्ने मान्छे राख्नु,"#व्यक्ति१#: प्रिय, म फर्किएँ। तिमी के गर्दैछौ?
#व्यक्ति२#: म लुगा धोइरहेको छु। के तिमीलाई भोक लागेको छ? एकछिन पर्ख, म तिम्रो लागि खाना पकाउँछु। (स्टिभनले निधार खुम्च्याउँछन्।)
#व्यक्ति१#: बी, के हामीले एउटा काम गर्ने मान्छे राख्ने?
#व्यक्ति२#: म सबै घरको काम गर्न सक्छु। हामीलाई काम गर्ने मान्छे चाहिँदैन।
#व्यक्ति१#: तिमीले कार्यालयमा धेरै मेहनत गरेकी छौ। यदि कसैले तिमीलाई सहयोग गर्‍यो भने तिमीले अझ बढी आराम गर्न सक्छौ।
#व्यक्ति२#: हामीलाई साँच्चै आवश्यक छैन।
#व्यक्ति१#: तिमी असल श्रीमती हौ, जुलिया। तर तिमीले आफ्नो ख्याल राख्नुपर्छ।
#व्यक्ति२#: मलाई यसबारे सोच्न केही समय देऊ।",#व्यक्ति१# ले धेरै काम गर्ने जुलियाका लागि घरको काम गर्न सहयोगी राख्ने सुझाव दिन्छन्। जुलियाले सोच्ने बताउँछिन्।,सारांश: स्टिभन र जुलिया बीचको संवादमा स्टिभनले जुलियालाई खाना पकाउने लागि खुम्च्याउँछन्। जुलियाले काम गर्ने मान्छे राख्ने आवश्यकता नभएको भन्दै काम गर्ने मान्छे चाहिँदैन भन्दै संवादमा भाग लाउँछन्।,सारांश: स्टिभन र जुलिया बीचको संवादमा स्टिभनले जुलियालाई खाना पकाउने लागि खुम्च्याउँछन्। जुलियाले काम गर्ने मान्छे राख्ने आवश्यकता नभएको भन्दै काम गर्ने मान्छे चाहिँदैन भन्दै संवादमा भाग लाउँछन्।,,
train_4532,English,a cold,"#Person1#: Good afternoon, doctor.
 #Person2#: Good afternoon, Mrs. Brown. Well, what's wrong with this little boy?
 #Person1#: He is my son, Jim. He's got a cough.
 #Person2#: How long has he had it?
 #Person1#: Ever since last night.
 #Person2#: Has he had anything to eat today?
 #Person1#: Yes. He had a little milk and an egg this morning.
 #Person2#: Well, Mrs. Brown, I think he's caught a cold.
 #Person1#: Is it serious?
 #Person2#: No, it's nothing serious, but he'd better stay at home and rest.
 #Person1#: Thank you very much.
 #Person2#: You're welcome.","Mrs. Brown takes her son Jim to see #Person2#, the doctor, as Jim got a cough. #Person2# says Jim has caught a cold.",Mrs. Brown brought her son Jim to see the doctor because he had a cough that started the night before. The doctor diagnosed Jim with a cold and advised him to stay home and rest.,Mrs. Brown brought her son Jim to see the doctor because he had a cough that started the night before. The doctor diagnosed Jim with a cold and advised him to stay home and rest.,,
train_4532,Nepali,रुघा,"#व्यक्ति१#: शुभ अपराह्न, डाक्टर।
#व्यक्ति२#: शुभ अपराह्न, श्रीमती ब्राउन। ल, यो सानो केटालाई के भएको छ?
#व्यक्ति१#: यो मेरो छोरा जिम हो। उसलाई खोकी लागेको छ।
#व्यक्ति२#: उसलाई यो कहिलेदेखि भएको हो?
#व्यक्ति१#: हिजो रातिदेखि नै।
#व्यक्ति२#: उसले आज केही खाएको छ?
#व्यक्ति१#: हो। उसले आज बिहान अलिकति दूध र एउटा अण्डा खायो।
#व्यक्ति२#: ल, श्रीमती ब्राउन, मलाई लाग्छ उसलाई रुघा लागेको छ।
#व्यक्ति१#: के यो गम्भीर छ?
#व्यक्ति२#: होइन, यो गम्भीर कुरा होइन, तर उसले घरमै बसेर आराम गर्नु राम्रो हुन्छ।
#व्यक्ति१#: धेरै धन्यवाद।
#व्यक्ति२#: स्वागत छ।","श्रीमती ब्राउन आफ्नो छोरा जिमलाई डाक्टर #व्यक्ति२# लाई देखाउन लैजान्छिन्, किनभने जिमलाई खोकी लागेको छ। #व्यक्ति२# ले जिमलाई रुघा लागेको बताउँछन्।",सारांश: श्रीमती ब्राउनले जिमको खोकी लागेको बारे जानकारी दिएर उसलाई रुघा लागेको भनेर सुझाव दिएकी थिइन्।,सारांश: श्रीमती ब्राउनले जिमको खोकी लागेको बारे जानकारी दिएर उसलाई रुघा लागेको भनेर सुझाव दिएकी थिइन्।,,
train_4560,English,go to bookstore,"#Person1#: What are you reading?
 #Person2#: Oh, it ' s the latest novel by Ray Blue. It ' s a sic-fi thriller.
 #Person1#: I thought he usually wrote horror books.
 #Person2#: He does. He ' s good at this genre too. It ' s a captivating read.
 #Person1#: We ' re going to the bookshop. Would you like to join us?
 #Person2#: Yes, I would. I need to buy a textbook for my course and, as you know, I love browsing through the latest paperbacks.
 #Person1#: Me too. I need something to read on the flight to New York. I can never sleep on planes. Sarah wants to pick up some children ' s books for her daughter.
 #Person2#: I want to look at nelson Mandela ' s autobiography.
 #Person1#: This is sure to be a worthwhile read.",#Person2# is reading a sic-fi thriller by Ray Blue. #Person1# invites #Person2# to the book store and #Person2# agrees.,"Here is a summary of the dialogue in two sentences:

Person 2 is reading a science fiction novel by Ray Blue, who is known for writing horror books. Person 2 agrees to join Person 1 and others at the bookshop to buy a textbook and browse through the latest paperbacks.","Here is a summary of the dialogue in two sentences:

Person 2 is reading a science fiction novel by Ray Blue, who is known for writing horror books. Person 2 agrees to join Person 1 and others at the bookshop to buy a textbook and browse through the latest paperbacks.",,
train_4560,Nepali,किताब पसल जानु,"#Person1#: तपाईं के पढ्दै हुनुहुन्छ?
 #Person2#: ओह, यो रे ब्लूको पछिल्लो उपन्यास हो। यो साइ-फाइ थ्रिलर हो।
 #Person1#: मलाई लाग्यो उहाँ सामान्यतया हॉरर किताब लेख्नुहुन्छ।
 #Person2#: उहाँ त्यही गर्नुहुन्छ। उहाँ यो विधामा पनि राम्रा हुनुहुन्छ। यो आकर्षक पढाइ हो।
 #Person1#: हामी किताब पसल जाँदैछौं। तपाईं हामीसँग आउन चाहनुहुन्छ?
 #Person2#: हो, चाहन्छु। मलाई मेरो कोर्सका लागि पाठ्यपुस्तक किन्नुपर्छ र, तपाईंलाई थाहा छ, मलाई पछिल्ला पेपरब्याकहरू हेर्न मन पर्छ।
 #Person1#: मलाई पनि। मलाई न्युयोर्कको उडानमा पढ्न केही चाहिन्छ। म प्लेनमा कहिल्यै सुत्न सक्दिनँ। सारा आफ्नी छोरीका लागि केही बालकथा किताब किन्न चाहन्छिन्।
 #Person2#: म नेल्सन मण्डेलाको आत्मकथा हेर्न चाहन्छु।
 #Person1#: यो अवश्य उपयोगी पढाइ हुनेछ।",#Person2# रे ब्लूको साइ-फाइ थ्रिलर पढ्दैछन्। #Person1# ले किताब पसल जान निम्तो दिन्छन् र #Person2# सहमत हुन्छन्।,संवादमा दुई व्यक्तिहरू ब्लूको पछिल्लो उपन्यास पढ्दै हुनुहुन्छ। तपाईंले उहाँको किताबले आकर्षित भएर तपाईंले किताब पसल जाँदैछौं। तपाईंले तपाईंलाई किन्नुपर्ने किताब के हो? तपाईंले न्युयोर्कको उडानमा पढ्न केही चाहिन्छ। तपाईंले सारा आफ्नी छोरीका लागि,संवादमा दुई व्यक्तिहरू ब्लूको पछिल्लो उपन्यास पढ्दै हुनुहुन्छ। तपाईंले उहाँको किताबले आकर्षित भएर तपाईंले किताब पसल जाँदैछौं। तपाईंले तपाईंलाई किन्नुपर्ने किताब के हो? तपाईंले न्युयोर्कको उडानमा पढ्न केही चाहिन्छ। तपाईंले सारा आफ्नी छोरीका लागि,,
train_4629,English,daily casual talk,"#Person1#: Hey, Bobby, how long have you been here?
 #Person2#: Oh, hi, Judy. I started swimming this morning at six.
 #Person1#: Goodness! That's early! I got here at six.
 #Person2#: Do you have any class right after you finish?
 #Person1#: No, I don't go to class until 10:00. How about you?
 #Person2#: I'll have a class at 11:00, I usually go out for breakfast after I swim. Would you like to join me today?
 #Person1#: See, that sounds like fun. Let me finish and I'll meet you outside.
 #Person2#: OK, see you then.",Bobby and Judy talk about their class schedules and decide to go swimming together.,"Here is a summary of the dialogue in two sentences:

Judy and Bobby (who are likely at a pool or aquatic facility) start a conversation about their early morning swim. They make plans to meet up for breakfast after Bobby finishes swimming, with Judy agreeing to meet him outside.","Here is a summary of the dialogue in two sentences:

Judy and Bobby (who are likely at a pool or aquatic facility) start a conversation about their early morning swim. They make plans to meet up for breakfast after Bobby finishes swimming, with Judy agreeing to meet him outside.",,
train_4629,Nepali,दैनिक सामान्य कुराकानी,"#व्यक्ति१#: ए, बबी, तिमी यहाँ कति समयदेखि छौ?
#व्यक्ति२#: ओहो, नमस्ते जुडी। मैले आज बिहान ६ बजे पौडी खेल्न सुरु गरेको थिएँ।
#व्यक्ति१#: हे भगवान्! यति चाँडै! म पनि ६ बजे यहाँ आएको थिएँ।
#व्यक्ति२#: तिमी पौडी सकेपछि तुरुन्तै कक्षा छ?
#व्यक्ति१#: छैन, मेरो कक्षा १० बजे मात्र सुरु हुन्छ। तिम्रो नि?
#व्यक्ति२#: मेरो कक्षा ११ बजे छ। म प्रायः पौडी खेलेपछि बिहानको खाना खान बाहिर जान्छु। के आज तिमी पनि मसँग आउन चाहन्छौ?
#व्यक्ति१#: त्यो त रमाइलो हुने रहेछ। मलाई सक्न देऊ, अनि म बाहिर भेट्छु।
#व्यक्ति२#: ठीक छ, भेटौँला।",बबी र जुडी आफ्नो कक्षाको समयबारे कुरा गर्छन् र सँगै पौडी खेल्न जाने निर्णय गर्छन्।,व्यक्ति १ले व्यक्ति २लाई पौडी खेल्ने बारे पूछ्यो । व्यक्ति २ले ६ बजे पौडी खेल्ने बारे भन्यो । व्यक्ति १ले पौडी खेलेपछि कक्षा सुरु हुने बारे भन्यो । व्यक्ति २ले पौडी खेलेपछि खाना खान बाहिर जाने बारे भन्यो । व्यक्ति १ले व्यक्ति २लाई खाना खान बाह,व्यक्ति १ले व्यक्ति २लाई पौडी खेल्ने बारे पूछ्यो । व्यक्ति २ले ६ बजे पौडी खेल्ने बारे भन्यो । व्यक्ति १ले पौडी खेलेपछि कक्षा सुरु हुने बारे भन्यो । व्यक्ति २ले पौडी खेलेपछि खाना खान बाहिर जाने बारे भन्यो । व्यक्ति १ले व्यक्ति २लाई खाना खान बाह,,
train_4639,English,course advice,"#Person1#: Let's program your courses. Since you have had English literature, you should take American literature and American prose and fiction. You transcript indicate that your English background is strong, so I don't think you have any problem with it. 
 #Person2#: How many credits for each course? 
 #Person1#: Three, you also should take two three-credit-course in education department. 
 #Person2#: Thank you, sir, I'm sure I will.",#Person1# helps #Person2# program #Person2#'s courses and introduces the credits for each course.,"Here is a summary of the dialogue in two sentences:

Person 1 recommends that Person 2 take American literature and American prose and fiction, both 3-credit courses, based on their strong English background. Person 1 also suggests that Person 2 take two 3-credit courses in the education department.","Here is a summary of the dialogue in two sentences:

Person 1 recommends that Person 2 take American literature and American prose and fiction, both 3-credit courses, based on their strong English background. Person 1 also suggests that Person 2 take two 3-credit courses in the education department.",,
train_4639,Nepali,पाठ्यक्रमसम्बन्धी सुझाव,"#व्यक्ति१#: तिम्रा विषयहरूको योजना बनाऔँ। तिमीले अङ्ग्रेजी साहित्य पढिसकेकाले अमेरिकी साहित्य तथा अमेरिकी गद्य र कथा लिनुपर्छ। तिम्रो शैक्षिक विवरणले तिम्रो अङ्ग्रेजी पृष्ठभूमि बलियो रहेको देखाउँछ, त्यसैले यसमा तिमीलाई कुनै समस्या हुनेछ जस्तो मलाई लाग्दैन।
#व्यक्ति२#: प्रत्येक विषयका लागि कति श्रेयाङ्क छन्?
#व्यक्ति१#: तीन। तिमीले शिक्षा विभागमा तीन-तीन श्रेयाङ्क भएका दुईवटा विषय पनि लिनुपर्छ।
#व्यक्ति२#: धन्यवाद, सर। म पक्कै लिन्छु।",#व्यक्ति१# ले #व्यक्ति२# लाई #व्यक्ति२# का पाठ्यक्रमहरू मिलाउन सहयोग गर्छन् र प्रत्येक पाठ्यक्रमका लागि आवश्यक श्रेयाङ्कबारे जानकारी दिन्छन्।,व्यक्ति १ले व्यक्ति २लाई अमेरिकी साहित्य तथा अमेरिकी गद्य र कथा लिनुपर्ने सुझाव दियो ।,व्यक्ति १ले व्यक्ति २लाई अमेरिकी साहित्य तथा अमेरिकी गद्य र कथा लिनुपर्ने सुझाव दियो ।,,
train_4721,English,share a taxi,"#Person1#: Shall we share a taxi?
 #Person2#: Where are you heading now?
 #Person1#: I want to go back to my college on the Huanghe road. It is very close to your house.
 #Person2#: Is that the university next to the Teachers'College?
 #Person1#: That's the one.
 #Person2#: You mean we'll share the taxi?
 #Person1#: Yeah. If we share the cab, it'll be cheaper. Besides that your Chinese is better than mine. The drivers usually have difficulty understanding me even though I practice my pronunciation carefully.
 #Person2#: Well. Don't worry about it, I will be happy to share the taxi with you.",#Person1# wants to share the taxi with #Person2#. #Person2# agrees after noticing the destination and advantages.,"Here is a summary of the dialogue in two sentences:

Person 1 asks Person 2 if they want to share a taxi, and Person 2 asks where they are heading. Person 1 explains that they are going to their college on Huanghe road, which is close to Person 2's house, and Person 2 agrees to share the taxi.","Here is a summary of the dialogue in two sentences:

Person 1 asks Person 2 if they want to share a taxi, and Person 2 asks where they are heading. Person 1 explains that they are going to their college on Huanghe road, which is close to Person 2's house, and Person 2 agrees to share the taxi.",,
train_4721,Nepali,ट्याक्सी बाँड्नु,"#व्यक्ति१#:	के हामी ट्याक्सी साझा गरौँ?
#व्यक्ति२#:	तपाईं अहिले कहाँ जाँदै हुनुहुन्छ?
#व्यक्ति१#:	म ह्वाङ्हे सडकमा रहेको आफ्नो कलेजमा फर्कन चाहन्छु। यो तपाईंको घरको धेरै नजिक छ।
#व्यक्ति२#:	के त्यो शिक्षक कलेजको छेउमा रहेको विश्वविद्यालय हो?
#व्यक्ति१#:	हो, त्यही हो।
#व्यक्ति२#:	तपाईंको मतलब हामी ट्याक्सी साझा गर्ने?
#व्यक्ति१#:	हो। यदि हामी ट्याक्सी साझा गर्‍यौँ भने, यो सस्तो हुनेछ। त्यसबाहेक तपाईंको चिनियाँ भाषा मेरोभन्दा राम्रो छ। मैले आफ्नो उच्चारण ध्यानपूर्वक अभ्यास गरे पनि चालकहरूलाई सामान्यतया मलाई बुझ्न गाह्रो हुन्छ।
#व्यक्ति२#:	खैर। चिन्ता नगर्नुहोस्, म तपाईंसँग ट्याक्सी साझा गर्न खुसी हुनेछु।
",#व्यक्ति१# #व्यक्ति२# सँग ट्याक्सी बाँड्न चाहन्छन्। #व्यक्ति२# ले गन्तव्य र फाइदाहरू थाहा पाएपछि सहमत हुन्छन्।,व्यक्ति १ले व्यक्ति २लाई ट्याक्सी साझा गर्ने प्रस्ताव दियो ।,व्यक्ति १ले व्यक्ति २लाई ट्याक्सी साझा गर्ने प्रस्ताव दियो ।,,
train_4747,English,past memories,"#Person1#: What were you like when you were my age?
 #Person2#: That was a long time ago, I was a lot like you actually. I loved art and I took dance lessons.
 #Person1#: I like art, too.
 #Person2#: I know you do. I have hung a lot of your paintings up in the living room. I was also very shy and I didn't make friends very easily. Do you want to see some photos of me when I was little?
 #Person1#: Yeah.
 #Person2#: Here I am on Easter Sunday. Look at my silly hat and here I am with the family dog Buttons. He was so sweet. Oh, look this is me with your mother when she was little. She looks just like you.
 #Person1#: I think she looks like you.
 #Person2#: She does look like me. I'm her mother after all.
 #Person1#: When did you meet me?
 #Person2#: When you were born, I was at the hospital when your mother had you and I was the third person to hold you. Your grandfather was the fourth. He would be very proud of you if he were still with us today. You're a wonderful little boy.",#Person2# shows her grandson some pictures of her own when she was young. #Person2# tells her grandson she was the third person to hold him.,"Here is a summary of the dialogue in two sentences:

Person 2 reminisces about their childhood, sharing that they were shy and loved art, and notes that Person 1 is similar in their interests. Person 2 then shows Person 1 old photos from their childhood and shares stories about their family, including their relationship with Person 1's mother.","Here is a summary of the dialogue in two sentences:

Person 2 reminisces about their childhood, sharing that they were shy and loved art, and notes that Person 1 is similar in their interests. Person 2 then shows Person 1 old photos from their childhood and shares stories about their family, including their relationship with Person 1's mother.",,
train_4747,Nepali,विगतका सम्झनाहरू,"#व्यक्ति१#: म तिम्रो उमेरको हुँदा तिमी कस्तो थियौ?
#व्यक्ति२#: त्यो धेरै पुरानो कुरा हो। वास्तवमा म तिमीजस्तै थिएँ। मलाई कला मन पर्थ्यो र म नृत्य सिक्थेँ।
#व्यक्ति१#: मलाई पनि कला मन पर्छ।
#व्यक्ति२#: मलाई थाहा छ। मैले तिम्रा धेरै चित्रहरू बैठक कोठामा झुन्ड्याएकी छु। म सानैमा धेरै लजालु पनि थिएँ र साथी बनाउन सजिलो थिएन। के तिमी म सानो हुँदा खिचिएका फोटोहरू हेर्न चाहन्छौ?
#व्यक्ति१#: चाहन्छु।
#व्यक्ति२#: यहाँ म इस्टर आइतबारमा छु। मेरो यो रमाइलो टोपी हेर। अनि यहाँ म परिवारको कुकुर बटन्ससँग छु। ऊ धेरै मायालु थियो। ओहो, यो तिम्री आमासँग सानो हुँदा खिचेको फोटो हो। उनी तिमी जस्तै देखिन्छिन्।
#व्यक्ति१#: मलाई लाग्छ उनी तिमीजस्तै देखिन्छिन्।
#व्यक्ति२#: उनी म जस्तै देखिन्छिन्। आखिर उनी मेरी छोरी हुन्।
#व्यक्ति१#: तिमीले मलाई कहिले भेटेकी थियौ?
#व्यक्ति२#: तिमी जन्मिँदा। तिम्री आमा अस्पतालमा हुँदा म त्यहाँ थिएँ र तिमीलाई समात्ने तेस्रो व्यक्ति म थिएँ। तिम्रो हजुरबुबा चौथो व्यक्ति हुनुहुन्थ्यो। उहाँ अहिले हामीसँग हुनुहुन्थ्यो भने तिमीमाथि धेरै गर्व गर्नुहुन्थ्यो। तिमी अद्भुत सानो छोरा हौ।",#व्यक्ति२# ले आफ्नो नातिलाई आफू सानो हुँदा खिचिएका फोटोहरू देखाउँछिन् र आफूले जन्मिएको बेला उसलाई तेस्रो पटक समातेको बताउँछिन्।,व्यक्ति १ले व्यक्ति २लाई प्रश्न गरे कि तिमी कस्तो थियौ तिम्रो उमेरको हुँदा? व्यक्ति २ले त्यो धेरै पुरानो कुरा हो भनी जवाब दिए र त्यसपछि त्यसै उमेरमा तिमी जस्तै थिएँ भनी संवादमा प्रवेश गर्यो।,व्यक्ति १ले व्यक्ति २लाई प्रश्न गरे कि तिमी कस्तो थियौ तिम्रो उमेरको हुँदा? व्यक्ति २ले त्यो धेरै पुरानो कुरा हो भनी जवाब दिए र त्यसपछि त्यसै उमेरमा तिमी जस्तै थिएँ भनी संवादमा प्रवेश गर्यो।,,
train_4770,English,travel,"#Person1#: How many people are traveling with you today, miss?
 #Person2#: Just me. I'm traveling alone.
 #Person1#: And how many bags do you have?
 #Person2#: Just one carry-on and one that I want to check.
 #Person1#: You must be going to some island to relax in the sun where all you need is a swim suit and a toothbrush.
 #Person2#: That's right.
 #Person1#: Well, you have fun.
 #Person2#: I will have fun.",#Person2# tells #Person1# she's travelling alone. #Person1# checks the bag and lets her go.,"The speaker is traveling alone and has two bags, one to check and one as a carry-on. She is going to a destination where she only needs a swimsuit and a toothbrush.","The speaker is traveling alone and has two bags, one to check and one as a carry-on. She is going to a destination where she only needs a swimsuit and a toothbrush.",,
train_4770,Nepali,यात्रा,"#Person1#: आज तपाईंसँग कति जना यात्रा गर्दैछन्, मिस?
 #Person2#: म मात्र। म एक्लै यात्रा गर्दैछु।
 #Person1#: र तपाईंसँग कति झोला छन्?
 #Person2#: एउटा क्यारी-अन र एउटा चेक गर्न चाहेको।
 #Person1#: तपाईं अवश्य कुनै टापुमा घाममा आराम गर्न जाँदै हुनुहुन्छ जहाँ स्विम सुट र टुथब्रस मात्र चाहिन्छ।
 #Person2#: ठीक छ।
 #Person1#: खैर, रमाइलो गर्नुहोस्।
 #Person2#: म रमाइलो गर्नेछु।",#Person2# ले #Person1# लाई उनी एक्लै यात्रा गर्दैछिन् भन्छिन्। #Person1# झोला जाँच गर्छन् र जान दिन्छन्।,"संवादमा दुईजना मित्रहरू बीच एक यात्रामा भएको संवाद हो। एक मित्रले दोस्रो मित्रलाई कति जना यात्रा गर्दैछन्, कति झोला छन्, कति टापुमा घाममा आराम गर्न जाँदै हुनुहुन्छ र कति सामान चाहिन्छ भन्दै प्रश्न गर्दछन्। दोस्रो मित्रले एउटा क्यारी-अन र एउटा चेक गर्न चाहेक","संवादमा दुईजना मित्रहरू बीच एक यात्रामा भएको संवाद हो। एक मित्रले दोस्रो मित्रलाई कति जना यात्रा गर्दैछन्, कति झोला छन्, कति टापुमा घाममा आराम गर्न जाँदै हुनुहुन्छ र कति सामान चाहिन्छ भन्दै प्रश्न गर्दछन्। दोस्रो मित्रले एउटा क्यारी-अन र एउटा चेक गर्न चाहेक",,
train_4833,English,baby is crying,"#Person1#: The baby is crying again. 
 #Person2#: Leave him alone, he'll soon stop. 
 #Person1#: How can you do so? Perhaps something is wrong with him. Let's go and see him. 
 #Person2#: OK. Nothing serious. He just wants us to be with him.",#Person1# worries about the crying baby. #Person2# thinks it's nothing serious.,"The baby is crying, and Person 1 is concerned that something may be wrong with him. Person 2 reassures Person 1 that the baby is fine and just wants attention.","The baby is crying, and Person 1 is concerned that something may be wrong with him. Person 2 reassures Person 1 that the baby is fine and just wants attention.",,
train_4833,Nepali,बच्चा रोइरहेको,"#व्यक्ति१#: बच्चा फेरि रोइरहेको छ।
#व्यक्ति२#: उसलाई छोडिदेऊ, ऊ चाँडै रोकिनेछ।
#व्यक्ति१#: तिमी यस्तो कसरी भन्न सक्छौ? सायद उसलाई केही समस्या भएको छ। जाऔँ, हेरौँ।
#व्यक्ति२#: ठीक छ। केही गम्भीर छैन। ऊ केवल हामी उसको साथमा रहोस् भन्ने चाहन्छ।",#व्यक्ति१# रोइरहेको बच्चाको चिन्ता गर्छन्। #व्यक्ति२# ले केही गम्भीर समस्या नभएको सोच्छन्।,"बच्चालाई छोडिदेऊ, ऊ चाँडै रोकिनेछ।","बच्चालाई छोडिदेऊ, ऊ चाँडै रोकिनेछ।",,
train_4872,English,computer,"#Person1#: Hi, Lily, are you still at Jane's house?
 #Person2#: Yeah, why? We're just playing some games.
 #Person1#: Computer games? I've been looking for my notebook computer.
 #Person2#: Oh, sorry. I've just borrowed it for the evening. Hope you don't mind.
 #Person1#: Oh, honestly! You're always using my things without asking me, and I've got this really important homework project! Now what am I going to do?
 #Person2#: Use Dad's computer instead. He won't mind.
 #Person1#: Look, I can't do that - I've got everything saved on mine.",Lily borrowed #Person1#'s computer without asking. #Person1# needs the computer urgently to do the homework project because #Person1# has got everything saved on it.,"Person 1's notebook computer was borrowed by Person 2 without permission, and Person 1 needs it for an important homework project. Person 2 suggests using Person 1's dad's computer instead.","Person 1's notebook computer was borrowed by Person 2 without permission, and Person 1 needs it for an important homework project. Person 2 suggests using Person 1's dad's computer instead.",,
train_4872,Nepali,कम्प्युटर,"#व्यक्ति१#: नमस्ते, लिली। तिमी अझै जेनको घरमा छौ?
#व्यक्ति२#: हो, किन? हामी त खेल खेलिरहेका छौँ।
#व्यक्ति१#: कम्प्युटर खेल? म मेरो नोटबुक कम्प्युटर खोजिरहेको छु।
#व्यक्ति२#: ओहो, माफ गर। मैले आज बेलुका मात्रका लागि उधारो लिएको हुँ। आशा छ तिमीलाई आपत्ति छैन।
#व्यक्ति१#: ओहो, साँच्चै! तिमी सधैँ मलाई नसोधी मेरा सामानहरू प्रयोग गर्छौ, अनि मेरो महत्त्वपूर्ण गृहकार्य परियोजना पनि छ! अब म के गरूँ?
#व्यक्ति२#: बुबाको कम्प्युटर प्रयोग गर न। उहाँलाई आपत्ति हुँदैन।
#व्यक्ति१#: हेर, म त्यसो गर्न सक्दिनँ। मेरो सबै कुरा यही कम्प्युटरमा सुरक्षित छ।",लिलीले नसोधी #व्यक्ति१# को कम्प्युटर लग्छिन्। #व्यक्ति१# लाई गृहकार्य परियोजनाका लागि कम्प्युटर तुरुन्त चाहिएको छ।,व्यक्ति १ले व्यक्ति २लाई प्रश्न गरे कि तिमी अझै जेनको घरमा छौ? व्यक्ति २ले खेल खेलिरहेको हो भन्दै प्रश्नमा उत्तर दिए। व्यक्ति १ले कम्प्युटर खोजिरहेको हो भन्दै प्रश्न गरे तर व्यक्ति २ले उधार लिएको हो भन्दै उत्तर दिए। व्यक्ति १ले त्यसो गर्न सक्दिनँ भन्दै,व्यक्ति १ले व्यक्ति २लाई प्रश्न गरे कि तिमी अझै जेनको घरमा छौ? व्यक्ति २ले खेल खेलिरहेको हो भन्दै प्रश्नमा उत्तर दिए। व्यक्ति १ले कम्प्युटर खोजिरहेको हो भन्दै प्रश्न गरे तर व्यक्ति २ले उधार लिएको हो भन्दै उत्तर दिए। व्यक्ति १ले त्यसो गर्न सक्दिनँ भन्दै,,
train_4884,English,social meeting,"#Person1#: Hi, I'm Benjamin. Nice to meet you here. You look great. 
 #Person2#: Thank you. Nice to meet you too. I'm John. Is this your first time to take a long-distance trip on plane. 
 #Person1#: No, this is the second time. But I also feel bad because of the lower pressure and the jet lag. 
 #Person2#: Oh, I am sorry to hear that. Take it easy. It will be OK soon. You see, I take this long-hour plane frequently, but the jet lag still makes me uneasy. 
 #Person1#: Oh, that's too bad. Do you get a good knowledge of China? 
 #Person2#: Yes, whenever I think about China, I'd see the Tian'an Men Square. China is a very beautiful country. And I've seen many landmarks in China but I like the Great Wall most. 
 #Person1#: All of the Chinese are proud of the Great Wall. And it was built before the Qin dynasty near Shan Haiguan-the First Pass in the World. 
 #Person2#: Was it built before the Qin dynasty? I thought it was in the Ming dynasty. 
 #Person1#: No, before the Qin dynasty. 
 #Person2#: Oh, yeah. Thought I am an American, I know quite a lot about China and I like Chinese tea very well. 
 #Person1#: Both the green tea and the black tea are good for our health. And I usually refresh myself with a cup of tea.","John meets Benjamin. Benjamin feels bad because of the jet lag, then they begin to talk about the knowledge of China, including the Grea Wall and Chinese tea.","Here is a two-sentence summary of the dialogue:

Benjamin and John meet on a plane and strike up a conversation, with John offering words of encouragement to Benjamin who is experiencing jet lag. They discuss their knowledge of China, with John sharing his fondness for the country and its landmarks, including the Great Wall, and Benjamin correcting John's misconception about the Great Wall's construction period.","Here is a two-sentence summary of the dialogue:

Benjamin and John meet on a plane and strike up a conversation, with John offering words of encouragement to Benjamin who is experiencing jet lag. They discuss their knowledge of China, with John sharing his fondness for the country and its landmarks, including the Great Wall, and Benjamin correcting John's misconception about the Great Wall's construction period.",,
train_4884,Nepali,सामाजिक भेटघाट,"#व्यक्ति१#:	नमस्ते, म बेन्जामिन हुँ। यहाँ तपाईंलाई भेटेर खुसी लाग्यो। तपाईं राम्रो देखिनुहुन्छ।
#व्यक्ति२#:	धन्यवाद। तपाईंलाई पनि भेटेर खुसी लाग्यो। म जोन हुँ। के यो तपाईंले विमानमा लामो दूरीको यात्रा गर्न लागेको पहिलो पटक हो?
#व्यक्ति१#:	होइन, यो दोस्रो पटक हो। तर न्यून वायुदाब र समयको फरकका कारण मलाई पनि नराम्रो लाग्छ।
#व्यक्ति२#:	ओहो, यो सुन्दा मलाई दुःख लाग्यो। चिन्ता नगर्नुहोस्। चाँडै ठीक हुनेछ। हेर्नुहोस्, म यो लामो समय लाग्ने विमानमा बारम्बार यात्रा गर्छु, तर समयको फरकले अझै पनि मलाई असहज बनाउँछ।
#व्यक्ति१#:	ओहो, त्यो त नराम्रो भयो। के तपाईंलाई चीनबारे राम्रो ज्ञान छ?
#व्यक्ति२#:	हो, जब-जब म चीनबारे सोच्छु, म थ्यानआनमेन चोक देख्छु। चीन धेरै सुन्दर देश हो। र मैले चीनका धेरै प्रसिद्ध स्थलहरू देखेको छु, तर मलाई सबैभन्दा धेरै चीनको महान् पर्खाल मन पर्छ।
#व्यक्ति१#:	सबै चिनियाँहरू महान् पर्खालप्रति गर्व गर्छन्। र यो छिन वंशभन्दा अघि विश्वको पहिलो प्रवेशद्वार सान हाइग्वाननजिकै बनाइएको थियो।
#व्यक्ति२#:	के यो छिन वंशभन्दा अघि बनाइएको थियो? मलाई त यो मिङ वंशमा बनाइएको हो भन्ने लागेको थियो।
#व्यक्ति१#:	होइन, छिन वंशभन्दा अघि।
#व्यक्ति२#:	ओहो, हो। म अमेरिकी भए पनि, मलाई चीनबारे निकै धेरै थाहा छ र मलाई चिनियाँ चिया धेरै मन पर्छ।
#व्यक्ति१#:	हरियो चिया र कालो चिया दुवै हाम्रो स्वास्थ्यका लागि राम्रो छन्। र म सामान्यतया एक कप चियाले आफूलाई ताजा बनाउँछु।
","जोनले बेन्जामिनलाई भेट्छन्। बेन्जामिनलाई समय क्षेत्र परिवर्तनका कारण असहज महसुस हुन्छ, त्यसपछि उनीहरू चीनबारेको ज्ञान, जसमा ग्रेट वाल र चिनियाँ चिया पनि समावेश छन्, बारे कुरा गर्न थाल्छन्।","बेन्जामिन र जोन द्वारा भेट

बेन्जामिन र जोन द्वारा भेट भएको थियो । बेन्जामिनले जोनलाई नमस्ती गरेका थिए र जोनले बेन्जामिनलाई नमस्ती गरेका थिए । बेन्जामिनले जोनलाई भनेका थिए कि तपाईं राम्रो देखिनुहुन्छ । जोनले बेन्जामिनलाई भनेका थिए कि तपाईंलाई पनि भेटेर खुसी लाग","बेन्जामिन र जोन द्वारा भेट

बेन्जामिन र जोन द्वारा भेट भएको थियो । बेन्जामिनले जोनलाई नमस्ती गरेका थिए र जोनले बेन्जामिनलाई नमस्ती गरेका थिए । बेन्जामिनले जोनलाई भनेका थिए कि तपाईं राम्रो देखिनुहुन्छ । जोनले बेन्जामिनलाई भनेका थिए कि तपाईंलाई पनि भेटेर खुसी लाग",,
train_4954,English,mailing,"#Person1#: Hi, I would like to send this package to China, and these postcards as well.
 #Person2#: Very well. You will need some stamps for the postcards and I need to weigh that package, too.
 #Person1#: Great. How much is this going to cost?
 #Person2#: Well, it depends. Do you want to send it via priority, express or standard mail?
 #Person1#: What's the difference?
 #Person2#: Well, standard mail can take up to fifteen working days. Priority is a bit faster and will arrive in about five to eight working days. Express is the fastest, but it's also the most expensive. It only takes three days and you can track your package online.
 #Person1#: I see. Well, there's no rush. Please send it via priority mail. Please be extra careful, the contents of the package are fragile.","#Person1# wants to send something to China. As for the price, #Person2# introduces differences of priority, express, and standard mail. #Person1# chooses priority mail.","Here is a summary of the dialogue in two sentences:

The person sending the package wants to know the cost of sending it to China and is told that it depends on the type of mail service chosen. They decide to send the package via priority mail, which takes 5-8 working days, and ask the postal worker to be extra careful with the fragile contents.","Here is a summary of the dialogue in two sentences:

The person sending the package wants to know the cost of sending it to China and is told that it depends on the type of mail service chosen. They decide to send the package via priority mail, which takes 5-8 working days, and ask the postal worker to be extra careful with the fragile contents.",,
train_4954,Nepali,हुलाक पठाउनु,"#व्यक्ति१#: नमस्कार, म यो प्याकेज चीन पठाउन चाहन्छु र यी पोस्टकार्डहरू पनि।
#व्यक्ति२#: ठीक छ। पोस्टकार्डका लागि टिकट चाहिन्छ र म त्यो प्याकेजको तौल पनि नाप्नुपर्छ।
#व्यक्ति१#: राम्रो। यसको खर्च कति लाग्छ?
#व्यक्ति२#: त्यो निर्भर गर्छ। तपाईं प्राथमिक, छिटो वा सामान्य हुलाकमध्ये कुन प्रयोग गर्न चाहनुहुन्छ?
#व्यक्ति१#: फरक के हो?
#व्यक्ति२#: सामान्य हुलाकलाई १५ कार्य दिनसम्म लाग्न सक्छ। प्राथमिक हुलाक अलि छिटो हुन्छ र लगभग ५ देखि ८ कार्य दिनमा पुग्छ। छिटो हुलाक सबैभन्दा छिटो हुन्छ तर महँगो पनि हुन्छ। यसले ३ दिन मात्र लिन्छ र तपाईं अनलाइनबाट आफ्नो प्याकेज हेर्न सक्नुहुन्छ।
#व्यक्ति१#: बुझें। हतार छैन। कृपया प्राथमिक हुलाकबाट पठाइदिनुहोस्। कृपया विशेष ध्यान दिनुहोस्, प्याकेजभित्रका सामानहरू नाजुक छन्।",#व्यक्ति१# चीनमा सामान पठाउन चाहन्छन्। #व्यक्ति२# ले विभिन्न हुलाक सेवाको फरक बताउँछन् र #व्यक्ति१# ले प्राथमिक हुलाक रोज्छन्।,संवादमा भएको जानकारी मात्र समावेश गर्दै संवादलाई एक वाक्यमा सारांश गर्दै यस प्रकार लेख्न सकिन्छ- प्याकेज चीन पठाउन चाहने व्यक्तिले पोस्टकार्ड पठाउन चाहने व्यक्तिलाई टिकट चाहिन्छ र प्याकेजको तौल नाप्नुपर्छ।,संवादमा भएको जानकारी मात्र समावेश गर्दै संवादलाई एक वाक्यमा सारांश गर्दै यस प्रकार लेख्न सकिन्छ- प्याकेज चीन पठाउन चाहने व्यक्तिले पोस्टकार्ड पठाउन चाहने व्यक्तिलाई टिकट चाहिन्छ र प्याकेजको तौल नाप्नुपर्छ।,,
train_4972,English,TV programs,"#Person1#: What's on the box tonight, honey?
 #Person2#: Oh nothing much. There's Cartoon World at eight for an hour.
 #Person1#: Oh good.
 #Person2#: And then there's the football at nine twenty-five. I want to see that.
 #Person1#: Oh not again! Just a minute-what time does it finish? The last part of the detective play is on the other side at a quarter to eleven. I'd like to see that.
 #Person2#: Well, the football ends at eleven.
 #Person1#: You'll have to miss the last fifteen minutes then.
 #Person2#: You'll probably be asleep by then.
 #Person1#: No, I won't! Well, at least I can watch the news at nine.","#Person1# asks #Person2# what tonight's TV programs are. However, the two programs that they want to watch will clash.","Here is a summary of the dialogue in two sentences:

Person 2 mentions that there is a cartoon show on at 8pm and a football game at 9:25pm. Person 1 expresses interest in watching the detective play, which is on at 11:00pm, but it may conflict with the football game.","Here is a summary of the dialogue in two sentences:

Person 2 mentions that there is a cartoon show on at 8pm and a football game at 9:25pm. Person 1 expresses interest in watching the detective play, which is on at 11:00pm, but it may conflict with the football game.",,
train_4972,Nepali,टिभी कार्यक्रम,"#Person1#: प्रिय, आज राति टिभीमा के छ?
 #Person2#: ओह, खासै केही छैन। आठ बजे एक घण्टाको कार्टुन वर्ल्ड छ।
 #Person1#: ओह राम्रो।
 #Person2#: अनि नव्वे पच्चीसमा फुटबल छ। म त्यो हेर्न चाहन्छु।
 #Person1#: ओह फेरि होइन! एक मिनेट—यो कहिले सकिन्छ? क्वार्टर टु इलेभेनमा अर्को च्यानलमा जासुसी नाटकको अन्तिम भाग छ। म त्यो हेर्न चाहन्छु।
 #Person2#: खैर, फुटबल एघार बजे सकिन्छ।
 #Person1#: त्यसपछि तपाईंले अन्तिम पन्ध्र मिनेट छुटाउनुपर्नेछ।
 #Person2#: तपाईं त्यसबेलासम्म सुतिसक्नुहुनेछ।
 #Person1#: होइन, म सुतिनँ! खैर, कम्तीमा म नव्वे बजे समाचार हेर्न सक्छु।",#Person1# ले #Person2# लाई आज रातिको टिभी कार्यक्रम सोध्छन्। तर उनीहरूले हेर्न चाहेका दुई कार्यक्रमहरू एकै समयमा पर्छन्।,संवादमा दुई व्यक्तिहरू बीच टिभीमा के के छ भनी बात गर्दै दुई व्यक्तिहरू बीच टिभीमा के के छ भनी बात गर्दै दुई व्यक्तिहरू बीच टिभीमा के के छ भनी बात गर्दै दुई व्यक्तिहरू बीच टिभीमा के के छ भनी बात गर्दै दुई व्यक्तिहरू बीच टिभीमा के के छ भनी बात गर्दै दुई व्यक्तिहरू बीच,संवादमा दुई व्यक्तिहरू बीच टिभीमा के के छ भनी बात गर्दै दुई व्यक्तिहरू बीच टिभीमा के के छ भनी बात गर्दै दुई व्यक्तिहरू बीच टिभीमा के के छ भनी बात गर्दै दुई व्यक्तिहरू बीच टिभीमा के के छ भनी बात गर्दै दुई व्यक्तिहरू बीच टिभीमा के के छ भनी बात गर्दै दुई व्यक्तिहरू बीच,,
train_4975,English,self-propaganda,"#Person1#: You're campaign manager Julie. How do I convince the members of the student body to know that I'm the best candidate for school president?
 #Person2#: It won't be easy.
 #Person1#: Thanks a lot.
 #Person2#: I'm just kidding, Bob. Actually I think once we show everyone how well you did as junior class treasurer, you will win easily.
 #Person1#: How do you do that? Meet with all three thousand people who are members of the student body?
 #Person2#: Come on! What I'm thinking of first is hanging campaign posters in all the hallways where most of the students are sure to see them.
 #Person1#: That sounds good. But everyone puts up posters. What can we do differently?
 #Person2#: The campus radio station is willing to let you have five minutes tomorrow morning at seven o'clock to outline your plans for the year. Lots of students will be listening then.
 #Person1#: That's a great idea!
 #Person2#: I've also arranged for you to give a speech during dinner tomorrow. At least five hundred students will be there. You'll answer questions after you finish speaking.
 #Person1#: How about if I write it tonight and show it to you after chemistry class tomorrow?
 #Person2#: Fine.",Bob asks Julie how can he convince the members of the student body to know that he's the best candidate for school president. Julie gives him some advice.,"Here is a two-sentence summary of the dialogue:

Bob's campaign manager, Julie, suggests that he show his qualifications as junior class treasurer to convince students that he's the best candidate for school president. She also proposes that he give a speech on the campus radio station and at dinner tomorrow, and that he write his speech tonight to show her after chemistry class.","Here is a two-sentence summary of the dialogue:

Bob's campaign manager, Julie, suggests that he show his qualifications as junior class treasurer to convince students that he's the best candidate for school president. She also proposes that he give a speech on the campus radio station and at dinner tomorrow, and that he write his speech tonight to show her after chemistry class.",,
train_4975,Nepali,आत्म-प्रचार,"#Person1#: तिमी क्याम्पेन म्यानेजर जुली। म विद्यार्थी निकायका सदस्यहरूलाई कसरी विश्वास दिलाउँ कि म स्कूल प्रेसिडेन्टका लागि उत्तम उम्मेदवार हुँ?
 #Person2#: सजिलो हुनेछैन।
 #Person1#: धेरै धन्यवाद।
 #Person2#: म मात्र मजाक गर्दैछु, बब। वास्तवमा मलाई लाग्छ एकपटक हामीले सबैलाई देखाएपछि तिमीले जुनियर क्लास ट्रेजररका रूपमा कति राम्रो गर्यौ, तिमी सजिलै जित्नेछौ।
 #Person1#: त्यो कसरी गर्ने? विद्यार्थी निकायका तीन हजार सदस्यसँग भेट्ने?
 #Person2#: आउ! म पहिले सबै हलवेमा क्याम्पेन पोस्टर टाँस्ने सोचिरहेकी छु जहाँ अधिकांश विद्यार्थी अवश्य देख्नेछन्।
 #Person1#: त्यो राम्रो लाग्छ। तर सबैजना पोस्टर टाँस्छन्। हामी फरक के गर्न सक्छौं?
 #Person2#: क्याम्पस रेडियो स्टेशन तिमीलाई भोलि बिहान सात बजे पाँच मिनेट वर्षभरिका योजना बताउन दिन तयार छ। त्यसबेला धेरै विद्यार्थी सुनिरहेका हुनेछन्।
 #Person1#: त्यो राम्रो विचार हो!
 #Person2#: मैले तिमीलाई भोलि डिनरमा भाषण दिन पनि व्यवस्था गरेकी छु। कम्तीमा पाँच सय विद्यार्थी त्यहाँ हुनेछन्। तिमीले बोलेपछि प्रश्नको जवाफ दिनेछौ।
 #Person1#: यदि मैले आज राति लेखेर भोलि केमेस्ट्री क्लासपछि तिमीलाई देखाएँ भने कस्तो होला?
 #Person2#: ठिकै छ।",बबले जुलीलाई कसरी विद्यार्थी निकायका सदस्यहरूलाई आफू स्कूल प्रेसिडेन्टका लागि उत्तम उम्मेदवार हुँ भनी विश्वास दिलाउने सोध्छन्। जुलीले केही सल्लाह दिन्छिन्।,जुली विद्यार्थी निकायका सदस्यहरूलाई विश्वास दिलाउने लागि क्याम्पेन म्यानेजर जुलीलाई क्याम्पस रेडियो स्टेशनमा भोलि बिहान सात बजे पाँच मिनेट वर्षभरिका योजना बताउन दिने र भोलि डिनरमा भाषण दिने व्यवस्था गर्ने सुझाव दिए।,जुली विद्यार्थी निकायका सदस्यहरूलाई विश्वास दिलाउने लागि क्याम्पेन म्यानेजर जुलीलाई क्याम्पस रेडियो स्टेशनमा भोलि बिहान सात बजे पाँच मिनेट वर्षभरिका योजना बताउन दिने र भोलि डिनरमा भाषण दिने व्यवस्था गर्ने सुझाव दिए।,,
train_4989,English,car accident,"#Person1#: What were you thinking? You nearly hit me.
 #Person2#: What are you talking about? You saw my signal and when I turned left, you sped up and blocked me.
 #Person1#: I was just driving through a yellow light, so I couldn't stop.
 #Person2#: You are lucky there were no police around. Or you would have gotten a ticket for sure. Hits drivers like you that give the rest of us a bad name.",#Person1# and #Person2# argue for who's wrong in the car accident.,"Person 1 was driving through a yellow light and couldn't stop, which led to a close call with Person 2. Person 2 is upset that Person 1 sped up and blocked them after they turned left.","Person 1 was driving through a yellow light and couldn't stop, which led to a close call with Person 2. Person 2 is upset that Person 1 sped up and blocked them after they turned left.",,
train_4989,Nepali,कार दुर्घटना,"#व्यक्ति१#: तिमी के सोचिरहेका थियौ? तिमीले मलाई लगभग ठक्कर दिएको थियौ।
#व्यक्ति२#: तिमी के कुरा गर्दैछौ? तिमीले मेरो संकेत देखेका थियौ र म बायाँ मोड्दा तिमीले गति बढाएर मेरो बाटो छेकेका थियौ।
#व्यक्ति१#: म पहेँलो बत्तीमा गाडी चलाइरहेको थिएँ, त्यसैले रोक्न सकिनँ।
#व्यक्ति२#: भाग्यले त्यहाँ प्रहरी थिएनन्। नभए तिमीले पक्कै जरिवाना पाउने थियौ। तिमीजस्ता चालकहरूले हामी सबै चालकहरूको नाम खराब बनाउँछन्।",#व्यक्ति१# र #व्यक्ति२# कार दुर्घटनामा कसको गल्ती थियो भनेर बहस गर्छन्।,व्यक्ति १ले व्यक्ति २लाई ठक्कर दिएको थियो र व्यक्ति २ले व्यक्ति १लाई गति बढाएर बाटो छेकेको थियो ।,व्यक्ति १ले व्यक्ति २लाई ठक्कर दिएको थियो र व्यक्ति २ले व्यक्ति १लाई गति बढाएर बाटो छेकेको थियो ।,,
train_5028,English,a free talk,"#Person1#: Now let's begin the class. Who is on duty today? 
 #Person2#: I am, sir. 
 #Person1#: Please come to the front to have five minutes' free talk in English. Very well! Whose turn is it to have a free talk? 
 #Person2#: It's me, sir. But I am sorry I have forgotten to prepare for it. 
 #Person1#: Well. Don't forget to perform your duty next time, ok? Now, let's start our lesson.",It's #Person2#'s turn to give a free talk but #Person2# forgets. The teacher asks #Person2# to do it next time.,"Here is a summary of the dialogue in two sentences:

The teacher asks the student on duty to come to the front for a five-minute free talk in English. The student apologizes for not preparing and the teacher reminds them to perform their duty next time before starting the lesson.","Here is a summary of the dialogue in two sentences:

The teacher asks the student on duty to come to the front for a five-minute free talk in English. The student apologizes for not preparing and the teacher reminds them to perform their duty next time before starting the lesson.",,
train_5028,Nepali,,"#Person1#: ल, अब कक्षा सुरु गरौँ। आज कसको पालो (ड्युटी) छ?
#Person2#: मेरो हो, सर।
#Person1#: कृपया अगाडि आउनुहोस् र अङ्ग्रेजीमा पाँच मिनेटको 'फ्री टक' (स्वतन्त्र कुराकानी) गर्नुहोस्। धेरै राम्रो! 'फ्री टक' गर्ने पालो कसको हो?
#Person2#: मेरो हो, सर। तर मलाई माफ गर्नुहोस्, म यसको तयारी गर्न बिर्सिएछु।
#Person1#: हुन्छ। अर्को पटक आफ्नो जिम्मेवारी पूरा गर्न नबिर्सनुहोला, है? ल, अब हाम्रो पाठ सुरु गरौँ।",,सारांश: कक्षा सुरु गर्ने पालो कसको हो? मेरो हो - #Person2#। कक्षा सुरु गर्ने पालो कसको हो? मेरो हो - #Person2#.,सारांश: कक्षा सुरु गर्ने पालो कसको हो? मेरो हो - #Person2#। कक्षा सुरु गर्ने पालो कसको हो? मेरो हो - #Person2#.,,
train_5228,English,jobs,"#Person1#: Why don't you get another job for a change?
 #Person2#: But I like my job, you know, I like fresh air, and the pay is not bad.
 #Person1#: Look, digging gardens is not a job for a University graduate, if I were you I'd take some kind of direction lawyer teaching.
 #Person2#: Teaching? Anything but that. It's so boring.
 #Person1#: Come on, you really must think of the future.
 #Person2#: I'll tell you what. I'd like to be a doctor.
 #Person1#: Well, you should think very seriously about that. It means a lot of study and then, working all sorts of hours.
 #Person2#: Yes, maybe. But the idea sounds interesting.
 #Person1#: Well, then you ought to get some information about it as soon as possible.",#Person1# thinks #Person2# should get another job because digging garden is not suitable. #Person2# tells #Person1# #Person2# wants to be a doctor.,"Person 1 suggests that Person 2 should consider a more stable career, such as teaching or law, due to their university education. Person 2 expresses interest in becoming a doctor, but is aware of the challenges involved.","Person 1 suggests that Person 2 should consider a more stable career, such as teaching or law, due to their university education. Person 2 expresses interest in becoming a doctor, but is aware of the challenges involved.",,
train_5228,Nepali,,"#Person1#: केही परिवर्तनका लागि तिमी अर्कै काम किन गर्दैनौ?
#Person2#: तर मलाई मेरो काम मन पर्छ; मलाई ताजा हावा मन पर्छ र तलब पनि नराम्रो छैन।
#Person1#: हेर, बगैँचा खन्ने काम विश्वविद्यालयका स्नातकका लागि होइन; म तिम्रो ठाउँमा हुन्थें भने वकिल वा शिक्षकजस्तो कुनै पेसा रोज्थें।
#Person2#: शिक्षण? त्यो बाहेक अरू जे पनि हुन्छ। त्यो त एकदमै दिक्कलाग्दो हुन्छ।
#Person1#: ल ल, तिमीले साँच्चै भविष्यबारे सोच्नुपर्छ।
#Person2#: एउटा कुरा भनूँ? म डाक्टर बन्न चाहन्छु।
#Person1#: हो, तिमीले यस विषयमा गम्भीरतापूर्वक सोच्नुपर्छ। यसका लागि धेरै पढाइ चाहिन्छ र त्यसपछि जतिबेला पनि काम गर्नुपर्ने हुन सक्छ।
#Person2#: हो, सायद। तर यो विचार रोचक सुनिन्छ।
#Person1#: त्यसोभए तिमीले यस बारेमा सकेसम्म चाँडो जानकारी लिनुपर्छ।",,संवादमा दुई व्यक्तिहरू बीच परिवर्तनका लागि संवाद हुन्छ। एक व्यक्ति अर्को व्यक्तिलाई काम परिवर्तनका लागि प्रोत्साहित गर्छ। अर्को व्यक्ति त्यसको काममा मन पर्छ र तलब पनि नराम्रो छैन। त्यसपछि अर्को व्यक्ति त्यस विषयमा गम्भीरतापूर्वक सोच्नुपर्छ र यसका लागि धेरै पढाइ चाहिन्छ र त्यस,संवादमा दुई व्यक्तिहरू बीच परिवर्तनका लागि संवाद हुन्छ। एक व्यक्ति अर्को व्यक्तिलाई काम परिवर्तनका लागि प्रोत्साहित गर्छ। अर्को व्यक्ति त्यसको काममा मन पर्छ र तलब पनि नराम्रो छैन। त्यसपछि अर्को व्यक्ति त्यस विषयमा गम्भीरतापूर्वक सोच्नुपर्छ र यसका लागि धेरै पढाइ चाहिन्छ र त्यस,,
train_5250,English,the company's wei-ya,"#Person1#: Next is a ballet performance, but who is the dancer?
 #Person2#: I'd swear that's Eddy from circulation.
 #Person1#: Since when did Eddy start doing ballet? !
 #Person2#: Not very long from the looks of it!
 #Person1#: Look! He has a partner!
 #Person2#: He's dancing with Jack!
 #Person1#: Gross!
 #Person2#: The wei-ya is the one time a year you can make fun of the boss.
 #Person1#: But I think Eddy is going too far!
 #Person2#: You're right. They are spinning pretty fast. Aren't they getting dizzy? What if they fall. . .
 #Person1#: Oh! Ouch! That must've hurt!
 #Person2#: How embarrassing!",#Person1# and #Person2# are watching the ballet performance given by Eddy and Jack. They think it'll be embarrassing if the two fall.,"Eddy from circulation is performing in a ballet, and he is dancing with their boss, Jack. The performance is causing concern among the observers, who are worried that Eddy and Jack might fall.","Eddy from circulation is performing in a ballet, and he is dancing with their boss, Jack. The performance is causing concern among the observers, who are worried that Eddy and Jack might fall.",,
train_5250,Nepali,कम्पनीको वार्षिक भोज,"#व्यक्ति१#: अब ब्याले नृत्य प्रदर्शन छ, तर नर्तक को हो?
#व्यक्ति२#: म पक्का भन्छु, त्यो सर्कुलेसन विभागको एडी हो।
#व्यक्ति१#: एडीले कहिलेदेखि ब्याले गर्न थालेछ?!
#व्यक्ति२#: हेर्दा धेरै लामो समय भएको जस्तो लाग्दैन!
#व्यक्ति१#: हेर! उसको साथी पनि छ!
#व्यक्ति२#: ऊ ज्याकसँग नाचिरहेको छ!
#व्यक्ति१#: छ्या!
#व्यक्ति२#: कम्पनीको वेइ-या भनेको वर्षमा एकपटक मालिकको मजाक गर्ने समय हो।
#व्यक्ति१#: तर मलाई लाग्छ एडी धेरै अगाडि बढिरहेको छ!
#व्यक्ति२#: तिमी सही छौ। उनीहरू धेरै छिटो घुमिरहेका छन्। चक्कर आउँदैन होला? यदि लडे भने के होला...
#व्यक्ति१#: ओहो! आहा! त्यसले त दुख्यो होला!
#व्यक्ति२#: कति लाजमर्दो कुरा!",#व्यक्ति१# र #व्यक्ति२# एडी र ज्याकले गरेको ब्याले प्रदर्शन हेरिरहेका छन्। उनीहरू लड्यो भने लाजमर्दो हुने सोचिरहेका छन्।,संवादमा ब्याले नृत्य प्रदर्शनमा एडी (नर्तक) को भूमिका र त्यसको साथी ज्याकसँग नाचिरहेको देखिएको छ। कम्पनीको वेइ-या भनेको वर्षमा एकपटक मालिकको मजाक गर्ने समय हो जसमा एडी धेरै अगाडि बढिरहेको देखिएको छ।,संवादमा ब्याले नृत्य प्रदर्शनमा एडी (नर्तक) को भूमिका र त्यसको साथी ज्याकसँग नाचिरहेको देखिएको छ। कम्पनीको वेइ-या भनेको वर्षमा एकपटक मालिकको मजाक गर्ने समय हो जसमा एडी धेरै अगाडि बढिरहेको देखिएको छ।,,
train_538,English,automobile consumer loan,"#Person1#: Excuse me, is this the Auto Consumer Loan Center?
 #Person2#: Yes. Is there anything I can do for you?
 #Person1#: Could you tell me something about the terms and interest rates for personal automobile consumer loan?
 #Person2#: The deadline is normally no more than 5 years with the interest adopted according to the corresponding lending rates announced by the PBC.
 #Person1#: I plan to take the loan for 3 years.
 #Person2#: Well, the yearly interest rate is 5.49 % for 3 years. I'm sure you are qualified to apply for this loan.
 #Person1#: What about the loan repayment?
 #Person2#: You may choose a repayment pattern by consulting with our bank, for example, payment of equal amount of principal or of principal and interest on monthly installments.
 #Person1#: Does that mean I should deposit sufficient money to my account prior to the monthly payment date so that you can directly deduct the repayment of the principal and interest?
 #Person2#: Exactly. You are permitted to effect and early payment in part or in full with the consent of our bank.
 #Person1#: That's very thoughtful of you. Thank you so much.
 #Person2#: You're welcome.","#Person1# asks #Person2# the terms and interest rates for a personal automobile loan. #Person1# plans to take the loan for 3 years, and #Person2# explains the repayment pattern to #Person1#.","Here is a summary of the dialogue in two sentences:

The person at the Auto Consumer Loan Center explains that the loan terms are typically 5 years, but the person applying for the loan is interested in a 3-year loan with a yearly interest rate of 5.49%. The person is also informed that they can choose a repayment plan, such as monthly installments, and that they will need to have sufficient funds in their account to cover the payments.","Here is a summary of the dialogue in two sentences:

The person at the Auto Consumer Loan Center explains that the loan terms are typically 5 years, but the person applying for the loan is interested in a 3-year loan with a yearly interest rate of 5.49%. The person is also informed that they can choose a repayment plan, such as monthly installments, and that they will need to have sufficient funds in their account to cover the payments.",,
train_538,Nepali,अटोमोबाइल कन्ज्युमर लोन,"#Person1#: माफ गर्नुहोस्, के यो अटो कन्ज्युमर लोन सेन्टर हो?
 #Person2#: हो। म तपाईंलाई कसरी सहयोग गर्न सक्छु?
 #Person1#: के तपाईं मलाई व्यक्तिगत अटोमोबाइल कन्ज्युमर लोनको सर्त र ब्याजदरबारे केही बताउन सक्नुहुन्छ?
 #Person2#: सामान्यतया अवधि ५ वर्षभन्दा बढी हुँदैन र ब्याज पीबीसीले घोषणा गरेको सम्बन्धित ऋण दरअनुसार लागू हुन्छ।
 #Person1#: म ३ वर्षका लागि ऋण लिन चाहन्छु।
 #Person2#: खैर, ३ वर्षका लागि वार्षिक ब्याजदर ५.४९% छ। म पक्का छु कि तपाईं यो ऋणका लागि योग्य हुनुहुन्छ।
 #Person1#: ऋण भुक्तानीको बारेमा के भन्नुहुन्छ?
 #Person2#: तपाईं हाम्रो बैंकसँग परामर्श गरेर भुक्तानी तरिका छान्न सक्नुहुन्छ, जस्तै मासिक किस्तामा समान मूलधन वा मूलधन र ब्याज दुवैको भुक्तानी।
 #Person1#: के यसको मतलब म मासिक भुक्तानी मितिअघि आफ्नो खातामा पर्याप्त पैसा जम्मा गर्नुपर्छ ताकि तपाईंले सिधै मूलधन र ब्याज कट्टी गर्न सक्नुहोस्?
 #Person2#: बिल्कुल। तपाईं हाम्रो बैंकको सहमतिमा आंशिक वा पूर्ण रूपमा अग्रीम भुक्तानी गर्न पनि सक्नुहुन्छ।
 #Person1#: त्यो निकै विचारशील छ। धेरै धन्यवाद।
 #Person2#: स्वागत छ।","#Person1# ले #Person2# लाई व्यक्तिगत अटोमोबाइल ऋणको सर्त र ब्याजदर सोध्छन्। #Person1# ३ वर्षका लागि ऋण लिन चाहन्छन्, र #Person2# ले भुक्तानी तरिका व्याख्या गर्छन्।",अटोमोबाइल कन्ज्युमर लोन सेन्टरमा जाने पूर्वी प्रत्यक्ष व्यक्ति ले अटोमोबाइल कन्ज्युमर लोनको सर्त र ब्याज दरको जानकारी प्राप्त गर्ने प्रयास गरेको देखिन्छ। त्यसपश्चात त्यसको अवधि ५ वर्ष भन्दा बढी हुने र ब्याज दर पीबीसीले घोषणा गरेको सम्बन्धित ऋण दरअनुसार लागू हुने भनी बताएको देखिन्छ,अटोमोबाइल कन्ज्युमर लोन सेन्टरमा जाने पूर्वी प्रत्यक्ष व्यक्ति ले अटोमोबाइल कन्ज्युमर लोनको सर्त र ब्याज दरको जानकारी प्राप्त गर्ने प्रयास गरेको देखिन्छ। त्यसपश्चात त्यसको अवधि ५ वर्ष भन्दा बढी हुने र ब्याज दर पीबीसीले घोषणा गरेको सम्बन्धित ऋण दरअनुसार लागू हुने भनी बताएको देखिन्छ,,
train_5391,English,printing requirement,"#Person1#: Miss Gray, would you please type this report for me?
 #Person2#: Of course, Mr. Green.
 #Person1#: Can you print it out before 12 o'clock? I need it this afternoon.
 #Person2#: No problem. I will do it immediately.
 #Person1#: Please double space it and print it out on the laser printer so I can read it easily.
 #Person2#: OK. Would you like this report done in a formal or informal style?
 #Person1#: Please type it in a formal style.
 #Person2#: I see. Anything else?
 #Person1#: No, thanks.",Mr. Green asks Miss Gray to type the report and print it double-spaced.,"Here is a summary of the dialogue in two sentences:

Mr. Green asks Miss Gray to type a report for him, and she agrees to do so. He requests that she print it out before 12 o'clock, double space it, and use the laser printer, and also specifies that it should be typed in a formal style.","Here is a summary of the dialogue in two sentences:

Mr. Green asks Miss Gray to type a report for him, and she agrees to do so. He requests that she print it out before 12 o'clock, double space it, and use the laser printer, and also specifies that it should be typed in a formal style.",,
train_5391,Nepali,छपाइसम्बन्धी आवश्यकता,"#व्यक्ति१#: मिस ग्रे, कृपया यो प्रतिवेदन मेरो लागि टाइप गरिदिनुहुन्छ?
#व्यक्ति२#: अवश्य, श्रीमान् ग्रीन।
#व्यक्ति१#: के तपाईं यसलाई १२ बज्नुअघि छाप्न सक्नुहुन्छ? मलाई यो दिउँसो चाहिन्छ।
#व्यक्ति२#: कुनै समस्या छैन। म यसलाई तुरुन्तै गर्छु।
#व्यक्ति१#: कृपया यसमा दुई हरफको खाली ठाउँ राखेर छाप्नुहोस् र सजिलै पढ्न सकूँ भनेर लेजर मुद्रकमा छाप्नुहोस्।
#व्यक्ति२#: ठीक छ। तपाईं यो प्रतिवेदन औपचारिक वा अनौपचारिक शैलीमा चाहनुहुन्छ?
#व्यक्ति१#: कृपया यसलाई औपचारिक शैलीमा टाइप गर्नुहोस्।
#व्यक्ति२#: बुझें। अरू केही?
#व्यक्ति१#: होइन, धन्यवाद।",श्री ग्रिनले मिस ग्रेलाई प्रतिवेदन टाइप गरेर दुई लाइनको दूरीमा छाप्न भन्छन्।,मिस ग्रे ले श्रीमान ग्रीनलाई प्रतिवेदन टाइप गर्ने अनुरोध गरेको थियो । त्यसपछि श्रीमान ग्रीनले प्रतिवेदन टाइप गरी १२ बजे छाप्ने बारे भनेका थिए ।,मिस ग्रे ले श्रीमान ग्रीनलाई प्रतिवेदन टाइप गर्ने अनुरोध गरेको थियो । त्यसपछि श्रीमान ग्रीनले प्रतिवेदन टाइप गरी १२ बजे छाप्ने बारे भनेका थिए ।,,
train_5424,English,plastic surgeries,"#Person1#: Oh, my god! I look so old. I look as if I were 40. I think it's time for some plastic surgeries. I'm tired of these wrinkles and sagging skin.
 #Person2#: I don't see any wrinkles or sagging skin! You'd better stop being so ridiculous.
 #Person1#: Anyway I think I need a nose job and some breast implants as well.
 #Person2#: I think you need to get a brain surgery. Honestly speaking, you look charming.
 #Person1#: I know what you mean. I just want to make myself more attractive.
 #Person2#: You are fine the way you are. Besides, plastic surgery hurts.
 #Person1#: Really?
 #Person2#: Sure it is. So you'd better get rid of this idea.",#Person1# wants to have plastic surgeries because #Person1# thinks #Person1# looks old. #Person2# prevents #Person1# to do that.,"Person 1 is considering plastic surgery to address perceived wrinkles and sagging skin, and also wants a nose job and breast implants. Person 2 disagrees, saying Person 1 looks fine as they are and that plastic surgery is painful.","Person 1 is considering plastic surgery to address perceived wrinkles and sagging skin, and also wants a nose job and breast implants. Person 2 disagrees, saying Person 1 looks fine as they are and that plastic surgery is painful.",,
train_5424,Nepali,सौन्दर्य शल्यक्रिया,"#व्यक्ति१#: हे भगवान्! म निकै बूढी देखिन्छु। म चालीस वर्षकी भएजस्तो देखिन्छु। मलाई लाग्छ अब सौन्दर्य शल्यक्रिया गर्ने समय भयो। यी चाउरी र झोलिएको छालाबाट म दिक्क भइसकेँ।
#व्यक्ति२#: मलाई कुनै चाउरी वा झोलिएको छाला देखिँदैन। यस्तो मूर्खतापूर्ण कुरा गर्न छोड्नु राम्रो हुन्छ।
#व्यक्ति१#: जे भए पनि, मलाई नाकको शल्यक्रिया र स्तन प्रत्यारोपण पनि चाहिन्छ जस्तो लाग्छ।
#व्यक्ति२#: मलाई लाग्छ तिमीलाई मस्तिष्कको शल्यक्रिया चाहिन्छ। साँचो भन्नुपर्दा, तिमी आकर्षक देखिन्छौ।
#व्यक्ति१#: तिमीले के भन्न खोजेको म बुझ्छु। म आफूलाई अझ आकर्षक बनाउन चाहन्छु।
#व्यक्ति२#: तिमी जस्ती छौ, त्यस्तै ठीक छौ। त्यसमाथि सौन्दर्य शल्यक्रिया दुख्छ।
#व्यक्ति१#: साँच्चै?
#व्यक्ति२#: अवश्य। त्यसैले यो विचार त्याग्नु राम्रो हुन्छ।",#व्यक्ति१# ले आफू बूढो देखिन्छु भन्ने सोचेर सौन्दर्य शल्यक्रिया गराउन चाहन्छन्। #व्यक्ति२# ले #व्यक्ति१# लाई त्यसो गर्नबाट रोक्छन्।,"संवादमा दुई व्यक्तिहरू बीच एक सौन्दर्य शल्यक्रिया प्रति वार्ता भएको देखिन्छ। एक व्यक्ति बूढी देखिन्छन् र सौन्दर्य शल्यक्रिया गर्न चाहन्छन्, तर दोस्रो व्यक्तिले त्यस्तो विचार त्याग्ने सल्लाह दिन्छन्।","संवादमा दुई व्यक्तिहरू बीच एक सौन्दर्य शल्यक्रिया प्रति वार्ता भएको देखिन्छ। एक व्यक्ति बूढी देखिन्छन् र सौन्दर्य शल्यक्रिया गर्न चाहन्छन्, तर दोस्रो व्यक्तिले त्यस्तो विचार त्याग्ने सल्लाह दिन्छन्।",,
train_5497,English,traveling,"#Person1#: Hi, Anna. I haven't seen you for ages. Where have you been? 
 #Person2#: I've been away on holidays for sometime. 
 #Person1#: No wonder I haven't seen you recently. Where did you spend your holidays? 
 #Person2#: I went with my husband. Our first stop was Bangkok. We stayed there for 5 days. Then we flew to Hong Kong, stopover for 3 days. Our last stop was China. We visited the Great Wall. 
 #Person1#: You must have a wonderful time. 
 #Person2#: Yes. We enjoyed ourselves very much. Have you traveled much, Luke? 
 #Person1#: No, my wife doesn't like traveling. We haven't been traveling for more than ten years. The first time we traveled together was in 1978 when we just got married. We spent our honeymoon in the Alps.",Anna tells Luke she and her husband went to Bangkok and China on holiday. Luke tells Anna he doesn't travel much.,"Here is a summary of the dialogue in two sentences:

Anna has been on holiday with her husband, visiting Bangkok, Hong Kong, and China, and had a wonderful time. Luke and his wife haven't traveled much, with their last trip being their honeymoon in the Alps in 1978.","Here is a summary of the dialogue in two sentences:

Anna has been on holiday with her husband, visiting Bangkok, Hong Kong, and China, and had a wonderful time. Luke and his wife haven't traveled much, with their last trip being their honeymoon in the Alps in 1978.",,
train_5497,Nepali,यात्रा,"#व्यक्ति१#: नमस्ते, अन्ना। धेरै समयदेखि भेट भएको थिएन। तिमी कहाँ गएकी थियौ?
#व्यक्ति२#: म केही समय बिदामा गएकी थिएँ।
#व्यक्ति१#: त्यसैले मैले तिमीलाई पछिल्लो समय देखिनँ। तिमी बिदामा कहाँ गएकी थियौ?
#व्यक्ति२#: म मेरो श्रीमानसँग गएकी थिएँ। हाम्रो पहिलो गन्तव्य बैंकक थियो। हामी त्यहाँ ५ दिन बस्यौँ। त्यसपछि हामी हङकङ गयौँ र ३ दिन रोकियौँ। हाम्रो अन्तिम गन्तव्य चीन थियो। हामीले महान् पर्खाल पनि हेर्‍यौँ।
#व्यक्ति१#: तिमीहरूले पक्कै पनि धेरै रमाइलो गर्‍यौ होला।
#व्यक्ति२#: हो, हामीले धेरै रमाइलो गर्‍यौँ। तिमीले धेरै यात्रा गरेका छौ, लुक?
#व्यक्ति१#: छैन, मेरी श्रीमतीलाई यात्रा मन पर्दैन। हामीले १० वर्षभन्दा बढी समयदेखि यात्रा गरेका छैनौँ। हामीले विवाह गरेपछि पहिलोपटक सन् १९७८ मा यात्रा गरेका थियौँ। हाम्रो हनिमुन आल्प्समा बिताएका थियौँ।",अन्नाले लुकलाई आफू र आफ्नो श्रीमानले बैंकक र चीन भ्रमण गरेको बताउँछिन्। लुकले आफू धेरै यात्रा नगर्ने बताउँछन्।,व्यक्ति १ले व्यक्ति २लाई भेटेका थिए। व्यक्ति २ले बिदामा गएकी थिइन्। त्यसपछि हाम्रो पहिलो गन्तव्य बैंकक थियो। त्यसपछि हामी हङकङ गयौँ र ३ दिन रोकियौँ। हाम्रो अन्तिम गन्तव्य चीन थियो।,व्यक्ति १ले व्यक्ति २लाई भेटेका थिए। व्यक्ति २ले बिदामा गएकी थिइन्। त्यसपछि हाम्रो पहिलो गन्तव्य बैंकक थियो। त्यसपछि हामी हङकङ गयौँ र ३ दिन रोकियौँ। हाम्रो अन्तिम गन्तव्य चीन थियो।,,
train_5532,English,homework,"#Person1#: Hello, 8520388 2.
 #Person2#: Hi, this is Maria. Is that Shirley?
 #Person1#: Hi, Maria, this is Shirley.
 #Person2#: Shirley, do you know today's homework from our economic law class? I have written it on a piece of paper but I can't find it now.
 #Person1#: Hold on for a moment please. I'm fetching my textbook.
 #Person2#: OK.
 #Person1#: Oh, the homework is to explain what economic law is both in broad sense and in narrow sense.
 #Person2#: Explain the economic law? An essay question again?
 #Person1#: Yes. You can use your textbook for your reference.
 #Person2#: Are there any clear answers in the book to this question?
 #Person1#: I don't think so, Maria, but I think you can look for information on the Internet.
 #Person2#: OK, thank you, Shirley. You are very helpful. I have another question. When does the Economic Law of China come into effect?
 #Person1#: Oh, there isn't such a code called economic law. The Economic Law of China is a general concept for several laws.
 #Person2#: There isn't such a code?
 #Person1#: Yes, it's a general name for several laws related to economics, like Commercial Law, and Law of Central Bank.
 #Person2#: Got it. Thank you, Shirley.",Maria calls Shirley to ask about today's homework from the economic law class. Maria also asks about the Economic Law of China but Shirley says there isn't such a code.,"Here is a summary of the dialogue in two sentences:

Shirley and Maria discuss the homework for their economic law class, which is to explain the concept of economic law in both broad and narrow senses. Maria asks for clarification on the topic and also inquires about the Economic Law of China, which Shirley explains is a general concept encompassing several laws related to economics.","Here is a summary of the dialogue in two sentences:

Shirley and Maria discuss the homework for their economic law class, which is to explain the concept of economic law in both broad and narrow senses. Maria asks for clarification on the topic and also inquires about the Economic Law of China, which Shirley explains is a general concept encompassing several laws related to economics.",,
train_5532,Nepali,गृहकार्य,"#व्यक्ति१#: नमस्कार, ८५२०३८८२।
#व्यक्ति२#: नमस्कार, म मारिया बोल्दै छु। के म शर्लीसँग कुरा गर्दैछु?
#व्यक्ति१#: नमस्कार मारिया, म शर्ली हुँ।
#व्यक्ति२#: शर्ली, के तिमीलाई आजको आर्थिक कानुन कक्षाको गृहकार्य थाहा छ? मैले कागजमा लेखेकी थिएँ तर अहिले भेटिनँ।
#व्यक्ति१#: एकछिन पर्ख है। म मेरो पाठ्यपुस्तक हेर्छु।
#व्यक्ति२#: हुन्छ।
#व्यक्ति१#: ओहो, गृहकार्य भनेको आर्थिक कानुनलाई व्यापक अर्थ र सीमित अर्थ दुवैमा व्याख्या गर्नु हो।
#व्यक्ति२#: आर्थिक कानुन व्याख्या गर्ने? फेरि निबन्ध लेख्ने प्रश्न हो?
#व्यक्ति१#: हो। सन्दर्भका लागि पाठ्यपुस्तक प्रयोग गर्न सक्छौ।
#व्यक्ति२#: के पुस्तकमा यसको स्पष्ट उत्तर छ?
#व्यक्ति१#: मलाई लाग्दैन, मारिया। तर इन्टरनेटमा जानकारी खोज्न सक्छौ।
#व्यक्ति२#: ठीक छ, धन्यवाद शर्ली। तिमी धेरै सहयोगी छौ। मेरो अर्को प्रश्न छ। चीनको आर्थिक कानुन कहिले लागू भयो?
#व्यक्ति१#: ओहो, आर्थिक कानुन नामको कुनै एउटा कानुन संहिता छैन। यो धेरै कानुनहरूको सामान्य अवधारणा हो।
#व्यक्ति२#: त्यस्तो कुनै संहिता छैन?
#व्यक्ति१#: हो, यो व्यापारिक कानुन र केन्द्रीय बैंकसम्बन्धी कानुन जस्ता अर्थतन्त्रसँग सम्बन्धित धेरै कानुनहरूको सामान्य नाम हो।
#व्यक्ति२#: बुझें। धन्यवाद शर्ली।",मारियाले आर्थिक कानुन कक्षाको गृहकार्यबारे शर्लीसँग सोध्छिन्। मारियाले चीनको आर्थिक कानुनबारे पनि सोध्छिन् तर शर्लीले त्यस्तो एउटै कानुन संहिता नभएको बताउँछिन्।,मारिया र शर्लीले आर्थिक कानुन कक्षाको गृहकार्य विषयमा कुरा गरेका हुन्। शर्लीले आर्थिक कानुनलाई व्यापक र सीमित अर्थमा व्याख्या गर्ने विषयमा प्रश्न पुछेका थिए। मारियाले प्रश्न पुछेका थिए कि आर्थिक कानुन व्याख्या गर्ने के प्रश्न हो? शर्लीले प्रश्नको उत्तर दिने के पाठ्यपुस्तकमा स्पष्ट ल,मारिया र शर्लीले आर्थिक कानुन कक्षाको गृहकार्य विषयमा कुरा गरेका हुन्। शर्लीले आर्थिक कानुनलाई व्यापक र सीमित अर्थमा व्याख्या गर्ने विषयमा प्रश्न पुछेका थिए। मारियाले प्रश्न पुछेका थिए कि आर्थिक कानुन व्याख्या गर्ने के प्रश्न हो? शर्लीले प्रश्नको उत्तर दिने के पाठ्यपुस्तकमा स्पष्ट ल,,
train_5566,English,salary payment,"#Person1#: Hello, again. Did you discuss everything with your colleagues?
 #Person2#: Yes, yes. It seems that everything is settled.
 #Person1#: Have you decided how you would like the salaries paid?
 #Person2#: We have discussed it and decided that at the moment we would like the salaries to be paid into the employees's accounts, whether they are currently with this bank or not.
 #Person1#: That's not a problem.
 #Person2#: Of course, if we are happy with the service after the initial period we will recommend all employees either transfer their accounts to this bank, or open new accounts with you.
 #Person1#: Thank you very much. We always welcome new customers.",#Person2# tells #Person1# they decided to have salaries to be paid into the employees' account and they'll possibly become new customers of the bank.,"Here is a summary of the dialogue in two sentences:

Person 2 has discussed and settled the details with their colleagues, including how salaries will be paid into employees' accounts, regardless of their current bank affiliation. If they are satisfied with the service, they will recommend their employees transfer their accounts to the bank or open new accounts.","Here is a summary of the dialogue in two sentences:

Person 2 has discussed and settled the details with their colleagues, including how salaries will be paid into employees' accounts, regardless of their current bank affiliation. If they are satisfied with the service, they will recommend their employees transfer their accounts to the bank or open new accounts.",,
train_5566,Nepali,तलब भुक्तानी,"#Person1#: फेरि हेलो। के तपाईंले आफ्ना सहकर्मीहरूसँग सबै कुरा छलफल गर्नुभयो?
 #Person2#: हो, हो। सबै कुरा मिलेको जस्तो देखिन्छ।
 #Person1#: तपाईंले तलब कसरी भुक्तानी गर्ने निर्णय गर्नुभयो?
 #Person2#: हामीले छलफल गरेर निर्णय गर्‍यौं कि अहिले हामी कर्मचारीहरूका खातामा तलब जम्मा गर्न चाहन्छौं, चाहे उनीहरू हाल यस बैंकसँग हुन् वा होइनन्।
 #Person1#: त्यो कुनै समस्या होइन।
 #Person2#: अवश्य, यदि हामी प्रारम्भिक अवधपछि सेवाबाट खुसी भयौं भने हामी सबै कर्मचारीहरूलाई या त यस बैंकमा खाता सार्न वा नयाँ खाता खोल्न सिफारिस गर्नेछौं।
 #Person1#: धेरै धन्यवाद। हामी सधैं नयाँ ग्राहकहरूलाई स्वागत गर्छौं।",#Person2# ले #Person1# लाई उनीहरूले कर्मचारीहरूका खातामा तलब जम्मा गर्ने निर्णय गरेको र सम्भवतः बैंकका नयाँ ग्राहक बन्ने बताउँछन्।,संवादमा भएको जानकारी मात्र समावेश गर्दै संवादलाई एक वाक्यमा सारांश गर्दै यस प्रकार लेख्न सकिन्छ: कर्मचारीहरूले तलब भुक्तानी गर्ने निर्णय गरेको थियो।,संवादमा भएको जानकारी मात्र समावेश गर्दै संवादलाई एक वाक्यमा सारांश गर्दै यस प्रकार लेख्न सकिन्छ: कर्मचारीहरूले तलब भुक्तानी गर्ने निर्णय गरेको थियो।,,
train_5643,English,make a mistake,"#Person1#: Well, here is your breakfast!
 #Person2#: Thanks so much. Miss, I believe I ordered my eggs scrambled, and these are fried.
 #Person1#: Sorry, your friend over there ordered fried eggs, and I gave you his by mistake.
 #Person2#: Oh yeah. Here, I will just trade with him.
 #Person1#: Here are your pancakes, madam.
 #Person2#: But I ordered waffles!
 #Person1#: Oh, I am so sorry!
 #Person2#: That's OK. I will eat my eggs and bacon, and you can take my pancakes back.
 #Person1#: Good, sir. I will take care of that right away.
 #Person2#: Thank you so much!",#Person1# serves #Person2# with #Person2#'s friend's breakfast and then serves the pancakes instead of waffles #Person2# ordered.,"Here is a summary of the dialogue in two sentences:

Person 2 receives breakfast that was not ordered correctly, with scrambled eggs instead of the requested scrambled eggs and waffles instead of pancakes. Person 2 kindly offers to trade the incorrect breakfast with the person who actually ordered it, and the server apologizes and takes care of the mistake.","Here is a summary of the dialogue in two sentences:

Person 2 receives breakfast that was not ordered correctly, with scrambled eggs instead of the requested scrambled eggs and waffles instead of pancakes. Person 2 kindly offers to trade the incorrect breakfast with the person who actually ordered it, and the server apologizes and takes care of the mistake.",,
train_5643,Nepali,गल्ती गर्नु,"#व्यक्ति१#: ल, तपाईंको बिहानको खाना यहाँ छ!
#व्यक्ति२#: धेरै धन्यवाद। म्याम, मलाई लाग्छ मैले अण्डा फेटेर पकाएको मागेको थिएँ, तर यो त तारेर पकाएको रहेछ।
#व्यक्ति१#: माफ गर्नुहोस्, तपाईंको छेउमा बस्ने साथीले तारेर पकाएको अण्डा माग्नुभएको थियो, मैले गल्तीले तपाईंलाई उहाँको खाना दिएछु।
#व्यक्ति२#: ओहो, ठीक छ। म उहाँसँग साट्छु।
#व्यक्ति१#: तपाईंको प्यानकेक यहाँ छ, म्याम।
#व्यक्ति२#: तर मैले त वाफल मागेको थिएँ!
#व्यक्ति१#: ओहो, म धेरै माफी चाहन्छु!
#व्यक्ति२#: ठीक छ। म मेरो अण्डा र बेकन खान्छु, तपाईं मेरो प्यानकेक फिर्ता लैजानुहोस्।
#व्यक्ति१#: ठीक छ सर। म तुरुन्तै मिलाइदिन्छु।
#व्यक्ति२#: धेरै धन्यवाद।",#व्यक्ति१# ले गल्तीले #व्यक्ति२# लाई साथीको खाना दिन्छन् र पछि वाफलको सट्टा प्यानकेक दिन्छन्।,"तलको संवादलाई एक वाक्यमा सारांश गर्दा यस प्रकार हो-

तलको बिहानको खाना तारेर पकाएको अण्डा र प्यानकेकले भन्दै भन्दै मिलाएको संवाद हो।","तलको संवादलाई एक वाक्यमा सारांश गर्दा यस प्रकार हो-

तलको बिहानको खाना तारेर पकाएको अण्डा र प्यानकेकले भन्दै भन्दै मिलाएको संवाद हो।",,
train_5701,English,parking permit,"#Person1#: I want to buy a parking permit, please. 
 #Person2#: Are you a full-time student or do you attend part-time in the evenings? 
 #Person1#: I attend both day and evening classes. 
 #Person2#: Will you be riding a motorcycle or do you drive a car? 
 #Person1#: I ride a motorcycle. 
 #Person2#: That permit will run twenty-five dollars; will that be cash or credit card? 
 #Person1#: I'll use a credit card, thank you. 
 #Person2#: Do you need a second permit for a car? 
 #Person1#: No, just the motorcycle permit. 
 #Person2#: Fine, here it is and have a great semester!",#Person2# helps #Person1# buy a parking permit for #Person1#'s motorcycle.,"Here is a summary of the dialogue in two sentences:

Person 1 wants to buy a parking permit and is a part-time student who attends both day and evening classes. They pay $25 for a motorcycle permit using a credit card and do not need a permit for a car.","Here is a summary of the dialogue in two sentences:

Person 1 wants to buy a parking permit and is a part-time student who attends both day and evening classes. They pay $25 for a motorcycle permit using a credit card and do not need a permit for a car.",,
train_5701,Nepali,पार्किङ अनुमति पत्र,"#व्यक्ति१#: मलाई पार्किङ अनुमति पत्र किन्नु छ।
#व्यक्ति२#: तपाईं पूर्णकालीन विद्यार्थी हुनुहुन्छ कि साँझको समयमा आंशिक कक्षा लिनुहुन्छ?
#व्यक्ति१#: म दिन र साँझ दुवै समयमा कक्षा लिन्छु।
#व्यक्ति२#: तपाईं मोटरसाइकल चलाउनुहुन्छ कि कार?
#व्यक्ति१#: म मोटरसाइकल चलाउँछु।
#व्यक्ति२#: त्यो अनुमति पत्रको शुल्क २५ डलर पर्छ। नगद तिर्नुहुन्छ कि कार्डबाट?
#व्यक्ति१#: म क्रेडिट कार्ड प्रयोग गर्छु, धन्यवाद।
#व्यक्ति२#: के तपाईंलाई कारका लागि अर्को अनुमति पत्र पनि चाहिन्छ?
#व्यक्ति१#: चाहिँदैन, केवल मोटरसाइकलको अनुमति पत्र चाहिन्छ।
#व्यक्ति२#: ठीक छ, यो लिनुहोस् र तपाईंको सेमेस्टर राम्रो रहोस्।",#व्यक्ति२# ले #व्यक्ति१# लाई मोटरसाइकलका लागि पार्किङ अनुमति पत्र किन्न सहयोग गर्छन्।,"व्यक्ति १ले पार्किङ अनुमति पत्र किन्ने बारे पूछेका हुन्। व्यक्ति २ले पूर्णकालीन विद्यार्थी हुनु, मोटरसाइकल चलाउनु, क्रेडिट कार्ड प्रयोग गर्नु, केवल मोटरसाइकलको अनुमति पत्र चाहिनु, सेमेस्टर राम्रो रहोस् आदि विषयमा प्रश्न पुछेका हुन्।","व्यक्ति १ले पार्किङ अनुमति पत्र किन्ने बारे पूछेका हुन्। व्यक्ति २ले पूर्णकालीन विद्यार्थी हुनु, मोटरसाइकल चलाउनु, क्रेडिट कार्ड प्रयोग गर्नु, केवल मोटरसाइकलको अनुमति पत्र चाहिनु, सेमेस्टर राम्रो रहोस् आदि विषयमा प्रश्न पुछेका हुन्।",,
train_5733,English,clean the room,"#Person1#: Have you started cleaning up your room yet?
 #Person2#: I haven't gotten started on my room yet.
 #Person1#: When exactly do you plan on cleaning it?
 #Person2#: I have every intention of cleaning my room later.
 #Person1#: I thought I asked you to clean your room earlier.
 #Person2#: I already told you that I'm going to do it.
 #Person1#: Remember to vacuum the floor and dust everything.
 #Person2#: I'll remember to do that.
 #Person1#: Make sure that you don't go anywhere until you clean your room.
 #Person2#: I'll clean my room before I leave.",#Person2# hasn't started cleaning up #Person2#'s room though #Person1# asked earlier. #Person2# promises to clean it before leaving.,"Person 1 asked Person 2 when they would clean their room, and Person 2 said they planned to do it later. Person 1 reminded Person 2 to vacuum the floor and dust everything, and Person 2 agreed to do so.","Person 1 asked Person 2 when they would clean their room, and Person 2 said they planned to do it later. Person 1 reminded Person 2 to vacuum the floor and dust everything, and Person 2 agreed to do so.",,
train_5733,Nepali,कोठा सफा गर्नु,"#व्यक्ति१#: के तिमीले आफ्नो कोठा सफा गर्न सुरु गरिसक्यौ?
#व्यक्ति२#: मैले अझै आफ्नो कोठा सफा गर्न सुरु गरेको छैन।
#व्यक्ति१#: आखिर कहिले सफा गर्ने योजना छ?
#व्यक्ति२#: म पछि मेरो कोठा सफा गर्ने सोचमा छु।
#व्यक्ति१#: मैले तिमीलाई पहिले नै कोठा सफा गर्न भनेको थिएँ जस्तो लाग्छ।
#व्यक्ति२#: मैले तिमीलाई पहिले नै म गर्नेछु भनेर भनेको छु।
#व्यक्ति१#: भुइँ भ्याकुमले सफा गर्न र सबै ठाउँको धुलो पुछ्न नबिर्स।
#व्यक्ति२#: म त्यसो गर्न सम्झन्छु।
#व्यक्ति१#: कोठा सफा नगरेसम्म कतै नजानु।
#व्यक्ति२#: म बाहिर जानुअघि मेरो कोठा सफा गरिसक्छु।",#व्यक्ति२# ले पहिले भनिए पनि कोठा सफा गर्न सुरु गरेको छैन। #व्यक्ति२# ले बाहिर जानुअघि कोठा सफा गर्ने वाचा गर्छ।,व्यक्ति १ले व्यक्ति २लाई आफ्नो कोठा सफा गर्ने बारे भनेको थियो तर व्यक्ति २ले सफा गर्ने बारे कुनै पनि योजना नभएको थियो। व्यक्ति १ले व्यक्ति २लाई कोठा सफा गर्ने बारे पुनः पुनः भन्दै आफ्नो कोठा सफा गर्ने बारे सोच्दै थियो। व्यक्ति २ले अंततः व्यक्ति,व्यक्ति १ले व्यक्ति २लाई आफ्नो कोठा सफा गर्ने बारे भनेको थियो तर व्यक्ति २ले सफा गर्ने बारे कुनै पनि योजना नभएको थियो। व्यक्ति १ले व्यक्ति २लाई कोठा सफा गर्ने बारे पुनः पुनः भन्दै आफ्नो कोठा सफा गर्ने बारे सोच्दै थियो। व्यक्ति २ले अंततः व्यक्ति,,
train_5762,English,trick-or-treat,"#Person1#: Tom, aren't you a little too old to be trick-or - treating?
 #Person2#: What are you talking about? Where is your Halloween spirit? Didn't you ever dress up in a costume and go around the neighborhood trick-or-treating with your friends?
 #Person1#: Of course, I did, but when I was ten! Trick - or-treating is for kids, plus, I'm sure people will think you're a kidnapper or something, running around with kids NCP at night.
 #Person2#: Whatever, I'm going next door I heard Mrs. Robinson is giving out big bags of M & Ms!",#Person1# thinks Tom is too old to be trick-or-treating but Tom insists on doing it.,"Person 1 questions Person 2's age and appropriateness of trick-or-treating, suggesting it's for kids and people might think Person 2 is a kidnapper. Person 2 is undeterred, motivated by the prospect of getting M&M's from Mrs. Robinson.","Person 1 questions Person 2's age and appropriateness of trick-or-treating, suggesting it's for kids and people might think Person 2 is a kidnapper. Person 2 is undeterred, motivated by the prospect of getting M&M's from Mrs. Robinson.",,
train_5762,Nepali,ट्रिक-अर-ट्रिट,"#व्यक्ति१#: टम, के तपाईं चालचलन गरेर मिठाई माग्नका लागि अलि धेरै बूढो हुनुभएको छैन?
#व्यक्ति२#: तपाईं के कुरा गर्दै हुनुहुन्छ? तपाईंको हेलोविनको भावना कहाँ छ? के तपाईंले कहिल्यै पोसाक लगाएर आफ्ना साथीहरूसँग छिमेकमा घरघर गएर मिठाई माग्नुभएको थिएन?
#व्यक्ति१#: अवश्य, मागेको थिएँ, तर म दस वर्षको हुँदा! घरघर गएर मिठाई माग्नु बच्चाहरूका लागि हो, त्यसबाहेक, राति बच्चाहरूसँग एनसीपी गर्दै वरिपरि दौडिँदा मानिसहरूले तपाईंलाई अपहरणकर्ता वा त्यस्तै केही ठान्नेछन् भन्नेमा म पक्का छु।
#व्यक्ति२#: जे भए पनि, म छेउको घरमा जाँदैछु। मैले श्रीमती रोबिन्सनले एम एन्ड एमका ठूला झोला बाँडिरहेकी छिन् भन्ने सुनेँ!",#व्यक्ति१# लाई टम ट्रिक-अर-ट्रिट गर्नका लागि धेरै बूढो भएको लाग्छ तर टम त्यसो गर्न जोड दिन्छन्।,व्यक्ति १ले व्यक्ति २लाई मिठाई माग्नका लागि घरघर गएर चालचलन गर्ने बारे भन्दछन्। व्यक्ति २ले त्यस्तो काम गर्ने बारे प्रश्न गर्छन् र व्यक्ति १ले त्यस्तो काम गर्ने बारे स्पष्टीकरण दिन्छन्।,व्यक्ति १ले व्यक्ति २लाई मिठाई माग्नका लागि घरघर गएर चालचलन गर्ने बारे भन्दछन्। व्यक्ति २ले त्यस्तो काम गर्ने बारे प्रश्न गर्छन् र व्यक्ति १ले त्यस्तो काम गर्ने बारे स्पष्टीकरण दिन्छन्।,,
train_5803,English,problem reporting,"#Person1#: Good afternoon, Lexington Software. Angelina Dawson, how can I help?
 #Person2#: Hello, this is Quinn from IBA.
 #Person1#: Ah, hello Quinn. Oh dear, you are calling to tell me there is a problem, aren't you?
 #Person2#: I'm afraid so, yes.
 #Person1#: Hmm... well, it was my first attempt! Is it a very big mistake, or can we just alter it?
 #Person2#: Unfortunately it's rather a big mistake.
 #Person1#: What do you recommend we do?
 #Person2#: I would recommend we scrap this one and you bring in another set as soon as possible.
 #Person1#: I trust your judgement. Thank you, Quinn. I'll be back tomorrow with a new set. Bye for now.",Quinn calls Angelina to inform Angelina of a big mistake and recommends Angelina to bring in another set as soon as possible.,"Quinn from IBA called Lexington Software to report a problem, which Angelina Dawson suspected was a mistake. Quinn recommended scrapping the current set and bringing in a new one as soon as possible.","Quinn from IBA called Lexington Software to report a problem, which Angelina Dawson suspected was a mistake. Quinn recommended scrapping the current set and bringing in a new one as soon as possible.",,
train_5803,Nepali,समस्याबारे जानकारी दिनु,"#व्यक्ति१#: शुभ अपराह्न, लेक्सिङ्टन सफ्टवेयर। म एन्जेलिना डसन बोल्दै छु। म तपाईंलाई कसरी सहयोग गर्न सक्छु?
#व्यक्ति२#: नमस्कार, म आइबिएबाट क्विन बोल्दै छु।
#व्यक्ति१#: आह, नमस्कार क्विन। ओहो, तपाईं कुनै समस्या भएको बताउन फोन गर्नुभएको हो, हैन?
#व्यक्ति२#: दुर्भाग्यवश, हो।
#व्यक्ति१#: हम्म... खैर, यो मेरो पहिलो प्रयास थियो। गल्ती निकै ठूलो हो कि हामी यसलाई परिवर्तन मात्र गर्न सक्छौँ?
#व्यक्ति२#: दुर्भाग्यवश, यो निकै ठूलो गल्ती हो।
#व्यक्ति१#: हामीले के गर्नुपर्छ भनेर तपाईं के सुझाव दिनुहुन्छ?
#व्यक्ति२#: म यो हटाएर सकेसम्म चाँडो अर्को सेट ल्याउन सुझाव दिन्छु।
#व्यक्ति१#: म तपाईंको निर्णयमा विश्वास गर्छु। धन्यवाद, क्विन। म भोलि नयाँ सेट लिएर फर्कन्छु। अहिलेलाई बिदा।",क्विनले एन्जेलिनालाई ठूलो गल्ती भएको जानकारी दिन फोन गर्छन् र एन्जेलिनालाई सकेसम्म चाँडो अर्को समूह ल्याउन सुझाव दिन्छन्।,क्विनले लेक्सिङ्टन सफ्टवेयरमा गल्ती पाएको बताए। लेक्सिङ्टन सफ्टवेयरले क्विनलाई सुझाव दिए कि तपाईं यो हटाएर अर्को सेट ल्याउन।,क्विनले लेक्सिङ्टन सफ्टवेयरमा गल्ती पाएको बताए। लेक्सिङ्टन सफ्टवेयरले क्विनलाई सुझाव दिए कि तपाईं यो हटाएर अर्को सेट ल्याउन।,,
train_5804,English,job interview,"#Person1#: Hello Mr. Jones, please have a seat. Thank you for coming in today. I have read your resume. You completed University in England?
 #Person2#: Yes, I went to Cambridge. After graduation, I started right away into the advertising industry. Later, I made a bit of a switch to focus on marketing research.
 #Person1#: So, what experience do you have?
 #Person2#: I have ten years marketing experience. This includes both entry level and management positions. In my last position, I worked my way up to being director of the marking department.
 #Person1#: I can see that from your resume.Your last position was marketing director for a pharmaceutical company, is that right? Later, why did you decide to leave your former post?
 #Person2#: I felt after five years in one place, I was ready for something new. I would like to have a job that is challenging, something that I can see and do new things every day. I loved many things about my former job, and I left with amiable feelings on both sides. I was just ready for something new.
 #Person1#: I see. Do you want to work full-time or part-time?
 #Person2#: I would rather work full-time.
 #Person1#: I'll make note of that. Now, what are your salary expectations?
 #Person2#: I am willing to negotiate, but I expect at least $ 40, 000 a year.",#Person1# interviews Mr. Jones. Mr. Jones introduces his educational background and previous career experience and tells #Person1# why he left his former post and his salary expectations.,"Here is a summary of the dialogue in two sentences:

Mr. Jones, a marketing professional with 10 years of experience, including a stint as director of a pharmaceutical company's marketing department, is being interviewed for a job. He is looking for a full-time position and expects a salary of at least $40,000 per year.","Here is a summary of the dialogue in two sentences:

Mr. Jones, a marketing professional with 10 years of experience, including a stint as director of a pharmaceutical company's marketing department, is being interviewed for a job. He is looking for a full-time position and expects a salary of at least $40,000 per year.",,
train_5804,Nepali,जागिर अन्तर्वार्ता,"#Person1#: हेलो मिस्टर जोन्स, कृपया बस्नुहोस्। आज आउनुभएकोमा धन्यवाद। मैले तपाईंको रिज्युमे पढेँ। तपाईंले इङ्ल्यान्डमा विश्वविद्यालय पूरा गर्नुभयो?
 #Person2#: हो, म क्याम्ब्रिज गएँ। स्नातकपछि म सिधै विज्ञापन उद्योगमा प्रवेश गरें। पछि, म मार्केटिङ रिसर्चमा केन्द्रित हुन अलिकति स्विच गरें।
 #Person1#: त्यसैले, तपाईंसँग कस्तो अनुभव छ?
 #Person2#: मसँग दस वर्षको मार्केटिङ अनुभव छ। यसमा इन्ट्री लेभल र व्यवस्थापन दुवै पदहरू समावेश छन्। मेरो अन्तिम पदमा, म मार्केटिङ विभागको निर्देशकसम्म पुगेँ।
 #Person1#: म तपाईंको रिज्युमेबाट देख्न सक्छु। तपाईंको अन्तिम पद फार्मास्युटिकल कम्पनीको मार्केटिङ निर्देशक थियो, होइन? पछि, तपाईंले अघिल्लो पद किन छोड्ने निर्णय गर्नुभयो?
 #Person2#: मलाई लाग्यो पाँच वर्ष एउटै ठाउँमा बसेपछि, म नयाँ कुराका लागि तयार थिएँ। म चुनौतीपूर्ण जागिर चाहन्छु, जसमा म हरेक दिन नयाँ कुरा देख्न र गर्न सकूँ। मलाई मेरो अघिल्लो जागिरका धेरै कुरा मन परेका थिए, र हामी दुवै पक्षबाट राम्रो सम्बन्धमा छोडेँ। म केवल नयाँ कुराका लागि तयार थिएँ।
 #Person1#: बुझेँ। तपाईं पूर्णकालीन वा अंशकालीन काम गर्न चाहनुहुन्छ?
 #Person2#: म पूर्णकालीन काम गर्न चाहन्छु।
 #Person1#: म त्यसको नोट राख्छु। अब, तपाईंको तलब अपेक्षा के छ?
 #Person2#: म वार्ता गर्न तयार छु, तर म वर्षमा कम्तीमा $४०,००० अपेक्षा गर्छु।",#Person1# ले मिस्टर जोन्सको अन्तर्वार्ता लिन्छन्। मिस्टर जोन्सले आफ्नो शैक्षिक पृष्ठभूमि र अघिल्लो करियर अनुभव परिचय गराउँछन् र किन अघिल्लो पद छोडे तथा तलब अपेक्षा बताउँछन्।,"मिस्टर जोन्सको क्याम्ब्रिजमा स्नातक गरेपछि मार्केटिङमा केन्द्रित हुन अलिकति स्विच गरेका मिस्टर जोन्सको दस वर्षको अनुभव छ। उनले फार्मास्युटिकल कम्पनीको मार्केटिङ निर्देशकको पदमा पाँच वर्ष बसेपछि, उनले नयाँ चुनौतीपूर्ण जागिर चाहन्छन्। उनले पूर्णकालीन काम गर्न चाहन्छन् र वर्षमा कम्तीमा $","मिस्टर जोन्सको क्याम्ब्रिजमा स्नातक गरेपछि मार्केटिङमा केन्द्रित हुन अलिकति स्विच गरेका मिस्टर जोन्सको दस वर्षको अनुभव छ। उनले फार्मास्युटिकल कम्पनीको मार्केटिङ निर्देशकको पदमा पाँच वर्ष बसेपछि, उनले नयाँ चुनौतीपूर्ण जागिर चाहन्छन्। उनले पूर्णकालीन काम गर्न चाहन्छन् र वर्षमा कम्तीमा $",,
train_5820,English,major and assignment,"#Person1#: What's your schedule like this year?
 #Person2#: Pretty busy. I have to pick up a lot of credits this year.
 #Person1#: What's your major?
 #Person2#: I'm majoring in French literature.
 #Person1#: Oh, don't you have to take that class on 18th century poetry? It's really difficult. I hear the students in that class have to write a paper a hundred pages long.
 #Person2#: That's right. We got the assignment last week.
 #Person1#: When is it due?
 #Person2#: Next Monday.
 #Person1#: Remind me never to sign up for that course.",#Person1# asks #Person2# about #Person2#'s schedule and a course. #Person2# got an assignment to write a paper a hundred pages long for that course.,"Here is a summary of the dialogue in two sentences:

Person 2 is a busy student who is majoring in French literature and has to take a class on 18th century poetry. The class is challenging, with a 100-page paper assignment due next Monday.","Here is a summary of the dialogue in two sentences:

Person 2 is a busy student who is majoring in French literature and has to take a class on 18th century poetry. The class is challenging, with a 100-page paper assignment due next Monday.",,
train_5820,Nepali,मुख्य विषय र कार्य,"#व्यक्ति१#: यो वर्ष तपाईंको तालिका कस्तो छ?
#व्यक्ति२#: निकै व्यस्त छ। मैले यस वर्ष धेरै क्रेडिट पूरा गर्नुपर्छ।
#व्यक्ति१#: तपाईंको मुख्य विषय के हो?
#व्यक्ति२#: म फ्रेन्च साहित्यमा मुख्य विषय लिइरहेको छु।
#व्यक्ति१#: ओहो, तपाईंले अठारौँ शताब्दीको कविताको त्यो कक्षा लिनुपर्दैन? यो निकै गाह्रो छ। मैले सुनेको छु, त्यो कक्षाका विद्यार्थीहरूले सय पृष्ठ लामो शोधपत्र लेख्नुपर्छ।
#व्यक्ति२#: त्यही हो। हामीले गत हप्ता कार्य पाएका थियौँ।
#व्यक्ति१#: कहिलेसम्म बुझाउनुपर्छ?
#व्यक्ति२#: अर्को सोमबार।
#व्यक्ति१#: मलाई त्यो पाठ्यक्रममा कहिल्यै भर्ना नहुन सम्झाइराख्नु।",#व्यक्ति१# ले #व्यक्ति२# लाई #व्यक्ति२# को तालिका र एउटा पाठ्यक्रमबारे सोध्छन्। #व्यक्ति२# ले त्यस पाठ्यक्रमका लागि सय पृष्ठ लामो शोधपत्र लेख्ने कार्य पाएका थिए।,"व्यक्ति १ले व्यक्ति २लाई प्रश्न गर्दै के भनेका थिएनन् त्यो वर्ष तपाईंको तालिका कस्तो छ? व्यक्ति २ले निकै व्यस्त छ, मैले यस वर्ष धेरै क्रेडिट पूरा गर्नुपर्छ भन्दै के भनेका थिएनन्।","व्यक्ति १ले व्यक्ति २लाई प्रश्न गर्दै के भनेका थिएनन् त्यो वर्ष तपाईंको तालिका कस्तो छ? व्यक्ति २ले निकै व्यस्त छ, मैले यस वर्ष धेरै क्रेडिट पूरा गर्नुपर्छ भन्दै के भनेका थिएनन्।",,
train_5873,English,Bank stuff loss,"#Person1#: This is IBA Bank, Claire speaking, how may I help you?
 #Person2#: Oh, hello, yes, arm. . . I've just lost my bank stuff.
 #Person1#: I'm sorry, could you be a little more specific?
 #Person2#: You know my bank stuff. My card, my book. . .
 #Person1#: OK, I will have to take some details from you. Could you tell me your name, please?
 #Person2#: Jim Chan. The account's in my name. Is that all you need to know?
 #Person1#: Not quite, Sir. We will need to also know the account number, the deposited amount and your PIN number. You will also have to come in and fill out some forms.",Jim Chan lost his bank stuff and asks help from Claire. Claire tells him they need to know his specific personal information and he needs to come in and fill out some forms.,"Here is a summary of the dialogue in two sentences:

A customer, Jim Chan, calls IBA Bank to report that he has lost his bank card and book. The bank representative, Claire, asks Jim for his name, account number, deposited amount, and PIN number, and informs him that he will need to come into the bank to fill out some forms.","Here is a summary of the dialogue in two sentences:

A customer, Jim Chan, calls IBA Bank to report that he has lost his bank card and book. The bank representative, Claire, asks Jim for his name, account number, deposited amount, and PIN number, and informs him that he will need to come into the bank to fill out some forms.",,
train_5873,Nepali,बैंक सामान हराउनु,"#Person1#: यो आईबीए बैंक हो, क्लेयर बोल्दैछु, म कसरी सहयोग गर्न सक्छु?
 #Person2#: ओह, हेलो, हो, आर्म... मैले भर्खरै आफ्नो बैंक सामान हराएँ।
 #Person1#: माफ गर्नुहोस्, के तपाईं अलि स्पष्ट भन्न सक्नुहुन्छ?
 #Person2#: तपाईंलाई थाहा छ मेरो बैंक सामान। मेरो कार्ड, मेरो बुक...
 #Person1#: ठिकै छ, मलाई तपाईंबाट केही विवरण लिनुपर्नेछ। कृपया आफ्नो नाम बताउन सक्नुहुन्छ?
 #Person2#: जिम च्यान। खाता मेरो नाममा छ। के तपाईंलाई यति मात्र थाहा चाहिन्छ?
 #Person1#: पूर्ण रूपमा होइन, सर। हामीलाई खाता नम्बर, जम्मा रकम र तपाईंको पिन नम्बर पनि थाहा चाहिन्छ। तपाईं आउनुपर्नेछ र केही फारम भर्नुपर्नेछ।",जिम च्यानले आफ्नो बैंक सामान हराए र क्लेयरसँग मद्दत माग्छन्। क्लेयरले विशिष्ट व्यक्तिगत जानकारी चाहिने र आएर फारम भर्नुपर्ने बताउँछिन्।,"जिम च्यानले आईबीए बैंकमा कार्ड, बुक र खाता सामान हराएँ।","जिम च्यानले आईबीए बैंकमा कार्ड, बुक र खाता सामान हराएँ।",,
train_5936,English,service charge,"#Person1#: How did you like the dishes, Sir?
 #Person2#: Delicious. Everything was excellent here. Thank you!
 #Person1#: Do you want some coffee, tea, sir?
 #Person2#: No. thanks, I'm fine. Ah, just have the bill, please. How much is your service charge?
 #Person1#: Fifteen percent and it's included in your bill. Thank you very much, sir. We look forward to seeing you again.
 #Person2#: Sure, good night.",#Person2# enjoys the meal and #Person1# tells him the service charge is 15%.,"The customer complimented the food, saying it was delicious and excellent. He declined coffee or tea, asked for the bill, and was informed that a 15% service charge was included.","The customer complimented the food, saying it was delicious and excellent. He declined coffee or tea, asked for the bill, and was informed that a 15% service charge was included.",,
train_5936,Nepali,सेवा शुल्क,"#Person1#: सर, खाना कस्तो लाग्यो?
 #Person2#: स्वादिष्ट। यहाँ सबै उत्कृष्ट थियो। धन्यवाद!
 #Person1#: सर, केही कफी, चिया चाहियो?
 #Person2#: होइन धन्यवाद, म ठिक छु। अह, बिल मात्र दिनुहोस्। तपाईंको सेवा शुल्क कति हो?
 #Person1#: पन्ध्र प्रतिशत र यो तपाईंको बिलमा समावेश छ। धेरै धन्यवाद, सर। हामी तपाईंलाई फेरि भेट्न आशा गर्छौं।
 #Person2#: अवश्य, शुभ रात्री।",#Person2# ले खानाको आनन्द लिन्छन् र #Person1# ले सेवा शुल्क १५% छ भन्छन्।,संवादमा एक व्यक्ति द्वारा खाना कस्तो लाग्यो भन्ने प्रश्न पूछिएको थियो । दूसरो व्यक्तिले स्वादिष्ट भनेर उत्तर दिएको थियो । प्रश्नकर्ताले कफी चाहियो भन्ने प्रश्न पूछेको थियो । दूसरो व्यक्तिले धन्यवाद भनेर उत्तर दिएको थियो । प्रश्नकर्ताले पन्ध्र प्रतिशत शुल्क भनेर सेवा शुल्कको जानक,संवादमा एक व्यक्ति द्वारा खाना कस्तो लाग्यो भन्ने प्रश्न पूछिएको थियो । दूसरो व्यक्तिले स्वादिष्ट भनेर उत्तर दिएको थियो । प्रश्नकर्ताले कफी चाहियो भन्ने प्रश्न पूछेको थियो । दूसरो व्यक्तिले धन्यवाद भनेर उत्तर दिएको थियो । प्रश्नकर्ताले पन्ध्र प्रतिशत शुल्क भनेर सेवा शुल्कको जानक,,
train_5943,English,gift preparation,"#Person1#: Rose, Christmas is coming soon. What presents shall we buy for the children?
 #Person2#: What about a bike for John? He's been asking for one for a long time.
 #Person1#: But I don't think he's old enough to ride a bike to school. Let's buy him a football instead alright?
 #Person2#: OK, what should we buy for Jane?
 #Person1#: Well, she likes music very much. Shall we buy her a guitar?
 #Person2#: I think an MP3 player will be better. It can help her learn Chinese.
 #Person1#: Then let's buy one for her. Now what about little Jack?
 #Person2#: Well, he's still a young baby. I think a toy car is best for him.
 #Person1#: I couldn't agree more. When shall we go and buy the presents?
 #Person2#: Well, tomorrow is Sunday. Let's go shopping tomorrow afternoon after we see the film.
 #Person1#: But we mustn't let the children know about the presents before Christmas.
 #Person2#: I'm sure they won't know. I'll take them to the McDonald's while you were doing the shopping.","#Person1# and Rose talk about buying a football for John, an MP3 player for Jane, and a toy for Jack as Christmas presents. They plan to go shopping tomorrow secretly.","Here is a two-sentence summary of the dialogue:

Person 1 and Person 2 are discussing what presents to buy for the children, with Person 2 suggesting a bike for John, an MP3 player for Jane, and a toy car for Jack. They decide to go shopping on Sunday afternoon after seeing a film, and Person 2 will take the children to McDonald's while Person 1 does the shopping.","Here is a two-sentence summary of the dialogue:

Person 1 and Person 2 are discussing what presents to buy for the children, with Person 2 suggesting a bike for John, an MP3 player for Jane, and a toy car for Jack. They decide to go shopping on Sunday afternoon after seeing a film, and Person 2 will take the children to McDonald's while Person 1 does the shopping.",,
train_5943,Nepali,उपहारको तयारी,"#व्यक्ति१#:	रोज, क्रिसमस चाँडै आउँदैछ। हामीले बच्चाहरूका लागि के उपहार किन्नुपर्छ?
#व्यक्ति२#:	जोनका लागि साइकल कस्तो हुन्छ? उसले लामो समयदेखि एउटा मागिरहेको छ।
#व्यक्ति१#:	तर मलाई लाग्दैन ऊ साइकल चढेर विद्यालय जान पर्याप्त ठूलो भइसकेको छ। बरु उसको लागि फुटबल किनौँ, हुन्छ?
#व्यक्ति२#:	हुन्छ, जेनका लागि हामीले के किन्नुपर्छ?
#व्यक्ति१#:	खैर, उसलाई सङ्गीत धेरै मन पर्छ। उसको लागि गितार किनौँ?
#व्यक्ति२#:	मलाई लाग्छ सङ्गीत बजाउने यन्त्र अझ राम्रो हुनेछ। यसले उसलाई चिनियाँ भाषा सिक्न मद्दत गर्न सक्छ।
#व्यक्ति१#:	त्यसो भए उसको लागि एउटा किनौँ। अब सानो ज्याकको लागि के गर्ने?
#व्यक्ति२#:	खैर, ऊ अझै सानो बच्चा हो। मलाई लाग्छ उसको लागि खेलौना गाडी सबैभन्दा राम्रो हुन्छ।
#व्यक्ति१#:	म यसमा पूर्ण रूपमा सहमत छु। हामी कहिले गएर उपहारहरू किन्ने?
#व्यक्ति२#:	खैर, भोलि आइतबार हो। भोलि दिउँसो चलचित्र हेरेपछि किनमेल गर्न जाऔँ।
#व्यक्ति१#:	तर हामीले क्रिसमसभन्दा अघि बच्चाहरूलाई उपहारबारे थाहा दिनु हुँदैन।
#व्यक्ति२#:	म निश्चित छु उनीहरूलाई थाहा हुनेछैन। तिमी किनमेल गरिरहँदा म उनीहरूलाई म्याकडोनाल्ड्समा लैजानेछु।
","#व्यक्ति१# र रोजले जोनका लागि फुटबल, जेनका लागि एमपी३ बजाउने यन्त्र र ज्याकका लागि खेलौना क्रिसमस उपहारका रूपमा किन्नेबारे कुरा गर्छन्। उनीहरू भोलि गोप्य रूपमा किनमेल गर्न जाने योजना बनाउँछन्।","क्रिसमस चाँडै आउँदैछ। हामीले बच्चाहरूका लागि के उपहार किन्नुपर्छ? जोनका लागि साइकल कस्तो हुन्छ? उसले लामो समयदेखि एउटा मागिरहेको छ। तर मलाई लाग्दैन ऊ साइकल चढेर विद्यालय जान पर्याप्त ठूलो भइसकेको छ। बरु उसको लागि फुटबल किनौँ, हुन्छ? हुन्छ, जेनका लागि हामीले के किन","क्रिसमस चाँडै आउँदैछ। हामीले बच्चाहरूका लागि के उपहार किन्नुपर्छ? जोनका लागि साइकल कस्तो हुन्छ? उसले लामो समयदेखि एउटा मागिरहेको छ। तर मलाई लाग्दैन ऊ साइकल चढेर विद्यालय जान पर्याप्त ठूलो भइसकेको छ। बरु उसको लागि फुटबल किनौँ, हुन्छ? हुन्छ, जेनका लागि हामीले के किन",,
train_5980,English,relax,"#Person1#: good morning! 
 #Person2#: good morning, Gav! Did you sleep well last night? 
 #Person1#: I slept like a baby. I fell asleep right away last night, didn't wake up once, and didn't have nay nightmares! 
 #Person2#: that's great news! You look much more relaxed than you did yesterday. 
 #Person1#: I feel much better, but I'm still worried about something. 
 #Person2#: what's that? 
 #Person1#: well, I have to drive to school for a meeting this morning, and I'm going to end up getting stuck in rush-hour traffic. 
 #Person2#: that's annoying, but nothing to worry about. 
 #Person1#: for me, traffic jams are quite stressful, because I'm pretty impatient. How can I prevent myself from getting stressed if I get stuck in a traffic jam? 
 #Person2#: just btrathe deeply when you feel yourself getting upset. 
 #Person1#: Ok, I'll try that. 
 #Person2#: is there anything else bothering you? 
 #Person1#: just one more thing. A school called me this morning to see if I could teach a few classes this weekend and I don't know what to do. 
 #Person2#: do you have any other plans this weekend? 
 #Person1#: I'm supposed to work on a paper that'd due on Monday. 
 #Person2#: try not to take on more than you can handle. 
 #Person1#: you're right. I probably should just work on my paper. Thanks!","Gav tells #Person2# that he slept well but still worries about something. He feels stressed when caught in the traffic jam, and #Person2# gives him suggestions. A school called Gav to teach classes but he has the paper due. #Person2# advises Gav to take on things he can handle.","Here is a two-sentence summary of the dialogue:

Person 1 is feeling more relaxed after a good night's sleep, but is worried about getting stuck in rush-hour traffic and has a school asking them to teach classes this weekend. Person 2 offers advice on how to manage stress in a traffic jam and suggests that Person 1 should prioritize working on their paper rather than taking on the teaching classes.","Here is a two-sentence summary of the dialogue:

Person 1 is feeling more relaxed after a good night's sleep, but is worried about getting stuck in rush-hour traffic and has a school asking them to teach classes this weekend. Person 2 offers advice on how to manage stress in a traffic jam and suggests that Person 1 should prioritize working on their paper rather than taking on the teaching classes.",,
train_5980,Nepali,आराम,"#Person1#: शुभ प्रभात!
 #Person2#: शुभ प्रभात, ग्याभ! तपाईंले राति राम्रोसँग सुत्नुभयो?
 #Person1#: म बच्चाजस्तै सुतेँ। म तुरुन्तै सुतेँ, एक पटक पनि उठिनँ, र कुनै दुःस्वप्न पनि आएन!
 #Person2#: त्यो राम्रो खबर हो! तपाईं हिजोभन्दा धेरै आरामदायी देखिनुहुन्छ।
 #Person1#: म धेरै राम्रो महसुस गर्छु, तर म अझै केही कुराबारे चिन्तित छु।
 #Person2#: त्यो के हो?
 #Person1#: खैर, मलाई आज बिहान स्कूलमा बैठकका लागि गाडी चलाउनुपर्छ, र म व्यस्त समयको ट्राफिकमा अड्किनेछु।
 #Person2#: त्यो झन्झट हो, तर चिन्ता लिनुपर्ने कुरा होइन।
 #Person1#: मेरो लागि, ट्राफिक जाम निकै तनावपूर्ण हुन्छ, किनकि म निकै अधीर छु। यदि म ट्राफिक जाममा अड्किएँ भने तनावबाट कसरी बच्ने?
 #Person2#: जब तपाईं आफूलाई रिसाएको महसुस गर्नुहुन्छ गहिरो सास फेर्नुहोस्।
 #Person1#: ठिकै छ, म त्यो प्रयास गर्नेछु।
 #Person2#: अरू केही कुराले तपाईंलाई सताइरहेको छ?
 #Person1#: केवल एउटा कुरा। एउटा स्कूलले मलाई आज बिहान फोन गरेर यो सप्ताहन्तमा केही कक्षा पढाउन सकिन्छ कि भनेर सोध्यो र मलाई के गर्ने थाहा छैन।
 #Person2#: तपाईंसँग यो सप्ताहन्तका लागि अरू कुनै योजना छ?
 #Person1#: म सोमबार बुझाउनुपर्ने पेपरमा काम गर्नुपर्ने हो।
 #Person2#: आफूले सम्हाल्न सक्नेभन्दा बढी नलिएर प्रयास गर्नुहोस्।
 #Person1#: तपाईं ठीक हुनुहुन्छ। म सायद पेपरमा मात्र काम गर्नुपर्छ। धन्यवाद!","ग्याभले #Person2# लाई राम्रोसँग सुतेको तर अझै केही चिन्तित रहेको बताउँछन्। उनी ट्राफिक जाममा तनाव महसुस गर्छन्, र #Person2# सल्लाह दिन्छन्। स्कूलले कक्षा पढाउन भन्यो तर उनीसँग पेपर छ। #Person2# ले आफूले सम्हाल्न सक्ने कुरा मात्र लिन सल्लाह दिन्छन्।","तलको संवादलाई एक वाक्यमा सारांश गर्दा यसरी लेख्न सकिन्छ- शुभ प्रभात! तपाईंले राति राम्रोसँग सुत्नुभयो? तपाईं हिजोभन्दा धेरै आरामदायी देखिनुहुन्छ। तपाईंलाई आज बिहान स्कूलमा बैठकका लागि गाडी चलाउनुपर्छ, र म व्यस्त समयको ट्राफिकमा अड्किनेछु। तपाईंलाई ट्राफिक","तलको संवादलाई एक वाक्यमा सारांश गर्दा यसरी लेख्न सकिन्छ- शुभ प्रभात! तपाईंले राति राम्रोसँग सुत्नुभयो? तपाईं हिजोभन्दा धेरै आरामदायी देखिनुहुन्छ। तपाईंलाई आज बिहान स्कूलमा बैठकका लागि गाडी चलाउनुपर्छ, र म व्यस्त समयको ट्राफिकमा अड्किनेछु। तपाईंलाई ट्राफिक",,
train_6022,English,house-sitting,"#Person1#: I'm not sure if I can find work this summer. There aren't many jobs out there for inexperienced workers, and I can't just sit around all day.
 #Person2#: Have you ever heard about house-sitting? Tom is going to house sit for Mary's family this summer when they travel to China.
 #Person1#: What exactly is house-sitting?
 #Person2#: It's kind of like baby-sitting except that you're watching a house instead of kids.
 #Person1#: It sounds too good to be true. But I guess it won't be that simple. Anyhow, I'd like to have a try.",#Person1# can't find a job. #Person2# suggests #Person1# try house-sitting. #Person1# would like to have a try.,"Person 1 is concerned about finding a job this summer due to limited opportunities for inexperienced workers. Person 2 suggests house-sitting as a possible option, and Person 1 is interested in learning more about it.","Person 1 is concerned about finding a job this summer due to limited opportunities for inexperienced workers. Person 2 suggests house-sitting as a possible option, and Person 1 is interested in learning more about it.",,
train_6022,Nepali,हाउस-सिटिङ,"#Person1#: म यो गर्मीमा काम पाउन सक्छु कि सक्दिनँ थाहा छैन। अनुभवहीन कामदारहरूका लागि धेरै जागिर छैनन्, र म दिनभर बसिरहन सक्दिनँ।
 #Person2#: के तपाईंले हाउस-सिटिङबारे सुन्नुभएको छ? टम यो गर्मीमा मेरीको परिवार चीन जाँदा उनीहरूको घर हेर्नेछन्।
 #Person1#: हाउस-सिटिङ भनेको ठ्याक्कै के हो?
 #Person2#: यो बेबी-सिटिङजस्तै हो तर बच्चाको सट्टा घर हेर्ने हो।
 #Person1#: यो साँचो हुन नसक्नेजस्तो लाग्छ। तर मलाई लाग्छ त्यति सजिलो हुँदैन। जे होस्, म प्रयास गर्न चाहन्छु।",#Person1# ले जागिर पाउन सक्दैनन्। #Person2# ले हाउस-सिटिङ प्रयास गर्न सुझाउँछन्। #Person1# प्रयास गर्न चाहन्छन्।,"संवादमा एक कामदारले गर्मीमा काम पाउने बारेमा प्रश्न पुछेका थिए। दोस्रो व्यक्तिले उनलाई हाउस-सिटिङको बारेमा सुनाएका थिए, जुन बेबी-सिटिङ जस्तै हो तर घर हेर्ने हो। कामदारले यो साँचो हुन नसक्नेजस्तो लागेको थियो तर प्रयास गर्न चाहन्थे।","संवादमा एक कामदारले गर्मीमा काम पाउने बारेमा प्रश्न पुछेका थिए। दोस्रो व्यक्तिले उनलाई हाउस-सिटिङको बारेमा सुनाएका थिए, जुन बेबी-सिटिङ जस्तै हो तर घर हेर्ने हो। कामदारले यो साँचो हुन नसक्नेजस्तो लागेको थियो तर प्रयास गर्न चाहन्थे।",,
train_6178,English,interview,"#Person1#: Let's begin by having you tell me about yourself and your background. 
 #Person2#: I have been working as a paralegal for the last 10 months through an agency that specializes in the legal field. My experience has been supporting attorneys in the field of labor law, where I have been able to apply my paralegal education. I was commended on my ability to take information and break it down into usable facts. I really love research and analyzing facts. My major in college was English, and as a result, my writing skills are my major strength. I am looking for a position where my research and writing skills can be used. 
 #Person1#: What do you think are the key qualities needed to succeed in the paralegal profession? 
 #Person2#: Flexibility would certainly rank high in this type of job. In my last position, I supported four lawyers, and it was not unusual for them all to give me high-priority items to do in the same day or week. There were days when I had to stop and prioritize my work just to get a handle on everything. I would discuss the urgency of their work with each of them so I didn't drop the ball. At the same time, I made sure each of them felt like his or her project was important on my agenda. I think communication is probably the next key quality. It really worked well when I talked with each of them, explained my situation, and got their input. 
 #Person1#: Can you give me an example of a time when you had to work above and beyond your job description? 
 #Person2#: There was a very important project that had to be researched and completed by the end of the week. Even though I worked extra hours every night for almost two weeks, my boss and I stayed until 2 a. m. for two nights before the final wrap up. It was very rewarding to have put so much effort into a project and see the really great results. My boss gave me a bonus for my extra effort. 
 #Person1#: Tell me about a time when you had to research a case and encountered some obstacles you had to overcome. 
 #Person2#: I remember a case that was filled with obstacles. The first thing I did was research through documents and past cases that had similar circumstances. I assembled the facts and then tried to put them together and analyze the next step. I was able to get some input from another lawyer I happened to see at lunch. Through some hard work and fact digging, I was able to find a way to overcome most of the obstacles. I took my findings to my boss and made some recommendations, which she and I discussed and eventually resolved. My boss was impressed with the work I had done. 
 #Person1#: What are your strengths and weaknesses? 
 #Person2#: My strengths are my caring about getting the job done. I am very results-driven and have been able to meet all my deadlines in past jobs. As far as weaknesses, I really enjoy my work, and sometimes I put in too much time. But I am aware of my tendency to overwork and have learned to pace myself more. 
 #Person1#: Tell me about a time when you had a confrontation with a coworker or boss. 
 #Person2#: I did have an issue with someone who was getting on my nerves. I asked her if I could talk with her one day, and we had a good discussion. It turned out she was not aware of the impact of her actions and that she really needed an explanation of the procedure. I took the time to explain the procedures, and there haven't been any problems since that day. 
 #Person1#: When do you find a job satisfying? 
 #Person2#: My biggest satisfaction is when I experience growth in a job. When I first started as a paralegal, I had a lot to learn. But through hard work, advice from some good mentors and continuing education, I have come a long way. I've learned to be flexible when possible and to deal with difficult people in a positive manner. 
 #Person1#: How would your coworkers describe you? 
 #Person2#: First, they'll say I have a lot of energy and enthusiasm. I really enjoy working with people. Secondly, they'll say I had great customer service skills. I put the customer first. And thirdly, they'll say that I know the law. I put a lot of effort into my education as a paralegal and take it seriously. 
 #Person1#: Do you have any questions? 
 #Person2#: Yes, I do. On a scale of one to 10, what would you say morale was in this company?","#Person1# interviews #Person2#, who is looking for a position to use #Person2#'s research and writing skills. #Person2# majors in English and has been working as a paralegal for the last ten months. #Person2# thinks flexibility is the key quality of a paralegal. #Person2# gives examples of the time when #Person2# had to work above and beyond the job description, the time of encountering some obstacles when #Person2# had a confrontation with a coworker. #Person2# also talks about #Person2#'s strengths and weaknesses and how coworkers describe #Person2#. #Person2# finds a job satisfying when #Person2# experiences growth in it. #Person2# also asks #Person1# how #Person1# scales morale in the company.","Here is a two-sentence summary of the dialogue:

The interviewee, a paralegal with 10 months of experience, discussed their background, skills, and experiences, highlighting their strengths in research, writing, and communication. They also shared examples of times when they had to work above and beyond their job description, overcome obstacles, and handle difficult situations, and described themselves as results-driven, flexible, and enthusiastic.","Here is a two-sentence summary of the dialogue:

The interviewee, a paralegal with 10 months of experience, discussed their background, skills, and experiences, highlighting their strengths in research, writing, and communication. They also shared examples of times when they had to work above and beyond their job description, overcome obstacles, and handle difficult situations, and described themselves as results-driven, flexible, and enthusiastic.",,
train_6178,Nepali,अन्तर्वार्ता,"#Person1#: सुरुमा तपाईं आफ्नो बारेमा र पृष्ठभूमि बताउनुहोस्।
 #Person2#: म पछिल्लो १० महिनादेखि कानुनी क्षेत्रमा विशेषज्ञ एजेन्सीमार्फत प्यारालिगलका रूपमा काम गर्दैछु। मेरो अनुभव श्रम कानून क्षेत्रमा अधिवक्ताहरूलाई सहयोग गर्ने भएको छ, जहाँ मैले आफ्नो प्यारालिगल शिक्षा लागू गर्न सकें। मलाई जानकारी लिएर प्रयोगयोग्य तथ्यमा तोड्ने क्षमताका लागि प्रशंसा गरिएको थियो। मलाई अनुसन्धान र तथ्य विश्लेषण साँच्चै मन पर्छ। मेरो कलेज मेजर अंग्रेजी थियो, र त्यसैले, मेरो लेखन कौशल मेरो मुख्य बल हो। म त्यस्तो पद खोज्दैछु जहाँ मेरो अनुसन्धान र लेखन कौशल प्रयोग गर्न सकियोस्।
 #Person1#: प्यारालिगल पेशामा सफल हुन आवश्यक मुख्य गुणहरू के हुन् भन्ने तपाईंलाई लाग्छ?
 #Person2#: लचिलोपन यस प्रकारको जागिरमा अवश्य उच्च स्थानमा हुनेछ। मेरो अन्तिम पदमा, मैले चार वकिललाई सहयोग गरें, र उनीहरू सबैले एकै दिन वा हप्तामा उच्च प्राथमिकताका काम दिनु असामान्य थिएन। केही दिन मैले सबै कुरा सम्हाल्न कामलाई प्राथमिकता दिन रोक्नुपर्थ्यो। मैले उनीहरू प्रत्येकसँग कामको जरुरीताबारे छलफल गर्थें ताकि मैले कुनै कुरा नछुटाऊँ। साथै, मैले सुनिश्चित गर्थें कि प्रत्येकलाई आफ्नो परियोजना मेरो एजेन्डामा महत्वपूर्ण लागोस्। मलाई लाग्छ सञ्चार अर्को मुख्य गुण हो। जब मैले उनीहरूसँग कुरा गरेँ, आफ्नो अवस्था व्याख्या गरेँ, र उनीहरूको इनपुट लिएँ, त्यो राम्रोसँग काम गर्‍यो।
 #Person1#: के तपाईं मलाई त्यस्तो समयको उदाहरण दिन सक्नुहुन्छ जब तपाईंले आफ्नो जागिर विवरणभन्दा माथि काम गर्नुपरेको थियो?
 #Person2#: एउटा धेरै महत्वपूर्ण परियोजना थियो जुन हप्ताको अन्त्यसम्म अनुसन्धान र पूरा गर्नुपर्थ्यो। यद्यपि मैले झण्डै दुई हप्तासम्म हरेक रात अतिरिक्त घण्टा काम गरेँ, मेरो बोस र म अन्तिम र्याप अपअघि दुई रात २ बजेसम्म बस्यौं। यति धेरै प्रयास गरेर साँच्चै राम्रो नतिजा देख्नु धेरै पुरस्कृत थियो। मेरो बोसले मेरो अतिरिक्त प्रयासका लागि बोनस दिए।
 #Person1#: तपाईंले कुनै केस अनुसन्धान गर्दा सामना गर्नुपरेका बाधाहरूको बारेमा बताउनुहोस्।
 #Person2#: मलाई एउटा केस याद छ जुन बाधाहरूले भरिएको थियो। मैले पहिले कागजातहरू र समान परिस्थिति भएका विगतका केसहरू अनुसन्धान गरेँ। मैले तथ्यहरू जम्मा गरेँ र त्यसपछि तिनीहरूलाई जोडेर अर्को कदम विश्लेषण गर्ने प्रयास गरेँ। मैले लन्चमा भेटेको अर्को वकिलबाट केही इनपुट लिन सकें। कडा काम र तथ्य खोजीमार्फत, मैले अधिकांश बाधाहरू पार गर्ने तरिका फेला पारेँ। मैले आफ्ना निष्कर्षहरू बोसलाई दिएँ र केही सिफारिसहरू गरेँ, जुन उनी र मैले छलफल गरेर अन्ततः समाधान गर्‍यौं। मेरो बोस मेरो कामबाट प्रभावित भए।
 #Person1#: तपाईंका बल र कमजोरीहरू के हुन्?
 #Person2#: मेरा बल भनेको काम पूरा गर्ने हेरचाह हो। म नतिजा-केन्द्रित छु र विगतका जागिरहरूमा सबै डेडलाइन पूरा गर्न सक्षम भएको छु। कमजोरीको हकमा, मलाई आफ्नो काम साँच्चै मन पर्छ, र कहिलेकाहीँ म धेरै समय दिन्छु। तर म आफ्नो अति काम गर्ने प्रवृत्तिबारे सचेत छु र आफूलाई थप गति मिलाउन सिकेको छु।
 #Person1#: तपाईंलाई सहकर्मी वा बोससँग टकराव भएको समयको बारेमा बताउनुहोस्।
 #Person2#: मलाई एकजनासँग समस्या थियो जो मेरो नसामा लाग्दै थिए। मैले एक दिन उनीसँग कुरा गर्न सक्छु कि भनेर सोधेँ, र हामीले राम्रो छलफल गर्‍यौं। उनी आफ्ना कार्यहरूको प्रभावबारे सचेत थिएनन् र उनीलाई प्रक्रियाको व्याख्या चाहिन्थ्यो भन्ने देखियो। मैले प्रक्रियाहरू व्याख्या गर्न समय लिएँ, र त्यस दिनपछि कुनै समस्या भएको छैन।
 #Person1#: तपाईं जागिर कहिले सन्तुष्ट पाउनुहुन्छ?
 #Person2#: मेरो सबैभन्दा ठूलो सन्तुष्टि तब हुन्छ जब म जागिरमा वृद्धि अनुभव गर्छु। जब म पहिलो पटक प्यारालिगलका रूपमा सुरु गरेँ, मलाई धेरै सिक्नुपर्थ्यो। तर कडा काम, केही राम्रा गुरुहरूको सल्लाह र निरन्तर शिक्षामार्फत, म धेरै अगाडि आएको छु। मैले सम्भव हुँदा लचिलो हुन र कठिन व्यक्तिहरूलाई सकारात्मक तरिकाले व्यवहार गर्न सिकेको छु।
 #Person1#: तपाईंका सहकर्मीहरू तपाईंलाई कसरी वर्णन गर्नेछन्?
 #Person2#: पहिलो, उनीहरू भन्नेछन् मसँग धेरै ऊर्जा र उत्साह छ। मलाई मानिसहरूसँग काम गर्न साँच्चै मन पर्छ। दोस्रो, उनीहरू भन्नेछन् मसँग उत्कृष्ट ग्राहक सेवा कौशल छ। म ग्राहकलाई पहिलो राख्छु। र तेस्रो, उनीहरू भन्नेछन् म कानून जान्दछु। मैले प्यारालिगलका रूपमा आफ्नो शिक्षामा धेरै प्रयास गरेको छु र यसलाई गम्भीरतापूर्वक लिन्छु।
 #Person1#: के तपाईंसँग कुनै प्रश्न छ?
 #Person2#: हो, छ। एकदेखि दसको स्केलमा, तपाईं यस कम्पनीको मनोबल कति भन्नुहुन्छ?","#Person1# ले #Person2# को अन्तर्वार्ता लिन्छन्, जो आफ्नो अनुसन्धान र लेखन कौशल प्रयोग गर्ने पद खोज्दैछन्। #Person2# अंग्रेजी मेजर हुन् र पछिल्लो दस महिनादेखि प्यारालिगलका रूपमा काम गर्दैछन्। #Person2# लचिलोपनलाई प्यारालिगलको मुख्य गुण ठान्छन्। #Person2# ले जागिर विवरणभन्दा माथि काम गर्नुपरेको समय, बाधाहरू सामना गरेको समय र सहकर्मीसँग टकरावको उदाहरण दिन्छन्। #Person2# बल र कमजोरी तथा सहकर्मीहरूले कसरी वर्णन गर्छन् भन्ने पनि बताउँछन्। #Person2# जागिरमा वृद्धि अनुभव गर्दा सन्तुष्ट पाउँछन्। #Person2# ले कम्पनीको मनोबल कति छ भनेर पनि सोध्छन्।",मलाई प्यारालिगल पेशामा सफल हुन आवश्यक मुख्य गुणहरू लचिलोपन र सञ्चार हुन्। मलाई एउटा केस याद छ जुन बाधाहरूले भरिएको थियो। मलाई आफ्ना नसामा लाग्दै थिए। मलाई एकजनासँग समस्या थियो जो मेरो नसामा लाग्दै थिए। मलाई जागिर कहिले सन्तुष्ट पाउनुहुन्छ जब म जागिरमा वृद्धि अनुभव गर्छु।,मलाई प्यारालिगल पेशामा सफल हुन आवश्यक मुख्य गुणहरू लचिलोपन र सञ्चार हुन्। मलाई एउटा केस याद छ जुन बाधाहरूले भरिएको थियो। मलाई आफ्ना नसामा लाग्दै थिए। मलाई एकजनासँग समस्या थियो जो मेरो नसामा लाग्दै थिए। मलाई जागिर कहिले सन्तुष्ट पाउनुहुन्छ जब म जागिरमा वृद्धि अनुभव गर्छु।,,
train_6255,English,driving,"#Person1#: Dad, you've been driving for three hours. Why don't we have a switch?
 #Person2#: There're a lot of chuckholes on this old highway. Driving on it is experience-demanding.
 #Person1#: Trust me. I've been driving for two years.
 #Person2#: Ok. You drive and do be careful.",#Person2# has been driving for 3 hours so #Person1# suggests a switch. #Person2# accepts and tells #Person1# to be careful.,"Person 1 asks Person 2 to switch drivers after three hours, but Person 2 declines, citing the challenging road conditions. Person 2 agrees to let Person 1 drive, but advises them to be careful.","Person 1 asks Person 2 to switch drivers after three hours, but Person 2 declines, citing the challenging road conditions. Person 2 agrees to let Person 1 drive, but advises them to be careful.",,
train_6255,Nepali,गाडी चलाउने,"#Person1#: बाबा, तपाईं तीन घण्टादेखि गाडी चलाउँदै हुनुहुन्छ। किन हामी साट्दैनौं?
 #Person2#: यो पुरानो राजमार्गमा धेरै खाडलहरू छन्। यसमा चलाउन अनुभव चाहिन्छ।
 #Person1#: ममाथि विश्वास गर्नुहोस्। म दुई वर्षदेखि गाडी चलाउँदैछु।
 #Person2#: ठिकै छ। तिमी चलाऊ र सावधान रह।",#Person2# तीन घण्टादेखि गाडी चलाउँदैछन् त्यसैले #Person1# साट्न सुझाउँछन्। #Person2# स्वीकार गर्छन् र सावधान रहन भन्छन्।,बाबालाई तीन घण्टादेखि गाडी चलाउँदै हुनुहुन्छ। किन हामी साट्दैनौं? बाबाले यो पुरानो राजमार्गमा धेरै खाडलहरू छन्। यसमा चलाउन अनुभव चाहिन्छ। बाबाले ममाथि विश्वास गर्नुहोस्। म दुई वर्षदेखि गाडी चलाउँदैछु। बाबाले ठिकै छ। तिमी चलाऊ र सावधान रह।,बाबालाई तीन घण्टादेखि गाडी चलाउँदै हुनुहुन्छ। किन हामी साट्दैनौं? बाबाले यो पुरानो राजमार्गमा धेरै खाडलहरू छन्। यसमा चलाउन अनुभव चाहिन्छ। बाबाले ममाथि विश्वास गर्नुहोस्। म दुई वर्षदेखि गाडी चलाउँदैछु। बाबाले ठिकै छ। तिमी चलाऊ र सावधान रह।,,
train_6311,English,subway station,"#Person1#: what's the cheapest way to go there?
 #Person2#: By subway.
 #Person1#: Oh, is that right? Is there a subway station near here?
 #Person2#: Yes. There's one on the other side of the building.
 #Person1#: Good. Can I walk through this building?
 #Person2#: I'm afraid you can't. you'Ve to go out there and walk around.
 #Person1#: I see. Thank you.",#Person2# tells #Person1# the subway is the cheapest way to get to #Person1#'s destination and directs #Person1# to the station.,"Here is a summary of the dialogue in two sentences:

Person 1 asks Person 2 for the cheapest way to get somewhere, and Person 2 suggests taking the subway. Person 1 then asks for directions to the subway station, and Person 2 tells them it's on the other side of the building, but they have to exit the building to get there.","Here is a summary of the dialogue in two sentences:

Person 1 asks Person 2 for the cheapest way to get somewhere, and Person 2 suggests taking the subway. Person 1 then asks for directions to the subway station, and Person 2 tells them it's on the other side of the building, but they have to exit the building to get there.",,
train_6311,Nepali,,"#Person1#: त्यहाँ जाने सबैभन्दा सस्तो तरिका कुन हो?
#Person2#: सबवेबाट।
#Person1#: ए, हो र? के यहाँ नजिकै सबवे स्टेसन छ?
#Person2#: छ। भवनको अर्को छेउमा एउटा स्टेसन छ।
#Person1#: राम्रो। के म यो भवनभित्रबाट हिँडेर जान सक्छु?
#Person2#: माफ गर्नुहोस्, सक्नुहुन्न। तपाईंले बाहिर निस्केर घुमेर जानुपर्छ।
#Person1#: बुझें। धन्यवाद।",,"संवादमा भएको जानकारी मात्र समावेश गर्दै संवादलाई एक वाक्यमा सारांश गर्दै यस प्रकार लेख्न सकिन्छ:

संवादमा दुई व्यक्तिहरू बीचमा सबवे स्टेसनको बारेमा बिचार विनिमय भएको थियो ।","संवादमा भएको जानकारी मात्र समावेश गर्दै संवादलाई एक वाक्यमा सारांश गर्दै यस प्रकार लेख्न सकिन्छ:

संवादमा दुई व्यक्तिहरू बीचमा सबवे स्टेसनको बारेमा बिचार विनिमय भएको थियो ।",,
train_6407,English,a bus tour,"#Person1#: We are on our way. I think our first stop is Buckingham Palace.
 #Person2#: That's right. I can already see the Palace Garden on the left.
 #Person1#: And here is Buckingham Palace! Look, isn't it beautiful? It is much bigger than I imagined.
 #Person2#: The bus is turning right to Buckingham Gate. And now we are joining Victoria Street.
 #Person1#: Yes we are going towards Westminster Abbey. I can see it now! Look to your right.
 #Person2#: I can see it. The bus is stopping. I think we will be able to go inside.
 #Person1#: This is amazing. I'm glad we decided to take this bus tour. So where next?
 #Person2#: I guess we should see Big Ben soon.
 #Person1#: Yes. It is just round the corner. Oh, can you see the London Eye? Look straight and to your right.
 #Person2#: Look at this bridge. We will soon be crossing the Thames.
 #Person1#: This is Lambeth Bridge. We will then loop back and cross the river again on Westminster Bridge.
 #Person2#: Wonderful.","#Person1# and #Person2# are taking a bus tour. They see Buckingham Palace, Westminster Abbey, Big Ben, London Eye, and Lambeth Bridge. They think the tour is wonderful.","Here is a two-sentence summary of the dialogue:

The two people are on a bus tour of London, and they are admiring the sights as they pass by Buckingham Palace, Westminster Abbey, and other landmarks. They are excited to see Big Ben and the London Eye, and are currently crossing Lambeth Bridge on their way to Westminster Bridge.","Here is a two-sentence summary of the dialogue:

The two people are on a bus tour of London, and they are admiring the sights as they pass by Buckingham Palace, Westminster Abbey, and other landmarks. They are excited to see Big Ben and the London Eye, and are currently crossing Lambeth Bridge on their way to Westminster Bridge.",,
train_6407,Nepali,बस यात्रा,"#व्यक्ति१#: हामी आफ्नो बाटोमा छौँ। मलाई लाग्छ हाम्रो पहिलो रोक्ने ठाउँ बकिङ्घम दरबार हो।
#व्यक्ति२#: ठीक हो। म पहिले नै बायाँतिर दरबारको बगैँचा देख्न सक्छु।
#व्यक्ति१#: अनि यहाँ बकिङ्घम दरबार छ! हेर्नुहोस्, के यो सुन्दर छैन? मैले कल्पना गरेको भन्दा यो धेरै ठूलो छ।
#व्यक्ति२#: बस बकिङ्घम गेटतिर दायाँ मोडिँदैछ। अनि अब हामी भिक्टोरिया सडकमा प्रवेश गर्दैछौँ।
#व्यक्ति१#: हो, हामी वेस्टमिन्स्टर एबे तर्फ जाँदैछौँ। म अहिले देख्न सक्छु! आफ्नो दायाँतिर हेर्नुहोस्।
#व्यक्ति२#: म देख्न सक्छु। बस रोकिँदैछ। मलाई लाग्छ हामी भित्र जान सक्नेछौँ।
#व्यक्ति१#: यो अचम्मको छ। हामीले यो बस भ्रमण गर्ने निर्णय गरेकोमा म खुसी छु। त्यसो भए अब कहाँ?
#व्यक्ति२#: मलाई लाग्छ हामीले चाँडै बिग बेन हेर्नुपर्छ।
#व्यक्ति१#: हो। यो कुनाको ठीक वरिपरि छ। ओहो, के तपाईं लन्डन आई देख्न सक्नुहुन्छ? सिधा र आफ्नो दायाँतिर हेर्नुहोस्।
#व्यक्ति२#: यो पुल हेर्नुहोस्। हामी चाँडै टेम्स नदी पार गर्नेछौँ।
#व्यक्ति१#: यो ल्याम्बेथ पुल हो। त्यसपछि हामी घुमेर फर्कनेछौँ र वेस्टमिन्स्टर पुलबाट फेरि नदी पार गर्नेछौँ।
#व्यक्ति२#: अद्भुत।","#व्यक्ति१# र #व्यक्ति२# बस यात्रामा छन्। उनीहरू बकिङ्घम दरबार, वेस्टमिन्स्टर एबे, बिग बेन, लन्डन आई र ल्याम्बेथ पुल देख्छन्। उनीहरूलाई यात्रा अद्भुत लाग्छ।","बकिङ्घम दरबार, विक्टोरिया सडक, वेस्टमिन्स्टर एबे, बिग बेन, लन्डन, टेम्स नदी, ल्याम्बेथ पुल, वेस्टमिन्स्टर पुल।","बकिङ्घम दरबार, विक्टोरिया सडक, वेस्टमिन्स्टर एबे, बिग बेन, लन्डन, टेम्स नदी, ल्याम्बेथ पुल, वेस्टमिन्स्टर पुल।",,
train_6463,English,protect the earth,"#Person1#: What did you do over the weekend? 
 #Person2#: I went a global warming rally. It was fantastic to be around so many people who care about the environment. 
 #Person1#: Do you think there's anything we can do to reverse the damage that's been done already? 
 #Person2#: It might not be possible to fix the problems that we've created for ourselves, but there are lots of things we can do to prevent more damages from happening. 
 #Person1#: Like what? 
 #Person2#: Well, we can use public transport instead of taking our cars for a start. 
 #Person1#: What else can we do to protect the environment? 
 #Person2#: If you do have to drive, you should make sure that your car runs on unleaded petrol. Also, your home should use sources of renewable energy. 
 #Person1#: How about recycling? Does that actually help? 
 #Person2#: Yes. You should take your glass, paper, plastic, cardboard, and tin cans to a recycling center. 
 #Person1#: What do you think the biggest worry for our future is? 
 #Person2#: I think that the issue of greatest concern is having enough sources of clean water for everyone. 
 #Person1#: I had no idea you were such an environmentalist before! 
 #Person2#: To be honest, in order for the earth to continue to be a habitable place, we're all going to have to become more interested in the environment.","#Person2# thinks people need to do more, like using public transportation, using renewable energy, and recycling, to prevent more damages from happening so that the earth can continue to be a habitable place. #Person1# is surprised by #Person2#'s expertise.","Here is a two-sentence summary of the dialogue:

Person 2 attended a global warming rally and believes that while it may not be possible to reverse the damage already done, individuals can take steps to prevent further harm, such as using public transport, driving on unleaded petrol, and recycling. They also express concern about the issue of having enough clean water for everyone, and suggest that becoming more environmentally conscious is crucial for the earth's habitability.","Here is a two-sentence summary of the dialogue:

Person 2 attended a global warming rally and believes that while it may not be possible to reverse the damage already done, individuals can take steps to prevent further harm, such as using public transport, driving on unleaded petrol, and recycling. They also express concern about the issue of having enough clean water for everyone, and suggest that becoming more environmentally conscious is crucial for the earth's habitability.",,
train_6463,Nepali,पृथ्वीको संरक्षण गर्ने,"#व्यक्ति१#: तपाईंले सप्ताहन्तमा के गर्नुभयो?
#व्यक्ति२#: म विश्वव्यापी तापक्रम वृद्धिविरुद्धको र्‍यालीमा गएँ। वातावरणको ख्याल गर्ने यति धेरै मानिसहरूमाझ हुनु शानदार थियो।
#व्यक्ति१#: पहिले नै भइसकेको क्षतिलाई उल्टाउन हामीले केही गर्न सक्छौँ जस्तो लाग्छ?
#व्यक्ति२#: हामीले आफ्नै लागि सिर्जना गरेका समस्याहरू समाधान गर्न सम्भव नहुन सक्छ, तर थप क्षति हुनबाट रोक्न हामीले धेरै कुरा गर्न सक्छौँ।
#व्यक्ति१#: जस्तै के?
#व्यक्ति२#: सुरुमा, हामी आफ्नै गाडी चलाउनुको सट्टा सार्वजनिक यातायात प्रयोग गर्न सक्छौँ।
#व्यक्ति१#: वातावरण जोगाउन अरू के गर्न सक्छौँ?
#व्यक्ति२#: यदि गाडी चलाउनै पर्छ भने, तपाईंको गाडीमा सीसारहित पेट्रोल प्रयोग भएको सुनिश्चित गर्नुपर्छ। साथै, तपाईंको घरले नवीकरणीय ऊर्जाका स्रोतहरू प्रयोग गर्नुपर्छ।
#व्यक्ति१#: पुनर्चक्रणको बारेमा के? के त्यसले वास्तवमै सहयोग गर्छ?
#व्यक्ति२#: गर्छ। तपाईंले आफ्नो सिसा, कागज, प्लास्टिक, गत्ता र टिनका डब्बाहरू पुनर्चक्रण केन्द्रमा लैजानुपर्छ।
#व्यक्ति१#: हाम्रो भविष्यका लागि सबैभन्दा ठूलो चिन्ता के हो जस्तो लाग्छ?
#व्यक्ति२#: सबैका लागि पर्याप्त सफा पानीका स्रोतहरू हुनु नै सबैभन्दा ठूलो चिन्ताको विषय हो जस्तो लाग्छ।
#व्यक्ति१#: तपाईं वातावरणप्रेमी हुनुहुन्छ भन्ने मलाई पहिले थाहा नै थिएन!
#व्यक्ति२#: साँचो भन्नुपर्दा, पृथ्वीलाई बस्न योग्य स्थानको रूपमा निरन्तर राख्न हामी सबै वातावरणप्रति बढी चासो राख्ने हुनुपर्छ।","थप क्षति हुन नदिन र पृथ्वीलाई बस्न योग्य स्थानका रूपमा निरन्तर राख्न मानिसहरूले सार्वजनिक यातायात प्रयोग गर्ने, नवीकरणीय ऊर्जा प्रयोग गर्ने र पुनर्चक्रण गर्ने जस्ता थप कामहरू गर्न आवश्यक छ भन्ने #व्यक्ति२# को विचार छ। #व्यक्ति१# #व्यक्ति२# को विशेषज्ञताबाट आश्चर्यचकित हुन्छन्।","वातावरण जोगाउन हामीले के गर्न सक्छौँ?

*   सार्वजनिक यातायात प्रयोग गर्न
*   गाडीमा सीसारहित पेट्रोल प्रयोग गर्न
*   घरमा नवीकरणीय ऊर्जाका स्रोत प्रयोग गर्न
*   पुनर्चक्रण केन्द्रमा सिसा, कागज, प्लास्टिक, गत्ता र टिनका डब्बाहरू लैजान
*   पर्याप्त सफा पानीका स्रोतहरू हुनु नै सबैभन्द","वातावरण जोगाउन हामीले के गर्न सक्छौँ?

*   सार्वजनिक यातायात प्रयोग गर्न
*   गाडीमा सीसारहित पेट्रोल प्रयोग गर्न
*   घरमा नवीकरणीय ऊर्जाका स्रोत प्रयोग गर्न
*   पुनर्चक्रण केन्द्रमा सिसा, कागज, प्लास्टिक, गत्ता र टिनका डब्बाहरू लैजान
*   पर्याप्त सफा पानीका स्रोतहरू हुनु नै सबैभन्द",,
train_6482,English,forwarding address,"#Person1#: I just called Mr. Smith in Room 201, but there was no reply. Would you find out if he's still staying there?
 #Person2#: All right. One moment, please. . . No, Mr. Smith checked out this morning.
 #Person1#: Oh, he did? May I have his forwarding address, please?
 #Person2#: I'm afraid he didn't leave one.",#Person2# tells #Person1# Mr. Smith has checked out without leaving a forwarding address.,Mr. Smith checked out of Room 201 this morning. He did not leave a forwarding address.,Mr. Smith checked out of Room 201 this morning. He did not leave a forwarding address.,,
train_6482,Nepali,फर्वार्डिङ ठेगाना,"#Person1#: मैले भर्खरै रुम २०१ मा मिस्टर स्मिथलाई फोन गरेँ, तर कुनै जवाफ आएन। के तपाईं उनी अझै त्यहाँ बसिरहेका छन् कि छैनन् पत्ता लगाउन सक्नुहुन्छ?
 #Person2#: ठिकै छ। एक क्षण, कृपया... होइन, मिस्टर स्मिथ आज बिहान चेक आउट गर्नुभयो।
 #Person1#: ओह, उहाँले गर्नुभयो? के म उहाँको फर्वार्डिङ ठेगाना पाउन सक्छु, कृपया?
 #Person2#: मलाई डर लाग्छ उहाँले कुनै छोड्नुभएन।",#Person2# ले #Person1# लाई मिस्टर स्मिथले फर्वार्डिङ ठेगाना नछोडिकन चेक आउट गरेको बताउँछन्।,मिस्टर स्मिथले रुम २०१बाट चेक आउट गरेका थिए।,मिस्टर स्मिथले रुम २०१बाट चेक आउट गरेका थिए।,,
train_6505,English,discrepancy,"#Person1#: Good morning, Mr. Bell. How are you today? Are you here to sort out your L / C documents?
 #Person2#: Yes. I've been through them and there's a problem, a rather major discrepancy actually. You see? It should be KN509.
 #Person1#: I see, here it says KM509.
 #Person2#: Exactly, if we accept these it could cause a lot of problems in our record and our accounts system because the numbers don't match.
 #Person1#: Yes, I see what you mean. You need to reject these documents.",Mr. Bell finds a problem in the L/C documents. #Person1# suggests he reject them.,"Here is a summary of the dialogue in two sentences:

Mr. Bell is at the office to sort out his L/C documents, but there is a discrepancy in the numbers, specifically it should be KN509 but it says KM509. This discrepancy could cause problems in the record and accounts system, so the documents should be rejected.","Here is a summary of the dialogue in two sentences:

Mr. Bell is at the office to sort out his L/C documents, but there is a discrepancy in the numbers, specifically it should be KN509 but it says KM509. This discrepancy could cause problems in the record and accounts system, so the documents should be rejected.",,
train_6505,Nepali,असमानता,"#व्यक्ति१#: शुभ प्रभात, मिस्टर बेल। आज तपाईं कस्तो हुनुहुन्छ? के तपाईं आफ्नो एल/सी कागजात मिलाउन आउनुभएको हो?
#व्यक्ति२#: हो। मैले ती कागजात हेरेँ र एउटा समस्या भेटियो, वास्तवमा ठूलो असमानता छ। हेर्नुहोस्, यो केएन५०९ हुनुपर्ने हो।
#व्यक्ति१#: मैले बुझें, यहाँ त केएम५०९ लेखिएको छ।
#व्यक्ति२#: ठ्याक्कै। यदि हामीले यी कागजात स्वीकार गर्‍यौँ भने हाम्रो अभिलेख र हिसाब प्रणालीमा धेरै समस्या आउन सक्छ, किनकि नम्बरहरू मिल्दैनन्।
#व्यक्ति१#: हो, मैले तपाईंको कुरा बुझें। तपाईंले यी कागजात अस्वीकार गर्नुपर्छ।",मिस्टर बेलले एल/सी कागजातमा समस्या भेट्टाउँछन्। #व्यक्ति१# ले उनलाई ती कागजात अस्वीकार गर्न सुझाव दिन्छ।,मिस्टर बेलले एल/सी कागजात मिलाउन आएको थ्यो तर त्यो कागजातमा केएन५०९ लेखिएको थियो जुन केएम५०९ हुनुपर्ने थियो । त्यसैले मिस्टर बेलले कागजात अस्वीकार गर्नुपर्यो ।,मिस्टर बेलले एल/सी कागजात मिलाउन आएको थ्यो तर त्यो कागजातमा केएन५०९ लेखिएको थियो जुन केएम५०९ हुनुपर्ने थियो । त्यसैले मिस्टर बेलले कागजात अस्वीकार गर्नुपर्यो ।,,
train_6554,English,banking service,"#Person1#: Good afternoon. May I help you?
 #Person2#: Can you change some money for me, please?
 #Person1#: Certainly. What currency do you want to change?
 #Person2#: Here it is: some Hong Kong dollars, American dollars and Japanese yen. How much will they be in English pounds?
 #Person1#: Just a moment. Let me find out all the exchange rates.
 #Person2#: Thanks.
 #Person1#: Here we are. That'll be 456 pounds altogether. How would you like the money?
 #Person2#: I'd like to open an account. I want to deposit the money in it.
 #Person1#: If you could just complete this form, we'll be happy to arrange that for you.",#Person1#'s helping #Person2# change some money and open an account to deposit the money in it.,"Here is a summary of the dialogue in two sentences:

Person 2 asks Person 1 to change various currencies (Hong Kong dollars, American dollars, and Japanese yen) into English pounds. Person 1 agrees to do so and, after calculating the exchange rates, offers to open an account for Person 2 to deposit the converted money.","Here is a summary of the dialogue in two sentences:

Person 2 asks Person 1 to change various currencies (Hong Kong dollars, American dollars, and Japanese yen) into English pounds. Person 1 agrees to do so and, after calculating the exchange rates, offers to open an account for Person 2 to deposit the converted money.",,
train_6554,Nepali,बैंकिङ सेवा,"#Person1#: शुभ दिउँसो। म तपाईंलाई सहयोग गर्न सक्छु?
 #Person2#: के तपाईं मलाई केही पैसा साट्न सक्नुहुन्छ, कृपया?
 #Person1#: अवश्य। तपाईं कुन मुद्रा साट्न चाहनुहुन्छ?
 #Person2#: यहाँ छ: केही हङकङ डलर, अमेरिकी डलर र जापानी येन। यी अंग्रेजी पाउन्डमा कति हुन्छन्?
 #Person1#: एक क्षण। म सबै विनिमय दर पत्ता लगाउँछु।
 #Person2#: धन्यवाद।
 #Person1#: यहाँ छ। जम्मा ४५६ पाउन्ड हुनेछ। तपाईं पैसा कसरी चाहनुहुन्छ?
 #Person2#: म खाता खोल्न चाहन्छु। म यो पैसा त्यसमा जम्मा गर्न चाहन्छु।
 #Person1#: यदि तपाईं यो फारम भर्नुभयो भने, हामी त्यसको व्यवस्था गर्न खुसी हुनेछौं।",#Person1# ले #Person2# लाई पैसा साट्न र जम्मा गर्न खाता खोल्न मद्दत गर्छन्।,मलाई केही पैसा साट्न सक्नुहुन्छ?,मलाई केही पैसा साट्न सक्नुहुन्छ?,,
train_6606,English,buy a desk,"#Person1#: Excuse me. I'd like to buy a desk for my little son. I don't have any particular brand in mind, but it should be less than 50 dollars.
 #Person2#: OK. We have a large selection of small desks for young children.",#Person1# wants a desk for #Person1#'s son within 50 dollars.,"Here is a summary of the dialogue in one sentence:

Person 1 is looking to buy a desk for their son and is willing to spend less than $50. Person 2 informs them that they have a selection of small desks for young children available.","Here is a summary of the dialogue in one sentence:

Person 1 is looking to buy a desk for their son and is willing to spend less than $50. Person 2 informs them that they have a selection of small desks for young children available.",,
train_6606,Nepali,डेस्क किन्ने,"#Person1#: माफ गर्नुहोस्। म आफ्नो सानो छोराका लागि डेस्क किन्न चाहन्छु। मसँग कुनै विशेष ब्रान्ड मनमा छैन, तर यो ५० डलरभन्दा कम हुनुपर्छ।
 #Person2#: ठिकै छ। हामीसँग साना बच्चाहरूका लागि साना डेस्कको ठूलो चयन छ।",#Person1# आफ्नो छोराका लागि ५० डलरभित्र डेस्क चाहन्छन्।,"माफ गर्नुहोस्। म आफ्नो सानो छोराका लागि डेस्क किन्न चाहन्छु। मसँग कुनै विशेष ब्रान्ड मनमा छैन, तर यो ५० डलरभन्दा कम हुनुपर्छ।","माफ गर्नुहोस्। म आफ्नो सानो छोराका लागि डेस्क किन्न चाहन्छु। मसँग कुनै विशेष ब्रान्ड मनमा छैन, तर यो ५० डलरभन्दा कम हुनुपर्छ।",,
train_6678,English,autograph,"#Person1#: You are too picky.
 #Person2#: No, I'm not. Hey, look at that guy over there.
 #Person1#: Which guy?
 #Person2#: The guy in the blue shirt at the table by the window.
 #Person1#: I can't see him. Where?
 #Person2#: Right there.
 #Person1#: Oh, I see him now. Wait! That's. . .
 #Person2#: Yes, it's Mel Gibson.
 #Person1#: Oh, wow! It's really him! Who is that woman he's with?
 #Person2#: I don't know. Why don't you go ask for his autograph?
 #Person1#: I can't do that.
 #Person2#: Why not?",,"Person 1 thinks Person 2 is too picky, but Person 2 claims they are not. Person 1 is surprised to see Mel Gibson at a table and suggests getting his autograph, but Person 1 is hesitant to do so.","Person 1 thinks Person 2 is too picky, but Person 2 claims they are not. Person 1 is surprised to see Mel Gibson at a table and suggests getting his autograph, but Person 1 is hesitant to do so.",,
train_6678,Nepali,हस्ताक्षर,"#व्यक्ति१#: तिमी धेरै छान्ने खालको छौ।
#व्यक्ति२#: होइन, म त्यस्तो छैन। ए, त्यहाँ त्यो मान्छेलाई हेर।
#व्यक्ति१#: कुन मान्छे?
#व्यक्ति२#: झ्यालछेउको टेबलमा निलो सर्ट लगाएको मान्छे।
#व्यक्ति१#: मैले देखिनँ। कहाँ?
#व्यक्ति२#: त्यहीँ।
#व्यक्ति१#: ओहो, अहिले देखेँ। पर्ख! त्यो त...
#व्यक्ति२#: हो, त्यो मेल गिब्सन हो।
#व्यक्ति१#: ओहो! साँच्चै उहाँ नै हुनुहुन्छ! उहाँसँग भएको महिला को हुन्?
#व्यक्ति२#: मलाई थाहा छैन। गएर उहाँको हस्ताक्षर किन नमाग्ने?
#व्यक्ति१#: म त्यसो गर्न सक्दिनँ।
#व्यक्ति२#: किन सक्दैनौ?",#व्यक्ति२# ले मेल गिब्सनलाई देख्छन् र #व्यक्ति१# लाई उनको हस्ताक्षर माग्न प्रोत्साहित गर्छन्।,व्यक्ति दुईजना मेल गिब्सनको हस्ताक्षर किन नमाग्ने भन्दै बोलेका थिए।,व्यक्ति दुईजना मेल गिब्सनको हस्ताक्षर किन नमाग्ने भन्दै बोलेका थिए।,,
train_6719,English,leaving the party,"#Person1#: How about another beer?
 #Person2#: No, thanks. I've had more than enough. In fact, I must be running along.
 #Person1#: Stay around for a while. The party is warming up.
 #Person2#: I'm afraid I have to leave. I have to be up early tomorrow.",#Person2# has to leave the party and #Person1# asks #Person2# to stay.,"Person 2 declines another beer and says they need to leave because they have to be up early tomorrow. Person 1 invites them to stay longer, but Person 2 declines.","Person 2 declines another beer and says they need to leave because they have to be up early tomorrow. Person 1 invites them to stay longer, but Person 2 declines.",,
train_6719,Nepali,पार्टीबाट जानु,"#व्यक्ति१#: अर्को बियर कस्तो होला?
#व्यक्ति२#: होइन, धन्यवाद। मैले पर्याप्तभन्दा धेरै पिइसकेको छु। वास्तवमा, अब मैले हिँड्नै पर्छ।
#व्यक्ति१#: केही समय यतै बस न। पार्टी अझ रमाइलो हुँदैछ।
#व्यक्ति२#: माफ गर्नुहोस्, मैले जानै पर्छ। भोलि बिहान चाँडै उठ्नुपर्छ।",#व्यक्ति२# ले पार्टी छोड्नुपर्छ र #व्यक्ति१# ले #व्यक्ति२# लाई केही समय अझै बस्न आग्रह गर्छ।,व्यक्ति १ले व्यक्ति २लाई अर्को बियर कस्तो होला भनेर पूछ्यो । व्यक्ति २ले धन्यवाद दिएर पर्याप्त भन्दा धेरै पिइसकेको छु भनेर जवाब दिए । व्यक्ति १ले केही समय यतै बस न भनेर पार्टी अझ रमाइलो हुँदैछ भनेर व्यक्ति २लाई बोलाए । व्यक्ति २ले माफ गर्नुहोस् भनेर भोलि ब,व्यक्ति १ले व्यक्ति २लाई अर्को बियर कस्तो होला भनेर पूछ्यो । व्यक्ति २ले धन्यवाद दिएर पर्याप्त भन्दा धेरै पिइसकेको छु भनेर जवाब दिए । व्यक्ति १ले केही समय यतै बस न भनेर पार्टी अझ रमाइलो हुँदैछ भनेर व्यक्ति २लाई बोलाए । व्यक्ति २ले माफ गर्नुहोस् भनेर भोलि ब,,
train_6848,English,hold a talk,"#Person1#: When I got home last night I found a letter from the school I used to study in. The students there want me to go back and talk to them.
 #Person2#: Oh, really? And are you going?
 #Person1#: I don't know. I used to hate school, so I don't feel like going back.
 #Person2#: But it's different now.
 #Person1#: Yes, I know. But it's still a difficult situation. You see, when I was at school I used to be bad at studies and none of the teachers liked me.
 #Person2#: Well; I think you should go. When I was younger, I used to dream about meeting a famous pop star. You can't let them down.
 #Person1#: Maybe you are right. OK, I'll go.","The school #Person1# used to study in invites #Person1# to hold a talk. #Person1# doesn't feel like going back, but #Person2# suggests #Person1# go.","Person 1 received a letter from their old school asking them to speak to students, but is hesitant to go back due to past difficulties. Person 2 encourages them to attend, citing the importance of not disappointing the students and drawing a comparison to their own childhood dream of meeting a famous pop star.","Person 1 received a letter from their old school asking them to speak to students, but is hesitant to go back due to past difficulties. Person 2 encourages them to attend, citing the importance of not disappointing the students and drawing a comparison to their own childhood dream of meeting a famous pop star.",,
train_6848,Nepali,भाषण दिने,"#व्यक्ति१#: हिजो राति घर पुग्दा मैले पहिले पढेको विद्यालयबाट एउटा पत्र पाएँ। त्यहाँका विद्यार्थीहरू मलाई फर्केर आएर उनीहरूसँग कुरा गर्न चाहन्छन्।
#व्यक्ति२#: ओहो, साँच्चै? अनि तपाईं जाँदै हुनुहुन्छ?
#व्यक्ति१#: मलाई थाहा छैन। मलाई पहिले विद्यालय मन पर्दैनथ्यो, त्यसैले फर्केर जान मन लाग्दैन।
#व्यक्ति२#: तर अहिले फरक छ।
#व्यक्ति१#: हो, मलाई थाहा छ। तर अझै पनि यो कठिन अवस्था हो। तपाईंलाई थाहा छ, म विद्यालयमा हुँदा पढाइमा कमजोर थिएँ र कुनै पनि शिक्षकले मलाई मन पराउँदैनथे।
#व्यक्ति२#: ल, मलाई लाग्छ तपाईं जानुपर्छ। म सानो हुँदा एउटा प्रसिद्ध पप गायकलाई भेट्ने सपना देख्थेँ। तपाईंले उनीहरूलाई निराश पार्नु हुँदैन।
#व्यक्ति१#: सायद तपाईं सही हुनुहुन्छ। ठीक छ, म जान्छु।","#व्यक्ति१# ले पहिले पढेको विद्यालयले #व्यक्ति१# लाई आएर भाषण दिन निम्तो दिन्छ। #व्यक्ति१# लाई फर्केर जान मन लाग्दैन, तर #व्यक्ति२# ले #व्यक्ति१# लाई जान सुझाव दिन्छन्।",व्यक्ति १ले विद्यालयबाट एउटा पत्र पाएको थियो जसमा विद्यार्थीहरूले त्यहाँका शिक्षकले उनलाई मन पराउँदैनन् भनेर लेखेका थिए। व्यक्ति २ले त्यसको कारण जानेर पनि त्यहाँ जाने लाग्यो ।,व्यक्ति १ले विद्यालयबाट एउटा पत्र पाएको थियो जसमा विद्यार्थीहरूले त्यहाँका शिक्षकले उनलाई मन पराउँदैनन् भनेर लेखेका थिए। व्यक्ति २ले त्यसको कारण जानेर पनि त्यहाँ जाने लाग्यो ।,,
train_6957,English,housework,"#Person1#: Look, mom has left a note with housework for us to do while she and dad are away this weekend.
 #Person2#: Let's see. Tidy up the garage and clean up the backyard.
 #Person1#: She doesn't say which we should do first.
 #Person2#: Hey, we're not robots. We can make our own plan as long as everything gets done. Read the weather report in the newspaper.
 #Person1#: Em, sunny today, cloudy tonight, probably heavy rain tomorrow. Well, that makes it easy. We work outside today and inside tomorrow.
 #Person2#: Yep, let's get started. I want to go to the supermarket this afternoon.",#Person1# and #Person2# are reading the notes their mother left with housework for them to do. They decide to work outside today and inside tomorrow.,"Here is a summary of the dialogue in two sentences:

The speaker's mom has left a note with housework tasks for them to complete while she and dad are away. The speakers decide to work on the backyard today (since it's sunny) and the garage tomorrow (since it's expected to rain), and also plan to go to the supermarket this afternoon.","Here is a summary of the dialogue in two sentences:

The speaker's mom has left a note with housework tasks for them to complete while she and dad are away. The speakers decide to work on the backyard today (since it's sunny) and the garage tomorrow (since it's expected to rain), and also plan to go to the supermarket this afternoon.",,
train_6957,Nepali,घरायसी काम,"#व्यक्ति१#: हेर, आमा र बुबा यस सप्ताहन्तमा बाहिर हुँदा हामीले गर्नुपर्ने घरायसी कामको सूची छोडेर जानुभएको छ।
#व्यक्ति२#: हेरौँ। ग्यारेज सफा गर्ने र पछाडिको आँगन सफा गर्ने।
#व्यक्ति१#: हामीले पहिले कुन गर्नुपर्छ भनेर उहाँले भन्नुभएको छैन।
#व्यक्ति२#: अरे, हामी रोबोट होइनौँ। सबै काम सकिएसम्म हामी आफ्नै योजना बनाउन सक्छौँ। पत्रिकामा मौसमको विवरण पढ।
#व्यक्ति१#: ए, आज घाम लाग्नेछ, आज राति बादल लाग्नेछ, भोलि सम्भवतः ठूलो वर्षा हुनेछ। त्यसो भए सजिलो भयो। आज बाहिरको काम गर्छौँ र भोलि भित्रको काम गर्छौँ।
#व्यक्ति२#: हुन्छ, सुरु गरौँ। म आज दिउँसो सुपरमार्केट जान चाहन्छु।",#व्यक्ति१# र #व्यक्ति२# आमाले उनीहरूका लागि गर्न छोडेको घरायसी कामको सूची पढिरहेका छन्। उनीहरूले आज बाहिरको काम र भोलि भित्रको काम गर्ने निर्णय गर्छन्।,संवादमा दुई व्यक्तिले घरायसी कामको सूची छोडेर बाहिर जाने बारे बात गरेका हुन्। उनीहरू बाहिरको काम गर्ने र भित्रको काम गर्ने बारे बात गरेका हुन्। उनीहरू मौसमको विवरण पढेर काम गर्ने बारे भनेका हुन्।,संवादमा दुई व्यक्तिले घरायसी कामको सूची छोडेर बाहिर जाने बारे बात गरेका हुन्। उनीहरू बाहिरको काम गर्ने र भित्रको काम गर्ने बारे बात गरेका हुन्। उनीहरू मौसमको विवरण पढेर काम गर्ने बारे भनेका हुन्।,,
train_7073,English,Invitation,"#Person1#: Hello, this is 5735647 5.
 #Person2#: Hello, this is John. I wanna speak to Linda, please.
 #Person1#: This is Linda.
 #Person2#: Hi, Linda. I want to invite you to a dinner tomorrow evening.
 #Person1#: Really? What time and which restaurant?
 #Person2#: At seven thirty pm, Longing Chinese restaurant. And I'll go to your home and pick you up at 7.
 #Person1#: Ok, I'll wait for you at 7pm at home. Anything else?
 #Person2#: No, have a nice day!
 #Person1#: Thank you. Bye.
 #Person2#: See you.",John invites Linda to dinner at a Chinese restaurant through a call. Linda accepts it.,"Here is a summary of the dialogue in two sentences:

John invites Linda to dinner at the Longing Chinese restaurant at 7:30pm the next day. He offers to pick her up at her home at 7pm and they confirm the plans.","Here is a summary of the dialogue in two sentences:

John invites Linda to dinner at the Longing Chinese restaurant at 7:30pm the next day. He offers to pick her up at her home at 7pm and they confirm the plans.",,
train_7073,Nepali,निमन्त्रणा,"#व्यक्ति१#:	नमस्ते, यो ५७३५६४७५ हो।
#व्यक्ति२#:	नमस्ते, म जोन हुँ। म लिन्डासँग कुरा गर्न चाहन्छु।
#व्यक्ति१#:	म लिन्डा हुँ।
#व्यक्ति२#:	नमस्ते, लिन्डा। म तपाईंलाई भोलि बेलुका खानाका लागि निम्तो दिन चाहन्छु।
#व्यक्ति१#:	साँच्चै? कति बजे र कुन रेस्टुरेन्टमा?
#व्यक्ति२#:	बेलुका साढे सात बजे, लङ्गिङ चिनियाँ रेस्टुरेन्टमा। र म सात बजे तपाईंको घरमा आएर तपाईंलाई लिन जानेछु।
#व्यक्ति१#:	हुन्छ, म बेलुका सात बजे घरमा तपाईंलाई पर्खिरहनेछु। अरू केही?
#व्यक्ति२#:	छैन, तपाईंको दिन राम्रो रहोस्!
#व्यक्ति१#:	धन्यवाद। बिदा।
#व्यक्ति२#:	फेरि भेटौँला।
",जोनले लिन्डालाई फोन गरेर चिनियाँ भोजनालयमा रात्रीभोजका लागि निम्तो दिन्छन्। लिन्डा स्वीकार गर्छिन्।,"जोन लिन्डासँग कुरा गर्न चाहन्छ, लिन्डालाई भोलि बेलुका खानाका लागि निम्तो दिन चाहन्छ।","जोन लिन्डासँग कुरा गर्न चाहन्छ, लिन्डालाई भोलि बेलुका खानाका लागि निम्तो दिन चाहन्छ।",,
train_7108,English,fix breaks,"#Person1#: Can I help you?
 #Person2#: Yes, my brakes are not working well.
 #Person1#: What's wrong with them?
 #Person2#: I hear a noise and feel vibrations when step on the brake.
 #Person1#: The front brake?
 #Person2#: I think so.
 #Person1#: What kind of car is it?
 #Person2#: Toyota Corolla 2002.
 #Person1#: Write down your name and address, give me the key, and I will check it out.
 #Person2#: Do you charge for checking it out?
 #Person1#: No.
 #Person2#: How long is it going to take?
 #Person1#: About half an hour.
 #Person2#: I'll wait.",#Person1# helps #Person2# to fix breaks. #Person1# says it will take about half an hour.,"Here is a summary of the dialogue in two sentences:

The customer's brakes are not working well, specifically the front brake, and they hear a noise and feel vibrations when stepping on the brake. The mechanic agrees to check it out for free and estimates it will take about half an hour.","Here is a summary of the dialogue in two sentences:

The customer's brakes are not working well, specifically the front brake, and they hear a noise and feel vibrations when stepping on the brake. The mechanic agrees to check it out for free and estimates it will take about half an hour.",,
train_7108,Nepali,ब्रेक ठीक गर्ने,"#Person1#: म तपाईंलाई सहयोग गर्न सक्छु?
 #Person2#: हो, मेरो ब्रेक राम्रोसँग काम गरिरहेको छैन।
 #Person1#: तिनीहरूमा के समस्या छ?
 #Person2#: ब्रेक थिच्दा म आवाज सुन्छु र कम्पन महसुस गर्छु।
 #Person1#: अगाडिको ब्रेक?
 #Person2#: मलाई लाग्छ।
 #Person1#: कस्तो कार हो?
 #Person2#: टोयोटा कोरोला २००२।
 #Person1#: आफ्नो नाम र ठेगाना लेख्नुहोस्, मलाई साँचो दिनुहोस्, र म जाँच गर्नेछु।
 #Person2#: जाँच गर्न शुल्क लाग्छ?
 #Person1#: होइन।
 #Person2#: कति समय लाग्छ?
 #Person1#: करिब आधा घण्टा।
 #Person2#: म पर्खन्छु।",#Person1# ले #Person2# लाई ब्रेक ठीक गर्न मद्दत गर्छन्। #Person1# भन्छन् करिब आधा घण्टा लाग्छ।,संवादमा टोयोटा कोरोला २००२ को ब्रेक थिच्दा आवाज सुनिने र कम्पन महसुस गरिने समस्या सम्बन्धि वार्तालाप भएको छ।,संवादमा टोयोटा कोरोला २००२ को ब्रेक थिच्दा आवाज सुनिने र कम्पन महसुस गरिने समस्या सम्बन्धि वार्तालाप भएको छ।,,
train_7110,English,teach word,"#Person1#: Dad, how do you say this word?
 #Person2#: Sword, say it'sword'.
 #Person1#: What does this word mean?
 #Person2#: Look it up in the dictionary.
 #Person1#: Dad, can you just tell me what it means? I'm too lazy.
 #Person2#: No, honey, go and read it. You'll learn.","Dad teaches #Person1# the word 'Sword', and asks #Person1# to look up the meaning.","The speaker is having trouble pronouncing the word ""sword"" and asks their dad for help. The dad tells them to look it up in the dictionary, but the speaker is too lazy and asks their dad to just tell them what it means.","The speaker is having trouble pronouncing the word ""sword"" and asks their dad for help. The dad tells them to look it up in the dictionary, but the speaker is too lazy and asks their dad to just tell them what it means.",,
train_7110,Nepali,शब्द सिकाउने,"#Person1#: बाबा, यो शब्द कसरी भन्ने?
 #Person2#: स्वर्ड, 'स्वोर्ड' भन।
 #Person1#: यो शब्दको अर्थ के हो?
 #Person2#: शब्दकोशमा हेर्।
 #Person1#: बाबा, तपाईं मलाई अर्थ मात्र बताइदिन सक्नुहुन्न? म धेरै अल्छी छु।
 #Person2#: होइन, प्रिय, गएर पढ। तिमीले सिक्नेछौ।","बाबाले #Person1# लाई 'Sword' शब्द सिकाउँछन्, र अर्थ हेर्न भन्छन्।",संवादमा बाबाले स्वर्ड शब्दको अर्थ स्वर्ड भनेर स्वर्ड शब्दको अर्थ स्वर्ड भनेर स्वर्ड शब्दको अर्थ स्वर्ड भनेर स्वर्ड शब्दको अर्थ स्वर्ड भनेर स्वर्ड शब्दको अर्थ स्वर्ड भनेर स्वर्ड शब्दको अर्थ स्वर्ड भनेर स्वर्ड शब्दको अर्थ स्वर्ड भनेर स्वर्ड शब्दको अर्थ स्वर्ड भनेर स्वर्ड शब्दको अर्थ स्वर्ड भनेर स्वर्ड शब्दक,संवादमा बाबाले स्वर्ड शब्दको अर्थ स्वर्ड भनेर स्वर्ड शब्दको अर्थ स्वर्ड भनेर स्वर्ड शब्दको अर्थ स्वर्ड भनेर स्वर्ड शब्दको अर्थ स्वर्ड भनेर स्वर्ड शब्दको अर्थ स्वर्ड भनेर स्वर्ड शब्दको अर्थ स्वर्ड भनेर स्वर्ड शब्दको अर्थ स्वर्ड भनेर स्वर्ड शब्दको अर्थ स्वर्ड भनेर स्वर्ड शब्दको अर्थ स्वर्ड भनेर स्वर्ड शब्दक,,
train_724,English,repair,"#Person1#: Good afternoon, I would like to speak with the manager, please.
 #Person2#: Why? What's your problem?
 #Person1#: Well, I just picked up a TV at your store yesterday afternoon. And when I was taking it out of the car. It sort of accidentally fell. It looks ok. But the picture is pretty unclear. Do you think I can have someone look at it or get it changed?
 #Person2#: Ok, I will talk to the manager about it right now, please wait a moment.
 #Person1#: Ok, thank you.
 #Person2#: Well, we can have someone repair it for you, but as it was caused by you. I'm afraid you have to pay for half of the repair cost and we will pay the other half
 #Person1#: That will be fine. Thank you.",#Person2# can have someone repair #Person1#'s TV but #Person1# has to pay for half of the repair cost because it was caused by #Person1#. #Person1# agrees.,"Here is a summary of the dialogue in two sentences:

The customer wants to speak with the manager about a TV they purchased the previous day, which has a unclear picture after it accidentally fell. The store representative agrees to have someone repair the TV, but the customer will have to pay half of the repair cost.","Here is a summary of the dialogue in two sentences:

The customer wants to speak with the manager about a TV they purchased the previous day, which has a unclear picture after it accidentally fell. The store representative agrees to have someone repair the TV, but the customer will have to pay half of the repair cost.",,
train_724,Nepali,मर्मत गर्ने,"#व्यक्ति१#: शुभ अपराह्न, डाक्टर।
#व्यक्ति२#: शुभ अपराह्न, श्रीमती ब्राउन। ल, यो सानो केटालाई के भएको छ?
#व्यक्ति१#: यो मेरो छोरा जिम हो। उसलाई खोकी लागेको छ।
#व्यक्ति२#: उसलाई यो कहिलेदेखि भएको हो?
#व्यक्ति१#: हिजो रातिदेखि नै।
#व्यक्ति२#: उसले आज केही खाएको छ?
#व्यक्ति१#: हो। उसले आज बिहान अलिकति दूध र एउटा अण्डा खायो।
#व्यक्ति२#: ल, श्रीमती ब्राउन, मलाई लाग्छ उसलाई रुघा लागेको छ।
#व्यक्ति१#: के यो गम्भीर छ?
#व्यक्ति२#: होइन, यो गम्भीर कुरा होइन, तर उसले घरमै बसेर आराम गर्नु राम्रो हुन्छ।
#व्यक्ति१#: धेरै धन्यवाद।
#व्यक्ति२#: स्वागत छ।","#व्यक्ति२# ले #व्यक्ति१# को टेलिभिजन कसैलाई मर्मत गर्न लगाउन सक्छन्, तर क्षति #व्यक्ति१# कै कारणले भएको हुनाले #व्यक्ति१# ले मर्मत खर्चको आधा तिर्नुपर्छ। #व्यक्ति१# सहमत हुन्छन्।",सारांश: श्रीमती ब्राउनले जिमको खोकी लागेको बारे जानकारी दिएर उसलाई रुघा लागेको भनेर सुझाव दिएकी थिइन्।,सारांश: श्रीमती ब्राउनले जिमको खोकी लागेको बारे जानकारी दिएर उसलाई रुघा लागेको भनेर सुझाव दिएकी थिइन्।,,
train_7248,English,express ideas,"#Person1#: I find it really hard to express myself in class. I have lots of ideas, but they never seem to come out of my mouth.
 #Person2#: let me give you a little advice. You know what the topics are going to be, so prepares what you would like to say in advance.
 #Person1#: I often do, but I ' m worried about the responses from other people.
 #Person2#: you have to be realistic. Not everyone is going to agree with you, but people will respect your opinion and they will respect the fact that you have contributed something to the discussion.
 #Person1#: I ' m worried that what I say will not make sense.
 #Person2#: we could chat about the topic before class. I could check that what you want to say is logical and it would also give you a chance to practice speaking.
 #Person1#: that ' s a good idea. What should I do if I am in two minds about a topic?
 #Person2#: that ' s easy. Express possibilities. People will think that you are pretty smart to be able to look at the topic from more than one angle.
 #Person1#: I didn ' t realize that speaking in class could be so easy.
 #Person2#: the most difficult thing is being able to predict what other people will say. They will reply to your statements, but you can ' t be sure how.",#Person1# finds it really hard to express the ideas in class because #Person1# worries about the responses from others. #Person2# gives #Person1# some suggestions and offers to chat about the topic with #Person1# before class.,"Person 1 is struggling to express themselves in class due to fear of others' responses and uncertainty about their ideas. Person 2 offers advice, suggesting that preparing in advance, practicing speaking, and expressing multiple perspectives can help alleviate these concerns.","Person 1 is struggling to express themselves in class due to fear of others' responses and uncertainty about their ideas. Person 2 offers advice, suggesting that preparing in advance, practicing speaking, and expressing multiple perspectives can help alleviate these concerns.",,
train_7248,Nepali,विचार व्यक्त गर्नु,"#व्यक्ति१#: मलाई कक्षामा आफ्ना विचार व्यक्त गर्न निकै गाह्रो हुन्छ। मसँग धेरै विचारहरू हुन्छन्, तर ती मुखबाट निस्कँदैनन्।
#व्यक्ति२#: मलाई तिमीलाई एउटा सानो सुझाव दिन देऊ। तिमीलाई विषयहरू पहिले नै थाहा हुन्छ, त्यसैले भन्न चाहेको कुरा पहिल्यै तयार गर।
#व्यक्ति१#: म प्रायः त्यसो गर्छु, तर अरू मानिसहरूले दिने प्रतिक्रियाको चिन्ता लाग्छ।
#व्यक्ति२#: वास्तविकता बुझ्नुपर्छ। सबै मानिस तिमीसँग सहमत हुँदैनन्, तर उनीहरूले तिम्रो विचार र छलफलमा दिएको योगदानको सम्मान गर्नेछन्।
#व्यक्ति१#: मलाई डर लाग्छ मैले भनेको कुरा अर्थपूर्ण नहुन सक्छ।
#व्यक्ति२#: कक्षा अघि हामी त्यस विषयमा कुरा गर्न सक्छौँ। म तिमीले भन्न चाहेको कुरा तार्किक छ कि छैन हेर्न सक्छु र तिमीलाई बोल्ने अभ्यास पनि हुन्छ।
#व्यक्ति१#: त्यो राम्रो विचार हो। यदि म कुनै विषयमा दोधारमा परेँ भने के गर्ने?
#व्यक्ति२#: सजिलो छ। सम्भावनाहरू व्यक्त गर। मानिसहरूले सोच्नेछन् कि तिमी विषयलाई धेरै कोणबाट हेर्न सक्छौ।
#व्यक्ति१#: मैले त कक्षामा बोल्नु यति सजिलो हुन सक्छ भन्ने सोचेको थिइनँ।
#व्यक्ति२#: सबैभन्दा गाह्रो कुरा अरू मानिसहरूले के भन्नेछन् भनेर अनुमान गर्न नसक्नु हो। उनीहरूले तिम्रो कुराको जवाफ दिनेछन्, तर कसरी भन्ने निश्चित हुँदैन।",#व्यक्ति१# लाई कक्षामा विचार व्यक्त गर्न गाह्रो हुन्छ किनकि उसलाई अरूको प्रतिक्रियाको चिन्ता हुन्छ। #व्यक्ति२# ले सुझाव दिन्छ र अभ्यास गर्न सहयोग गर्ने प्रस्ताव गर्छ।,"कक्षामा आफ्ना विचार व्यक्त गर्न निकै गाह्रो हुन्छ। विषयहरू पहिले नै थाहा हुन्छ, त्यसैले भन्न चाहेको कुरा पहिल्यै तयार गर। वास्तविकता बुझ्नुपर्छ। सबै मानिस तिमीसँग सहमत हुँदैनन्, तर उनीहरूले तिम्रो विचार र छलफलमा दिएको योगदानको सम्मान गर्नेछन्।","कक्षामा आफ्ना विचार व्यक्त गर्न निकै गाह्रो हुन्छ। विषयहरू पहिले नै थाहा हुन्छ, त्यसैले भन्न चाहेको कुरा पहिल्यै तयार गर। वास्तविकता बुझ्नुपर्छ। सबै मानिस तिमीसँग सहमत हुँदैनन्, तर उनीहरूले तिम्रो विचार र छलफलमा दिएको योगदानको सम्मान गर्नेछन्।",,
train_7337,English,car accident,"#Person1#: Hi, Megan. You look terrible. What's up?
 #Person2#: Something terrible happened this morning. Well, I was playing ball with Tenny, the girl next door, and Bonzo in the garden and the ball went into the road. And ...
 #Person1#: Yes?
 #Person2#: And Bonzo jumped over the fence after it and he got hit by a car.
 #Person1#: Oh, no. And is he?
 #Person2#: Yes. We took him to the vet's immediately but nothing could help.
 #Person1#: Oh, poor Bonzo and poor you.
 #Person2#: He was just like my brother. We'd had him since he was a tiny puppy.
 #Person1#: I'm really sorry to hear that.",Megan tells #Person1# that her dog Bonzo was hit by a car and #Person1# feels sorry about it.,"Here is a summary of the dialogue in two sentences:

Megan's pet dog Bonzo was hit by a car after chasing a ball into the road. Despite immediate veterinary care, Bonzo did not survive.","Here is a summary of the dialogue in two sentences:

Megan's pet dog Bonzo was hit by a car after chasing a ball into the road. Despite immediate veterinary care, Bonzo did not survive.",,
train_7337,Nepali,कार दुर्घटना,"#व्यक्ति१#: नमस्ते, मेगन। तिमी निकै नराम्रो देखिन्छौ। के भयो?
#व्यक्ति२#: आज बिहान एउटा भयानक घटना भयो। म छिमेकी केटी टेनी र बोन्जोसँग बगैँचामा खेलिरहेको थिएँ र बल सडकमा गयो। अनि...
#व्यक्ति१#: अनि?
#व्यक्ति२#: बोन्जो बल लिन बार नाघेर सडकमा गयो र कारले ठक्कर दियो।
#व्यक्ति१#: ओहो, होइन! अनि ऊ...?
#व्यक्ति२#: हो। हामीले तुरुन्तै उसलाई पशु चिकित्सककहाँ लग्यौँ तर केही गर्न सकिएन।
#व्यक्ति१#: बेचारा बोन्जो र बेचरी तिमी।
#व्यक्ति२#: ऊ मेरो दाजुभाइजस्तै थियो। ऊ सानो कुकुर हुँदादेखि नै हामीसँग थियो।
#व्यक्ति१#: यो सुनेर मलाई धेरै दुःख लाग्यो।",मेगनले आफ्नो कुकुर बोन्जोलाई कारले ठक्कर दिएको कुरा बताउँछिन् र #व्यक्ति१# ले दुःख व्यक्त गर्छन्।,मेगनको छिमेकी कुकुर बोन्जो सडकमा गयो र कारले ठक्कर दियो।,मेगनको छिमेकी कुकुर बोन्जो सडकमा गयो र कारले ठक्कर दियो।,,
train_7349,English,quit the job,"#Person1#: My goodness! You're kidding!
 #Person2#: No. I'm serious. I'm going to quit my job.
 #Person1#: That's amazing! You got a good pay here, didn't you?
 #Person2#: It's true. But I can't show my abilities.
 #Person1#: Come on! Don't be silly!
 #Person2#: Your present job is something better. Why do you change?
 #Person1#: Well. How do you know?","#Person2#'s going to quit the job, and #Person1# persuades #Person2#.","Person 2 is serious about quitting their job, citing that they can't show their abilities. Person 1 is surprised and encouraging, but Person 2 questions why Person 1 would change jobs.","Person 2 is serious about quitting their job, citing that they can't show their abilities. Person 1 is surprised and encouraging, but Person 2 questions why Person 1 would change jobs.",,
train_7349,Nepali,जागिर छोड्नु,"#व्यक्ति१#:	हे भगवान्! तपाईं मजाक गर्दै हुनुहुन्छ!
#व्यक्ति२#:	होइन। म गम्भीर छु। म आफ्नो जागिर छोड्न लागेको छु।
#व्यक्ति१#:	त्यो अचम्मको कुरा हो! तपाईंले यहाँ राम्रो तलब पाउनुहुन्थ्यो, हैन?
#व्यक्ति२#:	त्यो सत्य हो। तर म आफ्ना क्षमताहरू देखाउन सक्दिनँ।
#व्यक्ति१#:	छोड्नुहोस्! मूर्ख नबन्नुहोस्!
#व्यक्ति२#:	तपाईंको वर्तमान जागिर केही राम्रो छ। तपाईं किन परिवर्तन गर्नुहुन्छ?
#व्यक्ति१#:	खैर। तपाईंलाई कसरी थाहा?
",#व्यक्ति२# जागिर छोड्न लागेका छन् र #व्यक्ति१# ले #व्यक्ति२# लाई सम्झाउँछन्।,संवादमा दुई व्यक्तिहरू बीच एक जागिर छोड्ने विषयमा हुने संवाद हो। व्यक्ति दुईमध्ये एकले जागिर छोड्ने निर्णय लिएको हो र त्यसको कारणलाई व्यक्त गर्दै छ।,संवादमा दुई व्यक्तिहरू बीच एक जागिर छोड्ने विषयमा हुने संवाद हो। व्यक्ति दुईमध्ये एकले जागिर छोड्ने निर्णय लिएको हो र त्यसको कारणलाई व्यक्त गर्दै छ।,,
train_7388,English,take exercises,"#Person1#: You look depressed. What's on your mind?
 #Person2#: Well, I had a blood test last week. The doctor said that I have high blood pressure and my blood is thick and sticky. I'm very worried.
 #Person1#: Take it easy. When we last talked, you promised there would be more exercises in your life. But now you are putting on some weight.
 #Person2#: I have to admit it's easier said than done.
 #Person1#: Well, I think it's time for you to change your eating habits and develop a healthy lifestyle. Regular exercise will improve your health.
 #Person2#: But you know I'm just not into exercises. And I wouldn't have time for exercises, either.
 #Person1#: You can do some jogging. It's easy and it doesn't take much time.
 #Person2#: Actually, my doctor said the same thing.","#Person2# has high blood pressure. #Person1# suggests regular exercise and developing a healthy lifestyle, but #Person2# isn't into exercises.","Person 2 is worried about their high blood pressure and thick, sticky blood, and Person 1 suggests that they change their eating habits and develop a healthy lifestyle through regular exercise. Person 2 expresses reluctance to exercise, but Person 1 suggests jogging as a simple and time-efficient option.","Person 2 is worried about their high blood pressure and thick, sticky blood, and Person 1 suggests that they change their eating habits and develop a healthy lifestyle through regular exercise. Person 2 expresses reluctance to exercise, but Person 1 suggests jogging as a simple and time-efficient option.",,
train_7388,Nepali,व्यायाम गर्ने,"#व्यक्ति१#: तपाईं उदास देखिनुहुन्छ। तपाईंको मनमा के छ?
#व्यक्ति२#: गत हप्ता मेरो रगत जाँच गरिएको थियो। डाक्टरले मेरो रक्तचाप उच्च रहेको र मेरो रगत बाक्लो तथा चिप्लो रहेको बताउनुभयो। म निकै चिन्तित छु।
#व्यक्ति१#: शान्त हुनुहोस्। हामीले पछिल्लो पटक कुरा गर्दा तपाईंले आफ्नो जीवनमा धेरै व्यायाम गर्ने वाचा गर्नुभएको थियो। तर अहिले तपाईंको तौल बढिरहेको छ।
#व्यक्ति२#: गर्न सजिलो भन्नुभन्दा गर्न गाह्रो हुन्छ भन्ने कुरा स्वीकार गर्नुपर्छ।
#व्यक्ति१#: मलाई लाग्छ अब तपाईंले आफ्नो खाने बानी परिवर्तन गरेर स्वस्थ जीवनशैली विकास गर्ने समय आएको छ। नियमित व्यायामले तपाईंको स्वास्थ्य सुधार गर्नेछ।
#व्यक्ति२#: तर तपाईंलाई थाहा छ, मलाई व्यायाम गर्न पटक्कै मन पर्दैन। अनि मसँग व्यायामका लागि समय पनि हुँदैन।
#व्यक्ति१#: तपाईं केही दौडिन सक्नुहुन्छ। यो सजिलो छ र धेरै समय पनि लाग्दैन।
#व्यक्ति२#: वास्तवमा, मेरो डाक्टरले पनि यही कुरा भन्नुभएको थियो।","#व्यक्ति२# को रक्तचाप उच्च छ। #व्यक्ति१# ले नियमित व्यायाम गर्न र स्वस्थ जीवनशैली विकास गर्न सुझाव दिन्छन्, तर #व्यक्ति२# लाई व्यायाम गर्न मन पर्दैन।",तपाईंले आफ्नो जीवनमा धेरै व्यायाम गर्ने वाचा गर्नुभएको थियो। तर तपाईंको तौल बढिरहेको छ। तपाईंले आफ्नो खाने बानी परिवर्तन गरेर स्वस्थ जीवनशैली विकास गर्ने समय आएको छ।,तपाईंले आफ्नो जीवनमा धेरै व्यायाम गर्ने वाचा गर्नुभएको थियो। तर तपाईंको तौल बढिरहेको छ। तपाईंले आफ्नो खाने बानी परिवर्तन गरेर स्वस्थ जीवनशैली विकास गर्ने समय आएको छ।,,
train_747,English,sports,"#Person1#: Where did you go yesterday?
 #Person2#: I went to play tennis in the public park.
 #Person1#: How often do you play tennis?
 #Person2#: Twice a week. How about you?
 #Person1#: I seldom play tennis. I prefer football and basketball.
 #Person2#: But it is very difficult to gather a team of players together.
 #Person1#: I usually play with my schoolmates.
 #Person2#: Do you like watching football matches?
 #Person1#: Yes, I went to the Than He Sports Center for a football match last Sunday.
 #Person2#: Oh, I watched it on television. It was an exciting match.",#Person2# plays tennis twice a week. #Person1# prefers football and basketball and usually plays with schoolmates.,"Here is a summary of the dialogue in two sentences:

Person 2 went to play tennis in the public park yesterday and plays twice a week. Person 1 prefers playing football and basketball, and usually plays with their schoolmates, but also enjoys watching football matches.","Here is a summary of the dialogue in two sentences:

Person 2 went to play tennis in the public park yesterday and plays twice a week. Person 1 prefers playing football and basketball, and usually plays with their schoolmates, but also enjoys watching football matches.",,
train_747,Nepali,,"#Person1#: हिजो तिमी कहाँ गएका थियौ?
#Person2#: म सार्वजनिक पार्कमा टेनिस खेल्न गएको थिएँ।
#Person1#: तिमी कति पटक टेनिस खेल्छौ?
#Person2#: हप्तामा दुई पटक। तिमी नि?
#Person1#: म विरलै टेनिस खेल्छु। मलाई फुटबल र बास्केटबल मन पर्छ।
#Person2#: तर खेलाडीहरूको टोली जम्मा गर्न त धेरै गाह्रो हुन्छ नि।
#Person1#: म प्रायः मेरा स्कुलका साथीहरूसँग खेल्छु।
#Person2#: के तिमीलाई फुटबल खेल हेर्न मन पर्छ?
#Person1#: हो, म गत आइतबार फुटबल खेल हेर्न 'थान हे स्पोर्ट्स सेन्टर' गएको थिएँ।
#Person2#: ए, मैले त्यो टेलिभिजनमा हेरेको थिएँ। त्यो निकै रोमाञ्चक खेल थियो।",,सार्वजनिक पार्कमा टेनिस खेल्न गएको थिएँ। हप्तामा दुई पटक टेनिस खेल्छु। मलाई फुटबल र बास्केटबल मन पर्छ। प्रायः मेरा स्कुलका साथीहरूसँग खेल्छु। फुटबल खेल हेर्न मन पर्छ।,सार्वजनिक पार्कमा टेनिस खेल्न गएको थिएँ। हप्तामा दुई पटक टेनिस खेल्छु। मलाई फुटबल र बास्केटबल मन पर्छ। प्रायः मेरा स्कुलका साथीहरूसँग खेल्छु। फुटबल खेल हेर्न मन पर्छ।,,
train_7478,English,learn English,"#Person1#: It's so hard for me to learn English. Why is it so easy for you?
 #Person2#: I didn't know you were having problems. Maybe it's easier for me because I already speak 2 languages, but also I really work at it.
 #Person1#: Well, I always do my homework and go to classes. What else do you think would help?
 #Person2#: Well, you might try reading newspapers and I always talk to Americans when I get a chance though sometimes it's hard.
 #Person1#: But how do you meet Americans? I only know other foreign students.
 #Person2#: How about sitting next to an American at lunch? Or have you ever thought of asking someone over to your house for dinner?
 #Person1#: Those are good ideas. But I'm a little shy to speak English.
 #Person2#: You won't learn if you don't try and speak. If I were you, I talk to your English teacher. He might have some good ideas.",#Person1#'s having problems with learning English. #Person2# tells #Person1# that #Person2# improves English by reading newspapers and talking to Americans. #Person2# encourages #Person1# to try and speak.,"Person 1 is struggling to learn English and asks Person 2 for advice. Person 2 suggests that Person 1 try reading newspapers, speaking with Americans, and being more proactive in practicing English, such as talking to their English teacher.","Person 1 is struggling to learn English and asks Person 2 for advice. Person 2 suggests that Person 1 try reading newspapers, speaking with Americans, and being more proactive in practicing English, such as talking to their English teacher.",,
train_7478,Nepali,अंग्रेजी सिक्ने,"#Person1#: मलाई अंग्रेजी सिक्न यति गाह्रो छ। तपाईंलाई किन यति सजिलो छ?
 #Person2#: मलाई थाहा थिएन तपाईंलाई समस्या भइरहेको छ। सायद मलाई सजिलो छ किनकि म पहिले नै २ भाषा बोल्छु, तर म साँच्चै मेहनत पनि गर्छु।
 #Person1#: खैर, म सधैं गृहकार्य गर्छु र कक्षा जान्छु। अरू केले मद्दत गर्ला जस्तो लाग्छ?
 #Person2#: खैर, तपाईं अखबार पढ्ने प्रयास गर्न सक्नुहुन्छ र म सधैं मौका पाउँदा अमेरिकीहरूसँग कुरा गर्छु यद्यपि कहिलेकाहीँ गाह्रो हुन्छ।
 #Person1#: तर तपाईं अमेरिकीहरूलाई कसरी भेट्नुहुन्छ? मलाई अरू विदेशी विद्यार्थी मात्र थाहा छ।
 #Person2#: लन्चमा अमेरिकी नजिक बस्ने कस्तो होला? वा कसैलाई घरमा डिनरमा बोलाउने सोच्नुभएको छ?
 #Person1#: ती राम्रा विचार हुन्। तर म अंग्रेजी बोल्न अलि लाज मान्छु।
 #Person2#: तपाईंले प्रयास नगरेसम्म र नबोलेसम्म सिक्नुहुन्न। म तपाईंको ठाउँमा भए, अंग्रेजी शिक्षकलाई कुरा गर्थें। उहाँसँग केही राम्रा विचार हुनसक्छ।",#Person1# लाई अंग्रेजी सिक्न समस्या भइरहेको छ। #Person2# ले अखबार पढेर र अमेरिकीहरूसँग कुरा गरेर अंग्रेजी सुधार्छन् भन्छन्। #Person2# ले प्रयास गरेर बोल्न प्रोत्साहन दिन्छन्।,"मलाई अंग्रेजी सिक्न यति गाह्रो छ। तपाईंलाई किन यति सजिलो छ? मलाई थाहा थिएन तपाईंलाई समस्या भइरहेको छ। सायद मलाई सजिलो छ किनकि म पहिले नै २ भाषा बोल्छु, तर म साँच्चै मेहनत पनि गर्छु। खैर, तपाईं अखबार पढ्ने प्रयास गर्न सक्नुहुन्छ र म सधैं मौका पाउँदा अमेरिकीहरूसँग","मलाई अंग्रेजी सिक्न यति गाह्रो छ। तपाईंलाई किन यति सजिलो छ? मलाई थाहा थिएन तपाईंलाई समस्या भइरहेको छ। सायद मलाई सजिलो छ किनकि म पहिले नै २ भाषा बोल्छु, तर म साँच्चै मेहनत पनि गर्छु। खैर, तपाईं अखबार पढ्ने प्रयास गर्न सक्नुहुन्छ र म सधैं मौका पाउँदा अमेरिकीहरूसँग",,
train_7590,English,conversation with Linda,"#Person1#: Oh, Linda, you must be so excited about going to study in America.
 #Person2#: Oh, yes, I am. I have always wanted to go to the States. I love meeting new people. And making new friends.
 #Person1#: Well, I'm sure you will.
 #Person2#: Well, there's one thing.
 #Person1#: What's the matter
 #Person2#: I'm a little worried about my host family. You know, in the agreement I have to do some cooking for them.",Linda is excited about studying in America but is worried about cooking for her host family.,"Here is a summary of the dialogue in two sentences:

Linda is excited to study in America and is looking forward to meeting new people and making friends. However, she is worried about her host family, specifically a requirement in their agreement that she do some cooking for them.","Here is a summary of the dialogue in two sentences:

Linda is excited to study in America and is looking forward to meeting new people and making friends. However, she is worried about her host family, specifically a requirement in their agreement that she do some cooking for them.",,
train_7590,Nepali,लिन्डासँग कुराकानी,"#Person1#: ओह, लिन्डा, तपाईं अमेरिका अध्ययन गर्न जाँदा अवश्य धेरै उत्साहित हुनुहुन्छ।
 #Person2#: ओह, हो, छु। म सधैं अमेरिका जान चाहन्थेँ। मलाई नयाँ मानिसहरू भेट्न मन पर्छ। र नयाँ साथी बनाउन।
 #Person1#: खैर, म पक्का छु तपाईं गर्नुहुनेछ।
 #Person2#: खैर, एउटा कुरा छ।
 #Person1#: के भयो
 #Person2#: म आफ्नो होस्ट परिवारबारे अलि चिन्तित छु। तपाईंलाई थाहा छ, सम्झौतामा म उनीहरूका लागि केही खाना पकाउनुपर्छ।",लिन्डा अमेरिका अध्ययन गर्न उत्साहित छिन् तर होस्ट परिवारका लागि खाना पकाउनुपर्ने चिन्ता गर्छिन्।,लिन्डालाई अमेरिका जाने बारे उत्साहित भएर प्रश्न गरेको प्रश्नकर्ता लिन्डालाई साथ लिएर अमेरिका जाने बारे बोलेको थियो।,लिन्डालाई अमेरिका जाने बारे उत्साहित भएर प्रश्न गरेको प्रश्नकर्ता लिन्डालाई साथ लिएर अमेरिका जाने बारे बोलेको थियो।,,
train_7653,English,convertible sofa,"#Person1#: Hi, can I help you?
 #Person2#: Yes, please. I'm looking for a sofa.
 #Person1#: What about this one?
 #Person2#: May it be used as a sofa in the day and a bed during the night?
 #Person1#: Oh, you want a convertible sofa. This way, please. Over there is the one you want.",#Person1# shows #Person2# a convertible sofa that #Person2# wants.,"Here is a summary of the dialogue in one sentence:

Person 2 is looking for a sofa that can be used as a bed at night, and Person 1 shows them a convertible sofa that meets their needs.

Alternatively, a two-sentence summary could be:

Person 2 is looking for a sofa that can be used as a bed at night. Person 1 shows them a convertible sofa that meets their needs.","Here is a summary of the dialogue in one sentence:

Person 2 is looking for a sofa that can be used as a bed at night, and Person 1 shows them a convertible sofa that meets their needs.

Alternatively, a two-sentence summary could be:

Person 2 is looking for a sofa that can be used as a bed at night. Person 1 shows them a convertible sofa that meets their needs.",,
train_7653,Nepali,कन्भर्टिबल सोफा,"#Person1#: हाइ, म तपाईंलाई सहयोग गर्न सक्छु?
 #Person2#: हो, कृपया। म सोफा खोज्दैछु।
 #Person1#: यो कस्तो छ?
 #Person2#: के यसलाई दिनमा सोफा र राति ओछ्यानका रूपमा प्रयोग गर्न सकिन्छ?
 #Person1#: ओह, तपाईं कन्भर्टिबल सोफा चाहनुहुन्छ। यता आउनुहोस्। त्यहाँ तपाईंले चाहेको छ।",#Person1# ले #Person2# लाई चाहेको कन्भर्टिबल सोफा देखाउँछन्।,"सारांश: हाइ, म तपाईंलाई सहयोग गर्न सक्छु। हो, कृपया। म सोफा खोज्दैछु। यो कस्तो छ? के यसलाई दिनमा सोफा र राति ओछ्यानका रूपमा प्रयोग गर्न सकिन्छ? ओह, तपाईं कन्भर्टिबल सोफा चाहनुहुन्छ। यता आउनुहोस्। त्यहाँ तपाईंले चाहेको छ।","सारांश: हाइ, म तपाईंलाई सहयोग गर्न सक्छु। हो, कृपया। म सोफा खोज्दैछु। यो कस्तो छ? के यसलाई दिनमा सोफा र राति ओछ्यानका रूपमा प्रयोग गर्न सकिन्छ? ओह, तपाईं कन्भर्टिबल सोफा चाहनुहुन्छ। यता आउनुहोस्। त्यहाँ तपाईंले चाहेको छ।",,
train_7770,English,discuss managerial staff,"#Person1#: Management is going through a big turnover these days. With Bill's retirement, and department realignment, we have lost about 1/3 of our managerial staff. They've been dropping like flies... 
 #Person2#: Isn't that a good thing? Having fewer bosses means having less stress, don't you think? 
 #Person1#: Actually, I don't think so. Supervisors are really important to make sure everything goes smoothly in the workplace. They are necessary for divvying up work and disciplining employees. If there is no one to keep an eye on us, no one would get any work done. You know what they say, when the cat's away, the mice play. 
 #Person2#: You're right, we do need leadership. But what we don't need is too many people to lead us. You know what they say about too many chiefs and not enough Indians... 
 #Person1#: Alright... I get your point.",#Person1# says 1/3 of the managerial staff are lost but #Person2# thinks it's good. #Person1# says the supervisors are good for efficiency but #Person2# thinks there are too many supervisors.,"Person 1 notes that the recent turnover of managerial staff is a concern, as supervisors are necessary for maintaining order and productivity in the workplace. Person 2 counters that having fewer bosses can actually reduce stress, but Person 1 and Person 2 ultimately agree that leadership is necessary, but excessive leadership is not.","Person 1 notes that the recent turnover of managerial staff is a concern, as supervisors are necessary for maintaining order and productivity in the workplace. Person 2 counters that having fewer bosses can actually reduce stress, but Person 1 and Person 2 ultimately agree that leadership is necessary, but excessive leadership is not.",,
train_7770,Nepali,व्यवस्थापकीय कर्मचारीबारे छलफल,"#व्यक्ति१#: आजकल व्यवस्थापनमा ठूलो मात्रामा कर्मचारी परिवर्तन भइरहेको छ। बिलको अवकाश र विभागको पुनर्संरचनाका कारण हामीले व्यवस्थापकीय कर्मचारीको करिब एक तिहाइ गुमाएका छौँ। उनीहरू झिँगा मरेझैँ लगातार घटिरहेका छन्।
#व्यक्ति२#: के त्यो राम्रो कुरा होइन? कम हाकिम हुनु भनेको कम तनाव हुनु हो, होइन र?
#व्यक्ति१#: वास्तवमा, मलाई त्यस्तो लाग्दैन। कार्यस्थलमा सबै कुरा सहज रूपमा चलिरहेको सुनिश्चित गर्न पर्यवेक्षकहरू अत्यन्त महत्त्वपूर्ण हुन्छन्। काम बाँडफाँड गर्न र कर्मचारीलाई अनुशासनमा राख्न उनीहरू आवश्यक हुन्छन्। हामीमाथि नजर राख्ने कोही नभएमा कसैले पनि काम गर्ने थिएन। भनाइ नै छ, बिरालो नहुँदा मुसाले खेल्छन्।
#व्यक्ति२#: तपाईं सही हुनुहुन्छ, हामीलाई नेतृत्व चाहिन्छ। तर हामीलाई नेतृत्व गर्न धेरै मानिस भने चाहिँदैन। धेरै मुखिया र थोरै अनुयायी हुनु राम्रो होइन भन्ने भनाइ छ।
#व्यक्ति१#: ठीक छ, म तिम्रो कुरा बुझें।",#व्यक्ति१# ले व्यवस्थापकीय कर्मचारीमध्ये एक तिहाइ गुमेको बताउँछन् तर #व्यक्ति२# लाई यो राम्रो लाग्छ। #व्यक्ति१# ले पर्यवेक्षकहरू कार्यक्षमताका लागि राम्रो हुने बताउँछन् तर #व्यक्ति२# लाई धेरै पर्यवेक्षकहरू भएको लाग्छ।,व्यवस्थापनमा कर्मचारी परिवर्तन भइरहेको छ। व्यवस्थापकीय कर्मचारीको करिब एक तिहाइ गुमाएका छौँ। पर्यवेक्षकहरू कार्यस्थलमा सबै कुरा सहज रूपमा चलिरहेको सुनिश्चित गर्न पर्यवेक्षकहरू अत्यन्त महत्त्वपूर्ण हुन्छन्।,व्यवस्थापनमा कर्मचारी परिवर्तन भइरहेको छ। व्यवस्थापकीय कर्मचारीको करिब एक तिहाइ गुमाएका छौँ। पर्यवेक्षकहरू कार्यस्थलमा सबै कुरा सहज रूपमा चलिरहेको सुनिश्चित गर्न पर्यवेक्षकहरू अत्यन्त महत्त्वपूर्ण हुन्छन्।,,
train_7911,English,buy a book,"#Person1#: Can I help you, sir? 
 #Person2#: I want to find a book called Gone with the Wind. But I can't find it. 
 #Person1#: Let me give you a hand. The author is. . . 
 #Person2#: Margaret Mitchell. 
 #Person1#: Oh, yes. Here it is . 
 #Person2#: Thank you very much. I have been looking for it for a long time. Is this the latest edition? 
 #Person1#: Yes, we have both the paperback and hardcover. which would you want to buy? 
 #Person2#: How about the price of the hardcover? 
 #Person1#: It's $25. 
 #Person2#: A little bit expensive, but I will buy one. This is $25 , here you are.",#Person2# is looking for the latest edition of Gone with the Wind and buys a hardcover with #Person1#'s assistance.,"Here is a summary of the dialogue in two sentences:

Person 2 asked Person 1 for help finding the book ""Gone with the Wind"" and was assisted in locating it. Person 2 then purchased the hardcover edition of the book for $25.","Here is a summary of the dialogue in two sentences:

Person 2 asked Person 1 for help finding the book ""Gone with the Wind"" and was assisted in locating it. Person 2 then purchased the hardcover edition of the book for $25.",,
train_7911,Nepali,पुस्तक किन्ने,"#व्यक्ति१#: के म तपाईंलाई सहयोग गर्न सक्छु, सर?
#व्यक्ति२#: म गोन विथ द विन्ड नामको पुस्तक खोज्दैछु। तर मैले भेट्टाउन सकिनँ।
#व्यक्ति१#: मलाई तपाईंलाई सहयोग गर्न दिनुहोस्। लेखक हुनुहुन्छ...
#व्यक्ति२#: मार्गरेट मिचेल।
#व्यक्ति१#: ओहो, हो। यहाँ रहेछ।
#व्यक्ति२#: धेरै धन्यवाद। म यसलाई धेरै समयदेखि खोजिरहेको थिएँ। के यो पछिल्लो संस्करण हो?
#व्यक्ति१#: हो, हामीसँग नरम आवरण र कडा आवरण दुवै छन्। तपाईं कुन किन्न चाहनुहुन्छ?
#व्यक्ति२#: कडा आवरणको मूल्य कति हो?
#व्यक्ति१#: २५ डलर हो।
#व्यक्ति२#: अलि महँगो छ, तर म एउटा किन्छु। यो २५ डलर, लिनुहोस्।",#व्यक्ति२# गोन विथ द विन्ड को पछिल्लो संस्करण खोजिरहेका छन् र #व्यक्ति१# को सहयोगमा कडा आवरण भएको पुस्तक किन्छन्।,व्यक्ति १ले व्यक्ति २लाई सहयोग गर्न दिने बारे भन्यो । व्यक्ति २ले मार्गरेट मिचेलको पुस्तक गोन विथ द विन्ड खोज्दै थियो । व्यक्ति १ले पुस्तकको स्थान दिएर त्यसको पछिल्लो संस्करणको बारे पूछ्यो । व्यक्ति २ले पुस्तकको कुन किन्न चाहने बारे पूछ्यो र पुस्तकको मूल्य,व्यक्ति १ले व्यक्ति २लाई सहयोग गर्न दिने बारे भन्यो । व्यक्ति २ले मार्गरेट मिचेलको पुस्तक गोन विथ द विन्ड खोज्दै थियो । व्यक्ति १ले पुस्तकको स्थान दिएर त्यसको पछिल्लो संस्करणको बारे पूछ्यो । व्यक्ति २ले पुस्तकको कुन किन्न चाहने बारे पूछ्यो र पुस्तकको मूल्य,,
train_8035,English,study English,"#Person1#: What do you like to do with your free time?
 #Person2#: Study English.
 #Person1#: You mean you like to study English? Why?
 #Person2#: It gives me great satisfaction.
 #Person1#: Studying English wouldn't give me any satisfaction. It's hard work.
 #Person2#: I don't mind the work. I think it's worthwhile.",Studying English is a great satisfaction to #Person2# but hard work to #Person1#.,"Person 2 likes to study English in their free time because it gives them great satisfaction. They don't mind the difficulty of studying English, thinking it's worthwhile.","Person 2 likes to study English in their free time because it gives them great satisfaction. They don't mind the difficulty of studying English, thinking it's worthwhile.",,
train_8035,Nepali,अंग्रेजी पढ्ने,"#व्यक्ति१#: तपाईं आफ्नो खाली समयमा के गर्न मन पराउनुहुन्छ?
#व्यक्ति२#: अंग्रेजी पढ्न।
#व्यक्ति१#: तपाईंलाई अंग्रेजी पढ्न मन पर्छ भन्नुभएको हो? किन?
#व्यक्ति२#: यसले मलाई ठूलो सन्तुष्टि दिन्छ।
#व्यक्ति१#: अंग्रेजी पढ्दा मलाई कुनै सन्तुष्टि मिल्दैन। यो निकै गाह्रो काम हो।
#व्यक्ति२#: मलाई कामसँग समस्या छैन। मलाई लाग्छ यो गर्न लायक छ।",अंग्रेजी पढ्नु #व्यक्ति२# का लागि ठूलो सन्तुष्टि हो तर #व्यक्ति१# का लागि गाह्रो काम हो।,व्यक्ति २लाई अंग्रेजी पढ्न मन पर्दछ। यसले उनलाई ठूलो सन्तुष्टि दिन्छ।,व्यक्ति २लाई अंग्रेजी पढ्न मन पर्दछ। यसले उनलाई ठूलो सन्तुष्टि दिन्छ।,,
train_8048,English,field trip,"#Person1#: Judg, I haven't seen you in weeks. Where have you been?
 #Person2#: In Florida
 #Person1#: What a vacation! While the rest of us are studying on the campus in the February cold.
 #Person2#: Not exactly. I was on a special field trip.",Judg went on a special field trip to Florida. #Person1# thought he was on vacation.,"Person 1 hasn't seen Person 2 in weeks and asks where they've been. Person 2 replies that they were in Florida, but notes that it wasn't a typical vacation.","Person 1 hasn't seen Person 2 in weeks and asks where they've been. Person 2 replies that they were in Florida, but notes that it wasn't a typical vacation.",,
train_8048,Nepali,फिल्ड ट्रिप,"#Person1#: जज, म तिमीलाई हप्ताऔंदेखि देखेको छैन। कहाँ थियौ?
 #Person2#: फ्लोरिडामा
 #Person1#: कस्तो छुट्टी! जबकि हामी अरू फेब्रुअरीको चिसोमा क्याम्पसमा पढिरहेका छौं।
 #Person2#: ठ्याक्कै होइन। म विशेष फिल्ड ट्रिपमा थिएँ।",जज फ्लोरिडामा विशेष फिल्ड ट्रिपमा गएका थिए। #Person1# ले छुट्टीमा गएको ठाने।,जजलाई हप्ताऔंदेखि देखेको छैन। तिमी फ्लोरिडामा थियौ। कस्तो छुट्टी! जबकि हामी अरू फेब्रुअरीको चिसोमा क्याम्पसमा पढिरहेका छौं।,जजलाई हप्ताऔंदेखि देखेको छैन। तिमी फ्लोरिडामा थियौ। कस्तो छुट्टी! जबकि हामी अरू फेब्रुअरीको चिसोमा क्याम्पसमा पढिरहेका छौं।,,
train_8169,English,seeing doctor,"#Person1#: Come in and sit down, Jack. Now, what's the trouble?
 #Person2#: I've got a terrible pain in my stomach, Doctor.
 #Person1#: I see. When did it start?
 #Person2#: It started yesterday. I didn't eat any supper.
 #Person1#: Have you got a temperature?
 #Person2#: I think so. I feel very hot.
 #Person1#: Let's see. Yes. You'Ve got quite a high temperature.
 #Person2#: I've got an awful headache, too, and my throat hurts.
 #Person1#: Hm. . I think you'Ve got the flu.
 #Person2#: Is it serious?
 #Person1#: No, not at all, but you must stay in bed for three days and take this medicine.
 #Person2#: How often must I take it?
 #Person1#: Three times a day after meals.
 #Person2#: Thank you, Doctor.","Jack feels sick so he goes to the doctor. After examining, the doctor thinks he's got the flu and gives him medicine.","Here is a summary of the dialogue in two sentences:

The doctor examines Jack, who has a stomach pain, high temperature, headache, and sore throat, and diagnoses him with the flu. The doctor prescribes Jack to stay in bed for three days and take medicine three times a day after meals.","Here is a summary of the dialogue in two sentences:

The doctor examines Jack, who has a stomach pain, high temperature, headache, and sore throat, and diagnoses him with the flu. The doctor prescribes Jack to stay in bed for three days and take medicine three times a day after meals.",,
train_8169,Nepali,डाक्टरकहाँ,"#Person1#: भित्र आउनुहोस् र बस्नुहोस्, ज्याक। अब, के समस्या छ?
 #Person2#: डाक्टर, मेरो पेटमा भयानक दुखाइ छ।
 #Person1#: बुझेँ। कहिले सुरु भयो?
 #Person2#: हिजो सुरु भयो। मैले बेलुकाको खाना खाएको थिइनँ।
 #Person1#: ज्वरो छ?
 #Person2#: मलाई लाग्छ। मलाई धेरै तातो महसुस भइरहेको छ।
 #Person1#: हेरौं। हो। तपाईंलाई निकै उच्च ज्वरो छ।
 #Person2#: मेरो टाउको पनि निकै दुखिरहेको छ, र घाँटी दुख्छ।
 #Person1#: हम्म... मलाई लाग्छ तपाईंलाई फ्लू भएको छ।
 #Person2#: गम्भीर हो?
 #Person1#: होइन, बिलकुल होइन, तर तपाईं तीन दिन ओछ्यानमा बस्नुपर्छ र यो औषधि खानुपर्छ।
 #Person2#: कति पटक खानुपर्छ?
 #Person1#: खानापछि दिनको तीन पटक।
 #Person2#: धन्यवाद, डाक्टर।",ज्याक बिरामी भएकाले डाक्टरकहाँ जान्छन्। जाँचपछि डाक्टरले फ्लू भएको ठान्छन् र औषधि दिन्छन्।,डाक्टरलाई भेटेर ज्याकले आफ्नो पेटमा भयानक दुखाइ देखाएको थियो । डाक्टरले ज्याकलाई उच्च ज्वरो भएको देखेर त्यसको टाउको पनि दुखिरहेको देखेर त्यसको फ्लू भएको देखेर त्यसको उपचार गराएका थिए ।,डाक्टरलाई भेटेर ज्याकले आफ्नो पेटमा भयानक दुखाइ देखाएको थियो । डाक्टरले ज्याकलाई उच्च ज्वरो भएको देखेर त्यसको टाउको पनि दुखिरहेको देखेर त्यसको फ्लू भएको देखेर त्यसको उपचार गराएका थिए ।,,
train_8211,English,trip plan,"#Person1#: Hi, Maria, what are you up to?
 #Person2#: I'm just trying to plan my trip to Southeast Asia.
 #Person1#: Where are you planning to go?
 #Person2#: Well, I'm going to start by flying to Hong Kong. I have a friend there, who I haven't seen for a long time. Then I'll fly to Vietnam and take a bus down to Ho Chi Minh City.
 #Person1#: And then where will you go?
 #Person2#: Well, from there, I'll take the boat up River to Seam Reap, and see the famous temples. From there, I'll fly to Bangkok and try to get to the Chatuchak Market. I hear it's really great for shopping.
 #Person1#: And then?
 #Person2#: I was thinking of just staying on a beach in the South.
 #Person1#: Where are you going to stay in those places?
 #Person2#: Um, I don't have much money, so I'll just stay in small guest houses rather than big hotels.","#Person1# asks Maria about her trip to Southeast Asia. Maria says she will mainly visit Hong Kong, Vietnam, Cambodia and Thailand, and stay in small guest houses to save money.","Here is a summary of the dialogue in two sentences:

Maria is planning a trip to Southeast Asia, starting with a visit to Hong Kong to see a friend, followed by stops in Vietnam, Cambodia, and Thailand. She plans to stay in small guest houses due to budget constraints and will be visiting various cities and attractions, including the temples in Seam Reap and the Chatuchak Market in Bangkok.","Here is a summary of the dialogue in two sentences:

Maria is planning a trip to Southeast Asia, starting with a visit to Hong Kong to see a friend, followed by stops in Vietnam, Cambodia, and Thailand. She plans to stay in small guest houses due to budget constraints and will be visiting various cities and attractions, including the temples in Seam Reap and the Chatuchak Market in Bangkok.",,
train_8211,Nepali,यात्राको योजना,"#व्यक्ति१#:	नमस्ते, मारिया, तिमी के गर्दैछौ?
#व्यक्ति२#:	म दक्षिणपूर्वी एसियाको आफ्नो यात्राको योजना बनाउने प्रयास गर्दैछु।
#व्यक्ति१#:	तिमी कहाँ जाने योजना बनाउँदैछौ?
#व्यक्ति२#:	खैर, म पहिले हङकङ उडेर जानेछु। त्यहाँ मेरो एकजना साथी छ, जसलाई मैले लामो समयदेखि भेटेकी छैनँ। त्यसपछि म भियतनाम उडेर जानेछु र हो ची मिन्ह सिटीसम्म बसमा जानेछु।
#व्यक्ति१#:	अनि त्यसपछि तिमी कहाँ जानेछौ?
#व्यक्ति२#:	खैर, त्यहाँबाट म डुङ्गामा नदी हुँदै सीम रीप जानेछु र प्रसिद्ध मन्दिरहरू हेर्नेछु। त्यहाँबाट म बैंकक उडेर जानेछु र चातुचक बजार पुग्ने प्रयास गर्नेछु। मैले सुनेकी छु त्यहाँ किनमेल गर्न साँच्चै राम्रो हुन्छ।
#व्यक्ति१#:	अनि त्यसपछि?
#व्यक्ति२#:	म दक्षिणतर्फको कुनै समुद्रकिनारमा मात्र बसिरहने सोचमा थिएँ।
#व्यक्ति१#:	तिमी ती ठाउँहरूमा कहाँ बस्नेछौ?
#व्यक्ति२#:	उम्, मसँग धेरै पैसा छैन, त्यसैले म ठूला होटलहरूको सट्टा साना अतिथिगृहहरूमा बस्नेछु।
","#व्यक्ति१# ले मारियासँग दक्षिणपूर्वी एसियाको यात्राबारे सोध्छन्। मारियाले आफू मुख्य रूपमा हङकङ, भियतनाम, कम्बोडिया र थाइल्यान्ड जाने र पैसा बचाउन साना अतिथिगृहहरूमा बस्ने बताउँछिन्।","मारियाले दक्षिणपूर्वी एसियाको यात्राको योजना बनाउने प्रयास गर्दैछिन्। तिनी पहिले हङकङ उडेर जानेछिन्, त्यहाँबाट भियतनाम उडेर जानेछिन् र हो ची मिन्ह सिटीसम्म बसमा जानेछिन्। त्यहाँबाट तिनी डुङ्गामा नदी हुँदै सीम रीप जानेछिन र प्रसिद्ध मन्दिरहरू हेर्नेछिन। त","मारियाले दक्षिणपूर्वी एसियाको यात्राको योजना बनाउने प्रयास गर्दैछिन्। तिनी पहिले हङकङ उडेर जानेछिन्, त्यहाँबाट भियतनाम उडेर जानेछिन् र हो ची मिन्ह सिटीसम्म बसमा जानेछिन्। त्यहाँबाट तिनी डुङ्गामा नदी हुँदै सीम रीप जानेछिन र प्रसिद्ध मन्दिरहरू हेर्नेछिन। त",,
train_8217,English,counterfeit notes,"#Person1#: Unfortunately, according to our regulations I have to confiscate these counterfeit notes.
 #Person2#: So, this 500 RMB is worthless?
 #Person1#: I'm sorry but it is our regulation, so I must follow it. We will issue you with a receipt to show that the notes you presented us with are counterfeit and have been confiscated. Then, if you wish to pay in some more cash, you are free to do so.
 #Person2#: Right, I see. Let me give you another 500 RIB.
 #Person1#: Here's your Passbook back and the receipt to say we confiscated the 500 RMB worth of counterfeit notes.
 #Person2#: Thanks. Now can I make the full deposit?
 #Person1#: Yes. Please fill in a new deposit slip and we can continue.",#Person1# confiscates the counterfeit notes and will issue #Person2# with a receipt. #Person2#'ll pay in some more cash to make the full deposit.,"Here is a summary of the dialogue in two sentences:

Person 1 confiscates a counterfeit 500 RMB note from Person 2, issuing a receipt to prove the note was counterfeit. Person 2 is then able to make a new deposit after filling out a new deposit slip.","Here is a summary of the dialogue in two sentences:

Person 1 confiscates a counterfeit 500 RMB note from Person 2, issuing a receipt to prove the note was counterfeit. Person 2 is then able to make a new deposit after filling out a new deposit slip.",,
train_8217,Nepali,नक्कली नोटहरू,"#व्यक्ति१#:	दुर्भाग्यवश, हाम्रो नियमअनुसार मैले यी नक्कली नोटहरू जफत गर्नुपर्छ।
#व्यक्ति२#:	त्यसो भए यो ५०० युआन बेकार भयो?
#व्यक्ति१#:	माफ गर्नुहोस्, तर यो हाम्रो नियम हो, त्यसैले मैले यसलाई पालना गर्नुपर्छ। तपाईंले हामीलाई प्रस्तुत गर्नुभएको नोटहरू नक्कली हुन् र जफत गरिएका छन् भनेर देखाउन हामी तपाईंलाई एउटा रसिद दिनेछौँ। त्यसपछि, यदि तपाईं थप नगदबाट भुक्तानी गर्न चाहनुहुन्छ भने, तपाईं त्यसो गर्न स्वतन्त्र हुनुहुन्छ।
#व्यक्ति२#:	ठीक छ, बुझेँ। मलाई अर्को ५०० युआन दिन दिनुहोस्।
#व्यक्ति१#:	यहाँ तपाईंको बचत पुस्तिका फिर्ता र हामीले ५०० युआन बराबरका नक्कली नोटहरू जफत गरेको भन्ने रसिद छ।
#व्यक्ति२#:	धन्यवाद। अब के म पूरा रकम जम्मा गर्न सक्छु?
#व्यक्ति१#:	हुन्छ। कृपया नयाँ जम्मा पर्चा भर्नुहोस् र हामी अगाडि बढ्न सक्छौँ।
",#व्यक्ति१# ले नक्कली नोटहरू जफत गर्छन् र #व्यक्ति२# लाई रसिद दिनेछन्। #व्यक्ति२# ले पूरा जम्मा गर्न थप नगद तिर्नेछन्।,व्यक्ति १ले व्यक्ति २लाई नक्कली नोटहरू जफत गर्ने बारे सूचित गर्दै काम गर्दै छ।,व्यक्ति १ले व्यक्ति २लाई नक्कली नोटहरू जफत गर्ने बारे सूचित गर्दै काम गर्दै छ।,,
train_8478,English,sing a song,"#Person1#: Kata! You've got a beautiful singing voice. You hit the high notes perfectly.
 #Person2#: Thank you for your compliment. But you are exaggerating. I think you are destined to be a singer. You have the best voice!
 #Person1#: Thank you. Maybe we can sing a song together. Would you like to sing with me?
 #Person2#: Yes, I'd like to. It's my honor. Let's pick a song.
 #Person1#: How about this one?
 #Person2#: Sorry, I can't sing the song.
 #Person1#: Er. . . How about this one?
 #Person2#: OK. But I'm not familiar. I don't know the beginning part.
 #Person1#: Never mind. You can follow me. I'll sing the first part.
 #Person2#: OK.",#Person1# thinks Kata gets a beautiful singing voice and suggests they sing a song together. Kata agrees.,"Person 1 complimented Person 2's singing voice and suggested they sing a song together. Person 2 agreed and they decided to sing a song, with Person 1 offering to sing the first part and Person 2 following along.","Person 1 complimented Person 2's singing voice and suggested they sing a song together. Person 2 agreed and they decided to sing a song, with Person 1 offering to sing the first part and Person 2 following along.",,
train_8478,Nepali,गीत गाउनु,"#व्यक्ति१#: काटा! तिम्रो गायन आवाज निकै सुन्दर छ। तिमीले उच्च स्वरहरू एकदमै राम्रोसँग निकाल्छौ।
#व्यक्ति२#: तपाईंको प्रशंसाका लागि धन्यवाद। तर तपाईं बढाइचढाइ गर्दै हुनुहुन्छ। मलाई लाग्छ तपाईं गायक बन्नका लागि जन्मिनुभएको हो। तपाईंको आवाज सबैभन्दा राम्रो छ।
#व्यक्ति१#: धन्यवाद। सायद हामी सँगै एउटा गीत गाउन सक्छौँ। के तिमी मसँग गाउन चाहन्छौ?
#व्यक्ति२#: हो, म चाहन्छु। यो मेरो सम्मानको कुरा हो। एउटा गीत छानौँ।
#व्यक्ति१#: यो कस्तो हुन्छ?
#व्यक्ति२#: माफ गर्नुहोस्, म यो गीत गाउन सक्दिनँ।
#व्यक्ति१#: ए... यो कस्तो हुन्छ?
#व्यक्ति२#: हुन्छ। तर म यससँग परिचित छैन। मलाई सुरुवाती भाग थाहा छैन।
#व्यक्ति१#: केही छैन। तिमी मलाई पछ्याउन सक्छौ। म पहिलो भाग गाउँछु।
#व्यक्ति२#: हुन्छ।",#व्यक्ति१# लाई काटाको गायन स्वर सुन्दर लाग्छ र उनीहरू सँगै गीत गाउने सुझाव दिन्छन्। काटा सहमत हुन्छिन्।,व्यक्ति १ले व्यक्ति २लाई गायन आवाज सुन्दर देखी र त्यसको प्रशंसा गरेको थियो। व्यक्ति २ले त्यसको प्रशंसा गर्दै त्यसको आवाज सबैभन्दा राम्रो हो भनी भनेको थियो। व्यक्ति १ले व्यक्ति २लाई गीत गाउने प्रस्ताव दिएको थियो जुन व्यक्ति २ले स्वीकार गरेको थियो।,व्यक्ति १ले व्यक्ति २लाई गायन आवाज सुन्दर देखी र त्यसको प्रशंसा गरेको थियो। व्यक्ति २ले त्यसको प्रशंसा गर्दै त्यसको आवाज सबैभन्दा राम्रो हो भनी भनेको थियो। व्यक्ति १ले व्यक्ति २लाई गीत गाउने प्रस्ताव दिएको थियो जुन व्यक्ति २ले स्वीकार गरेको थियो।,,
train_8520,English,reasons for illness,"#Person1#: Are you feeling OK?
 #Person2#: My stomach is bothering me.
 #Person1#: What have you been eating?
 #Person2#: I had a ham sandwich with mayonnaise for lunch.
 #Person1#: Maybe the food had something wrong with it.
 #Person2#: It could be bad food, but I didn't feel so well yesterday, either.
 #Person1#: Have you been under a lot of pressure lately?
 #Person2#: I haven't been under any more stress than usual.
 #Person1#: Perhaps you have caught that bug that is going around.
 #Person2#: I feel like maybe I am coming down with the flu.",#Person2# has a stomachache and #Person1# helps to analyse the reason. #Person2# thinks #Person2# may catch the flu.,"Person 2 is experiencing stomach problems and is unsure of the cause. They are considering the possibility of food poisoning, a bug, or the flu.","Person 2 is experiencing stomach problems and is unsure of the cause. They are considering the possibility of food poisoning, a bug, or the flu.",,
train_8520,Nepali,बिरामी हुनुका कारणहरू,"#व्यक्ति१#: के तिमी ठीक महसुस गरिरहेका छौ?
#व्यक्ति२#: मेरो पेट दुखिरहेको छ।
#व्यक्ति१#: तिमीले के खाएका थियौ?
#व्यक्ति२#: मैले दिउँसो ह्याम स्यान्डविच र मेयोनेज खाएको थिएँ।
#व्यक्ति१#: सायद खानामा केही खराबी भएको हुन सक्छ।
#व्यक्ति२#: खाना खराब भएको हुन सक्छ, तर हिजो पनि मलाई राम्रो लागेको थिएन।
#व्यक्ति१#: पछिल्लो समय तिमी धेरै तनावमा थियौ?
#व्यक्ति२#: सामान्यभन्दा बढी तनावमा त थिइनँ।
#व्यक्ति१#: सायद अहिले फैलिरहेको रोगको जीवाणु लागेको हुन सक्छ।
#व्यक्ति२#: मलाई लाग्छ सायद मलाई फ्लु हुन लागेको छ।",#व्यक्ति२# को पेट दुख्छ र #व्यक्ति१# ले यसको कारण पत्ता लगाउन सहयोग गर्छन्। #व्यक्ति२# लाई आफूलाई फ्लु लागेको हुन सक्ने लाग्छ।,व्यक्ति १ले व्यक्ति २लाई पूछे कि तिमी ठीक महसुस गरिरहेका छौ? व्यक्ति २ले बताए कि मेरो पेट दुखिरहेको छ। व्यक्ति १ले पूछे कि तिमीले के खाएका थियौ? व्यक्ति २ले बताए कि मैले दिउँसो ह्याम स्यान्डविच र मेयोनेज खाएको थिएँ। व्यक्ति १ले सायद खानामा केही खर,व्यक्ति १ले व्यक्ति २लाई पूछे कि तिमी ठीक महसुस गरिरहेका छौ? व्यक्ति २ले बताए कि मेरो पेट दुखिरहेको छ। व्यक्ति १ले पूछे कि तिमीले के खाएका थियौ? व्यक्ति २ले बताए कि मैले दिउँसो ह्याम स्यान्डविच र मेयोनेज खाएको थिएँ। व्यक्ति १ले सायद खानामा केही खर,,
train_8524,English,driving,"#Person1#: Should I go now?
 #Person2#: Nice and easy. Just give it a little gas.
 #Person1#: Nothing is happening!
 #Person2#: First you have to put the car into gear. Move this shifter so the arrow points at D for drive.
 #Person1#: What do these other letters mean?
 #Person2#: R is for reverse, P is for park, and D1 and D2 are lower gears for going through snow, or up a steep hill.",#Person2# teaches #Person1# to drive and introduces the gears of the car.,"Here is a summary of the dialogue in two sentences:

Person 1 is having trouble starting the car and asks if they should go now. Person 2 explains that the car needs to be put into gear, specifically pointing the shifter to D for drive, and explains the meanings of the other letters on the shifter.","Here is a summary of the dialogue in two sentences:

Person 1 is having trouble starting the car and asks if they should go now. Person 2 explains that the car needs to be put into gear, specifically pointing the shifter to D for drive, and explains the meanings of the other letters on the shifter.",,
train_8524,Nepali,,"#Person1#: के म अब अघि बढूँ?
#Person2#: हतार नगरिकन बिस्तारै गर। अलिकति एक्सिलरेटर (ग्यास) थिच।
#Person1#: केही भइरहेको त छैन!
#Person2#: पहिले तिमीले गाडीलाई गियरमा हाल्नुपर्छ। यो सिफ्टरलाई यसरी सार कि यसको एरो (तीरको चिन्ह) 'D' (ड्राइभ) मा परोस्।
#Person1#: यी अन्य अक्षरहरूको अर्थ के हो?
#Person2#: 'R' भनेको रिभर्स (पछाडि सार्ने) हो, 'P' भनेको पार्क (गाडी रोकेर राख्ने) हो, अनि 'D1' र 'D2' चाहिँ हिउँमा वा ठाडो उकालोमा गाडी चलाउनका लागि प्रयोग हुने तल्लो गियरहरू हुन्।",,"संवादमा दुई व्यक्तिहरू बीच एक गाडी चलाउने कुरा सम्बन्धित हो। एक व्यक्ति गाडी चलाउने कुरा पूछ्छन्, अन्य व्यक्तिले गाडी चलाउने तरिका बारे जानकारी दिन्छन्।","संवादमा दुई व्यक्तिहरू बीच एक गाडी चलाउने कुरा सम्बन्धित हो। एक व्यक्ति गाडी चलाउने कुरा पूछ्छन्, अन्य व्यक्तिले गाडी चलाउने तरिका बारे जानकारी दिन्छन्।",,
train_8615,English,China,"#Person1#: Welcome to China, Mr. Martin.
 #Person2#: Thank you so much. I have been expecting to come to China.
 #Person1#: I am very glad that you say so. We have prepared a typical Chinese dinner this evening.
 #Person2#: Oh, you needn't do that.
 #Person1#: My pleasure.",#Person1# welcomes Mr. Martin to China with a typical Chinese dinner.,Mr. Martin has arrived in China and is being greeted by a host. The host has prepared a traditional Chinese dinner for Mr. Martin's evening.,Mr. Martin has arrived in China and is being greeted by a host. The host has prepared a traditional Chinese dinner for Mr. Martin's evening.,,
train_8615,Nepali,चीन,"#व्यक्ति१#: चीनमा स्वागत छ, मिस्टर मार्टिन।
#व्यक्ति२#: धेरै धन्यवाद। म चीन आउन धेरै समयदेखि उत्सुक थिएँ।
#व्यक्ति१#: तपाईंले त्यसो भन्नुभएकोमा मलाई खुसी लाग्यो। हामीले आज साँझ परम्परागत चिनियाँ खाना तयार गरेका छौँ।
#व्यक्ति२#: ओहो, तपाईंले यस्तो गर्न आवश्यक थिएन।
#व्यक्ति१#: यो मेरो खुसी हो।",#व्यक्ति१# ले मिस्टर मार्टिनलाई चीनमा स्वागत गर्दै परम्परागत चिनियाँ खानाको व्यवस्था गर्छन्।,मिस्टर मार्टिनलाई चीनमा स्वागत गर्दै त्यसो भन्नुभएकोमा व्यक्ति १लाई खुसी लाग्यो।,मिस्टर मार्टिनलाई चीनमा स्वागत गर्दै त्यसो भन्नुभएकोमा व्यक्ति १लाई खुसी लाग्यो।,,
train_8621,English,deal,"#Person1#: I have to talk to you!
 #Person2#: What, Hilary? I'm really in a hurry!
 #Person1#: I know, Blake. But you'Ve been avoiding me all morning, and we have got to talk about this deal with the Mc Kinsey Food Company.
 #Person2#: I'Ve been busy, Hilary. We can set up a meeting to talk about the deal, but I still feel the same way. I don't think it's worth it.","Hilary wants to talk with Blake about the deal with a food company, but Blake is busy.","Here is a summary of the dialogue in two sentences:

Hilary (Person1) needs to talk to Blake (Person2) about a deal with the McKinsey Food Company, and has been trying to catch up with him all morning. Blake is hesitant and feels the deal isn't worth it, and suggests setting up a meeting to discuss further.","Here is a summary of the dialogue in two sentences:

Hilary (Person1) needs to talk to Blake (Person2) about a deal with the McKinsey Food Company, and has been trying to catch up with him all morning. Blake is hesitant and feels the deal isn't worth it, and suggests setting up a meeting to discuss further.",,
train_8621,Nepali,सम्झौता,"#व्यक्ति१#: मैले तिमीसँग कुरा गर्नै पर्छ!
#व्यक्ति२#: के भयो, हिलारी? म साँच्चै हतारमा छु!
#व्यक्ति१#: मलाई थाहा छ, ब्लेक। तर तिमी बिहानभरि मलाई बेवास्ता गरिरहेका छौ, र हामीले म्याकिन्से फुड कम्पनीसँगको यो सम्झौताबारे कुरा गर्नैपर्छ।
#व्यक्ति२#: म व्यस्त थिएँ, हिलारी। हामी सम्झौताबारे कुरा गर्न एउटा बैठक राख्न सक्छौँ, तर मेरो विचार अझै उस्तै छ। मलाई लाग्दैन यो यसको लायक छ।","हिलारी ब्लेकसँग एउटा खाद्य कम्पनीसँगको सम्झौताबारे कुरा गर्न चाहन्छिन्, तर ब्लेक व्यस्त छन्।","मलाई थाहा छ, ब्लेक। तर तिमी बिहानभरि मलाई बेवास्ता गरिरहेका छौ, र हामीले म्याकिन्से फुड कम्पनीसँगको यो सम्झौताबारे कुरा गर्नैपर्छ।","मलाई थाहा छ, ब्लेक। तर तिमी बिहानभरि मलाई बेवास्ता गरिरहेका छौ, र हामीले म्याकिन्से फुड कम्पनीसँगको यो सम्झौताबारे कुरा गर्नैपर्छ।",,
train_8640,English,speaking in class,"#Person1#: I find it really hard to express myself in class. I have lots of ideas, but they never seem to come out of my mouth. 
 #Person2#: let me give you a little advice. You know what the topics are going to be, so prepares what you would like to say in advance. 
 #Person1#: I often do, but I'm worried about the responses from other people. 
 #Person2#: you have to be realistic. Not everyone is going to agree with you, but people will respect your opinion and they will respect the fact that you have contributed something to the discussion. 
 #Person1#: I'm worried that what I say will not make sense. 
 #Person2#: we could chat about the topic before class. I could check that what you want to say is logical and it would also give you a chance to practice speaking. 
 #Person1#: that's a good idea. What should I do if I am in two minds about a topic? 
 #Person2#: that's easy. Express possibilities. People will think that you are pretty smart to be able to look at the topic from more than one angle. 
 #Person1#: I didn't realize that speaking in class could be so easy. 
 #Person2#: the most difficult thing is being able to predict what other people will say. They will reply to your statements, but you can't be sure how.",#Person1# finds it hard to speak in class. #Person2# advises #Person1# to prepare what #Person1# would like to say in advance and express possibilities if #Person1# is in two minds about a topic.,"Person 1 is struggling to express themselves in class due to fear of others' responses and self-doubt. Person 2 offers advice, suggesting that preparing in advance, practicing speaking, and expressing multiple perspectives can help alleviate these concerns.","Person 1 is struggling to express themselves in class due to fear of others' responses and self-doubt. Person 2 offers advice, suggesting that preparing in advance, practicing speaking, and expressing multiple perspectives can help alleviate these concerns.",,
train_8640,Nepali,कक्षामा बोल्ने,"#व्यक्ति१#: मलाई कक्षामा आफूलाई व्यक्त गर्न निकै गाह्रो लाग्छ। मसँग धेरै विचारहरू छन्, तर ती मेरो मुखबाट निस्कँदैनन्।
#व्यक्ति२#: मलाई तपाईंलाई एउटा सानो सल्लाह दिन दिनुहोस्। तपाईंलाई विषयहरू के-के हुनेछन् भन्ने थाहा छ, त्यसैले तपाईंले पहिले नै के भन्न चाहनुहुन्छ भनेर तयारी गर्नुहोस्।
#व्यक्ति१#: म प्रायः त्यसो गर्छु, तर अरू मानिसहरूको प्रतिक्रियाको बारेमा चिन्तित हुन्छु।
#व्यक्ति२#: तपाईं यथार्थवादी हुनुपर्छ। सबैजना तपाईंसँग सहमत हुने छैनन्, तर मानिसहरूले तपाईंको विचारको सम्मान गर्नेछन् र छलफलमा तपाईंले केही योगदान गर्नुभएको तथ्यको पनि सम्मान गर्नेछन्।
#व्यक्ति१#: मलाई डर लाग्छ कि मैले भनेको कुराको अर्थ नलाग्न सक्छ।
#व्यक्ति२#: हामी कक्षाअघि विषयबारे कुरा गर्न सक्छौँ। तपाईंले भन्न चाहनुभएको कुरा तार्किक छ कि छैन भनेर म जाँच गर्न सक्छु र यसले तपाईंलाई बोल्ने अभ्यास गर्ने मौका पनि दिनेछ।
#व्यक्ति१#: त्यो राम्रो विचार हो। यदि म कुनै विषयमा दुईमतमा परेँ भने मैले के गर्नुपर्छ?
#व्यक्ति२#: त्यो सजिलो छ। सम्भावनाहरू व्यक्त गर्नुहोस्। मानिसहरूले तपाईंलाई विषयलाई एकभन्दा बढी कोणबाट हेर्न सक्ने भएकाले निकै बुद्धिमान् ठान्नेछन्।
#व्यक्ति१#: कक्षामा बोल्नु यति सजिलो हुन सक्छ भन्ने मलाई थाहा थिएन।
#व्यक्ति२#: सबैभन्दा गाह्रो कुरा अरू मानिसहरूले के भन्नेछन् भनेर अनुमान गर्न सक्नु हो। उनीहरूले तपाईंका भनाइहरूको जवाफ दिनेछन्, तर उनीहरूले कसरी जवाफ दिनेछन् भन्ने तपाईं निश्चित हुन सक्नुहुन्न।",#व्यक्ति१# लाई कक्षामा बोल्न गाह्रो लाग्छ। #व्यक्ति२# ले #व्यक्ति१# लाई आफूले भन्न चाहेको कुरा पहिले नै तयार गर्न र कुनै विषयमा दुईमतमा परे सम्भावनाहरू व्यक्त गर्न सल्लाह दिन्छन्।,"कक्षामा बोल्ने गाह्रो नभएको हो भन्ने व्यक्ति १लाई व्यक्ति २ले यथार्थवादी हुनुपर्छ, सबैजना तपाईंको विचारले सहमत हुने छैनन् तर मानिसहरूले तपाईंको विचारको सम्मान गर्नेछन् र छलफलमा तपाईंले केही योगदान गर्नुभएको तथ्यको पनि सम्मान गर्नेछन् भनेर सांगेको छ।","कक्षामा बोल्ने गाह्रो नभएको हो भन्ने व्यक्ति १लाई व्यक्ति २ले यथार्थवादी हुनुपर्छ, सबैजना तपाईंको विचारले सहमत हुने छैनन् तर मानिसहरूले तपाईंको विचारको सम्मान गर्नेछन् र छलफलमा तपाईंले केही योगदान गर्नुभएको तथ्यको पनि सम्मान गर्नेछन् भनेर सांगेको छ।",,
train_8699,English,see a doctor,"#Person1#: Well, Randy, I'd say you've got a bad case of the flu. The main thing to do is get plenty of rest and drink lots of liquids. I'll prescribe something for that throat.
 #Person2#: Thanks, doctor. Is there anything I can take for this headache?
 #Person1#: Some aspirin or Panadol should help. You can pick some up at the pharmacy when you go to fill your prescription.
 #Person2#: Okay.
 #Person1#: Goodbye, Randy. Take care.",#Person1# prescribes medicine for Randy's flu and suggests aspirin or Panadol for his headache.,"Here is a summary of the dialogue in two sentences:

The doctor diagnoses Randy with the flu and prescribes medication for his throat. He recommends taking aspirin or Panadol to help with Randy's headache.","Here is a summary of the dialogue in two sentences:

The doctor diagnoses Randy with the flu and prescribes medication for his throat. He recommends taking aspirin or Panadol to help with Randy's headache.",,
train_8699,Nepali,,"#Person1#: ल है र्यान्डी, मलाई लाग्छ तिमीलाई कडा खालको फ्लु (रुघा-खोकी) लागेको छ। मुख्य कुरा भनेको प्रशस्त आराम गर्ने र धेरै झोलिलो पदार्थ पिउने हो। म तिम्रो घाँटीको लागि केही औषधि लेखिदिन्छु।
#Person2#: धन्यवाद, डाक्टर। टाउको दुखाइको लागि केही लिन मिल्छ?
#Person1#: एस्पिरिन वा पानाडोलले काम गर्छ होला। औषधि लिन फार्मेसी जाँदा तिमीले ती किन्न सक्छौ।
#Person2#: हुन्छ।
#Person1#: बिदा, र्यान्डी। आफ्नो ख्याल राख्नु।",,र्यान्डीलाई फ्लु लागेको छ। डाक्टरले त्यसको लागि एस्पिरिन वा पानाडोल लिने सुझाव दिए।,र्यान्डीलाई फ्लु लागेको छ। डाक्टरले त्यसको लागि एस्पिरिन वा पानाडोल लिने सुझाव दिए।,,
train_8762,English,phone call,"#Person1#: hello, this is the International Student Office. My name is Leah. How may I help you?
 #Person2#: I'd like to speak to the Ms. Collins, please.
 #Person1#: ok. Can I ask who is calling, please?
 #Person2#: this is Nathaniel Brown.
 #Person1#: and what is your call regarding?
 #Person2#: I'd like to talk to her about my accommodation situation.
 #Person1#: ok, I'll try and put you through. Please hold.
 #Person2#: ok.
 #Person1#: . . . sorry, her line is busy at the moment. Can I take a message?
 #Person2#: sure. Can you have her call me back on my cell phone number?
 #Person1#: ok. What's your number?
 #Person2#: it's 0-7- 7-8- 7-3- 6-7- 6-8- 8.
 #Person1#: let me repeat that back to you. That's zero, double seven, eight, seven, three, six, seven, double six, double eight.
 #Person2#: no, there's no double six at the of the number. It's just zero, double seven, eight, seven, three, six, seven, six, double eight.
 #Person1#: I got it. When should I have her call you back?
 #Person2#: anytime before 6 pm tonight.
 #Person1#: ok, Nathaniel. I'll have Ms. Collins call you back sometime tonight before 6 pm.
 #Person2#: thank you!
 #Person1#: bye!
 #Person2#: bye!",Nathaniel wants to talk to Ms. Collins but she is busy. Leah takes Nathaniel's number and will have Ms. Collins call back before 6 pm.,"Here is a summary of the dialogue in two sentences:

Nathaniel Brown called the International Student Office to speak with Ms. Collins about his accommodation situation, but her line was busy, so he left a message to have her call him back. He provided his cell phone number, which was 07787367688, and asked to be called back before 6 pm that evening.","Here is a summary of the dialogue in two sentences:

Nathaniel Brown called the International Student Office to speak with Ms. Collins about his accommodation situation, but her line was busy, so he left a message to have her call him back. He provided his cell phone number, which was 07787367688, and asked to be called back before 6 pm that evening.",,
train_8762,Nepali,फोन कल,"#व्यक्ति१#:	नमस्ते, यो अन्तर्राष्ट्रिय विद्यार्थी कार्यालय हो। मेरो नाम लिआ हो। म तपाईंलाई कसरी सहयोग गर्न सक्छु?
#व्यक्ति२#:	म सुश्री कोलिन्ससँग कुरा गर्न चाहन्छु।
#व्यक्ति१#:	ठीक छ। म को बोल्दै हुनुहुन्छ भनेर सोध्न सक्छु?
#व्यक्ति२#:	म नाथानियल ब्राउन बोल्दै छु।
#व्यक्ति१#:	र तपाईंको फोनको विषय के हो?
#व्यक्ति२#:	म उहाँसँग मेरो आवासको अवस्थाबारे कुरा गर्न चाहन्छु।
#व्यक्ति१#:	ठीक छ, म तपाईंलाई उहाँसँग जोड्ने प्रयास गर्छु। कृपया पर्खनुहोस्।
#व्यक्ति२#:	ठीक छ।
#व्यक्ति१#:	... माफ गर्नुहोस्, उहाँको लाइन अहिले व्यस्त छ। के म सन्देश लिन सक्छु?
#व्यक्ति२#:	पक्कै। के तपाईं उहाँलाई मेरो मोबाइल फोन नम्बरमा मलाई फिर्ता फोन गर्न भन्न सक्नुहुन्छ?
#व्यक्ति१#:	ठीक छ। तपाईंको नम्बर कति हो?
#व्यक्ति२#:	यो ०-७-७-८-७-३-६-७-६-८-८ हो।
#व्यक्ति१#:	म तपाईंलाई फेरि दोहोर्‍याएर सुनाउँछु। त्यो शून्य, डबल सात, आठ, सात, तीन, छ, सात, डबल छ, डबल आठ हो।
#व्यक्ति२#:	होइन, नम्बरको अन्त्यमा डबल छ छैन। त्यो केवल शून्य, डबल सात, आठ, सात, तीन, छ, सात, छ, डबल आठ हो।
#व्यक्ति१#:	मैले बुझें। मैले उहाँलाई तपाईंलाई कहिले फिर्ता फोन गर्न लगाऊँ?
#व्यक्ति२#:	आज बेलुका ६ बजेसम्म जुनसुकै समयमा।
#व्यक्ति१#:	ठीक छ, नाथानियल। म सुश्री कोलिन्सलाई आज बेलुका ६ बज्नुअघि तपाईंलाई फिर्ता फोन गर्न लगाउँछु।
#व्यक्ति२#:	धन्यवाद!
#व्यक्ति१#:	बिदा!
#व्यक्ति२#:	बिदा!
",नाथानिएल मिस कोलिन्ससँग कुरा गर्न चाहन्छन् तर उनी व्यस्त छिन्। लियाले नाथानिएलको नम्बर लिन्छिन् र मिस कोलिन्सलाई साँझ ६ बजुअघि फोन फिर्ता गर्न लगाउनेछिन्।,नाथानियल ब्राउनले सुश्री कोलिन्ससँग कुरा गर्न चाहने जुनसुकै समयमा उहाँलाई फिर्ता फोन गर्ने बारे सुश्री लिआसँग सोधेका थिए।,नाथानियल ब्राउनले सुश्री कोलिन्ससँग कुरा गर्न चाहने जुनसुकै समयमा उहाँलाई फिर्ता फोन गर्ने बारे सुश्री लिआसँग सोधेका थिए।,,
train_8947,English,social meeting,"#Person1#: The band is pretty good. How do you like the music?
 #Person2#: It's very nice. I haven't heard live music in a while. This is fun.
 #Person1#: Well, then, may I invite you for the next dance?
 #Person2#: Of course. But I'm afraid I'm not much of a dancer. . .
 #Person1#: Don't worry. I'm not much of a dancer myself.
 #Person2#: You're dancing so well.
 #Person1#: You dance beautifully too.
 #Person2#: When did you learn to dance?
 #Person1#: In college. But I don't dance very often. What's your favourite dance?
 #Person2#: It's hard to say. It depends. But I love the waltz.
 #Person1#: How about tango?
 #Person2#: Oh, I like it. It's such a beautiful dance, but I can't do it well. What about you?
 #Person1#: Tango is my favorite. Anything but hip-hop or the foxtrot. ( the music has stopped )
 #Person2#: Thank you for the dance.
 #Person1#: My pleasure. Let's go and have a drink.
 #Person2#: OK.","#Person1# invites #Person2# to dance, then they talk about dancing. They compliment each other's dance moves. #Person2# loves the waltz, while #Person1#'s favorite is tango. They'll have a drink together.","Here is a two-sentence summary of the dialogue:

Person 1 invites Person 2 to dance and they have a conversation about their shared enjoyment of the music and their dancing. They discuss their favorite dances, with Person 1 revealing that tango is theirs and Person 2 expressing a fondness for the waltz.","Here is a two-sentence summary of the dialogue:

Person 1 invites Person 2 to dance and they have a conversation about their shared enjoyment of the music and their dancing. They discuss their favorite dances, with Person 1 revealing that tango is theirs and Person 2 expressing a fondness for the waltz.",,
train_8947,Nepali,सामाजिक भेटघाट,"#व्यक्ति१#: सङ्गीत समूह निकै राम्रो छ। तिमीलाई सङ्गीत कस्तो लागिरहेको छ?
#व्यक्ति२#: धेरै राम्रो छ। मैले केही समयदेखि प्रत्यक्ष सङ्गीत सुनेको थिइनँ। यो रमाइलो छ।
#व्यक्ति१#: त्यसो भए, म तिमीलाई अर्को नृत्यका लागि निम्तो दिन सक्छु?
#व्यक्ति२#: अवश्य। तर म राम्रो नर्तक होइन।
#व्यक्ति१#: चिन्ता नगर। म पनि राम्रो नर्तक होइन।
#व्यक्ति२#: तिमी धेरै राम्रो नाचिरहेका छौ।
#व्यक्ति१#: तिमी पनि सुन्दर नाच्छौ।
#व्यक्ति२#: तिमीले नाच्न कहिले सिक्यौ?
#व्यक्ति१#: महाविद्यालयमा। तर म धेरै नाच्दिनँ। तिम्रो मनपर्ने नृत्य कुन हो?
#व्यक्ति२#: भन्न गाह्रो छ। परिस्थितिअनुसार फरक हुन्छ। तर मलाई वाल्ट्ज मन पर्छ।
#व्यक्ति१#: ट्याङ्गो कस्तो लाग्छ?
#व्यक्ति२#: ओहो, मलाई मन पर्छ। यो निकै सुन्दर नृत्य हो, तर म यसलाई राम्रोसँग गर्न सक्दिनँ। अनि तिमीलाई?
#व्यक्ति१#: ट्याङ्गो मेरो मनपर्ने हो। हिपहप वा फक्सट्रटबाहेक अरू सबै।
#व्यक्ति२#: नृत्यका लागि धन्यवाद।
#व्यक्ति१#: मेरो खुसी। जाऔँ, केही पेय पदार्थ पिऔँ।
#व्यक्ति२#: हुन्छ।","#व्यक्ति१# ले #व्यक्ति२# लाई नाच्न निम्तो दिन्छन्, त्यसपछि उनीहरू नाच्नेबारे कुरा गर्छन्। उनीहरू एकअर्काको नृत्य कौशलको प्रशंसा गर्छन्। #व्यक्ति२# लाई वाल्ट्ज मन पर्छ भने #व्यक्ति१# को मनपर्ने ट्याङ्गो हो। उनीहरू सँगै पेय पदार्थ पिउन जानेछन्।",व्यक्ति १ले व्यक्ति २लाई सङ्गीत समूहमा निम्तो दिने प्रस्ताव दियो । व्यक्ति २ले त्यसो भए प्रस्ताव स्वीकार गर्यो । व्यक्ति १ले व्यक्ति २लाई नृत्यका लागि निम्तो दिने प्रस्ताव दियो । व्यक्ति २ले त्यसो भए प्रस्ताव स्वीकार गर्यो । व्यक्ति १ले व्यक्ति २लाई नृत्यका,व्यक्ति १ले व्यक्ति २लाई सङ्गीत समूहमा निम्तो दिने प्रस्ताव दियो । व्यक्ति २ले त्यसो भए प्रस्ताव स्वीकार गर्यो । व्यक्ति १ले व्यक्ति २लाई नृत्यका लागि निम्तो दिने प्रस्ताव दियो । व्यक्ति २ले त्यसो भए प्रस्ताव स्वीकार गर्यो । व्यक्ति १ले व्यक्ति २लाई नृत्यका,,
train_9000,English,play chess,"#Person1#: Bobby! Come here, look what I got you!
 #Person2#: What is that?
 #Person1#: A chess board! Daddy is going to teach you how to play!
 #Person2#: Cool!
 #Person1#: Ok, each player gets 16 pieces. You can be the white ones and I'll play with the black pieces. Now in the front, you set up the pawns. Those are the least valuable pieces and can only move one space forward. When you are about to capture another piece, it can move one space diagonally.
 #Person2#: What about all these other pieces?
 #Person1#: See this one that looks like a tower? It's called the rook. The one with the tall hat is called the bishop. See this little horsey? This is called the knight, it's a very important piece so it's best to not let your opponent capture it.
 #Person2#: And these two? They are husband and wife?
 #Person1#: That's right! That's the queen and that's the king. If the other player captures your king, he will say Check Mate and the game is over! Doesn't this sound fun?
 #Person2#: Nah! This is boring! I'm gonna go play Killer Zombies on my PlayStation!",#Person1# shows Bobby a chessboard and teaches him the rules to play chess. #Person1# also introduces the name of different pieces. But Bobby thinks it's boring and will go play his PlayStation.,"Here is a summary of the dialogue in two sentences:

Person 1 is excited to teach Person 2 how to play chess and explains the basic setup and rules of the game. However, Person 2 quickly loses interest and decides to play a different game, Killer Zombies, on their PlayStation instead.","Here is a summary of the dialogue in two sentences:

Person 1 is excited to teach Person 2 how to play chess and explains the basic setup and rules of the game. However, Person 2 quickly loses interest and decides to play a different game, Killer Zombies, on their PlayStation instead.",,
train_9000,Nepali,चेस खेल्ने,"#Person1#: बबी! यहाँ आउ, हेर म तिमीलाई के दिएँ!
 #Person2#: त्यो के हो?
 #Person1#: चेस बोर्ड! बाबाले तिमीलाई खेल्न सिकाउनेछन्!
 #Person2#: कूल!
 #Person1#: ठिकै छ, प्रत्येक खेलाडीलाई १६ टुक्रा मिल्छ। तिमी सेता हुन सक्छौ र म कालासँग खेल्छु। अब अगाडि, तिमी प्याउनहरू राख। ती सबैभन्दा कम मूल्यवान टुक्रा हुन् र एक ठाउँ अगाडि मात्र सर्न सक्छन्। जब तिमी अर्को टुक्रा कब्जा गर्न लाग्छौ, यो एक ठाउँ तिरछा सर्न सक्छ।
 #Person2#: अरू यी सबै टुक्राहरूको बारेमा के?
 #Person1#: यो टावरजस्तो देखिने हेर्? यसलाई रूक भनिन्छ। अग्लो टोपी भएकोलाई बिशप भनिन्छ। यो सानो घोडा हेर्? यसलाई नाइट भनिन्छ, यो धेरै महत्वपूर्ण टुक्रा हो त्यसैले विरोधीलाई कब्जा गर्न नदिनु राम्रो।
 #Person2#: र यी दुई? यी पति-पत्नी हुन्?
 #Person1#: ठीक छ! त्यो रानी र त्यो राजा हो। यदि अर्को खेलाडीले तिम्रो राजालाई कब्जा गर्‍यो भने, उनी चेक मेट भन्नेछन् र खेल सकिन्छ! यो रमाइलो लाग्दैन?
 #Person2#: नाह! यो बोरिङ छ! म मेरो प्लेस्टेसनमा किलर जोम्बीज खेल्न जान्छु!",#Person1# ले बबीलाई चेस बोर्ड देखाउँछन् र चेस खेल्ने नियम सिकाउँछन्। #Person1# ले विभिन्न टुक्राका नाम पनि परिचय गराउँछन्। तर बबीलाई बोरिङ लाग्छ र उनी प्लेस्टेसन खेल्न जान्छन्।,बबीलाई चेस बोर्ड दिएर खेल्न सिकाउने छन्। बोर्डमा १६ टुक्रा हुन्छन्। सेता खेलाडीले प्याउनहरू राख्ने र काला खेलाडीले राजा र रानी राख्ने हुन्छ। यदि काला खेलाडीले सेता खेलाडीको राजालाई कब्जा गर्यो भने सेता खेलाडी चेक मेट भन्नेछन् र खेल सकिन्छ।,बबीलाई चेस बोर्ड दिएर खेल्न सिकाउने छन्। बोर्डमा १६ टुक्रा हुन्छन्। सेता खेलाडीले प्याउनहरू राख्ने र काला खेलाडीले राजा र रानी राख्ने हुन्छ। यदि काला खेलाडीले सेता खेलाडीको राजालाई कब्जा गर्यो भने सेता खेलाडी चेक मेट भन्नेछन् र खेल सकिन्छ।,,
train_9112,English,New roommate,"#Person1#: I heard you got a new roommate. What's he like?
 #Person2#: Yeah, Bob moved in last week. He is a nice guy and so far everything is cool except his girlfriend.
 #Person1#: Oh? What's wrong with his girlfriend?
 #Person2#: She came to see him last weekend. She is a nice girl but there's something wrong with her voice. I tried to smile and be polite, but the whole time all I could think was 'what's wrong with her voice'.
 #Person1#: Well, I guess it might take some time to get used to.
 #Person2#: I doubt it. Listening to her talk is terrible.
 #Person1#: Oh, come on, it's not that bad.
 #Person2#: No, it's so much bad. And they invited me out to dinner tonight. I really have no idea how I'm going to pull it off.",#Person2# tells #Person1# #Person2#'s roommate Bob is good but his girlfriend's voice is terrible. #Person2# wants to pull off the invitation from them for the dinner.,"Person 2's new roommate, Bob, has a girlfriend with a voice that Person 2 finds unpleasant. Person 2 is being invited to dinner with them and is concerned about how to handle the situation.","Person 2's new roommate, Bob, has a girlfriend with a voice that Person 2 finds unpleasant. Person 2 is being invited to dinner with them and is concerned about how to handle the situation.",,
train_9112,Nepali,नयाँ रुममेट,"#Person1#: मैले सुनेँ तपाईंलाई नयाँ रुममेट आयो। उनी कस्तो छन्?
 #Person2#: हो, बब गत हप्ता आए। उनी राम्रा केटा हुन् र अहिलेसम्म सबै ठिक छ उनीहरूकी गर्लफ्रेन्डबाहेक।
 #Person1#: ओहो? उनको गर्लफ्रेन्डमा के समस्या छ?
 #Person2#: उनी गत सप्ताहन्तमा उनलाई भेट्न आइन्। उनी राम्री केटी हुन् तर उनको आवाजमा केही समस्या छ। मैले मुस्कान र विनम्र हुने प्रयास गरें, तर पूरै समय म 'उनको आवाजमा के समस्या छ' भनेर सोचिरहेको थिएँ।
 #Person1#: खैर, मलाई लाग्छ बानी पर्न केही समय लाग्ला।
 #Person2#: मलाई शंका छ। उनको कुरा सुन्न भयानक छ।
 #Person1#: ओह, आउनुहोस्, त्यति नराम्रो छैन।
 #Person2#: होइन, त्यो धेरै नराम्रो छ। र उनीहरूले मलाई आज राति डिनरमा निम्तो दिएका छन्। मलाई साँच्चै थाहा छैन कसरी सामना गर्ने।",#Person2# ले #Person1# लाई आफ्नो रुममेट बब राम्रा छन् तर उनको गर्लफ्रेन्डको आवाज भयानक छ भन्छन्। #Person2# उनीहरूको डिनर निम्तो सामना गर्न चाहन्छन्।,संवादमा दुई व्यक्तिहरू बीच एक वार्तालाप हुन्छ जसमा उनीहरू एक व्यक्ति बारे बात गर्छन् जसले नयाँ रुममेट आया छन्। उनीहरू बारे बात गर्छन् कि त्यस व्यक्तिको गर्लफ्रेन्डमा के समस्या छ। त्यस व्यक्तिको गर्लफ्रेन्डको आवाजमा के समस्या छ भनेर सोचिरहेको थियो। उनीहरू बारे बात गर्छन् क,संवादमा दुई व्यक्तिहरू बीच एक वार्तालाप हुन्छ जसमा उनीहरू एक व्यक्ति बारे बात गर्छन् जसले नयाँ रुममेट आया छन्। उनीहरू बारे बात गर्छन् कि त्यस व्यक्तिको गर्लफ्रेन्डमा के समस्या छ। त्यस व्यक्तिको गर्लफ्रेन्डको आवाजमा के समस्या छ भनेर सोचिरहेको थियो। उनीहरू बारे बात गर्छन् क,,
train_9170,English,airplane ride,"#Person1#: How was the airplane ride yesterday?
 #Person2#: It couldn't be worse. It was a 12-hour flight and the couple sitting next to me kept talking all the time.
 #Person1#: That was really annoying! Why didn't you listen to some music?
 #Person2#: My ears ached when I listen to music, so I had to stop listening to music.
 #Person1#: Why didn't you watch a movie?
 #Person2#: The same problem. I couldn't use my earphones or my ears ached.
 #Person1#: Have you seen a doctor about this problem?
 #Person2#: I went to see a doctor this morning. He said I had listened to loud music too much. He suggested I do that less often.
 #Person1#: I like listening to loud music too.
 #Person2#: You'd better do that less often too.",#Person2# felt bad because the couple sitting next to #Person1# kept talking. #Person2# could not listen to music or watch a movie because of earache and went to see a doctor.,"Here is a summary of the dialogue in two sentences:

Person 2 had a bad airplane ride due to a noisy couple and their own ear problems, which made it hard to listen to music or watch a movie. A doctor told Person 2 that they had listened to loud music too much and suggested they do it less often.","Here is a summary of the dialogue in two sentences:

Person 2 had a bad airplane ride due to a noisy couple and their own ear problems, which made it hard to listen to music or watch a movie. A doctor told Person 2 that they had listened to loud music too much and suggested they do it less often.",,
train_9170,Nepali,विमान यात्रा,"#व्यक्ति१#: हिजोको विमान यात्रा कस्तो भयो?
#व्यक्ति२#: त्योभन्दा खराब हुनै सक्दैनथ्यो। १२ घण्टाको उडान थियो र मेरो छेउमा बसेको जोडी लगातार कुरा गरिरह्यो।
#व्यक्ति१#: त्यो त निकै झर्को लाग्ने कुरा रहेछ! तिमीले केही संगीत किन सुनेनौ?
#व्यक्ति२#: संगीत सुन्दा मेरो कान दुख्थ्यो, त्यसैले मैले सुन्न छोडेँ।
#व्यक्ति१#: चलचित्र किन हेरेनौ?
#व्यक्ति२#: उस्तै समस्या भयो। मैले इयरफोन प्रयोग गर्न सकिनँ किनकि कान दुख्थ्यो।
#व्यक्ति१#: के तिमीले यो समस्याका लागि डाक्टर देखायौ?
#व्यक्ति२#: हो, म आज बिहान डाक्टरकहाँ गएँ। उहाँले धेरै ठूलो आवाजमा संगीत सुनेको कारण यस्तो भएको बताउनुभयो। उहाँले कम सुन्न सुझाव दिनुभयो।
#व्यक्ति१#: मलाई पनि ठूलो आवाजमा संगीत सुन्न मन पर्छ।
#व्यक्ति२#: तिमीले पनि त्यसो कम गर्नु राम्रो हुन्छ।",#व्यक्ति२# लाई विमान यात्रामा समस्या भयो किनकि छेउमा बसेका मानिसहरू लगातार कुरा गरिरहेका थिए र कान दुखेका कारण संगीत वा चलचित्र प्रयोग गर्न सकेनन्।,व्यक्ति १ले व्यक्ति २लाई प्रश्न गरे: तिम्रो विमान यात्रा कस्तो भयो? व्यक्ति २ले १२ घण्टाको उडान थियो र त्यसैँमा बसेको जोडी लगातार कुरा गरिरह्यो भनी जानकारी दियो। व्यक्ति १ले संगीत सुन्ने कुरा गरे तर व्यक्ति २ले संगीत सुन्दा कान दुख्थ्यो भनी जानकारी दिय,व्यक्ति १ले व्यक्ति २लाई प्रश्न गरे: तिम्रो विमान यात्रा कस्तो भयो? व्यक्ति २ले १२ घण्टाको उडान थियो र त्यसैँमा बसेको जोडी लगातार कुरा गरिरह्यो भनी जानकारी दियो। व्यक्ति १ले संगीत सुन्ने कुरा गरे तर व्यक्ति २ले संगीत सुन्दा कान दुख्थ्यो भनी जानकारी दिय,,
train_9225,English,holiday,"#Person1#: So what are you going to do for the coming holiday, Jessica? Do you have any plans?
 #Person2#: Yes, I really hope I could make a short trip with my husband and kids. But I doubt if it can come true.
 #Person1#: How come?
 #Person2#: Tom's boss is going out of town on business. So he has to go with her for the business, and he will spend most time for this. We have few days left to travel.
 #Person1#: Perhaps you can have a picnic with your kids at the park instead. I believe you will have fun together.
 #Person2#: Sounds good.","Jessica wants to travel with her family, but it may not come true. #Person1# suggests having a picnic.","Jessica hopes to take a short trip with her husband and kids, but it's uncertain due to Tom's work obligations. She considers having a picnic with her kids at the park as an alternative.","Jessica hopes to take a short trip with her husband and kids, but it's uncertain due to Tom's work obligations. She considers having a picnic with her kids at the park as an alternative.",,
train_9225,Nepali,बिदा,"#व्यक्ति१#: त्यसो भए आगामी बिदामा के गर्ने योजना छ, जेसिका? केही योजना छ?
#व्यक्ति२#: हो, म साँच्चै मेरो श्रीमान् र बच्चाहरूसँग छोटो यात्रा गर्न चाहन्छु। तर यो पूरा हुन्छ कि हुँदैन भन्ने शंका छ।
#व्यक्ति१#: किन त्यस्तो?
#व्यक्ति२#: टमको मालिक व्यापारको कामले बाहिर जाँदै हुनुहुन्छ। त्यसैले उसले उहाँसँग जानुपर्छ र धेरै समय काममै बिताउनेछ। हामीसँग यात्रा गर्न केही दिन मात्र बाँकी छ।
#व्यक्ति१#: सायद तिमी बच्चाहरूसँग पार्कमा पिकनिक गर्न सक्छौ। मलाई विश्वास छ तिमीहरूले रमाइलो गर्नेछौ।
#व्यक्ति२#: राम्रो विचार रहेछ।","जेसिका परिवारसँग यात्रा गर्न चाहन्छिन्, तर त्यो सम्भव नहुन सक्छ। #व्यक्ति१# ले पार्कमा पिकनिक गर्न सुझाव दिन्छन्।","जेसिका आफ्ना श्रीमान र बच्चाहरूसँग छोटो यात्रा गर्न चाहन्छिन। तर, टमको मालिक व्यापारको कामले बाहिर जाँदै हुनुहुन्छ र उसले उहाँसँग जानुपर्छ। त्यसैले जेसिकाले यात्रा गर्न केही दिन मात्र बाँकी छ।","जेसिका आफ्ना श्रीमान र बच्चाहरूसँग छोटो यात्रा गर्न चाहन्छिन। तर, टमको मालिक व्यापारको कामले बाहिर जाँदै हुनुहुन्छ र उसले उहाँसँग जानुपर्छ। त्यसैले जेसिकाले यात्रा गर्न केही दिन मात्र बाँकी छ।",,
train_9284,English,discuss packing,"#Person1#: Mr. Jones, shall we now discuss the packaging?
 #Person2#: Very well. You know, we have definite ways of packaging garments. As to blouses, we use a polythene wrapper for each article, all ready for window display.
 #Person1#: Good. A wrapping that catches the eye will certainly help push the sales. With competition from similar garments producers, the merchandise must not only be good value but also look attractive.
 #Person2#: Right you are. We'll see to it that the blouses appeal to the eye as well as to the purse.
 #Person1#: What about the outer packing?
 #Person2#: We'll pack them 10 dozens to one carton, gross weight around 25 kilos a carton.
 #Person1#: Cartons?
 #Person2#: Yes, corrugated cardboard boxes.
 #Person1#: Could you use wooden cases instead?
 #Person2#: Why use wooden cases?
 #Person1#: I'm afraid the cardboard boxes are not strong enough for such a heavy load.
 #Person2#: The cartons are comparatively light, and therefore easy to handle. They won't be stowed away with the heavy cargo. The stevedores will see to that. Besides, we'll reinforce the cartons with straps. Silk blouses are not fragile goods. They can stand a lot of jolting.
 #Person1#: Maybe you are right, but the goods are to be transhipped at Hamburg or London. If the boxes are moved about on an open wharf, the dampness or rain may get into them. This would make the blouses spotted or ruined.
 #Person2#: No need to worry about that. The cartons lined with plastic sheets are waterproof, and as the boxes are made of cardboard, they will be handled with care.
 #Person1#: Well, I don't want to take any chances. Besides, cartons are easy to cut open, and this increases the risk of pilferage.
 #Person2#: Tampering with cartons is easily detected. I should say that this rather discourages pilferage.
 #Person1#: Maybe so, but I'm afraid that in case of damage or pilferage, the insurance company will refuse compensation on the ground of improper packing, or packing unsuitable for sea voyage.
 #Person2#: But cartons are quite seaworthy. They are extensively used in our shipments to continental ports. There are never any complaints from our clients, and our insurance company has also approved such packing for W. P. A. and T. P. N. D.
 #Person1#: If you could guarantee compensation in case the insurance com - any refuses to honor a claim for faulty packing, we would be quite willing to accept cartons.
 #Person2#: I'm sorry, but we can't take on any responsibility that is beyond our functions and powers. We'll make sure that the packing is seaworthy, but we can't commit ourselves to being responsible for every kind of mishap.
 #Person1#: I can understand your position. Perhaps I'm asking too much.
 #Person2#: We'll use wooden cases if you insist, but the charge for packing will be considerably higher, and it also slows delivery.
 #Person1#: Well, I'll call you immediately for instructions on the matter.
 #Person2#: Please do. I'll be waiting for your reply.","#Person1# and #Person2# both think an attractive wrapping helps the sales. #Person2#'ll pack blouses in cartons but #Person1# is worried they might not be strong enough, might be pilfered, or can't be insured so #Person1# prefers wooden cases. #Person2# explains that cartons are quite seaworthy and discourages pilferage but #Person2# can't guarantee the compensation. #Person2# says wooden cases are more expensive and #Person1#'ll contact #Person2# soon.","Here is a two-sentence summary of the dialogue:

Person 1 expresses concerns about using corrugated cardboard boxes to pack blouses for sea voyage, citing the risk of damage or pilferage, and suggests using wooden cases instead. Person 2 explains that the cardboard boxes are waterproof and seaworthy, but ultimately cannot guarantee compensation in case of insurance claims, leading Person 1 to consider using wooden cases despite the increased cost and slower delivery.","Here is a two-sentence summary of the dialogue:

Person 1 expresses concerns about using corrugated cardboard boxes to pack blouses for sea voyage, citing the risk of damage or pilferage, and suggests using wooden cases instead. Person 2 explains that the cardboard boxes are waterproof and seaworthy, but ultimately cannot guarantee compensation in case of insurance claims, leading Person 1 to consider using wooden cases despite the increased cost and slower delivery.",,
train_9284,Nepali,प्याकिङ छलफल,"#Person1#: मिस्टर जोन्स, अब हामी प्याकेजिङको बारेमा छलफल गरौं?
 #Person2#: ठिकै छ। तपाईंलाई थाहा छ, हामीसँग लुगा प्याक गर्ने निश्चित तरिकाहरू छन्। ब्लाउजहरूको हकमा, हामी प्रत्येक वस्तुलाई पोलिथिन र्यापरमा राख्छौं, जुन झ्यालमा प्रदर्शन गर्न तयार हुन्छ।
 #Person1#: राम्रो। आँखामा पर्ने र्यापिङले अवश्य पनि बिक्री बढाउन मद्दत गर्छ। उस्तै खालका लुगा उत्पादकहरूसँग प्रतिस्पर्धा भएकाले, सामान राम्रो मूल्यको मात्र नभई आकर्षक पनि देखिनुपर्छ।
 #Person2#: तपाईं ठीक भन्नुहुन्छ। हामी सुनिश्चित गर्नेछौं कि ब्लाउजहरू आँखालाई मात्र होइन, खल्तीलाई पनि आकर्षक देखिऊन्।
 #Person1#: बाहिरी प्याकिङको बारेमा के भन्नुहुन्छ?
 #Person2#: हामी १० दर्जन ब्लाउज एउटा कार्टनमा प्याक गर्नेछौं, जसको कुल तौल करिब २५ किलो हुन्छ।
 #Person1#: कार्टन?
 #Person2#: हो, नालीदार कार्डबोर्ड बाकस।
 #Person1#: के तपाईं काठको बाकस प्रयोग गर्न सक्नुहुन्छ?
 #Person2#: काठको बाकस किन प्रयोग गर्ने?
 #Person1#: मलाई डर लाग्छ कि कार्डबोर्ड बाक्सहरू यति भारी भारका लागि पर्याप्त बलियो छैनन्।
 #Person2#: कार्टनहरू तुलनात्मक रूपमा हल्का हुन्छन्, त्यसैले चलाउन सजिलो हुन्छ। तिनीहरू भारी कार्गोसँगै राखिँदैनन्। स्टिभडोरहरूले त्यसको ध्यान राख्नेछन्। यसबाहेक, हामी कार्टनहरूलाई स्ट्र्यापले बलियो बनाउनेछौं। रेशमका ब्लाउजहरू नाजुक सामान होइनन्। तिनीहरू धेरै हल्लाइ-झुलाइ सहन सक्छन्।
 #Person1#: सायद तपाईं ठीक हुनुहुन्छ, तर सामानहरू ह्याम्बर्ग वा लन्डनमा ट्रान्ससिप हुनेछन्। यदि बाकसहरू खुला घाटमा सारिए भने, चिसोपन वा पानी पस्न सक्छ। यसले ब्लाउजहरूमा दाग लगाउन वा बिगार्न सक्छ।
 #Person2#: त्यसबारे चिन्ता लिनु पर्दैन। प्लास्टिक सिटले लाइन गरिएका कार्टनहरू पानी प्रतिरोधी हुन्छन्, र बाकसहरू कार्डबोर्डका भएकाले तिनीहरूलाई सावधानीपूर्वक ह्यान्डल गरिन्छ।
 #Person1#: खैर, म कुनै जोखिम लिन चाहन्न। यसबाहेक, कार्टनहरू सजिलै काट्न सकिन्छ, जसले चोरीको जोखिम बढाउँछ।
 #Person2#: कार्टनमा छेडछाड सजिलै पत्ता लाग्छ। म भन्छु कि यसले उल्टै चोरीलाई निरुत्साहित गर्छ।
 #Person1#: सायद त्यस्तै हो, तर मलाई डर लाग्छ कि क्षति वा चोरी भएमा बीमा कम्पनीले अनुचित प्याकिङ वा समुद्री यात्राका लागि अनुपयुक्त प्याकिङ भनेर क्षतिपूर्ति दिन अस्वीकार गर्न सक्छ।
 #Person2#: तर कार्टनहरू पूर्ण रूपमा समुद्री यात्राका लागि उपयुक्त छन्। हामीले युरोपेली बन्दरगाहहरूमा पठाउने धेरै सामानहरूमा यिनै प्रयोग गर्छौं। हाम्रा ग्राहकहरूबाट कहिल्यै कुनै गुनासो आएको छैन, र हाम्रो बीमा कम्पनीले पनि W.P.A. र T.P.N.D. का लागि यस्तो प्याकिङ स्वीकृत गरेको छ।
 #Person1#: यदि बीमा कम्पनीले खराब प्याकिङका कारण दाबी अस्वीकार गरेमा तपाईंले क्षतिपूर्तिको ग्यारेन्टी दिन सक्नुभयो भने, हामी कार्टन स्वीकार गर्न तयार छौं।
 #Person2#: माफ गर्नुहोस्, तर हामी हाम्रो अधिकार र जिम्मेवारीभन्दा बाहिरको कुनै जिम्मेवारी लिन सक्दैनौं। हामी प्याकिङ समुद्री यात्राका लागि उपयुक्त छ भनी सुनिश्चित गर्नेछौं, तर हरेक खालको दुर्घटनाका लागि जिम्मेवार हुन सक्दैनौं।
 #Person1#: म तपाईंको अवस्था बुझ्न सक्छु। सायद मैले धेरै मागेँ।
 #Person2#: यदि तपाईं जोड दिनुहुन्छ भने हामी काठको बाकस प्रयोग गर्नेछौं, तर प्याकिङको खर्च धेरै बढी हुनेछ, र डेलिभरी पनि ढिलो हुन्छ।
 #Person1#: ठिकै छ, म यसबारे निर्देशन लिन तुरुन्तै फोन गर्नेछु।
 #Person2#: कृपया गर्नुहोस्। म तपाईंको जवाफ पर्खिरहेको हुनेछु।","#Person1# र #Person2# दुवै आकर्षक र्यापिङले बिक्री बढाउँछ भन्ने सोच्छन्। #Person2# ब्लाउजहरू कार्टनमा प्याक गर्नेछन् तर #Person1# तिनीहरू पर्याप्त बलियो नहुन सक्ने, चोरी हुन सक्ने वा बीमा नहुन सक्ने चिन्ता गर्छन् त्यसैले काठको बाकस रुचाउँछन्। #Person2# कार्टनहरू समुद्री यात्राका लागि उपयुक्त छन् र चोरी निरुत्साहित गर्छन् भनी व्याख्या गर्छन् तर क्षतिपूर्तिको ग्यारेन्टी दिन सक्दैनन्। #Person2# काठको बाकस महँगो हुन्छ भन्छन् र #Person1# चाँडै सम्पर्क गर्नेछन्।",मिस्टर जोन्सले मिस्टर जोन्सलाई प्याकेजिङको बारेमा छलफल गर्ने बारे भन्यो । मिस्टर जोन्सले ब्लाउजहरू प्याकिङको बारेमा जानकारी दिने बेला ब्लाउजहरू आँखामा पर्ने र्यापिङले अवश्य पनि बिक्री बढाउन मद्दत गर्छ । मिस्टर जोन्सले बाहिरी प्याकिङको बारेमा पूछ्यो । मिस्टर ज,मिस्टर जोन्सले मिस्टर जोन्सलाई प्याकेजिङको बारेमा छलफल गर्ने बारे भन्यो । मिस्टर जोन्सले ब्लाउजहरू प्याकिङको बारेमा जानकारी दिने बेला ब्लाउजहरू आँखामा पर्ने र्यापिङले अवश्य पनि बिक्री बढाउन मद्दत गर्छ । मिस्टर जोन्सले बाहिरी प्याकिङको बारेमा पूछ्यो । मिस्टर ज,,
train_9329,English,get a puppy,"#Person1#: Let's go to the animal shelter.
 #Person2#: What do you want to do?
 #Person1#: I want to get a puppy for my son.
 #Person2#: That will make him so happy.
 #Person1#: I'll get him one of those little dogs.
 #Person2#: One that won't grow up too big.
 #Person1#: And eat too much.
 #Person2#: Do you know which one he would like?
 #Person1#: Oh, yes, I took him there yesterday. He showed me one that he really liked.
 #Person2#: I bet you had to drag him away.
 #Person1#: He wanted to take it home yesterday.
 #Person2#: I wonder what he'll name it.","#Person1# will get a puppy for #Person1#'s son which he showed the love yesterday, and #Person2# wonder the puppy's name.","Here is a summary of the dialogue in two sentences:

Person 1 wants to get a puppy for their son from the animal shelter. They already know which breed their son likes, as he showed them one yesterday and wanted to take it home.","Here is a summary of the dialogue in two sentences:

Person 1 wants to get a puppy for their son from the animal shelter. They already know which breed their son likes, as he showed them one yesterday and wanted to take it home.",,
train_9329,Nepali,कुकुरको बच्चा लिनु,"#व्यक्ति१#:	पशु आश्रयमा जाऔँ।
#व्यक्ति२#:	तपाईं के गर्न चाहनुहुन्छ?
#व्यक्ति१#:	म मेरो छोराको लागि एउटा कुकुरको बच्चा लिन चाहन्छु।
#व्यक्ति२#:	त्यसले उसलाई धेरै खुसी बनाउनेछ।
#व्यक्ति१#:	म उसलाई ती साना कुकुरहरूमध्ये एउटा दिनेछु।
#व्यक्ति२#:	जुन धेरै ठूलो भएर हुर्किनेछैन।
#व्यक्ति१#:	र धेरै खानेछैन।
#व्यक्ति२#:	तपाईंलाई थाहा छ उसलाई कुन मन पर्छ?
#व्यक्ति१#:	ओहो, हो, म हिजो उसलाई त्यहाँ लिएर गएको थिएँ। उसले मलाई आफूलाई साँच्चै मन परेको एउटा देखायो।
#व्यक्ति२#:	म शर्त लगाउँछु तपाईंले उसलाई त्यहाँबाट तानेर लैजानुपरेको थियो।
#व्यक्ति१#:	उसले हिजो त्यसलाई घर लैजान चाहेको थियो।
#व्यक्ति२#:	मलाई अचम्म लाग्छ उसले त्यसको नाम के राख्नेछ।
","#व्यक्ति१# ले #व्यक्ति१# को छोराका लागि एउटा कुकुरको बच्चा लिन चाहन्छन्, जसलाई उसले हिजो मन पराएको थियो, र #व्यक्ति२# ले कुकुरको बच्चाको नाम के राख्ने हो भनेर आश्चर्य गर्छन्।",संवादमा दुई व्यक्तिहरू बिच एक कुकुरको बच्चा लिने बारेमा बिचार गर्दैछन्।,संवादमा दुई व्यक्तिहरू बिच एक कुकुरको बच्चा लिने बारेमा बिचार गर्दैछन्।,,
train_937,English,interview,"#Person1#: What kind of person do you think you are?
 #Person2#: Well, I am always energetic and enthusiastic. That's my strongest personality.
 #Person1#: What are your strengths and weaknesses?
 #Person2#: Em, as I have said, I'm diligent and industrious. On the other hand, sometimes I'm too hard-working and I put myself under too much pressure to make things perfect.
 #Person1#: What qualities would you expect of persons working as a team?
 #Person2#: To work in a team, in my opinion, two characteristics are necessary for a person. That is, the person must be cooperative and aggressive.
 #Person1#: How do you spend your leisure time?
 #Person2#: I like playing games and having sports. They are my favourite hobbies.
 #Person1#: So, what kind of sport do you like most?
 #Person2#: Oh, it's hard to narrow it down to just one. I mean, I like all kinds of sports, basketball, swimming, bike riding and so on. Maybe it is just the reason why I am so energetic and vigorous.","#Person1# interviews #Person2# on personality, teamwork, and hobbies. #Person2# is energetic, enthusiastic but sometimes too exacting. #Person2# thinks cooperative and aggressive are necessary for teamwork. #Person2# likes playing sports in leisure time.","Here is a summary of the dialogue in two sentences:

Person 2 describes themselves as energetic and enthusiastic, and identifies their strengths as being diligent and industrious, but also notes that they can be too hard-working. They also mention that they value cooperation and aggression in a team, and enjoy playing games and participating in various sports in their leisure time.","Here is a summary of the dialogue in two sentences:

Person 2 describes themselves as energetic and enthusiastic, and identifies their strengths as being diligent and industrious, but also notes that they can be too hard-working. They also mention that they value cooperation and aggression in a team, and enjoy playing games and participating in various sports in their leisure time.",,
train_937,Nepali,अन्तर्वार्ता,"#Person1#: तपाईं आफूलाई कस्तो व्यक्ति ठान्नुहुन्छ?
 #Person2#: खैर, म सधैं ऊर्जावान र उत्साही हुन्छु। त्यो मेरो सबैभन्दा बलियो व्यक्तित्व हो।
 #Person1#: तपाईंका बल र कमजोरीहरू के हुन्?
 #Person2#: एम्, मैले भनेझैं, म मेहनती र परिश्रमी छु। अर्कोतिर, कहिलेकाहीँ म धेरै कडा काम गर्छु र चीजहरू पूर्ण बनाउन आफूलाई धेरै दबाब दिन्छु।
 #Person1#: टिममा काम गर्ने व्यक्तिबाट तपाईं कस्ता गुणहरू अपेक्षा गर्नुहुन्छ?
 #Person2#: टिममा काम गर्न, मेरो विचारमा, व्यक्तिमा दुई विशेषता आवश्यक छन्। अर्थात्, व्यक्ति सहयोगी र आक्रामक हुनुपर्छ।
 #Person1#: तपाईं आफ्नो फुर्सदको समय कसरी बिताउनुहुन्छ?
 #Person2#: मलाई खेल खेल्न र खेलकुद गर्न मन पर्छ। ती मेरा मनपर्ने शौक हुन्।
 #Person1#: त्यसैले, तपाईंलाई कुन खेल सबैभन्दा मन पर्छ?
 #Person2#: ओह, एउटैमा सीमित गर्न गाह्रो छ। मेरो मतलब, मलाई सबै खालका खेल मन पर्छ, बास्केटबल, पौडी, साइकल चलाउने आदि। सायद त्यसैले म यति ऊर्जावान र बलियो छु।","#Person1# ले #Person2# लाई व्यक्तित्व, टिमवर्क र शौकबारे अन्तर्वार्ता लिन्छन्। #Person2# ऊर्जावान, उत्साही तर कहिलेकाहीँ धेरै कठोर हुन्छन्। #Person2# टिमवर्कका लागि सहयोगी र आक्रामक आवश्यक ठान्छन्। #Person2# लाई फुर्सदमा खेलकुद मन पर्छ।","संवादमा भएको जानकारी मात्र समावेश गर्दै संवादलाई एक वाक्यमा सारांश गर्दै यस प्रकार लेख्न सकिन्छः

मलाई खेल खेल्न र खेलकुद गर्न मन पर्छ।","संवादमा भएको जानकारी मात्र समावेश गर्दै संवादलाई एक वाक्यमा सारांश गर्दै यस प्रकार लेख्न सकिन्छः

मलाई खेल खेल्न र खेलकुद गर्न मन पर्छ।",,
train_9380,English,teach golf,"#Person1#: Hey, Tom, I want to learn how to play golf.
 #Person2#: You're really sporty!
 #Person1#: I want to do everything I can.
 #Person2#: Do you have clubs?
 #Person1#: No. Can I rent clubs?
 #Person2#: There are clubs for beginners. It's cheaper to buy those rather than rent them a few times.
 #Person1#: What kinds of clubs?
 #Person2#: Like the seven-piece set. It's only $ 120.
 #Person1#: I'll buy a set. But you have to teach me.
 #Person2#: Okay.",#Person1# wants Tom to teach #Person1# golf. Tom recommends #Person1# to buy clubs and agrees.,"Here is a summary of the dialogue in two sentences:

Person 1 wants to learn how to play golf and asks Person 2 for advice. Person 2 suggests buying a beginner's golf club set, which is cheaper than renting, and offers to teach Person 1 how to play.","Here is a summary of the dialogue in two sentences:

Person 1 wants to learn how to play golf and asks Person 2 for advice. Person 2 suggests buying a beginner's golf club set, which is cheaper than renting, and offers to teach Person 1 how to play.",,
train_9380,Nepali,गल्फ सिकाउने,"#व्यक्ति१#: ए, टम, म गल्फ खेल्न सिक्न चाहन्छु।
#व्यक्ति२#: तपाईं त साँच्चै खेलकुदप्रेमी हुनुहुन्छ!
#व्यक्ति१#: म सक्ने सबै कुरा गर्न चाहन्छु।
#व्यक्ति२#: तपाईंसँग गल्फ क्लबहरू छन्?
#व्यक्ति१#: छैन। के म क्लबहरू भाडामा लिन सक्छु?
#व्यक्ति२#: सुरुआती खेलाडीहरूका लागि क्लबहरू छन्। केही पटक भाडामा लिनुभन्दा ती किन्नु सस्तो हुन्छ।
#व्यक्ति१#: कस्ता क्लबहरू?
#व्यक्ति२#: सातवटा क्लबको सेटजस्तो। यसको मूल्य केवल १२० डलर हो।
#व्यक्ति१#: म एउटा सेट किन्छु। तर तपाईंले मलाई सिकाउनुपर्छ।
#व्यक्ति२#: ठीक छ।",#व्यक्ति१# टमले आफूलाई गल्फ सिकाइदियोस् भन्ने चाहन्छन्। टमले #व्यक्ति१# लाई गल्फ क्लबहरू किन्न सिफारिस गर्छन् र सहमत हुन्छन्।,"व्यक्ति १ले गल्फ खेल्न सिक्न चाहन्छ, व्यक्ति २ले त्यसलाई गल्फ क्लबहरू भाडामा लिने वा किन्ने बारे जानकारी दिन्छ।","व्यक्ति १ले गल्फ खेल्न सिक्न चाहन्छ, व्यक्ति २ले त्यसलाई गल्फ क्लबहरू भाडामा लिने वा किन्ने बारे जानकारी दिन्छ।",,
train_9381,English,special date,"#Person1#: What date is today?
 #Person2#: Why?
 #Person1#: Didn't you notice the roses everywhere?
 #Person2#: I hear it's Chinese Valentine's Day! Don't you know?
 #Person1#: Oh, God. I just forgot it. I should have brought roses for my girlfriend.
 #Person2#: It's not too late. Go to buy some now.",#Person2# reminds #Person1# to buy roses for girlfriend on Chinese Valentine's Day.,"Here is a summary of the dialogue in two sentences:

Person 1 asks Person 2 what date it is, and Person 2 responds that it's Chinese Valentine's Day. Person 1 realizes they forgot to bring roses for their girlfriend and Person 2 suggests they go buy some.","Here is a summary of the dialogue in two sentences:

Person 1 asks Person 2 what date it is, and Person 2 responds that it's Chinese Valentine's Day. Person 1 realizes they forgot to bring roses for their girlfriend and Person 2 suggests they go buy some.",,
train_9381,Nepali,विशेष मिति,"#व्यक्ति१#: आज कति गते हो?
#व्यक्ति२#: किन?
#व्यक्ति१#: तिमीले चारैतिर गुलाफ देखेनौ?
#व्यक्ति२#: मैले यो चिनियाँ प्रणय दिवस हो भनेर सुनेको छु। तिमीलाई थाहा छैन?
#व्यक्ति१#: हे भगवान्। मैले त बिर्सिएँ। मैले मेरी प्रेमिकाका लागि गुलाफ ल्याउनुपर्ने थियो।
#व्यक्ति२#: अझै ढिला भएको छैन। अहिले गएर केही किन।",#व्यक्ति२# ले चिनियाँ प्रेम दिवसमा प्रेमिकाका लागि गुलाब किन्न #व्यक्ति१# लाई सम्झाउँछन्।,संवादमा दुई व्यक्ति बीच एक प्रेमिकाका लागि गुलाफ ल्याउनुपर्ने भन्दै एक दिन कति गते हो भन्ने विषयमा बिचार व्यक्त गरिएको छ।,संवादमा दुई व्यक्ति बीच एक प्रेमिकाका लागि गुलाफ ल्याउनुपर्ने भन्दै एक दिन कति गते हो भन्ने विषयमा बिचार व्यक्त गरिएको छ।,,
train_9415,English,shopping,"#Person1#: Look at this armchair, what do you think?
 #Person2#: Oh, I'm not sure I like the design. It's too heavy looking. Is it comfortable?
 #Person1#: Try it.
 #Person2#: Uhm, It's really comfortable. And I'd like to have something this size. Our old armchair is way too small. This size is perfect.
 #Person1#: What do you think of the color?
 #Person2#: Well, green isn't my favorite color, but it's better than that terrible brown one we have now. It's OK I guess. But blue would be perfect.
 #Person1#: How much is it?
 #Person2#: Oh no, it's $999. That's really too expensive. We can't afford it right now.
 #Person1#: I know. Why don't we wait till next month for their midyear sale? It might be cheaper then.
 #Person2#: Hey, that's a good idea.",#Person1# suggests waiting till midyear sale to buy the comfortable green armchair since #Person1# cannot afford it now.,"Here is a summary of the dialogue in two sentences:

Person 2 is unsure about the armchair's design, but finds it comfortable and likes its size. They are hesitant to buy it due to its high price of $999, but Person 1 suggests waiting for a midyear sale to potentially get a better deal.","Here is a summary of the dialogue in two sentences:

Person 2 is unsure about the armchair's design, but finds it comfortable and likes its size. They are hesitant to buy it due to its high price of $999, but Person 1 suggests waiting for a midyear sale to potentially get a better deal.",,
train_9415,Nepali,किनमेल,"#Person1#: यो आर्मचेयर हेर्नुहोस्, तपाईंलाई के लाग्छ?
 #Person2#: ओह, मलाई डिजाइन मन परेको छैन जस्तो लाग्छ। यो धेरै भारी देखिन्छ। के यो आरामदायी छ?
 #Person1#: प्रयास गर्नुहोस्।
 #Person2#: उह्म, यो साँच्चै आरामदायी छ। र म यति आकारको चाहन्छु। हाम्रो पुरानो आर्मचेयर धेरै सानो छ। यो आकार उत्तम छ।
 #Person1#: रङको बारेमा के भन्नुहुन्छ?
 #Person2#: खैर, हरियो मेरो मनपर्ने रङ होइन, तर हामीसँग अहिले भएको भयानक खैरोभन्दा राम्रो छ। ठिकै छ जस्तो लाग्छ। तर नीलो उत्तम हुनेथ्यो।
 #Person1#: यसको मूल्य कति हो?
 #Person2#: ओह होइन, यो $९९९ छ। त्यो साँच्चै धेरै महँगो छ। हामी अहिले किन्न सक्दैनौं।
 #Person1#: मलाई थाहा छ। किन अर्को महिना उनीहरूको मध्यवर्ष सेलसम्म नपर्खने? त्यसबेला सस्तो हुनसक्छ।
 #Person2#: हे, त्यो राम्रो विचार हो।",#Person1# ले आरामदायी हरियो आर्मचेयर किन्न मध्यवर्ष सेलसम्म पर्खन सुझाउँछन् किनकि अहिले किन्न सक्दैनन्।,"संवादमा दुई व्यक्तिहरू बीचमा आर्मचेयरको बारेमा बिचार व्यक्त भएको देखिन्छ। उनीहरू आर्मचेयरको डिजाइन, आकार, रङ, मूल्य, र किनार्थी सेलमा किन्ने बारेमा बिचार व्यक्त गरेका देखिन्छन्।","संवादमा दुई व्यक्तिहरू बीचमा आर्मचेयरको बारेमा बिचार व्यक्त भएको देखिन्छ। उनीहरू आर्मचेयरको डिजाइन, आकार, रङ, मूल्य, र किनार्थी सेलमा किन्ने बारेमा बिचार व्यक्त गरेका देखिन्छन्।",,
train_9421,English,shopping,"#Person1#: Please give me a piece of ' New York Daily '.
 #Person2#: You are late. The last piece has sold out.
 #Person1#: Really? Is there ' Wall Street Journal ', please?
 #Person2#: There are several, take a piece. The crash appears in the headline. It is famous for offering catastrophe stories.
 #Person1#: I have a long flight for ten hours. I need to choose a magazine.
 #Person2#: There are various magazines in the rack.
 #Person1#: Give me the latest issue of ' National Geographic '.
 #Person2#: That's the top magazine in America and is popular with young people. OK. It is totally 30 dollars.
 #Person1#: Here you are.
 #Person2#: Have a nice trip.","#Person1# wants to buy a piece of ' New York Daily ' but #Person2# says #Person1# is late. Finally, #Person1# buys a magazine.","Here is a summary of the dialogue in two sentences:

Person 1 asks Person 2 for a magazine, and Person 2 informs them that the last issue of the ""New York Daily"" has sold out. Person 1 then asks for the latest issue of ""National Geographic"", which Person 2 agrees to sell to them for $30.","Here is a summary of the dialogue in two sentences:

Person 1 asks Person 2 for a magazine, and Person 2 informs them that the last issue of the ""New York Daily"" has sold out. Person 1 then asks for the latest issue of ""National Geographic"", which Person 2 agrees to sell to them for $30.",,
train_9421,Nepali,,"""#Person1#: कृपया मलाई 'न्युयोर्क डेली' को एउटा प्रति दिनुहोस्।
 #Person2#: तपाईं ढिलो हुनुभयो। अन्तिम प्रति पनि बिक्री भइसक्यो।
 ​​#Person1#: साँच्चै? के 'वाल स्ट्रिट जर्नल' उपलब्ध छ?
 #Person2#: यहाँ थुप्रै प्रतिहरू छन्, एउटा लिनुहोस्। यसको मुख्य समाचारमा 'क्र्यास' (बजार वा अन्य ठूलो दुर्घटना) को खबर छ। यो पत्रिका विपत्ति वा दुर्घटनासम्बन्धी समाचारका लागि चर्चित छ।
 #Person1#: मेरो १० घण्टाको लामो हवाई यात्रा छ। त्यसैले मलाई एउटा पत्रिका चाहिएको छ।
 #Person2#: र्याकमा विभिन्न पत्रिकाहरू छन्।
 #Person1#: मलाई 'नेशनल जिओग्राफिक' को पछिल्लो अंक दिनुहोस्।
 #Person2#: यो अमेरिकाको उत्कृष्ट पत्रिका हो र युवाहरूमाझ निकै लोकप्रिय छ। ल, यसको जम्मा ३० डलर पर्छ।
 #Person1#: लिनुहोस्।
 #Person2#: तपाईंको यात्रा सुखद रहोस्।""",,"तलको संवादलाई एक वाक्यमा सारांश गर्दा यस प्रकार हो-

तपाईं ढिलो हुनुभयो। अन्तिम प्रति पनि बिक्री भइसक्यो।","तलको संवादलाई एक वाक्यमा सारांश गर्दा यस प्रकार हो-

तपाईं ढिलो हुनुभयो। अन्तिम प्रति पनि बिक्री भइसक्यो।",,
train_9459,English,noise interruption,"#Person1#: Sorry. What was that you said? 
 #Person2#: I'll meet you at the Gate round about seven. 
 #Person1#: Where? 
 #Person2#: At the Gate. 
 #Person1#: When, did you say? 
 #Person2#: Round about seven. 
 #Person1#: Who's coming? 
 #Person2#: Peter. Peter Brown, you know. Don't forget to bring the letter. 
 #Person1#: Sorry. I didn't quite catch what you said. There's a lot of noise outside. 
 #Person2#: I told you not to forget to bring the letter. 
 #Person1#: Loretta? No, she can't come, she's busy.","#Person2# tells #Person1# where and when they'll meet, but #Person1# didn't catch the information because of the noise.","Person 2 is meeting Person 1 at the Gate around 7, and Person 1 is supposed to bring a letter.","Person 2 is meeting Person 1 at the Gate around 7, and Person 1 is supposed to bring a letter.",,
train_9459,Nepali,आवाजका कारण अवरोध,"#व्यक्ति१#: माफ गर्नुहोस्। तपाईंले के भन्नुभयो?
#व्यक्ति२#: म करिब सात बजे ढोकामा तिमीलाई भेट्छु।
#व्यक्ति१#: कहाँ?
#व्यक्ति२#: ढोकामा।
#व्यक्ति१#: कहिले भन्नुभयो?
#व्यक्ति२#: करिब सात बजे।
#व्यक्ति१#: को आउँदैछ?
#व्यक्ति२#: पिटर। पिटर ब्राउन, तिमीलाई थाहा छ। पत्र ल्याउन नबिर्सनु।
#व्यक्ति१#: माफ गर्नुहोस्। तपाईंले भनेको कुरा मैले राम्ररी बुझिनँ। बाहिर धेरै हल्ला छ।
#व्यक्ति२#: मैले तिमीलाई पत्र ल्याउन नबिर्सन भनेको थिएँ।
#व्यक्ति१#: लोरेटा? होइन, ऊ आउन सक्दिनँ, ऊ व्यस्त छ।","#व्यक्ति२# ले #व्यक्ति१# लाई उनीहरू कहाँ र कहिले भेट्नेछन् भनेर बताउँछन्, तर बाहिरको आवाजका कारण #व्यक्ति१# ले त्यो जानकारी बुझ्न सक्दैनन्।","व्यक्ति १ले व्यक्ति २लाई माफ गर्ने बारे भन्दै संवाद शुरू हुन्छ। व्यक्ति २ले व्यक्ति १लाई सात बजे ढोकामा भेट्ने बारे भन्छ। व्यक्ति १ले कहाँ भेट्ने बारे पूछ्छ, व्यक्ति २ले ढोकामा भेट्ने बारे भन्छ। व्यक्ति १ले को आउँदैछ बारे पूछ्छ, व्यक्ति २ले पिट","व्यक्ति १ले व्यक्ति २लाई माफ गर्ने बारे भन्दै संवाद शुरू हुन्छ। व्यक्ति २ले व्यक्ति १लाई सात बजे ढोकामा भेट्ने बारे भन्छ। व्यक्ति १ले कहाँ भेट्ने बारे पूछ्छ, व्यक्ति २ले ढोकामा भेट्ने बारे भन्छ। व्यक्ति १ले को आउँदैछ बारे पूछ्छ, व्यक्ति २ले पिट",,
train_9569,English,invitation,"#Person1#: Hey, did you hear about Jessica's party this weekend?
 #Person2#: Yeah, but I'm still waiting for my invitation.
 #Person1#: Oh really? She gave me mine earlier today.
 #Person2#: Well, she'll probably just give me my invitation later on today.
 #Person1#: Yeah, so are you planning on going?
 #Person2#: I think so. It sounds like it's going to be a lot of fun.
 #Person1#: It really does, I can't wait.
 #Person2#: What time does the party start?
 #Person1#: It starts at 8 o'clock.
 #Person2#: Oh, well, how many people has she given invites to so far?
 #Person1#: I'm not sure, but I don't think she's given out that many.
 #Person2#: Well, hopefully she'll give me my invite later on today.",#Person1# has received the invitation to Jessica's party. #Person2# hasn't but hopes to receive it later today.,"Person 2 is waiting for an invitation to Jessica's party, and Person 1 has already received theirs. Person 2 is planning to attend the party, which starts at 8 o'clock, and is hoping to receive their invitation later in the day.","Person 2 is waiting for an invitation to Jessica's party, and Person 1 has already received theirs. Person 2 is planning to attend the party, which starts at 8 o'clock, and is hoping to receive their invitation later in the day.",,
train_9569,Nepali,,"#Person1#: ए, तिमीले यस सप्ताहन्तमा हुने जेसिकाको पार्टीको बारेमा सुन्यौ?
#Person2#: अँ, तर म अझै मेरो निम्तोको पर्खाइमा छु।
#Person1#: ए, साँच्चै? उसले मलाई त आजै अघि नै निम्तो दिइसकेकी थिई।
#Person2#: जे होस्, सायद उसले मलाई पनि आजै पछि निम्तो देली।
#Person1#: अँ, त्यसो भए तिमी जाने योजनामा ​​छौ त?
#Person2#: मलाई त्यस्तै लाग्छ। सुन्दा त धेरै रमाइलो हुने जस्तो छ।
#Person1#: साँच्चै नै, म त निकै उत्साहित छु।
#Person2#: पार्टी कति बजे सुरु हुन्छ?
#Person1#: यो ८ बजे सुरु हुन्छ।
#Person2#: ए, अनि उसले अहिलेसम्म कति जनालाई निम्तो दिइसकेकी छे?
#Person1#: मलाई पक्का थाहा छैन, तर मलाई लाग्दैन कि उसले धेरै जनालाई निम्तो दिएकी छे।
#Person2#: जे होस्, आशा छ उसले मलाई पनि आजै निम्तो दिनेछे।",,"संवादमा जेसिकाले आफ्नो पार्टीको बारेमा संवाद गरेकी थिइन्। त्यस पार्टीको बारेमा संवाद गर्दै पार्टीको समय, स्थान, निम्तोको पर्खाइमा र जनाको संख्या सम्बन्धी जानकारी दिइएको थियो।","संवादमा जेसिकाले आफ्नो पार्टीको बारेमा संवाद गरेकी थिइन्। त्यस पार्टीको बारेमा संवाद गर्दै पार्टीको समय, स्थान, निम्तोको पर्खाइमा र जनाको संख्या सम्बन्धी जानकारी दिइएको थियो।",,
train_9641,English,a singing contest,"#Person1#: Hi, Ann.
 #Person2#: Hi. You look excited. What's happening?
 #Person1#: I just heard that our school will hold a singing contest in 5 days.
 #Person2#: And you're planning to enter?
 #Person1#: Of course. This is a great chance for me to show off my beautiful voice.
 #Person2#: Is there a prize?
 #Person1#: I heard that the winner gets a Panda Radio.
 #Person2#: Do you think you have a chance?
 #Person1#: A chance? Not just a chance, I'm a hundred percent certain. Everyone says my voice is beautiful.
 #Person2#: But you haven't practised all that much.
 #Person1#: I still have 5 days to practise. It's in the bag!
 #Person2#: Don't be too sure. You're still going to need some help.
 #Person1#: Yeah, maybe.",#Person1# is going to enter a singing contest and excited because #Person1# is confident to be the winner. Ann thinks #Person1# will need some help.,"Here is a summary of the dialogue in two sentences:

Person 1 is excited to enter a singing contest at their school, which will be held in 5 days, and is confident of winning due to their beautiful voice. Person 2 cautions them that they still need to practice and may need help, but Person 1 is optimistic.","Here is a summary of the dialogue in two sentences:

Person 1 is excited to enter a singing contest at their school, which will be held in 5 days, and is confident of winning due to their beautiful voice. Person 2 cautions them that they still need to practice and may need help, but Person 1 is optimistic.",,
train_9641,Nepali,,"#Person1#: नमस्ते, एन।
#Person2#: नमस्ते। तिमी निकै उत्साहित देखिन्छौ। के हुँदैछ?
#Person1#: मैले भर्खरै थाहा पाएँ कि हाम्रो विद्यालयमा ५ दिनपछि गायन प्रतियोगिता हुँदैछ।
#Person2#: अनि तिमी त्यसमा भाग लिने योजनामा ​​छौ?
#Person1#: पक्कै पनि। मेरो सुमधुर स्वर देखाउने यो मेरो लागि एउटा राम्रो मौका हो।
#Person2#: के यसमा कुनै पुरस्कार छ?
#Person1#: मैले सुनेको छु कि विजेताले 'पाण्डा रेडियो' पाउँछन्।
#Person2#: तिमीलाई जित्ने सम्भावना छ जस्तो लाग्छ?
#Person1#: सम्भावना? सम्भावना मात्र होइन, म शतप्रतिशत निश्चित छु। सबैजना मेरो स्वर राम्रो छ भन्छन्।
#Person2#: तर तिमीले त्यति धेरै अभ्यास त गरेकी छैनौ नि।
#Person1#: अभ्यास गर्न अझै ५ दिन बाँकी छ। जित पक्का छ!
#Person2#: धेरै ढुक्क नहोऊ। तिमीलाई अझै केही मद्दतको आवश्यकता पर्नेछ।
#Person1#: हो, सायद।",,विद्यालयमा गायन प्रतियोगिता हुँदैछ। प्रतियोगितामा भाग लिने योजनामा ​​मैले छु। मैले 'पाण्डा रेडियो' जित्ने सम्भावना छ।,विद्यालयमा गायन प्रतियोगिता हुँदैछ। प्रतियोगितामा भाग लिने योजनामा ​​मैले छु। मैले 'पाण्डा रेडियो' जित्ने सम्भावना छ।,,
train_9699,English,noisy office,"#Person1#: John, do you have a minute?
 #Person2#: Oh, hi, Leo. Sure, what's up?
 #Person1#: Well, I'Ve been meaning to talk to you about the situation in the office.
 #Person2#: I'm not in there very often. It's so noisy that I can't work.
 #Person1#: That's exactly what I'm getting at. We're supposed to be able to do our preparation and marking in that office, but have you noticed? Jack constantly has students coming in to get help with his course. A lot people are going in and out.
 #Person2#: Has anybody spoken to him about it?
 #Person1#: No, not yet, but someone's going to have to.
 #Person2#: We can't really ask him to stop having students come in for help, can we?
 #Person1#: No, of course not. But I'm not able to do my work and neither are you.
 #Person2#: How about recommending him to use the storage room down the hall?
 #Person1#: Oh, that would be too small.
 #Person2#: With the cabinets taken out, it might be bigger than it looks.
 #Person1#: Come to think of it, you may be on to something. Let's go have a look.
 #Person2#: Let's rock n'roll.",John and Leo discuss the noisy situation in the office because of Jack's students. They are going to check whether the storage room can be used for Jack.,"Here is a two-sentence summary of the dialogue:

Leo and John discuss the noise and disruption in the office, which is preventing them from doing their work due to constant student traffic. They consider recommending that Jack use the storage room down the hall for his office hours, and Leo suggests that it might be bigger than it looks.","Here is a two-sentence summary of the dialogue:

Leo and John discuss the noise and disruption in the office, which is preventing them from doing their work due to constant student traffic. They consider recommending that Jack use the storage room down the hall for his office hours, and Leo suggests that it might be bigger than it looks.",,
train_9699,Nepali,हल्लायुक्त कार्यालय,"#व्यक्ति१#: जोन, के तपाईंसँग एक मिनेट छ?
#व्यक्ति२#: ओहो, हाइ, लियो। पक्कै, के भयो?
#व्यक्ति१#: वास्तवमा, म केही समयदेखि कार्यालयको अवस्थाबारे तपाईंसँग कुरा गर्न चाहिरहेको थिएँ।
#व्यक्ति२#: म त्यहाँ धेरैजसो हुँदिनँ। त्यहाँ यति धेरै हल्ला हुन्छ कि म काम गर्न सक्दिनँ।
#व्यक्ति१#: मैले भन्न खोजेको कुरा ठ्याक्कै यही हो। हामीले त्यो कार्यालयमा आफ्नो तयारी र जाँचको काम गर्न सक्नुपर्ने हो, तर तपाईंले याद गर्नुभएको छ? ज्याककहाँ आफ्नो पाठ्यक्रमबारे सहयोग लिन विद्यार्थीहरू निरन्तर आइरहन्छन्। धेरै मानिसहरू भित्रबाहिर गरिरहेका हुन्छन्।
#व्यक्ति२#: के कसैले उससँग यसबारे कुरा गरेको छ?
#व्यक्ति१#: छैन, अहिलेसम्म छैन, तर कसैले उसलाई भन्नुपर्ने हुन्छ।
#व्यक्ति२#: हामी उसलाई सहयोगका लागि विद्यार्थीहरूलाई आउन बन्द गर्न भन्न सक्दैनौँ, हैन?
#व्यक्ति१#: होइन, पक्कै सक्दैनौँ। तर म आफ्नो काम गर्न सकिरहेको छैन र तपाईं पनि सकिरहनुभएको छैन।
#व्यक्ति२#: उसलाई गल्लीको तल रहेको भण्डारण कोठा प्रयोग गर्न सुझाव दिए कसो होला?
#व्यक्ति१#: ओहो, त्यो त धेरै सानो हुनेछ।
#व्यक्ति२#: दराजहरू हटाएपछि, देखिएभन्दा ठूलो हुन सक्छ।
#व्यक्ति१#: सोच्दा, तपाईंको कुरा सही हुन सक्छ। जाऔँ, गएर हेरौँ।
#व्यक्ति२#: जाऔँ, काम सुरु गरौँ।",जोन र लियोले ज्याकका विद्यार्थीहरूका कारण कार्यालयमा भएको हल्लाको अवस्थाबारे छलफल गर्छन्। उनीहरू भण्डारण कोठा ज्याकले प्रयोग गर्न मिल्छ कि मिल्दैन भनेर जाँच गर्न जाँदैछन्।,व्यक्ति १ले व्यक्ति २लाई कार्यालयमा अवस्था बारे कुरा गर्न चाहिरहेको थियो। व्यक्ति २ले कार्यालयमा धेरै हल्ला हुन्छ भन्दै काम गर्न सक्दिनँ भनेका थिए। व्यक्ति १ले जाँचको काम गर्न सक्नुपर्ने हो भन्दै व्यक्ति २लाई सहयोग गर्ने विद्यार्थीहरू निरन्तर आइरहन्छन् भनेक,व्यक्ति १ले व्यक्ति २लाई कार्यालयमा अवस्था बारे कुरा गर्न चाहिरहेको थियो। व्यक्ति २ले कार्यालयमा धेरै हल्ला हुन्छ भन्दै काम गर्न सक्दिनँ भनेका थिए। व्यक्ति १ले जाँचको काम गर्न सक्नुपर्ने हो भन्दै व्यक्ति २लाई सहयोग गर्ने विद्यार्थीहरू निरन्तर आइरहन्छन् भनेक,,
train_979,English,a new neighbor,"#Person1#: hi, I'm Lucas, I just moved in next door.
 #Person2#: oh, hi Lucas, come on in. I'm Barbara. Nice to meet you.
 #Person1#: nice to meet you too.
 #Person2#: would you like something to drink? I've got tea and some grape juice.
 #Person1#: thanks. Some tea would be nice. Chinese tea is great. I really like your tea set. Where did you get it?
 #Person2#: oh, there is a supermarket not far from here. But there is also a tea house around the corner, where you can get tea and a tea set as well.
 #Person1#: oh yeah, I saw the tea house the other day. I think I might go and have a look sometime. It's a nice neighborhood here.
 #Person2#: you are right about that. It's quiet and very convenient. You can get to the bus and the subway stations within ten minutes'walk. There's a grocery store, a book store, a gym, and many restaurants
 #Person1#: there's a gym nearby? That's exciting! I really want to start to go to gym as soon as possible. I've been lazy this summer holiday and have put on some weight.
 #Person2#: well, if you want we can go together sometime. Actually I was thinking of going this afternoon, if you like, you can join me and I can show you the neighborhood along the way.
 #Person1#: that would be wonderful. Thanks!",Lucas moved in Barbara's next door and Barbara invites him to have a drink. She tells him she got the tea set from a supermarket nearby and the neighborhood is quiet and convenient. Barbara invites Lucas to go to the gym together.,"Here is a two-sentence summary of the dialogue:

Lucas, a new neighbor, meets Barbara and they exchange small talk, including discussing tea and the neighborhood. Barbara invites Lucas to join her to the gym and show him around the neighborhood, and Lucas accepts the offer.","Here is a two-sentence summary of the dialogue:

Lucas, a new neighbor, meets Barbara and they exchange small talk, including discussing tea and the neighborhood. Barbara invites Lucas to join her to the gym and show him around the neighborhood, and Lucas accepts the offer.",,
train_979,Nepali,,"#Person1#: नमस्ते, म लुकास हुँ, म भर्खरै छेउको घरमा सरेको हुँ।
#Person2#: ए, नमस्ते लुकास, भित्र आउनुहोस्। म बार्बरा हुँ। तपाईँलाई भेटेर खुसी लाग्यो।
#Person1#: मलाई पनि तपाईँलाई भेटेर खुसी लाग्यो।
#Person2#: केही पिउन चाहनुहुन्छ? मसँग चिया र अलिकति अंगुरको जुस छ।
#Person1#: धन्यवाद। चिया भए राम्रो हुन्थ्यो। चिनियाँ चिया त एकदमै राम्रो हुन्छ। मलाई तपाईँको चिया सेट धेरै मन पर्यो। यो कहाँबाट किन्नुभएको हो?
#Person2#: ए, यहाँबाट नजिकै एउटा सुपरमार्केट छ। तर नजिकैको मोडमा एउटा 'टी-हाउस' (चिया पसल) पनि छ, जहाँ चिया र चिया सेट दुवै पाइन्छ।
#Person1#: ए हो, मैले अस्ति त्यो टी-हाउस देखेको थिएँ। मलाई लाग्छ म कुनै दिन त्यहाँ गएर हेर्नेछु। यहाँको छिमेक राम्रो छ।
#Person2#: तपाईँको कुरा सही हो। यो ठाउँ शान्त र धेरै सुविधाजनक छ। यहाँबाट हिँडेर १० मिनेटमै बस र सबवे स्टेसन पुग्न सकिन्छ। यहाँ किराना पसल, किताब पसल, जिम र धेरै रेस्टुरेन्टहरू पनि छन्।
#Person1#: नजिकै जिम छ? यो त खुसीको कुरा हो! म जतिसक्दो चाँडो जिम जान सुरु गर्न चाहन्छु। यो गर्मीको बिदामा म अलि अल्छी भएँ र मेरो तौल पनि बढेको छ।
#Person2#: हुन्छ, यदि चाहनुहुन्छ भने हामी कुनै दिन सँगै जान सक्छौं। वास्तवमा म आज दिउँसो जाने सोचमा थिएँ; यदि तपाईँ चाहनुहुन्छ भने मसँगै जान सक्नुहुन्छ र बाटोमा म तपाईँलाई यो क्षेत्र घुमाउन पनि सक्छु।
#Person1#: त्यो त एकदमै राम्रो हुनेछ। धन्यवाद!",,लुकास र बार्बरा द्वारा भेटको प्रसंगमा लुकासले बार्बराको घरमा सरेको बताए। बार्बराले लुकासलाई भित्र आउने बोलाए र चिया र अलिकति अंगुरको जुस प्रस्तुत गराए। लुकासले चिया सेटको प्रशंसा गरे र यो कहाँबाट किन्नुभएको हो भनेर पूछ्यो। बार्बराले टी-हाउसमा चिया पाइन्छ भनेर बताए। लुकासले ट,लुकास र बार्बरा द्वारा भेटको प्रसंगमा लुकासले बार्बराको घरमा सरेको बताए। बार्बराले लुकासलाई भित्र आउने बोलाए र चिया र अलिकति अंगुरको जुस प्रस्तुत गराए। लुकासले चिया सेटको प्रशंसा गरे र यो कहाँबाट किन्नुभएको हो भनेर पूछ्यो। बार्बराले टी-हाउसमा चिया पाइन्छ भनेर बताए। लुकासले ट,,
train_9957,English,great pressure,"#Person1#: Nancy, how are you feeling this morning? You're not looking very good.
 #Person2#: No. I'm not in the best of health.
 #Person1#: It's the same old story, isn't it? Overwork! Listen, Nancy. You can't go on burning the candle at both ends!
 #Person2#: You're right, but I want to use every minute of my time studying my subjects. Besides, I'm under a lot of pressure in class. Sometimes I can't follow the professor and very often I'm not able to take notes while listening. I have to check notes with my friend, which is very time-consuming.
 #Person1#: I can understand Nancy. But if you go and working so hard, you could become ill and that would waste lots of time. Do you sleep enough?
 #Person2#: Well, about 5 hours a day.
 #Person1#: That's horrible. Are you sure you completely recovered from that bad cold you had last week?
 #Person2#: I'm afraid not. I so easily catch cold nowadays.
 #Person1#: Take my advice and rest for a day. Get out to enjoy the fresh air and sunshine, and you'll feel brand new.
 #Person2#: I've got an essay to finish.
 #Person1#: Don't think about it. Go out. It would do you a world of good and you will never regret it.
 #Person2#: All right. I'll do that, Jack. Thank you.",Nancy doesn't feel good because she works hard and sleeps little. #Person1# suggests that she should take a rest and release herself.,"Here is a summary of the dialogue in two sentences:

Nancy is feeling unwell due to overwork and lack of sleep, and her friend Jack advises her to take a day off to rest and enjoy the outdoors. Nancy agrees to take Jack's advice and promises to finish her essay later, thanking him for his concern.","Here is a summary of the dialogue in two sentences:

Nancy is feeling unwell due to overwork and lack of sleep, and her friend Jack advises her to take a day off to rest and enjoy the outdoors. Nancy agrees to take Jack's advice and promises to finish her essay later, thanking him for his concern.",,
train_9957,Nepali,,"#Person1#: न्यान्सी, आज बिहान तिमीलाई कस्तो महसुस भइरहेको छ? तिमी त्यति राम्रो देखिएकी छैनौ।
#Person2#: होइन, मेरो स्वास्थ्य त्यति राम्रो छैन।
#Person1#: सधैं उही कुरा दोहोरिन्छ, होइन त? अत्यधिक कामको बोझ! सुन त न्यान्सी, तिमी यसरी आफ्नो शरीरलाई नथकाईकन काममा मात्रै खटिरहन सक्दिनौ नि!
#Person2#: तिमीले भनेको सही हो, तर म आफ्नो समयको हरेक मिनेट पढाइमै लगाउन चाहन्छु। साथै, मलाई कक्षामा धेरै तनाव हुन्छ। कहिलेकाहीँ म प्राध्यापकले भनेको कुरा बुझ्न सक्दिनँ र प्रायः सुन्दासुन्दै नोटहरू टिप्न पनि भ्याउँदिनँ। मैले साथीसँग नोटहरू मिलाउनुपर्छ, जसमा धेरै समय खर्च हुन्छ।
#Person1#: म बुझ्न सक्छु, न्यान्सी। तर यदि तिमी यसरी नै कडा परिश्रम गरिरह्यौ भने बिरामी पर्न सक्छौ र त्यसले धेरै समय खेर फाल्नेछ। के तिमी पर्याप्त सुत्छौ?
#Person2#: खासमा, दिनको करिब ५ घण्टा जति।
#Person1#: यो त एकदमै नराम्रो कुरा हो। के तिमी पक्का छौ कि गत हप्ता लागेको त्यो कडा रुघाखोकीबाट तिमी पूर्ण रूपमा निको भइसक्यौ?
#Person2#: मलाई त्यस्तो लाग्दैन। आजकल मलाई छिट्टै रुघाखोकी लाग्छ।
#Person1#: मेरो सल्लाह मान र एक दिन आराम गर। ताजा हावा र घामको आनन्द लिन बाहिर निस्क, अनि तिमीलाई एकदमै स्फूर्तिलो महसुस हुनेछ।
#Person2#: मैले एउटा निबन्ध पूरा गर्न बाँकी छ।
#Person1#: त्यसको बारेमा नसोच। बाहिर निस्क। यसले तिमीलाई धेरै फाइदा पुर्‍याउनेछ र तिमीलाई पछुतो हुनेछैन।
#Person2#: हुन्छ, म त्यही गर्नेछु, ज्याक। धन्यवाद।",,न्यान्सीलाई काममा अत्यधिक तनाव हुने भन्दै त्यसको स्वास्थ्यलाई चिनियो र त्यसको समयको हरेक मिनेट पढाइमै लगाउन चाहने भन्दै त्यसको समयलाई सीमित गर्ने सल्लाह दिइयो।,न्यान्सीलाई काममा अत्यधिक तनाव हुने भन्दै त्यसको स्वास्थ्यलाई चिनियो र त्यसको समयको हरेक मिनेट पढाइमै लगाउन चाहने भन्दै त्यसको समयलाई सीमित गर्ने सल्लाह दिइयो।,,
train_9987,English,declare,"#Person1#: Hello, sir. Have you anything to declare?
 #Person2#: This is my first tourism. I don't know what should be declared.
 #Person1#: OK. Please open your luggage, and I'll tell you what you should declare.
 #Person2#: All right. Here you are.
 #Person1#: You should declare the camera and the film. Do you have alcohol?
 #Person2#: Yes, I have got some special local product, I want to take them for my friends.
 #Person1#: How many bottles have you got with you?
 #Person2#: Four bottles.
 #Person1#: I'm sorry. According to the regulations, a passenger can only take two bottles on to the aircraft. So you cannot take so many.
 #Person2#: What shall I do with my two more bottles?
 #Person1#: You may give them to your friends who come to see you off. This is the Customs Declaration Form. Please fill in it. And then you can go through the other formalities. Be sure to keep the form safe.
 #Person2#: All right, thank you, see you.
 #Person1#: See you. Have a good journey.",#Person2# doesn't know what should be declared. #Person1# asks #Person2# to open the luggage and tells #Person2# the camera and the film should be declared and #Person2# can only take two bottles of alcohol.,"A traveler is questioned by a customs officer about items in their luggage, including a camera, film, and four bottles of a local product. The officer informs the traveler that they can only bring two bottles on the aircraft and suggests they give the other two to friends who are seeing them off.","A traveler is questioned by a customs officer about items in their luggage, including a camera, film, and four bottles of a local product. The officer informs the traveler that they can only bring two bottles on the aircraft and suggests they give the other two to friends who are seeing them off.",,
train_9987,Nepali,घोषणा,"#Person1#: हेलो, सर। के तपाईंसँग घोषणा गर्नुपर्ने केही छ?
 #Person2#: यो मेरो पहिलो पर्यटन हो। मलाई थाहा छैन के घोषणा गर्नुपर्छ।
 #Person1#: ठिकै छ। कृपया आफ्नो सामान खोल्नुहोस्, म तपाईंलाई के घोषणा गर्नुपर्छ भन्छु।
 #Person2#: ठिकै छ। यहाँ छ।
 #Person1#: तपाईंले क्यामेरा र फिल्म घोषणा गर्नुपर्छ। के तपाईंसँग रक्सी छ?
 #Person2#: हो, मसँग केही विशेष स्थानीय उत्पादन छ, म साथीहरूलाई लैजान चाहन्छु।
 #Person1#: तपाईंसँग कति बोतल छन्?
 #Person2#: चार बोतल।
 #Person1#: माफ गर्नुहोस्। नियमअनुसार, यात्रुले विमानमा दुई बोतल मात्र लैजान सक्छ। त्यसैले तपाईं यति धेरै लैजान सक्नुहुन्न।
 #Person2#: बाँकी दुई बोतलको के गर्ने?
 #Person1#: तपाईं बिदाइ गर्न आउने साथीहरूलाई दिन सक्नुहुन्छ। यो भन्सार घोषणा फारम हो। कृपया भर्नुहोस्। त्यसपछि अरू औपचारिकता पूरा गर्न सक्नुहुन्छ। फारम सुरक्षित राख्नुहोला।
 #Person2#: ठिकै छ, धन्यवाद, फेरि भेटौंला।
 #Person1#: फेरि भेटौंला। शुभ यात्रा।",#Person2# लाई के घोषणा गर्नुपर्छ थाहा छैन। #Person1# ले सामान खोल्न भन्छन् र क्यामेरा तथा फिल्म घोषणा गर्नुपर्ने र रक्सी दुई बोतल मात्र लैजान मिल्ने बताउँछन्।,यात्रीहरूले विमानमा दुई बोतल मात्र रक्सी लैजान सक्छन्।,यात्रीहरूले विमानमा दुई बोतल मात्र रक्सी लैजान सक्छन्।,,
