Question ID,Domain,Subdomain,Question Type,Difficulty,English Question,Nepali Question,Gold Answer (EN),Gold Answer (NE),Explanation,Source ID,Source Title,Source URL,Source Type,Done,Reviewed By,Review Status,Notes
CL001,Constitution & Law,Preliminary,Fact Retrieval,Easy,What is the fundamental law of Nepal?,नेपालको मौलिक कानून के हो?,The Constitution of Nepal,नेपालको संविधान,Article 1 declares the Constitution as the fundamental law of Nepal.,Art. 1,Constitution of Nepal (2015),https://lawcommission.gov.np/en/?cat=152,Constitution,Aayesha,,,
CL002,Constitution & Law,Preliminary,Fact Retrieval,Easy,"According to the Constitution, in whom is the sovereignty and state authority of Nepal vested?",संविधानअनुसार नेपालको सार्वभौमसत्ता तथा राज्यसत्ता कसमा निहित छ?,The Nepalese people,नेपाली जनता,Article 2 vests sovereignty and state authority in the Nepalese people.,Art. 2,Constitution of Nepal (2015),https://lawcommission.gov.np/en/?cat=152,Constitution,Aayesha,,,
CL003,Constitution & Law,Preliminary,Definition,Medium,How does the Constitution define the nation of Nepal?,संविधानले नेपाल राष्ट्रलाई कसरी परिभाषित गरेको छ?,"All the Nepalese people with multiethnic, multilingual, multi-religious, multicultural characteristics and geographical diversity, united by common aspirations and allegiance to Nepal.","बहुजातीय, बहुभाषिक, बहुधार्मिक, बहुसांस्कृतिक विशेषता तथा भौगोलिक विविधतासहितका सम्पूर्ण नेपाली जनता, जो राष्ट्रिय स्वतन्त्रता, भौगोलिक अखण्डता, राष्ट्रिय हित र समृद्धिप्रति साझा आकांक्षाद्वारा एकीकृत छन्।",Article 3 defines the nation of Nepal.,Art. 3,Constitution of Nepal (2015),https://lawcommission.gov.np/en/?cat=152,Constitution,Aayesha,,,
CL004,Constitution & Law,Preliminary,Constitutional Provision,Easy,Which Article declares the Constitution to be the fundamental law of Nepal?,नेपालको संविधानलाई मौलिक कानून घोषणा गर्ने धारा कुन हो?,Article 1,धारा १,Article 1 establishes the Constitution as the fundamental law.,Art. 1,Constitution of Nepal (2015),https://lawcommission.gov.np/en/?cat=152,Constitution,Aayesha,,,
CL005,Constitution & Law,Preliminary,Comparison,Medium,"According to the Constitution, who exercises state authority, and under what framework is it exercised?","संविधानअनुसार राज्यसत्ता कसमा निहित छ, र त्यो कुन आधारमा प्रयोग गरिन्छ?",State authority is vested in the Nepalese people and is exercised in accordance with the Constitution.,राज्यसत्ता नेपाली जनतामा निहित हुन्छ र संविधानबमोजिम प्रयोग गरिन्छ।,This combines both clauses of Article 2.,Art. 2,Constitution of Nepal (2015),https://lawcommission.gov.np/en/?cat=152,Constitution,Aayesha,,,
CL006,Constitution & Law,Preliminary,Fact Retrieval,Easy,What form of state is Nepal according to Article 4?,धारा ४ अनुसार नेपाल कस्तो राज्य हो?,"An independent, indivisible, sovereign, secular, inclusive, democratic, socialism-oriented, federal democratic republic.","स्वतन्त्र, अविभाज्य, सार्वभौम, धर्मनिरपेक्ष, समावेशी, लोकतान्त्रिक, समाजवादउन्मुख, संघीय लोकतान्त्रिक गणतन्त्र।",Article 4(1) defines the nature of the Nepali state.,Art. 4,Constitution of Nepal (2015),https://lawcommission.gov.np/en/?cat=152,Constitution,Aayesha,,,
CL007,Constitution & Law,Preliminary,Definition,Medium,"How does the Constitution define the term ""secular""?","संविधानले ""धर्मनिरपेक्ष"" लाई कसरी परिभाषित गरेको छ?","Religious and cultural freedoms, including protection of religion and culture handed down from time immemorial.",सनातनदेखि चलिआएको धर्म तथा संस्कृतिको संरक्षणसहित धार्मिक तथा सांस्कृतिक स्वतन्त्रता।,The explanation to Article 4 provides the constitutional definition of secularism.,Art. 4 (Explanation),Constitution of Nepal (2015),https://lawcommission.gov.np/en/?cat=152,Constitution,Aayesha,,,
CL008,Constitution & Law,National Interest,Multi-hop Factual,Hard,"According to the Constitution, what are the two legal consequences of acting contrary to Nepal's national interest?",संविधानअनुसार नेपालको राष्ट्रिय हितविपरीत कार्य गरेमा के कानुनी परिणाम हुन्छ?,Such conduct is punishable under federal law because it is contrary to Nepal's national interest.,राष्ट्रिय हितविपरीत कार्य संघीय कानूनबमोजिम दण्डनीय हुन्छ।,"Requires connecting Article 5(1), which defines national interest, with Article 5(2), which prescribes punishment.",Art. 5,Constitution of Nepal (2015),https://lawcommission.gov.np/en/?cat=152,Constitution,Aayesha,,,
CL009,Constitution & Law,Language,Comparison,Medium,What is the difference between the languages of the nation and the official language of Nepal?,राष्ट्रका भाषा र नेपालको सरकारी भाषाबीच के भिन्नता छ?,"All mother tongues spoken in Nepal are languages of the nation, whereas Nepali in the Devanagari script is the official language.",नेपालमा मातृभाषाका रूपमा बोलिने सबै भाषा राष्ट्रका भाषा हुन् भने देवनागरी लिपिमा नेपाली भाषा सरकारी भाषा हो।,Compares Articles 6 and 7.,Arts. 6–7,Constitution of Nepal (2015),https://lawcommission.gov.np/en/?cat=152,Constitution,Aayesha,,,
CL010,Constitution & Law,National Symbols,Entity Identification,Medium,Which constitutional schedule specifies the method of drawing the national flag of Nepal?,नेपालको राष्ट्रिय झण्डा बनाउने विधि कुन अनुसूचीमा उल्लेख गरिएको छ?,Schedule 1,अनुसूची १,Article 8(2) states that the method of drawing the national flag is set out in Schedule 1.,Art. 8(2),Constitution of Nepal (2015),https://lawcommission.gov.np/en/?cat=152,Constitution,Aayesha,,,
CL011,Constitution & Law,Citizenship,Fact Retrieval,Easy,What type of citizenship system does Nepal have according to the Constitution?,संविधानअनुसार नेपालमा कस्तो नागरिकता प्रणालीको व्यवस्था गरिएको छ?,Single federal citizenship with State identity.,राज्य पहिचानसहितको एकल संघीय नागरिकता।,Article 10(2) establishes a single federal citizenship with State identity.,Art. 10,Constitution of Nepal (2015),https://lawcommission.gov.np/en/?cat=152,Constitution,Aayesha,,,
CL012,Constitution & Law,Citizenship,Constitutional Provision,Easy,Which Article guarantees that no citizen of Nepal shall be deprived of the right to obtain citizenship?,कुनै पनि नेपाली नागरिकलाई नागरिकता प्राप्त गर्ने अधिकारबाट वञ्चित गर्न नहुने व्यवस्था गर्ने धारा कुन हो?,Article 10,धारा १०,Article 10(1) guarantees the right to obtain citizenship.,Art. 10,Constitution of Nepal (2015),https://lawcommission.gov.np/en/?cat=152,Constitution,Aayesha,,,
CL013,Constitution & Law,Citizenship,Definition,Medium,"According to the Constitution, who is eligible to acquire Nepali citizenship by descent at birth?",संविधानअनुसार जन्मकै आधारमा वंशजको नेपाली नागरिकता प्राप्त गर्न को योग्य हुन्छ?,A person whose father or mother was a citizen of Nepal at the time of the person's birth.,जन्मका बेला बाबु वा आमा नेपाली नागरिक भएको व्यक्ति।,Article 11(2)(b) defines citizenship by descent.,Art. 11(2)(b),Constitution of Nepal (2015),https://lawcommission.gov.np/en/?cat=152,Constitution,Aayesha,,,
CL014,Constitution & Law,Citizenship,Fact Retrieval,Easy,What type of citizenship may a foreign woman married to a Nepali citizen acquire under the Constitution?,नेपाली नागरिकसँग वैवाहिक सम्बन्ध भएकी विदेशी महिलाले संविधानअनुसार कुन प्रकारको नागरिकता प्राप्त गर्न सक्छिन्?,Naturalized citizenship of Nepal.,अंगीकृत नेपाली नागरिकता।,Article 11(6) provides for naturalized citizenship.,Art. 11(6),Constitution of Nepal (2015),https://lawcommission.gov.np/en/?cat=152,Constitution,Aayesha,,,
CL015,Constitution & Law,Citizenship,Constitutional Provision,Easy,Which Article allows a citizenship certificate to be issued in the name of either the mother or the father?,नागरिकताको प्रमाणपत्र आमा वा बाबुको नामबाट लिन सकिने व्यवस्था गर्ने धारा कुन हो?,Article 12,धारा १२,Article 12 provides citizenship with identity by the name of either parent.,Art. 12,Constitution of Nepal (2015),https://lawcommission.gov.np/en/?cat=152,Constitution,Aayesha,,,
CL016,Constitution & Law,Citizenship,Comparison,Medium,What is the difference between citizenship by descent and naturalized citizenship under the Constitution?,संविधानअनुसार वंशजको नागरिकता र अंगीकृत नागरिकताबीच के भिन्नता छ?,"Citizenship by descent is acquired based on constitutional eligibility, while naturalized citizenship is granted in accordance with the Federal law to eligible persons.",वंशजको नागरिकता संवैधानिक योग्यताका आधारमा प्राप्त हुन्छ भने अंगीकृत नागरिकता संघीय कानूनबमोजिम योग्य व्यक्तिलाई प्रदान गरिन्छ।,Article 11 distinguishes citizenship by descent from naturalized citizenship.,Art. 11,Constitution of Nepal (2015),https://lawcommission.gov.np/en/?cat=152,Constitution,Aayesha,,,
CL017,Constitution & Law,Citizenship,Multi-hop Factual,Hard,"According to the Constitution, what happens to the citizenship status of a child born in Nepal to a Nepali mother if the child's father is later found to be a foreign citizen?",संविधानअनुसार नेपाली आमाबाट नेपालमा जन्मिएको र बाबुको पहिचान नभएको व्यक्तिको बाबु पछि विदेशी नागरिक भएको पुष्टि भएमा उसको नागरिकतामा के परिवर्तन हुन्छ?,The person's citizenship by descent is converted into naturalized citizenship in accordance with the Federal law.,त्यस्तो व्यक्तिको वंशजको नागरिकता संघीय कानूनबमोजिम अंगीकृत नागरिकतामा रूपान्तरण गरिन्छ।,Article 11(5) and its proviso establish this rule.,Art. 11(5),Constitution of Nepal (2015),https://lawcommission.gov.np/en/?cat=152,Constitution,Aayesha,,,
CL018,Constitution & Law,Citizenship,Entity Identification,Medium,Which level of government has the authority to grant honorary citizenship of Nepal?,नेपालको मानार्थ नागरिकता प्रदान गर्ने अधिकार कुन तहको सरकारलाई छ?,Government of Nepal,नेपाल सरकार,Article 11(9) authorizes the Government of Nepal to grant honorary citizenship in accordance with Federal law.,Art. 11(9),Constitution of Nepal (2015),https://lawcommission.gov.np/en/?cat=152,Constitution,Aayesha,,,
CL019,Constitution & Law,Citizenship,Fact Retrieval,Medium,Which rights may a non-resident Nepalese citizen enjoy under the Constitution?,संविधानअनुसार गैरआवासीय नेपाली नागरिकले कुन-कुन अधिकार उपभोग गर्न सक्छ?,"Economic, social and cultural rights.","आर्थिक, सामाजिक तथा सांस्कृतिक अधिकार।",Article 14 specifies the rights available to non-resident Nepalese citizens.,Art. 14,Constitution of Nepal (2015),https://lawcommission.gov.np/en/?cat=152,Constitution,Aayesha,,,
CL020,Constitution & Law,Citizenship,Constitutional Provision,Medium,Which Article provides for non-resident Nepalese citizenship?,गैरआवासीय नेपाली नागरिकताको व्यवस्था गर्ने धारा कुन हो?,Article 14,धारा १४,Article 14 establishes the provision for non-resident Nepalese citizenship.,Art. 14,Constitution of Nepal (2015),https://lawcommission.gov.np/en/?cat=152,Constitution,Aayesha,,,
CL021,Constitution & Law,Citizenship,Fact Retrieval,Medium,Under what condition does a child born to parents who obtained citizenship by birth acquire citizenship by descent upon attaining majority?,जन्मका आधारमा नागरिकता प्राप्त गरेका आमाबाबुको सन्तानले वयस्क भएपछि कुन अवस्थामा वंशजको नागरिकता प्राप्त गर्छ?,If both the father and the mother are citizens of Nepal.,बाबु र आमा दुवै नेपाली नागरिक भएमा।,Article 11(3) specifies this condition.,Art. 11(3),Constitution of Nepal (2015),https://lawcommission.gov.np/en/?cat=152,Constitution,Aayesha,,,
CL022,Constitution & Law,Citizenship,Constitutional Provision,Easy,Which Article provides citizenship by descent to a minor whose parents are unknown?,बाबु–आमाको ठेगाना नखुलेको नाबालकलाई वंशजको नागरिकता दिने व्यवस्था गर्ने धारा कुन हो?,Article 11(4),धारा ११(४),Article 11(4) covers abandoned minors.,Art. 11(4),Constitution of Nepal (2015),https://lawcommission.gov.np/en/?cat=152,Constitution,Aayesha,,,
CL023,Constitution & Law,Citizenship,Fact Retrieval,Medium,Until when is a minor with unknown parents considered a citizen of Nepal by descent?,बाबु–आमाको पहिचान नभएको नाबालकलाई कहिलेसम्म वंशजको नागरिक मानिन्छ?,Until the father or mother is traced.,बाबु वा आमाको पहिचान नभएसम्म।,Article 11(4).,Art. 11(4),Constitution of Nepal (2015),https://lawcommission.gov.np/en/?cat=152,Constitution,Aayesha,,,
CL024,Constitution & Law,Citizenship,Multi-hop Factual,Hard,What happens to the citizenship status of a child whose parents were initially unknown if one parent is later identified?,सुरुमा बाबु–आमाको पहिचान नभएको बालकको बाबु वा आमा पछि पत्ता लागेमा उसको नागरिकताको अवस्था के हुन्छ?,"The temporary presumption of citizenship by descent ends, and citizenship is determined according to the Constitution and Federal law.",वंशजको अस्थायी मान्यता अन्त्य भई संविधान तथा संघीय कानूनबमोजिम नागरिकता निर्धारण हुन्छ।,Derived from Article 11(4).,Art. 11(4),Constitution of Nepal (2015),https://lawcommission.gov.np/en/?cat=152,Constitution,Aayesha,,,
CL025,Constitution & Law,Citizenship,Fact Retrieval,Medium,A child born in Nepal to a Nepali mother whose father is not traced is entitled to which type of citizenship?,नेपाली आमाबाट नेपालमा जन्मिएको र बाबुको पहिचान नभएको व्यक्तिले कुन प्रकारको नागरिकता पाउँछ?,Citizenship by descent.,वंशजको नागरिकता।,Article 11(5).,Art. 11(5),Constitution of Nepal (2015),https://lawcommission.gov.np/en/?cat=152,Constitution,Aayesha,,,
CL026,Constitution & Law,Citizenship,Comparison,Hard,"Under Article 11(5), what changes if the father of a child born to a Nepali mother is later found to be a foreign citizen?",धारा ११(५) अनुसार नेपाली आमाबाट जन्मिएको व्यक्तिको बाबु पछि विदेशी नागरिक भएको पुष्टि भएमा के परिवर्तन हुन्छ?,Citizenship by descent is converted into naturalized citizenship in accordance with Federal law.,वंशजको नागरिकता संघीय कानूनबमोजिम अंगीकृत नागरिकतामा रूपान्तरण हुन्छ।,Compares the main clause and proviso of Article 11(5).,Art. 11(5),Constitution of Nepal (2015),https://lawcommission.gov.np/en/?cat=152,Constitution,Aayesha,,,
CL027,Constitution & Law,Citizenship,Fact Retrieval,Medium,Which type of citizenship may a child born to a Nepali mother and a foreign father acquire if permanently residing in Nepal and not holding foreign citizenship?,"नेपाली आमा र विदेशी बाबुबाट जन्मिएको, नेपालमा स्थायी बसोबास गर्ने र विदेशी नागरिकता नलिएको व्यक्तिले कुन नागरिकता प्राप्त गर्न सक्छ?",Naturalized citizenship.,अंगीकृत नागरिकता।,Article 11(7).,Art. 11(7),Constitution of Nepal (2015),https://lawcommission.gov.np/en/?cat=152,Constitution,Aayesha,,,
CL028,Constitution & Law,Citizenship,Multi-hop Factual,Hard,"Under Article 11(7), when may a child born in Nepal to a Nepali mother and a foreign father obtain citizenship by descent instead of naturalized citizenship?","धारा ११(७) अनुसार नेपाली आमा र विदेशी बाबुबाट जन्मिएको व्यक्तिले कुन अवस्थामा अंगीकृत होइन, वंशजको नागरिकता पाउन सक्छ?",If both the mother and father are Nepali citizens at the time citizenship is acquired.,नागरिकता प्राप्त गर्ने समयमा बाबु र आमा दुवै नेपाली नागरिक भएमा।,Article 11(7) proviso.,Art. 11(7),Constitution of Nepal (2015),https://lawcommission.gov.np/en/?cat=152,Constitution,Aayesha,,,
CL029,Constitution & Law,Citizenship,Entity Identification,Medium,Which authority may grant naturalized citizenship in cases not specifically covered by Article 11?,धारा ११ मा उल्लेख नभएका अवस्थामा अंगीकृत नागरिकता दिने अधिकार कसलाई छ?,Government of Nepal.,नेपाल सरकार।,Article 11(8).,Art. 11(8),Constitution of Nepal (2015),https://lawcommission.gov.np/en/?cat=152,Constitution,Aayesha,,,
CL030,Constitution & Law,Citizenship,Fact Retrieval,Medium,What type of citizenship may the Government of Nepal grant under Article 11(9)?,धारा ११(९) अनुसार नेपाल सरकारले कुन प्रकारको नागरिकता प्रदान गर्न सक्छ?,Honorary citizenship.,मानार्थ नागरिकता।,Article 11(9).,Art. 11(9),Constitution of Nepal (2015),https://lawcommission.gov.np/en/?cat=152,Constitution,Aayesha,,,
CL031,Constitution & Law,Citizenship,Fact Retrieval,Medium,What happens to persons domiciled in territory that merges into Nepal?,नेपालमा गाभिएको क्षेत्रमा बसोबास गर्ने व्यक्तिको नागरिकतामा के व्यवस्था हुन्छ?,"They become citizens of Nepal, subject to Federal law.",संघीय कानूनबमोजिम उनीहरू नेपाली नागरिक बन्छन्।,Article 11(10).,Art. 11(10),Constitution of Nepal (2015),https://lawcommission.gov.np/en/?cat=152,Constitution,Aayesha,,,
CL032,Constitution & Law,Citizenship,Constitutional Provision,Easy,"Which Article provides for the acquisition, reacquisition and termination of citizenship?","नागरिकताको प्राप्ति, पुनःप्राप्ति तथा समाप्तिसम्बन्धी व्यवस्था गर्ने धारा कुन हो?",Article 13.,धारा १३।,Article 13.,Art. 13,Constitution of Nepal (2015),https://lawcommission.gov.np/en/?cat=152,Constitution,Aayesha,,,
CL033,Constitution & Law,Citizenship,Definition,Medium,For what purpose is non-resident Nepali citizenship granted under the Constitution?,संविधानअनुसार गैरआवासीय नेपाली नागरिकता किन प्रदान गरिन्छ?,"To enable eligible persons to enjoy economic, social and cultural rights in accordance with Federal law.","योग्य व्यक्तिले संघीय कानूनबमोजिम आर्थिक, सामाजिक तथा सांस्कृतिक अधिकार उपभोग गर्न सकून् भन्ने उद्देश्यले।",Article 14.,Art. 14,Constitution of Nepal (2015),https://lawcommission.gov.np/en/?cat=152,Constitution,Aayesha,,,
CL034,Constitution & Law,Citizenship,Fact Retrieval,Hard,Citizens of which regional organization's member states are not eligible for non-resident Nepali citizenship under Article 14?,धारा १४ अनुसार कुन क्षेत्रीय संगठनका सदस्य राष्ट्रका नागरिकले गैरआवासीय नेपाली नागरिकता प्राप्त गर्न सक्दैनन्?,South Asian Association for Regional Cooperation (SAARC).,दक्षिण एसियाली क्षेत्रीय सहयोग संगठन (सार्क)।,Article 14 excludes citizens residing in SAARC member states.,Art. 14,Constitution of Nepal (2015),https://lawcommission.gov.np/en/?cat=152,Constitution,Aayesha,,,
CL035,Constitution & Law,Citizenship,Constitutional Provision,Easy,Which Article provides for the maintenance of records relating to the identity and citizenship of every citizen of Nepal?,प्रत्येक नेपाली नागरिकको पहिचान तथा नागरिकतासम्बन्धी अभिलेख राख्ने व्यवस्था गर्ने धारा कुन हो?,Article 15.,धारा १५।,Article 15 provides for citizenship records.,Art. 15,Constitution of Nepal (2015),https://lawcommission.gov.np/en/?cat=152,Constitution,Aayesha,,,
FR001,Constitution & Law,Fundamental Rights,Fact Retrieval,Easy,What fundamental right is guaranteed under Article 16 of the Constitution of Nepal?,नेपालको संविधानको धारा १६ ले कुन मौलिक हकको सुनिश्चितता गर्दछ?,Right to live with dignity,सम्मानपूर्वक बाँच्न पाउने हक,Article 16 guarantees every person's right to live with dignity.,Art. 16,Constitution of Nepal (2015),https://lawcommission.gov.np/en/?cat=152,Constitution,Aayesha,,,
FR002,Constitution & Law,Fundamental Rights,Fact Retrieval,Easy,"According to the Constitution, can any law provide for the death penalty?",संविधानअनुसार कुनै कानूनले मृत्युदण्डको व्यवस्था गर्न सक्छ?,No. No law shall provide for the death penalty.,सक्दैन। कुनै पनि कानूनले मृत्युदण्डको व्यवस्था गर्न सक्दैन।,Article 16(2) expressly prohibits the death penalty.,Art. 16(2),Constitution of Nepal (2015),https://lawcommission.gov.np/en/?cat=152,Constitution,Aayesha,,,
FR003,Constitution & Law,Fundamental Rights,Constitutional Provision,Easy,Which Article guarantees the right to live with dignity?,सम्मानपूर्वक बाँच्न पाउने हकको व्यवस्था गर्ने धारा कुन हो?,Article 16,धारा १६,Article 16 establishes the right to live with dignity.,Art. 16,Constitution of Nepal (2015),https://lawcommission.gov.np/en/?cat=152,Constitution,Aayesha,,,
FR004,Constitution & Law,Freedom,Definition,Medium,"According to the Constitution, under what condition may a person be deprived of personal liberty?",संविधानअनुसार कुन अवस्थामा कुनै व्यक्तिलाई व्यक्तिगत स्वतन्त्रताबाट वञ्चित गर्न सकिन्छ?,Only in accordance with law.,केवल कानूनबमोजिम।,Article 17(1) protects personal liberty except in accordance with law.,Art. 17(1),Constitution of Nepal (2015),https://lawcommission.gov.np/en/?cat=152,Constitution,Aayesha,,,
FR005,Constitution & Law,Freedom,Fact Retrieval,Easy,How many specific freedoms are guaranteed to every citizen under Article 17(2)?,धारा १७(२) अन्तर्गत प्रत्येक नागरिकलाई कति वटा स्वतन्त्रताहरू सुनिश्चित गरिएको छ?,Six freedoms,छ वटा स्वतन्त्रता,Article 17(2) lists six constitutional freedoms.,Art. 17(2),Constitution of Nepal (2015),https://lawcommission.gov.np/en/?cat=152,Constitution,Aayesha,,,
FR006,Constitution & Law,Freedom,Entity Identification,Easy,Which constitutional freedom allows citizens to form political parties?,नागरिकलाई राजनीतिक दल गठन गर्न दिने संवैधानिक स्वतन्त्रता कुन हो?,Freedom to form political parties,राजनीतिक दल गठन गर्ने स्वतन्त्रता,Article 17(2)(c) guarantees this freedom.,Art. 17(2)(c),Constitution of Nepal (2015),https://lawcommission.gov.np/en/?cat=152,Constitution,Aayesha,,,
FR007,Constitution & Law,Freedom,Comparison,Medium,"Which freedom protects peaceful assembly, and which freedom protects the formation of unions and associations?","कुन स्वतन्त्रताले शान्तिपूर्ण भेला हुन पाउने अधिकार सुनिश्चित गर्छ, र कुन स्वतन्त्रताले संघ तथा संस्था गठन गर्न पाउने अधिकार सुनिश्चित गर्छ?",Freedom to assemble peaceably and without arms; Freedom to form unions and associations.,हतियारविहीन शान्तिपूर्ण भेला हुने स्वतन्त्रता; संघ तथा संस्था गठन गर्ने स्वतन्त्रता।,Compares Article 17(2)(b) and Article 17(2)(d).,"Art. 17(2)(b),(d)",Constitution of Nepal (2015),https://lawcommission.gov.np/en/?cat=152,Constitution,Aayesha,,,
FR008,Constitution & Law,Freedom,Multi-hop Factual,Hard,"According to the Constitution, can the freedom of opinion and expression be reasonably restricted by law?",संविधानअनुसार विचार तथा अभिव्यक्तिको स्वतन्त्रतामा कानूनद्वारा मनासिब प्रतिबन्ध लगाउन सकिन्छ?,Yes. Reasonable restrictions may be imposed by law under the circumstances specified in the Constitution.,सकिन्छ। संविधानमा उल्लेखित अवस्थाहरूमा कानूनद्वारा मनासिब प्रतिबन्ध लगाउन सकिन्छ।,Article 17(2)(a) and its proviso permit reasonable restrictions.,Art. 17(2)(a),Constitution of Nepal (2015),https://lawcommission.gov.np/en/?cat=152,Constitution,Aayesha,,,
FR009,Constitution & Law,Equality,Fact Retrieval,Easy,"According to the Constitution, are all citizens equal before the law?",संविधानअनुसार सबै नागरिक कानूनको दृष्टिमा समान छन्?,Yes. All citizens are equal before the law.,हुन्। सबै नागरिक कानूनको दृष्टिमा समान छन्।,Article 18(1) establishes equality before the law.,Art. 18(1),Constitution of Nepal (2015),https://lawcommission.gov.np/en/?cat=152,Constitution,Aayesha,,,
FR010,Constitution & Law,Equality,Definition,Medium,Name any four grounds on which discrimination is prohibited under Article 18(2).,धारा १८(२) अनुसार भेदभाव गर्न नहुने कुनै चार आधारहरूको नाम लेख्नुहोस्।,"Any four of the following: origin, religion, race, caste, tribe, sex, physical condition, health condition, marital status, pregnancy, economic condition, language, region, ideology, or similar grounds.","निम्नमध्ये कुनै चार: उत्पत्ति, धर्म, जात, जाति, लिङ्ग, शारीरिक अवस्था, स्वास्थ्य अवस्था, वैवाहिक स्थिति, गर्भावस्था, आर्थिक अवस्था, भाषा, क्षेत्र, विचार वा यस्तै अन्य आधार।",Article 18(2) lists the prohibited grounds of discrimination.,Art. 18(2),Constitution of Nepal (2015),https://lawcommission.gov.np/en/?cat=152,Constitution,Aayesha,,,
FR011,Constitution & Law,Right to Communication,Fact Retrieval,Easy,Which fundamental right protects the freedom of communication in Nepal?,नेपालमा सञ्चारको स्वतन्त्रताको संरक्षण गर्ने मौलिक हक कुन हो?,Right to Communication,सञ्चारसम्बन्धी हक,Article 19 guarantees the right to communication.,Art. 19,Constitution of Nepal (2015),https://lawcommission.gov.np/en/?cat=152,Constitution,Aayesha,,,
FR012,Constitution & Law,Right to Communication,Constitutional Provision,Easy,Which Article guarantees the Right to Communication?,सञ्चारसम्बन्धी हकको व्यवस्था गर्ने धारा कुन हो?,Article 19,धारा १९,Article 19 establishes the Right to Communication.,Art. 19,Constitution of Nepal (2015),https://lawcommission.gov.np/en/?cat=152,Constitution,Aayesha,,,
FR013,Constitution & Law,Right to Communication,Multi-hop Factual,Medium,"According to the Constitution, can newspapers or other media be closed merely because they published or broadcast news?",संविधानअनुसार समाचार प्रकाशित वा प्रसारण गरेको आधारमा मात्र पत्रपत्रिका वा सञ्चारमाध्यम बन्द गर्न पाइन्छ?,No. Newspapers and other communication media cannot be closed merely for publishing or broadcasting news.,पाइँदैन। समाचार प्रकाशित वा प्रसारण गरेको आधारमा मात्र सञ्चारमाध्यम बन्द गर्न पाइँदैन।,Article 19 protects media from arbitrary closure based solely on published or broadcast content.,Art. 19,Constitution of Nepal (2015),https://lawcommission.gov.np/en/?cat=152,Constitution,Aayesha,,,
FR014,Constitution & Law,Rights relating to Justice,Fact Retrieval,Easy,"According to the Constitution, what right does every person have when arrested?",संविधानअनुसार पक्राउ परेका प्रत्येक व्यक्तिलाई कुन अधिकार सुनिश्चित गरिएको छ?,The right to be informed of the grounds for arrest.,पक्राउको कारणबारे जानकारी पाउने अधिकार।,Article 20 guarantees procedural rights for arrested persons.,Art. 20,Constitution of Nepal (2015),https://lawcommission.gov.np/en/?cat=152,Constitution,Aayesha,,,
FR015,Constitution & Law,Rights relating to Justice,Constitutional Provision,Easy,Which Article guarantees the Rights relating to Justice?,न्यायसम्बन्धी हकको व्यवस्था गर्ने धारा कुन हो?,Article 20,धारा २०,Article 20 establishes the Rights relating to Justice.,Art. 20,Constitution of Nepal (2015),https://lawcommission.gov.np/en/?cat=152,Constitution,Aayesha,,,
FR016,Constitution & Law,Rights relating to Justice,Definition,Medium,"According to the Constitution, what right does an accused person have regarding legal representation?",संविधानअनुसार अभियुक्तलाई कानुनी प्रतिनिधित्व सम्बन्धी कुन अधिकार प्राप्त छ?,The right to consult and be defended by a legal practitioner of their choice.,आफ्नो रोजाइको कानून व्यवसायीसँग परामर्श गर्न तथा प्रतिरक्षा गराउन पाउने अधिकार।,Article 20 guarantees legal representation as a fundamental right.,Art. 20,Constitution of Nepal (2015),https://lawcommission.gov.np/en/?cat=152,Constitution,Aayesha,,,
FR017,Constitution & Law,Rights of Victims of Crime,Fact Retrieval,Medium,"According to the Constitution, what information is a victim of crime entitled to receive?",संविधानअनुसार अपराधपीडितले कुन जानकारी प्राप्त गर्ने अधिकार राख्छ?,Information about the investigation and proceedings of the case.,अनुसन्धान तथा मुद्दाको कारबाही सम्बन्धी जानकारी।,Article 21 guarantees victims access to information about their cases.,Art. 21,Constitution of Nepal (2015),https://lawcommission.gov.np/en/?cat=152,Constitution,Aayesha,,,
FR018,Constitution & Law,Rights of Victims of Crime,Constitutional Provision,Easy,Which Article guarantees the Rights of Victims of Crime?,अपराधपीडितको हकको व्यवस्था गर्ने धारा कुन हो?,Article 21,धारा २१,Article 21 establishes the Rights of Victims of Crime.,Art. 21,Constitution of Nepal (2015),https://lawcommission.gov.np/en/?cat=152,Constitution,Aayesha,,,
FR019,Constitution & Law,Right against Torture,Fact Retrieval,Easy,"According to the Constitution, what treatment is prohibited while a person is in custody?",संविधानअनुसार हिरासतमा रहेको व्यक्तिलाई कस्तो व्यवहार गर्न निषेध गरिएको छ?,"Torture and cruel, inhuman or degrading treatment.","यातना तथा क्रूर, अमानवीय वा अपमानजनक व्यवहार।",Article 22 prohibits torture and other inhuman treatment in custody.,Art. 22,Constitution of Nepal (2015),https://lawcommission.gov.np/en/?cat=152,Constitution,Aayesha,,,
FR020,Constitution & Law,Right against Torture,Comparison,Medium,"According to the Constitution, which Article protects victims of crime, and which Article protects persons against torture while in custody?",संविधानअनुसार कुन धाराले अपराधपीडितको हक सुनिश्चित गर्छ र कुन धाराले हिरासतमा यातनाविरुद्धको हक सुनिश्चित गर्छ?,"Article 21 protects victims of crime, while Article 22 protects persons against torture in custody.",धारा २१ ले अपराधपीडितको हक सुनिश्चित गर्छ भने धारा २२ ले हिरासतमा यातनाविरुद्धको हक सुनिश्चित गर्छ।,This compares the protections provided by Articles 21 and 22.,Arts. 21–22,Constitution of Nepal (2015),https://lawcommission.gov.np/en/?cat=152,Constitution,Aayesha,,,
FR021,Constitution & Law,Preventive Detention,Fact Retrieval,Easy,Which constitutional right protects a person against preventive detention except as provided by law?,कानूनबमोजिम बाहेक प्रतिरोधात्मक नजरबन्दबाट व्यक्तिलाई संरक्षण गर्ने संवैधानिक हक कुन हो?,Right against Preventive Detention,प्रतिरोधात्मक नजरबन्दविरुद्धको हक,Article 23 protects individuals against preventive detention except in circumstances provided by law.,Art. 23,Constitution of Nepal (2015),https://lawcommission.gov.np/en/?cat=152,Constitution,Aayesha,,,
FR022,Constitution & Law,Untouchability & Discrimination,Fact Retrieval,Easy,Which practice is prohibited under Article 24 of the Constitution?,संविधानको धारा २४ अनुसार कुन प्रथालाई निषेध गरिएको छ?,Untouchability and discrimination,छुवाछुत तथा भेदभाव,Article 24 prohibits untouchability and discrimination in any form.,Art. 24,Constitution of Nepal (2015),https://lawcommission.gov.np/en/?cat=152,Constitution,Aayesha,,,
FR023,Constitution & Law,Property Rights,Fact Retrieval,Easy,"According to the Constitution, does every citizen have the right to acquire, own, sell and otherwise dispose of property?","संविधानअनुसार प्रत्येक नागरिकलाई सम्पत्ति आर्जन, स्वामित्व, बिक्री तथा अन्य रूपमा उपयोग वा हस्तान्तरण गर्ने हक छ?","Yes, subject to law.","छ, कानूनबमोजिम।",Article 25 guarantees property rights subject to law.,Art. 25,Constitution of Nepal (2015),https://lawcommission.gov.np/en/?cat=152,Constitution,Aayesha,,,
FR024,Constitution & Law,Freedom of Religion,Definition,Medium,"According to the Constitution, what does the right to freedom of religion primarily guarantee?",संविधानअनुसार धर्मसम्बन्धी स्वतन्त्रताको हकले मुख्य रूपमा के सुनिश्चित गर्छ?,"The freedom to profess, practice and protect one's religion according to one's faith.","आफ्नो आस्थाअनुसार धर्म मान्ने, अभ्यास गर्ने तथा संरक्षण गर्ने स्वतन्त्रता।",Article 26 guarantees freedom of religion while subject to constitutional limitations.,Art. 26,Constitution of Nepal (2015),https://lawcommission.gov.np/en/?cat=152,Constitution,Aayesha,,,
FR025,Constitution & Law,Right to Information,Constitutional Provision,Easy,Which Article guarantees the Right to Information?,सूचनाको हक सुनिश्चित गर्ने धारा कुन हो?,Article 27,धारा २७,Article 27 establishes the Right to Information.,Art. 27,Constitution of Nepal (2015),https://lawcommission.gov.np/en/?cat=152,Constitution,Aayesha,,,
FR026,Constitution & Law,Right to Privacy,Fact Retrieval,Easy,"Which fundamental right protects the privacy of a person's residence, property, documents, data, correspondence and personal information?","व्यक्तिको घर, सम्पत्ति, कागजात, तथ्याङ्क, पत्राचार तथा व्यक्तिगत जानकारीको गोपनीयताको संरक्षण गर्ने मौलिक हक कुन हो?",Right to Privacy,गोपनीयताको हक,Article 28 guarantees the right to privacy.,Art. 28,Constitution of Nepal (2015),https://lawcommission.gov.np/en/?cat=152,Constitution,Aayesha,,,
FR027,Constitution & Law,Right against Exploitation,Entity Identification,Medium,Which level of law determines punishment for acts prohibited under the Right against Exploitation?,शोषणविरुद्धको हक अन्तर्गत निषेध गरिएका कार्यको सजाय कुन तहको कानूनले निर्धारण गर्छ?,Federal law,संघीय कानून,Article 29 provides that punishment for prohibited acts shall be determined by Federal law.,Art. 29,Constitution of Nepal (2015),https://lawcommission.gov.np/en/?cat=152,Constitution,Aayesha,,,
FR028,Constitution & Law,Clean Environment & Health,Comparison,Medium,"Which constitutional right protects a clean environment, and which protects access to health services?",कुन संवैधानिक हकले स्वच्छ वातावरणको संरक्षण गर्छ र कुन हकले स्वास्थ्य सेवामा पहुँच सुनिश्चित गर्छ?,"Article 30 protects the right to a clean environment, while Article 35 protects the right relating to health.",धारा ३० ले स्वच्छ वातावरणको हक सुनिश्चित गर्छ भने धारा ३५ ले स्वास्थ्यसम्बन्धी हक सुनिश्चित गर्छ।,This compares environmental rights with health rights under the Constitution.,"Arts. 30, 35",Constitution of Nepal (2015),https://lawcommission.gov.np/en/?cat=152,Constitution,Aayesha,,,
FR029,Constitution & Law,Right to Education,Multi-hop Factual,Hard,"According to the Constitution, which two groups are guaranteed both free education and compulsory basic education?",संविधानअनुसार निःशुल्क शिक्षा तथा अनिवार्य आधारभूत शिक्षा दुवैको सुनिश्चितता कुन समूहका लागि गरिएको छ?,All citizens at the basic level.,आधारभूत तहका सबै नागरिकका लागि।,Article 31 guarantees compulsory and free basic education for every citizen.,Art. 31,Constitution of Nepal (2015),https://lawcommission.gov.np/en/?cat=152,Constitution,Aayesha,,,
FR030,Constitution & Law,Information & Privacy,Multi-hop Factual,Hard,"According to the Constitution, which two fundamental rights together balance citizens' access to public information and protection of personal information?",संविधानअनुसार सार्वजनिक सूचनामा पहुँच र व्यक्तिगत जानकारीको संरक्षणबीच सन्तुलन कायम गर्ने दुई मौलिक हक कुन-कुन हुन्?,The Right to Information and the Right to Privacy.,सूचनाको हक र गोपनीयताको हक।,Articles 27 and 28 together ensure transparency while protecting personal privacy.,Arts. 27–28,Constitution of Nepal (2015),https://lawcommission.gov.np/en/?cat=152,Constitution,Aayesha,,,
FR031,Constitution & Law,Right to Language and Culture,Fact Retrieval,Easy,"Which constitutional right guarantees every community the right to preserve and promote its language, script, culture, cultural civilization and heritage?","प्रत्येक समुदायलाई आफ्नो भाषा, लिपि, संस्कृति, सांस्कृतिक सभ्यता तथा सम्पदाको संरक्षण र प्रवर्द्धन गर्ने हक सुनिश्चित गर्ने संवैधानिक हक कुन हो?",Right to Language and Culture,भाषा तथा संस्कृतिसम्बन्धी हक,Article 32 guarantees every community the right to preserve and promote its language and culture.,Art. 32,Constitution of Nepal (2015),https://lawcommission.gov.np/en/?cat=152,Constitution,Aayesha,,,
FR032,Constitution & Law,Right to Employment,Fact Retrieval,Easy,"According to the Constitution, who has the right to employment?",संविधानअनुसार रोजगारीको हक कसलाई प्राप्त छ?,Every citizen,प्रत्येक नागरिक,Article 33 guarantees every citizen the right to employment.,Art. 33,Constitution of Nepal (2015),https://lawcommission.gov.np/en/?cat=152,Constitution,Aayesha,,,
FR033,Constitution & Law,Right to Labour,Definition,Medium,"According to the Constitution, what does the Right to Labour guarantee to every worker?",संविधानअनुसार श्रमसम्बन्धी हकले प्रत्येक श्रमिकलाई के सुनिश्चित गर्दछ?,"The right to appropriate remuneration, facilities and social security, and the right to form and join trade unions in accordance with law.","उपयुक्त पारिश्रमिक, सुविधा, सामाजिक सुरक्षा तथा कानूनबमोजिम ट्रेड युनियन गठन र त्यसमा सहभागी हुने हक।",Article 34 defines the protections available to workers.,Art. 34,Constitution of Nepal (2015),https://lawcommission.gov.np/en/?cat=152,Constitution,Aayesha,,,
FR034,Constitution & Law,Right relating to Health,Fact Retrieval,Easy,"According to the Constitution, what basic health service is guaranteed to every citizen?",संविधानअनुसार प्रत्येक नागरिकलाई कुन आधारभूत स्वास्थ्य सेवा सुनिश्चित गरिएको छ?,Free basic health services.,निःशुल्क आधारभूत स्वास्थ्य सेवा।,Article 35(1) guarantees free basic health services.,Art. 35,Constitution of Nepal (2015),https://lawcommission.gov.np/en/?cat=152,Constitution,Aayesha,,,
FR035,Constitution & Law,Right relating to Food,Constitutional Provision,Easy,Which Article guarantees the Right relating to Food?,खाद्यसम्बन्धी हक सुनिश्चित गर्ने धारा कुन हो?,Article 36,धारा ३६,Article 36 establishes the Right relating to Food.,Art. 36,Constitution of Nepal (2015),https://lawcommission.gov.np/en/?cat=152,Constitution,Aayesha,,,
FR036,Constitution & Law,Right to Housing,Definition,Medium,"According to the Constitution, what protection does the Right to Housing provide against eviction?",संविधानअनुसार आवाससम्बन्धी हकले कसरी जबरजस्ती घरबाट हटाउन नपाइने व्यवस्था गरेको छ?,No citizen shall be evicted from the housing owned or occupied by them except in accordance with law.,कानूनबमोजिम बाहेक कुनै पनि नागरिकलाई निजले बसोबास गरेको वा स्वामित्वमा रहेको आवासबाट बेदखल गर्न पाइँदैन।,Article 37 protects citizens from unlawful eviction.,Art. 37,Constitution of Nepal (2015),https://lawcommission.gov.np/en/?cat=152,Constitution,Aayesha,,,
FR037,Constitution & Law,Rights of Women,Entity Identification,Medium,Which group is specifically guaranteed the right to safe motherhood and reproductive health under the Constitution?,संविधानअनुसार सुरक्षित मातृत्व तथा प्रजनन स्वास्थ्यको हक विशेष रूपमा कसलाई सुनिश्चित गरिएको छ?,Women,महिला,Article 38 guarantees women the right to safe motherhood and reproductive health.,Art. 38,Constitution of Nepal (2015),https://lawcommission.gov.np/en/?cat=152,Constitution,Aayesha,,,
FR038,Constitution & Law,Rights of the Child,Fact Retrieval,Easy,"According to the Constitution, every child has the right to what type of identity?",संविधानअनुसार प्रत्येक बालबालिकालाई कस्तो पहिचानको हक सुनिश्चित गरिएको छ?,Name and birth registration,नाम तथा जन्मदर्ता,Article 39 guarantees every child the right to name and birth registration.,Art. 39,Constitution of Nepal (2015),https://lawcommission.gov.np/en/?cat=152,Constitution,Aayesha,,,
FR039,Constitution & Law,Rights of Women & Children,Comparison,Medium,"Which constitutional Article guarantees the rights of women, and which Article guarantees the rights of children?",कुन धाराले महिलाको हक सुनिश्चित गर्छ र कुन धाराले बालबालिकाको हक सुनिश्चित गर्छ?,"Article 38 guarantees the rights of women, while Article 39 guarantees the rights of children.",धारा ३८ ले महिलाको हक सुनिश्चित गर्छ भने धारा ३९ ले बालबालिकाको हक सुनिश्चित गर्छ।,Compares the protections under Articles 38 and 39.,Arts. 38–39,Constitution of Nepal (2015),https://lawcommission.gov.np/en/?cat=152,Constitution,Aayesha,,,
FR040,Constitution & Law,Constitutional Remedies & Duties,Multi-hop Factual,Hard,"According to the Constitution, which Article guarantees the right to constitutional remedies for the enforcement of fundamental rights, and which Article sets out the fundamental duties of citizens?",संविधानअनुसार मौलिक हकको कार्यान्वयनका लागि संवैधानिक उपचारको हक कुन धाराले सुनिश्चित गर्छ र नागरिकका कर्तव्य कुन धारामा उल्लेख गरिएको छ?,"Article 46 guarantees the right to constitutional remedies, while Article 48 sets out the fundamental duties of citizens.",धारा ४६ ले संवैधानिक उपचारको हक सुनिश्चित गर्छ भने धारा ४८ मा नागरिकका कर्तव्य उल्लेख गरिएको छ।,This question requires linking Articles 46 and 48 within Part 3 of the Constitution.,"Arts. 46, 48",Constitution of Nepal (2015),https://lawcommission.gov.np/en/?cat=152,Constitution,Aayesha,,,
DP001,Constitution & Law,Directive Principles,Fact Retrieval,Easy,"According to the Constitution, what are the directive principles, policies and obligations intended to serve as?","संविधानअनुसार निर्देशक सिद्धान्त, नीति तथा दायित्वहरू केका लागि मार्गदर्शक हुन्?",Guiding principles for the governance of the State.,राज्य सञ्चालनका मार्गदर्शक सिद्धान्त।,Article 49(1),Art. 49,Constitution of Nepal (2015),https://lawcommission.gov.np/en/?cat=152,Constitution,,,,
DP002,Constitution & Law,Directive Principles,Constitutional Provision,Easy,"Which Article states that the directive principles, policies and obligations are guiding principles for the governance of the State?","निर्देशक सिद्धान्त, नीति तथा दायित्व राज्य सञ्चालनका मार्गदर्शक सिद्धान्त हुन् भन्ने व्यवस्था कुन धाराले गरेको छ?",Article 49,धारा ४९,Article 49 establishes this principle.,Art. 49,Constitution of Nepal (2015),https://lawcommission.gov.np/en/?cat=152,Constitution,,,,
DP003,Constitution & Law,Directive Principles,Definition,Medium,"According to the Constitution, what is the political objective of the State?",संविधानअनुसार राज्यको राजनीतिक उद्देश्य के हो?,"To establish a public welfare system of governance based on justice, the rule of law, fundamental rights, human rights, gender equality, proportional inclusion, participation and social justice.","न्याय, कानूनी शासन, मौलिक हक, मानव अधिकार, लैङ्गिक समानता, समानुपातिक समावेशिता, सहभागिता तथा सामाजिक न्यायमा आधारित जनकल्याणकारी शासन प्रणाली स्थापना गर्नु।",Article 50(1) summarizes the political objective.,Art. 50(1),Constitution of Nepal (2015),https://lawcommission.gov.np/en/?cat=152,Constitution,,,,
DP004,Constitution & Law,Directive Principles,Fact Retrieval,Easy,"According to the Constitution, what type of economy is the State directed to develop?",संविधानअनुसार राज्यले कस्तो अर्थतन्त्र विकास गर्ने उद्देश्य राखेको छ?,A socialism-oriented independent and prosperous economy.,समाजवादउन्मुख स्वतन्त्र तथा समृद्ध अर्थतन्त्र।,Article 50(3).,Art. 50(3),Constitution of Nepal (2015),https://lawcommission.gov.np/en/?cat=152,Constitution,,,,
DP005,Constitution & Law,Directive Principles,Comparison,Medium,"Which objective relates to establishing a public welfare system of governance, and which relates to developing a socialism-oriented economy?",जनकल्याणकारी शासन प्रणाली स्थापना गर्ने उद्देश्य कुन हो र समाजवादउन्मुख अर्थतन्त्र विकास गर्ने उद्देश्य कुन हो?,"The political objective relates to public welfare governance, while the economic objective relates to developing a socialism-oriented economy.",राजनीतिक उद्देश्य जनकल्याणकारी शासनसँग सम्बन्धित छ भने आर्थिक उद्देश्य समाजवादउन्मुख अर्थतन्त्रसँग सम्बन्धित छ।,Compares Article 50(1) and Article 50(3).,"Arts. 50(1), 50(3)",Constitution of Nepal (2015),https://lawcommission.gov.np/en/?cat=152,Constitution,,,,
DP006,Constitution & Law,National Unity & Security,Fact Retrieval,Easy,"According to the Constitution, what is the first policy relating to national unity and national security?",संविधानअनुसार राष्ट्रिय एकता तथा राष्ट्रिय सुरक्षासम्बन्धी पहिलो नीति के हो?,"To protect the freedom, sovereignty, territorial integrity and independence of Nepal while keeping national unity intact.","राष्ट्रिय एकतालाई अक्षुण्ण राख्दै नेपालको स्वतन्त्रता, सार्वभौमसत्ता, भौगोलिक अखण्डता तथा स्वतन्त्रताको संरक्षण गर्नु।",Article 51(a)(1).,Art. 51(a)(1),Constitution of Nepal (2015),https://lawcommission.gov.np/en/?cat=152,Constitution,,,,
DP007,Constitution & Law,National Security,Entity Identification,Medium,"According to the Constitution, which three security organizations are specifically mentioned in the national security policy?",संविधानअनुसार राष्ट्रिय सुरक्षा नीतिमा विशेष रूपमा उल्लेख गरिएका तीन सुरक्षा निकाय कुन-कुन हुन्?,"Nepal Army, Nepal Police and Armed Police Force Nepal.","नेपाली सेना, नेपाल प्रहरी र सशस्त्र प्रहरी बल नेपाल।",Article 51(a)(5).,Art. 51(a)(5),Constitution of Nepal (2015),https://lawcommission.gov.np/en/?cat=152,Constitution,,,,
DP008,Constitution & Law,Governance,Multi-hop Factual,Hard,"According to the Constitution, which principle guides the relationship between the Federal Units in the system of governance?",संविधानअनुसार शासन प्रणालीमा संघीय एकाइहरूबीचको सम्बन्ध कुन सिद्धान्तद्वारा निर्देशित हुन्छ?,Cooperative federalism.,सहकारी संघीयता।,Article 50(1) states that relations between Federal Units shall be maintained on the basis of cooperative federalism.,Art. 50(1),Constitution of Nepal (2015),https://lawcommission.gov.np/en/?cat=152,Constitution,,,,
DP009,Constitution & Law,Governance,Fact Retrieval,Easy,"According to the Constitution, what principle should be incorporated into the system of governance on the basis of local autonomy and decentralization?",संविधानअनुसार स्थानीय स्वायत्तता र विकेन्द्रीकरणका आधारमा शासन प्रणालीमा कुन सिद्धान्त समावेश गरिनुपर्छ?,The principle of proportional participation.,समानुपातिक सहभागिताको सिद्धान्त।,Article 50(1).,Art. 50(1),Constitution of Nepal (2015),https://lawcommission.gov.np/en/?cat=152,Constitution,,,,
DP010,Constitution & Law,International Relations,Definition,Medium,"According to the Constitution, what is the primary objective of Nepal's international relations?",संविधानअनुसार नेपालको अन्तर्राष्ट्रिय सम्बन्धको मुख्य उद्देश्य के हो?,"To enhance the dignity of the nation in the world community while safeguarding Nepal's freedom, sovereignty, territorial integrity, independence and national interest.","नेपालको स्वतन्त्रता, सार्वभौमसत्ता, भौगोलिक अखण्डता, स्वतन्त्रता तथा राष्ट्रिय हितको संरक्षण गर्दै विश्व समुदायमा राष्ट्रको प्रतिष्ठा अभिवृद्धि गर्नु।",Article 50(4).,Art. 50(4),Constitution of Nepal (2015),https://lawcommission.gov.np/en/?cat=152,Constitution,,,,
DP011,Constitution & Law,National Unity & Security,Fact Retrieval,Easy,"According to the Constitution, what should remain intact while protecting Nepal's freedom, sovereignty, territorial integrity and independence?","संविधानअनुसार नेपालको स्वतन्त्रता, सार्वभौमसत्ता, भौगोलिक अखण्डता तथा स्वतन्त्रताको संरक्षण गर्दा केलाई अक्षुण्ण राख्नुपर्छ?",National unity.,राष्ट्रिय एकता।,Article 51(a)(1) states that national unity shall remain intact while protecting Nepal's sovereignty and independence.,Art. 51(a)(1),Constitution of Nepal (2015),https://lawcommission.gov.np/en/?cat=152,Constitution,,,,
DP012,Constitution & Law,National Unity & Security,Entity Identification,Medium,"According to the Constitution, which three dimensions of diversity are specifically mentioned in promoting national unity among communities?",संविधानअनुसार समुदायहरूबीच राष्ट्रिय एकता प्रवर्द्धन गर्दा कुन तीन प्रकारका विविधतालाई विशेष रूपमा उल्लेख गरिएको छ?,"Religion, language and culture.","धर्म, भाषा र संस्कृति।","Article 51(a)(2) mentions maintaining cohesion among castes, tribes, religions, languages, cultures and communities.",Art. 51(a)(2),Constitution of Nepal (2015),https://lawcommission.gov.np/en/?cat=152,Constitution,,,,
DP013,Constitution & Law,National Security,Fact Retrieval,Easy,"According to the Constitution, what kind of security system should the State develop to maintain law and order?",संविधानअनुसार कानून र व्यवस्था कायम गर्न राज्यले कस्तो सुरक्षा प्रणाली विकास गर्नुपर्छ?,A national security system.,राष्ट्रिय सुरक्षा प्रणाली।,Article 51(a)(3).,Art. 51(a)(3),Constitution of Nepal (2015),https://lawcommission.gov.np/en/?cat=152,Constitution,,,,
DP014,Constitution & Law,Governance System,Definition,Medium,"According to the Constitution, what is meant by good governance in the context of public administration?",संविधानअनुसार सार्वजनिक प्रशासनको सन्दर्भमा सुशासन भन्नाले के जनाउँछ?,"Public administration that is fair, competent, impartial, transparent, corruption-free, accountable and participatory while ensuring equal and easy access to public services.","समान तथा सहज सार्वजनिक सेवा पहुँच सुनिश्चित गर्दै निष्पक्ष, सक्षम, पारदर्शी, भ्रष्टाचारमुक्त, उत्तरदायी तथा सहभागितामूलक सार्वजनिक प्रशासन।",Article 51(b)(4).,Art. 51(b)(4),Constitution of Nepal (2015),https://lawcommission.gov.np/en/?cat=152,Constitution,,,,
DP015,Constitution & Law,Governance System,Constitutional Provision,Easy,Which Article contains the State Policies relating to the political and governance system?,राजनीतिक तथा शासन प्रणालीसम्बन्धी राज्यका नीतिहरू कुन धारामा उल्लेख छन्?,Article 51(b).,धारा ५१(ख)।,Article 51(b) sets out policies relating to the political and governance system.,Art. 51(b),Constitution of Nepal (2015),https://lawcommission.gov.np/en/?cat=152,Constitution,,,,
DP016,Constitution & Law,Governance System,Fact Retrieval,Easy,"According to the Constitution, international treaties and agreements to which Nepal is a party should be what?",संविधानअनुसार नेपाल पक्ष भएका अन्तर्राष्ट्रिय सन्धि तथा सम्झौताहरूलाई के गर्नुपर्छ?,They should be implemented.,कार्यान्वयन गर्नुपर्छ।,Article 51(b)(3) requires implementation of international treaties and agreements to which Nepal is a party.,Art. 51(b)(3),Constitution of Nepal (2015),https://lawcommission.gov.np/en/?cat=152,Constitution,,,,
DP017,Constitution & Law,Social & Cultural Transformation,Comparison,Medium,"According to the Constitution, which policy promotes studies and research for protecting cultural heritage, and which policy focuses on the development of arts, literature and music?","संविधानअनुसार कुन नीतिले सांस्कृतिक सम्पदाको संरक्षणका लागि अध्ययन तथा अनुसन्धानलाई प्रवर्द्धन गर्छ र कुन नीतिले कला, साहित्य तथा संगीतको विकासमा जोड दिन्छ?","Article 51(c)(2) promotes studies and research for cultural heritage, while Article 51(c)(4) focuses on arts, literature and music.","धारा ५१(ग)(२) ले सांस्कृतिक सम्पदाको अध्ययन तथा अनुसन्धानलाई प्रवर्द्धन गर्छ भने धारा ५१(ग)(४) ले कला, साहित्य तथा संगीतको विकासमा जोड दिन्छ।",Compares two different social and cultural policies.,"Art. 51(c)(2), 51(c)(4)",Constitution of Nepal (2015),https://lawcommission.gov.np/en/?cat=152,Constitution,,,,
DP018,Constitution & Law,"Economy, Industry & Commerce",Fact Retrieval,Easy,"According to the Constitution, which three sectors are expected to contribute to enhancing the national economy through partnership?",संविधानअनुसार साझेदारीमार्फत राष्ट्रिय अर्थतन्त्रलाई सुदृढ बनाउन कुन तीन क्षेत्रको सहभागिता अपेक्षित छ?,"Public, private and cooperative sectors.","सार्वजनिक, निजी तथा सहकारी क्षेत्र।",Article 51(d)(1).,Art. 51(d)(1),Constitution of Nepal (2015),https://lawcommission.gov.np/en/?cat=152,Constitution,,,,
DP019,Constitution & Law,"Economy, Industry & Commerce",Multi-hop Factual,Hard,"According to the Constitution, what two measures are emphasized to make the national economy competitive while protecting consumers' interests?",संविधानअनुसार उपभोक्ताको हित संरक्षण गर्दै राष्ट्रिय अर्थतन्त्रलाई प्रतिस्पर्धी बनाउन कुन दुई उपायमा जोड दिइएको छ?,"Maintaining trade fairness and discipline, and eliminating black marketing, monopoly, artificial scarcity and restrictions on competition.","व्यापारमा निष्पक्षता र अनुशासन कायम गर्ने तथा कालोबजारी, एकाधिकार, कृत्रिम अभाव र प्रतिस्पर्धा सीमित गर्ने गतिविधिको अन्त्य गर्ने।",Article 51(d)(7).,Art. 51(d)(7),Constitution of Nepal (2015),https://lawcommission.gov.np/en/?cat=152,Constitution,,,,
DP020,Constitution & Law,"Economy, Industry & Commerce",Definition,Medium,"According to the Constitution, for what types of investment should foreign capital and technology be encouraged?",संविधानअनुसार विदेशी पूँजी तथा प्रविधिगत लगानी मुख्यतया कस्ता क्षेत्रमा प्रोत्साहित गरिनुपर्छ?,"Import substitution, export promotion and infrastructure development, in consonance with the national interest.","राष्ट्रिय हितअनुकूल आयात प्रतिस्थापन, निर्यात प्रवर्द्धन तथा पूर्वाधार विकासका क्षेत्रमा।",Article 51(d)(10).,Art. 51(d)(10),Constitution of Nepal (2015),https://lawcommission.gov.np/en/?cat=152,Constitution,,,,
DP021,Constitution & Law,Agriculture & Land Reform,Fact Retrieval,Easy,"According to the Constitution, what existing land ownership system should scientific land reforms end?",संविधानअनुसार वैज्ञानिक भूमि सुधारले कुन विद्यमान भूमि स्वामित्व प्रणालीको अन्त्य गर्नुपर्छ?,Dual land ownership.,दोहोरो भूमि स्वामित्व।,Article 51(e)(1) states that scientific land reforms should end the dual ownership system.,Art. 51(e)(1),Constitution of Nepal (2015),https://lawcommission.gov.np/en/?cat=152,Constitution,,,,
DP022,Constitution & Law,Agriculture & Land Reform,Definition,Medium,"According to the Constitution, what are the two primary objectives of land-use policies in agriculture?",संविधानअनुसार कृषिमा भूमि उपयोग नीतिका दुई प्रमुख उद्देश्य के हुन्?,"To increase agricultural production and productivity, and to promote commercialization, industrialization, diversification and modernization of agriculture.","कृषि उत्पादन तथा उत्पादकत्व वृद्धि गर्नु तथा कृषिको व्यावसायीकरण, औद्योगिकीकरण, विविधीकरण र आधुनिकीकरणलाई प्रवर्द्धन गर्नु।",Article 51(e)(3).,Art. 51(e)(3),Constitution of Nepal (2015),https://lawcommission.gov.np/en/?cat=152,Constitution,,,,
DP023,Constitution & Law,Agriculture,Fact Retrieval,Easy,"According to the Constitution, to what should farmers be provided easy access?",संविधानअनुसार किसानलाई कुन कुरामा सहज पहुँच उपलब्ध गराइनुपर्छ?,"Agricultural inputs, agricultural products at fair prices, and markets.","कृषि सामग्री, उचित मूल्यमा कृषि उत्पादन तथा बजार।",Article 51(e)(5).,Art. 51(e)(5),Constitution of Nepal (2015),https://lawcommission.gov.np/en/?cat=152,Constitution,,,,
DP024,Constitution & Law,Development,Constitutional Provision,Easy,Which Article contains the State Policies relating to Development?,विकाससम्बन्धी राज्यका नीतिहरू कुन धारामा उल्लेख छन्?,Article 51(f).,धारा ५१(च)।,Article 51(f) outlines development policies.,Art. 51(f),Constitution of Nepal (2015),https://lawcommission.gov.np/en/?cat=152,Constitution,,,,
DP025,Constitution & Law,Development,Fact Retrieval,Easy,"According to the Constitution, what type of physical infrastructure should the State develop?",संविधानअनुसार राज्यले कस्तो प्रकारको भौतिक पूर्वाधार विकास गर्नुपर्छ?,"Balanced, environment-friendly, quality and sustainable physical infrastructure.","सन्तुलित, वातावरणमैत्री, गुणस्तरीय तथा दिगो भौतिक पूर्वाधार।",Article 51(f)(2).,Art. 51(f)(2),Constitution of Nepal (2015),https://lawcommission.gov.np/en/?cat=152,Constitution,,,,
DP026,Constitution & Law,Development,Multi-hop Factual,Hard,"According to the Constitution, what two actions should the State take to strengthen information technology for national development?",संविधानअनुसार राष्ट्रिय विकासका लागि सूचना प्रविधिलाई सुदृढ बनाउन राज्यले कुन दुई कार्य गर्नुपर्छ?,"Develop and expand information technology according to national needs, and make optimum use of information technology in national development.",राष्ट्रिय आवश्यकताअनुसार सूचना प्रविधिको विकास तथा विस्तार गर्ने र राष्ट्रिय विकासमा यसको अधिकतम उपयोग गर्ने।,Article 51(f)(5).,Art. 51(f)(5),Constitution of Nepal (2015),https://lawcommission.gov.np/en/?cat=152,Constitution,,,,
DP027,Constitution & Law,Development,Entity Identification,Medium,"According to the Constitution, which information system should be developed to manage citizens' information in an integrated manner?",संविधानअनुसार नागरिकको विवरण एकीकृत रूपमा व्यवस्थापन गर्न कुन सूचना प्रणाली विकास गर्नुपर्छ?,An integrated national identity management information system.,एकीकृत राष्ट्रिय परिचय व्यवस्थापन सूचना प्रणाली।,Article 51(f)(7).,Art. 51(f)(7),Constitution of Nepal (2015),https://lawcommission.gov.np/en/?cat=152,Constitution,,,,
DP028,Constitution & Law,Natural Resources,Fact Retrieval,Easy,"According to the Constitution, which principle gives priority and preferential rights to local communities in the distribution of benefits from natural resources?",संविधानअनुसार प्राकृतिक स्रोतबाट प्राप्त लाभको वितरणमा स्थानीय समुदायलाई प्राथमिकता र अग्राधिकार दिने सिद्धान्त कुन हो?,Priority and preferential rights of local communities.,स्थानीय समुदायको प्राथमिकता तथा अग्राधिकार।,Article 51(g)(1).,Art. 51(g)(1),Constitution of Nepal (2015),https://lawcommission.gov.np/en/?cat=152,Constitution,,,,
DP029,Constitution & Law,Natural Resources,Comparison,Medium,"According to the Constitution, which policy focuses on renewable energy development, and which policy focuses on forest conservation?",संविधानअनुसार कुन नीतिले नवीकरणीय ऊर्जाको विकासमा जोड दिन्छ र कुन नीतिले वन संरक्षणमा जोड दिन्छ?,"Article 51(g)(3) focuses on renewable energy, while Article 51(g)(5) focuses on conserving forests, wildlife, birds, vegetation and biodiversity.","धारा ५१(छ)(३) ले नवीकरणीय ऊर्जामा जोड दिन्छ भने धारा ५१(छ)(५) ले वन, वन्यजन्तु, चराचुरुङ्गी, वनस्पति तथा जैविक विविधताको संरक्षणमा जोड दिन्छ।",Compares two environmental policies under Article 51(g).,"Art. 51(g)(3), 51(g)(5)",Constitution of Nepal (2015),https://lawcommission.gov.np/en/?cat=152,Constitution,,,,
DP030,Constitution & Law,Environmental Protection,Definition,Medium,"According to the Constitution, which environmental principles should guide environmentally sustainable development?",संविधानअनुसार वातावरणीय दिगो विकास कुन वातावरणीय सिद्धान्तहरूद्वारा निर्देशित हुनुपर्छ?,"The polluter pays principle, the precautionary principle, and the principle of prior informed consent.","प्रदूषकले तिर्ने सिद्धान्त, पूर्वसावधानीको सिद्धान्त तथा पूर्वसूचित सहमतिको सिद्धान्त।",Article 51(g)(8) explicitly identifies these environmental principles.,Art. 51(g)(8),Constitution of Nepal (2015),https://lawcommission.gov.np/en/?cat=152,Constitution,,,,
ST001,Constitution & Law,Structure of State,Fact Retrieval,Easy,"According to the Constitution, how many levels constitute the main structure of the Federal Democratic Republic of Nepal?",संविधानअनुसार नेपाल संघीय लोकतान्त्रिक गणतन्त्रको मुख्य राज्य संरचनामा कति तह छन्?,Three levels.,तीन तह।,Article 56(1) establishes a three-level structure of government.,Art. 56(1),Constitution of Nepal (2015),https://lawcommission.gov.np/en/?cat=152,Constitution,,,,
ST002,Constitution & Law,Structure of State,Entity Identification,Easy,"According to the Constitution, what are the three levels of government in Nepal?",संविधानअनुसार नेपालका सरकारका तीन तह कुन-कुन हुन्?,"Federation, State and Local level.","संघ, प्रदेश र स्थानीय तह।",Article 56(1).,Art. 56(1),Constitution of Nepal (2015),https://lawcommission.gov.np/en/?cat=152,Constitution,,,,
ST003,Constitution & Law,Structure of State,Definition,Medium,"According to the Constitution, which constitutional values must all three levels of government protect?",संविधानअनुसार तीनै तहका सरकारले कुन-कुन संवैधानिक मूल्यहरूको संरक्षण गर्नुपर्छ?,"Nepal's freedom, sovereignty, territorial integrity, independence, national interest, human rights, fundamental rights, rule of law, separation of powers, checks and balances, inclusive representation, equality and the federal democratic republican system.","नेपालको स्वतन्त्रता, सार्वभौमसत्ता, भौगोलिक अखण्डता, स्वतन्त्रता, राष्ट्रिय हित, मानव अधिकार, मौलिक हक, कानूनी शासन, शक्ति पृथकीकरण, नियन्त्रण तथा सन्तुलन, समावेशी प्रतिनिधित्व, समानता तथा संघीय लोकतान्त्रिक गणतान्त्रिक प्रणाली।",Article 56(6) lists the constitutional values protected by all levels of government.,Art. 56(6),Constitution of Nepal (2015),https://lawcommission.gov.np/en/?cat=152,Constitution,,,,
ST004,Constitution & Law,Structure of State,Fact Retrieval,Easy,"According to the Constitution, what institutions exist under the Local level?",संविधानअनुसार स्थानीय तह अन्तर्गत कुन-कुन संस्थाहरू रहेका छन्?,"Village Institutions, Municipalities and District Assemblies.","गाउँपालिका, नगरपालिका तथा जिल्ला सभा।",Article 56(4).,Art. 56(4),Constitution of Nepal (2015),https://lawcommission.gov.np/en/?cat=152,Constitution,,,,
ST005,Constitution & Law,Structure of State,Multi-hop Factual,Hard,"According to the Constitution, for what two purposes may a Special, Protected or Autonomous Region be established?","संविधानअनुसार विशेष, संरक्षित वा स्वायत्त क्षेत्र कुन दुई उद्देश्यका लागि स्थापना गर्न सकिन्छ?","Social and cultural protection, and economic development.",सामाजिक तथा सांस्कृतिक संरक्षण र आर्थिक विकास।,Article 56(5).,Art. 56(5),Constitution of Nepal (2015),https://lawcommission.gov.np/en/?cat=152,Constitution,,,,
ST006,Constitution & Law,Distribution of State Power,Constitutional Provision,Easy,Which Article provides for the distribution of State powers among different levels of government?,विभिन्न तहका सरकारबीच राज्य शक्तिको बाँडफाँटको व्यवस्था गर्ने धारा कुन हो?,Article 57.,धारा ५७।,Article 57 distributes legislative powers among the three levels.,Art. 57,Constitution of Nepal (2015),https://lawcommission.gov.np/en/?cat=152,Constitution,,,,
ST007,Constitution & Law,Distribution of State Power,Fact Retrieval,Easy,"According to the Constitution, in which Schedule are the powers of the Federation enumerated?",संविधानअनुसार संघका अधिकारहरू कुन अनुसूचीमा उल्लेख गरिएका छन्?,Schedule 5.,अनुसूची ५।,Article 57(1).,Art. 57(1),Constitution of Nepal (2015),https://lawcommission.gov.np/en/?cat=152,Constitution,,,,
ST008,Constitution & Law,Distribution of State Power,Comparison,Medium,"According to the Constitution, which Schedule contains the powers of the Local level, and which Schedule contains the concurrent powers of the Federation, State and Local levels?","संविधानअनुसार स्थानीय तहका अधिकार कुन अनुसूचीमा छन् र संघ, प्रदेश तथा स्थानीय तहका साझा अधिकार कुन अनुसूचीमा छन्?","Schedule 8 contains the powers of the Local level, while Schedule 9 contains the concurrent powers of the Federation, State and Local levels.","अनुसूची ८ मा स्थानीय तहका अधिकार छन् भने अनुसूची ९ मा संघ, प्रदेश र स्थानीय तहका साझा अधिकार छन्।",Compares Articles 57(4) and 57(5).,"Arts. 57(4), 57(5)",Constitution of Nepal (2015),https://lawcommission.gov.np/en/?cat=152,Constitution,,,,
ST009,Constitution & Law,Distribution of State Power,Definition,Medium,"According to the Constitution, what happens if a State law is inconsistent with a Federal law in matters of concurrent powers?",संविधानअनुसार साझा अधिकारका विषयमा प्रदेश कानून संघीय कानूनसँग बाझिएमा के हुन्छ?,The State law is invalid to the extent of the inconsistency.,बाझिएको हदसम्म प्रदेश कानून अमान्य हुन्छ।,Article 57(6).,Art. 57(6),Constitution of Nepal (2015),https://lawcommission.gov.np/en/?cat=152,Constitution,,,,
ST010,Constitution & Law,Distribution of State Power,Fact Retrieval,Easy,"According to the Constitution, what happens if a law made by a Village Assembly or Municipal Assembly is inconsistent with the relevant State law in matters of concurrent powers?",संविधानअनुसार साझा अधिकारका विषयमा गाउँसभा वा नगरसभाले बनाएको कानून सम्बन्धित प्रदेश कानूनसँग बाझिएमा के हुन्छ?,It is invalid to the extent of the inconsistency.,बाझिएको हदसम्म अमान्य हुन्छ।,Article 57(7).,Art. 57(7),Constitution of Nepal (2015),https://lawcommission.gov.np/en/?cat=152,Constitution,,,,
ST011,Constitution & Law,Residual Powers,Fact Retrieval,Easy,"According to the Constitution, which level of government exercises residual powers on matters not listed in any constitutional schedule?",संविधानअनुसार कुनै पनि संवैधानिक अनुसूचीमा उल्लेख नभएका विषयमा अवशिष्ट अधिकार कुन तहको सरकारलाई हुन्छ?,The Federation.,संघ।,Article 58 vests residual powers in the Federation.,Art. 58,Constitution of Nepal (2015),https://lawcommission.gov.np/en/?cat=152,Constitution,,,,
ST012,Constitution & Law,Financial Powers,Fact Retrieval,Easy,"According to the Constitution, which three levels of government may formulate and implement policies and plans within their financial jurisdiction?",संविधानअनुसार आफ्नो वित्तीय अधिकार क्षेत्रभित्र नीति तथा योजना निर्माण र कार्यान्वयन गर्ने तीन तहका सरकार कुन-कुन हुन्?,"The Federation, State and Local level.","संघ, प्रदेश र स्थानीय तह।",Article 59(1).,Art. 59(1),Constitution of Nepal (2015),https://lawcommission.gov.np/en/?cat=152,Constitution,,,,
ST013,Constitution & Law,Financial Powers,Definition,Medium,"According to the Constitution, what forms may benefits derived from the use of natural resources be distributed to project-affected regions and local communities?",संविधानअनुसार प्राकृतिक स्रोतको उपयोगबाट प्राप्त लाभ आयोजना प्रभावित क्षेत्र तथा स्थानीय समुदायलाई कुन-कुन स्वरूपमा वितरण गर्न सकिन्छ?,"Royalty, services or goods.","रोयल्टी, सेवा वा वस्तु।",Article 59(4).,Art. 59(4),Constitution of Nepal (2015),https://lawcommission.gov.np/en/?cat=152,Constitution,,,,
ST014,Constitution & Law,Financial Powers,Multi-hop Factual,Hard,"According to the Constitution, what two conditions govern priority for local community investment in the utilization of natural resources?",संविधानअनुसार प्राकृतिक स्रोतको उपयोगमा स्थानीय समुदायको लगानीलाई प्राथमिकता दिन कुन दुई आधारलाई विचार गरिन्छ?,The nature of the investment and the size of the investment.,लगानीको प्रकृति र लगानीको परिमाण।,Article 59(5).,Art. 59(5),Constitution of Nepal (2015),https://lawcommission.gov.np/en/?cat=152,Constitution,,,,
ST015,Constitution & Law,Financial Powers,Fact Retrieval,Easy,"According to the Constitution, which level of government has the power to obtain foreign assistance and borrow loans?",संविधानअनुसार वैदेशिक सहायता प्राप्त गर्ने तथा ऋण लिने अधिकार कुन तहको सरकारलाई छ?,The Government of Nepal.,नेपाल सरकार।,Article 59(6).,Art. 59(6),Constitution of Nepal (2015),https://lawcommission.gov.np/en/?cat=152,Constitution,,,,
ST016,Constitution & Law,Revenue Distribution,Constitutional Provision,Easy,"Which Article provides for the distribution of sources of revenue among the Federation, State and Local level?","संघ, प्रदेश तथा स्थानीय तहबीच राजस्व स्रोतको बाँडफाँटको व्यवस्था गर्ने धारा कुन हो?",Article 60.,धारा ६०।,Article 60 governs the distribution of revenue sources.,Art. 60,Constitution of Nepal (2015),https://lawcommission.gov.np/en/?cat=152,Constitution,,,,
ST017,Constitution & Law,Revenue Distribution,Entity Identification,Medium,"According to the Constitution, which constitutional commission recommends the amount of fiscal transfer receivable by the State and Local level?",संविधानअनुसार प्रदेश तथा स्थानीय तहले प्राप्त गर्ने वित्तीय हस्तान्तरणको रकम कुन संवैधानिक आयोगले सिफारिस गर्छ?,National Natural Resources and Fiscal Commission.,राष्ट्रिय प्राकृतिक स्रोत तथा वित्त आयोग।,Article 60(3).,Art. 60(3),Constitution of Nepal (2015),https://lawcommission.gov.np/en/?cat=152,Constitution,,,,
ST018,Constitution & Law,Revenue Distribution,Comparison,Medium,"According to the Constitution, who recommends the amount of fiscal transfer to the State and Local level, and who distributes fiscal equalization grants?",संविधानअनुसार प्रदेश तथा स्थानीय तहलाई वित्तीय हस्तान्तरणको रकम कसले सिफारिस गर्छ र वित्तीय समानीकरण अनुदान कसले वितरण गर्छ?,"The National Natural Resources and Fiscal Commission recommends the fiscal transfer amount, while the Government of Nepal distributes fiscal equalization grants.",राष्ट्रिय प्राकृतिक स्रोत तथा वित्त आयोगले वित्तीय हस्तान्तरणको रकम सिफारिस गर्छ भने नेपाल सरकारले वित्तीय समानीकरण अनुदान वितरण गर्छ।,Compares Articles 60(3) and 60(4).,"Arts. 60(3), 60(4)",Constitution of Nepal (2015),https://lawcommission.gov.np/en/?cat=152,Constitution,,,,
ST019,Constitution & Law,Revenue Distribution,Definition,Medium,"According to the Constitution, what factors must be considered when enacting a Federal Act on the distribution of revenues?",संविधानअनुसार राजस्व बाँडफाँटसम्बन्धी संघीय कानून बनाउँदा कुन-कुन आधारहरू विचार गर्नुपर्छ?,"National policies, national requirements, autonomy of State and Local levels, services to the people, financial powers, revenue collection capacity, revenue potential and use, regional balance, poverty and inequality reduction, ending deprivation, and temporary or contingent needs.","राष्ट्रिय नीति, राष्ट्रिय आवश्यकता, प्रदेश तथा स्थानीय तहको स्वायत्तता, जनसेवा, वित्तीय अधिकार, राजस्व संकलन क्षमता, राजस्वको सम्भावना र उपयोग, क्षेत्रीय सन्तुलन, गरिबी तथा असमानता न्यूनीकरण, वञ्चितीकरणको अन्त्य तथा अस्थायी वा आकस्मिक आवश्यकता।",Article 60(8) lists the considerations for revenue distribution legislation.,Art. 60(8),Constitution of Nepal (2015),https://lawcommission.gov.np/en/?cat=152,Constitution,,,,
ST020,Constitution & Law,Revenue Distribution,Fact Retrieval,Easy,"According to the Constitution, how should revenues be distributed among the Federation, State and Local level?","संविधानअनुसार संघ, प्रदेश तथा स्थानीय तहबीच राजस्व कसरी वितरण गरिनुपर्छ?",In a balanced and transparent manner.,सन्तुलित तथा पारदर्शी रूपमा।,Article 60(7).,Art. 60(7),Constitution of Nepal (2015),https://lawcommission.gov.np/en/?cat=152,Constitution,,,,
PR001,Constitution & Law,President,Fact Retrieval,Easy,"According to the Constitution, who is the head of state of Nepal?",संविधानअनुसार नेपालको राष्ट्रप्रमुख को हो?,The President.,राष्ट्रपति।,Article 61(2) states that the President is the head of state.,Art. 61(2),Constitution of Nepal (2015),https://lawcommission.gov.np/en/?cat=152,Constitution,,,,
PR002,Constitution & Law,President,Fact Retrieval,Easy,"According to the Constitution, what is the main duty of the President of Nepal?",संविधानअनुसार नेपालको राष्ट्रपतिको मुख्य कर्तव्य के हो?,To abide by and protect the Constitution.,संविधानको पालना गर्नु तथा यसको संरक्षण गर्नु।,Article 61(4).,Art. 61(4),Constitution of Nepal (2015),https://lawcommission.gov.np/en/?cat=152,Constitution,,,,
PR003,Constitution & Law,President,Entity Identification,Easy,"According to the Constitution, which bodies together form the electoral college for electing the President?",संविधानअनुसार राष्ट्रपति निर्वाचनका लागि निर्वाचन मण्डल कुन-कुन निकायका सदस्यहरूबाट बनेको हुन्छ?,Members of the Federal Parliament and the State Assemblies.,संघीय संसद् तथा प्रदेश सभाका सदस्यहरू।,Article 62(1).,Art. 62(1),Constitution of Nepal (2015),https://lawcommission.gov.np/en/?cat=152,Constitution,,,,
PR004,Constitution & Law,President,Constitutional Provision,Easy,Which Article provides for the election of the President?,राष्ट्रपतिको निर्वाचन सम्बन्धी व्यवस्था कुन धारामा गरिएको छ?,Article 62.,धारा ६२।,Article 62 governs the election process.,Art. 62,Constitution of Nepal (2015),https://lawcommission.gov.np/en/?cat=152,Constitution,,,,
PR005,Constitution & Law,President,Definition,Medium,"According to the Constitution, what voting outcome is required for a candidate to be elected President in the first round?",संविधानअनुसार पहिलो चरणमै राष्ट्रपति निर्वाचित हुन उम्मेदवारले कस्तो मत प्राप्त गर्नुपर्छ?,A majority of the then existing total votes of the electoral college.,निर्वाचन मण्डलका तत्काल कायम रहेका कुल मतको बहुमत।,Article 62(3).,Art. 62(3),Constitution of Nepal (2015),https://lawcommission.gov.np/en/?cat=152,Constitution,,,,
PR006,Constitution & Law,President,Multi-hop Factual,Hard,"According to the Constitution, what happens if no candidate secures a majority in the first round of the presidential election?",संविधानअनुसार राष्ट्रपतिको निर्वाचनको पहिलो चरणमा कुनै उम्मेदवारले बहुमत प्राप्त नगरेमा के हुन्छ?,A second round is held between the two candidates receiving the highest number of votes.,सबैभन्दा बढी मत प्राप्त गर्ने दुई उम्मेदवारबीच दोस्रो चरणको मतदान हुन्छ।,Article 62(4).,Art. 62(4),Constitution of Nepal (2015),https://lawcommission.gov.np/en/?cat=152,Constitution,,,,
PR007,Constitution & Law,President,Fact Retrieval,Easy,"According to the Constitution, what is the term of office of the President?",संविधानअनुसार राष्ट्रपतिको कार्यकाल कति वर्षको हुन्छ?,Five years.,पाँच वर्ष।,Article 63(1).,Art. 63(1),Constitution of Nepal (2015),https://lawcommission.gov.np/en/?cat=152,Constitution,,,,
PR008,Constitution & Law,President,Comparison,Medium,"According to the Constitution, what is the minimum age required to become President, and what is the maximum number of times a person may be elected President?",संविधानअनुसार राष्ट्रपति बन्न न्यूनतम उमेर कति हुनुपर्छ र एक व्यक्ति बढीमा कति पटक राष्ट्रपति निर्वाचित हुन सक्छ?,"At least 45 years of age, and no more than two terms.",कम्तीमा ४५ वर्ष उमेर तथा बढीमा दुई पटक।,Articles 64(1)(b) and 64(2).,"Arts. 64(1), 64(2)",Constitution of Nepal (2015),https://lawcommission.gov.np/en/?cat=152,Constitution,,,,
PR009,Constitution & Law,President,Fact Retrieval,Easy,"According to the Constitution, to whom does the President submit a written resignation?",संविधानअनुसार राष्ट्रपतिले लिखित राजीनामा कसलाई बुझाउँछन्?,The Vice-President.,उपराष्ट्रपति।,Article 65(a).,Art. 65(a),Constitution of Nepal (2015),https://lawcommission.gov.np/en/?cat=152,Constitution,,,,
PR010,Constitution & Law,President,Definition,Medium,"According to the Constitution, through whom are the recommendations and consent of the Council of Ministers submitted to the President?",संविधानअनुसार मन्त्रिपरिषद्को सिफारिस तथा सहमति राष्ट्रपतिसमक्ष कसमार्फत प्रस्तुत गरिन्छ?,Through the Prime Minister.,प्रधानमन्त्रीमार्फत।,Article 66(2).,Art. 66(2),Constitution of Nepal (2015),https://lawcommission.gov.np/en/?cat=152,Constitution,,,,
PR011,Constitution & Law,Vice-President,Fact Retrieval,Easy,"According to the Constitution, who performs the functions of the President during the President's absence?",संविधानअनुसार राष्ट्रपतिको अनुपस्थितिमा राष्ट्रपतिको कार्य कसले सम्पादन गर्छ?,The Vice-President.,उपराष्ट्रपति।,Article 67(2) provides that the Vice-President performs the functions of the President during the President's absence.,Art. 67(2),Constitution of Nepal (2015),https://lawcommission.gov.np/en/?cat=152,Constitution,,,,
PR012,Constitution & Law,Vice-President,Constitutional Provision,Easy,"Which Article provides that the qualifications, election procedure and term of office of the Vice-President shall be the same as those of the President?","उपराष्ट्रपतिको योग्यता, निर्वाचन प्रक्रिया र कार्यकाल राष्ट्रपतिको जस्तै हुने व्यवस्था कुन धारामा गरिएको छ?",Article 69.,धारा ६९।,Article 69 states that these provisions are the same as those applicable to the President.,Art. 69,Constitution of Nepal (2015),https://lawcommission.gov.np/en/?cat=152,Constitution,,,,
PR013,Constitution & Law,Vice-President,Fact Retrieval,Easy,"According to the Constitution, to whom does the Vice-President submit a written resignation?",संविधानअनुसार उपराष्ट्रपतिले आफ्नो लिखित राजीनामा कसलाई बुझाउँछन्?,The President.,राष्ट्रपति।,Article 68(a).,Art. 68(a),Constitution of Nepal (2015),https://lawcommission.gov.np/en/?cat=152,Constitution,,,,
PR014,Constitution & Law,Vice-President,Comparison,Medium,"According to the Constitution, to whom does the President submit a resignation, and to whom does the Vice-President submit a resignation?",संविधानअनुसार राष्ट्रपतिले कसलाई राजीनामा दिन्छन् र उपराष्ट्रपतिले कसलाई राजीनामा दिन्छन्?,"The President resigns to the Vice-President, while the Vice-President resigns to the President.",राष्ट्रपतिले उपराष्ट्रपतिलाई राजीनामा दिन्छन् भने उपराष्ट्रपतिले राष्ट्रपतिलाई राजीनामा दिन्छन्।,Compares Articles 65(a) and 68(a).,"Arts. 65(a), 68(a)",Constitution of Nepal (2015),https://lawcommission.gov.np/en/?cat=152,Constitution,,,,
PR015,Constitution & Law,Vice-President,Entity Identification,Medium,"According to the Constitution, before whom does the President take the oath of office and secrecy?",संविधानअनुसार राष्ट्रपतिले पद तथा गोपनीयताको शपथ कसको समक्ष लिन्छन्?,The Chief Justice.,प्रधान न्यायाधीश।,Article 71.,Art. 71,Constitution of Nepal (2015),https://lawcommission.gov.np/en/?cat=152,Constitution,,,,
PR016,Constitution & Law,Vice-President,Fact Retrieval,Easy,"According to the Constitution, before whom does the Vice-President take the oath of office and secrecy?",संविधानअनुसार उपराष्ट्रपतिले पद तथा गोपनीयताको शपथ कसको समक्ष लिन्छन्?,The President.,राष्ट्रपति।,Article 71.,Art. 71,Constitution of Nepal (2015),https://lawcommission.gov.np/en/?cat=152,Constitution,,,,
PR017,Constitution & Law,Representation,Definition,Medium,"According to the Constitution, what principle must be ensured when electing the President and the Vice-President?",संविधानअनुसार राष्ट्रपति र उपराष्ट्रपतिको निर्वाचन गर्दा कुन प्रतिनिधित्वको सिद्धान्त सुनिश्चित गरिनुपर्छ?,They must represent different sex or different community.,फरक लिङ्ग वा फरक समुदायको प्रतिनिधित्व सुनिश्चित हुनुपर्छ।,Article 70 requires representation of different sex or community.,Art. 70,Constitution of Nepal (2015),https://lawcommission.gov.np/en/?cat=152,Constitution,,,,
PR018,Constitution & Law,Vice-President,Multi-hop Factual,Hard,"According to the Constitution, if a person holding a political office filled by election, nomination or appointment is appointed as the Vice-President, what happens to that office?","संविधानअनुसार निर्वाचन, मनोनयन वा नियुक्तिबाट प्राप्त राजनीतिक पदमा रहेको व्यक्ति उपराष्ट्रपति नियुक्त भएमा उसको अघिल्लो पदको के हुन्छ?",The previous office becomes vacant automatically.,अघिल्लो पद स्वतः रिक्त हुन्छ।,Article 67(3).,Art. 67(3),Constitution of Nepal (2015),https://lawcommission.gov.np/en/?cat=152,Constitution,,,,
PR019,Constitution & Law,Office of the President,Definition,Medium,"According to the Constitution, what arrangements must the Government of Nepal make for the offices of the President and Vice-President?",संविधानअनुसार राष्ट्रपति तथा उपराष्ट्रपतिको कार्यालयका लागि नेपाल सरकारले के व्यवस्था गर्नुपर्छ?,It shall provide the necessary employees and other arrangements required for the functioning of the offices.,कार्यालय सञ्चालनका लागि आवश्यक कर्मचारी तथा अन्य आवश्यक व्यवस्था गर्नुपर्छ।,Article 73(2).,Art. 73(2),Constitution of Nepal (2015),https://lawcommission.gov.np/en/?cat=152,Constitution,,,,
PR020,Constitution & Law,Office of the President,Fact Retrieval,Easy,"According to the Constitution, how many separate offices are established for the President and the Vice-President?",संविधानअनुसार राष्ट्रपति र उपराष्ट्रपतिका लागि कति छुट्टाछुट्टै कार्यालय रहने व्यवस्था गरिएको छ?,Two separate offices.,दुई छुट्टाछुट्टै कार्यालय।,Article 73(1) provides that separate offices shall exist for the President and the Vice-President.,Art. 73(1),Constitution of Nepal (2015),https://lawcommission.gov.np/en/?cat=152,Constitution,,,,
FE001,Constitution & Law,Federal Executive,Fact Retrieval,Easy,"According to the Constitution, what form of government does Nepal have?",संविधानअनुसार नेपालमा कस्तो प्रकारको शासन प्रणाली रहेको छ?,"A multi-party, competitive, federal, democratic, republican, parliamentary form of government based on pluralism.","बहुदलीय, प्रतिस्पर्धात्मक, संघीय, लोकतान्त्रिक, गणतान्त्रिक तथा बहुलवादमा आधारित संसदीय शासन प्रणाली।",Article 74 defines Nepal's form of government.,Art. 74,Constitution of Nepal (2015),https://lawcommission.gov.np/en/?cat=152,Constitution,,,,
FE002,Constitution & Law,Executive Power,Fact Retrieval,Easy,"According to the Constitution, in whom is the executive power of Nepal vested?",संविधानअनुसार नेपालको कार्यकारी शक्ति कसमा निहित हुन्छ?,The Council of Ministers.,मन्त्रिपरिषद्।,Article 75(1).,Art. 75(1),Constitution of Nepal (2015),https://lawcommission.gov.np/en/?cat=152,Constitution,,,,
FE003,Constitution & Law,Executive Power,Definition,Medium,"According to the Constitution, who is responsible for issuing general directives and regulating the governance of Nepal?",संविधानअनुसार नेपालको शासन सञ्चालनका लागि सामान्य निर्देशन जारी गर्ने तथा नियन्त्रण र नियमन गर्ने जिम्मेवारी कसको हुन्छ?,The Council of Ministers.,मन्त्रिपरिषद्।,Article 75(2).,Art. 75(2),Constitution of Nepal (2015),https://lawcommission.gov.np/en/?cat=152,Constitution,,,,
FE004,Constitution & Law,Executive Power,Fact Retrieval,Easy,"According to the Constitution, in whose name are all Federal executive functions performed?",संविधानअनुसार संघीय कार्यकारी कार्यहरू कसको नाममा सम्पादन गरिन्छ?,In the name of the Government of Nepal.,नेपाल सरकारको नाममा।,Article 75(3).,Art. 75(3),Constitution of Nepal (2015),https://lawcommission.gov.np/en/?cat=152,Constitution,,,,
FE005,Constitution & Law,Prime Minister,Constitutional Provision,Easy,Which Article provides for the constitution of the Council of Ministers?,मन्त्रिपरिषद्को गठनसम्बन्धी व्यवस्था कुन धारामा गरिएको छ?,Article 76.,धारा ७६।,Article 76 governs the appointment of the Prime Minister and formation of the Council of Ministers.,Art. 76,Constitution of Nepal (2015),https://lawcommission.gov.np/en/?cat=152,Constitution,,,,
FE006,Constitution & Law,Prime Minister,Entity Identification,Medium,"According to the Constitution, whom does the President appoint as Prime Minister when a single parliamentary party commands a majority in the House of Representatives?",प्रतिनिधिसभामा कुनै एक संसदीय दलको स्पष्ट बहुमत भएमा संविधानअनुसार राष्ट्रपतिले कसलाई प्रधानमन्त्री नियुक्त गर्छन्?,The leader of the parliamentary party commanding the majority in the House of Representatives.,प्रतिनिधिसभामा बहुमत प्राप्त संसदीय दलको नेता।,Article 76(1).,Art. 76(1),Constitution of Nepal (2015),https://lawcommission.gov.np/en/?cat=152,Constitution,,,,
FE007,Constitution & Law,Prime Minister,Multi-hop Factual,Hard,"According to the Constitution, if no political party has a majority in the House of Representatives, who may be appointed Prime Minister?",प्रतिनिधिसभामा कुनै दलको स्पष्ट बहुमत नभएमा संविधानअनुसार प्रधानमन्त्री कसलाई नियुक्त गर्न सकिन्छ?,A member of the House of Representatives who can command a majority with the support of two or more parties.,दुई वा दुईभन्दा बढी दलको समर्थनबाट बहुमत प्राप्त गर्न सक्ने प्रतिनिधिसभाको सदस्य।,Article 76(2).,Art. 76(2),Constitution of Nepal (2015),https://lawcommission.gov.np/en/?cat=152,Constitution,,,,
FE008,Constitution & Law,Council of Ministers,Comparison,Medium,"According to the Constitution, who appoints the Prime Minister, and on whose recommendation is the Council of Ministers constituted?",संविधानअनुसार प्रधानमन्त्री कसले नियुक्त गर्छन् र मन्त्रिपरिषद् कसको सिफारिसमा गठन हुन्छ?,"The President appoints the Prime Minister, and the Council of Ministers is constituted on the recommendation of the Prime Minister.",राष्ट्रपतिले प्रधानमन्त्री नियुक्त गर्छन् र प्रधानमन्त्रीको सिफारिसमा मन्त्रिपरिषद् गठन हुन्छ।,Compares Articles 76(1) and 76(9).,"Arts. 76(1), 76(9)",Constitution of Nepal (2015),https://lawcommission.gov.np/en/?cat=152,Constitution,,,,
FE009,Constitution & Law,Council of Ministers,Fact Retrieval,Easy,"According to the Constitution, what is the maximum number of Ministers that may comprise the Council of Ministers, including the Prime Minister?",संविधानअनुसार प्रधानमन्त्रीसहित मन्त्रिपरिषद्मा बढीमा कति जना मन्त्री रहन सक्छन्?,Twenty-five Ministers.,बढीमा २५ जना मन्त्री।,Article 76(9).,Art. 76(9),Constitution of Nepal (2015),https://lawcommission.gov.np/en/?cat=152,Constitution,,,,
FE010,Constitution & Law,Council of Ministers,Definition,Medium,"According to the Constitution, to whom are the Prime Minister and Ministers collectively responsible?",संविधानअनुसार प्रधानमन्त्री तथा मन्त्रीहरू सामूहिक रूपमा कसप्रति उत्तरदायी हुन्छन्?,The Federal Parliament.,संघीय संसद्।,Article 76(10).,Art. 76(10),Constitution of Nepal (2015),https://lawcommission.gov.np/en/?cat=152,Constitution,,,,
FE011,Constitution & Law,Prime Minister,Fact Retrieval,Easy,"According to the Constitution, to whom does the Prime Minister submit a written resignation?",संविधानअनुसार प्रधानमन्त्रीले आफ्नो लिखित राजीनामा कसलाई बुझाउँछन्?,The President.,राष्ट्रपति।,Article 77(1)(a) provides that the Prime Minister resigns by submitting a written resignation to the President.,Art. 77(1)(a),Constitution of Nepal (2015),https://lawcommission.gov.np/en/?cat=152,Constitution,,,,
FE012,Constitution & Law,Ministers,Fact Retrieval,Easy,"According to the Constitution, to whom does a Minister submit a written resignation?",संविधानअनुसार मन्त्रीले आफ्नो लिखित राजीनामा कसलाई बुझाउँछन्?,The Prime Minister.,प्रधानमन्त्री।,Article 77(2)(a).,Art. 77(2)(a),Constitution of Nepal (2015),https://lawcommission.gov.np/en/?cat=152,Constitution,,,,
FE013,Constitution & Law,Prime Minister,Definition,Medium,"According to the Constitution, what happens to the Council of Ministers if the office of the Prime Minister becomes vacant?",संविधानअनुसार प्रधानमन्त्रीको पद रिक्त भएमा मन्त्रिपरिषद्को के हुन्छ?,The same Council of Ministers continues to function until a new Council of Ministers is constituted.,नयाँ मन्त्रिपरिषद् गठन नभएसम्म सोही मन्त्रिपरिषद्ले कार्य सञ्चालन गरिरहन्छ।,Article 77(3).,Art. 77(3),Constitution of Nepal (2015),https://lawcommission.gov.np/en/?cat=152,Constitution,,,,
FE014,Constitution & Law,Prime Minister,Multi-hop Factual,Hard,"According to the Constitution, if the Prime Minister dies, who acts as the Prime Minister until a new Prime Minister is appointed?",संविधानअनुसार प्रधानमन्त्रीको मृत्यु भएमा नयाँ प्रधानमन्त्री नियुक्त नभएसम्म कार्यवाहक प्रधानमन्त्रीको रूपमा कसले काम गर्छ?,The senior-most Minister.,वरिष्ठतम मन्त्री।,Proviso to Article 77(3).,Art. 77(3) Proviso,Constitution of Nepal (2015),https://lawcommission.gov.np/en/?cat=152,Constitution,,,,
FE015,Constitution & Law,Ministers,Constitutional Provision,Easy,Which Article allows a person who is not a member of the Federal Parliament to be appointed as a Minister?,संघीय संसद्को सदस्य नभएको व्यक्तिलाई मन्त्री नियुक्त गर्न सकिने व्यवस्था कुन धारामा गरिएको छ?,Article 78.,धारा ७८।,Article 78 provides this exception.,Art. 78,Constitution of Nepal (2015),https://lawcommission.gov.np/en/?cat=152,Constitution,,,,
FE016,Constitution & Law,Ministers,Fact Retrieval,Medium,"According to the Constitution, within how many months must a Minister who is not a member of the Federal Parliament obtain membership?",संघीय संसद्को सदस्य नभएको मन्त्रीले कति महिनाभित्र संसद्को सदस्यता प्राप्त गर्नुपर्छ?,Within six months.,छ महिनाभित्र।,Article 78(2).,Art. 78(2),Constitution of Nepal (2015),https://lawcommission.gov.np/en/?cat=152,Constitution,,,,
FE017,Constitution & Law,Ministers,Entity Identification,Medium,"According to the Constitution, on whose recommendation may the President appoint a person who is not a member of the Federal Parliament as a Minister?",संविधानअनुसार संघीय संसद्को सदस्य नभएको व्यक्तिलाई मन्त्री नियुक्त गर्दा राष्ट्रपतिले कसको सिफारिसमा नियुक्त गर्छन्?,On the recommendation of the Prime Minister.,प्रधानमन्त्रीको सिफारिसमा।,Article 78(1).,Art. 78(1),Constitution of Nepal (2015),https://lawcommission.gov.np/en/?cat=152,Constitution,,,,
FE018,Constitution & Law,Ministers,Comparison,Medium,"According to the Constitution, who receives the resignation of the Prime Minister, and who receives the resignation of a Minister?",संविधानअनुसार प्रधानमन्त्रीको राजीनामा कसले प्राप्त गर्छ र मन्त्रीको राजीनामा कसले प्राप्त गर्छ?,"The President receives the Prime Minister's resignation, while the Prime Minister receives a Minister's resignation.",राष्ट्रपतिले प्रधानमन्त्रीको राजीनामा प्राप्त गर्छन् भने प्रधानमन्त्रीले मन्त्रीको राजीनामा प्राप्त गर्छन्।,Compares Articles 77(1)(a) and 77(2)(a).,"Arts. 77(1)(a), 77(2)(a)",Constitution of Nepal (2015),https://lawcommission.gov.np/en/?cat=152,Constitution,,,,
FE019,Constitution & Law,Ministers,Definition,Hard,"According to the Constitution, is a person who was defeated in the election to the current House of Representatives eligible to be appointed as a Minister during the term of that House?",वर्तमान प्रतिनिधिसभाको निर्वाचनमा पराजित भएको व्यक्ति सोही प्रतिनिधिसभाको कार्यकालमा मन्त्री नियुक्त हुन योग्य हुन्छ?,No. A person defeated in the election to the current House of Representatives is not eligible to be appointed as a Minister during that House's term.,हुँदैन। वर्तमान प्रतिनिधिसभाको निर्वाचनमा पराजित व्यक्ति सोही प्रतिनिधिसभाको कार्यकालभर मन्त्री नियुक्त हुन योग्य हुँदैन।,Article 78(4).,Art. 78(4),Constitution of Nepal (2015),https://lawcommission.gov.np/en/?cat=152,Constitution,,,,
FE020,Constitution & Law,Prime Minister & Ministers,Fact Retrieval,Easy,"According to the Constitution, by what type of law are the remuneration and other facilities of the Prime Minister and Ministers provided?",संविधानअनुसार प्रधानमन्त्री तथा मन्त्रीहरूको पारिश्रमिक तथा अन्य सुविधा कुन प्रकारको कानुनद्वारा निर्धारण गरिन्छ?,A Federal Act.,संघीय ऐन।,"Article 79. Until such an Act is enacted, they are as specified by the Government of Nepal.",Art. 79,Constitution of Nepal (2015),https://lawcommission.gov.np/en/?cat=152,Constitution,,,,
FE021,Constitution & Law,Oath of Office,Fact Retrieval,Easy,"According to the Constitution, before whom does the Prime Minister take the oath of office and secrecy?",संविधानअनुसार प्रधानमन्त्रीले पद तथा गोपनीयताको शपथ कसको समक्ष लिन्छन्?,The President.,राष्ट्रपति।,Article 80 provides that the Prime Minister takes the oath before the President.,Art. 80,Constitution of Nepal (2015),https://lawcommission.gov.np/en/?cat=152,Constitution,,,,
FE022,Constitution & Law,Oath of Office,Fact Retrieval,Easy,"According to the Constitution, before whom do Ministers of State and Assistant Ministers take the oath of office and secrecy?",संविधानअनुसार राज्यमन्त्री तथा सहायक मन्त्रीहरूले पद तथा गोपनीयताको शपथ कसको समक्ष लिन्छन्?,The Prime Minister.,प्रधानमन्त्री।,Article 80 distinguishes between Cabinet Ministers and Ministers of State/Assistant Ministers.,Art. 80,Constitution of Nepal (2015),https://lawcommission.gov.np/en/?cat=152,Constitution,,,,
FE023,Constitution & Law,Oath of Office,Comparison,Medium,"According to the Constitution, who administers the oath of office to the Prime Minister, and who administers the oath to Ministers of State and Assistant Ministers?",संविधानअनुसार प्रधानमन्त्रीलाई पद तथा गोपनीयताको शपथ कसले गराउँछ र राज्यमन्त्री तथा सहायक मन्त्रीलाई कसले शपथ गराउँछ?,"The President administers the oath to the Prime Minister, while the Prime Minister administers the oath to Ministers of State and Assistant Ministers.",राष्ट्रपतिले प्रधानमन्त्रीलाई शपथ गराउँछन् भने प्रधानमन्त्रीले राज्यमन्त्री तथा सहायक मन्त्रीलाई शपथ गराउँछन्।,Compares the oath-taking authorities under Article 80.,Art. 80,Constitution of Nepal (2015),https://lawcommission.gov.np/en/?cat=152,Constitution,,,,
FE024,Constitution & Law,Duties of the Prime Minister,Fact Retrieval,Medium,"According to the Constitution, who must inform the President about the resolutions of the Council of Ministers?",संविधानअनुसार मन्त्रिपरिषद्का निर्णयहरूको जानकारी राष्ट्रपतिलाई कसले गराउनुपर्छ?,The Prime Minister.,प्रधानमन्त्री।,Article 81(a).,Art. 81(a),Constitution of Nepal (2015),https://lawcommission.gov.np/en/?cat=152,Constitution,,,,
FE025,Constitution & Law,Duties of the Prime Minister,Entity Identification,Medium,"According to the Constitution, who has the duty to inform the President about Bills to be introduced in the Federal Parliament?",संविधानअनुसार संघीय संसद्मा पेश गरिने विधेयकहरूको जानकारी राष्ट्रपतिलाई गराउने दायित्व कसको हुन्छ?,The Prime Minister.,प्रधानमन्त्री।,Article 81(b).,Art. 81(b),Constitution of Nepal (2015),https://lawcommission.gov.np/en/?cat=152,Constitution,,,,
FE026,Constitution & Law,Duties of the Prime Minister,Definition,Medium,"According to the Constitution, what information regarding the country's affairs must the Prime Minister provide to the President?",संविधानअनुसार प्रधानमन्त्रीले राष्ट्रपतिलाई देशको अवस्थासम्बन्धी कुन जानकारी दिनुपर्छ?,The current general state of affairs of the country and matters concerning foreign relations.,देशको समसामयिक सामान्य अवस्था तथा वैदेशिक सम्बन्धसम्बन्धी विषयहरू।,Article 81(d).,Art. 81(d),Constitution of Nepal (2015),https://lawcommission.gov.np/en/?cat=152,Constitution,,,,
FE027,Constitution & Law,Government Business,Constitutional Provision,Easy,Which Article governs the transaction of the business of the Government of Nepal?,नेपाल सरकारको कार्य सञ्चालनसम्बन्धी व्यवस्था कुन धारामा गरिएको छ?,Article 82.,धारा ८२।,Article 82 governs the transaction of government business.,Art. 82,Constitution of Nepal (2015),https://lawcommission.gov.np/en/?cat=152,Constitution,,,,
FE028,Constitution & Law,Government Business,Fact Retrieval,Medium,"According to the Constitution, in accordance with what are the business of the Government of Nepal allocated and transacted?",संविधानअनुसार नेपाल सरकारको कार्य कुन आधारमा बाँडफाँट र सञ्चालन गरिन्छ?,In accordance with the rules approved by the Government of Nepal.,नेपाल सरकारले स्वीकृत गरेका नियमहरू अनुसार।,Article 82(1).,Art. 82(1),Constitution of Nepal (2015),https://lawcommission.gov.np/en/?cat=152,Constitution,,,,
FE029,Constitution & Law,Government Business,Multi-hop Factual,Hard,"According to the Constitution, can a court question whether the rules governing the transaction of the Government of Nepal's business have been observed?",संविधानअनुसार नेपाल सरकारको कार्य सञ्चालनसम्बन्धी नियमहरूको पालना भएको वा नभएको विषयमा अदालतमा प्रश्न उठाउन सकिन्छ?,No. No question may be raised in any court regarding whether those rules have been observed.,सकिँदैन। ती नियमहरूको पालना भएको वा नभएको विषयमा कुनै अदालतमा प्रश्न उठाउन सकिँदैन।,Article 82(2).,Art. 82(2),Constitution of Nepal (2015),https://lawcommission.gov.np/en/?cat=152,Constitution,,,,
FE030,Constitution & Law,Duties of the Prime Minister,Definition,Hard,"According to the Constitution, besides the resolutions of the Council of Ministers and Bills to be introduced in the Federal Parliament, name one additional category of information that the Prime Minister must provide to the President.",संविधानअनुसार मन्त्रिपरिषद्का निर्णय र संघीय संसद्मा पेश गरिने विधेयकबाहेक प्रधानमन्त्रीले राष्ट्रपतिलाई उपलब्ध गराउनुपर्ने थप जानकारीमध्ये एउटा उल्लेख गर्नुहोस्।,"Either (i) other necessary information requested by the President regarding those matters, or (ii) the current general state of affairs of the country and matters concerning foreign relations.","(१) ती विषयमा राष्ट्रपतिले मागेको अन्य आवश्यक जानकारी, वा (२) देशको समसामयिक सामान्य अवस्था तथा वैदेशिक सम्बन्धसम्बन्धी जानकारी।","Requires integrating Article 81(c) and 81(d), making it a controlled multi-clause factual question.",Art. 81(c)–(d),Constitution of Nepal (2015),https://lawcommission.gov.np/en/?cat=152,Constitution,,,,
FL001,Constitution & Law,Federal Legislative Procedure,Fact Retrieval,Easy,"According to the Constitution, in which House may a Money Bill be introduced?",संविधानअनुसार धन विधेयक कुन सदनमा मात्र प्रस्तुत गर्न सकिन्छ?,House of Representatives only.,प्रतिनिधि सभामा मात्र।,Article 110(1) provides that a Money Bill may be introduced only in the House of Representatives.,Art. 110(1),Constitution of Nepal (2015),,,,,,
FL002,Constitution & Law,Money Bill,Constitutional Provision,Medium,Can a Money Bill be introduced as a non-government Bill?,के धन विधेयक गैर-सरकारी विधेयकका रूपमा प्रस्तुत गर्न सकिन्छ?,No. It may be introduced only as a Government Bill.,सकिँदैन। यो सरकारको विधेयकका रूपमा मात्र प्रस्तुत गर्न सकिन्छ।,Article 110(2) requires every Money Bill to be introduced only as a Government Bill.,Art. 110(2),Constitution of Nepal (2015),,,,,,
FL003,Constitution & Law,Security Bills,Fact Retrieval,Medium,Bills concerning which security bodies must be introduced only as Government Bills?,कुन सुरक्षा निकायसँग सम्बन्धित विधेयकहरू सरकारको विधेयकका रूपमा मात्र प्रस्तुत गर्नुपर्छ?,"Nepal Army, Nepal Police, and Armed Police Force, Nepal.","नेपाली सेना, नेपाल प्रहरी र सशस्त्र प्रहरी बल, नेपाल।",Article 110(2) specifies these security bodies.,Art. 110(2),Constitution of Nepal (2015),,,,,,
FL004,Constitution & Law,Money Bill,Entity Identification,Medium,Who makes the final decision on whether a Bill is a Money Bill?,कुनै विधेयक धन विधेयक हो वा होइन भन्ने अन्तिम निर्णय कसले गर्छ?,The Speaker.,सभामुख।,Article 110(4) states that the Speaker's decision is final.,Art. 110(4),Constitution of Nepal (2015),,,,,,
FL005,Constitution & Law,Money Bill,Definition,Hard,"Does a Bill become a Money Bill solely because it imposes licence fees, application fees, renewal fees, fines, or imprisonment penalties?","के इजाजतपत्र शुल्क, निवेदन शुल्क, नवीकरण शुल्क, जरिवाना वा कैद सजायको व्यवस्था भएकै कारण कुनै विधेयक धन विधेयक मानिन्छ?",No.,हुँदैन।,The proviso to Article 110(3) explicitly excludes such Bills from being treated as Money Bills solely on that basis.,Art. 110(3),Constitution of Nepal (2015),,,,,,
FL006,Constitution & Law,Passage of Bills,Fact Retrieval,Medium,"Within how many days must the National Assembly return a Money Bill received from the House of Representatives with suggestions, if any?",प्रतिनिधि सभाबाट प्राप्त धन विधेयक राष्ट्रिय सभाले सुझावसहित कति दिनभित्र फिर्ता गर्नुपर्छ?,Within fifteen days.,पन्ध्र दिनभित्र।,Article 111(2) fixes a fifteen-day period.,Art. 111(2),Constitution of Nepal (2015),,,,,,
FL007,Constitution & Law,Money Bill,Multi-hop Factual,Hard,What may the House of Representatives do if the National Assembly does not return a Money Bill within fifteen days?,राष्ट्रिय सभाले धन विधेयक पन्ध्र दिनभित्र फिर्ता नगरे प्रतिनिधि सभाले के गर्न सक्छ?,It may present the Bill to the President for assent.,राष्ट्रपतिसमक्ष स्वीकृतिका लागि विधेयक प्रस्तुत गर्न सक्छ।,Article 111(4) permits the House of Representatives to present the Bill directly for assent after fifteen days.,Art. 111(4),Constitution of Nepal (2015),,,,,,
FL008,Constitution & Law,Ordinary Bills,Fact Retrieval,Medium,Within what period must the National Assembly return a Bill other than a Money Bill received from the House of Representatives?,प्रतिनिधि सभाबाट प्राप्त धन विधेयक बाहेकको विधेयक राष्ट्रिय सभाले कति अवधिभित्र फिर्ता गर्नुपर्छ?,Within two months.,दुई महिनाभित्र।,Article 111(5) prescribes a two-month period.,Art. 111(5),Constitution of Nepal (2015),,,,,,
FL009,Constitution & Law,Voting Procedure,Constitutional Provision,Hard,"If the National Assembly fails to return a non-Money Bill within two months, what majority is required in the House of Representatives to present it to the President for assent?","राष्ट्रिय सभाले धन विधेयक बाहेकको विधेयक दुई महिनाभित्र फिर्ता नगरे, राष्ट्रपतिसमक्ष स्वीकृतिका लागि पठाउन प्रतिनिधि सभामा कस्तो बहुमत आवश्यक पर्छ?",A majority of the total number of its existing members.,प्रतिनिधि सभाका तत्काल कायम रहेका कुल सदस्य सङ्ख्याको बहुमत।,Article 111(5) specifies the required majority.,Art. 111(5),Constitution of Nepal (2015),,,,,,
FL010,Constitution & Law,Passage of Bills,Comparison,Hard,Which type of Bill is excluded from the procedures under Article 111(6) regarding rejection or amendment by the other House?,अर्को सदनबाट अस्वीकृत वा संशोधन गरिने प्रक्रियाबाट कुन प्रकारको विधेयक बाहिर राखिएको छ?,A Money Bill.,धन विधेयक।,Article 111(6) applies to Bills other than Money Bills.,Art. 111(6),Constitution of Nepal (2015),,,,,,
FL011,Constitution & Law,Joint Sitting,Constitutional Provision,Hard,Which House presents a Bill to the President after it is passed in a joint sitting of both Houses?,दुवै सदनको संयुक्त बैठकबाट विधेयक पारित भएपछि राष्ट्रपतिसमक्ष कुन सदनले विधेयक प्रस्तुत गर्छ?,The House in which the Bill originated.,विधेयक प्रारम्भ भएको सदन।,Article 111(9) assigns this responsibility to the originating House.,Art. 111(9),Constitution of Nepal (2015),,,,,,
FL012,Constitution & Law,Legislative Procedure,Fact Retrieval,Medium,Does the prorogation of a House stop deliberations on a Bill?,कुनै सदनको अधिवेशन अन्त्य भएमा विधेयकमाथिको विचार रोकिन्छ?,No. Deliberations may continue in the succeeding session.,रोकिँदैन। अर्को अधिवेशनमा विचार जारी रहन सक्छ।,Article 111(10) permits deliberations to continue in the succeeding session.,Art. 111(10),Constitution of Nepal (2015),,,,,,
FL013,Constitution & Law,Legislative Procedure,Multi-hop Factual,Hard,What happens to a Bill introduced in the House of Representatives if that House is dissolved or its term expires while the Bill is under consideration?,प्रतिनिधि सभामा प्रस्तुत गरिएको विधेयक विचाराधीन अवस्थामै प्रतिनिधि सभा विघटन भए वा कार्यकाल समाप्त भए के हुन्छ?,The Bill lapses.,विधेयक निष्क्रिय (लोप) हुन्छ।,The proviso to Article 111(10) states that such a Bill lapses.,Art. 111(10),Constitution of Nepal (2015),,,,,,
FL014,Constitution & Law,Withdrawal of Bills,Fact Retrieval,Easy,"Who may withdraw a Bill, subject to the approval of the House?",सदनको स्वीकृतिसहित विधेयक कसले फिर्ता लिन सक्छ?,The person who introduced the Bill.,विधेयक प्रस्तुत गर्ने व्यक्तिले।,Article 112 authorizes the proposer of the Bill to withdraw it with House approval.,Art. 112,Constitution of Nepal (2015),,,,,,
FL015,Constitution & Law,Presidential Assent,Fact Retrieval,Medium,"Within how many days must the President give assent to a Bill submitted under Article 113, unless it is returned for reconsideration?",धारा ११३ बमोजिम पेश गरिएको विधेयकमा पुनर्विचारका लागि फिर्ता नगरिएमा राष्ट्रपतिले कति दिनभित्र स्वीकृति दिनुपर्छ?,Within fifteen days.,पन्ध्र दिनभित्र।,Article 113(2) requires assent within fifteen days.,Art. 113(2),Constitution of Nepal (2015),,,,,,
FL016,Constitution & Law,Presidential Assent,Comparison,Hard,Can the President return a Money Bill for reconsideration?,के राष्ट्रपतिले धन विधेयक पुनर्विचारका लागि फिर्ता पठाउन सक्छन्?,No.,सक्दैनन्।,Article 113(3) allows reconsideration only for Bills other than Money Bills.,Art. 113(3),Constitution of Nepal (2015),,,,,,
FL017,Constitution & Law,Ordinance,Constitutional Provision,Medium,Under what condition may the President promulgate an Ordinance?,राष्ट्रपतिले कुन अवस्थामा अध्यादेश जारी गर्न सक्छन्?,"When both Houses are not in session and immediate action is necessary, on the recommendation of the Council of Ministers.",दुवै सदन अधिवेशनमा नरहेको र तत्काल कार्य गर्न आवश्यक भएको अवस्थामा मन्त्रिपरिषद्को सिफारिसमा।,Article 114(1) specifies these constitutional conditions.,Art. 114(1),Constitution of Nepal (2015),,,,,,
FL018,Constitution & Law,Ordinance,Multi-hop Factual,Hard,"Unless it is earlier repealed or becomes ineffective, after how many days from the commencement of a meeting of both Houses does an Ordinance cease to be effective?","पहिले नै खारेज वा निष्प्रभावी नभएमा, दुवै सदनको बैठक प्रारम्भ भएको दिनदेखि कति दिनपछि अध्यादेश स्वतः निष्प्रभावी हुन्छ?",Sixty days.,साठी दिनपछि।,Article 114(2)(c) provides that an Ordinance automatically ceases to be effective after sixty days from the relevant meeting of both Houses.,Art. 114(2)(c),Constitution of Nepal (2015),,,,,,
FF001,Constitution & Law,Federal Financial Procedures,Constitutional Provision,Easy,"According to the Constitution, can a tax be levied except in accordance with law?",संविधानअनुसार कानुनबाहेक कर लगाउन सकिन्छ?,No. A tax may be levied only in accordance with law.,हुँदैन। कानुनबमोजिम मात्र कर लगाउन सकिन्छ।,Article 115(1) requires taxes to be levied only in accordance with law.,Art. 115(1),Constitution of Nepal (2015),,,,,,
FF002,Constitution & Law,Federal Financial Procedures,Fact Retrieval,Easy,Under what legal authority may the Government of Nepal raise loans or provide guarantees?,नेपाल सरकारले ऋण उठाउन वा जमानत दिन कुन कानुनी आधार आवश्यक हुन्छ?,Only as provided by Federal law.,संघीय कानुनले व्यवस्था गरेबमोजिम मात्र।,Article 115(2) limits government borrowing and guarantees to Federal law.,Art. 115(2),Constitution of Nepal (2015),,,,,,
FF003,Constitution & Law,Federal Consolidated Fund,Definition,Easy,What is the name of the government fund into which most federal revenues are credited?,अधिकांश संघीय राजस्व जम्मा हुने सरकारी कोषको नाम के हो?,The Federal Consolidated Fund.,संघीय सञ्चित कोष।,Article 116 establishes the Federal Consolidated Fund.,Art. 116,Constitution of Nepal (2015),,,,,,
FF004,Constitution & Law,Federal Consolidated Fund,Fact Retrieval,Medium,Which type of revenue is excluded from being credited to the Federal Consolidated Fund?,संघीय सञ्चित कोषमा जम्मा नगर्ने राजस्व कुन हो?,Revenues of trusts (Guthi).,गुठीको राजस्व।,Article 116 expressly excludes Guthi revenues.,Art. 116,Constitution of Nepal (2015),,,,,,
FF005,Constitution & Law,Federal Expenditure,Fact Retrieval,Medium,Name one circumstance in which expenditure may legally be incurred from the Federal Consolidated Fund.,संघीय सञ्चित कोषबाट खर्च गर्न मिल्ने एउटा संवैधानिक अवस्था उल्लेख गर्नुहोस्।,"For example, expenditure authorized under a Federal Appropriation Act.","उदाहरणका लागि, संघीय विनियोजन ऐनद्वारा स्वीकृत खर्च।",Article 117 lists the constitutionally permitted expenditures.,Art. 117,Constitution of Nepal (2015),,,,,,
FF006,Constitution & Law,Federal Expenditure,Multi-hop Factual,Hard,"Which Article governs matters relating to the Federal Contingency Fund, even though Article 117 discusses expenditures?",खर्चसम्बन्धी व्यवस्था Article 117 मा भए पनि संघीय आकस्मिक कोषसम्बन्धी विषय कुन धाराले नियमन गर्छ?,Article 124.,धारा १२४।,The proviso to Article 117 specifically refers to Article 124.,"Art. 117, Art. 124",Constitution of Nepal (2015),,,,,,
FF007,Constitution & Law,Charged Expenditure,Fact Retrieval,Easy,Does expenditure charged on the Federal Consolidated Fund require approval of the Federal Parliament?,संघीय सञ्चित कोषमा भारित खर्चका लागि संघीय संसदको स्वीकृति आवश्यक हुन्छ?,No.,हुँदैन।,Article 118 states that charged expenditures do not require parliamentary approval.,Art. 118,Constitution of Nepal (2015),,,,,,
FF008,Constitution & Law,Charged Expenditure,Entity Identification,Medium,Which constitutional office holders' remuneration is charged on the Federal Consolidated Fund under Article 118(a)?,धारा ११८(क) अनुसार संघीय सञ्चित कोषमा भारित हुने पारिश्रमिक कुन पदाधिकारीहरूको हो?,The President and the Vice-President.,राष्ट्रपति र उपराष्ट्रपति।,Article 118(a) specifies these constitutional offices.,Art. 118(a),Constitution of Nepal (2015),,,,,,
FF009,Constitution & Law,Charged Expenditure,Fact Retrieval,Medium,Are administrative expenses of the Supreme Court charged on the Federal Consolidated Fund?,सर्वोच्च अदालतका प्रशासनिक खर्चहरू संघीय सञ्चित कोषमा भारित हुन्छन्?,Yes.,हुन्छन्।,Article 118(f) includes administrative expenses of the Supreme Court.,Art. 118(f),Constitution of Nepal (2015),,,,,,
FF010,Constitution & Law,Annual Budget,Fact Retrieval,Easy,Which Minister presents the annual estimates of revenues and expenditures before the joint sitting of the Federal Parliament?,संघीय संसदको संयुक्त बैठकमा वार्षिक आय–व्ययको अनुमान कसले पेश गर्छ?,The Minister for Finance.,अर्थमन्त्री।,Article 119(1) assigns this responsibility to the Minister for Finance.,Art. 119(1),Constitution of Nepal (2015),,,,,,
FF011,Constitution & Law,Annual Budget,Fact Retrieval,Medium,Before which parliamentary body are the annual estimates of revenues and expenditures presented?,वार्षिक आय–व्ययको अनुमान संघीय संसदको कुन निकायसमक्ष पेश गरिन्छ?,The joint sitting of both Houses of the Federal Parliament.,संघीय संसदका दुवै सदनको संयुक्त बैठकसमक्ष।,Article 119(1) specifies a joint sitting of both Houses.,Art. 119(1),Constitution of Nepal (2015),,,,,,
FF012,Constitution & Law,Annual Budget,Fact Retrieval,Easy,On which date must the Minister for Finance present the annual estimates of revenues and expenditures?,अर्थमन्त्रीले वार्षिक आय–व्ययको अनुमान प्रत्येक वर्ष कुन मितिमा पेश गर्नुपर्छ?,On the 15th day of Jesta (mid-May).,प्रत्येक वर्ष जेठ १५ गते।,Article 119(3) fixes the constitutional budget presentation date.,Art. 119(3),Constitution of Nepal (2015),,,,,,
FF013,Constitution & Law,Annual Budget,Multi-hop Factual,Hard,"Besides revenue and expenditure estimates, what additional information must accompany the annual estimate?",आय–व्ययको अनुमानसँगै थप कुन विवरण अनिवार्य रूपमा प्रस्तुत गर्नुपर्छ?,A statement of the previous year's ministry-wise expenses and whether the objectives of those expenditures were achieved.,अघिल्लो आर्थिक वर्षका मन्त्रालयगत खर्च र तिनका उद्देश्य पूरा भए वा नभएको विवरण।,Article 119(2) requires performance information alongside budget estimates.,Art. 119(2),Constitution of Nepal (2015),,,,,,
FF014,Constitution & Law,Appropriation Act,Definition,Easy,In which Bill are expenditures under an Appropriation Act specified?,विनियोजन ऐनअन्तर्गतका खर्च कुन विधेयकमा उल्लेख गरिन्छ?,The Appropriation Bill.,विनियोजन विधेयक।,Article 120 provides this requirement.,Art. 120,Constitution of Nepal (2015),,,,,,
FF015,Constitution & Law,Supplementary Estimates,Multi-hop Factual,Medium,Mention one constitutional circumstance in which the Minister for Finance may present a supplementary estimate.,अर्थमन्त्रीले कुन अवस्थामा पूरक अनुमान पेश गर्न सक्छन्?,"For example, when the amount authorized for a service is insufficient.","उदाहरणका लागि, कुनै सेवाका लागि स्वीकृत रकम अपर्याप्त भएमा।",Article 121(1) lists the circumstances permitting supplementary estimates.,Art. 121(1),Constitution of Nepal (2015),,,,,,
FF016,Constitution & Law,Vote on Account,Fact Retrieval,Medium,What is the maximum amount that may be authorized through a Vote on Account?,लेखानुदानमार्फत अधिकतम कति रकम स्वीकृत गर्न सकिन्छ?,It shall not exceed one-third of the estimated expenditure for the financial year.,आर्थिक वर्षको अनुमानित खर्चको एक-तिहाइभन्दा बढी हुन सक्दैन।,Article 122(2) sets the constitutional limit.,Art. 122(2),Constitution of Nepal (2015),,,,,,
FF017,Constitution & Law,Vote on Account,Comparison,Hard,Which constitutional document must be presented before a Vote on Account Bill can be introduced?,लेखानुदान विधेयक पेश गर्नुअघि कुन संवैधानिक दस्तावेज अनिवार्य रूपमा पेश गरिएको हुनुपर्छ?,The annual estimates of revenues and expenditures under Article 119.,धारा ११९ अनुसारको वार्षिक आय–व्ययको अनुमान।,Article 122(2) links the Vote on Account to Article 119.,"Art. 122(2), Art. 119",Constitution of Nepal (2015),,,,,,
FF018,Constitution & Law,Vote of Credit,Definition,Medium,Under what type of circumstances may a Vote of Credit Bill be introduced?,कस्ता परिस्थितिमा Vote of Credit विधेयक पेश गर्न सकिन्छ?,During emergencies when it is impractical or inexpedient to specify expenditure details.,खर्चको विस्तृत विवरण दिन व्यावहारिक वा उपयुक्त नहुने आपत्कालीन अवस्थामा।,Article 123 defines the purpose of a Vote of Credit Bill.,Art. 123,Constitution of Nepal (2015),,,,,,
FF019,Constitution & Law,Federal Contingency Fund,Fact Retrieval,Medium,Who controls the Federal Contingency Fund?,संघीय आकस्मिक कोषको नियन्त्रण कसको हुन्छ?,The Government of Nepal.,नेपाल सरकार।,Article 124(2) vests control of the fund in the Government of Nepal.,Art. 124(2),Constitution of Nepal (2015),,,,,,
FF020,Constitution & Law,Federal Contingency Fund,Multi-hop Factual,Medium,What must happen after money is spent from the Federal Contingency Fund?,संघीय आकस्मिक कोषबाट खर्च भएपछि त्यस रकमबारे के गर्नुपर्छ?,The amount must be reimbursed as soon as possible in accordance with Federal law.,संघीय कानुनबमोजिम सकेसम्म चाँडो प्रतिपूर्ति गर्नुपर्छ।,Article 124(3) requires reimbursement of contingency expenditures.,Art. 124(3),Constitution of Nepal (2015),,,,,,
JD001,Constitution & Law,Judiciary Structure,Fact Retrieval,Easy,"According to the Constitution, which three courts constitute Nepal's judiciary?",संविधानअनुसार नेपालको न्यायपालिकामा कुन तीन तहका अदालतहरू छन्?,"Supreme Court, High Court, and District Court.","सर्वोच्च अदालत, उच्च अदालत र जिल्ला अदालत।",Article 127 defines the three levels of courts.,Art.127,Constitution of Nepal (2015),,,,,,
JD002,Constitution & Law,Judiciary Structure,Fact Retrieval,Easy,Does the Constitution allow judicial bodies at the local level?,के संविधानले स्थानीय तहमा न्यायिक निकाय गठन गर्न अनुमति दिन्छ?,"Yes, judicial bodies may be formed at the local level as provided by law.","हो, कानुनबमोजिम स्थानीय तहमा न्यायिक निकाय गठन गर्न सकिन्छ।",Article 127(2).,Art.127,Constitution of Nepal (2015),,,,,,
JD003,Constitution & Law,Supreme Court,Fact Retrieval,Easy,Which court has the final authority to interpret the Constitution and laws?,संविधान र कानुनको अन्तिम व्याख्या गर्ने अधिकार कुन अदालतलाई छ?,The Supreme Court.,सर्वोच्च अदालत।,Article 128(2).,Art.128,Constitution of Nepal (2015),,,,,,
JD004,Constitution & Law,Supreme Court,Numerical Reasoning,Medium,"Excluding the Chief Justice, what is the maximum number of Supreme Court Judges?",प्रधानन्यायाधीशबाहेक सर्वोच्च अदालतमा अधिकतम कति न्यायाधीश हुन सक्छन्?,Twenty.,बीस।,Article 129(1).,Art.129,Constitution of Nepal (2015),,,,,,
JD005,Constitution & Law,Appointment,Fact Retrieval,Easy,Who appoints the Chief Justice?,प्रधानन्यायाधीशलाई कसले नियुक्त गर्छ?,The President on the recommendation of the Constitutional Council.,संवैधानिक परिषद्को सिफारिसमा राष्ट्रपतिले।,Article 129(2).,Art.129,Constitution of Nepal (2015),,,,,,
JD006,Constitution & Law,Appointment,Comparison,Medium,"Which body recommends the appointment of the Chief Justice, and which body recommends Supreme Court Judges?",प्रधानन्यायाधीश र सर्वोच्च अदालतका न्यायाधीश नियुक्तिका लागि सिफारिस गर्ने निकाय फरक–फरक कुन हुन्?,"The Constitutional Council recommends the Chief Justice, while the Judicial Council recommends Supreme Court Judges.",प्रधानन्यायाधीशका लागि संवैधानिक परिषद् र सर्वोच्च अदालतका न्यायाधीशका लागि न्याय परिषद्।,Article 129(2).,Art.129,Constitution of Nepal (2015),,,,,,
JD007,Constitution & Law,Qualification,Eligibility,Medium,How many years must a Supreme Court Judge have served before becoming eligible for appointment as Chief Justice?,प्रधानन्यायाधीश बन्न सर्वोच्च अदालतको न्यायाधीशले कम्तीमा कति वर्ष सेवा गरेको हुनुपर्छ?,At least three years.,कम्तीमा तीन वर्ष।,Article 129(3).,Art.129,Constitution of Nepal (2015),,,,,,
JD008,Constitution & Law,Qualification,Comparison,Hard,Name any three alternative qualifications for appointment as a Supreme Court Judge.,सर्वोच्च अदालतको न्यायाधीश बन्नका लागि वैकल्पिक योग्यतामध्ये कुनै तीन उल्लेख गर्नुहोस्।,"Any three among: High Court Judge for 5 years, advocate/senior advocate for 15 years, distinguished jurist for 15 years, Judicial Service first-class officer for 12 years.",संविधानमा उल्लेखित चार वैकल्पिक योग्यतामध्ये कुनै तीन।,Article 129(5).,Art.129,Constitution of Nepal (2015),,,,,,
JD009,Constitution & Law,Acting Chief Justice,Procedural,Medium,Who acts as Chief Justice if the Chief Justice is absent or the office is vacant?,प्रधानन्यायाधीश अनुपस्थित वा पद रिक्त भए कसले कार्यवाहक प्रधानन्यायाधीशको रूपमा काम गर्छ?,The senior-most Judge of the Supreme Court.,सर्वोच्च अदालतका वरिष्ठतम न्यायाधीश।,Article 129(6).,Art.129,Constitution of Nepal (2015),,,,,,
JD010,Constitution & Law,Retirement,Fact Retrieval,Easy,At what age does a Supreme Court Judge retire?,सर्वोच्च अदालतका न्यायाधीशको अनिवार्य अवकाश उमेर कति हो?,Sixty-five years.,६५ वर्ष।,Article 131(b).,Art.131,Constitution of Nepal (2015),,,,,,
JD011,Constitution & Law,Jurisdiction,Conceptual,Medium,Can the Supreme Court declare a law void if it is inconsistent with the Constitution?,संविधानसँग बाझिने कानुनलाई सर्वोच्च अदालतले बदर गर्न सक्छ?,Yes.,हो।,Article 133(1).,Art.133,Constitution of Nepal (2015),,,,,,
JD012,Constitution & Law,Writ Jurisdiction,Fact Retrieval,Medium,Name any three writs that the Supreme Court may issue.,सर्वोच्च अदालतले जारी गर्न सक्ने कुनै तीन रिटको नाम लेख्नुहोस्।,"Any three of: Habeas Corpus, Mandamus, Certiorari, Prohibition, Quo Warranto.","हेबियस कर्पस, परमादेश, उत्प्रेषण, निषेधाज्ञा, अधिकार पृच्छामध्ये कुनै तीन।",Article 133(3).,Art.133,Constitution of Nepal (2015),,,,,,
JD013,Constitution & Law,Constitutional Bench,Numerical Reasoning,Medium,How many judges constitute the Constitutional Bench?,संवैधानिक इजलासमा कति जना न्यायाधीश हुन्छन्?,Five judges including the Chief Justice.,प्रधानन्यायाधीशसहित पाँच जना।,Article 137(1).,Art.137,Constitution of Nepal (2015),,,,,,
JD014,Constitution & Law,Constitutional Bench,Reasoning,Hard,Which bench settles disputes relating to jurisdiction between the Federation and States?,संघ र प्रदेशबीचको अधिकारक्षेत्रसम्बन्धी विवाद कुन इजलासले टुंग्याउँछ?,The Constitutional Bench of the Supreme Court.,सर्वोच्च अदालतको संवैधानिक इजलास।,Article 137(2).,Art.137,Constitution of Nepal (2015),,,,,,
JD015,Constitution & Law,High Court,Fact Retrieval,Easy,How many High Courts are established under the Constitution?,संविधानअनुसार कति उच्च अदालत रहने व्यवस्था छ?,One in each State.,प्रत्येक प्रदेशमा एक।,Article 139(1).,Art.139,Constitution of Nepal (2015),,,,,,
JD016,Constitution & Law,Appointment,Fact Retrieval,Easy,Who appoints the Chief Judge of a High Court?,उच्च अदालतका मुख्य न्यायाधीशलाई कसले नियुक्त गर्छ?,The Chief Justice on the recommendation of the Judicial Council.,न्याय परिषद्को सिफारिसमा प्रधानन्यायाधीश।,Article 140(1).,Art.140,Constitution of Nepal (2015),,,,,,
JD017,Constitution & Law,Retirement,Comparison,Medium,Compare the retirement ages of Supreme Court Judges and High Court Judges.,सर्वोच्च अदालत र उच्च अदालतका न्यायाधीशको अनिवार्य अवकाश उमेर तुलना गर्नुहोस्।,Supreme Court Judges retire at 65 years; High Court Judges retire at 63 years.,"सर्वोच्चका ६५ वर्ष, उच्च अदालतका ६३ वर्ष।",Articles 131 and 142.,"Arts.131,142",Constitution of Nepal (2015),,,,,,
JD018,Constitution & Law,District Court,Fact Retrieval,Easy,How many District Courts are provided under the Constitution?,संविधानअनुसार कति जिल्ला अदालत रहने व्यवस्था छ?,One in each district.,प्रत्येक जिल्लामा एक।,Article 148.,Art.148,Constitution of Nepal (2015),,,,,,
JD019,Constitution & Law,District Court,Numerical Reasoning,Medium,What percentage of District Judge vacancies are filled through open competition from advocates and other eligible legal professionals?,जिल्ला न्यायाधीशको रिक्त पदमध्ये वकिल तथा अन्य योग्य कानुनी पेशाकर्मीका लागि खुला प्रतिस्पर्धाबाट कति प्रतिशत पद पूर्ति हुन्छ?,Forty percent.,४० प्रतिशत।,Article 149(2)(c).,Art.149,Constitution of Nepal (2015),,,,,,
JD020,Constitution & Law,Specialized Courts,Conceptual,Medium,Can a specialized court be created for a specific individual case?,कुनै विशेष मुद्दाका लागि मात्र विशेष अदालत गठन गर्न मिल्छ?,No.,मिल्दैन।,Article 152(1) expressly prohibits it.,Art.152,Constitution of Nepal (2015),,,,,,
JD021,Constitution & Law,Judicial Council,Composition,Medium,Who chairs the Judicial Council?,न्याय परिषद्को अध्यक्ष को हुन्छ?,The Chief Justice.,प्रधानन्यायाधीश।,Article 153.,Art.153,Constitution of Nepal (2015),,,,,,
JD022,Constitution & Law,Judicial Council,Numerical Reasoning,Medium,How long is the term of the nominated members of the Judicial Council?,न्याय परिषद्का मनोनीत सदस्यहरूको कार्यकाल कति वर्षको हुन्छ?,Four years.,चार वर्ष।,Article 153(2).,Art.153,Constitution of Nepal (2015),,,,,,
JD023,Constitution & Law,Judicial Service Commission,Composition,Medium,Who chairs the Judicial Service Commission?,न्याय सेवा आयोगको अध्यक्ष को हुन्छ?,The Chief Justice.,प्रधानन्यायाधीश।,Article 154.,Art.154,Constitution of Nepal (2015),,,,,,
JD024,Constitution & Law,Retirement of Judges,Constitutional Reasoning,Hard,"A Supreme Court Judge and a High Court Judge are both 64 years old. According to the Constitution, which judge must retire first?",सर्वोच्च अदालतका एक न्यायाधीश र उच्च अदालतका एक न्यायाधीश दुवै ६४ वर्षका छन्। संविधानअनुसार पहिले कसले अवकाश लिनुपर्छ?,"The High Court Judge must retire first because the retirement age is 63 years, whereas Supreme Court Judges retire at 65 years.","उच्च अदालतका न्यायाधीशले पहिले अवकाश लिनुपर्छ, किनकि उच्च अदालतको अवकाश उमेर ६३ वर्ष हो भने सर्वोच्च अदालतका न्यायाधीशको ६५ वर्ष हो।",Tests reasoning using the different retirement ages prescribed in Articles 131 and 142 instead of simple fact recall.,"Arts.131,142",Constitution of Nepal (2015),,,,,,
JD025,Constitution & Law,Constitutional Jurisdiction,Comparison,Hard,"Although both the Supreme Court and High Courts may issue constitutional writs, which court has the final authority to interpret the Constitution?",सर्वोच्च अदालत र उच्च अदालत दुवैले संवैधानिक रिट जारी गर्न सक्ने भए पनि संविधानको अन्तिम व्याख्या गर्ने अधिकार कुन अदालतलाई छ?,The Supreme Court has the final authority to interpret the Constitution.,संविधानको अन्तिम व्याख्या गर्ने अधिकार सर्वोच्च अदालतलाई छ।,"Both courts possess writ jurisdiction, but only the Supreme Court has final constitutional interpretative authority under Article 128.","Arts.128,144",Constitution of Nepal (2015),,,,,,
JD026,Constitution & Law,Judicial Hierarchy,Hierarchical Reasoning,Hard,"Are all courts and judicial bodies in Nepal subordinate to the Supreme Court? If not, what constitutional qualification applies?",के नेपालका सबै अदालत तथा न्यायिक निकाय सर्वोच्च अदालतअन्तर्गत हुन्छन्? यदि होइन भने संविधानले के अपवाद राखेको छ?,"Yes, except where otherwise provided by the Constitution.","हो, तर संविधानले अन्यथा व्यवस्था गरेको अवस्थामा अपवाद लागू हुन्छ।","Tests understanding of the constitutional qualification in Article 128(2), not absolute recall.",Art.128,Constitution of Nepal (2015),,,,,,
JD027,Constitution & Law,Judicial Review,Constitutional Interpretation,Hard,"Can the Supreme Court declare a law void from the beginning of its existence, or only from the date of its judgment?","के सर्वोच्च अदालतले कुनै कानुनलाई प्रारम्भदेखि नै बदर गर्न सक्छ, वा निर्णय भएको मितिदेखि मात्र?",It may declare the law void either ab initio or from the date of its decision.,सर्वोच्च अदालतले कानुनलाई प्रारम्भदेखि नै वा आफ्नो निर्णय भएको मितिदेखि बदर गर्न सक्छ।,Tests understanding of Article 133(1).,Art.133,Constitution of Nepal (2015),,,,,,
JD028,Constitution & Law,Constitutional Bench,Jurisdiction Comparison,Hard,Which body settles disputes regarding the disqualification of members of the Federal Parliament: the full Supreme Court or the Constitutional Bench?,संघीय संसदका सदस्यको अयोग्यतासम्बन्धी विवाद सर्वोच्च अदालतको पूर्ण इजलासले टुंग्याउँछ वा संवैधानिक इजलासले?,The Constitutional Bench.,संवैधानिक इजलास।,Article 137 specifically assigns this jurisdiction.,Art.137,Constitution of Nepal (2015),,,,,,
JD029,Constitution & Law,Specialized Courts,Constitutional Limitation,Medium,Can a specialized court be established to hear only one specific case?,कुनै एउटा विशेष मुद्दा सुनुवाइ गर्न मात्रै विशेष अदालत स्थापना गर्न मिल्छ?,No. The Constitution expressly prohibits creating a specialized court for a specific case.,मिल्दैन। संविधानले कुनै विशेष मुद्दाका लागि मात्र विशेष अदालत गठन गर्न निषेध गरेको छ।,Article 152(1).,Art.152,Constitution of Nepal (2015),,,,,,
JD030,Constitution & Law,Judicial Council,Composition,Hard,Which member of the Judicial Council is nominated on the recommendation of the Nepal Bar Association?,न्याय परिषद्मा नेपाल बार एसोसिएसनको सिफारिसमा नियुक्त हुने सदस्य को हुन्?,A senior advocate or advocate with at least twenty years of experience.,कम्तीमा बीस वर्ष अनुभव भएका वरिष्ठ अधिवक्ता वा अधिवक्ता।,This is an easily hallucinated constitutional detail.,Art.153,Constitution of Nepal (2015),,,,,,
JD031,Constitution & Law,District Court,Numerical Reasoning,Hard,"What proportion of vacant District Judge posts is filled through seniority, and what proportion through open competitive examination?",जिल्ला न्यायाधीशका रिक्त पदमध्ये कति प्रतिशत वरिष्ठताका आधारमा र कति प्रतिशत खुला प्रतिस्पर्धाबाट पूर्ति गरिन्छ?,"20% through seniority, 80% through open competitive examination (40% Judicial Service officers and 40% advocates/other eligible candidates).",२०% वरिष्ठताका आधारमा र ८०% खुला प्रतिस्पर्धाबाट (४०% न्याय सेवा र ४०% अन्य योग्य उम्मेदवार)।,Requires combining all three categories in Article 149(2).,Art.149,Constitution of Nepal (2015),,,,,,
JD032,Constitution & Law,Retirement After Office,Comparison,Hard,"After retirement, may a former Supreme Court Judge and a former High Court Judge both practice law? Compare their constitutional positions.",अवकाशपछि पूर्व सर्वोच्च अदालतका न्यायाधीश र पूर्व उच्च अदालतका न्यायाधीश दुवैले वकालत गर्न पाउँछन्? उनीहरूको संवैधानिक व्यवस्था तुलना गर्नुहोस्।,"A retired Supreme Court Judge may not practice law, mediation, or arbitration before any office or court, whereas a retired High Court Judge may practice before the Supreme Court and other High Courts except the High Court where they served.","पूर्व सर्वोच्च अदालतका न्यायाधीशले कुनै अदालत वा निकायमा वकालत, मध्यस्थता वा मध्यनिर्णय गर्न पाउँदैनन्, तर पूर्व उच्च अदालतका न्यायाधीशले आफू कार्यरत रहेको उच्च अदालतबाहेक सर्वोच्च तथा अन्य उच्च अदालतमा वकालत गर्न सक्छन्।",Excellent comparison between Articles 135 and 146.,"Arts.135,146",Constitution of Nepal (2015),,,,,,
AG001,Constitution & Law,Appointment,Fact Retrieval,Easy,Who appoints the Attorney General of Nepal?,नेपालको महान्यायाधिवक्तालाई कसले नियुक्त गर्छ?,The President appoints the Attorney General on the recommendation of the Prime Minister.,प्रधानमन्त्रीको सिफारिसमा राष्ट्रपतिले महान्यायाधिवक्ता नियुक्त गर्छन्।,Article 157(2).,Art.157,Constitution of Nepal (2015),,,,,,
AG002,Constitution & Law,Appointment,Comparison,Medium,Compare the appointment process of the Attorney General and the Chief Attorney.,महान्यायाधिवक्ता र मुख्य न्यायाधिवक्ताको नियुक्ति प्रक्रिया तुलना गर्नुहोस्।,"The Attorney General is appointed by the President on the recommendation of the Prime Minister, whereas the Chief Attorney is appointed by the Chief of State on the recommendation of the concerned Chief Minister.",महान्यायाधिवक्ता प्रधानमन्त्रीको सिफारिसमा राष्ट्रपतिले नियुक्त गर्छन् भने मुख्य न्यायाधिवक्तालाई सम्बन्धित मुख्यमन्त्रीको सिफारिसमा प्रदेश प्रमुखले नियुक्त गर्छन्।,Compares Articles 157 and 160.,"Arts.157,160",Constitution of Nepal (2015),,,,,,
AG003,Constitution & Law,Qualification,Comparison,Medium,What qualifications are required for appointment as the Attorney General and the Chief Attorney?,महान्यायाधिवक्ता र मुख्य न्यायाधिवक्ता बन्न कस्तो योग्यता आवश्यक हुन्छ?,"The Attorney General must be qualified to become a Supreme Court Judge, while the Chief Attorney must be qualified to become a High Court Judge.",महान्यायाधिवक्ता सर्वोच्च अदालतको न्यायाधीश बन्न योग्य हुनुपर्छ भने मुख्य न्यायाधिवक्ता उच्च अदालतको न्यायाधीश बन्न योग्य हुनुपर्छ।,Compares Articles 157(3) and 160(3).,"Arts.157,160",Constitution of Nepal (2015),,,,,,
AG004,Constitution & Law,Tenure,Conceptual,Medium,During whose pleasure does the Attorney General hold office?,महान्यायाधिवक्ता कसको इच्छासम्म पदमा रहन्छ?,During the pleasure of the Prime Minister.,प्रधानमन्त्रीको इच्छासम्म।,Article 157(2).,Art.157,Constitution of Nepal (2015),,,,,,
AG005,Constitution & Law,Legal Advisory,Fact Retrieval,Easy,Who is the chief legal advisor to the Government of Nepal?,नेपाल सरकारको प्रमुख कानुनी सल्लाहकार को हो?,The Attorney General.,महान्यायाधिवक्ता।,Article 158(1).,Art.158,Constitution of Nepal (2015),,,,,,
AG006,Constitution & Law,Powers,Procedural Reasoning,Hard,"Before a case filed on behalf of the Government of Nepal can be withdrawn, whose opinion must be obtained?",नेपाल सरकारको तर्फबाट दायर गरिएको मुद्दा फिर्ता लिनुअघि कसको राय लिन अनिवार्य हुन्छ?,The opinion of the Attorney General.,महान्यायाधिवक्ताको राय।,Article 158(3).,Art.158,Constitution of Nepal (2015),,,,,,
AG007,Constitution & Law,Representation,Fact Retrieval,Medium,"Who represents the Government of Nepal in lawsuits involving its rights, interests, or concerns?","नेपाल सरकारको हक, हित वा सरोकार भएका मुद्दामा सरकारको प्रतिनिधित्व कसले गर्छ?",The Attorney General or government attorneys subordinate to the Attorney General.,महान्यायाधिवक्ता वा उहाँअन्तर्गतका सरकारी वकिलहरूले।,Article 158(2).,Art.158,Constitution of Nepal (2015),,,,,,
AG008,Constitution & Law,Constitutional Powers,Constitutional Interpretation,Hard,"Does the Attorney General have the constitutional right to appear before any court, office, or authority in Nepal while performing official duties?","आफ्नो कर्तव्य निर्वाह गर्ने क्रममा महान्यायाधिवक्तालाई नेपालका कुनै पनि अदालत, कार्यालय वा निकायमा उपस्थित हुने संवैधानिक अधिकार छ?","Yes. While performing official duties, the Attorney General has the right to appear before any court, office, or authority in Nepal.","छ। आफ्नो कर्तव्य निर्वाह गर्ने क्रममा महान्यायाधिवक्तालाई नेपालका कुनै पनि अदालत, कार्यालय वा निकायमा उपस्थित हुने अधिकार हुन्छ।",Article 158(5).,Art.158,Constitution of Nepal (2015),,,,,,
AG009,Constitution & Law,Human Rights,Procedural Reasoning,Hard,What action may the Attorney General take if a complaint alleges that a person in custody has not been treated humanely?,हिरासतमा रहेको व्यक्तिलाई मानवीय व्यवहार नगरिएको भन्ने उजुरी आएमा महान्यायाधिवक्ताले के गर्न सक्छन्?,The Attorney General may inquire into the matter and issue necessary directions to the concerned authority to prevent such acts.,महान्यायाधिवक्ताले अनुसन्धान गरी त्यस्ता कार्य रोक्न सम्बन्धित निकायलाई आवश्यक निर्देशन दिन सक्छन्।,Article 158(6)(c).,Art.158,Constitution of Nepal (2015),,,,,,
AG010,Constitution & Law,Annual Report,Fact Retrieval,Medium,To whom does the Attorney General submit the annual report?,महान्यायाधिवक्ताले वार्षिक प्रतिवेदन कसलाई बुझाउँछन्?,"The President, who lays it before the Federal Parliament through the Prime Minister.","राष्ट्रपतिलाई, जसले प्रधानमन्त्रीमार्फत संघीय संसदमा पेश गराउँछन्।",Article 159(1).,Art.159,Constitution of Nepal (2015),,,,,,
AG011,Constitution & Law,State Attorney,Comparison,Hard,Compare the chief legal advisors of the Federal Government and the State Government.,संघीय सरकार र प्रदेश सरकारका प्रमुख कानुनी सल्लाहकारको तुलना गर्नुहोस्।,"The Attorney General is the chief legal advisor to the Government of Nepal, whereas the Chief Attorney is the chief legal advisor to the State Government.",महान्यायाधिवक्ता नेपाल सरकारका प्रमुख कानुनी सल्लाहकार हुन् भने मुख्य न्यायाधिवक्ता प्रदेश सरकारका प्रमुख कानुनी सल्लाहकार हुन्।,Compares Articles 158 and 160.,"Arts.158,160",Constitution of Nepal (2015),,,,,,
AG012,Constitution & Law,Administrative Structure,Reasoning,Hard,Is the Office of the Chief Attorney administratively independent of the Office of the Attorney General?,के मुख्य न्यायाधिवक्ताको कार्यालय प्रशासनिक रूपमा महान्यायाधिवक्ताको कार्यालयबाट स्वतन्त्र हुन्छ?,No. The Office of the Attorney General manages the employees under the Office of the Chief Attorney.,हुँदैन। मुख्य न्यायाधिवक्ताको कार्यालयका कर्मचारीको व्यवस्थापन महान्यायाधिवक्ताको कार्यालयले गर्छ।,Article 160(6).,Art.160,Constitution of Nepal (2015),,,,,,
FE071,Constitution & Law,State Executive,Fact Retrieval,Easy,In whom is the executive power of a State vested?,राज्यको कार्यकारी शक्ति कसमा निहित हुन्छ?,The State Council of Ministers.,प्रदेश मन्त्रिपरिषद्।,Article 162(1).,Art. 162,Constitution of Nepal (2015),,,,,,
FE072,Constitution & Law,State Executive,Fact Retrieval,Easy,In whose name are all State executive functions performed?,सबै प्रदेश कार्यकारी कार्यहरू कसको नाममा सम्पन्न गरिन्छन्?,In the name of the State Government.,प्रदेश सरकारको नाममा।,Article 162(3).,Art. 162,Constitution of Nepal (2015),,,,,,
FE073,Constitution & Law,Chief of State,Fact Retrieval,Easy,Who appoints the Chief of State?,प्रदेश प्रमुखको नियुक्ति कसले गर्छ?,The President.,राष्ट्रपति।,Article 163(2).,Art. 163,Constitution of Nepal (2015),,,,,,
FE074,Constitution & Law,Chief of State,Fact Retrieval,Easy,What is the normal term of office of a Chief of State?,प्रदेश प्रमुखको सामान्य कार्यकाल कति हुन्छ?,Five years.,पाँच वर्ष।,Article 163(3).,Art. 163,Constitution of Nepal (2015),,,,,,
FE075,Constitution & Law,Chief of State,Eligibility,Easy,What is the minimum age required to become a Chief of State?,प्रदेश प्रमुख हुन न्यूनतम उमेर कति हुनुपर्छ?,Thirty-five years.,पैंतीस वर्ष।,Article 164(b).,Art. 164,Constitution of Nepal (2015),,,,,,
FE076,Constitution & Law,Chief of State,Fact Retrieval,Easy,Before whom does the Chief of State take the oath of office and secrecy?,प्रदेश प्रमुखले पद तथा गोपनीयताको शपथ कसको समक्ष लिन्छन्?,The President.,राष्ट्रपति।,Article 167.,Art. 167,Constitution of Nepal (2015),,,,,,
FE077,Constitution & Law,Chief Minister Appointment,Fact Retrieval,Easy,Who is appointed Chief Minister when one party commands a majority in the State Assembly?,प्रदेश सभामा कुनै दलको स्पष्ट बहुमत भएमा कसलाई मुख्यमन्त्री नियुक्त गरिन्छ?,The leader of the parliamentary party commanding the majority.,बहुमत प्राप्त संसदीय दलको नेता।,Article 168(1).,Art. 168,Constitution of Nepal (2015),,,,,,
FE078,Constitution & Law,Chief Minister Appointment,Conditional Reasoning,Medium,Who may be appointed Chief Minister if no party has a clear majority in the State Assembly?,प्रदेश सभामा कुनै दलको स्पष्ट बहुमत नभएमा कसलाई मुख्यमन्त्री नियुक्त गर्न सकिन्छ?,A member who can command a majority with the support of two or more parties.,दुई वा दुईभन्दा बढी दलको समर्थनबाट बहुमत प्राप्त गर्न सक्ने प्रदेश सभा सदस्य।,Article 168(2).,Art. 168,Constitution of Nepal (2015),,,,,,
FE079,Constitution & Law,Vote of Confidence,Fact Retrieval,Easy,Within how many days must a Chief Minister appointed under Article 168(2) or 168(3) obtain a vote of confidence?,धारा १६८(२) वा (३) अन्तर्गत नियुक्त मुख्यमन्त्रीले कति दिनभित्र विश्वासको मत लिनुपर्छ?,Within thirty days of appointment.,नियुक्तिको तीस दिनभित्र।,Article 168(4).,Art. 168,Constitution of Nepal (2015),,,,,,
FE080,Constitution & Law,State Assembly,Numerical,Medium,Within how many days must the Chief Minister appointment process be completed after the final election results?,अन्तिम निर्वाचन परिणाम घोषणा भएपछि मुख्यमन्त्री नियुक्ति प्रक्रिया कति दिनभित्र पूरा हुनुपर्छ?,Within thirty-five days.,पैंतीस दिनभित्र।,Article 168(8).,Art. 168,Constitution of Nepal (2015),,,,,,
FE081,Constitution & Law,State Council of Ministers,Numerical,Medium,What is the maximum size of the State Council of Ministers?,प्रदेश मन्त्रिपरिषद्को अधिकतम आकार कति हुन सक्छ?,Twenty percent of the total number of members of the State Assembly.,प्रदेश सभाका कुल सदस्य संख्याको बीस प्रतिशत।,Article 168(9).,Art. 168,Constitution of Nepal (2015),,,,,,
FE082,Constitution & Law,Council of Ministers,Definition,Easy,"Under Article 168, what does the term ""Minister"" include?","धारा १६८ अनुसार ""मन्त्री"" भन्नाले कसलाई जनाउँछ?","Minister, Minister of State, and Assistant Minister.","मन्त्री, राज्यमन्त्री र सहायक मन्त्री।",Explanation to Article 168.,Art. 168,Constitution of Nepal (2015),,,,,,
FE083,Constitution & Law,Chief Minister,Fact Retrieval,Easy,To whom is the State Council of Ministers collectively responsible?,प्रदेश मन्त्रिपरिषद् सामूहिक रूपमा कसप्रति उत्तरदायी हुन्छ?,The State Assembly.,प्रदेश सभा।,Article 168(10).,Art. 168,Constitution of Nepal (2015),,,,,,
FE084,Constitution & Law,Chief Minister,Fact Retrieval,Easy,To whom does the Chief Minister submit a written resignation?,मुख्यमन्त्रीले लिखित राजीनामा कसलाई दिन्छन्?,The Chief of State.,प्रदेश प्रमुख।,Article 169(1)(a).,Art. 169,Constitution of Nepal (2015),,,,,,
FE085,Constitution & Law,Ministers,Fact Retrieval,Easy,To whom does a Minister submit a written resignation?,मन्त्रीले लिखित राजीनामा कसलाई दिन्छन्?,The Chief Minister.,मुख्यमन्त्री।,Article 169(2)(a).,Art. 169,Constitution of Nepal (2015),,,,,,
FE086,Constitution & Law,Council Continuity,Conditional Reasoning,Medium,Who acts as Chief Minister if the Chief Minister dies before a new one is appointed?,नयाँ मुख्यमन्त्री नियुक्त नभएसम्म मुख्यमन्त्रीको मृत्यु भए कसले कार्यवाहक मुख्यमन्त्रीको रूपमा काम गर्छ?,The senior-most Minister.,सबैभन्दा वरिष्ठ मन्त्री।,Proviso to Article 169(3).,Art. 169,Constitution of Nepal (2015),,,,,,
FE087,Constitution & Law,Non-member Minister,Numerical,Medium,Within how many months must a non-member appointed as Minister become a member of the State Assembly?,प्रदेश सभाको सदस्य नभएको मन्त्री नियुक्त भएको व्यक्तिले कति महिनाभित्र प्रदेश सभा सदस्य बन्नुपर्छ?,Within six months.,छ महिनाभित्र।,Article 170(2).,Art. 170,Constitution of Nepal (2015),,,,,,
FE088,Constitution & Law,Non-member Minister,Conditional Reasoning,Hard,Can a person defeated in the current State Assembly election be appointed as a Minister under Article 170(1)?,वर्तमान प्रदेश सभा निर्वाचनमा पराजित व्यक्ति धारा १७०(१) अन्तर्गत मन्त्री नियुक्त हुन सक्छ?,No. A defeated candidate is not eligible during the term of that State Assembly.,हुँदैन। त्यस्तो व्यक्ति उक्त प्रदेश सभाको कार्यकालभर मन्त्री नियुक्त हुन योग्य हुँदैन।,Article 170(4).,Art. 170,Constitution of Nepal (2015),,,,,,
FE089,Constitution & Law,Oath of Office,Comparison,Medium,"Before whom do the Chief Minister and Ministers take the oath, and before whom do Ministers of State and Assistant Ministers take the oath?",मुख्यमन्त्री तथा मन्त्रीहरूले कसको समक्ष शपथ लिन्छन् र राज्यमन्त्री तथा सहायक मन्त्रीहरूले कसको समक्ष शपथ लिन्छन्?,"The Chief Minister and Ministers take the oath before the Chief of State, while Ministers of State and Assistant Ministers take the oath before the Chief Minister.",मुख्यमन्त्री तथा मन्त्रीहरूले प्रदेश प्रमुखसमक्ष शपथ लिन्छन् भने राज्यमन्त्री तथा सहायक मन्त्रीहरूले मुख्यमन्त्रीसमक्ष शपथ लिन्छन्।,Article 172.,Art. 172,Constitution of Nepal (2015),,,,,,
FE090,Constitution & Law,Chief Minister Duties,Fact Retrieval,Easy,Which constitutional authority must the Chief Minister keep informed about resolutions of the State Council of Ministers?,प्रदेश मन्त्रिपरिषद्का निर्णयबारे मुख्यमन्त्रीले कसलाई जानकारी गराउनुपर्छ?,The Chief of State.,प्रदेश प्रमुख।,Article 173(a).,Art. 173,Constitution of Nepal (2015),,,,,,
FE091,Constitution & Law,Chief Minister Duties,Multi-hop,Medium,Name any two matters that the Chief Minister must inform the Chief of State about.,मुख्यमन्त्रीले प्रदेश प्रमुखलाई जानकारी गराउनुपर्ने कुनै दुई विषय उल्लेख गर्नुहोस्।,"Any two of: resolutions of the State Council of Ministers, Bills to be introduced in the State Assembly, information requested by the Chief of State, or the current general state of affairs of the State.","प्रदेश मन्त्रिपरिषद्का निर्णय, प्रदेश सभामा पेश हुने विधेयक, प्रदेश प्रमुखले मागेको जानकारी, वा प्रदेशको वर्तमान सामान्य अवस्था मध्ये कुनै दुई।",Article 173.,Art. 173,Constitution of Nepal (2015),,,,,,
FE092,Constitution & Law,Government Procedure,Fact Retrieval,Easy,"According to the Constitution, who approves the rules governing the allocation and transaction of business of the State Government?",प्रदेश सरकारको कार्य विभाजन तथा सञ्चालनसम्बन्धी नियम कसले स्वीकृत गर्छ?,The State Government.,प्रदेश सरकार।,Article 174(1).,Art. 174,Constitution of Nepal (2015),,,,,,
FE093,Constitution & Law,Government Procedure,Yes/No,Medium,Can a court question whether the rules regarding the transaction of business of the State Government have been observed?,प्रदेश सरकारको कार्य सञ्चालनसम्बन्धी नियम पालना भए वा नभएको विषयमा अदालतले प्रश्न उठाउन सक्छ?,No. Courts cannot question whether those rules have been observed.,सक्दैन। अदालतले त्यस्ता नियम पालना भए वा नभएको विषयमा प्रश्न उठाउन सक्दैन।,Article 174(2).,Art. 174,Constitution of Nepal (2015),,,,,,
FE094,Constitution & Law,Chief of State,Conditional Reasoning,Medium,"If the office of the Chief of State becomes vacant, who may be designated to act for that State?",प्रदेश प्रमुखको पद रिक्त भए कसलाई सो प्रदेशको कार्यवाहक प्रदेश प्रमुख तोकिन सक्छ?,The Chief of State of another State may be designated by the President.,राष्ट्रपतिले अर्को प्रदेशका प्रदेश प्रमुखलाई कार्यवाहकका रूपमा तोक्न सक्छन्।,Article 165(2).,Art. 165,Constitution of Nepal (2015),,,,,,
FE095,Constitution & Law,Chief of State,Comparison,Medium,"Who appoints the Chief of State, and on whose recommendation are most of the Chief of State's constitutional functions exercised?",प्रदेश प्रमुखको नियुक्ति कसले गर्छ र प्रदेश प्रमुखका अधिकांश संवैधानिक कार्य कसको सिफारिसमा गरिन्छन्?,"The President appoints the Chief of State, and most functions are exercised on the recommendation and with the consent of the State Council of Ministers submitted through the Chief Minister.","राष्ट्रपतिले प्रदेश प्रमुख नियुक्त गर्छन्, र अधिकांश कार्य मुख्यमन्त्रीमार्फत आएको प्रदेश मन्त्रिपरिषद्को सिफारिस तथा सहमतिमा गरिन्छ।",Articles 163 and 166.,"Arts. 163, 166",Constitution of Nepal (2015),,,,,,
SL001,Constitution & Law,State Legislature,Fact Retrieval,Easy,What is the structure of the legislature of a State under the Constitution?,संविधानअनुसार राज्यको व्यवस्थापिका कस्तो हुन्छ?,Unicameral.,एक सदनीय।,Article 175 provides that the legislature of a State shall be unicameral and called the State Assembly.,Art. 175,Constitution of Nepal (2015),,,,,,
SL002,Constitution & Law,State Legislature,Entity Identification,Easy,What is the unicameral legislature of a State called?,राज्यको एक सदनीय व्यवस्थापिकालाई के भनिन्छ?,State Assembly.,प्रदेश सभा।,Article 175 names the unicameral legislature as the State Assembly.,Art. 175,Constitution of Nepal (2015),,,,,,
SL003,Constitution & Law,Composition of State Assembly,Fact Retrieval,Medium,What percentage of State Assembly members are elected through the first-past-the-post electoral system?,प्रदेश सभाका कति प्रतिशत सदस्य प्रत्यक्ष निर्वाचन प्रणालीबाट निर्वाचित हुन्छन्?,Sixty percent.,साठी प्रतिशत।,Articles 176(1)(b) and 176(3) provide that sixty percent are elected through the first-past-the-post system.,Art. 176(3),Constitution of Nepal (2015),,,,,,
SL004,Constitution & Law,Composition of State Assembly,Fact Retrieval,Medium,What percentage of State Assembly members are elected through the proportional electoral system?,प्रदेश सभाका कति प्रतिशत सदस्य समानुपातिक निर्वाचन प्रणालीबाट निर्वाचित हुन्छन्?,Forty percent.,चालीस प्रतिशत।,Article 176(3) provides that forty percent are elected through the proportional electoral system.,Art. 176(3),Constitution of Nepal (2015),,,,,,
SL005,Constitution & Law,Electoral System,Constitutional Provision,Hard,On what basis are election constituencies determined for members elected through the first-past-the-post system?,प्रत्यक्ष निर्वाचन प्रणालीबाट निर्वाचित हुने सदस्यका लागि निर्वाचन क्षेत्र कुन आधारमा निर्धारण गरिन्छ?,Geography and population.,भूगोल र जनसंख्या।,Article 176(2) requires constituencies to be determined on the basis of geography and population.,Art. 176(2),Constitution of Nepal (2015),,,,,,
SL006,Constitution & Law,Voting Rights,Fact Retrieval,Easy,What is the minimum age required to vote in an election to the State Assembly?,प्रदेश सभाको निर्वाचनमा मतदान गर्न न्यूनतम उमेर कति हुनुपर्छ?,Eighteen years.,अठार वर्ष।,Article 176(5) grants voting rights to citizens who have completed eighteen years of age.,Art. 176(5),Constitution of Nepal (2015),,,,,,
SL007,Constitution & Law,Inclusive Representation,Definition,Hard,"Which community does the Constitution define as ""Khas Arya"" for the purposes of proportional representation?","समानुपातिक प्रतिनिधित्वका प्रयोजनका लागि संविधानले ""खस आर्य"" भन्नाले कुन समुदायलाई बुझाउँछ?","Kshetri, Brahmin, Thakuri, and Sanyasi (Dashnami).","क्षेत्री, ब्राह्मण, ठाकुरी र सन्यासी (दशनामी) समुदाय।","The explanation to Article 176(6) defines ""Khas Arya.""",Art. 176(6) (Explanation),Constitution of Nepal (2015),,,,,,
SL008,Constitution & Law,Inclusive Representation,Constitutional Provision,Medium,"Besides the specified social groups, representation of which additional group must political parties also provide when fielding proportional representation candidates?",समानुपातिक निर्वाचनमा उम्मेदवारी दिँदा राजनीतिक दलले उल्लेखित समुदायबाहेक कुन थप समूहको प्रतिनिधित्व सुनिश्चित गर्नुपर्छ?,Persons with disabilities.,अपाङ्गता भएका व्यक्तिहरू।,Article 176(7) requires representation of persons with disabilities.,Art. 176(7),Constitution of Nepal (2015),,,,,,
SL009,Constitution & Law,Vacancies,Multi-hop Factual,Hard,"If a State Assembly seat becomes vacant with more than six months of the term remaining, how must it be filled?",प्रदेश सभाको कार्यकाल छ महिनाभन्दा बढी बाँकी रहँदा कुनै स्थान रिक्त भए कसरी पूर्ति गर्नुपर्छ?,Through the same electoral system by which the seat was originally filled.,"उक्त स्थान जुन निर्वाचन प्रणालीबाट भरिएको थियो, सोही प्रणालीबाट।",Article 176(8) requires vacancies to be filled through the same electoral system.,Art. 176(8),Constitution of Nepal (2015),,,,,,
SL010,Constitution & Law,Women's Representation,Constitutional Provision,Hard,What is the minimum proportion of members elected from each political party to the State Assembly that must be women?,प्रत्येक राजनीतिक दलबाट प्रदेश सभामा निर्वाचित कुल सदस्यमध्ये महिलाको न्यूनतम अनुपात कति हुनुपर्छ?,At least one-third.,कम्तीमा एक-तिहाइ।,Article 176(9) requires at least one-third women representation.,Art. 176(9),Constitution of Nepal (2015),,,,,,
SL011,Constitution & Law,Candidacy,Fact Retrieval,Medium,Can a qualified person contest the State Assembly election from more than one constituency at the same time?,योग्य व्यक्तिले एकै समयमा एकभन्दा बढी निर्वाचन क्षेत्रबाट प्रदेश सभा सदस्यको उम्मेदवार बन्न सक्छ?,No.,सक्दैन।,The proviso to Article 176(10) prohibits candidacy in more than one constituency simultaneously.,Art. 176(10),Constitution of Nepal (2015),,,,,,
SL012,Constitution & Law,Term of State Assembly,Fact Retrieval,Easy,What is the normal term of the State Assembly?,प्रदेश सभाको सामान्य कार्यकाल कति वर्षको हुन्छ?,Five years.,पाँच वर्ष।,Article 177(1) fixes the normal term at five years.,Art. 177(1),Constitution of Nepal (2015),,,,,,
SL013,Constitution & Law,State Emergency,Multi-hop Factual,Hard,"During a state of emergency, for how long may the term of the State Assembly be extended?",संकटकाल लागू भएको अवस्थामा प्रदेश सभाको कार्यकाल बढीमा कति अवधिसम्म थप्न सकिन्छ?,Not exceeding one year.,एक वर्षभन्दा बढी नहुने गरी।,Article 177(2) permits extension for a period not exceeding one year.,Art. 177(2),Constitution of Nepal (2015),,,,,,
SL014,Constitution & Law,Qualification,Fact Retrieval,Easy,What is the minimum age required to become a member of the State Assembly?,प्रदेश सभाको सदस्य बन्न न्यूनतम उमेर कति हुनुपर्छ?,Twenty-five years.,पच्चीस वर्ष।,Article 178(1)(c) sets the minimum age at twenty-five years.,Art. 178(1)(c),Constitution of Nepal (2015),,,,,,
SL015,Constitution & Law,Qualification,Definition,Hard,"What does ""office of profit"" mean for the purpose of qualification for membership of the State Assembly?","प्रदेश सभा सदस्यको योग्यताका सन्दर्भमा ""लाभको पद"" भन्नाले के बुझिन्छ?","A position, other than an elected or nominated political position, for which remuneration or economic benefit is paid from a government fund.",निर्वाचन वा मनोनयनबाट पूर्ति हुने राजनीतिक पद बाहेक सरकारको कोषबाट पारिश्रमिक वा आर्थिक लाभ प्राप्त हुने पद।,"The explanation to Article 178(1) defines ""office of profit.""",Art. 178(1) (Explanation),Constitution of Nepal (2015),,,,,,
SL016,Constitution & Law,Oath,Fact Retrieval,Medium,"Before participating for the first time in the meeting of the State Assembly or its committees, what must every member do?",प्रदेश सभा वा यसको समितिको बैठकमा पहिलो पटक सहभागी हुनुअघि प्रत्येक सदस्यले के गर्नुपर्छ?,Take an oath as provided by State law.,प्रदेश कानुनबमोजिम शपथ लिनुपर्छ।,Article 179 requires every member to take an oath before first participation.,Art. 179,Constitution of Nepal (2015),,,,,,
SL017,Constitution & Law,Vacation of Seat,Fact Retrieval,Medium,How many consecutive meetings may a member of the State Assembly miss without notice before the seat becomes vacant?,सूचना नदिई लगातार कति बैठकमा अनुपस्थित रहेमा प्रदेश सभा सदस्यको स्थान रिक्त हुन्छ?,Ten consecutive meetings.,लगातार दश बैठक।,Article 180(d) provides this ground for vacancy.,Art. 180(d),Constitution of Nepal (2015),,,,,,
SL018,Constitution & Law,Disqualification,Entity Identification,Hard,Which body makes the final decision on whether a member of the State Assembly is disqualified?,प्रदेश सभा सदस्य अयोग्य भएको हो वा होइन भन्ने अन्तिम निर्णय कुन निकायले गर्छ?,The Constitutional Bench of the Supreme Court.,सर्वोच्च अदालतको संवैधानिक इजलास।,Article 181 gives this authority to the Constitutional Bench of the Supreme Court.,Art. 181,Constitution of Nepal (2015),,,,,,
SL019,Constitution & Law,Speaker and Deputy Speaker,Fact Retrieval,Medium,Within how many days from the first meeting of the State Assembly must the Speaker and Deputy Speaker be elected?,प्रदेश सभाको पहिलो बैठक बसेको कति दिनभित्र सभामुख र उपसभामुखको निर्वाचन हुनुपर्छ?,Within fifteen days.,पन्ध्र दिनभित्र।,Article 182(1) prescribes the fifteen-day deadline.,Art. 182(1),Constitution of Nepal (2015),,,,,,
SL020,Constitution & Law,Speaker and Deputy Speaker,Comparison,Hard,"If both the offices of the Speaker and Deputy Speaker are vacant, who chairs the meeting of the State Assembly?",सभामुख र उपसभामुख दुवै पद रिक्त भए प्रदेश सभाको बैठक कसले अध्यक्षता गर्छ?,The attending member who is the senior-most by age.,उपस्थित सदस्यमध्ये उमेरका आधारमा सबैभन्दा ज्येष्ठ सदस्य।,Article 182(5) provides that the senior-most attending member by age chairs the meeting.,Art. 182(5),Constitution of Nepal (2015),,,,,,
SLP001,Constitution & Law,State Legislative Powers,Fact Retrieval,Easy,In which Schedules are the legislative powers of the State Assembly enumerated?,प्रदेश सभाका विधायिकी अधिकारहरू कुन-कुन अनुसूचीमा उल्लेख गरिएका छन्?,"Schedules 6, 7, and 9.","अनुसूची ६, ७ र ९।","Article 197 provides that the legislative powers of the State Assembly are contained in Schedules 6, 7, and 9.",Art. 197,Constitution of Nepal (2015),,,,,,
SLP002,Constitution & Law,Introduction of Bills,Fact Retrieval,Easy,"Subject to the Constitution, where may a Bill be introduced?",संविधानको अधीनमा रही विधेयक कहाँ प्रस्तुत गर्न सकिन्छ?,In the State Assembly.,प्रदेश सभामा।,Article 198(1) states that a Bill may be introduced in the State Assembly.,Art. 198(1),Constitution of Nepal (2015),,,,,,
SLP003,Constitution & Law,Government Bills,Constitutional Provision,Medium,Which two types of Bills may be introduced only as Government Bills in the State Assembly?,प्रदेश सभामा कुन दुई प्रकारका विधेयक सरकारका विधेयकका रूपमा मात्र प्रस्तुत गर्न सकिन्छ?,A Money Bill and a Bill concerning peace and security.,धन विधेयक र शान्ति तथा सुरक्षासम्बन्धी विधेयक।,Article 198(2) limits these Bills to Government Bills.,Art. 198(2),Constitution of Nepal (2015),,,,,,
SLP004,Constitution & Law,Money Bill,Definition,Medium,Does a Bill concerning the imposition or regulation of State taxes fall within the definition of a Money Bill?,राज्यस्तरीय कर लगाउने वा नियमन गर्ने सम्बन्धी विधेयक धन विधेयकको परिभाषाभित्र पर्छ?,Yes.,पर्छ।,Article 198(3)(a) includes taxation matters within a Money Bill.,Art. 198(3)(a),Constitution of Nepal (2015),,,,,,
SLP005,Constitution & Law,Money Bill,Definition,Hard,Does a Bill concerning borrowing money or giving guarantees by the State Government qualify as a Money Bill?,राज्य सरकारले ऋण लिने वा जमानत दिने सम्बन्धी विधेयक धन विधेयक मानिन्छ?,Yes.,मानिन्छ।,Article 198(3)(c) includes borrowing and guarantees by the State Government.,Art. 198(3)(c),Constitution of Nepal (2015),,,,,,
SLP006,Constitution & Law,Money Bill,Definition,Hard,"Is a Bill deemed to be a Money Bill solely because it imposes licence fees, application fees, renewal fees, fines, or imprisonment?","इजाजतपत्र शुल्क, निवेदन शुल्क, नवीकरण शुल्क, जरिवाना वा कैद सजायको व्यवस्था भएकै कारण कुनै विधेयक धन विधेयक मानिन्छ?",No.,मानिँदैन।,The proviso to Article 198(3) expressly excludes such Bills from being treated as Money Bills solely on that basis.,Art. 198(3),Constitution of Nepal (2015),,,,,,
SLP007,Constitution & Law,Money Bill,Entity Identification,Easy,Who makes the final decision on whether a Bill is a Money Bill in the State Assembly?,प्रदेश सभामा कुनै विधेयक धन विधेयक हो वा होइन भन्ने अन्तिम निर्णय कसले गर्छ?,The Speaker of the State Assembly.,प्रदेश सभाका सभामुख।,Article 198(4) makes the Speaker's decision final.,Art. 198(4),Constitution of Nepal (2015),,,,,,
SLP008,Constitution & Law,Passage of Bills,Fact Retrieval,Easy,"After a Bill is passed by the State Assembly, to whom is it presented for assent?",प्रदेश सभाबाट विधेयक पारित भएपछि स्वीकृतिका लागि कससमक्ष पेश गरिन्छ?,The Chief of State.,प्रदेश प्रमुखसमक्ष।,Article 199(1) provides that a passed Bill is presented to the Chief of State.,Art. 199(1),Constitution of Nepal (2015),,,,,,
SLP009,Constitution & Law,Passage of Bills,Multi-hop Factual,Medium,What happens if the session of the State Assembly ends while a Bill is under consideration?,विधेयक विचाराधीन रहँदा प्रदेश सभाको अधिवेशन अन्त्य भए के हुन्छ?,Deliberations may continue in the succeeding session.,अर्को अधिवेशनमा त्यसको विचार जारी रहन सक्छ।,Article 199(2) allows deliberations to continue in the succeeding session.,Art. 199(2),Constitution of Nepal (2015),,,,,,
SLP010,Constitution & Law,Passage of Bills,Multi-hop Factual,Hard,What happens to a Bill under consideration if the State Assembly is dissolved or its term expires?,विधेयक विचाराधीन रहँदा प्रदेश सभा विघटन भए वा यसको कार्यकाल समाप्त भए के हुन्छ?,The Bill lapses.,विधेयक निष्क्रिय (लोप) हुन्छ।,The proviso to Article 199(2) states that such a Bill lapses.,Art. 199(2),Constitution of Nepal (2015),,,,,,
SLP011,Constitution & Law,Withdrawal of Bills,Fact Retrieval,Easy,Who may withdraw a Bill with the approval of the State Assembly?,प्रदेश सभाको स्वीकृतिसहित विधेयक कसले फिर्ता लिन सक्छ?,The member who introduced the Bill.,विधेयक प्रस्तुत गर्ने सदस्य।,Article 200 authorizes the member introducing the Bill to withdraw it with approval.,Art. 200,Constitution of Nepal (2015),,,,,,
SLP012,Constitution & Law,Assent on Bills,Fact Retrieval,Medium,Who presents a Bill to the Chief of State for assent after certifying it?,प्रमाणीकरण गरेपछि प्रदेश प्रमुखसमक्ष स्वीकृतिका लागि विधेयक कसले पेश गर्छ?,The Speaker of the State Assembly.,प्रदेश सभाका सभामुख।,Article 201(1) assigns this responsibility to the Speaker.,Art. 201(1),Constitution of Nepal (2015),,,,,,
SLP013,Constitution & Law,Assent on Bills,Fact Retrieval,Medium,Within how many days must the Chief of State give assent to a Bill presented for assent?,स्वीकृतिका लागि पेश गरिएको विधेयकमा प्रदेश प्रमुखले कति दिनभित्र स्वीकृति दिनुपर्छ?,Within fifteen days.,पन्ध्र दिनभित्र।,Article 201(2) requires assent within fifteen days.,Art. 201(2),Constitution of Nepal (2015),,,,,,
SLP014,Constitution & Law,Assent on Bills,Comparison,Hard,Can the Chief of State return a Money Bill to the State Assembly for further deliberation?,के प्रदेश प्रमुखले धन विधेयकलाई थप विचारका लागि प्रदेश सभामा फिर्ता पठाउन सक्छन्?,No.,सक्दैनन्।,Article 201(3) excludes Money Bills from reconsideration.,Art. 201(3),Constitution of Nepal (2015),,,,,,
SLP015,Constitution & Law,Assent on Bills,Multi-hop Factual,Hard,"If a Bill returned by the Chief of State is reconsidered and passed again, within how many days must the Chief of State give assent?",प्रदेश प्रमुखले फिर्ता पठाएको विधेयक पुनः पारित भएपछि प्रदेश प्रमुखले कति दिनभित्र स्वीकृति दिनुपर्छ?,Within fifteen days.,पन्ध्र दिनभित्र।,Article 201(4) requires assent within fifteen days after the Bill is presented again.,Art. 201(4),Constitution of Nepal (2015),,,,,,
SLP016,Constitution & Law,Assent on Bills,Definition,Easy,When does a Bill become an Act?,विधेयक कहिले ऐन बन्छ?,After the Chief of State gives assent.,प्रदेश प्रमुखले स्वीकृति दिएपछि।,Article 201(5) states that a Bill becomes an Act after assent.,Art. 201(5),Constitution of Nepal (2015),,,,,,
SLP017,Constitution & Law,Ordinance,Constitutional Provision,Medium,Under what circumstances may the Chief of State promulgate an Ordinance?,प्रदेश प्रमुखले कुन अवस्थामा अध्यादेश जारी गर्न सक्छन्?,"When the State Assembly is not in session and immediate action is necessary, on the recommendation of the State Council of Ministers.","प्रदेश सभा अधिवेशनमा नरहेको र तत्काल कार्य आवश्यक भएको अवस्थामा, प्रदेश मन्त्रिपरिषद्को सिफारिसमा।",Article 202(1) specifies the constitutional conditions.,Art. 202(1),Constitution of Nepal (2015),,,,,,
SLP018,Constitution & Law,Ordinance,Fact Retrieval,Medium,What legal effect does an Ordinance have after promulgation?,जारी भएपछि अध्यादेशको कानुनी प्रभाव के हुन्छ?,It has the same force and effect as an Act.,यसको प्रभाव ऐनसरह हुन्छ।,Article 202(2) gives an Ordinance the same force and effect as an Act.,Art. 202(2),Constitution of Nepal (2015),,,,,,
SLP019,Constitution & Law,Ordinance,Constitutional Provision,Hard,What happens to an Ordinance if it is not passed by the State Assembly after being tabled?,प्रदेश सभामा पेश गरिएपछि अध्यादेश पारित नभए के हुन्छ?,It automatically ceases to be effective.,यो स्वतः निष्प्रभावी हुन्छ।,Article 202(2)(a) provides that the Ordinance ipso facto ceases to be effective if not passed.,Art. 202(2)(a),Constitution of Nepal (2015),,,,,,
SLP020,Constitution & Law,Ordinance,Multi-hop Factual,Hard,"Unless earlier repealed or rendered ineffective, after how many days from the meeting of the State Assembly does an Ordinance automatically cease to be effective?",पहिले नै खारेज वा निष्प्रभावी नगरिएमा प्रदेश सभाको बैठक बसेको कति दिनपछि अध्यादेश स्वतः निष्प्रभावी हुन्छ?,Sixty days.,साठी दिनपछि।,Article 202(2)(c) provides that an Ordinance automatically ceases to be effective after sixty days from the meeting of the State Assembly.,Art. 202(2)(c),Constitution of Nepal (2015),,,,,,
SFP001,Constitution & Law,State Financial Procedures,Constitutional Provision,Easy,Under what condition may a tax be levied and collected in a State?,प्रदेशमा कुन अवस्थामा मात्र कर लगाउन र उठाउन सकिन्छ?,Only in accordance with law.,कानुन बमोजिम मात्र।,Article 203(1) provides that no tax shall be levied and collected except in accordance with law.,Art. 203(1),Constitution of Nepal (2015),,,,,,
SFP002,Constitution & Law,State Financial Procedures,Constitutional Provision,Medium,Under what condition may a State Government raise a loan or give a guarantee?,प्रदेश सरकारले कुन अवस्थामा ऋण उठाउन वा जमानत दिन सक्छ?,Only as provided for in Federal law.,संघीय कानुनमा व्यवस्था भएबमोजिम मात्र।,Article 203(2) states that State Government loans and guarantees require provision in Federal law.,Art. 203(2),Constitution of Nepal (2015),,,,,,
SFP003,Constitution & Law,State Consolidated Fund,Definition,Medium,Which revenues are excluded from the State Consolidated Fund?,प्रदेश सञ्चित कोषमा जम्मा नगरिने राजस्व कुन हो?,Revenues of trusts (Guthi).,गुठीको राजस्व।,Article 204 excludes revenues of trusts (Guthi) from the State Consolidated Fund.,Art. 204,Constitution of Nepal (2015),,,,,,
SFP004,Constitution & Law,State Consolidated Fund,Fact Retrieval,Easy,What is the name of the State Government Fund into which specified revenues and receipts are credited?,तोकिएका राजस्व तथा रकम जम्मा गरिने प्रदेश सरकारको कोषको नाम के हो?,State Consolidated Fund.,प्रदेश सञ्चित कोष।,Article 204 establishes the State Consolidated Fund.,Art. 204,Constitution of Nepal (2015),,,,,,
SFP005,Constitution & Law,State Consolidated Fund,Multi-hop Factual,Hard,"Besides revenues, what other receipts of the State Government are credited to the State Consolidated Fund?",राजस्व बाहेक प्रदेश सरकारबाट प्राप्त कुन-कुन रकम प्रदेश सञ्चित कोषमा जम्मा गरिन्छ?,"Loans, loan repayments, and grants or loans received from the Government of Nepal.","ऋण, ऋण फिर्ताबाट प्राप्त रकम तथा नेपाल सरकारबाट प्राप्त अनुदान वा ऋण।",Article 204 includes these receipts unless otherwise provided by State law.,Art. 204,Constitution of Nepal (2015),,,,,,
SFP006,Constitution & Law,State Expenditure,Constitutional Provision,Medium,Can expenditure be incurred from the State Consolidated Fund or other State Government Funds without constitutional authorization?,संवैधानिक व्यवस्था बिना प्रदेश सञ्चित कोष वा अन्य प्रदेश सरकारी कोषबाट खर्च गर्न सकिन्छ?,No.,सकिँदैन।,Article 205 restricts expenditure from these funds except in specified cases.,Art. 205,Constitution of Nepal (2015),,,,,,
SFP007,Constitution & Law,State Expenditure,Fact Retrieval,Medium,Which Act authorizes expenditure required when an Appropriation Bill is under consideration?,विनियोजन विधेयक विचाराधीन हुँदा आवश्यक खर्च कुन ऐनले अधिकार दिन्छ?,An Act.,ऐन।,Article 205(c) allows advance money authorized by an Act.,Art. 205(c),Constitution of Nepal (2015),,,,,,
SFP008,Constitution & Law,State Contingency Fund,Entity Identification,Hard,Which Article governs matters relating to the State Contingency Fund?,प्रदेश आकस्मिक कोषसम्बन्धी विषय कुन धाराले व्यवस्था गर्छ?,Article 212.,धारा २१२।,The proviso to Article 205 refers to Article 212 for the State Contingency Fund.,Art. 205 (Proviso),Constitution of Nepal (2015),,,,,,
SFP009,Constitution & Law,Chargeable Expenditure,Fact Retrieval,Medium,Is approval of the State Assembly required for expenditures charged on the State Consolidated Fund?,प्रदेश सञ्चित कोषमा भारित खर्चका लागि प्रदेश सभाको स्वीकृति आवश्यक पर्छ?,No.,पर्दैन।,Article 206 states that approval of the State Assembly is not required.,Art. 206,Constitution of Nepal (2015),,,,,,
SFP010,Constitution & Law,Chargeable Expenditure,Entity Identification,Hard,Which officials' remuneration and facilities are charged on the State Consolidated Fund?,कुन पदाधिकारीहरूको पारिश्रमिक र सुविधा प्रदेश सञ्चित कोषमा भारित हुन्छ?,State Speaker and State Deputy Speaker.,प्रदेश सभामुख र प्रदेश उपसभामुख।,Article 206(a) includes remuneration and facilities of the State Speaker and Deputy Speaker.,Art. 206(a),Constitution of Nepal (2015),,,,,,
SFP011,Constitution & Law,Chargeable Expenditure,Fact Retrieval,Hard,Are sums required to satisfy a court judgment or decree against the State Government charged on the State Consolidated Fund?,प्रदेश सरकारविरुद्ध अदालतको फैसला वा डिक्री पूरा गर्न आवश्यक रकम प्रदेश सञ्चित कोषमा भारित हुन्छ?,Yes.,हुन्छ।,Article 206(d) includes such sums as chargeable expenditures.,Art. 206(d),Constitution of Nepal (2015),,,,,,
SFP012,Constitution & Law,Annual Budget,Entity Identification,Easy,Who lays the annual estimate of revenues and expenditures before the State Assembly?,प्रदेश सभासमक्ष वार्षिक आय–व्ययको अनुमान कसले पेश गर्छ?,State Minister for Finance.,प्रदेश अर्थमन्त्री।,Article 207(1) assigns this duty to the State Minister for Finance.,Art. 207(1),Constitution of Nepal (2015),,,,,,
SFP013,Constitution & Law,Annual Budget,Fact Retrieval,Medium,What three matters must be included in the annual estimate presented before the State Assembly?,प्रदेश सभामा पेश गरिने वार्षिक अनुमानमा कुन तीन विषय समावेश हुनुपर्छ?,"Revenue estimates, charges on the State Consolidated Fund, and expenditure provided by a State Appropriation Act.","राजस्व अनुमान, प्रदेश सञ्चित कोषमा भारित रकम, र प्रदेश विनियोजन ऐनबाट गरिने खर्च।",Article 207(1)(a)-(c) specifies these matters.,Art. 207(1),Constitution of Nepal (2015),,,,,,
SFP014,Constitution & Law,Annual Budget,Multi-hop Factual,Hard,What additional statement must accompany the annual estimate regarding Ministries?,वार्षिक अनुमानसँगै मन्त्रालयसम्बन्धी कुन थप विवरण पेश गर्नुपर्छ?,Previous year's allocated expenses and whether their objectives were achieved.,अघिल्लो वर्षको विनियोजित खर्च र खर्चका उद्देश्य पूरा भए वा भएनन् भन्ने विवरण।,Article 207(2) requires this statement.,Art. 207(2),Constitution of Nepal (2015),,,,,,
SFP015,Constitution & Law,State Appropriation Act,Definition,Medium,Where must the money required under a State Appropriation Act be specified?,प्रदेश विनियोजन ऐनअन्तर्गत आवश्यक रकम कहाँ उल्लेख गरिन्छ?,Under appropriate heads in an Appropriation Bill.,विनियोजन विधेयकमा सम्बन्धित शीर्षकअन्तर्गत।,Article 208 requires specification under appropriate heads in an Appropriation Bill.,Art. 208,Constitution of Nepal (2015),,,,,,
SFP016,Constitution & Law,Supplementary Estimates,Constitutional Provision,Hard,When may the State Minister for Finance present a supplementary estimate?,प्रदेश अर्थमन्त्रीले कुन अवस्थामा पूरक अनुमान पेश गर्न सक्छन्?,"When authorized expenditure is insufficient, a new service requires expenditure, or expenditure exceeds the authorized amount.","स्वीकृत खर्च अपुग भएमा, नयाँ सेवामा खर्च आवश्यक भएमा, वा स्वीकृत रकमभन्दा बढी खर्च भएमा।",Article 209(1) provides these conditions.,Art. 209(1),Constitution of Nepal (2015),,,,,,
SFP017,Constitution & Law,Vote on Account,Fact Retrieval,Hard,What is the maximum amount that may be included in a State Vote on Account?,प्रदेश लेखानुदानमा समावेश गर्न सकिने अधिकतम रकम कति हो?,Not more than one-third of the estimated expenditure for the financial year.,आर्थिक वर्षको अनुमानित खर्चको एक-तिहाइभन्दा बढी होइन।,Article 210(2) limits the amount to one-third of estimated expenditure.,Art. 210(2),Constitution of Nepal (2015),,,,,,
SFP018,Constitution & Law,Vote on Account,Comparison,Hard,Can a State Vote on Account Bill be introduced before the revenue and expenditure estimates are presented under Article 207?,धारा २०७ बमोजिम आय–व्यय अनुमान पेश गर्नुअघि प्रदेश लेखानुदान विधेयक प्रस्तुत गर्न सकिन्छ?,No.,सकिँदैन।,Article 210(2) prohibits introduction before estimates are laid.,Art. 210(2),Constitution of Nepal (2015),,,,,,
SFP019,Constitution & Law,Vote of Credit,Constitutional Provision,Hard,When may the State Minister for Finance present a Vote of Credit Bill containing only a statement of expenditures?,प्रदेश अर्थमन्त्रीले खर्चको विवरण मात्र भएको मत–ऋण विधेयक कहिले पेश गर्न सक्छन्?,During an emergency when specifying details is impractical or inexpedient due to State security or interest.,प्रदेशको सुरक्षा वा हितका कारण विस्तृत विवरण दिन अव्यावहारिक वा अनुपयुक्त हुने आपत्कालीन अवस्थामा।,Article 211 provides this authority.,Art. 211,Constitution of Nepal (2015),,,,,,
SFP020,Constitution & Law,State Contingency Fund,Multi-hop Factual,Hard,Who controls the State Contingency Fund and what type of expenditure may be met from it?,प्रदेश आकस्मिक कोषको नियन्त्रण कसले गर्छ र कुन प्रकारको खर्च यसबाट व्यहोर्न सकिन्छ?,The State Government; unforeseen expenditure.,प्रदेश सरकार; अप्रत्याशित खर्च।,Article 212(2) provides State Government control and use for unforeseen expenditure.,Art. 212(2),Constitution of Nepal (2015),,,,,,
LE001,Constitution & Law,Local Executive,Constitutional Provision,Easy,In whom is the executive power of the Local Level vested?,स्थानीय तहको कार्यकारी शक्ति कसमा निहित हुन्छ?,Village Executive or Municipal Executive.,गाउँ कार्यपालिका वा नगर कार्यपालिकामा।,Article 214(1) states that the executive power of the Local Level is vested in the Village Executive or Municipal Executive.,Art. 214(1),Constitution of Nepal (2015),,,,,,
LE002,Constitution & Law,Local Executive,Fact Retrieval,Medium,Which Schedules contain the local executive powers of the Local Level?,स्थानीय तहको कार्यकारी शक्ति कुन अनुसूचीमा उल्लेख गरिएको छ?,Schedule-8 and Schedule-9.,अनुसूची–८ र अनुसूची–९।,Article 214(2) specifies that local executive powers are mentioned in Schedule-8 and Schedule-9.,Art. 214(2),Constitution of Nepal (2015),,,,,,
LE003,Constitution & Law,Local Executive,Entity Identification,Medium,Which bodies are responsible for issuing general directives and regulating governance of Village Bodies and Municipalities?,गाउँपालिका र नगरपालिकाको शासन सञ्चालनका लागि सामान्य निर्देशन दिने र नियमन गर्ने जिम्मेवारी कुन निकायको हो?,Village Executive and Municipal Executive.,गाउँ कार्यपालिका र नगर कार्यपालिका।,Article 214(3) assigns these responsibilities to the respective executives.,Art. 214(3),Constitution of Nepal (2015),,,,,,
LE004,Constitution & Law,Village Executive,Fact Retrieval,Easy,Who chairs the Village Executive?,गाउँ कार्यपालिकाको अध्यक्षता कसले गर्छ?,Chairperson of Village Executive.,गाउँ कार्यपालिकाको अध्यक्ष।,Article 215(1) provides that each Village Body has a Chairperson under whose chairpersonship the Village Executive is formed.,Art. 215(1),Constitution of Nepal (2015),,,,,,
LE005,Constitution & Law,Village Executive,Multi-hop Factual,Hard,How many women members are elected to the Village Executive from among Village Assembly members?,गाउँ सभाका सदस्यहरूमध्येबाट गाउँ कार्यपालिकामा कति महिला सदस्य निर्वाचित हुन्छन्?,Four women members.,चार जना महिला सदस्य।,Article 215(4) requires four women members to be elected to the Village Executive.,Art. 215(4),Constitution of Nepal (2015),,,,,,
LE006,Constitution & Law,Village Executive,Multi-hop Factual,Hard,How many members from Dalit or minority communities are elected to the Village Executive?,गाउँ कार्यपालिकामा दलित वा अल्पसंख्यक समुदायबाट कति सदस्य निर्वाचित हुन्छन्?,Two members.,दुई जना सदस्य।,Article 215(4) provides for two members from Dalit or minority communities.,Art. 215(4),Constitution of Nepal (2015),,,,,,
LE007,Constitution & Law,Local Qualification,Definition,Medium,"What is the minimum age qualification to become Chairperson, Vice-Chairperson, Ward Chairperson, or member of a Village Executive?","गाउँ कार्यपालिकाको अध्यक्ष, उपाध्यक्ष, वडा अध्यक्ष वा सदस्य बन्न न्यूनतम उमेर कति हुनुपर्छ?",Twenty-one years.,२१ वर्ष।,Article 215(5)(b) requires completion of twenty-one years of age.,Art. 215(5)(b),Constitution of Nepal (2015),,,,,,
LE008,Constitution & Law,Local Executive Term,Fact Retrieval,Medium,"What is the term of office of the Chairperson, Vice-Chairperson, Ward Chairperson, and members of the Village Executive?","गाउँ कार्यपालिकाका अध्यक्ष, उपाध्यक्ष, वडा अध्यक्ष र सदस्यहरूको कार्यकाल कति हुन्छ?",Five years.,पाँच वर्ष।,Article 215(6) specifies a five-year term after election.,Art. 215(6),Constitution of Nepal (2015),,,,,,
LE009,Constitution & Law,Local Executive Eligibility,Constitutional Provision,Hard,Can a person elected as Chairperson of a Village Executive for two terms become a candidate again?,गाउँ कार्यपालिकाको अध्यक्ष दुई कार्यकाल निर्वाचित भएको व्यक्ति पुनः उम्मेदवार बन्न सक्छ?,No.,सक्दैन।,Article 215(7) prohibits a person elected as Chairperson for two terms from being a candidate again.,Art. 215(7),Constitution of Nepal (2015),,,,,,
LE010,Constitution & Law,Municipal Executive,Fact Retrieval,Easy,Who chairs the Municipal Executive?,नगर कार्यपालिकाको अध्यक्षता कसले गर्छ?,Mayor.,प्रमुख (मेयर)।,Article 216(1) states that the Municipal Executive is formed under the chairpersonship of the Mayor.,Art. 216(1),Constitution of Nepal (2015),,,,,,
LE011,Constitution & Law,Municipal Executive,Multi-hop Factual,Hard,How many women members and how many Dalit or minority members are included in the Municipal Executive?,नगर कार्यपालिकामा कति महिला सदस्य र कति दलित वा अल्पसंख्यक सदस्य हुन्छन्?,Five women members and three Dalit or minority members.,पाँच महिला सदस्य र तीन दलित वा अल्पसंख्यक सदस्य।,Article 216(4) specifies five women members and three members from Dalit or minority communities.,Art. 216(4),Constitution of Nepal (2015),,,,,,
LE012,Constitution & Law,Municipal Executive,Comparison,Medium,What electoral system is used to elect the Mayor and Deputy Mayor?,प्रमुख र उपप्रमुख निर्वाचन गर्न कुन निर्वाचन प्रणाली प्रयोग गरिन्छ?,First past the post electoral system.,पहिलो हुने निर्वाचित हुने निर्वाचन प्रणाली।,Article 216(3) provides election through secret ballot using the first past the post system.,Art. 216(3),Constitution of Nepal (2015),,,,,,
LE013,Constitution & Law,Judicial Committee,Entity Identification,Medium,Who coordinates the Judicial Committee in a Village Body?,गाउँपालिकाको न्यायिक समितिको संयोजक को हुन्छ?,Vice-Chairperson.,उपाध्यक्ष।,Article 217(1) states that the Judicial Committee is coordinated by the Vice-Chairperson in a Village Body.,Art. 217(1),Constitution of Nepal (2015),,,,,,
LE014,Constitution & Law,Judicial Committee,Comparison,Medium,Who coordinates the Judicial Committee in a Municipality?,नगरपालिकाको न्यायिक समितिको संयोजक को हुन्छ?,Deputy Mayor.,उपप्रमुख।,Article 217(1) assigns coordination of the Municipal Judicial Committee to the Deputy Mayor.,Art. 217(1),Constitution of Nepal (2015),,,,,,
LE015,Constitution & Law,District Assembly,Fact Retrieval,Easy,What is the purpose of establishing the District Assembly?,जिल्ला सभा गठन गर्नुको उद्देश्य के हो?,To make coordination between Village Bodies and Municipalities within the district.,जिल्लाभित्रका गाउँपालिका र नगरपालिकाबीच समन्वय गर्नु।,Article 220(1) states the District Assembly exists for coordination between local bodies.,Art. 220(1),Constitution of Nepal (2015),,,,,,
LE016,Constitution & Law,District Coordination Committee,Numerical Threshold,Hard,What is the maximum number of members in the District Coordination Committee?,जिल्ला समन्वय समितिमा अधिकतम कति सदस्य हुन्छन्?,Nine members.,नौ जना सदस्य।,Article 220(3) provides that the District Coordination Committee consists of a maximum of nine members.,Art. 220(3),Constitution of Nepal (2015),,,,,,
LE017,Constitution & Law,District Coordination Committee,Multi-hop Factual,Hard,What minimum representation requirements apply to the District Coordination Committee?,जिल्ला समन्वय समितिमा न्यूनतम कस्तो प्रतिनिधित्व सुनिश्चित गरिएको छ?,At least three women and at least one Dalit or minority member.,कम्तीमा तीन महिला र कम्तीमा एक दलित वा अल्पसंख्यक सदस्य।,Article 220(3) establishes these representation requirements.,Art. 220(3),Constitution of Nepal (2015),,,,,,
LE018,Constitution & Law,District Coordination Committee,Fact Retrieval,Medium,"What is the term of office of the Chief, Deputy Chief, and members of the District Coordination Committee?","जिल्ला समन्वय समितिका प्रमुख, उपप्रमुख र सदस्यहरूको कार्यकाल कति हुन्छ?",Five years.,पाँच वर्ष।,Article 220(5) provides a five-year term after election.,Art. 220(5),Constitution of Nepal (2015),,,,,,
LE019,Constitution & Law,District Coordination Committee,Constitutional Provision,Hard,"What happens to a Village Assembly or Municipal Assembly member's office if they are elected as Chief, Deputy Chief, or Member of the District Coordination Committee?","गाउँ सभा वा नगर सभाको सदस्य जिल्ला समन्वय समितिको प्रमुख, उपप्रमुख वा सदस्य निर्वाचित भएमा उसको पदमा के हुन्छ?",The office of Village Assembly or Municipal Assembly member automatically lapses.,गाउँ सभा वा नगर सभाको सदस्य पद स्वतः समाप्त हुन्छ।,Article 220(4) states that the previous office lapses ipso facto upon election.,Art. 220(4),Constitution of Nepal (2015),,,,,,
LE020,Constitution & Law,District Assembly,Constitutional Provision,Medium,Which government law provides for other functions of the District Assembly?,जिल्ला सभाका अन्य कार्यहरू कुन कानुनले व्यवस्था गर्छ?,State law.,प्रदेश कानुन।,Article 220(7)(d) states that other functions are as provided by State law.,Art. 220(7)(d),Constitution of Nepal (2015),,,,,,
LL001,Constitution & Law,Local Legislature,Constitutional Provision,Easy,In which bodies is the legislative power of the Local Level vested?,स्थानीय तहको विधायिकी शक्ति कुन निकायमा निहित हुन्छ?,Village Assembly and Municipal Assembly.,गाउँ सभा र नगर सभामा।,Article 221(1) states that legislative powers of the Local Level are vested in the Village Assembly and Municipal Assembly.,Art. 221(1),Constitution of Nepal (2015),,,,,,
LL002,Constitution & Law,Local Legislature,Fact Retrieval,Medium,Which Schedules contain the legislative powers of the Village Assembly and Municipal Assembly?,गाउँ सभा र नगर सभाको विधायिकी शक्ति कुन अनुसूचीमा उल्लेख गरिएको छ?,Schedule-8 and Schedule-9.,अनुसूची–८ र अनुसूची–९।,Article 221(2) provides that these legislative powers are mentioned in Schedule-8 and Schedule-9.,Art. 221(2),Constitution of Nepal (2015),,,,,,
LL003,Constitution & Law,Village Assembly,Entity Identification,Easy,What is the legislative body established in each Village Body called?,प्रत्येक गाउँपालिकामा स्थापना हुने विधायिकी निकायलाई के भनिन्छ?,Village Assembly.,गाउँ सभा।,Article 222(1) states that each Village Body shall have a Village Assembly.,Art. 222(1),Constitution of Nepal (2015),,,,,,
LL004,Constitution & Law,Village Assembly Composition,Multi-hop Factual,Hard,Who are the members of the Village Assembly?,गाउँ सभाका सदस्यहरू को-को हुन्छन्?,"Chairperson, Vice-Chairperson, Ward Chairpersons, four members from each ward, and Dalit or minority members of the Village Executive.","अध्यक्ष, उपाध्यक्ष, वडा अध्यक्षहरू, प्रत्येक वडाबाट चार सदस्य र गाउँ कार्यपालिकाका दलित वा अल्पसंख्यक सदस्यहरू।",Article 222(2) defines the composition of the Village Assembly.,Art. 222(2),Constitution of Nepal (2015),,,,,,
LL005,Constitution & Law,Village Assembly Composition,Numerical Threshold,Medium,How many women must be represented from each ward in a Village Assembly?,गाउँ सभामा प्रत्येक वडाबाट कति जना महिला प्रतिनिधित्व हुनुपर्छ?,At least two women.,कम्तीमा दुई जना महिला।,Article 222(3) requires representation of at least two women from each ward.,Art. 222(3),Constitution of Nepal (2015),,,,,,
LL006,Constitution & Law,Ward Committee,Fact Retrieval,Medium,What is the composition of a Ward Committee of a Village Body?,गाउँपालिकाको वडा समितिको संरचना कस्तो हुन्छ?,One Ward Chairperson and four members.,एक वडा अध्यक्ष र चार सदस्य।,Article 222(4) provides that each Ward Committee consists of the Ward Chairperson and four members.,Art. 222(4),Constitution of Nepal (2015),,,,,,
LL007,Constitution & Law,Voting Rights,Fact Retrieval,Easy,What is the minimum age required to vote in Village Assembly elections?,गाउँ सभा निर्वाचनमा मतदान गर्न न्यूनतम उमेर कति हुनुपर्छ?,Eighteen years.,अठार वर्ष।,Article 222(5) grants voting rights to persons who have completed eighteen years and are included in electoral rolls.,Art. 222(5),Constitution of Nepal (2015),,,,,,
LL008,Constitution & Law,Village Assembly Qualification,Definition,Medium,What is the minimum age qualification to become a candidate for Village Assembly membership?,गाउँ सभा सदस्यको उम्मेदवार बन्न न्यूनतम उमेर कति हुनुपर्छ?,Twenty-one years.,एक्काइस वर्ष।,Article 222(6)(b) requires completion of twenty-one years of age.,Art. 222(6)(b),Constitution of Nepal (2015),,,,,,
LL009,Constitution & Law,Village Assembly Qualification,Fact Retrieval,Medium,"Besides citizenship and age, what electoral requirement must a Village Assembly candidate fulfill?",नागरिकता र उमेर बाहेक गाउँ सभा सदस्यको उम्मेदवारले कुन निर्वाचनसम्बन्धी योग्यता पूरा गर्नुपर्छ?,Name included in the electoral rolls of the Village Body.,गाउँपालिकाको मतदाता नामावलीमा नाम समावेश भएको।,Article 222(6)(c) requires the candidate's name to be included in the Village Body electoral rolls.,Art. 222(6)(c),Constitution of Nepal (2015),,,,,,
LL010,Constitution & Law,Municipal Assembly,Entity Identification,Easy,What legislative body exists in each Municipality?,प्रत्येक नगरपालिकामा कुन विधायिकी निकाय हुन्छ?,Municipal Assembly.,नगर सभा।,Article 223(1) states that each Municipality shall have a Municipal Assembly.,Art. 223(1),Constitution of Nepal (2015),,,,,,
LL011,Constitution & Law,Municipal Assembly Composition,Multi-hop Factual,Hard,Who are the members of the Municipal Assembly?,नगर सभाका सदस्यहरू को-को हुन्छन्?,"Mayor, Deputy Mayor, Ward Chairpersons, four members from each Ward, and Dalit or minority members of the Municipal Executive.","प्रमुख, उपप्रमुख, वडा अध्यक्षहरू, प्रत्येक वडाबाट चार सदस्य र नगर कार्यपालिकाका दलित वा अल्पसंख्यक सदस्यहरू।",Article 223(2) defines the composition of the Municipal Assembly.,Art. 223(2),Constitution of Nepal (2015),,,,,,
LL012,Constitution & Law,Municipal Assembly Composition,Numerical Threshold,Medium,How many women must be represented from each Ward in a Municipal Assembly?,नगर सभामा प्रत्येक वडाबाट कति जना महिला प्रतिनिधित्व हुनुपर्छ?,At least two women.,कम्तीमा दुई जना महिला।,Article 223(3) requires at least two women from each Ward.,Art. 223(3),Constitution of Nepal (2015),,,,,,
LL013,Constitution & Law,Municipal Assembly,Comparison,Medium,What is the same required composition of Ward Committees in Village Bodies and Municipalities?,गाउँपालिका र नगरपालिकाका वडा समितिको समान संरचना के हो?,One Ward Chairperson and four members.,एक वडा अध्यक्ष र चार सदस्य।,Articles 222(4) and 223(4) provide the same Ward Committee structure.,Art. 223(4),Constitution of Nepal (2015),,,,,,
LL014,Constitution & Law,Municipal Assembly Voting Rights,Fact Retrieval,Easy,What is the minimum age required to vote in Municipal Assembly elections?,नगर सभा निर्वाचनमा मतदान गर्न न्यूनतम उमेर कति हुनुपर्छ?,Eighteen years.,अठार वर्ष।,Article 223(5) provides voting rights for persons who have completed eighteen years and are included in electoral rolls.,Art. 223(5),Constitution of Nepal (2015),,,,,,
LL015,Constitution & Law,Municipal Assembly Qualification,Constitutional Provision,Medium,What qualifications are required to become a candidate for Municipal Assembly membership?,नगर सभा सदस्यको उम्मेदवार बन्न के-कस्ता योग्यता आवश्यक हुन्छन्?,"Nepali citizenship, twenty-one years of age, name in Municipality electoral rolls, and not disqualified by law.","नेपालको नागरिकता, २१ वर्ष उमेर, नगरपालिकाको मतदाता नामावलीमा नाम, र कानुनद्वारा अयोग्य नभएको।",Article 223(6) specifies these qualifications.,Art. 223(6),Constitution of Nepal (2015),,,,,,
LL016,Constitution & Law,Assembly Leadership,Entity Identification,Medium,Who automatically becomes the Chairperson and Vice-Chairperson of the Village Assembly?,गाउँ सभाको अध्यक्ष र उपाध्यक्ष स्वतः को हुन्छ?,Chairperson and Vice-Chairperson of the Village Executive.,गाउँ कार्यपालिकाका अध्यक्ष र उपाध्यक्ष।,Article 224 provides that Village Executive Chairperson and Vice-Chairperson become Village Assembly Chairperson and Vice-Chairperson.,Art. 224,Constitution of Nepal (2015),,,,,,
LL017,Constitution & Law,Assembly Leadership,Comparison,Medium,Who automatically becomes the Chairperson and Vice-Chairperson of the Municipal Assembly?,नगर सभाको अध्यक्ष र उपाध्यक्ष स्वतः को हुन्छ?,Mayor and Deputy Mayor of the Municipal Executive.,नगर कार्यपालिकाका प्रमुख र उपप्रमुख।,Article 224 provides this arrangement for Municipal Assembly leadership.,Art. 224,Constitution of Nepal (2015),,,,,,
LL018,Constitution & Law,Assembly Term,Numerical Threshold,Medium,What is the term of the Village Assembly and Municipal Assembly?,गाउँ सभा र नगर सभाको कार्यकाल कति हुन्छ?,Five years.,पाँच वर्ष।,Article 225 states that both assemblies have a five-year term from the date of election.,Art. 225,Constitution of Nepal (2015),,,,,,
LL019,Constitution & Law,Assembly Election Timeline,Timeline,Hard,When must another Village Assembly or Municipal Assembly be elected after expiration of the current term?,हालको गाउँ सभा वा नगर सभाको कार्यकाल समाप्त भएपछि अर्को सभा कहिलेसम्म निर्वाचित गर्नुपर्छ?,Not later than six months after expiration of the term.,कार्यकाल समाप्त भएको छ महिनाभित्र।,Article 225 requires another assembly to be elected within six months of expiry.,Art. 225,Constitution of Nepal (2015),,,,,,
LL020,Constitution & Law,Law Making Power,Constitutional Provision,Hard,On which matters may a Village Assembly and Municipal Assembly make laws?,गाउँ सभा र नगर सभाले कुन विषयमा कानुन बनाउन सक्छन्?,Matters contained in Schedule-8 and Schedule-9.,अनुसूची–८ र अनुसूची–९ मा रहेका विषयहरू।,Article 226(1) grants law-making power on matters listed in Schedule-8 and Schedule-9.,Art. 226(1),Constitution of Nepal (2015),,,,,,
LFP001,Constitution & Law,Local Financial Procedures,Constitutional Provision,Easy,Under what condition may taxes be levied and collected and loans be raised at the Local Level?,स्थानीय तहमा कर लगाउन र उठाउन तथा ऋण उठाउन कुन अवस्थामा पाइन्छ?,Only in accordance with law.,कानुन बमोजिम मात्र।,Article 228(1) states that no tax shall be levied and collected and no loan raised except in accordance with law.,Art. 228(1),Constitution of Nepal (2015),,,,,,
LFP002,Constitution & Law,Local Taxation,Constitutional Provision,Medium,On what matters may the Local Level levy taxes by law?,स्थानीय तहले कानुन बनाएर कुन विषयमा कर लगाउन सक्छ?,Matters falling within its domain.,आफ्नो अधिकार क्षेत्रभित्र पर्ने विषयमा।,Article 228(2) allows the Local Level to levy taxes on matters within its domain while respecting national economic policies and other limitations.,Art. 228(2),Constitution of Nepal (2015),,,,,,
LFP003,Constitution & Law,Local Taxation,Multi-hop Factual,Hard,What factors must the Local Level consider while levying taxes within its domain?,स्थानीय तहले आफ्नो अधिकार क्षेत्रमा कर लगाउँदा कुन-कुन विषयलाई ध्यान दिनुपर्छ?,"National economic policies, carriage of goods and services, capital and labour market, and neighbouring State or Local Level.","राष्ट्रिय आर्थिक नीति, वस्तु तथा सेवाको ओसारपसार, पुँजी तथा श्रम बजार, र छिमेकी प्रदेश वा स्थानीय तह।",Article 228(2) specifies these limitations on Local Level taxation.,Art. 228(2),Constitution of Nepal (2015),,,,,,
LFP004,Constitution & Law,Local Consolidated Fund,Definition,Easy,What fund shall each Village Body and Municipality have under the Local Level?,स्थानीय तहअन्तर्गत प्रत्येक गाउँपालिका र नगरपालिकासँग कुन कोष हुन्छ?,Local Consolidated Fund.,स्थानीय सञ्चित कोष।,Article 229(1) provides that each Village Body and Municipality shall have one Local Consolidated Fund.,Art. 229(1),Constitution of Nepal (2015),,,,,,
LFP005,Constitution & Law,Local Consolidated Fund,Multi-hop Factual,Hard,Which sources of money are credited to the Local Consolidated Fund?,स्थानीय सञ्चित कोषमा कुन-कुन रकम जम्मा गरिन्छ?,"Revenues, grants from the Government of Nepal and State Government, loans raised by the Local Level, and amounts received from other sources.","राजस्व, नेपाल सरकार र प्रदेश सरकारबाट प्राप्त अनुदान, स्थानीय तहले उठाएका ऋण तथा अन्य स्रोतबाट प्राप्त रकम।",Article 229(1) lists the sources credited to the Local Consolidated Fund.,Art. 229(1),Constitution of Nepal (2015),,,,,,
LFP006,Constitution & Law,Local Consolidated Fund,Constitutional Provision,Medium,Which law provides for expenditures from the Local Consolidated Fund?,स्थानीय सञ्चित कोषबाट हुने खर्चसम्बन्धी विषय कुन कानुनले व्यवस्था गर्छ?,Local law.,स्थानीय कानुन।,Article 229(2) states that matters relating to expenditures from the Local Consolidated Fund shall be provided for in Local law.,Art. 229(2),Constitution of Nepal (2015),,,,,,
LFP007,Constitution & Law,Local Budget Procedure,Entity Identification,Medium,Which bodies prepare and pass the annual revenue and expenditure estimates at the Local Level?,स्थानीय तहमा वार्षिक आय–व्यय अनुमान कसले पेश गर्छ र कसले पारित गर्छ?,Village Executive and Municipal Executive prepare; Village Assembly and Municipal Assembly pass them.,गाउँ कार्यपालिका र नगर कार्यपालिकाले पेश गर्छन्; गाउँ सभा र नगर सभाले पारित गर्छन्।,Article 230(1) assigns preparation to executives and approval to respective assemblies.,Art. 230(1),Constitution of Nepal (2015),,,,,,
LFP008,Constitution & Law,Local Budget Procedure,Constitutional Provision,Hard,What must a Village Executive or Municipal Executive propose if it presents a deficit budget?,गाउँ कार्यपालिका वा नगर कार्यपालिकाले घाटा बजेट पेश गरेमा के प्रस्ताव गर्नुपर्छ?,Sources to meet the deficit.,घाटा पूर्ति गर्ने स्रोतहरू।,Article 230(2) requires proposing sources to meet the deficit according to Federal and State law.,Art. 230(2),Constitution of Nepal (2015),,,,,,
FI001,Constitution & Law,Legislative Interrelations,Fact Retrieval,Easy,To what extent may Federal Law be made applicable according to Article 231?,धारा २३१ अनुसार संघीय कानून कुन क्षेत्रमा लागू गर्न सकिन्छ?,The whole of Nepal or any part of its territory.,नेपालको सम्पूर्ण भूभाग वा आवश्यक परे कुनै भागमा।,Article 231(1) states that Federal Law may apply to the whole territory of Nepal or any required part.,Art. 231(1),Constitution of Nepal (2015),,,,,,
FI002,Constitution & Law,Legislative Interrelations,Comparison,Medium,What is the difference between the applicability of Federal Law and State Law under Article 231?,धारा २३१ अनुसार संघीय कानून र प्रदेश कानूनको लागू हुने क्षेत्रबीच के फरक छ?,Federal Law applies to Nepal or any part of Nepal; State Law applies to the whole or any part of that State.,संघीय कानून नेपालभर वा कुनै भागमा लागू हुन्छ; प्रदेश कानून सम्बन्धित प्रदेशभर वा त्यसको कुनै भागमा लागू हुन्छ।,Article 231(1) and 231(2) distinguish the territorial scope of Federal and State laws.,"Art. 231(1), Art. 231(2)",Constitution of Nepal (2015),,,,,,
FI003,Constitution & Law,Legislative Interrelations,Multi-hop Factual,Hard,When may the Federal Parliament make laws on matters listed in Schedule-6 for States?,अनुसूची-६ मा रहेका विषयमा संघीय संसदले कहिले कानून बनाउन सक्छ?,When two or more States request the Government of Nepal to make such laws.,दुई वा दुईभन्दा बढी प्रदेशले नेपाल सरकारलाई कानून बनाउन अनुरोध गरेमा।,Article 231(3) allows Federal Parliament to make laws on Schedule-6 matters upon request from two or more States.,Art. 231(3),Constitution of Nepal (2015),,,,,,
FI004,Constitution & Law,Federal-State Relations,Definition,Easy,"What principles form the basis of relations between the Federation, States, and Local levels?","संघ, प्रदेश र स्थानीय तहबीचको सम्बन्ध कुन सिद्धान्तमा आधारित हुन्छ?","Cooperation, co-existence and coordination.","सहकार्य, सहअस्तित्व र समन्वय।",Article 232(1) states that relations between the three levels are based on these principles.,Art. 232(1),Constitution of Nepal (2015),,,,,,
FI005,Constitution & Law,Federal-State Relations,Entity Identification,Medium,Who may give necessary directions to a State Council of Ministers on matters of national importance?,राष्ट्रिय महत्वका विषयमा प्रदेश मन्त्रिपरिषद्लाई आवश्यक निर्देशन कसले दिन सक्छ?,The Government of Nepal.,नेपाल सरकारले।,Article 232(2) provides that the Government of Nepal may give directions to State Councils of Ministers.,Art. 232(2),Constitution of Nepal (2015),,,,,,
FI006,Constitution & Law,Federal-State Relations,Fact Retrieval,Medium,For how long may the President suspend or dissolve a State Council of Ministers and State Assembly under Article 232(3)?,धारा २३२(३) अनुसार राष्ट्रपतिले प्रदेश मन्त्रिपरिषद् र प्रदेश सभा कति समयसम्म निलम्बन वा विघटन गर्न सक्छन्?,Not exceeding six months.,छ महिनाभन्दा बढी नहुने गरी।,Article 232(3) limits such suspension or dissolution to a period not exceeding six months.,Art. 232(3),Constitution of Nepal (2015),,,,,,
FI007,Constitution & Law,Federal-State Relations,Constitutional Provision,Hard,What majority of the Federal Parliament is required to ratify suspension or dissolution of a State Council of Ministers and State Assembly?,प्रदेश मन्त्रिपरिषद् र प्रदेश सभा निलम्बन वा विघटनको अनुमोदन गर्न संघीय संसदमा कस्तो बहुमत आवश्यक हुन्छ?,Two-thirds majority of the total number of existing members.,तत्काल कायम रहेका सदस्यहरूको दुई तिहाइ बहुमत।,Article 232(4) requires ratification by a two-thirds majority within thirty-five days.,Art. 232(4),Constitution of Nepal (2015),,,,,,
FI008,Constitution & Law,Federal-State Relations,Numerical Reasoning,Hard,Within how many days must the Federal Parliament ratify a suspension or dissolution made under Article 232(3)?,धारा २३२(३) अन्तर्गत गरिएको निलम्बन वा विघटनलाई संघीय संसदले कति दिनभित्र अनुमोदन गर्नुपर्छ?,Within thirty-five days.,पैँतीस दिनभित्र।,Article 232(4) specifies that ratification must occur within thirty-five days.,Art. 232(4),Constitution of Nepal (2015),,,,,,
FI009,Constitution & Law,Federal-State Relations,Fact Retrieval,Medium,"If dissolution of a State Assembly is ratified, within what period must an election be held?",प्रदेश सभा विघटन अनुमोदन भएमा कति समयभित्र निर्वाचन गरिनुपर्छ?,Within six months.,छ महिनाभित्र।,Article 232(5) requires election to the State Assembly within six months.,Art. 232(5),Constitution of Nepal (2015),,,,,,
FI010,Constitution & Law,Federal-State Relations,Multi-hop Factual,Hard,"During Federal rule in a State, which body may make laws on Schedule-6 matters?",प्रदेशमा संघीय शासन कायम रहेको समयमा अनुसूची-६ का विषयमा कानून कसले बनाउन सक्छ?,The Federal Parliament.,संघीय संसदले।,Article 232(7) provides that the Federal Parliament may make such laws during Federal rule.,Art. 232(7),Constitution of Nepal (2015),,,,,,
FI011,Constitution & Law,Inter-State Relations,Fact Retrieval,Easy,What must one State do regarding legal provisions or judicial and administrative decisions of another State?,एउटा प्रदेशले अर्को प्रदेशको कानूनी व्यवस्था वा न्यायिक तथा प्रशासनिक निर्णय सम्बन्धमा के गर्नुपर्छ?,Render assistance in execution.,कार्यान्वयनमा सहयोग गर्नुपर्छ।,Article 233(1) requires one State to assist another State in execution of legal and administrative matters.,Art. 233(1),Constitution of Nepal (2015),,,,,,
FI012,Constitution & Law,Inter-State Council,Entity Identification,Medium,Who chairs the Inter-State Council?,अन्तरप्रदेश परिषद्को अध्यक्ष को हुन्छ?,The Prime Minister.,प्रधानमन्त्री।,Article 234(1)(a) identifies the Prime Minister as Chairperson of the Inter-State Council.,Art. 234(1)(a),Constitution of Nepal (2015),,,,,,
FI013,Constitution & Law,Inter-State Council,Fact Retrieval,Medium,Which ministers of the Government of Nepal are members of the Inter-State Council?,अन्तरप्रदेश परिषद्को सदस्यको रूपमा नेपाल सरकारका कुन मन्त्रीहरू रहने व्यवस्था छ?,Minister for Home Affairs and Minister for Finance.,गृह मन्त्री र अर्थ मन्त्री।,Article 234(1)(b) and 234(1)(c) list these ministers as members.,"Art. 234(1)(b), Art. 234(1)(c)",Constitution of Nepal (2015),,,,,,
FI014,Constitution & Law,Inter-State Council,Constitutional Provision,Hard,What is the purpose of establishing the Inter-State Council?,अन्तरप्रदेश परिषद् स्थापना गर्नुको उद्देश्य के हो?,To settle political disputes between the Federation and a State and between States.,संघ र प्रदेश तथा प्रदेशहरूबीच उत्पन्न राजनीतिक विवाद समाधान गर्नु।,Article 234(1) establishes the Inter-State Council for settling political disputes.,Art. 234(1),Constitution of Nepal (2015),,,,,,
FI015,Constitution & Law,Inter-State Trade,Fact Retrieval,Medium,What is prohibited regarding carriage of goods and extension of services between States and Local levels?,प्रदेश र स्थानीय तहबीच वस्तु तथा सेवाको आवतजावत सम्बन्धमा के निषेध गरिएको छ?,"Obstruction, taxation, fees, charges, or discrimination.","अवरोध, कर, शुल्क, दस्तुर वा भेदभाव।","Article 236 prohibits obstruction, taxation, charges, or discrimination on inter-State trade.",Art. 236,Constitution of Nepal (2015),,,,,,
FI016,Constitution & Law,Constitutional Jurisdiction,Fact Retrieval,Easy,Does Part-20 affect the jurisdiction of the Constitutional Bench of the Supreme Court?,भाग-२० ले सर्वोच्च अदालतको संवैधानिक इजलासको अधिकारक्षेत्रलाई असर गर्छ कि गर्दैन?,"No, it does not affect it.",गर्दैन।,Article 237 states that nothing in this Part affects the jurisdiction of the Constitutional Bench under Article 137.,Art. 237,Constitution of Nepal (2015),,,,,,
CIA001,Constitution & Law,Commission for Investigation of Abuse of Authority,Entity Identification,Easy,What is the constitutional name of the anti-corruption commission established under Article 238?,धारा २३८ अनुसार स्थापना गरिएको भ्रष्टाचार अनुसन्धान गर्ने आयोगको संवैधानिक नाम के हो?,Commission for the Investigation of Abuse of Authority of Nepal.,अख्तियार दुरुपयोग अनुसन्धान आयोग।,Article 238(1) establishes the Commission for the Investigation of Abuse of Authority of Nepal.,Art. 238(1),Constitution of Nepal (2015),,,,,,
CIA002,Constitution & Law,Commission for Investigation of Abuse of Authority,Fact Retrieval,Easy,How many members are included in the Commission for the Investigation of Abuse of Authority?,अख्तियार दुरुपयोग अनुसन्धान आयोगमा कति जना सदस्य रहने व्यवस्था छ?,Five members including one Chief Commissioner and four Commissioners.,एक जना प्रमुख आयुक्त र चार जना आयुक्त गरी पाँच जना।,Article 238(1) states that the Commission consists of the Chief Commissioner and four other Commissioners.,Art. 238(1),Constitution of Nepal (2015),,,,,,
CIA003,Constitution & Law,Commission for Investigation of Abuse of Authority,Entity Identification,Medium,Who acts as the Chairperson of the Commission for the Investigation of Abuse of Authority?,अख्तियार दुरुपयोग अनुसन्धान आयोगको अध्यक्षको रूपमा कसले काम गर्छ?,The Chief Commissioner.,प्रमुख आयुक्तले।,Article 238(1) provides that the Chief Commissioner acts as the Chairperson of the Commission.,Art. 238(1),Constitution of Nepal (2015),,,,,,
CIA004,Constitution & Law,Appointment of Constitutional Bodies,Fact Retrieval,Easy,Who appoints the Chief Commissioner and Commissioners of the Commission for the Investigation of Abuse of Authority?,अख्तियार दुरुपयोग अनुसन्धान आयोगका प्रमुख आयुक्त र आयुक्तलाई कसले नियुक्त गर्छ?,The President.,राष्ट्रपतिले।,Article 238(2) states that the President appoints them on the recommendation of the Constitutional Council.,Art. 238(2),Constitution of Nepal (2015),,,,,,
CIA005,Constitution & Law,Appointment of Constitutional Bodies,Multi-hop Factual,Medium,On whose recommendation does the President appoint the Chief Commissioner and Commissioners?,राष्ट्रपतिले प्रमुख आयुक्त र आयुक्तलाई कसको सिफारिसमा नियुक्त गर्छन्?,Constitutional Council.,संवैधानिक परिषद्।,Article 238(2) requires appointment by the President based on the recommendation of the Constitutional Council.,Art. 238(2),Constitution of Nepal (2015),,,,,,
CIA006,Constitution & Law,Term of Constitutional Bodies,Numerical Fact,Easy,What is the term of office of the Chief Commissioner and Commissioners?,प्रमुख आयुक्त र आयुक्तहरूको पदावधि कति वर्षको हुन्छ?,Six years from the date of appointment.,नियुक्तिको मितिले छ वर्ष।,Article 238(3) specifies a six-year term from the date of appointment.,Art. 238(3),Constitution of Nepal (2015),,,,,,
CIA007,Constitution & Law,Vacancy of Constitutional Offices,Fact Retrieval,Medium,At what age does the office of the Chief Commissioner or Commissioner become vacant?,प्रमुख आयुक्त वा आयुक्तको पद कुन उमेर पुगेपछि रिक्त हुन्छ?,Sixty-five years.,पैँसठ्ठी वर्ष।,Article 238(4)(b) states that the office becomes vacant upon attaining the age of sixty-five years.,Art. 238(4)(b),Constitution of Nepal (2015),,,,,,
CIA008,Constitution & Law,Eligibility Requirements,Constitutional Provision,Medium,What minimum age is required to be appointed as Chief Commissioner or Commissioner?,प्रमुख आयुक्त वा आयुक्त बन्न न्यूनतम उमेर कति हुनुपर्छ?,Forty-five years.,पैँतालीस वर्ष।,Article 238(6)(d) requires a candidate to have attained the age of forty-five years.,Art. 238(6)(d),Constitution of Nepal (2015),,,,,,
CIA009,Constitution & Law,Eligibility Requirements,Fact Retrieval,Medium,What minimum educational qualification is required for appointment as Chief Commissioner or Commissioner?,प्रमुख आयुक्त वा आयुक्त नियुक्तिका लागि न्यूनतम शैक्षिक योग्यता के हो?,Bachelor's degree from a recognized university.,मान्यता प्राप्त विश्वविद्यालयबाट स्नातक उपाधि।,Article 238(6)(a) specifies the educational qualification requirement.,Art. 238(6)(a),Constitution of Nepal (2015),,,,,,
CIA010,Constitution & Law,Eligibility Requirements,Numerical Reasoning,Hard,How many years of experience must a person have in specified fields to qualify as Chief Commissioner or Commissioner?,प्रमुख आयुक्त वा आयुक्त बन्न सम्बन्धित क्षेत्रमा कति वर्षको अनुभव आवश्यक हुन्छ?,At least twenty years.,कम्तीमा बीस वर्ष।,Article 238(6)(c) requires at least twenty years of experience in specified fields.,Art. 238(6)(c),Constitution of Nepal (2015),,,,,,
CIA011,Constitution & Law,Eligibility Requirements,Constitutional Provision,Medium,Can a member of a political party at the time of appointment become Chief Commissioner or Commissioner?,नियुक्तिको समयमा राजनीतिक दलको सदस्य रहेको व्यक्ति प्रमुख आयुक्त वा आयुक्त बन्न सक्छ?,No.,सक्दैन।,Article 238(6)(b) requires that the person must not be a member of any political party at the time of appointment.,Art. 238(6)(b),Constitution of Nepal (2015),,,,,,
CIA012,Constitution & Law,Restrictions on Appointment,Fact Retrieval,Hard,Is a person once appointed as Chief Commissioner or Commissioner eligible for another government service?,एक पटक प्रमुख आयुक्त वा आयुक्त नियुक्त भएको व्यक्ति अन्य सरकारी सेवामा नियुक्त हुन योग्य हुन्छ?,No.,हुँदैन।,Article 238(8) prohibits appointment to other government service after serving as Chief Commissioner or Commissioner.,Art. 238(8),Constitution of Nepal (2015),,,,,,
CIA013,Constitution & Law,Functions and Powers,Fact Retrieval,Easy,What type of abuse may the Commission investigate under Article 239?,धारा २३९ अनुसार आयोगले कस्तो दुरुपयोगको अनुसन्धान गर्न सक्छ?,Abuse of authority committed through corruption by a person holding public office.,सार्वजनिक पद धारण गरेको व्यक्तिले भ्रष्टाचारमार्फत गरेको अख्तियार दुरुपयोग।,Article 239(1) grants authority to investigate corruption-related abuse of authority by public officials.,Art. 239(1),Constitution of Nepal (2015),,,,,,
CIA014,Constitution & Law,Functions and Powers,Exception Identification,Hard,Does the Commission investigate every public official involved in abuse of authority?,के आयोगले अख्तियार दुरुपयोग गर्ने सबै सार्वजनिक अधिकारीको अनुसन्धान गर्छ?,"No, exceptions apply where the Constitution or other law provides separate provisions.","गर्दैन, संविधान वा अन्य कानूनले छुट्टै व्यवस्था गरेको अवस्थामा अपवाद हुन्छ।",Article 239(1) excludes officials for whom the Constitution or other laws provide separate special procedures.,Art. 239(1),Constitution of Nepal (2015),,,,,,
CIA015,Constitution & Law,Investigation Procedures,Multi-hop Factual,Hard,When may the Commission investigate persons removable by impeachment or Judicial Council action?,महाभियोग वा न्याय परिषद्बाट हटाउन सकिने व्यक्तिको अनुसन्धान आयोगले कहिले गर्न सक्छ?,After they have been removed from office.,पदबाट हटाइसकेपछि।,Article 239(2) allows investigation of such persons after removal from office.,Art. 239(2),Constitution of Nepal (2015),,,,,,
CIA016,Constitution & Law,Legal Actions by Constitutional Bodies,Fact Retrieval,Medium,Where may the Commission file a case if corruption is established through investigation?,अनुसन्धानबाट भ्रष्टाचार प्रमाणित भएमा आयोगले कहाँ मुद्दा दायर गर्न सक्छ?,In the competent court.,सम्बन्धित सक्षम अदालतमा।,Article 239(3) states that the Commission may file cases in the competent court.,Art. 239(3),Constitution of Nepal (2015),,,,,,
CIA017,Constitution & Law,Delegation of Authority,Fact Retrieval,Medium,"To whom may the Commission delegate its functions, duties and powers?","आयोगले आफ्नो कार्य, कर्तव्य र अधिकार कसलाई प्रत्यायोजन गर्न सक्छ?","Chief Commissioner, Commissioner, or officer employee of the Government of Nepal.","प्रमुख आयुक्त, आयुक्त वा नेपाल सरकारको अधिकृत कर्मचारीलाई।",Article 239(5) provides authority for delegation under specified conditions.,Art. 239(5),Constitution of Nepal (2015),,,,,,
CIA018,Constitution & Law,Functions and Powers,Definition,Medium,What action may the Commission take if an investigated matter falls under another official body's jurisdiction?,अनुसन्धान गरिएको विषय अर्को निकायको अधिकारक्षेत्रमा पर्ने देखिएमा आयोगले के गर्न सक्छ?,Write to the concerned official or body for necessary action.,आवश्यक कारबाहीका लागि सम्बन्धित अधिकारी वा निकायलाई लेखी पठाउन सक्छ।,Article 239(4) allows the Commission to refer such matters to the concerned authority.,Art. 239(4),Constitution of Nepal (2015),,,,,,
AG001,Constitution & Law,Auditor General,Entity Identification,Easy,Which constitutional office shall exist as the Auditor General of Nepal?,नेपालको संविधानमा कुन संवैधानिक पदको व्यवस्था गरिएको छ?,Auditor General of Nepal.,नेपालको महालेखा परीक्षक।,Article 240(1) provides that there shall be an Auditor General of Nepal.,Art. 240(1),Constitution of Nepal (2015),,,,,,
AG002,Constitution & Law,Auditor General,Fact Retrieval,Easy,Who appoints the Auditor General of Nepal?,नेपालको महालेखा परीक्षकलाई कसले नियुक्त गर्छ?,The President.,राष्ट्रपति।,Article 240(2) states that the President appoints the Auditor General.,Art. 240(2),Constitution of Nepal (2015),,,,,,
AG003,Constitution & Law,Auditor General,Constitutional Provision,Medium,On whose recommendation does the President appoint the Auditor General?,राष्ट्रपतिले महालेखा परीक्षकलाई कसको सिफारिसमा नियुक्त गर्छन्?,Constitutional Council.,संवैधानिक परिषद्।,Article 240(2) requires the recommendation of the Constitutional Council for appointment.,Art. 240(2),Constitution of Nepal (2015),,,,,,
AG004,Constitution & Law,Auditor General,Fact Retrieval,Easy,What is the term of office of the Auditor General from the date of appointment?,नियुक्तिको मितिदेखि महालेखा परीक्षकको पदावधि कति वर्षको हुन्छ?,Six years.,छ वर्ष।,Article 240(3) specifies a six-year term from the date of appointment.,Art. 240(3),Constitution of Nepal (2015),,,,,,
AG005,Constitution & Law,Auditor General,Procedural Condition,Medium,To whom must the Auditor General submit a written resignation to vacate the office?,पद रिक्त गराउन महालेखा परीक्षकले लिखित राजीनामा कसलाई बुझाउनुपर्छ?,The President.,राष्ट्रपति।,Article 240(4)(a) states that resignation submitted in writing to the President creates vacancy.,Art. 240(4)(a),Constitution of Nepal (2015),,,,,,
AG006,Constitution & Law,Auditor General,Fact Retrieval,Easy,At what age does the office of Auditor General become vacant?,कुन उमेर पुगेपछि महालेखा परीक्षकको पद रिक्त हुन्छ?,Sixty-five years.,पैंसठ्ठी वर्ष।,Article 240(4)(b) states that the office becomes vacant after attaining sixty-five years of age.,Art. 240(4)(b),Constitution of Nepal (2015),,,,,,
AG007,Constitution & Law,Auditor General,Constitutional Provision,Medium,Which constitutional process can remove the Auditor General from office before completion of the term?,पदावधि पूरा हुनुअघि कुन संवैधानिक प्रक्रियाबाट महालेखा परीक्षक पदमुक्त हुन सक्छन्?,Impeachment under Article 101.,धारा १०१ बमोजिम महाभियोग।,Article 240(4)(c) mentions vacancy if a motion of impeachment is passed under Article 101.,Art. 240(4)(c),Constitution of Nepal (2015),,,,,,
AG008,Constitution & Law,Auditor General,Multi-hop Factual,Hard,Who recommends removal of the Auditor General due to physical or mental illness causing inability to perform duties?,शारीरिक वा मानसिक रोगका कारण कार्य गर्न असमर्थ भएमा महालेखा परीक्षकलाई हटाउन कसले सिफारिस गर्छ?,Constitutional Council.,संवैधानिक परिषद्।,Article 240(4)(d) states removal by the President on recommendation of the Constitutional Council.,Art. 240(4)(d),Constitution of Nepal (2015),,,,,,
AG009,Constitution & Law,Auditor General,Edge Case,Easy,What happens to the office of the Auditor General if the Auditor General dies?,महालेखा परीक्षकको मृत्यु भएमा पदको अवस्था के हुन्छ?,The office becomes vacant.,पद रिक्त हुन्छ।,Article 240(4)(e) lists death as a circumstance creating vacancy.,Art. 240(4)(e),Constitution of Nepal (2015),,,,,,
AG010,Constitution & Law,Auditor General,Fact Retrieval,Easy,Is the Auditor General appointed under Article 240(2) eligible for reappointment?,धारा २४०(२) बमोजिम नियुक्त महालेखा परीक्षक पुनः नियुक्तिका लागि योग्य हुन्छन्?,"No, not eligible.","होइन, योग्य हुँदैन।",Article 240(5) prohibits reappointment of the Auditor General appointed under clause (2).,Art. 240(5),Constitution of Nepal (2015),,,,,,
AG011,Constitution & Law,Auditor General Qualification,Definition,Medium,What type of qualification is required regarding audit experience for appointment as Auditor General?,महालेखा परीक्षक नियुक्तिका लागि लेखापरीक्षण अनुभवसम्बन्धी कस्तो योग्यता आवश्यक छ?,Twenty years of audit-related experience or equivalent specified qualification.,बीस वर्ष लेखापरीक्षणसम्बन्धी अनुभव वा तोकिएको समकक्ष योग्यता।,Article 240(6)(a) provides the experience and education requirements.,Art. 240(6)(a),Constitution of Nepal (2015),,,,,,
AG012,Constitution & Law,Auditor General Qualification,Fact Retrieval,Medium,Which academic fields are mentioned for a bachelor's degree qualification for Auditor General appointment?,महालेखा परीक्षक नियुक्तिका लागि स्नातक तहको कुन-कुन विषय उल्लेख गरिएको छ?,"Management, commerce, or accounting.","व्यवस्थापन, वाणिज्य वा लेखा।",Article 240(6)(a) mentions these fields of bachelor's degree.,Art. 240(6)(a),Constitution of Nepal (2015),,,,,,
AG013,Constitution & Law,Auditor General Qualification,Constitutional Provision,Medium,Can a person who is a member of a political party at the time of appointment become Auditor General?,नियुक्तिको समयमा राजनीतिक दलको सदस्य रहेको व्यक्ति महालेखा परीक्षक बन्न सक्छ?,No.,सक्दैन।,Article 240(6)(b) requires the person not to be a member of any political party at appointment.,Art. 240(6)(b),Constitution of Nepal (2015),,,,,,
AG014,Constitution & Law,Auditor General Qualification,Fact Retrieval,Easy,What minimum age is required for appointment as Auditor General?,महालेखा परीक्षक नियुक्तिका लागि न्यूनतम उमेर कति आवश्यक छ?,Forty-five years.,पैँतालीस वर्ष।,Article 240(6)(c) requires attainment of forty-five years of age.,Art. 240(6)(c),Constitution of Nepal (2015),,,,,,
AG015,Constitution & Law,Auditor General Qualification,Definition,Easy,What moral requirement is specified for appointment as Auditor General?,महालेखा परीक्षक नियुक्तिका लागि कस्तो नैतिक आवश्यकता तोकिएको छ?,High moral character.,उच्च नैतिक चरित्र।,Article 240(6)(d) requires the person to have high moral character.,Art. 240(6)(d),Constitution of Nepal (2015),,,,,,
AG016,Constitution & Law,Auditor General,Constitutional Protection,Hard,Can the remuneration and conditions of service of the Auditor General be changed to their disadvantage while holding office?,पदमा रहँदा महालेखा परीक्षकको पारिश्रमिक र सेवाका सर्तहरू निजको प्रतिकूल परिवर्तन गर्न सकिन्छ?,No.,सकिँदैन।,Article 240(7) protects remuneration and conditions of service from disadvantageous alteration.,Art. 240(7),Constitution of Nepal (2015),,,,,,
AG017,Constitution & Law,Auditor General,Exception Handling,Hard,What is the exception to the protection against disadvantageous alteration of the Auditor General's remuneration and service conditions?,महालेखा परीक्षकको सेवाका सर्तहरू प्रतिकूल परिवर्तन गर्न नपाइने व्यवस्थाको अपवाद के हो?,Emergency declared due to extreme economic disarrays.,चरम आर्थिक अव्यवस्थाका कारण संकटकाल घोषणा भएको अवस्था।,The proviso of Article 240(7) provides this exception.,Art. 240(7),Constitution of Nepal (2015),,,,,,
AG018,Constitution & Law,Auditor General,Edge Case,Medium,Is a person once appointed as Auditor General eligible for another government service?,एक पटक महालेखा परीक्षक नियुक्त भएको व्यक्ति अर्को सरकारी सेवामा नियुक्त हुन योग्य हुन्छ?,No.,हुँदैन।,Article 240(8) restricts appointment in another government service after serving as Auditor General.,Art. 240(8),Constitution of Nepal (2015),,,,,,
AG019,Constitution & Law,Auditor General Functions,Entity Identification,Medium,Which authority audits the accounts of Federal and State Government Offices and constitutional bodies?,संघीय तथा प्रदेश सरकारी कार्यालय र संवैधानिक निकायहरूको लेखा कसले परीक्षण गर्छ?,Auditor General.,महालेखा परीक्षक।,Article 241(1) assigns these audits to the Auditor General.,Art. 241(1),Constitution of Nepal (2015),,,,,,
AG020,Constitution & Law,Auditor General Functions,Multi-hop Factual,Hard,"Besides the offices listed in Article 241(1), who may require audits of other offices or bodies by the Auditor General?",धारा २४१(१) मा उल्लिखित कार्यालय बाहेक अन्य कार्यालय वा निकायको लेखापरीक्षण कसले आवश्यक बनाउन सक्छ?,Federal law.,संघीय कानुन।,Article 241(5) allows Federal law to require audits of other offices or bodies.,Art. 241(5),Constitution of Nepal (2015),,,,,,
PSC001,Constitution & Law,Public Service Commission,Entity Identification,Easy,What is the constitutional name of the commission established under Article 242?,धारा २४२ अन्तर्गत स्थापना गरिएको आयोगको संवैधानिक नाम के हो?,Public Service Commission of Nepal.,नेपालको लोक सेवा आयोग।,Article 242(1) establishes the Public Service Commission of Nepal.,Art. 242(1),Constitution of Nepal (2015),,,,,,
PSC002,Constitution & Law,Public Service Commission,Fact Retrieval,Easy,"How many members, including the Chairperson, constitute the Public Service Commission?",अध्यक्षसहित लोक सेवा आयोगमा कति जना सदस्य हुन्छन्?,Five members.,पाँच जना सदस्य।,Article 242(1) states that the commission consists of the Chairperson and four other Members.,Art. 242(1),Constitution of Nepal (2015),,,,,,
PSC003,Constitution & Law,Public Service Commission,Constitutional Provision,Medium,Who appoints the Chairperson and Members of the Public Service Commission?,लोक सेवा आयोगका अध्यक्ष र सदस्यहरूलाई कसले नियुक्त गर्छ?,The President.,राष्ट्रपति।,Article 242(2) provides that the President appoints the Chairperson and Members.,Art. 242(2),Constitution of Nepal (2015),,,,,,
PSC004,Constitution & Law,Public Service Commission,Constitutional Provision,Medium,On whose recommendation are the Chairperson and Members of the Public Service Commission appointed?,लोक सेवा आयोगका अध्यक्ष र सदस्यहरू कसको सिफारिसमा नियुक्त हुन्छन्?,Constitutional Council.,संवैधानिक परिषद्।,Article 242(2) requires the recommendation of the Constitutional Council.,Art. 242(2),Constitution of Nepal (2015),,,,,,
PSC005,Constitution & Law,Public Service Commission Composition,Numerical Threshold,Hard,What minimum percentage of Public Service Commission Members must be appointed from persons with twenty or more years of government service experience?,लोक सेवा आयोगका सदस्यहरूमध्ये कम्तीमा कति प्रतिशत सदस्य २० वर्ष वा सोभन्दा बढी सरकारी सेवामा काम गरेका व्यक्तिबाट नियुक्त हुनुपर्छ?,Fifty percent.,पचास प्रतिशत।,Article 242(3) requires at least fifty percent of Members to be appointed from such persons.,Art. 242(3),Constitution of Nepal (2015),,,,,,
PSC006,Constitution & Law,Public Service Commission Composition,Multi-hop Factual,Hard,"Besides government service experience, from which fields may the remaining Members of the Public Service Commission be appointed?",सरकारी सेवा अनुभव बाहेक बाँकी सदस्यहरू कुन-कुन क्षेत्रमा प्रतिष्ठा प्राप्त व्यक्तिहरूमध्येबाट नियुक्त हुन सक्छन्?,"Science, technology, art, literature, law, public administration, sociology, or other spheres of national life.","विज्ञान, प्रविधि, कला, साहित्य, कानून, सार्वजनिक प्रशासन, समाजशास्त्र वा राष्ट्रिय जीवनका अन्य क्षेत्र।",Article 242(3) specifies these fields for remaining Members.,Art. 242(3),Constitution of Nepal (2015),,,,,,
PSC007,Constitution & Law,Public Service Commission,Fact Retrieval,Easy,What is the term of office of the Chairperson and Members of the Public Service Commission?,लोक सेवा आयोगका अध्यक्ष र सदस्यहरूको पदावधि कति हुन्छ?,Six years from the date of appointment.,नियुक्तिको मितिदेखि छ वर्ष।,Article 242(4) provides a six-year term.,Art. 242(4),Constitution of Nepal (2015),,,,,,
PSC008,Constitution & Law,Public Service Commission,Exception Handling,Hard,Can a Member of the Public Service Commission be appointed as Chairperson after serving as a Member?,लोक सेवा आयोगको सदस्य अध्यक्ष पदमा नियुक्त हुन सक्छ?,Yes.,सक्छ।,"Article 242(5) allows a Member to be appointed as Chairperson, with the term calculated including the Member term.",Art. 242(5),Constitution of Nepal (2015),,,,,,
PSC009,Constitution & Law,Public Service Commission Vacancy,Procedural Condition,Medium,To whom must a Chairperson or Member submit a written resignation to vacate office?,अध्यक्ष वा सदस्यले पद रिक्त गराउन लिखित राजीनामा कसलाई दिनुपर्छ?,The President.,राष्ट्रपति।,Article 242(6)(a) provides resignation in writing to the President as a vacancy condition.,Art. 242(6)(a),Constitution of Nepal (2015),,,,,,
PSC010,Constitution & Law,Public Service Commission Vacancy,Fact Retrieval,Easy,At what age does the office of the Chairperson or Member of the Public Service Commission become vacant?,लोक सेवा आयोगका अध्यक्ष वा सदस्य कुन उमेर पुगेपछि पद रिक्त हुन्छ?,Sixty-five years.,पैंसठ्ठी वर्ष।,Article 242(6)(b) specifies vacancy upon attaining sixty-five years.,Art. 242(6)(b),Constitution of Nepal (2015),,,,,,
PSC011,Constitution & Law,Public Service Commission Qualification,Fact Retrieval,Medium,What educational qualification is required for appointment as Chairperson or Member of the Public Service Commission?,लोक सेवा आयोगको अध्यक्ष वा सदस्य नियुक्तिका लागि कस्तो शैक्षिक योग्यता आवश्यक छ?,Master's degree from a recognized university.,मान्यता प्राप्त विश्वविद्यालयबाट स्नातकोत्तर उपाधि।,Article 242(7)(a) requires a master's degree from a recognized university.,Art. 242(7)(a),Constitution of Nepal (2015),,,,,,
PSC012,Constitution & Law,Public Service Commission Qualification,Comparison,Medium,Is a person who is a member of a political party at the time of appointment eligible to become Chairperson or Member of the Public Service Commission?,नियुक्तिको समयमा राजनीतिक दलको सदस्य रहेको व्यक्ति लोक सेवा आयोगको अध्यक्ष वा सदस्य बन्न योग्य हुन्छ?,No.,हुँदैन।,Article 242(7)(b) prohibits appointment of a political party member at the time of appointment.,Art. 242(7)(b),Constitution of Nepal (2015),,,,,,
PSC013,Constitution & Law,Public Service Commission Functions,Fact Retrieval,Easy,What is the main duty of the Public Service Commission regarding Civil Service positions?,लोक सेवा आयोगको निजामती सेवाका पद सम्बन्धी मुख्य कर्तव्य के हो?,Conduct examinations for selection of suitable candidates.,उपयुक्त उम्मेदवार छनोटका लागि परीक्षा सञ्चालन गर्नु।,Article 243(1) assigns the duty of conducting examinations for Civil Service positions.,Art. 243(1),Constitution of Nepal (2015),,,,,,
PSC014,Constitution & Law,Public Service Commission Functions,Definition,Hard,"Under Article 243, do positions in the Army, Nepal Police, and Armed Police Force fall under the definition of Civil Service positions?","धारा २४३ अनुसार सेना, नेपाल प्रहरी र सशस्त्र प्रहरी बलका पदहरू निजामती सेवाको पदभित्र पर्छन्?",No.,पर्दैनन्।,The explanation under Article 243(1) excludes these positions from Civil Service positions.,Art. 243(1) Explanation,Constitution of Nepal (2015),,,,,,
PSC015,Constitution & Law,Public Service Commission Functions,Constitutional Provision,Medium,"What type of examinations does the Public Service Commission conduct for Nepal Army, Nepal Police, Armed Police Force, and other Federal governmental services?","नेपाली सेना, नेपाल प्रहरी, सशस्त्र प्रहरी बल र अन्य संघीय सरकारी सेवाका लागि लोक सेवा आयोगले कस्तो परीक्षा सञ्चालन गर्छ?",Written examinations.,लिखित परीक्षा।,Article 243(2) states that the Commission conducts written examinations for these positions.,Art. 243(2),Constitution of Nepal (2015),,,,,,
PSC016,Constitution & Law,Public Service Commission Functions,Multi-hop Factual,Hard,"For what employment decisions in Nepal Army, Nepal Police, Armed Police Force, and other Federal services must the Public Service Commission be consulted?","नेपाली सेना, नेपाल प्रहरी, सशस्त्र प्रहरी बल र अन्य संघीय सेवामा कुन-कुन निर्णयका लागि लोक सेवा आयोगसँग परामर्श गर्नुपर्छ?",General principles of appointment and promotion.,नियुक्ति र बढुवाका सामान्य सिद्धान्त।,Article 243(3) requires consultation on general principles for appointment and promotion.,Art. 243(3),Constitution of Nepal (2015),,,,,,
PSC017,Constitution & Law,Public Service Commission Functions,Numerical Threshold,Hard,For how long must a Federal Civil Service appointment candidate be considered before consultation regarding suitability is required?,संघीय निजामती सेवाको उम्मेदवारको उपयुक्ततासम्बन्धी परामर्श कहिले आवश्यक हुन्छ?,For appointment for a period of more than six months.,छ महिनाभन्दा बढी अवधिको नियुक्तिका लागि।,Article 243(6)(c) specifies candidates appointed for more than six months.,Art. 243(6)(c),Constitution of Nepal (2015),,,,,,
PSC018,Constitution & Law,State Public Service Commission,Entity Identification,Easy,Does each State have a State Public Service Commission under the Constitution?,संविधानअनुसार प्रत्येक प्रदेशमा प्रदेश लोक सेवा आयोग हुन्छ?,Yes.,हुन्छ।,Article 244(1) provides that each State shall have a State Public Service Commission.,Art. 244(1),Constitution of Nepal (2015),,,,,,
PSC019,Constitution & Law,State Public Service Commission,Constitutional Provision,Medium,"What determines the functions, duties, and powers of the State Public Service Commission?","प्रदेश लोक सेवा आयोगको काम, कर्तव्य र अधिकार केद्वारा निर्धारण हुन्छ?",State law.,प्रदेश कानून।,"Article 244(2) states that functions, duties, and powers are provided by State law.",Art. 244(2),Constitution of Nepal (2015),,,,,,
PSC020,Constitution & Law,State Public Service Commission,Multi-hop Factual,Hard,"Who determines the grounds and standards for the functions, duties, and powers of State Public Service Commissions?","प्रदेश लोक सेवा आयोगको काम, कर्तव्य र अधिकारका लागि आधार र मापदण्ड कसले निर्धारण गर्छ?",Federal Parliament by law.,संघीय संसदले कानूनद्वारा।,Article 244(3) states that Federal Parliament shall determine grounds and standards by law.,Art. 244(3),Constitution of Nepal (2015),,,,,,
EC001,Constitution & Law,Election Commission,Entity Identification,Easy,What constitutional body is established under Article 245?,धारा २४५ अन्तर्गत कुन संवैधानिक निकायको स्थापना गरिएको छ?,Election Commission of Nepal.,नेपालको निर्वाचन आयोग।,Article 245(1) establishes the Election Commission of Nepal.,Art. 245(1),Constitution of Nepal (2015),,,,,,
EC002,Constitution & Law,Election Commission Composition,Fact Retrieval,Easy,"How many Commissioners, including the Chief Election Commissioner, constitute the Election Commission?",प्रमुख निर्वाचन आयुक्तसहित निर्वाचन आयोगमा कति जना आयुक्त हुन्छन्?,Five Commissioners.,पाँच जना आयुक्त।,Article 245(1) states that the Election Commission consists of a Chief Commissioner and four other Commissioners.,Art. 245(1),Constitution of Nepal (2015),,,,,,
EC003,Constitution & Law,Election Commission Composition,Definition,Medium,Who acts as the chairperson of the Election Commission?,निर्वाचन आयोगको अध्यक्षको रूपमा कसले कार्य गर्छ?,Chief Election Commissioner.,प्रमुख निर्वाचन आयुक्त।,Article 245(1) provides that the Chief Commissioner acts as the chairperson of the Election Commission.,Art. 245(1),Constitution of Nepal (2015),,,,,,
EC004,Constitution & Law,Election Commission Appointment,Constitutional Provision,Medium,Who appoints the Chief Election Commissioner and Commissioners?,प्रमुख निर्वाचन आयुक्त र निर्वाचन आयुक्तहरूलाई कसले नियुक्त गर्छ?,The President.,राष्ट्रपति।,Article 245(2) provides that the President appoints them.,Art. 245(2),Constitution of Nepal (2015),,,,,,
EC005,Constitution & Law,Election Commission Appointment,Constitutional Provision,Medium,On whose recommendation are the Chief Election Commissioner and Commissioners appointed?,प्रमुख निर्वाचन आयुक्त र निर्वाचन आयुक्तहरू कसको सिफारिसमा नियुक्त हुन्छन्?,Constitutional Council.,संवैधानिक परिषद्।,Article 245(2) requires recommendation of the Constitutional Council.,Art. 245(2),Constitution of Nepal (2015),,,,,,
EC006,Constitution & Law,Election Commission Tenure,Fact Retrieval,Easy,What is the term of office of the Chief Election Commissioner and Commissioners?,प्रमुख निर्वाचन आयुक्त र निर्वाचन आयुक्तहरूको पदावधि कति हुन्छ?,Six years from the date of appointment.,नियुक्तिको मितिदेखि छ वर्ष।,Article 245(3) provides a six-year term.,Art. 245(3),Constitution of Nepal (2015),,,,,,
EC007,Constitution & Law,Election Commission Vacancy,Procedural Condition,Medium,To whom must the Chief Election Commissioner or Commissioner submit a written resignation to vacate office?,पद रिक्त गराउन प्रमुख निर्वाचन आयुक्त वा निर्वाचन आयुक्तले लिखित राजीनामा कसलाई दिनुपर्छ?,The President.,राष्ट्रपति।,Article 245(4)(a) states resignation must be submitted in writing to the President.,Art. 245(4)(a),Constitution of Nepal (2015),,,,,,
EC008,Constitution & Law,Election Commission Vacancy,Fact Retrieval,Easy,At what age does the office of the Chief Election Commissioner or Commissioner become vacant?,कुन उमेर पुगेपछि प्रमुख निर्वाचन आयुक्त वा निर्वाचन आयुक्तको पद रिक्त हुन्छ?,Sixty-five years.,पैंसठ्ठी वर्ष।,Article 245(4)(b) specifies vacancy upon attaining sixty-five years.,Art. 245(4)(b),Constitution of Nepal (2015),,,,,,
EC009,Constitution & Law,Election Commission Vacancy,Constitutional Provision,Medium,Which constitutional process can remove the Chief Election Commissioner or Commissioner before completion of tenure?,पदावधि पूरा हुनुअघि प्रमुख निर्वाचन आयुक्त वा निर्वाचन आयुक्तलाई कुन संवैधानिक प्रक्रियाबाट हटाउन सकिन्छ?,Impeachment under Article 101.,धारा १०१ बमोजिम महाभियोग।,Article 245(4)(c) mentions vacancy if impeachment motion is passed under Article 101.,Art. 245(4)(c),Constitution of Nepal (2015),,,,,,
EC010,Constitution & Law,Election Commission Vacancy,Multi-hop Factual,Hard,Who recommends removal of an Election Commissioner due to physical or mental illness preventing performance of duties?,शारीरिक वा मानसिक रोगका कारण कार्य गर्न असमर्थ भएमा निर्वाचन आयुक्त हटाउन कसले सिफारिस गर्छ?,Constitutional Council.,संवैधानिक परिषद्।,Article 245(4)(d) states removal by President on Constitutional Council recommendation.,Art. 245(4)(d),Constitution of Nepal (2015),,,,,,
EC011,Constitution & Law,Election Commission Reappointment,Edge Case,Hard,Is a Commissioner appointed under Article 245(2) eligible for reappointment?,धारा २४५(२) बमोजिम नियुक्त निर्वाचन आयुक्त पुनः नियुक्तिका लागि योग्य हुन्छ?,"No, not eligible.","होइन, योग्य हुँदैन।",Article 245(5) prohibits reappointment.,Art. 245(5),Constitution of Nepal (2015),,,,,,
EC012,Constitution & Law,Election Commission Reappointment,Exception Handling,Hard,Can a Commissioner later be appointed as the Chief Election Commissioner?,के निर्वाचन आयुक्त पछि प्रमुख निर्वाचन आयुक्त नियुक्त हुन सक्छ?,Yes.,सक्छ।,Article 245(5) provides an exception allowing appointment of a Commissioner as Chief Election Commissioner.,Art. 245(5),Constitution of Nepal (2015),,,,,,
EC013,Constitution & Law,Election Commission Qualification,Fact Retrieval,Easy,What minimum educational qualification is required for appointment as Chief Election Commissioner or Commissioner?,प्रमुख निर्वाचन आयुक्त वा निर्वाचन आयुक्त नियुक्तिका लागि न्यूनतम शैक्षिक योग्यता के हो?,Bachelor's degree from a recognized university.,मान्यता प्राप्त विश्वविद्यालयबाट स्नातक उपाधि।,Article 245(6)(a) specifies this qualification.,Art. 245(6)(a),Constitution of Nepal (2015),,,,,,
EC014,Constitution & Law,Election Commission Qualification,Constitutional Provision,Medium,Can a member of a political party at the time of appointment become Chief Election Commissioner or Commissioner?,नियुक्तिको समयमा राजनीतिक दलको सदस्य रहेको व्यक्ति प्रमुख निर्वाचन आयुक्त वा आयुक्त बन्न सक्छ?,No.,सक्दैन।,Article 245(6)(b) requires that the person is not a member of any political party.,Art. 245(6)(b),Constitution of Nepal (2015),,,,,,
EC015,Constitution & Law,Election Commission Qualification,Fact Retrieval,Easy,What minimum age is required for appointment as Chief Election Commissioner or Commissioner?,प्रमुख निर्वाचन आयुक्त वा निर्वाचन आयुक्त नियुक्तिका लागि न्यूनतम उमेर कति हो?,Forty-five years.,पैँतालीस वर्ष।,Article 245(6)(c) requires attainment of forty-five years.,Art. 245(6)(c),Constitution of Nepal (2015),,,,,,
EC016,Constitution & Law,Election Commission Functions,Fact Retrieval,Medium,"Which elections does the Election Commission conduct, supervise, direct, and control?","निर्वाचन आयोगले कुन-कुन निर्वाचन सञ्चालन, अनुगमन, निर्देशन र नियन्त्रण गर्छ?","President, Vice-President, Federal Parliament, State Assembly, and Local level elections.","राष्ट्रपति, उपराष्ट्रपति, संघीय संसद, प्रदेश सभा र स्थानीय तहका निर्वाचन।",Article 246(1) lists these elections.,Art. 246(1),Constitution of Nepal (2015),,,,,,
EC017,Constitution & Law,Election Commission Functions,Definition,Medium,What electoral document does the Election Commission prepare for election purposes?,निर्वाचन आयोगले निर्वाचन प्रयोजनका लागि कुन अभिलेख तयार गर्छ?,Electoral rolls.,मतदाता नामावली।,Article 246(1) states that the Election Commission prepares electoral rolls.,Art. 246(1),Constitution of Nepal (2015),,,,,,
EC018,Constitution & Law,Election Commission Functions,Constitutional Provision,Medium,Can the Election Commission conduct a referendum on matters of national importance?,के निर्वाचन आयोगले राष्ट्रिय महत्वको विषयमा जनमत संग्रह गराउन सक्छ?,Yes.,सक्छ।,Article 246(2) empowers the Election Commission to hold referendums according to Constitution and Federal law.,Art. 246(2),Constitution of Nepal (2015),,,,,,
EC019,Constitution & Law,Election Commission Candidate Dispute,Procedural Reasoning,Hard,Who decides a candidate qualification dispute arising after nomination but before declaration of election results?,उम्मेदवारी दर्तापछि तर निर्वाचन परिणाम घोषणा हुनुअघि उम्मेदवारको योग्यतासम्बन्धी प्रश्न उठेमा निर्णय कसले गर्छ?,Election Commission.,निर्वाचन आयोग।,Article 246(3) assigns this decision to the Election Commission.,Art. 246(3),Constitution of Nepal (2015),,,,,,
EC020,Constitution & Law,Election Commission Delegation,Constitutional Provision,Medium,"Can the Election Commission delegate its functions, duties, and powers?","के निर्वाचन आयोगले आफ्नो काम, कर्तव्य र अधिकार प्रत्यायोजन गर्न सक्छ?","Yes, subject to specified conditions.","सक्छ, तोकिएका सर्तहरूको अधीनमा।",Article 246(4) allows delegation to specified persons or employees.,Art. 246(4),Constitution of Nepal (2015),,,,,,
EC021,Constitution & Law,Election Commission Assistance,Federal Structure,Medium,Which levels of government must provide assistance required by the Election Commission?,निर्वाचन आयोगलाई आवश्यक सहयोग कुन-कुन तहका सरकारले उपलब्ध गराउनुपर्छ?,"Federal Government, State Governments, and Local Governments.","संघ सरकार, प्रदेश सरकार र स्थानीय सरकार।",Article 247 requires all three levels to provide assistance.,Art. 247,Constitution of Nepal (2015),,,,,,
EC022,Constitution & Law,Election Commission Assistance,Entity Identification,Easy,Who provides employees and other assistance required for Election Commission functions?,निर्वाचन आयोगको कार्यका लागि आवश्यक कर्मचारी र अन्य सहयोग कसले उपलब्ध गराउँछ?,"Government of Nepal, State Government, and Local Government.","नेपाल सरकार, प्रदेश सरकार र स्थानीय सरकार।",Article 247 specifies these governments shall provide assistance.,Art. 247,Constitution of Nepal (2015),,,,,,
EC023,Constitution & Law,Election Commission Functions,Comparison,Hard,"Is the Election Commission responsible only for Federal elections, or also State Assembly and Local level elections?",निर्वाचन आयोग संघीय निर्वाचन मात्र वा प्रदेश सभा र स्थानीय तहको निर्वाचन पनि जिम्मेवार हुन्छ?,"It is responsible for Federal, State Assembly, and Local level elections.","संघीय, प्रदेश सभा र स्थानीय तहका निर्वाचनका लागि जिम्मेवार हुन्छ।",Article 246(1) includes all these election categories.,Art. 246(1),Constitution of Nepal (2015),,,,,,
EC024,Constitution & Law,Election Commission Functions,Multi-hop Factual,Hard,Under what two legal sources does the Election Commission conduct elections and referendums?,निर्वाचन आयोगले निर्वाचन र जनमत संग्रह कुन दुई कानुनी आधारमा सञ्चालन गर्छ?,Constitution and Federal law.,संविधान र संघीय कानून।,Articles 246(1) and 246(2) require compliance with Constitution and Federal law.,Art. 246(1)-(2),Constitution of Nepal (2015),,,,,,
EC025,Constitution & Law,Election Commission Functions,Distinction,Hard,Who decides candidate qualification disputes after nomination but before election results: Election Commission or courts?,उम्मेदवारीपछि निर्वाचन परिणाम घोषणा हुनुअघि उम्मेदवारको योग्यतासम्बन्धी विवादको निर्णय निर्वाचन आयोगले गर्छ वा अदालतले?,Election Commission.,निर्वाचन आयोग।,Article 246(3) specifically assigns this authority to the Election Commission.,Art. 246(3),Constitution of Nepal (2015),,,,,,
NHRC001,Constitution & Law,National Human Rights Commission,Entity Identification,Easy,What constitutional body is established under Article 248 of the Constitution of Nepal?,नेपालको संविधानको धारा २४८ अन्तर्गत कुन संवैधानिक निकायको स्थापना गरिएको छ?,National Human Rights Commission of Nepal.,नेपालको राष्ट्रिय मानव अधिकार आयोग।,Article 248(1) establishes the National Human Rights Commission of Nepal.,Art. 248(1),Constitution of Nepal (2015),,,,,,
NHRC002,Constitution & Law,National Human Rights Commission Composition,Fact Retrieval,Easy,"How many members, including the Chairperson, constitute the National Human Rights Commission?",अध्यक्षसहित राष्ट्रिय मानव अधिकार आयोगमा कति जना सदस्य हुन्छन्?,Five members.,पाँच जना सदस्य।,Article 248(1) states that the Commission consists of a Chairperson and four other members.,Art. 248(1),Constitution of Nepal (2015),,,,,,
NHRC003,Constitution & Law,National Human Rights Commission Appointment,Constitutional Provision,Medium,Who appoints the Chairperson and members of the National Human Rights Commission?,राष्ट्रिय मानव अधिकार आयोगका अध्यक्ष र सदस्यहरूलाई कसले नियुक्त गर्छ?,The President.,राष्ट्रपति।,Article 248(2) provides that the President appoints the Chairperson and members.,Art. 248(2),Constitution of Nepal (2015),,,,,,
NHRC004,Constitution & Law,National Human Rights Commission Appointment,Constitutional Provision,Medium,On whose recommendation are the Chairperson and members of the National Human Rights Commission appointed?,राष्ट्रिय मानव अधिकार आयोगका अध्यक्ष र सदस्यहरू कसको सिफारिसमा नियुक्त हुन्छन्?,Constitutional Council.,संवैधानिक परिषद्।,Article 248(2) requires the recommendation of the Constitutional Council.,Art. 248(2),Constitution of Nepal (2015),,,,,,
NHRC005,Constitution & Law,National Human Rights Commission Tenure,Fact Retrieval,Easy,What is the term of office of the Chairperson and members of the National Human Rights Commission?,राष्ट्रिय मानव अधिकार आयोगका अध्यक्ष र सदस्यहरूको पदावधि कति हुन्छ?,Six years from the date of appointment.,नियुक्तिको मितिदेखि छ वर्ष।,Article 248(3) specifies a six-year term from the date of appointment.,Art. 248(3),Constitution of Nepal (2015),,,,,,
NHRC006,Constitution & Law,National Human Rights Commission Reappointment,Fact Retrieval,Medium,Are the Chairperson and members of the National Human Rights Commission eligible for reappointment after completing their term?,राष्ट्रिय मानव अधिकार आयोगका अध्यक्ष र सदस्यहरू आफ्नो पदावधि पूरा गरेपछि पुनः नियुक्तिका लागि योग्य हुन्छन्?,"No, they are not eligible for reappointment.","होइन, पुनः नियुक्तिका लागि योग्य हुँदैनन्।",Article 248(4) states that the Chairperson and members appointed under clause (2) shall not be eligible for reappointment.,Art. 248(4),Constitution of Nepal (2015),,,,,,
NHRC007,Constitution & Law,National Human Rights Commission Reappointment,Exception Handling,Hard,Can a member of the National Human Rights Commission be appointed as the Chairperson after serving as a member?,राष्ट्रिय मानव अधिकार आयोगको सदस्य पदमा रहेको व्यक्ति पछि अध्यक्ष नियुक्त हुन सक्छ?,Yes.,सक्छ।,"Article 248(4) provides an exception allowing a member to be appointed as Chairperson, with the term including the member's term.",Art. 248(4),Constitution of Nepal (2015),,,,,,
NHRC008,Constitution & Law,National Human Rights Commission Vacancy,Procedural Condition,Medium,To whom must the Chairperson or member submit a written resignation to vacate office?,पद रिक्त गराउन राष्ट्रिय मानव अधिकार आयोगका अध्यक्ष वा सदस्यले लिखित राजीनामा कसलाई दिनुपर्छ?,The President.,राष्ट्रपति।,Article 248(5)(a) states that resignation submitted in writing to the President creates vacancy.,Art. 248(5)(a),Constitution of Nepal (2015),,,,,,
NHRC009,Constitution & Law,National Human Rights Commission Vacancy,Constitutional Provision,Medium,Which constitutional process can cause the office of the Chairperson or member of the National Human Rights Commission to become vacant?,राष्ट्रिय मानव अधिकार आयोगका अध्यक्ष वा सदस्यको पद कुन संवैधानिक प्रक्रियाबाट रिक्त हुन सक्छ?,Impeachment under Article 101.,धारा १०१ बमोजिम महाभियोग।,Article 248(5)(b) provides vacancy if a motion of impeachment is passed under Article 101.,Art. 248(5)(b),Constitution of Nepal (2015),,,,,,
NHRC010,Constitution & Law,National Human Rights Commission Vacancy,Multi-hop Factual,Hard,Who recommends removal of the Chairperson or member of the National Human Rights Commission due to physical or mental illness preventing performance of duties?,शारीरिक वा मानसिक रोगका कारण कार्य गर्न असमर्थ भएमा राष्ट्रिय मानव अधिकार आयोगका अध्यक्ष वा सदस्यलाई हटाउन कसले सिफारिस गर्छ?,Constitutional Council.,संवैधानिक परिषद्।,Article 248(5)(c) states that removal is done by the President on recommendation of the Constitutional Council.,Art. 248(5)(c),Constitution of Nepal (2015),,,,,,
NHRC011,Constitution & Law,National Human Rights Commission Qualification,Definition,Hard,What qualification is required for a person to be appointed as Chairperson of the National Human Rights Commission if the person is a former Chief Justice or Supreme Court Judge?,सर्वोच्च अदालतको पूर्व प्रधान न्यायाधीश वा न्यायाधीश रहेको व्यक्तिलाई राष्ट्रिय मानव अधिकार आयोगको अध्यक्ष नियुक्त हुन के योग्यता आवश्यक हुन्छ?,Outstanding contribution to the protection and promotion of human rights.,मानव अधिकारको संरक्षण र प्रवर्द्धनमा उत्कृष्ट योगदान।,Article 248(6)(a) requires a retired Chief Justice or Supreme Court Judge to have rendered outstanding contribution to protection and promotion of human rights.,Art. 248(6)(a),Constitution of Nepal (2015),,,,,,
NHRC012,Constitution & Law,National Human Rights Commission Qualification,Multi-hop Factual,Hard,How many years of active involvement and contribution are required for a renowned person to qualify as Chairperson of the National Human Rights Commission through the human rights contribution route?,मानव अधिकार क्षेत्रमा सक्रिय रहेको प्रतिष्ठित व्यक्तिलाई राष्ट्रिय मानव अधिकार आयोगको अध्यक्ष बन्न कति वर्षको सक्रियता र योगदान आवश्यक हुन्छ?,At least twenty years.,कम्तीमा बीस वर्ष।,Article 248(6)(a) requires a renowned person to have been active for at least twenty years and rendered outstanding contribution.,Art. 248(6)(a),Constitution of Nepal (2015),,,,,,
NHRC013,Constitution & Law,National Human Rights Commission Qualification,Comparison,Hard,What is the difference between the qualification requirement for the Chairperson and a member of the National Human Rights Commission?,राष्ट्रिय मानव अधिकार आयोगको अध्यक्ष र सदस्यको योग्यता आवश्यकतामा के फरक छ?,"The Chairperson requires specific senior judicial or outstanding human rights contribution qualifications, while a member requires involvement in human rights, child rights, or significant national contribution.","अध्यक्षका लागि विशिष्ट न्यायिक वा मानव अधिकार योगदानसम्बन्धी योग्यता चाहिन्छ भने सदस्यका लागि मानव अधिकार, बाल अधिकार वा राष्ट्रिय जीवनका क्षेत्रमा योगदान आवश्यक हुन्छ।",Article 248(6)(a) and 248(6)(b) provide different qualification criteria for Chairperson and members.,Art. 248(6)(a)-(b),Constitution of Nepal (2015),,,,,,
NHRC014,Constitution & Law,National Human Rights Commission Qualification,Definition,Medium,What area of involvement is specifically mentioned for a person to qualify as a member of the National Human Rights Commission?,राष्ट्रिय मानव अधिकार आयोगको सदस्य बन्न व्यक्तिको कुन क्षेत्रमा संलग्नता उल्लेख गरिएको छ?,Protection and promotion of human rights or rights and interests of the child.,मानव अधिकार वा बाल अधिकार तथा हितको संरक्षण र प्रवर्द्धन।,Article 248(6)(b) mentions involvement in protection and promotion of human rights or rights and interests of the child.,Art. 248(6)(b),Constitution of Nepal (2015),,,,,,
NHRC015,Constitution & Law,National Human Rights Commission Qualification,Fact Retrieval,Easy,What minimum educational qualification is required for appointment as Chairperson or member of the National Human Rights Commission?,राष्ट्रिय मानव अधिकार आयोगको अध्यक्ष वा सदस्य नियुक्तिका लागि न्यूनतम शैक्षिक योग्यता के हो?,Bachelor's degree from a recognized university.,मान्यता प्राप्त विश्वविद्यालयबाट स्नातक उपाधि।,Article 248(6)(c) requires holding a bachelor's degree from a recognized university.,Art. 248(6)(c),Constitution of Nepal (2015),,,,,,
NHRC016,Constitution & Law,National Human Rights Commission Qualification,Fact Retrieval,Easy,What minimum age is required for appointment as Chairperson or member of the National Human Rights Commission?,राष्ट्रिय मानव अधिकार आयोगको अध्यक्ष वा सदस्य नियुक्तिका लागि न्यूनतम उमेर कति हो?,Forty-five years.,पैँतालीस वर्ष।,Article 248(6)(d) requires the person to have attained forty-five years of age.,Art. 248(6)(d),Constitution of Nepal (2015),,,,,,
NHRC017,Constitution & Law,National Human Rights Commission Qualification,Constitutional Provision,Medium,Can a person who is a member of any political party at the time of appointment be appointed as Chairperson or member of the National Human Rights Commission?,नियुक्तिको समयमा कुनै राजनीतिक दलको सदस्य रहेको व्यक्ति राष्ट्रिय मानव अधिकार आयोगको अध्यक्ष वा सदस्य बन्न सक्छ?,No.,सक्दैन।,Article 248(6)(e) requires that the person must not be a member of any political party at the time of appointment.,Art. 248(6)(e),Constitution of Nepal (2015),,,,,,
NHRC018,Constitution & Law,National Human Rights Commission Qualification,Definition,Easy,What moral requirement is required for appointment as Chairperson or member of the National Human Rights Commission?,राष्ट्रिय मानव अधिकार आयोगको अध्यक्ष वा सदस्य नियुक्तिका लागि कस्तो नैतिक आवश्यकता छ?,High moral character.,उच्च नैतिक चरित्र।,Article 248(6)(f) requires the person to be of high moral character.,Art. 248(6)(f),Constitution of Nepal (2015),,,,,,
NHRC019,Constitution & Law,National Human Rights Commission Service Conditions,Constitutional Protection,Hard,Can the remuneration and conditions of service of the Chairperson and members of the National Human Rights Commission be altered to their disadvantage while they hold office?,पदमा रहँदा राष्ट्रिय मानव अधिकार आयोगका अध्यक्ष र सदस्यहरूको पारिश्रमिक तथा सेवाका सर्तहरू प्रतिकूल परिवर्तन गर्न सकिन्छ?,No.,सकिँदैन।,Article 248(7) protects remuneration and service conditions from disadvantageous alteration while holding office.,Art. 248(7),Constitution of Nepal (2015),,,,,,
NHRC020,Constitution & Law,National Human Rights Commission Service Conditions,Exception Handling,Hard,What is the exception to the prohibition on disadvantageous alteration of remuneration and service conditions of the National Human Rights Commission members?,राष्ट्रिय मानव अधिकार आयोगका पदाधिकारीहरूको सेवाका सर्तहरू प्रतिकूल परिवर्तन गर्न नपाइने व्यवस्थाको अपवाद के हो?,A state of emergency declared because of extreme economic disarrays.,चरम आर्थिक अव्यवस्थाका कारण संकटकाल घोषणा भएको अवस्था।,The proviso under Article 248(7) provides this exception.,Art. 248(7),Constitution of Nepal (2015),,,,,,
NHRC021,Constitution & Law,National Human Rights Commission Functions,Fact Retrieval,Easy,What is the primary duty of the National Human Rights Commission?,राष्ट्रिय मानव अधिकार आयोगको मुख्य कर्तव्य के हो?,"To respect, protect and promote human rights and ensure effective enforcement thereof.","मानव अधिकारको सम्मान, संरक्षण र प्रवर्द्धन गर्नु तथा त्यसको प्रभावकारी कार्यान्वयन सुनिश्चित गर्नु।",Article 249(1) defines the primary duty of the National Human Rights Commission.,Art. 249(1),Constitution of Nepal (2015),,,,,,
NHRC022,Constitution & Law,National Human Rights Commission Investigation Powers,Multi-hop Factual,Medium,On what basis can the National Human Rights Commission investigate complaints of human rights violations?,राष्ट्रिय मानव अधिकार आयोगले मानव अधिकार उल्लङ्घनसम्बन्धी उजुरी कुन आधारमा छानबिन गर्न सक्छ?,"On its own initiative, on petition or complaint, or information received from any source.","आफ्नै पहलमा, निवेदन वा उजुरीमा, वा कुनै स्रोतबाट प्राप्त सूचनाको आधारमा।",Article 249(2)(a) provides multiple bases for investigation of human rights violation complaints.,Art. 249(2)(a),Constitution of Nepal (2015),,,,,,
NHRC023,Constitution & Law,National Human Rights Commission Investigation Powers,Entity Identification,Medium,Who can present or send a complaint of human rights violation to the National Human Rights Commission?,मानव अधिकार उल्लङ्घनसम्बन्धी उजुरी राष्ट्रिय मानव अधिकार आयोगमा कसले प्रस्तुत वा पठाउन सक्छ?,A victim or any person on behalf of the victim.,पीडित वा पीडितको तर्फबाट कुनै व्यक्ति।,Article 249(2)(a) allows complaints by victims or any person on their behalf.,Art. 249(2)(a),Constitution of Nepal (2015),,,,,,
NHRC024,Constitution & Law,National Human Rights Commission Functions,Constitutional Provision,Medium,What recommendation can the National Human Rights Commission make against perpetrators of human rights violations?,मानव अधिकार उल्लङ्घन गर्ने व्यक्तिविरुद्ध राष्ट्रिय मानव अधिकार आयोगले कस्तो सिफारिस गर्न सक्छ?,Recommendation for action against perpetrators.,उल्लङ्घनकर्ताविरुद्ध कारबाहीको सिफारिस।,Article 249(2)(a) authorizes the Commission to make recommendations for action against perpetrators.,Art. 249(2)(a),Constitution of Nepal (2015),,,,,,
NHRC025,Constitution & Law,National Human Rights Commission Functions,Procedural Reasoning,Hard,"If an official responsible for preventing human rights violations fails to perform their duty, what action can the National Human Rights Commission recommend?",मानव अधिकार उल्लङ्घन रोक्ने जिम्मेवारी भएको अधिकारीले आफ्नो कर्तव्य पूरा नगरेमा आयोगले के सिफारिस गर्न सक्छ?,Departmental action against the official.,सम्बन्धित अधिकारीमाथि विभागीय कारबाही।,Article 249(2)(b) allows recommendation for departmental action against such officials.,Art. 249(2)(b),Constitution of Nepal (2015),,,,,,
NHRC026,Constitution & Law,National Human Rights Commission Legal Recommendation,Constitutional Provision,Medium,What can the National Human Rights Commission recommend if a case needs to be filed against a person or organization violating human rights?,मानव अधिकार उल्लङ्घन गर्ने व्यक्ति वा संस्थाविरुद्ध मुद्दा चलाउन आवश्यक भए आयोगले के सिफारिस गर्न सक्छ?,Recommendation to file a case in court according to law.,कानून बमोजिम अदालतमा मुद्दा दायर गर्न सिफारिस।,Article 249(2)(c) provides this power.,Art. 249(2)(c),Constitution of Nepal (2015),,,,,,
NHRC027,Constitution & Law,National Human Rights Commission Powers,Comparison,Hard,Does the National Human Rights Commission have the same powers as a court regarding summoning persons and recording statements?,के राष्ट्रिय मानव अधिकार आयोगसँग व्यक्तिलाई उपस्थित गराउने र बयान लिने विषयमा अदालतसरह अधिकार हुन्छ?,"Yes, for those specified purposes.","हुन्छ, तोकिएका प्रयोजनका लागि।","Article 249(3)(a) grants powers equivalent to a court for summoning, recording statements, examining evidence, and related matters.",Art. 249(3)(a),Constitution of Nepal (2015),,,,,,
NHRC028,Constitution & Law,National Human Rights Commission Investigation Powers,Edge Case,Hard,Can the National Human Rights Commission search a person's residence or office without notice when it receives information of serious human rights violations?,गम्भीर मानव अधिकार उल्लङ्घन भएको सूचना पाएमा राष्ट्रिय मानव अधिकार आयोगले सूचना नदिई व्यक्तिको घर वा कार्यालय खानतलासी गर्न सक्छ?,Yes.,सक्छ।,Article 249(3)(b) allows search without notice in cases of serious human rights violations.,Art. 249(3)(b),Constitution of Nepal (2015),,,,,,
NHRC029,Constitution & Law,National Human Rights Commission Emergency Powers,Procedural Reasoning,Hard,What immediate action may the National Human Rights Commission take when human rights of a person are being violated and immediate action is necessary?,कुनै व्यक्तिको मानव अधिकार उल्लङ्घन भइरहेको अवस्थामा तत्काल कारबाही आवश्यक भए आयोगले के गर्न सक्छ?,Enter any government office or other place without notice and rescue the person.,सूचना नदिई सरकारी कार्यालय वा अन्य स्थानमा प्रवेश गरी व्यक्तिको उद्धार गर्न सक्छ।,Article 249(3)(c) provides this immediate intervention power.,Art. 249(3)(c),Constitution of Nepal (2015),,,,,,
NHRC030,Constitution & Law,National Human Rights Commission Powers,Multi-hop Factual,Hard,Can the National Human Rights Commission order compensation to a victim of human rights violations?,के राष्ट्रिय मानव अधिकार आयोगले मानव अधिकार उल्लङ्घनका पीडितलाई क्षतिपूर्ति उपलब्ध गराउन आदेश दिन सक्छ?,"Yes, in accordance with law.","सक्छ, कानून बमोजिम।",Article 249(3)(d) provides the power to order provision of compensation to victims of human rights violations.,Art. 249(3)(d),Constitution of Nepal (2015),,,,,,
NNRFC001,Constitution & Law,National Natural Resources and Fiscal Commission,Entity Identification,Easy,What constitutional body is established under Article 250 of the Constitution of Nepal?,नेपालको संविधानको धारा २५० अन्तर्गत कुन संवैधानिक निकायको स्थापना गरिएको छ?,National Natural Resources and Fiscal Commission of Nepal.,नेपालको राष्ट्रिय प्राकृतिक स्रोत तथा वित्त आयोग।,Article 250(1) establishes the National Natural Resources and Fiscal Commission of Nepal.,Art. 250(1),Constitution of Nepal (2015),,,,,,
NNRFC002,Constitution & Law,National Natural Resources and Fiscal Commission Composition,Numerical Threshold,Medium,"What is the maximum number of members, including the Chairperson, in the National Natural Resources and Fiscal Commission?",राष्ट्रिय प्राकृतिक स्रोत तथा वित्त आयोगमा अध्यक्षसहित अधिकतम कति जना सदस्य हुन्छन्?,Five members.,पाँच जना सदस्य।,Article 250(1) states that the Commission consists of a maximum of five members including the Chairperson.,Art. 250(1),Constitution of Nepal (2015),,,,,,
NNRFC003,Constitution & Law,National Natural Resources and Fiscal Commission Appointment,Constitutional Provision,Medium,Who appoints the Chairperson and members of the National Natural Resources and Fiscal Commission?,राष्ट्रिय प्राकृतिक स्रोत तथा वित्त आयोगका अध्यक्ष र सदस्यहरूलाई कसले नियुक्त गर्छ?,The President.,राष्ट्रपति।,Article 250(2) provides that the President appoints the Chairperson and members.,Art. 250(2),Constitution of Nepal (2015),,,,,,
NNRFC004,Constitution & Law,National Natural Resources and Fiscal Commission Appointment,Constitutional Provision,Medium,On whose recommendation does the President appoint the Chairperson and members of the National Natural Resources and Fiscal Commission?,राष्ट्रपतिले राष्ट्रिय प्राकृतिक स्रोत तथा वित्त आयोगका अध्यक्ष र सदस्यहरूलाई कसको सिफारिसमा नियुक्त गर्छन्?,Constitutional Council.,संवैधानिक परिषद्।,Article 250(2) requires the recommendation of the Constitutional Council for appointment.,Art. 250(2),Constitution of Nepal (2015),,,,,,
NNRFC005,Constitution & Law,National Natural Resources and Fiscal Commission Tenure,Fact Retrieval,Easy,What is the term of office of the Chairperson and members of the National Natural Resources and Fiscal Commission?,राष्ट्रिय प्राकृतिक स्रोत तथा वित्त आयोगका अध्यक्ष र सदस्यहरूको पदावधि कति हुन्छ?,Six years from the date of appointment.,नियुक्तिको मितिदेखि छ वर्ष।,Article 250(3) specifies a six-year term from the date of appointment.,Art. 250(3),Constitution of Nepal (2015),,,,,,
NNRFC006,Constitution & Law,National Natural Resources and Fiscal Commission Vacancy,Procedural Condition,Medium,To whom must the Chairperson or member submit a written resignation to vacate office?,पद रिक्त गराउन राष्ट्रिय प्राकृतिक स्रोत तथा वित्त आयोगका अध्यक्ष वा सदस्यले लिखित राजीनामा कसलाई दिनुपर्छ?,The President.,राष्ट्रपति।,Article 250(4)(a) states that the office becomes vacant if resignation is submitted in writing to the President.,Art. 250(4)(a),Constitution of Nepal (2015),,,,,,
NNRFC007,Constitution & Law,National Natural Resources and Fiscal Commission Vacancy,Fact Retrieval,Easy,At what age does the office of the Chairperson or member of the National Natural Resources and Fiscal Commission become vacant?,कुन उमेर पुगेपछि राष्ट्रिय प्राकृतिक स्रोत तथा वित्त आयोगका अध्यक्ष वा सदस्यको पद रिक्त हुन्छ?,Sixty-five years.,पैंसठ्ठी वर्ष।,Article 250(4)(b) provides that the office becomes vacant upon attaining sixty-five years of age.,Art. 250(4)(b),Constitution of Nepal (2015),,,,,,
NNRFC008,Constitution & Law,National Natural Resources and Fiscal Commission Vacancy,Constitutional Provision,Medium,Which constitutional process can make the office of the Chairperson or member of the National Natural Resources and Fiscal Commission vacant before completion of tenure?,पदावधि पूरा हुनुअघि राष्ट्रिय प्राकृतिक स्रोत तथा वित्त आयोगका अध्यक्ष वा सदस्यको पद कुन संवैधानिक प्रक्रियाबाट रिक्त हुन सक्छ?,Impeachment under Article 101.,धारा १०१ बमोजिम महाभियोग।,Article 250(4)(c) states that the office becomes vacant if a motion of impeachment is passed under Article 101.,Art. 250(4)(c),Constitution of Nepal (2015),,,,,,
NNRFC009,Constitution & Law,National Natural Resources and Fiscal Commission Vacancy,Multi-hop Factual,Hard,Who recommends removal of the Chairperson or member of the National Natural Resources and Fiscal Commission due to physical or mental illness preventing performance of duties?,शारीरिक वा मानसिक रोगका कारण कार्य गर्न असमर्थ भएमा राष्ट्रिय प्राकृतिक स्रोत तथा वित्त आयोगका अध्यक्ष वा सदस्यलाई हटाउन कसले सिफारिस गर्छ?,Constitutional Council.,संवैधानिक परिषद्।,Article 250(4)(d) states removal by the President on recommendation of the Constitutional Council.,Art. 250(4)(d),Constitution of Nepal (2015),,,,,,
NNRFC010,Constitution & Law,National Natural Resources and Fiscal Commission Vacancy,Edge Case,Medium,What happens to the office of the Chairperson or member of the National Natural Resources and Fiscal Commission if the person dies?,राष्ट्रिय प्राकृतिक स्रोत तथा वित्त आयोगका अध्यक्ष वा सदस्यको मृत्यु भएमा पदको अवस्था के हुन्छ?,The office becomes vacant.,पद रिक्त हुन्छ।,Article 250(4)(e) lists death as a circumstance causing vacancy.,Art. 250(4)(e),Constitution of Nepal (2015),,,,,,
NNRFC011,Constitution & Law,National Natural Resources and Fiscal Commission Reappointment,Fact Retrieval,Medium,Are the Chairperson and members of the National Natural Resources and Fiscal Commission eligible for reappointment after completing their term?,राष्ट्रिय प्राकृतिक स्रोत तथा वित्त आयोगका अध्यक्ष र सदस्यहरू पदावधि पूरा गरेपछि पुनः नियुक्तिका लागि योग्य हुन्छन्?,"No, they are not eligible for reappointment.","होइन, पुनः नियुक्तिका लागि योग्य हुँदैनन्।",Article 250(5) states that the Chairperson and members appointed under clause (2) shall not be eligible for reappointment.,Art. 250(5),Constitution of Nepal (2015),,,,,,
NNRFC012,Constitution & Law,National Natural Resources and Fiscal Commission Reappointment,Exception Handling,Hard,Can a member of the National Natural Resources and Fiscal Commission be appointed as the Chairperson after serving as a member?,राष्ट्रिय प्राकृतिक स्रोत तथा वित्त आयोगको सदस्य पछि अध्यक्ष पदमा नियुक्त हुन सक्छ?,Yes.,सक्छ।,"Article 250(5) provides an exception allowing a member to be appointed as Chairperson, with the term including the member term.",Art. 250(5),Constitution of Nepal (2015),,,,,,
NNRFC013,Constitution & Law,National Natural Resources and Fiscal Commission Qualification,Multi-hop Factual,Hard,What educational and professional experience requirement is specified for appointment as Chairperson or member of the National Natural Resources and Fiscal Commission?,राष्ट्रिय प्राकृतिक स्रोत तथा वित्त आयोगको अध्यक्ष वा सदस्य नियुक्तिका लागि शैक्षिक तथा व्यावसायिक अनुभवसम्बन्धी कस्तो योग्यता आवश्यक छ?,A bachelor's degree in a relevant subject from a recognized university and at least twenty years of expertise in specified fields.,मान्यता प्राप्त विश्वविद्यालयबाट सम्बन्धित विषयमा स्नातक उपाधि र तोकिएका क्षेत्रमा कम्तीमा बीस वर्षको विशेषज्ञता।,"Article 250(6)(a) requires a relevant bachelor's degree and at least twenty years of expertise in natural resources, fiscal management, economics, law, or management.",Art. 250(6)(a),Constitution of Nepal (2015),,,,,,
NNRFC014,Constitution & Law,National Natural Resources and Fiscal Commission Qualification,Numerical Threshold,Hard,"How many years of expertise must a person have in natural resources, fiscal management, economics, law, or management to qualify for appointment?","राष्ट्रिय प्राकृतिक स्रोत, वित्त व्यवस्थापन, अर्थशास्त्र, कानून वा व्यवस्थापन क्षेत्रमा नियुक्तिका लागि कति वर्षको विशेषज्ञता आवश्यक छ?",At least twenty years.,कम्तीमा बीस वर्ष।,Article 250(6)(a) specifies at least twenty years of active expertise in the mentioned fields.,Art. 250(6)(a),Constitution of Nepal (2015),,,,,,
NNRFC015,Constitution & Law,National Natural Resources and Fiscal Commission Qualification,Definition,Medium,Which fields are specifically mentioned for gaining expertise for appointment to the National Natural Resources and Fiscal Commission?,राष्ट्रिय प्राकृतिक स्रोत तथा वित्त आयोगमा नियुक्तिका लागि विशेषज्ञता प्राप्त गर्न कुन-कुन क्षेत्र उल्लेख गरिएको छ?,"Natural resources, fiscal management, economics, law, and management.","प्राकृतिक स्रोत, वित्त व्यवस्थापन, अर्थशास्त्र, कानून र व्यवस्थापन।",Article 250(6)(a) lists these fields for expertise qualification.,Art. 250(6)(a),Constitution of Nepal (2015),,,,,,
NNRFC016,Constitution & Law,National Natural Resources and Fiscal Commission Qualification,Constitutional Provision,Medium,Can a person who is a member of a political party at the time of appointment become Chairperson or member of the National Natural Resources and Fiscal Commission?,नियुक्तिको समयमा राजनीतिक दलको सदस्य रहेको व्यक्ति राष्ट्रिय प्राकृतिक स्रोत तथा वित्त आयोगको अध्यक्ष वा सदस्य बन्न सक्छ?,No.,सक्दैन।,Article 250(6)(b) requires the person not to be a member of any political party at the time of appointment.,Art. 250(6)(b),Constitution of Nepal (2015),,,,,,
NNRFC017,Constitution & Law,National Natural Resources and Fiscal Commission Qualification,Fact Retrieval,Easy,What minimum age is required for appointment as Chairperson or member of the National Natural Resources and Fiscal Commission?,राष्ट्रिय प्राकृतिक स्रोत तथा वित्त आयोगको अध्यक्ष वा सदस्य नियुक्तिका लागि न्यूनतम उमेर कति हो?,Forty-five years.,पैँतालीस वर्ष।,Article 250(6)(c) requires the person to have attained forty-five years of age.,Art. 250(6)(c),Constitution of Nepal (2015),,,,,,
NNRFC018,Constitution & Law,National Natural Resources and Fiscal Commission Qualification,Definition,Easy,What moral requirement is required for appointment as Chairperson or member of the National Natural Resources and Fiscal Commission?,राष्ट्रिय प्राकृतिक स्रोत तथा वित्त आयोगको अध्यक्ष वा सदस्य नियुक्तिका लागि कस्तो नैतिक आवश्यकता तोकिएको छ?,High moral character.,उच्च नैतिक चरित्र।,Article 250(6)(d) requires the person to be of high moral character.,Art. 250(6)(d),Constitution of Nepal (2015),,,,,,
NNRFC019,Constitution & Law,National Natural Resources and Fiscal Commission Service Conditions,Constitutional Protection,Hard,Can the remuneration and conditions of service of the Chairperson and members of the National Natural Resources and Fiscal Commission be altered to their disadvantage while they hold office?,पदमा रहँदा राष्ट्रिय प्राकृतिक स्रोत तथा वित्त आयोगका अध्यक्ष र सदस्यहरूको पारिश्रमिक तथा सेवाका सर्तहरू प्रतिकूल परिवर्तन गर्न सकिन्छ?,No.,सकिँदैन।,Article 250(7) protects remuneration and conditions of service from disadvantageous alteration.,Art. 250(7),Constitution of Nepal (2015),,,,,,
NNRFC020,Constitution & Law,National Natural Resources and Fiscal Commission Service Conditions,Exception Handling,Hard,What is the exception to the protection against disadvantageous alteration of remuneration and conditions of service of the Commission members?,आयोगका अध्यक्ष र सदस्यहरूको सेवाका सर्तहरू प्रतिकूल परिवर्तन गर्न नपाइने व्यवस्थाको अपवाद के हो?,A state of emergency declared because of extreme economic disarrays.,चरम आर्थिक अव्यवस्थाका कारण संकटकाल घोषणा भएको अवस्था।,The proviso under Article 250(7) provides this exception.,Art. 250(7),Constitution of Nepal (2015),,,,,,
NNRFC021,Constitution & Law,National Natural Resources and Fiscal Commission Functions,Fact Retrieval,Easy,What is the responsibility of the National Natural Resources and Fiscal Commission regarding revenue distribution from the Federal Consolidated Fund?,संघीय सञ्चित कोषबाट हुने राजस्व वितरण सम्बन्धमा राष्ट्रिय प्राकृतिक स्रोत तथा वित्त आयोगको जिम्मेवारी के हो?,"To determine detailed basis and modality for distribution of revenues between Federal, State and Local Governments.","संघ, प्रदेश र स्थानीय सरकारबीच राजस्व वितरणको विस्तृत आधार र ढाँचा निर्धारण गर्नु।",Article 251(1)(a) assigns this function to the Commission.,Art. 251(1)(a),Constitution of Nepal (2015),,,,,,
NNRFC022,Constitution & Law,National Natural Resources and Fiscal Commission Functions,Constitutional Provision,Medium,From which fund does the National Natural Resources and Fiscal Commission recommend equalization grants to State and Local Governments?,राष्ट्रिय प्राकृतिक स्रोत तथा वित्त आयोगले प्रदेश र स्थानीय सरकारलाई समानीकरण अनुदान कुन कोषबाट उपलब्ध गराउन सिफारिस गर्छ?,Federal Consolidated Fund.,संघीय सञ्चित कोष।,Article 251(1)(b) states that the Commission recommends equalization grants from the Federal Consolidated Fund.,Art. 251(1)(b),Constitution of Nepal (2015),,,,,,
NNRFC023,Constitution & Law,National Natural Resources and Fiscal Commission Functions,Definition,Medium,What type of grants does the National Natural Resources and Fiscal Commission study and prepare parameters for based on national policies and programs?,राष्ट्रिय नीति तथा कार्यक्रमका आधारमा राष्ट्रिय प्राकृतिक स्रोत तथा वित्त आयोगले कुन प्रकारका अनुदानका लागि मापदण्ड तयार गर्छ?,Conditional grants.,सशर्त अनुदान।,Article 251(1)(c) provides the Commission's role in studying and preparing parameters for conditional grants.,Art. 251(1)(c),Constitution of Nepal (2015),,,,,,
NNRFC024,Constitution & Law,National Natural Resources and Fiscal Commission Revenue Distribution,Comparison,Hard,What is the difference between revenue distribution from the Federal Consolidated Fund and revenue distribution from the State Consolidated Fund under the functions of the Commission?,आयोगको कार्यअन्तर्गत संघीय सञ्चित कोष र प्रदेश सञ्चित कोषबाट हुने राजस्व वितरणमा के फरक छ?,"Federal Consolidated Fund distribution is between Federal, State and Local Governments, while State Consolidated Fund distribution is between State and Local Governments.","संघीय सञ्चित कोषबाट हुने वितरण संघ, प्रदेश र स्थानीय सरकारबीच हुन्छ भने प्रदेश सञ्चित कोषबाट हुने वितरण प्रदेश र स्थानीय सरकारबीच हुन्छ।",Articles 251(1)(a) and 251(1)(d) specify these separate responsibilities.,"Art. 251(1)(a), Art. 251(1)(d)",Constitution of Nepal (2015),,,,,,
NNRFC025,Constitution & Law,National Natural Resources and Fiscal Commission Functions,Fact Retrieval,Medium,What does the National Natural Resources and Fiscal Commission recommend regarding government expenditures and revenue collection?,सरकारी खर्च र राजस्व सङ्कलन सम्बन्धमा राष्ट्रिय प्राकृतिक स्रोत तथा वित्त आयोगले के सिफारिस गर्छ?,"Measures to meet expenditures of Federal, State and Local Governments and reforms in revenue collection.","संघ, प्रदेश र स्थानीय सरकारको खर्च पूरा गर्ने उपाय र राजस्व सङ्कलन सुधारका उपाय।",Article 251(1)(e) provides this function.,Art. 251(1)(e),Constitution of Nepal (2015),,,,,,
NNRFC026,Constitution & Law,National Natural Resources and Fiscal Commission Fiscal Management,Numerical Threshold,Hard,What does the National Natural Resources and Fiscal Commission recommend after analyzing macro-economic indicators?,समष्टिगत आर्थिक सूचकहरूको विश्लेषण गरेपछि राष्ट्रिय प्राकृतिक स्रोत तथा वित्त आयोगले के सिफारिस गर्छ?,Ceiling of internal loans that governments can borrow.,सरकारले लिन सक्ने आन्तरिक ऋणको सीमा।,Article 251(1)(f) provides this function regarding internal borrowing limits.,Art. 251(1)(f),Constitution of Nepal (2015),,,,,,
NNRFC027,Constitution & Law,National Natural Resources and Fiscal Commission Revenue Review,Constitutional Provision,Medium,What does the National Natural Resources and Fiscal Commission do regarding the basis of revenue distribution between the Federal and State Governments?,संघ र प्रदेश सरकारबीच राजस्व बाँडफाँडको आधार सम्बन्धमा राष्ट्रिय प्राकृतिक स्रोत तथा वित्त आयोगले के गर्छ?,Reviews the basis and recommends revision.,आधारको पुनरावलोकन गरी संशोधनको सिफारिस गर्छ।,Article 251(1)(g) provides this review and recommendation function.,Art. 251(1)(g),Constitution of Nepal (2015),,,,,,
NNRFC028,Constitution & Law,National Natural Resources and Fiscal Commission Natural Resources,Multi-hop Factual,Hard,What does the National Natural Resources and Fiscal Commission determine regarding investments and returns from natural resource mobilization?,प्राकृतिक स्रोतको परिचालनबाट हुने लगानी र प्रतिफलमा राष्ट्रिय प्राकृतिक स्रोत तथा वित्त आयोगले के निर्धारण गर्छ?,"Bases for determining shares of Federal, State and Local Governments.","संघ, प्रदेश र स्थानीय सरकारको हिस्साको निर्धारण गर्ने आधार।",Article 251(1)(h) assigns this responsibility to the Commission.,Art. 251(1)(h),Constitution of Nepal (2015),,,,,,
NNRFC029,Constitution & Law,National Natural Resources and Fiscal Commission Dispute Resolution,Multi-hop Factual,Hard,What type of disputes does the National Natural Resources and Fiscal Commission study and research to provide suggestions for coordinated prevention?,राष्ट्रिय प्राकृतिक स्रोत तथा वित्त आयोगले समन्वयात्मक रोकथामका लागि कस्ता विवादमा अध्ययन तथा अनुसन्धान गर्छ?,"Possible disputes between Federation and States, between States, between State and Local level, and between Local levels.","संघ र प्रदेशबीच, प्रदेशहरूबीच, प्रदेश र स्थानीय तहबीच तथा स्थानीय तहहरूबीच हुन सक्ने विवाद।",Article 251(1)(i) lists these categories of possible disputes.,Art. 251(1)(i),Constitution of Nepal (2015),,,,,,
NNRFC030,Constitution & Law,National Natural Resources and Fiscal Commission Environmental Assessment,Constitutional Provision,Medium,What study must the National Natural Resources and Fiscal Commission conduct regarding distribution of natural resources?,प्राकृतिक स्रोतको वितरण सम्बन्धमा राष्ट्रिय प्राकृतिक स्रोत तथा वित्त आयोगले कस्तो अध्ययन गर्नुपर्छ?,Study and research on required environmental impact assessment.,आवश्यक वातावरणीय प्रभाव मूल्याङ्कनसम्बन्धी अध्ययन तथा अनुसन्धान।,Article 251(2) requires the Commission to conduct study and research on environmental impact assessment and make recommendations.,Art. 251(2),Constitution of Nepal (2015),,,,,,
OC001,Constitution & Law,National Women Commission,Entity Identification,Easy,What constitutional body is established under Article 252 of the Constitution of Nepal?,नेपालको संविधानको धारा २५२ अन्तर्गत कुन संवैधानिक निकायको स्थापना गरिएको छ?,National Women Commission of Nepal.,नेपालको राष्ट्रिय महिला आयोग।,Article 252(1) establishes the National Women Commission of Nepal.,Art. 252(1),Constitution of Nepal (2015),,,,,,
OC002,Constitution & Law,National Women Commission Composition,Fact Retrieval,Easy,"How many members, including the Chairperson, constitute the National Women Commission?",राष्ट्रिय महिला आयोगमा अध्यक्षसहित कति जना सदस्य हुन्छन्?,Five members.,पाँच जना सदस्य।,Article 252(1) states that the Commission consists of a Chairperson and four other members.,Art. 252(1),Constitution of Nepal (2015),,,,,,
OC003,Constitution & Law,National Women Commission Appointment,Constitutional Provision,Medium,Who appoints the Chairperson and members of the National Women Commission?,राष्ट्रिय महिला आयोगका अध्यक्ष र सदस्यहरूलाई कसले नियुक्त गर्छ?,The President.,राष्ट्रपति।,Article 252(2) provides that the President appoints the Chairperson and members.,Art. 252(2),Constitution of Nepal (2015),,,,,,
OC004,Constitution & Law,National Women Commission Appointment,Constitutional Provision,Medium,On whose recommendation are the Chairperson and members of the National Women Commission appointed?,राष्ट्रिय महिला आयोगका अध्यक्ष र सदस्यहरू कसको सिफारिसमा नियुक्त हुन्छन्?,Constitutional Council.,संवैधानिक परिषद्।,Article 252(2) requires appointment on the recommendation of the Constitutional Council.,Art. 252(2),Constitution of Nepal (2015),,,,,,
OC005,Constitution & Law,National Women Commission Tenure,Fact Retrieval,Easy,What is the term of office of the Chairperson and members of the National Women Commission?,राष्ट्रिय महिला आयोगका अध्यक्ष र सदस्यहरूको पदावधि कति हुन्छ?,Six years from the date of appointment.,नियुक्तिको मितिदेखि छ वर्ष।,Article 252(3) specifies a six-year term from the date of appointment.,Art. 252(3),Constitution of Nepal (2015),,,,,,
OC006,Constitution & Law,National Women Commission Reappointment,Fact Retrieval,Medium,Are the Chairperson and members of the National Women Commission eligible for reappointment after completing their term?,राष्ट्रिय महिला आयोगका अध्यक्ष र सदस्यहरू पदावधि पूरा भएपछि पुनः नियुक्तिका लागि योग्य हुन्छन्?,"No, they are not eligible for reappointment.","होइन, पुनः नियुक्तिका लागि योग्य हुँदैनन्।",Article 252(5) states that the Chairperson and members appointed under clause (2) shall not be eligible for reappointment.,Art. 252(5),Constitution of Nepal (2015),,,,,,
OC007,Constitution & Law,National Women Commission Qualification,Numerical Threshold,Hard,How many years of contribution in the relevant fields are required for a person to qualify for appointment as Chairperson or member of the National Women Commission?,राष्ट्रिय महिला आयोगको अध्यक्ष वा सदस्य बन्न सम्बन्धित क्षेत्रमा कति वर्षको योगदान आवश्यक हुन्छ?,At least ten years.,कम्तीमा दस वर्ष।,"Article 252(6)(a) requires at least ten years of contribution in women’s rights, gender justice, women development, human rights, or law.",Art. 252(6)(a),Constitution of Nepal (2015),,,,,,
OC008,Constitution & Law,National Women Commission Qualification,Definition,Medium,In which fields must a woman have made outstanding contributions to qualify for appointment to the National Women Commission?,राष्ट्रिय महिला आयोगमा नियुक्तिका लागि महिलाले कुन-कुन क्षेत्रमा उत्कृष्ट योगदान गरेको हुनुपर्छ?,"Rights and interests of women, gender justice, women development, human rights, or law.","महिलाको अधिकार तथा हित, लैङ्गिक न्याय, महिला विकास, मानव अधिकार वा कानून।",Article 252(6)(a) specifies these fields of contribution.,Art. 252(6)(a),Constitution of Nepal (2015),,,,,,
OC009,Constitution & Law,National Women Commission Qualification,Comparison,Hard,What additional qualification is specifically required for the Chairperson of the National Women Commission compared to other members?,राष्ट्रिय महिला आयोगका अन्य सदस्यको तुलनामा अध्यक्षका लागि थप कुन योग्यता आवश्यक छ?,Holding a bachelor's degree from a recognized university.,मान्यता प्राप्त विश्वविद्यालयबाट स्नातक उपाधि।,Article 252(6)(b) specifically mentions bachelor's degree requirement in the case of the Chairperson.,Art. 252(6)(b),Constitution of Nepal (2015),,,,,,
OC010,Constitution & Law,National Women Commission Functions,Constitutional Provision,Medium,What is the responsibility of the National Women Commission regarding policies and programs related to women's rights and interests?,महिलाको अधिकार र हितसम्बन्धी नीति तथा कार्यक्रमका सम्बन्धमा राष्ट्रिय महिला आयोगको जिम्मेवारी के हो?,To formulate policies and programs and submit them to the Government of Nepal for implementation.,नीति तथा कार्यक्रम तर्जुमा गरी कार्यान्वयनका लागि नेपाल सरकारसमक्ष पेश गर्नु।,Article 253(1)(a) provides this function.,Art. 253(1)(a),Constitution of Nepal (2015),,,,,,
OC011,Constitution & Law,National Women Commission International Obligations,Multi-hop Factual,Hard,How does the National Women Commission monitor Nepal's obligations under international treaties related to women's rights?,महिलाको अधिकारसम्बन्धी अन्तर्राष्ट्रिय सन्धिअन्तर्गत नेपालको दायित्वलाई राष्ट्रिय महिला आयोगले कसरी अनुगमन गर्छ?,By monitoring implementation and suggesting measures for effective compliance to the Government of Nepal.,कार्यान्वयनको अनुगमन गरी प्रभावकारी पालना र कार्यान्वयनका उपायसहित नेपाल सरकारलाई सुझाव दिने।,Article 253(1)(b) assigns this monitoring and recommendation role.,Art. 253(1)(b),Constitution of Nepal (2015),,,,,,
OC012,Constitution & Law,National Women Commission Legal Action,Constitutional Provision,Hard,What recommendation can the National Women Commission make when cases need to be filed regarding violence against women or deprivation of women's rights?,महिला हिंसा वा महिलाको अधिकारबाट वञ्चित गरिएका विषयमा मुद्दा दायर गर्न आवश्यक भए राष्ट्रिय महिला आयोगले के सिफारिस गर्न सक्छ?,Recommendation to concerned bodies to file cases in courts according to law.,कानून बमोजिम सम्बन्धित निकायलाई अदालतमा मुद्दा दायर गर्न सिफारिस।,Article 253(1)(f) provides the Commission's power to recommend filing cases regarding violations of women's rights.,Art. 253(1)(f),Constitution of Nepal (2015),,,,,,
OC013,Constitution & Law,National Dalit Commission,Entity Identification,Easy,What constitutional body is established under Article 255 of the Constitution of Nepal?,नेपालको संविधानको धारा २५५ अन्तर्गत कुन संवैधानिक निकायको स्थापना गरिएको छ?,National Dalit Commission of Nepal.,नेपालको राष्ट्रिय दलित आयोग।,Article 255(1) establishes the National Dalit Commission of Nepal.,Art. 255(1),Constitution of Nepal (2015),,,,,,
OC014,Constitution & Law,National Dalit Commission Composition,Fact Retrieval,Easy,"How many members, including the Chairperson, constitute the National Dalit Commission?",राष्ट्रिय दलित आयोगमा अध्यक्षसहित कति जना सदस्य हुन्छन्?,Five members.,पाँच जना सदस्य।,Article 255(1) states that the Commission consists of a Chairperson and four other members.,Art. 255(1),Constitution of Nepal (2015),,,,,,
OC015,Constitution & Law,National Dalit Commission Appointment,Constitutional Provision,Medium,Who appoints the Chairperson and members of the National Dalit Commission?,राष्ट्रिय दलित आयोगका अध्यक्ष र सदस्यहरूलाई कसले नियुक्त गर्छ?,The President.,राष्ट्रपति।,Article 255(2) provides that the President appoints the Chairperson and members.,Art. 255(2),Constitution of Nepal (2015),,,,,,
OC016,Constitution & Law,National Dalit Commission Appointment,Constitutional Provision,Medium,On whose recommendation are the Chairperson and members of the National Dalit Commission appointed?,राष्ट्रिय दलित आयोगका अध्यक्ष र सदस्यहरू कसको सिफारिसमा नियुक्त हुन्छन्?,Constitutional Council.,संवैधानिक परिषद्।,Article 255(2) requires appointment on the recommendation of the Constitutional Council.,Art. 255(2),Constitution of Nepal (2015),,,,,,
OC017,Constitution & Law,National Dalit Commission Tenure,Fact Retrieval,Easy,What is the term of office of the Chairperson and members of the National Dalit Commission?,राष्ट्रिय दलित आयोगका अध्यक्ष र सदस्यहरूको पदावधि कति हुन्छ?,Six years from the date of appointment.,नियुक्तिको मितिदेखि छ वर्ष।,Article 255(3) specifies the six-year term of office.,Art. 255(3),Constitution of Nepal (2015),,,,,,
OC018,Constitution & Law,National Dalit Commission Qualification,Numerical Threshold,Hard,"How many years of outstanding contribution in the field of Dalit rights, human rights, or law are required for appointment to the National Dalit Commission?","राष्ट्रिय दलित आयोगमा नियुक्तिका लागि दलित अधिकार, मानव अधिकार वा कानूनको क्षेत्रमा कति वर्षको उत्कृष्ट योगदान आवश्यक हुन्छ?",At least ten years.,कम्तीमा दस वर्ष।,Article 255(6)(a) requires at least ten years of outstanding contribution in relevant fields.,Art. 255(6)(a),Constitution of Nepal (2015),,,,,,
OC019,Constitution & Law,National Dalit Commission Qualification,Definition,Medium,In which fields must a person have rendered outstanding contribution to qualify as Chairperson or member of the National Dalit Commission?,राष्ट्रिय दलित आयोगको अध्यक्ष वा सदस्य बन्न व्यक्तिले कुन क्षेत्रमा उत्कृष्ट योगदान गरेको हुनुपर्छ?,"Rights and interests of the Dalit community, or human rights and law.",दलित समुदायको अधिकार तथा हित वा मानव अधिकार र कानून।,Article 255(6)(a) specifies the required areas of contribution.,Art. 255(6)(a),Constitution of Nepal (2015),,,,,,
OC020,Constitution & Law,National Dalit Commission Qualification,Comparison,Hard,What educational qualification is specifically required for the Chairperson of the National Dalit Commission?,राष्ट्रिय दलित आयोगका अध्यक्षका लागि विशेष रूपमा कुन शैक्षिक योग्यता आवश्यक छ?,At least a bachelor's degree from a recognized university.,मान्यता प्राप्त विश्वविद्यालयबाट कम्तीमा स्नातक उपाधि।,Article 255(6)(b) requires the Chairperson to hold at least a bachelor's degree.,Art. 255(6)(b),Constitution of Nepal (2015),,,,,,
OC021,Constitution & Law,National Dalit Commission Functions,Constitutional Provision,Medium,What is the responsibility of the National Dalit Commission regarding the overall situation of the Dalit community?,दलित समुदायको समग्र अवस्थासम्बन्धी राष्ट्रिय दलित आयोगको जिम्मेवारी के हो?,"To conduct study and exploration, identify areas for reform, and make recommendations to the Government of Nepal.",अध्ययन तथा खोज गरी सुधारका क्षेत्र पहिचान गर्ने र नेपाल सरकारलाई सिफारिस गर्ने।,Article 256(1)(a) provides this function.,Art. 256(1)(a),Constitution of Nepal (2015),,,,,,
OC022,Constitution & Law,National Dalit Commission Policy Recommendations,Constitutional Provision,Medium,What type of policies and programs does the National Dalit Commission formulate and submit to the Government of Nepal?,राष्ट्रिय दलित आयोगले कस्ता नीति तथा कार्यक्रम तर्जुमा गरी नेपाल सरकारलाई पेश गर्छ?,National policies and programs for the upliftment and development of Dalit communities and ending caste-based discrimination.,दलित समुदायको उत्थान तथा विकास र जातीय भेदभाव अन्त्य गर्न राष्ट्रिय नीति तथा कार्यक्रम।,Article 256(1)(b) assigns this responsibility to the Commission.,Art. 256(1)(b),Constitution of Nepal (2015),,,,,,
OC023,Constitution & Law,National Dalit Commission Implementation Monitoring,Multi-hop Factual,Hard,What does the National Dalit Commission monitor regarding laws and special provisions for the Dalit community?,दलित समुदायसम्बन्धी कानून र विशेष व्यवस्थाका सम्बन्धमा राष्ट्रिय दलित आयोगले के अनुगमन गर्छ?,Whether they have been effectively implemented.,ती प्रभावकारी रूपमा कार्यान्वयन भएका छन् वा छैनन्।,Article 256(1)(c) provides monitoring of implementation and suggestions when not observed.,Art. 256(1)(c),Constitution of Nepal (2015),,,,,,
OC025,Constitution & Law,National Inclusion Commission,Entity Identification,Easy,What constitutional body is established under Article 258 of the Constitution of Nepal?,नेपालको संविधानको धारा २५८ अन्तर्गत कुन संवैधानिक निकायको स्थापना गरिएको छ?,National Inclusion Commission of Nepal.,नेपालको राष्ट्रिय समावेशी आयोग।,Article 258(1) establishes the National Inclusion Commission of Nepal.,Art. 258(1),Constitution of Nepal (2015),,,,,,
OC026,Constitution & Law,National Inclusion Commission Composition,Fact Retrieval,Easy,"How many members, including the Chairperson, constitute the National Inclusion Commission?",राष्ट्रिय समावेशी आयोगमा अध्यक्षसहित कति जना सदस्य हुन्छन्?,Five members.,पाँच जना सदस्य।,Article 258(1) states that the Commission consists of a Chairperson and four other members.,Art. 258(1),Constitution of Nepal (2015),,,,,,
OC027,Constitution & Law,National Inclusion Commission Scope,Definition,Medium,Which groups and communities are included within the scope of study and research of the National Inclusion Commission?,राष्ट्रिय समावेशी आयोगको अध्ययन तथा अनुसन्धानको दायरामा कुन-कुन समुदाय र वर्ग पर्छन्?,"Khas Arya, Pichhada class, persons with disabilities, senior citizens, labourers, peasants, minorities, marginalized communities, backward classes, people of Karnali and indigent classes.","खस आर्य, पिछडा वर्ग, अपाङ्गता भएका व्यक्ति, ज्येष्ठ नागरिक, श्रमिक, किसान, अल्पसंख्यक, सीमान्तकृत समुदाय, पिछडा वर्ग, कर्णालीका जनता र विपन्न वर्ग।",Article 259(1)(a) lists the communities and groups covered by the Commission's study and research.,Art. 259(1)(a),Constitution of Nepal (2015),,,,,,
OC028,Constitution & Law,National Inclusion Commission Functions,Constitutional Provision,Medium,What does the National Inclusion Commission study regarding government policies and laws for inclusion?,समावेशीकरणका लागि नेपाल सरकारले अपनाएका नीति तथा कानून सम्बन्धमा राष्ट्रिय समावेशी आयोगले के अध्ययन गर्छ?,The status of implementation and makes suggestions for reforms.,कार्यान्वयनको अवस्था अध्ययन गरी सुधारका लागि सुझाव दिन्छ।,Article 259(1)(b) provides this function.,Art. 259(1)(b),Constitution of Nepal (2015),,,,,,
OC029,Constitution & Law,National Inclusion Commission Representation Monitoring,Multi-hop Factual,Hard,"What does the National Inclusion Commission study regarding representation of specified communities, classes, and regions in State organs?","तोकिएका समुदाय, वर्ग र क्षेत्रको राज्यका अंगहरूमा प्रतिनिधित्व सम्बन्धमा राष्ट्रिय समावेशी आयोगले के अध्ययन गर्छ?",Whether there has been appropriate representation and recommends review of special provisions.,उचित प्रतिनिधित्व भएको छ वा छैन अध्ययन गरी विशेष व्यवस्थाको पुनरावलोकन गर्न सिफारिस गर्छ।,Article 259(1)(c) provides this responsibility.,Art. 259(1)(c),Constitution of Nepal (2015),,,,,,
OC030,Constitution & Law,National Inclusion Commission Karnali Region,Fact Retrieval,Medium,What does the National Inclusion Commission recommend regarding the development and prosperity of Karnali and backward regions?,कर्णाली र पिछडिएका क्षेत्रको विकास र समृद्धिका सम्बन्धमा राष्ट्रिय समावेशी आयोगले के सिफारिस गर्छ?,Policies and programs to be pursued for their development and prosperity.,तिनको विकास र समृद्धिका लागि अवलम्बन गरिने नीति तथा कार्यक्रम।,Article 259(1)(e) assigns this function to the Commission.,Art. 259(1)(e),Constitution of Nepal (2015),,,,,,
OC031,Constitution & Law,National Inclusion Commission Review Mechanism,Hard,Constitutional Provision,On what basis does the National Inclusion Commission monitor the implementation of rights and interests of minority and marginalized communities and recommend revisions?,अल्पसंख्यक तथा सीमान्तकृत समुदायको अधिकार र हितको कार्यान्वयन अनुगमन गर्दा राष्ट्रिय समावेशी आयोगले कुन आधार प्रयोग गर्छ?,Periodic national census and human development index.,आवधिक राष्ट्रिय जनगणना र मानव विकास सूचकांक।,Article 259(1)(g) specifies these bases for review and recommendations.,Art. 259(1)(g),Constitution of Nepal (2015),,,,,,
OC032,Constitution & Law,Indigenous Nationalities Commission,Entity Identification,Easy,"What is the maximum number of members in the Indigenous Nationalities Commission, including the Chairperson?",आदिवासी जनजाति आयोगमा अध्यक्षसहित अधिकतम कति जना सदस्य हुन्छन्?,Five members.,पाँच जना सदस्य।,Article 261(1) provides that the Commission consists of a Chairperson and a maximum of four other members.,Art. 261(1),Constitution of Nepal (2015),,,,,,
OC033,Constitution & Law,Madhesi Commission,Entity Identification,Easy,Who appoints the Chairperson and members of the Madhesi Commission?,मधेसी आयोगका अध्यक्ष र सदस्यहरूलाई कसले नियुक्त गर्छ?,The President on the recommendation of the Constitutional Council.,संवैधानिक परिषद्को सिफारिसमा राष्ट्रपतिले।,Article 262(2) provides the appointment mechanism.,Art. 262(2),Constitution of Nepal (2015),,,,,,
OC034,Constitution & Law,Tharu and Muslim Commissions Comparison,Comparison,Hard,What common constitutional feature is shared by the Tharu Commission and Muslim Commission regarding their composition?,थारू आयोग र मुस्लिम आयोगको संरचनासम्बन्धी साझा संवैधानिक व्यवस्था के हो?,Each consists of a Chairperson and a maximum of four other members.,दुवैमा अध्यक्ष र अधिकतम चार अन्य सदस्य हुन्छन्।,Articles 263(1) and 264(1) provide the same composition structure.,"Art. 263(1), Art. 264(1)",Constitution of Nepal (2015),,,,,,
OC035,Constitution & Law,Review of Commissions,Numerical Threshold,Hard,After how many years from the commencement of the Constitution must the Federal Parliament review the commissions formed under Part 27?,संविधान प्रारम्भ भएको कति वर्षपछि संघीय संसदले भाग २७ अन्तर्गत गठन भएका आयोगहरूको पुनरावलोकन गर्नुपर्छ?,Ten years.,दस वर्ष।,Article 265 requires the Federal Parliament to review the commissions after ten years from the commencement of the Constitution.,Art. 265,Constitution of Nepal (2015),,,,,,
NS001,Constitution & Law,National Security Council,Entity Identification,Easy,"What constitutional body is established for making recommendations on Nepal's overall national interest, security, and defence policy?","नेपालको समग्र राष्ट्रिय हित, सुरक्षा र रक्षा नीतिसम्बन्धी सिफारिस गर्न कुन संवैधानिक निकायको स्थापना गरिएको छ?",National Security Council.,राष्ट्रिय सुरक्षा परिषद्।,"Article 266(1) establishes the National Security Council for making recommendations on overall national interest, security, and defence policy.",Art. 266(1),Constitution of Nepal (2015),,,,,,
NS002,Constitution & Law,National Security Council Purpose,Constitutional Provision,Medium,What are the two major purposes of the National Security Council mentioned in the Constitution?,संविधानमा उल्लेख भएअनुसार राष्ट्रिय सुरक्षा परिषद्का दुई प्रमुख उद्देश्य के हुन्?,"To recommend policies on overall national interest, security and defence, and to mobilize and control the Nepal Army.","समग्र राष्ट्रिय हित, सुरक्षा र रक्षा नीतिका लागि सिफारिस गर्नु तथा नेपाली सेनाको परिचालन र नियन्त्रण गर्नु।",Article 266(1) specifies both purposes of the Council.,Art. 266(1),Constitution of Nepal (2015),,,,,,
NS003,Constitution & Law,National Security Council Composition,Fact Retrieval,Easy,Who is the Chairperson of the National Security Council?,राष्ट्रिय सुरक्षा परिषद्को अध्यक्ष को हुन्छ?,The Prime Minister.,प्रधानमन्त्री।,Article 266(1)(a) identifies the Prime Minister as the Chairperson.,Art. 266(1)(a),Constitution of Nepal (2015),,,,,,
NS004,Constitution & Law,National Security Council Composition,Fact Retrieval,Medium,Which government minister is included as a member of the National Security Council responsible for defence matters?,रक्षा सम्बन्धी जिम्मेवारी भएको कुन सरकारी मन्त्री राष्ट्रिय सुरक्षा परिषद्को सदस्य हुन्छ?,Minister for Defence.,रक्षा मन्त्री।,Article 266(1)(b) lists the Minister for Defence as a member of the Council.,Art. 266(1)(b),Constitution of Nepal (2015),,,,,,
NS005,Constitution & Law,National Security Council Composition,Multi-hop Factual,Hard,Which positions from the Government of Nepal and Nepal Army are included as members of the National Security Council besides ministers?,मन्त्रीहरू बाहेक नेपाल सरकार र नेपाली सेनाका कुन पदहरू राष्ट्रिय सुरक्षा परिषद्का सदस्य हुन्छन्?,Chief Secretary of Government of Nepal and Commander-in-Chief of Nepal Army.,नेपाल सरकारका मुख्य सचिव र नेपाली सेनाका प्रधान सेनापति।,Article 266(1)(f) and 266(1)(g) include these two positions as members.,"Art. 266(1)(f), Art. 266(1)(g)",Constitution of Nepal (2015),,,,,,
NS006,Constitution & Law,National Security Council Composition,Fact Retrieval,Medium,Who acts as the member secretary of the National Security Council?,राष्ट्रिय सुरक्षा परिषद्को सदस्य सचिवको रूपमा कसले काम गर्छ?,Secretary at the Ministry of Defence.,रक्षा मन्त्रालयको सचिव।,Article 266(2) provides that the Secretary at the Ministry of Defence acts as the member secretary.,Art. 266(2),Constitution of Nepal (2015),,,,,,
NS007,Constitution & Law,National Security Council Reporting,Constitutional Provision,Medium,To whom does the National Security Council submit its annual report?,राष्ट्रिय सुरक्षा परिषद्ले आफ्नो वार्षिक प्रतिवेदन कसलाई बुझाउँछ?,The President.,राष्ट्रपति।,Article 266(3) states that the Council submits its annual report to the President.,Art. 266(3),Constitution of Nepal (2015),,,,,,
NS008,Constitution & Law,National Security Council Parliamentary Process,Multi-hop Factual,Hard,How is the annual report of the National Security Council presented before the Federal Parliament?,राष्ट्रिय सुरक्षा परिषद्को वार्षिक प्रतिवेदन संघीय संसदसमक्ष कसरी पेश गरिन्छ?,The President causes it to be laid before the Federal Parliament through the Prime Minister.,राष्ट्रपतिले प्रधानमन्त्रीमार्फत संघीय संसदमा पेश गराउँछन्।,Article 266(3) specifies the reporting process involving the President and Prime Minister.,Art. 266(3),Constitution of Nepal (2015),,,,,,
NS009,Constitution & Law,National Security Council Composition,Comparison,Hard,Which member of the National Security Council represents Nepal's foreign affairs sector?,राष्ट्रिय सुरक्षा परिषद्मा नेपालको परराष्ट्र मामिला क्षेत्रको प्रतिनिधित्व गर्ने सदस्य को हो?,Minister for Foreign Affairs.,परराष्ट्र मन्त्री।,Article 266(1)(d) includes the Minister for Foreign Affairs as a member.,Art. 266(1)(d),Constitution of Nepal (2015),,,,,,
NS010,Constitution & Law,National Security Council Fiscal Representation,Fact Retrieval,Medium,Which finance-related government position is included as a member of the National Security Council?,राष्ट्रिय सुरक्षा परिषद्मा वित्तसम्बन्धी कुन सरकारी पद सदस्यको रूपमा समावेश गरिएको छ?,Minister for Finance.,अर्थ मन्त्री।,Article 266(1)(e) lists the Minister for Finance as a member of the Council.,Art. 266(1)(e),Constitution of Nepal (2015),,,,,,
NS011,Constitution & Law,Nepal Army,Entity Identification,Easy,"What organization shall exist in Nepal for safeguarding independence, sovereignty, territorial integrity, and national unity?","नेपालको स्वतन्त्रता, सार्वभौमसत्ता, भौगोलिक अखण्डता र राष्ट्रिय एकताको रक्षा गर्न नेपालमा कुन संगठन रहनेछ?",Nepal Army.,नेपाली सेना।,Article 267(1) provides for the Nepal Army as an organization committed to safeguarding these national interests.,Art. 267(1),Constitution of Nepal (2015),,,,,,
NS012,Constitution & Law,Nepal Army Command Structure,Fact Retrieval,Easy,Who is the Supreme Commander-in-Chief of the Nepal Army?,नेपाली सेनाको परमाधिपति को हुन्छ?,The President.,राष्ट्रपति।,Article 267(2) states that the President shall be the supreme commander-in-chief of the Nepal Army.,Art. 267(2),Constitution of Nepal (2015),,,,,,
NS013,Constitution & Law,Nepal Army Inclusive Representation,Fact Retrieval,Medium,Which groups are specifically mentioned for ensuring inclusive entry into the Nepal Army under the Constitution?,संविधानअनुसार नेपाली सेनामा समावेशी प्रवेश सुनिश्चित गरिने कुन-कुन समूहहरू उल्लेख गरिएका छन्?,"Women, Dalit, indigenous people, indigenous nationalities, Khas Arya, Madhesi, Tharu, Pichhada class, and backward region citizens.","महिला, दलित, आदिवासी, आदिवासी जनजाति, खस आर्य, मधेसी, थारू, पिछडा वर्ग र पिछडिएको क्षेत्रका नागरिक।",Article 267(3) lists these groups for ensuring inclusive entry into the Nepal Army.,Art. 267(3),Constitution of Nepal (2015),,,,,,
NS014,Constitution & Law,Nepal Army Functions,Constitutional Provision,Medium,For what additional works may the Government of Nepal mobilize the Nepal Army according to federal law?,संघीय कानूनबमोजिम नेपाल सरकारले नेपाली सेनालाई थप कुन-कुन कार्यमा परिचालन गर्न सक्छ?,"Development, construction, and disaster management works.","विकास, निर्माण र विपद् व्यवस्थापन कार्य।",Article 267(4) permits mobilization of the Nepal Army for these additional works.,Art. 267(4),Constitution of Nepal (2015),,,,,,
NS015,Constitution & Law,Nepal Army Commander-in-Chief,Fact Retrieval,Medium,Who appoints and removes the Commander-in-Chief of the Nepal Army?,नेपाली सेनाका प्रधान सेनापतिको नियुक्ति र पदमुक्ति कसले गर्छ?,The President on the recommendation of the Council of Ministers.,मन्त्रिपरिषद्को सिफारिसमा राष्ट्रपतिले।,Article 267(5) provides this appointment and removal procedure.,Art. 267(5),Constitution of Nepal (2015),,,,,,
NS016,Constitution & Law,Nepal Army Mobilization Procedure,Multi-hop Factual,Hard,What conditions must exist for the mobilization of the Nepal Army in cases of grave emergency?,गम्भीर आपतकालीन अवस्थामा नेपाली सेनाको परिचालन गर्न कुन अवस्थाहरू हुनुपर्छ?,"War, external aggression, armed rebellion, or extreme economic disarray affecting sovereignty, territorial integrity, or security.","युद्ध, बाह्य आक्रमण, सशस्त्र विद्रोह वा चरम आर्थिक विशृंखलताका कारण सार्वभौमसत्ता, भौगोलिक अखण्डता वा सुरक्षामा गम्भीर संकट।",Article 267(6) specifies the circumstances requiring Army mobilization.,Art. 267(6),Constitution of Nepal (2015),,,,,,
NS017,Constitution & Law,Nepal Army Mobilization Ratification,Numerical Threshold,Hard,Within what period must the declaration of Nepal Army mobilization be ratified by the House of Representatives?,नेपाली सेनाको परिचालन घोषणालाई प्रतिनिधि सभाले कति अवधिभित्र अनुमोदन गर्नुपर्छ?,Within one month after the declaration.,घोषणा भएको एक महिनाभित्र।,Article 267(6) requires ratification by the House of Representatives within one month after declaration.,Art. 267(6),Constitution of Nepal (2015),,,,,,
NS018,Constitution & Law,Police Organization,Comparison,Medium,"Which police organizations and investigation body shall exist under the Federation, and what police organization shall each State have?","संघअन्तर्गत कुन-कुन प्रहरी संगठन र अनुसन्धान निकाय रहनेछन्, र प्रत्येक प्रदेशमा कुन प्रहरी संगठन रहनेछ?","Federation shall have Nepal Police, Armed Police Force, Nepal and National Investigation Department; each State shall have a State police organization.","संघमा नेपाल प्रहरी, सशस्त्र प्रहरी बल, नेपाल र राष्ट्रिय अनुसन्धान विभाग रहनेछन्; प्रत्येक प्रदेशमा प्रदेश प्रहरी संगठन रहनेछ।",Article 268(1) and 268(2) establish federal security organizations and State police organizations.,"Art. 268(1), Art. 268(2)",Constitution of Nepal (2015),,,,,,
PP001,Constitution & Law,Political Party Formation,Fact Retrieval,Easy,Who may form and operate political parties according to the Constitution?,संविधानअनुसार कसले राजनीतिक दल गठन र सञ्चालन गर्न सक्छन्?,"Persons committed to common political ideology, philosophy and program.","साझा राजनीतिक विचारधारा, दर्शन र कार्यक्रमप्रति प्रतिबद्ध व्यक्तिहरू।","Article 269(1) allows persons committed to common political ideology, philosophy and program to form and operate political parties.",Art. 269(1),Constitution of Nepal (2015),,,,,,
PP002,Constitution & Law,Political Party Formation Requirements,Definition,Medium,What must persons share in order to form and operate a political party under Article 269?,धारा २६९ अनुसार राजनीतिक दल गठन र सञ्चालन गर्न व्यक्तिहरूबीच के समान हुनुपर्छ?,"Common political ideology, philosophy and program.","साझा राजनीतिक विचारधारा, दर्शन र कार्यक्रम।",Article 269(1) specifies these as the basis for forming political parties.,Art. 269(1),Constitution of Nepal (2015),,,,,,
PP003,Constitution & Law,Political Party Registration,Entity Identification,Easy,Which constitutional body must a political party register with after being formed?,गठन भएपछि राजनीतिक दलले कुन संवैधानिक निकायमा दर्ता हुनुपर्छ?,Election Commission.,निर्वाचन आयोग।,Article 269(2) requires a political party formed under clause (1) to register with the Election Commission.,Art. 269(2),Constitution of Nepal (2015),,,,,,
PP004,Constitution & Law,Political Party Registration Documents,Fact Retrieval,Medium,Which documents must accompany an application for registration of a political party?,राजनीतिक दल दर्ताको निवेदनसँग कुन-कुन कागजात संलग्न गर्नुपर्छ?,"The party constitution, manifesto, and other documents required by Federal law.","दलको विधान, घोषणापत्र र संघीय कानूनले माग गरेका अन्य कागजातहरू।",Article 269(3) specifies the required documents for registration.,Art. 269(3),Constitution of Nepal (2015),,,,,,
PP005,Constitution & Law,Political Party Internal Democracy,Constitutional Provision,Medium,What type of constitution and rules must a political party have to qualify for registration?,दर्ताका लागि राजनीतिक दलको विधान र नियम कस्तो हुनुपर्छ?,Democratic.,लोकतान्त्रिक।,Article 269(4)(a) requires the party constitution and rules to be democratic.,Art. 269(4)(a),Constitution of Nepal (2015),,,,,,
PP006,Constitution & Law,Political Party Office Bearer Elections,Numerical Threshold,Hard,How often must a political party's office-bearers at Federal and State levels be elected according to its constitution?,राजनीतिक दलको संघीय र प्रदेश तहका पदाधिकारीहरू कति अवधिमा एक पटक निर्वाचित हुनुपर्ने व्यवस्था हुनुपर्छ?,At least once every five years.,कम्तीमा प्रत्येक पाँच वर्षमा एक पटक।,Article 269(4)(b) requires election of office-bearers at least once every five years.,Art. 269(4)(b),Constitution of Nepal (2015),,,,,,
PP007,Constitution & Law,Political Party Election Exception,Constitutional Exception,Hard,What is the maximum additional period allowed for holding office-bearer elections if a political party fails to do so within five years due to a special circumstance?,विशेष परिस्थितिका कारण पाँच वर्षभित्र पदाधिकारी निर्वाचन हुन नसकेमा थप कति अवधिभित्र निर्वाचन गर्न सकिन्छ?,Within six months.,छ महिनाभित्र।,Article 269(4)(b) provides an exception allowing elections within six months in special circumstances.,Art. 269(4)(b),Constitution of Nepal (2015),,,,,,
PP008,Constitution & Law,Political Party Inclusive Representation,Constitutional Provision,Medium,What type of representation must a political party provide in its executive committees at various levels?,राजनीतिक दलका विभिन्न तहका कार्यकारी समितिमा कस्तो प्रतिनिधित्वको व्यवस्था हुनुपर्छ?,Inclusive representation reflecting Nepal's diversity.,नेपालको विविधता प्रतिबिम्बित गर्ने समावेशी प्रतिनिधित्व।,Article 269(4)(c) requires inclusive representation in executive committees.,Art. 269(4)(c),Constitution of Nepal (2015),,,,,,
PP009,Constitution & Law,Political Party Registration Restrictions,Constitutional Provision,Hard,Under what circumstances shall a political party not be registered?,कुन अवस्थामा राजनीतिक दल दर्ता गरिने छैन?,"If its name, objective, insignia or flag jeopardizes religious and communal unity or fragments the country.","यदि यसको नाम, उद्देश्य, चिन्ह वा झण्डाले धार्मिक तथा साम्प्रदायिक एकता खल्बल्याउँछ वा देश विखण्डन गर्छ भने।",Article 269(5) prohibits registration of parties with such characteristics.,Art. 269(5),Constitution of Nepal (2015),,,,,,
PP010,Constitution & Law,Political Party Registration Conditions,Multi-hop Factual,Hard,"A political party has a democratic constitution, holds elections every five years, and has inclusive representation. Which constitutional requirement does this satisfy?","लोकतान्त्रिक विधान भएको, प्रत्येक पाँच वर्षमा निर्वाचन गर्ने र समावेशी प्रतिनिधित्व भएको राजनीतिक दलले कुन संवैधानिक आवश्यकता पूरा गर्छ?",Conditions required for political party registration under Article 269(4).,धारा २६९(४) अन्तर्गत राजनीतिक दल दर्ताका लागि आवश्यक शर्तहरू।,Article 269(4) lists these conditions that must be fulfilled for party registration.,Art. 269(4),Constitution of Nepal (2015),,,,,,
PP011,Constitution & Law,Political Party Restrictions,Constitutional Provision,Medium,"What happens to any law, arrangement, or decision that restricts the formation and operation of political parties contrary to Article 269?","धारा २६९ विपरीत राजनीतिक दलको गठन र सञ्चालनमा प्रतिबन्ध लगाउने कानून, व्यवस्था वा निर्णयको अवस्था के हुन्छ?",It is inconsistent with the Constitution and void.,त्यो संविधानसँग बाझिने र स्वतः अमान्य हुन्छ।,Article 270(1) states that such restrictions are inconsistent with the Constitution and shall be void.,Art. 270(1),Constitution of Nepal (2015),,,,,,
PP012,Constitution & Law,Political Party Restrictions,Fact Retrieval,Medium,What type of political system participation restriction is prohibited by Article 270?,धारा २७० अनुसार कस्तो राजनीतिक प्रणाली सहभाग,,,,,,,,,,,
PP013,Constitution & Law,Political Party Restrictions,Fact Retrieval,Medium,What type of political party participation or involvement arrangement is declared void by Article 270?,धारा २७० अनुसार कस्तो राजनीतिक दलको सहभागिता वा संलग्नताको व्यवस्था अमान्य हुन्छ?,"An arrangement allowing only a single political party or persons with similar ideology, philosophy, or program to participate in elections or governance.","केवल एक राजनीतिक दल वा समान विचारधारा, दर्शन वा कार्यक्रम भएका व्यक्तिलाई मात्र निर्वाचन वा शासन प्रणालीमा सहभागी हुन दिने व्यवस्था।",Article 270(2) prohibits arrangements that allow only a single political party or similar ideology group to participate in the political system.,Art. 270(2),Constitution of Nepal (2015),,,,,,
PP014,Constitution & Law,Political Party Restrictions,Constitutional Provision,Hard,Why is a law allowing only one political party to participate in elections considered invalid under the Constitution?,निर्वाचनमा केवल एउटा राजनीतिक दललाई मात्र सहभागी हुन दिने कानून किन संविधानविपरीत मानिन्छ?,"Because it restricts participation to only a single political party or similar ideology, philosophy, or program.","किनकि यसले केवल एउटा राजनीतिक दल वा समान विचारधारा, दर्शन वा कार्यक्रम भएका व्यक्तिको मात्र सहभागिता सुनिश्चित गर्छ।",Article 270(2) declares such arrangements inconsistent with the Constitution and void.,Art. 270(2),Constitution of Nepal (2015),,,,,,
PP015,Constitution & Law,Political Party Election Recognition,Constitutional Provision,Medium,What must a registered political party do to obtain recognition from the Election Commission for contesting elections?,निर्वाचनमा प्रतिस्पर्धा गर्न निर्वाचन आयोगबाट मान्यता प्राप्त गर्न दर्ता भएको राजनीतिक दलले के गर्नुपर्छ?,Register with the Election Commission according to procedures set by Federal law.,संघीय कानूनले तोकेको प्रक्रिया पूरा गरी निर्वाचन आयोगमा दर्ता हुनुपर्छ।,Article 271(1) requires registered political parties seeking election recognition to register with the Election Commission.,Art. 271(1),Constitution of Nepal (2015),,,,,,
PP016,Constitution & Law,Political Party Election Recognition,Comparison,Hard,What is the difference between registration under Article 269 and recognition for election purposes under Article 271?,धारा २६९ अन्तर्गतको दर्ता र धारा २७१ अन्तर्गत निर्वाचन प्रयोजनको मान्यताबीच के फरक छ?,"Article 269 concerns party registration after formation, while Article 271 concerns recognition for contesting elections.",धारा २६९ गठनपछि दल दर्तासँग सम्बन्धित छ भने धारा २७१ निर्वाचनमा भाग लिन मान्यतासँग सम्बन्धित छ।,Articles 269 and 271 establish separate registration-related requirements for parties.,"Art. 269(2), Art. 271(1)",Constitution of Nepal (2015),,,,,,
PP017,Constitution & Law,Political Party Election Recognition,Fact Retrieval,Medium,What additional report must a political party submit along with an application for election recognition?,निर्वाचन प्रयोजनको मान्यताका लागि आवेदन दिँदा राजनीतिक दलले थप कुन प्रतिवेदन बुझाउनुपर्छ?,Yearly audit report.,वार्षिक लेखापरीक्षण प्रतिवेदन।,Article 271(2) requires submission of a yearly audit report along with the application.,Art. 271(2),Constitution of Nepal (2015),,,,,,
PP018,Constitution & Law,Political Party Election Recognition,Multi-hop Factual,Hard,"Besides submitting a yearly audit report, which other constitutional requirements must a political party fulfill to obtain election recognition?",वार्षिक लेखापरीक्षण प्रतिवेदन बाहेक निर्वाचन मान्यता प्राप्त गर्न राजनीतिक दलले अन्य कुन संवैधानिक शर्त पूरा गर्नुपर्छ?,The requirements under Article 269(3) and Article 269(4).,धारा २६९(३) र धारा २६९(४) का आवश्यकताहरू।,Article 271(2) refers to the matters in Article 269(3) and conditions in Article 269(4).,Art. 271(2),Constitution of Nepal (2015),,,,,,
PP019,Constitution & Law,Political Party Recognition Conditions,Multi-hop Factual,Hard,"A political party submits its constitution, manifesto, yearly audit report, and proves democratic internal rules. Which constitutional processes is it satisfying?","राजनीतिक दलले आफ्नो विधान, घोषणापत्र, वार्षिक लेखापरीक्षण प्रतिवेदन बुझाई लोकतान्त्रिक आन्तरिक नियम प्रमाणित गरेमा कुन संवैधानिक प्रक्रियाहरू पूरा गरिरहेको हुन्छ?",Party registration and election recognition requirements.,दल दर्ता र निर्वाचन मान्यता सम्बन्धी आवश्यकताहरू।,Articles 269 and 271 together establish these requirements.,"Art. 269(3), Art. 269(4), Art. 271(2)",Constitution of Nepal (2015),,,,,,
PP020,Constitution & Law,Political Party General Provisions,Fact Retrieval,Easy,"Which law provides detailed provisions regarding formation, registration, operation, facilities, and other matters of political parties?","राजनीतिक दलको गठन, दर्ता, सञ्चालन, सुविधा तथा अन्य विषयसम्बन्धी विस्तृत व्यवस्था कुन कानूनले गर्छ?",Federal law.,संघीय कानून।,Article 272 states that such provisions shall be as provided for in Federal law.,Art. 272,Constitution of Nepal (2015),,,,,,
EP001,Constitution & Law,Emergency Power,Entity Identification,Easy,Who has the authority to declare or order a state of emergency under Article 273?,धारा २७३ अनुसार संकटकाल घोषणा वा आदेश गर्ने अधिकार कसलाई हुन्छ?,The President.,राष्ट्रपति।,Article 273(1) provides that the President may declare or order a state of emergency.,Art. 273(1),Constitution of Nepal (2015),,,,,,
EP002,Constitution & Law,Emergency Power Grounds,Fact Retrieval,Medium,What situations may lead to the declaration of a state of emergency under the Constitution?,संविधानअनुसार कुन-कुन अवस्थामा संकटकाल घोषणा गर्न सकिन्छ?,"War, external aggression, armed rebellion, extreme economic disarray, natural calamity, or epidemic.","युद्ध, बाह्य आक्रमण, सशस्त्र विद्रोह, चरम आर्थिक विशृंखलता, प्राकृतिक विपद् वा महामारी।",Article 273(1) lists the circumstances that may create a grave emergency.,Art. 273(1),Constitution of Nepal (2015),,,,,,
EP003,Constitution & Law,Emergency Power Scope,Constitutional Provision,Medium,"Can a state of emergency be declared only for the whole country, or can it apply to a specific part of Nepal?",संकटकाल केवल सम्पूर्ण नेपालमा मात्र लागू हुन्छ वा नेपालको कुनै निश्चित भागमा पनि लागू हुन सक्छ?,It may apply to the whole of Nepal or any specified part thereof.,सम्पूर्ण नेपाल वा नेपालको कुनै निश्चित भागमा लागू हुन सक्छ।,Article 273(1) allows emergency declaration for the whole country or a specified part.,Art. 273(1),Constitution of Nepal (2015),,,,,,
EP004,Constitution & Law,State Emergency Request,Comparison,Hard,In what situation may a State Government request the Government of Nepal to declare a state of emergency?,कुन अवस्थामा प्रदेश सरकारले नेपाल सरकारलाई संकटकाल घोषणा गर्न अनुरोध गर्न सक्छ?,When a grave emergency arises in a State due to natural calamity or epidemic.,प्राकृतिक विपद् वा महामारीका कारण प्रदेशमा गम्भीर आपतकालीन अवस्था उत्पन्न हुँदा।,Article 273(2) provides this special provision for States.,Art. 273(2),Constitution of Nepal (2015),,,,,,
EP005,Constitution & Law,Emergency Approval Process,Numerical Threshold,Medium,Within what period must an emergency declaration be presented before both Houses of the Federal Parliament for approval?,संकटकाल घोषणालाई संघीय संसदका दुवै सदनमा अनुमोदनका लागि कति अवधिभित्र पेश गर्नुपर्छ?,Within one month after the date of issuance.,जारी भएको मितिले एक महिनाभित्र।,Article 273(3) requires presentation before both Houses within one month.,Art. 273(3),Constitution of Nepal (2015),,,,,,
EP006,Constitution & Law,Emergency Approval Process,Fact Retrieval,Medium,Which legislative bodies must approve a declaration or order of emergency?,संकटकाल घोषणा वा आदेशलाई कुन-कुन व्यवस्थापिकाले अनुमोदन गर्नुपर्छ?,Both Houses of the Federal Parliament.,संघीय संसदका दुवै सदन।,Article 273(3) requires approval by both Houses of the Federal Parliament.,Art. 273(3),Constitution of Nepal (2015),,,,,,
EP007,Constitution & Law,Emergency Approval Threshold,Numerical Threshold,Hard,What majority is required in both Houses of the Federal Parliament to approve a state of emergency declaration?,संकटकाल घोषणा अनुमोदन गर्न संघीय संसदका दुवै सदनमा कस्तो बहुमत आवश्यक हुन्छ?,At least two-thirds majority of the total number of then members of both Houses.,तत्काल कायम रहेका दुवै सदनका कुल सदस्य संख्याको कम्तीमा दुई तिहाइ बहुमत।,Article 273(4) specifies the required approval threshold.,Art. 273(4),Constitution of Nepal (2015),,,,,,
EP008,Constitution & Law,Emergency Duration,Numerical Threshold,Medium,For how long does an approved state of emergency declaration remain in force from the date of issuance?,अनुमोदन भएको संकटकाल घोषणा जारी भएको मितिबाट कति समयसम्म कायम रहन्छ?,Three months.,तीन महिना।,Article 273(4) states that an approved declaration continues for three months from issuance.,Art. 273(4),Constitution of Nepal (2015),,,,,,
EP009,Constitution & Law,Emergency Approval Consequences,Constitutional Provision,Medium,What happens if a state of emergency declaration is not approved according to the constitutional requirement?,संवैधानिक आवश्यकता अनुसार संकटकाल घोषणा अनुमोदन नभएमा के हुन्छ?,It becomes inoperative automatically.,त्यो स्वतः निष्क्रिय हुन्छ।,Article 273(5) states that a declaration not approved becomes ipso facto inoperative.,Art. 273(5),Constitution of Nepal (2015),,,,,,
EP010,Constitution & Law,Emergency Approval Process,Multi-hop Factual,Hard,A state of emergency is declared and presented to both Houses within one month. What additional condition is required for it to continue in force?,संकटकाल घोषणा गरी एक महिनाभित्र दुवै सदनमा पेश गरिएपछि कायम रहन थप कुन शर्त आवश्यक हुन्छ?,Approval by at least a two-thirds majority of the total number of then members of both Houses.,तत्काल कायम रहेका दुवै सदनका कुल सदस्य संख्याको कम्तीमा दुई तिहाइ बहुमतबाट अनुमोदन।,Article 273(3) and 273(4) together establish the approval process.,"Art. 273(3), Art. 273(4)",Constitution of Nepal (2015),,,,,,
EP011,Constitution & Law,Emergency Power Validity,Comparison,Hard,What is the difference between the approval deadline and the validity period of an approved emergency declaration?,संकटकाल अनुमोदनको समयसीमा र अनुमोदनपछि कायम रहने अवधिबीच के फरक छ?,"Approval must occur within one month, while an approved declaration remains for three months from issuance.",अनुमोदन एक महिनाभित्र हुनुपर्छ भने अनुमोदन भएको घोषणा जारी भएको मितिबाट तीन महिनासम्म कायम रहन्छ।,Article 273(3) and 273(4) establish different time periods for approval and operation.,"Art. 273(3), Art. 273(4)",Constitution of Nepal (2015),,,,,,
EP012,Constitution & Law,Emergency Extension,Fact Retrieval,Medium,"Before the expiry of an emergency declaration, for how long can a motion be submitted to extend the emergency period?",संकटकालको अवधि समाप्त हुनुअघि कति अवधिसम्म थप गर्न प्रस्ताव पेश गर्न सकिन्छ?,Another period not exceeding three months.,थप तीन महिनाभन्दा बढी नहुने अवधि।,Article 273(6) allows submission of a motion to extend the emergency period for another period not exceeding three months.,Art. 273(6),Constitution of Nepal (2015),,,,,,
EP013,Constitution & Law,Emergency Extension,Numerical Threshold,Hard,What majority is required for the Federal Parliament to extend the period of a state of emergency?,संकटकालको अवधि थप गर्न संघीय संसदमा कस्तो बहुमत आवश्यक हुन्छ?,At least two-thirds majority of the total number of then members of both Houses.,तत्काल कायम रहेका दुवै सदनका कुल सदस्य संख्याको कम्तीमा दुई तिहाइ बहुमत।,Article 273(7) requires a two-thirds majority for extension.,Art. 273(7),Constitution of Nepal (2015),,,,,,
EP014,Constitution & Law,Emergency Extension,Multi-hop Factual,Hard,"If the House of Representatives has been dissolved during an emergency, which body exercises the Federal Parliament’s emergency-related powers?",संकटकाल कायम रहेको अवस्थामा प्रतिनिधि सभा विघटन भए संघीय संसदको संकटकालसम्बन्धी अधिकार कसले प्रयोग गर्छ?,The National Assembly.,राष्ट्रिय सभा।,Article 273(8) provides that the National Assembly exercises these powers during dissolution of the House of Representatives.,Art. 273(8),Constitution of Nepal (2015),,,,,,
EP015,Constitution & Law,Emergency Orders,Constitutional Provision,Medium,What authority does the President have after declaring a state of emergency to address emergency situations?,संकटकाल घोषणा भएपछि आपतकालीन अवस्था समाधान गर्न राष्ट्रपतिसँग कस्तो अधिकार हुन्छ?,The President may issue necessary orders to meet the exigencies.,राष्ट्रपतिले आवश्यक आदेश जारी गर्न सक्छन्।,Article 273(9) grants the President authority to issue necessary orders during emergency.,Art. 273(9),Constitution of Nepal (2015),,,,,,
EP016,Constitution & Law,Emergency Orders,Fact Retrieval,Medium,"During a state of emergency, what is the legal status of orders issued by the President under Article 273(9)?",धारा २७३(९) अनुसार राष्ट्रपतिले जारी गरेका आदेशहरूको कानुनी स्थिति के हुन्छ?,They apply as law while the state of emergency is in operation.,संकटकाल कायम रहँदासम्म ती आदेश कानुनसरह लागू हुन्छन्।,Article 273(9) states that such orders apply as law during the emergency period.,Art. 273(9),Constitution of Nepal (2015),,,,,,
EP017,Constitution & Law,Suspension of Fundamental Rights,Constitutional Provision,Hard,Which category of rights may be suspended during a state of emergency?,संकटकालको समयमा कुन प्रकारका अधिकार निलम्बन गर्न सकिन्छ?,"Fundamental rights provided in Part-3, subject to constitutional exceptions.","भाग–३ मा प्रदान गरिएका मौलिक हकहरू, संविधानमा तोकिएका अपवाद बाहेक।",Article 273(10) permits suspension of fundamental rights with listed exceptions.,Art. 273(10),Constitution of Nepal (2015),,,,,,
EP018,Constitution & Law,Suspension of Fundamental Rights,Exception Identification,Hard,Are all fundamental rights suspended during a state of emergency?,के संकटकालमा सबै मौलिक हकहरू निलम्बन हुन्छन्?,"No, specified rights and remedies cannot be suspended.","होइन, तोकिएका मौलिक हक र उपचारका अधिकार निलम्बन गर्न सकिँदैन।",Article 273(10) lists rights that remain protected during emergency.,Art. 273(10),Constitution of Nepal (2015),,,,,,
EP019,Constitution & Law,Suspension of Fundamental Rights,Fact Retrieval,Hard,Which constitutional remedy specifically remains protected and cannot be suspended during an emergency?,संकटकालमा कुन संवैधानिक उपचारको अधिकार निलम्बन गर्न सकिँदैन?,The remedy of habeas corpus.,बन्दी प्रत्यक्षीकरणको उपचार।,Article 273(10) explicitly protects the remedy of habeas corpus.,Art. 273(10),Constitution of Nepal (2015),,,,,,
EP020,Constitution & Law,Judicial Review During Emergency,Constitutional Provision,Hard,Can a petition be filed in court to enforce a suspended fundamental right during an emergency?,संकटकालमा निलम्बित मौलिक हक कार्यान्वयनका लागि अदालतमा निवेदन दिन सकिन्छ?,"No, no petition may lie for enforcement of that suspended right.","सकिँदैन, त्यस्तो निलम्बित हक कार्यान्वयनका लागि निवेदन लाग्दैन।",Article 273(11) restricts petitions relating to suspended rights.,Art. 273(11),Constitution of Nepal (2015),,,,,,
EP021,Constitution & Law,Emergency Liability,Multi-hop Factual,Hard,"If a person suffers injury due to an official’s bad faith action during emergency, within what period may compensation be claimed after termination of the emergency?",संकटकालमा अधिकारीको बदनियतपूर्ण कार्यबाट क्षति भएमा संकटकाल समाप्त भएपछि कति अवधिभित्र क्षतिपूर्तिको माग गर्न सकिन्छ?,Within three months from the date of termination.,समाप्त भएको मितिले तीन महिनाभित्र।,Article 273(12) provides a three-month period for filing a compensation petition.,Art. 273(12),Constitution of Nepal (2015),,,,,,
EP022,Constitution & Law,Emergency Liability,Fact Retrieval,Medium,Who may order compensation or punishment when a valid petition is filed for injury caused during an emergency?,संकटकालको समयमा भएको क्षतिका लागि निवेदन परेमा क्षतिपूर्ति वा सजायको आदेश कसले दिन सक्छ?,The court.,अदालतले।,Article 273(12) provides that the court may order compensation and punishment.,Art. 273(12),Constitution of Nepal (2015),,,,,,
EP023,Constitution & Law,Emergency Withdrawal,Entity Identification,Easy,Who may withdraw a declaration or order of a state of emergency?,संकटकाल घोषणा वा आदेश फिर्ता गर्ने अधिकार कसलाई हुन्छ?,The President.,राष्ट्रपति।,Article 273(13) grants the President power to withdraw the emergency declaration or order at any time.,Art. 273(13),Constitution of Nepal (2015),,,,,,
EP024,Constitution & Law,Emergency Procedure,Comparison,Hard,What is the difference between approval of an emergency declaration and extension of an emergency period?,संकटकाल घोषणा अनुमोदन र संकटकाल अवधि थप गर्ने प्रक्रियाबीच के फरक छ?,"Approval requires two-thirds majority after issuance, while extension requires a separate two-thirds majority motion before expiry.",घोषणा अनुमोदनका लागि जारी भएपछि दुई तिहाइ बहुमत आवश्यक हुन्छ भने अवधि थपका लागि समाप्त हुनुअघि छुट्टै दुई तिहाइ बहुमतको प्रस्ताव आवश्यक हुन्छ।,"Articles 273(4), 273(6), and 273(7) establish separate procedures.","Art. 273(4), Art. 273(6), Art. 273(7)",Constitution of Nepal (2015),,,,,,
EP025,Constitution & Law,Emergency Power Overall Procedure,Multi-hop Factual,Hard,Arrange the correct constitutional sequence after a state of emergency is declared by the President.,राष्ट्रपतिले संकटकाल घोषणा गरेपछि संविधानअनुसार सही प्रक्रिया क्रम मिलाउनुहोस्।,Declaration → submission to both Houses within one month → approval by two-thirds majority → continuation for specified period.,घोषणा → एक महिनाभित्र दुवै सदनमा पेश → दुई तिहाइ बहुमतबाट अनुमोदन → तोकिएको अवधिसम्म कायम।,"Articles 273(1), 273(3), and 273(4) together establish the emergency procedure sequence.","Art. 273(1), Art. 273(3), Art. 273(4)",Constitution of Nepal (2015),,,,,,
CA001,Constitution & Law,Constitutional Amendment,Constitutional Provision,Medium,What limitation does the Constitution impose on the amendment of the Constitution?,संविधान संशोधन गर्दा संविधानले कुन सीमाना तोकेको छ?,"An amendment must not prejudice sovereignty, territorial integrity, independence of Nepal, or sovereignty vested in the people.","संशोधनले नेपालको सार्वभौमसत्ता, भौगोलिक अखण्डता, स्वतन्त्रता वा जनतामा निहित सार्वभौमसत्तामा प्रतिकूल असर पार्नु हुँदैन।",Article 274(1) prohibits amendments that harm these fundamental principles.,Art. 274(1),Constitution of Nepal (2015),,,,,,
CA002,Constitution & Law,Constitutional Amendment,Fact Retrieval,Easy,Can the Constitution be amended in a manner that affects the sovereignty vested in the people?,के जनतामा निहित सार्वभौमसत्तामा असर पर्ने गरी संविधान संशोधन गर्न सकिन्छ?,No.,सकिँदैन।,Article 274(1) prohibits amendments prejudicial to sovereignty vested in the people.,Art. 274(1),Constitution of Nepal (2015),,,,,,
CA003,Constitution & Law,Constitutional Amendment,Entity Identification,Easy,Which body may introduce a bill to amend or repeal any Article of the Constitution?,संविधानको कुनै धारा संशोधन वा खारेज गर्ने विधेयक कुन निकायमा पेश गर्न सकिन्छ?,Either House of the Federal Parliament.,संघीय संसदको कुनै पनि सदनमा।,Article 274(2) allows an amendment bill to be introduced in either House of the Federal Parliament.,Art. 274(2),Constitution of Nepal (2015),,,,,,
CA004,Constitution & Law,Constitutional Amendment,Constitutional Provision,Hard,Which clause of Article 274 itself cannot be amended?,धारा २७४ को कुन उपधारा आफैं संशोधन गर्न सकिँदैन?,Clause (1).,उपधारा (१)।,Article 274(2) provides that clause (1) shall not be amended.,Art. 274(2),Constitution of Nepal (2015),,,,,,
CA005,Constitution & Law,Constitutional Amendment,Definition,Medium,What type of legislative proposal may be introduced under Article 274(2)?,धारा २७४(२) अनुसार कस्तो विधेयक पेश गर्न सकिन्छ?,A bill to amend or repeal any Article of the Constitution.,संविधानको कुनै पनि धारा संशोधन वा खारेज गर्ने विधेयक।,Article 274(2) specifies the scope of amendment bills.,Art. 274(2),Constitution of Nepal (2015),,,,,,
CA006,Constitution & Law,Constitutional Amendment Procedure,Fact Retrieval,Medium,Within how many days must an introduced constitutional amendment bill be publicly published for information?,पेश गरिएको संविधान संशोधन विधेयक सार्वजनिक जानकारीका लागि कति दिनभित्र प्रकाशित गर्नुपर्छ?,Within thirty days of introduction.,पेश भएको तीस दिनभित्र।,Article 274(3) requires public publication within thirty days.,Art. 274(3),Constitution of Nepal (2015),,,,,,
CA007,Constitution & Law,Constitutional Amendment Procedure,Numerical Threshold,Medium,What is the purpose of publishing an amendment bill within thirty days?,संविधान संशोधन विधेयक तीस दिनभित्र प्रकाशित गर्नुको उद्देश्य के हो?,To provide information to the general public.,सर्वसाधारण जनतालाई जानकारी दिनु।,Article 274(3) states that publication is for public information.,Art. 274(3),Constitution of Nepal (2015),,,,,,
CA008,Constitution & Law,State Assembly Consent,Constitutional Provision,Medium,When must an amendment bill be sent to the State Assembly for consent?,कुन अवस्थामा संविधान संशोधन विधेयक प्रदेश सभाको सहमतिका लागि पठाउनुपर्छ?,When it relates to alteration of State borders or matters in Schedule-6.,प्रदेशको सीमाना परिवर्तन वा अनुसूची–६ का विषयसँग सम्बन्धित भएमा।,Article 274(4) requires State Assembly consent in these cases.,Art. 274(4),Constitution of Nepal (2015),,,,,,
CA009,Constitution & Law,State Assembly Consent,Entity Identification,Easy,Who sends an amendment bill to the State Assembly for consent?,संविधान संशोधन विधेयक प्रदेश सभाको सहमतिका लागि कसले पठाउँछ?,The Speaker or Chairperson of the concerned House.,सम्बन्धित सदनका सभामुख वा अध्यक्षले।,Article 274(4) assigns this responsibility to the Speaker or Chairperson.,Art. 274(4),Constitution of Nepal (2015),,,,,,
CA010,Constitution & Law,State Assembly Consent,Numerical Threshold,Hard,Within how many days after introduction in the Federal Parliament must a relevant amendment bill be sent to the State Assembly?,सम्बन्धित संविधान संशोधन विधेयक संघीय संसदमा पेश भएपछि कति दिनभित्र प्रदेश सभामा पठाउनुपर्छ?,Within thirty days after its introduction.,पेश भएको तीस दिनभित्र।,Article 274(4) provides the thirty-day period for sending the bill.,Art. 274(4),Constitution of Nepal (2015),,,,,,
CA011,Constitution & Law,State Assembly Consent,Fact Retrieval,Medium,What majority is required for a State Assembly to accept or reject an amendment bill sent for consent?,सहमतिका लागि पठाइएको संशोधन विधेयक स्वीकार वा अस्वीकार गर्न प्रदेश सभामा कस्तो बहुमत आवश्यक हुन्छ?,Majority of the total number of its then members.,तत्काल कायम रहेका कुल सदस्य संख्याको बहुमत।,Article 274(5) specifies the required majority.,Art. 274(5),Constitution of Nepal (2015),,,,,,
CA012,Constitution & Law,State Assembly Consent,Numerical Threshold,Medium,Within what period must the State Assembly provide information about acceptance or rejection of an amendment bill?,प्रदेश सभाले संशोधन विधेयक स्वीकार वा अस्वीकार गरेको जानकारी कति अवधिभित्र दिनुपर्छ?,Within three months.,तीन महिनाभित्र।,Article 274(5) requires information to be provided within three months.,Art. 274(5),Constitution of Nepal (2015),,,,,,
CA013,Constitution & Law,State Assembly Consent,Constitutional Provision,Hard,What happens if a State Assembly does not provide information of acceptance or rejection of an amendment bill within the prescribed period?,तोकिएको अवधिभित्र प्रदेश सभाले संशोधन विधेयक स्वीकार वा अस्वीकार गरेको जानकारी नदिएमा के हुन्छ?,The Federal Parliament may proceed with the bill.,संघीय संसदले विधेयकमाथि प्रक्रिया अगाडि बढाउन सक्छ।,Article 274(6) allows the originating House of the Federal Parliament to proceed if no information is provided within the period.,Art. 274(6),Constitution of Nepal (2015),,,,,,
CA014,Constitution & Law,State Assembly Rejection,Constitutional Provision,Hard,What is the consequence if a State Assembly rejects an amendment bill by majority and informs the Federal Parliament within the required period?,प्रदेश सभाले बहुमतबाट संशोधन विधेयक अस्वीकार गरी समयभित्र संघीय संसदलाई जानकारी दिएमा के हुन्छ?,The bill becomes inoperative.,विधेयक निष्क्रिय हुन्छ।,Article 274(7) states that such a rejected bill becomes inoperative.,Art. 274(7),Constitution of Nepal (2015),,,,,,
CA015,Constitution & Law,Constitutional Amendment Voting,Numerical Threshold,Hard,What majority is required to pass an amendment bill that does not require State Assembly consent?,प्रदेश सभाको सहमति आवश्यक नपर्ने संशोधन विधेयक पारित गर्न कस्तो बहुमत आवश्यक हुन्छ?,At least two-thirds majority of the total number of then members of both Houses of the Federal Parliament.,संघीय संसदका दुवै सदनका तत्काल कायम रहेका कुल सदस्य संख्याको कम्तीमा दुई तिहाइ बहुमत।,Article 274(8) establishes the required majority for passing amendment bills.,Art. 274(8),Constitution of Nepal (2015),,,,,,
CA016,Constitution & Law,Constitutional Amendment Voting,Numerical Threshold,Hard,What majority is required to pass an amendment bill that has been accepted by a majority of the State Assembly?,प्रदेश सभाको बहुमतबाट स्वीकार गरिएको संशोधन विधेयक पारित गर्न संघीय संसदमा कस्तो बहुमत आवश्यक हुन्छ?,At least two-thirds majority of the total number of then members of both Houses of the Federal Parliament.,संघीय संसदका दुवै सदनका तत्काल कायम रहेका कुल सदस्य संख्याको कम्तीमा दुई तिहाइ बहुमत।,Article 274(8) applies the two-thirds requirement to accepted bills as well.,Art. 274(8),Constitution of Nepal (2015),,,,,,
CA017,Constitution & Law,Constitutional Amendment Procedure,Comparison,Hard,Which amendment bills require State Assembly consent before being passed by the Federal Parliament?,कुन संविधान संशोधन विधेयकलाई संघीय संसदबाट पारित गर्नुअघि प्रदेश सभाको सहमति आवश्यक हुन्छ?,Bills related to State border alteration or matters in Schedule-6.,प्रदेशको सीमाना परिवर्तन वा अनुसूची–६ का विषयसँग सम्बन्धित विधेयक।,Article 274(4) specifies when State Assembly consent is required.,Art. 274(4),Constitution of Nepal (2015),,,,,,
CA018,Constitution & Law,Constitutional Amendment Procedure,Multi-hop Factual,Hard,"If a State Assembly rejects an amendment bill, can the Federal Parliament continue processing that bill?",प्रदेश सभाले संशोधन विधेयक अस्वीकार गरेपछि संघीय संसदले सो विधेयकमाथि प्रक्रिया जारी राख्न सक्छ?,"No, the bill becomes inoperative.","सक्दैन, विधेयक निष्क्रिय हुन्छ।",Article 274(7) prevents further proceedings after valid rejection by the State Assembly.,Art. 274(7),Constitution of Nepal (2015),,,,,,
CA019,Constitution & Law,President Assent,Fact Retrieval,Medium,To whom is a constitutional amendment bill passed under Article 274(8) presented for assent?,धारा २७४(८) अनुसार पारित संशोधन विधेयक स्वीकृतिका लागि कससमक्ष पेश गरिन्छ?,The President.,राष्ट्रपति।,Article 274(9) provides that a passed bill shall be presented to the President for assent.,Art. 274(9),Constitution of Nepal (2015),,,,,,
CA020,Constitution & Law,President Assent,Numerical Timeline,Medium,Within how many days must the President give assent to a constitutional amendment bill after receiving it?,संविधान संशोधन विधेयक प्राप्त भएपछि राष्ट्रपतिले कति दिनभित्र स्वीकृति दिनुपर्छ?,Within fifteen days.,पन्ध्र दिनभित्र।,Article 274(10) requires presidential assent within fifteen days of receipt.,Art. 274(10),Constitution of Nepal (2015),,,,,,
CA021,Constitution & Law,Constitutional Amendment Effect,Fact Retrieval,Medium,From which date does the Constitution become amended after an amendment bill receives presidential assent?,संशोधन विधेयकमा राष्ट्रपतिको स्वीकृति पाएपछि संविधान कुन मितिबाट संशोधन भएको मानिन्छ?,From the date of assent.,स्वीकृति दिएको मितिबाट।,Article 274(10) states that the Constitution gets amended from the date of assent.,Art. 274(10),Constitution of Nepal (2015),,,,,,
CA022,Constitution & Law,Constitutional Amendment Procedure,Multi-hop Factual,Hard,What is the correct sequence for an amendment bill requiring State Assembly consent?,प्रदेश सभाको सहमति आवश्यक पर्ने संशोधन विधेयकको सही प्रक्रिया क्रम के हो?,Introduction in Federal Parliament → publication within thirty days → State Assembly consent process → two-thirds approval by both Houses → President’s assent.,संघीय संसदमा पेश → तीस दिनभित्र प्रकाशन → प्रदेश सभाको सहमति प्रक्रिया → दुवै सदनको दुई तिहाइ स्वीकृति → राष्ट्रपतिको स्वीकृति।,Articles 274(2)–274(10) establish the complete amendment procedure.,Art. 274(2)-Art. 274(10),Constitution of Nepal (2015),,,,,,
CA023,Constitution & Law,Constitutional Amendment Procedure,Multi-hop Factual,Hard,"If a State Assembly fails to communicate acceptance or rejection within three months, what constitutional option remains available?",प्रदेश सभाले तीन महिनाभित्र स्वीकार वा अस्वीकारको जानकारी नदिएमा संविधानले के विकल्प दिन्छ?,The originating House of the Federal Parliament may proceed with the bill.,विधेयक उत्पत्ति भएको संघीय संसदको सदनले प्रक्रिया अगाडि बढाउन सक्छ।,Article 274(6) provides this exception to the State Assembly response requirement.,Art. 274(6),Constitution of Nepal (2015),,,,,,
CA024,Constitution & Law,Constitutional Amendment Procedure,Overall Reasoning,Hard,What is the highest voting requirement specified in Article 274 for passing a constitutional amendment bill?,धारा २७४ अनुसार संविधान संशोधन विधेयक पारित गर्न तोकिएको सबैभन्दा उच्च मतदान आवश्यकता के हो?,At least two-thirds majority of the total number of then members of both Houses of the Federal Parliament.,संघीय संसदका दुवै सदनका तत्काल कायम रहेका कुल सदस्य संख्याको कम्तीमा दुई तिहाइ बहुमत।,Article 274(8) establishes the two-thirds majority requirement.,Art. 274(8),Constitution of Nepal (2015),,,,,,
MT001,Constitutional Law,Referendum,Direct Fact,Easy,What majority of the total number of the then members of the Federal Parliament is required to decide that a referendum is necessary on a matter of national importance?,राष्ट्रिय महत्वको विषयमा जनमतसंग्रह आवश्यक छ भनी निर्णय गर्न संघीय संसदका तत्काल कायम रहेका सम्पूर्ण सदस्य संख्याको कति बहुमत आवश्यक पर्छ?,A two-thirds majority of the total number of the then members of the Federal Parliament is required.,संघीय संसदका तत्काल कायम रहेका सम्पूर्ण सदस्य संख्याको दुई तिहाइ बहुमत आवश्यक पर्छ।,Article 275(1) requires a two-thirds majority to decide that a referendum is necessary on a matter of national importance.,Art-275(1),Provisions Relating to Referendum,,,,,,
MT002,Constitutional Law,Referendum,Direct Fact,Medium,On what type of matter may a decision be taken through a referendum under Article 275?,धारा २७५ बमोजिम कुन प्रकारको विषयमा जनमतसंग्रहमार्फत निर्णय लिन सकिन्छ?,"A matter of national importance, if the Federal Parliament decides by a two-thirds majority that a referendum is necessary.",संघीय संसदले दुई तिहाइ बहुमतबाट आवश्यक ठहर गरेको राष्ट्रिय महत्वको विषयमा।,A referendum is constitutionally permitted for a matter of national importance when the required parliamentary majority determines that it is necessary.,Art-275(1),Provisions Relating to Referendum,,,,,,
MT003,Constitutional Law,Presidential Pardoning Power,Direct Fact,Easy,"Who may grant pardons, suspend, commute, or remit sentences under Article 276?","धारा २७६ बमोजिम कसले माफी दिन, सजाय स्थगन गर्न, घटाउन वा मिनाहा गर्न सक्छ?",The President may do so in accordance with law.,राष्ट्रपतिले कानूनबमोजिम त्यस्तो कार्य गर्न सक्छन्।,"Article 276 vests this power in the President, subject to law.",Art-276,Pardons,,,,,,
MT004,Constitutional Law,Presidential Pardoning Power,Application,Medium,Can the President grant a pardon for a sentence imposed only by a regular court?,के राष्ट्रपतिले नियमित अदालतले दिएको सजायमा मात्र माफी दिन सक्छन्?,"No. The President may grant pardons, suspend, commute, or remit sentences passed by a court, judicial or quasi-judicial body, or administrative authority or body, in accordance with law.","होइन। राष्ट्रपतिले अदालत, न्यायिक वा अर्धन्यायिक निकाय वा प्रशासनिक अधिकारी वा निकायबाट भएको सजायलाई कानूनबमोजिम माफी, स्थगन, घटाउन वा मिनाहा गर्न सक्छन्।","Article 276 applies to sentences imposed by several types of judicial, quasi-judicial, and administrative bodies.",Art-276,Pardons,,,,,,
MT005,Constitutional Law,State Honours,Direct Fact,Easy,"Who confers titles, honours, and decorations on behalf of the State?","राज्यको तर्फबाट उपाधि, सम्मान र विभूषण कसले प्रदान गर्छ?",The President.,राष्ट्रपति।,Article 277(1) assigns this function to the President.,Art-277(1),"Titles, Honours and Decorations",,,,,,
MT006,Constitutional Law,Foreign Honours,Direct Fact,Medium,"May a citizen of Nepal accept a title, honour, or decoration from a foreign government without approval from the Government of Nepal?","के नेपालका नागरिकले नेपाल सरकारको स्वीकृतिबिना विदेशी सरकारबाट उपाधि, सम्मान वा विभूषण स्वीकार गर्न सक्छ?",No. Approval from the Government of Nepal is required.,होइन। नेपाल सरकारको स्वीकृति आवश्यक हुन्छ।,Article 277(2) prohibits acceptance of such foreign honours without Government approval.,Art-277(2),"Titles, Honours and Decorations",,,,,,
MT007,Constitutional Law,Treaty-Making Power,Direct Fact,Easy,Which level of government has the power to make treaties or agreements under Article 278(1)?,धारा २७८(१) बमोजिम सन्धि वा सम्झौता गर्ने अधिकार कुन तहको सरकारसँग हुन्छ?,The Federation.,संघसँग।,Article 278(1) provides that the Federation has the power to make treaties or agreements.,Art-278(1),Power to Make Treaties,,,,,,
MT008,Constitutional Law,Treaty-Making Power,Application,Medium,What must the Government of Nepal do when making a treaty or agreement concerning a matter falling within the list of State powers?,प्रदेशको अधिकार सूचीमा पर्ने विषयमा सन्धि वा सम्झौता गर्दा नेपाल सरकारले के गर्नुपर्छ?,It must consult the concerned State.,सम्बन्धित प्रदेशसँग परामर्श गर्नुपर्छ।,Article 278(2) requires consultation with the concerned State when the subject falls within the State power list.,Art-278(2),Power to Make Treaties,,,,,,
MT009,Constitutional Law,State Treaty-Related Agreements,Direct Fact,Medium,Under what condition may a State Council of Ministers make contractual agreements on financial and industrial matters?,प्रदेश मन्त्रिपरिषद्ले वित्तीय तथा औद्योगिक विषयमा कुन शर्तमा करार सम्झौता गर्न सक्छ?,With the consent of the Government of Nepal.,नेपाल सरकारको सहमतिमा।,Article 278(3) requires the consent of the Government of Nepal.,Art-278(3),Power to Make Treaties,,,,,,
MT010,Constitutional Law,Treaty Ratification,Direct Fact,Medium,"Which four categories of treaties or agreements require ratification, accession, acceptance, or approval by a two-thirds majority of the total number of the then members of both Houses of the Federal Parliament?","संघीय संसदका दुवै सदनका तत्काल कायम रहेका सम्पूर्ण सदस्य संख्याको दुई तिहाइ बहुमतबाट अनुमोदन, सम्मिलन, स्वीकृति वा समर्थन आवश्यक पर्ने सन्धि वा सम्झौताका चार विषय कुन-कुन हुन्?",Peace and friendship; defence and strategic alliance; boundaries of Nepal; and natural resources and the distribution of their uses.,शान्ति तथा मैत्री; रक्षा तथा सामरिक गठबन्धन; नेपालको सीमाना; तथा प्राकृतिक स्रोत र त्यसको उपयोगको बाँडफाँड।,Article 279(2) identifies these four categories as requiring the higher parliamentary majority.,Art-279(2)(a–d),"Ratification of, Accession to, Acceptance of, or Approval of Treaties or Agreements",,,,,,
MT011,Constitutional Law,Treaty Ratification Exception,Application,Hard,Under what exception may a treaty concerning peace and friendship or natural resources be approved by a simple majority of members present in a meeting of the House of Representatives?,शान्ति तथा मैत्री वा प्राकृतिक स्रोतसम्बन्धी सन्धि वा सम्झौता कुन अवस्थामा प्रतिनिधि सभाको बैठकमा उपस्थित सदस्यहरूको साधारण बहुमतबाट अनुमोदन गर्न सकिन्छ?,"If the treaty or agreement is of an ordinary nature and does not affect the nation extensively, seriously, or in the long term.","त्यस्तो सन्धि वा सम्झौता साधारण प्रकृतिको भई राष्ट्रलाई व्यापक, गम्भीर वा दीर्घकालीन रूपमा असर नगर्ने भएमा।",Article 279(2) provides an exception for ordinary treaties under the peace and friendship and natural resources categories.,Art-279(2) Proviso,Treaty Ratification Exception,,,,,,
MT012,Constitutional Law,Treaty Ratification and Territorial Integrity,Application,Hard,"What is the constitutional consequence if a treaty or agreement is not ratified, acceded to, accepted, or approved according to Article 279?","धारा २७९ बमोजिम कुनै सन्धि वा सम्झौता अनुमोदन, सम्मिलन, स्वीकृति वा समर्थन नगरिएमा त्यसको संवैधानिक परिणाम के हुन्छ?","After the commencement of the Constitution, the treaty or agreement does not apply to Nepal or the Government of Nepal. Additionally, no treaty or agreement may be concluded in a manner detrimental to Nepal's territorial integrity.",संविधान प्रारम्भ भएपछि त्यस्तो सन्धि वा सम्झौता नेपाल वा नेपाल सरकारमा लागू हुँदैन। साथै नेपालको क्षेत्रीय अखण्डतामा प्रतिकूल हुने गरी कुनै सन्धि वा सम्झौता गर्न सकिँदैन।,"Article 279(3) establishes the effect of non-approval, while Article 279(4) independently prohibits treaties detrimental to Nepal's territorial integrity.",Art-279(3–4),Treaty Ratification and Territorial Integrity,,,,,,
MT013,Constitutional Law,Presidential Succession,Direct Fact,Easy,"If both the offices of the President and Vice-President become vacant, who shall discharge the functions of the President until a new President or Vice-President is elected and assumes office?",राष्ट्रपति र उपराष्ट्रपति दुवै पद रिक्त भएमा नयाँ राष्ट्रपति वा उपराष्ट्रपति निर्वाचित भई पदभार ग्रहण नगरेसम्म राष्ट्रपतिको कार्य कसले सम्पादन गर्छ?,The Speaker of the House of Representatives.,प्रतिनिधि सभाका सभामुखले।,Article 280 provides that the Speaker of the House of Representatives shall discharge the functions required to be performed by the President during such a vacancy.,Art-280,Special Provision Relating to Discharge of Functions of President,,,,,,
MT014,Constitutional Law,Special Rights Review,Direct Fact,Medium,How frequently must the Government of Nepal appraise and review the implementation and impacts of the special rights of women and the Dalit community?,महिला र दलित समुदायका विशेष अधिकारको कार्यान्वयन र त्यसको प्रभावको मूल्याङ्कन तथा समीक्षा कति अवधिमा गर्नुपर्छ?,"Every ten years, concurrently with the national census.",प्रत्येक दस वर्षमा हुने राष्ट्रिय जनगणनासँगै।,Article 281 requires the review to be conducted concurrently with the national census held every ten years.,Art-281,Appraisal and Review of Special Rights,,,,,,
MT015,Constitutional Law,Ambassadors and Special Emissaries,Direct Fact,Easy,On what principle may the President appoint Nepalese ambassadors and special emissaries?,राष्ट्रपतिले नेपाली राजदूत तथा विशेष दूतहरू कुन सिद्धान्तका आधारमा नियुक्त गर्न सक्छन्?,The principle of inclusion.,समावेशी सिद्धान्तका आधारमा।,Article 282(1) requires appointments of Nepalese ambassadors and special emissaries to be based on inclusion.,Art-282(1),Ambassadors and Special Emissaries,,,,,,
MT016,Constitutional Law,Diplomatic Relations,Direct Fact,Easy,Who receives letters of credentials from foreign ambassadors and diplomatic representatives?,विदेशी राजदूत तथा कूटनीतिक प्रतिनिधिहरूको ओहोदाको प्रमाणपत्र कसले ग्रहण गर्छ?,The President.,राष्ट्रपतिले।,Article 282(2) assigns this function to the President.,Art-282(2),Ambassadors and Special Emissaries,,,,,,
MT017,Constitutional Law,Inclusive Appointments,Direct Fact,Easy,"According to Article 283, what principle must be followed when making appointments to Constitutional Organs and Bodies?",धारा २८३ बमोजिम संवैधानिक अंग तथा निकायमा नियुक्ति गर्दा कुन सिद्धान्तको पालना गर्नुपर्छ?,The inclusive principle.,समावेशी सिद्धान्त।,Article 283 requires appointments to Constitutional Organs and Bodies to be made in accordance with the inclusive principle.,Art-283,Appointments to be Made in Accordance with Inclusive Principle,,,,,,
MT018,Constitutional Law,Constitutional Council,Direct Fact,Medium,Who serves as the Chairperson of the Constitutional Council?,संवैधानिक परिषद्को अध्यक्ष को हुन्छ?,The Prime Minister.,प्रधानमन्त्री।,Article 284(1) designates the Prime Minister as the Chairperson of the Constitutional Council.,Art-284(1)(a),Provisions Relating to Constitutional Council,,,,,,
MT019,Constitutional Law,Constitutional Council Composition,Analytical Comparison,Medium,Which of the following is NOT a regular member of the Constitutional Council under Article 284(1)? A. Chief Justice B. Speaker of the House of Representatives C. Minister for Law and Justice D. Chairperson of the National Assembly,धारा २८४(१) बमोजिम निम्नमध्ये को संवैधानिक परिषद्को नियमित सदस्य होइन? क. प्रधानन्यायाधीश ख. प्रतिनिधि सभाका सभामुख ग. कानून तथा न्यायमन्त्री घ. राष्ट्रिय सभाका अध्यक्ष,The Minister for Law and Justice.,कानून तथा न्यायमन्त्री।,The Minister for Law and Justice is included only when the Council makes a recommendation for appointment to the office of Chief Justice under Article 284(2).,Art-284(1–2),Provisions Relating to Constitutional Council,,,,,,
MT020,Constitutional Law,Constitutional Council,Direct Fact,Medium,How far in advance must the Constitutional Council generally make a recommendation for the appointment of a Chief Justice or a chief or official of a Constitutional Body before the office becomes vacant?,प्रधानन्यायाधीश वा संवैधानिक निकायका प्रमुख वा पदाधिकारीको पद रिक्त हुनुभन्दा सामान्यतया कति अगाडि संवैधानिक परिषद्ले नियुक्तिको सिफारिस गर्नुपर्छ?,At least one month before the office becomes vacant.,पद रिक्त हुनुभन्दा कम्तीमा एक महिना अगाडि।,Article 284(3) requires the recommendation before one month of the expected vacancy.,Art-284(3),Provisions Relating to Constitutional Council,,,,,,
MT021,Constitutional Law,Federal Government Service,Application,Medium,On what basis must positions in the Federal civil service and other Federal government services be filled?,संघीय निजामती सेवा तथा अन्य संघीय सरकारी सेवाका पदहरू कुन आधारमा पूर्ति गर्नुपर्छ?,Through competitive examinations based on open and proportional inclusive principles.,खुला तथा समानुपातिक समावेशी सिद्धान्तका आधारमा प्रतिस्पर्धात्मक परीक्षामार्फत।,Article 285(2) requires competitive examinations and both open and proportional inclusive principles.,Art-285(2),Constitution of Government Service,,,,,,
MT022,Constitutional Law,Election Constituency Delimitation Commission,Direct Fact,Medium,Which of the following is NOT listed as a member of the Election Constituency Delimitation Commission? A. A retired Judge of the Supreme Court B. A geographer C. A sociologist or demographer D. The Chief Election Commissioner,निम्नमध्ये को निर्वाचन क्षेत्र निर्धारण आयोगको सदस्यका रूपमा उल्लेख गरिएको छैन? क. सर्वोच्च अदालतका सेवानिवृत्त न्यायाधीश ख. भूगोलविद् ग. समाजशास्त्री वा जनसांख्यिकीविद् घ. प्रमुख निर्वाचन आयुक्त,The Chief Election Commissioner.,प्रमुख निर्वाचन आयुक्त।,"Article 286(1) lists a retired Supreme Court Judge, geographer, sociologist or demographer, administration expert or jurist, and a gazetted special class government officer as secretary.",Art-286(1),Election Constituency Delimitation Commission,,,,,,
MT023,Constitutional Law,Constituency Delimitation,Application,Hard,"What factors must the Election Constituency Delimitation Commission consider when determining election constituencies, in addition to population and geography?",निर्वाचन क्षेत्र निर्धारण गर्दा जनसंख्या र भूगोलका अतिरिक्त निर्वाचन क्षेत्र निर्धारण आयोगले कुन-कुन पक्षलाई ध्यान दिनुपर्छ?,"It must consider, among other things, population density, geographical specificity, administrative and transportation convenience, and the community and cultural aspects of the constituencies.","जनघनत्व, भौगोलिक विशिष्टता, प्रशासनिक तथा यातायात सुविधा र निर्वाचन क्षेत्रका सामुदायिक तथा सांस्कृतिक पक्षलगायतका विषयलाई ध्यान दिनुपर्छ।",Article 286(6) provides these factors to be considered during delimitation.,Art-286(5–6),Election Constituency Delimitation Commission,,,,,,
MT024,Constitutional Law,Language Commission,Multi-Concept,Hard,"State three important constitutional requirements relating to the Language Commission's composition, term, and qualifications.","भाषा आयोगको गठन, पदावधि र योग्यता सम्बन्धी तीनवटा महत्वपूर्ण संवैधानिक प्रावधान उल्लेख गर्नुहोस्।","The Commission must have one Chairperson and the required number of members; the term of the Chairperson and members is six years and they cannot be reappointed; and appointees must have a relevant master's degree, at least twenty years of experience in the study, teaching, and research of Nepal's languages, be at least forty-five years old, and possess high moral character.","आयोगमा एक जना अध्यक्ष र आवश्यक संख्यामा सदस्य हुन्छन्; अध्यक्ष तथा सदस्यको पदावधि छ वर्षको हुन्छ र पुनः नियुक्ति हुन सक्दैन; तथा नियुक्त व्यक्तिसँग सम्बन्धित विषयमा स्नातकोत्तर उपाधि, नेपालको विभिन्न भाषाको अध्ययन, अध्यापन तथा अनुसन्धानमा कम्तीमा बीस वर्षको अनुभव, कम्तीमा पैंतालीस वर्ष उमेर र उच्च नैतिक चरित्र हुनुपर्छ।","Article 287 establishes the structure, six-year non-renewable term, and qualification requirements of the Language Commission.",Art-287(2–4),Language Commission,,,,,,
MT025,Constitutional Law,Capital,Direct Fact,Easy,Where is the capital of Nepal situated?,नेपालको राजधानी कहाँ अवस्थित छ?,Kathmandu.,काठमाडौंमा।,Article 288(1) provides that the capital of Nepal shall be situated in Kathmandu.,Art-288(1),Capital,,,,,,
MT026,Constitutional Law,State Capital,Direct Fact,Medium,By what majority is the capital of a State decided by the concerned State Assembly?,सम्बन्धित प्रदेश सभाले प्रदेशको राजधानी कुन बहुमतबाट निर्धारण गर्छ?,A two-thirds majority of the total number of the then members of the concerned State Assembly.,सम्बन्धित प्रदेश सभाका तत्काल कायम रहेका सम्पूर्ण सदस्य संख्याको दुई तिहाइ बहुमतबाट।,Article 288(2) requires a two-thirds majority of the total then membership of the concerned State Assembly.,Art-288(2),Capital,,,,,,
MT027,Constitutional Law,Citizenship Qualifications for High Offices,Analytical Comparison,Medium,"Which type of citizenship must a person possess to be eligible for election, nomination, or appointment as President, Vice-President, Prime Minister, Chief Justice, Speaker of the House of Representatives, Chief of State, Chief Minister, Speaker of a State Assembly, or chief of a security body?","राष्ट्रपति, उपराष्ट्रपति, प्रधानमन्त्री, प्रधानन्यायाधीश, प्रतिनिधि सभाका सभामुख, प्रदेश प्रमुख, मुख्यमन्त्री, प्रदेश सभाका सभामुख वा सुरक्षा निकायको प्रमुख पदमा निर्वाचित, मनोनीत वा नियुक्त हुन व्यक्तिसँग कस्तो नागरिकता हुनुपर्छ?",Citizenship of Nepal by descent.,वंशजको आधारमा प्राप्त नेपालको नागरिकता।,Article 289(1) requires citizenship by descent for the specified high offices.,Art-289(1),Special Provision Relating to Citizenship of Officials,,,,,,
MT028,Constitutional Law,Citizenship and Constitutional Bodies,Application,Hard,Under what additional residence conditions may a person with naturalized citizenship or citizenship by birth be qualified for an office of a Constitutional Body other than the offices listed in Article 289(1)?,धारा २८९(१) मा उल्लिखित बाहेक अन्य संवैधानिक निकायको पदमा प्राकृतिकीकृत वा जन्मको आधारमा नागरिकता प्राप्त व्यक्तिले कुन अतिरिक्त बसोबाससम्बन्धी शर्त पूरा गर्नुपर्छ?,"A naturalized citizen must have resided in Nepal for at least ten years, while a person who obtained citizenship by birth must have resided in Nepal for at least five years.",प्राकृतिकीकृत नागरिकले कम्तीमा दस वर्ष र जन्मको आधारमा नागरिकता प्राप्त व्यक्तिले कम्तीमा पाँच वर्ष नेपालमा बसोबास गरेको हुनुपर्छ।,Article 289(2) establishes different residence requirements for these citizenship categories.,Art-289(2),Special Provision Relating to Citizenship of Officials,,,,,,
MT029,Constitutional Law,Guthi and Trust Lands,Direct Fact,Medium,What must the Federal Parliament ensure when making laws concerning the rights of trusts and farmers enjoying possessory rights over trust lands?,गुठीको अधिकार तथा गुठी जग्गामा भोगाधिकार भएका किसानका अधिकारसम्बन्धी कानून बनाउँदा संघीय संसदले के सुनिश्चित गर्नुपर्छ?,The laws must not be prejudicial to the basic norms of the trusts.,त्यस्ता कानून गुठीका आधारभूत मान्यतामा प्रतिकूल नहुने कुरा सुनिश्चित गर्नुपर्छ।,Article 290(1) requires legislation relating to trusts and possessory rights over trust lands to respect the basic norms of trusts.,Art-290(1),Provisions Relating to Guthi,,,,,,
MT030,Constitutional Law,Foreign Permanent Residence,Application,Hard,"Can a Nepali citizen holding a foreign permanent residence permit be elected, nominated, or appointed to an office under the Constitution?","विदेशी स्थायी आवासीय अनुमति लिएको नेपाली नागरिक संविधानबमोजिम निर्वाचित, मनोनीत वा नियुक्त हुने पदमा योग्य हुन्छ?","No. However, a person who has renounced the permit may become eligible after at least three months have expired from the date of renunciation.",हुँदैन। तर त्यस्तो अनुमति त्यागेको व्यक्तिले त्यागेको मितिले कम्तीमा तीन महिना पूरा भएपछि योग्य हुन सक्छ।,Article 291(1) creates the disqualification and provides a three-month waiting period after renunciation.,Art-291(1),Not to be Qualified for Appointment,,,,,,
MT031,Constitutional Law,Parliamentary Hearings,Direct Fact,Medium,For which categories of appointments are parliamentary hearings conducted under Article 292?,धारा २९२ बमोजिम कुन-कुन नियुक्तिका लागि संसदीय सुनुवाइ गरिन्छ?,"Appointments to the offices of the Chief Justice and Supreme Court Judges, members of the Judicial Council, chiefs and members of Constitutional Bodies appointed on the recommendation of the Constitutional Council, and ambassadors.","प्रधानन्यायाधीश तथा सर्वोच्च अदालतका न्यायाधीश, न्याय परिषद्का सदस्य, संवैधानिक परिषद्को सिफारिसमा नियुक्त हुने संवैधानिक निकायका प्रमुख तथा सदस्य र राजदूतको नियुक्तिमा।",Article 292(1) identifies these categories of appointments for parliamentary hearings.,Art-292(1),Provisions Relating to Parliamentary Hearings,,,,,,
MT032,Constitutional Law,Parliamentary Hearing Committee,Direct Fact,Medium,How many members are in the joint committee formed for the purpose of parliamentary hearings?,संसदीय सुनुवाइका लागि गठन हुने संयुक्त समितिमा कति सदस्य हुन्छन्?,Fifteen members from both Houses of the Federal Parliament.,संघीय संसदका दुवै सदनका गरी पन्ध्र जना सदस्य।,Article 292(2) provides for a fifteen-member joint committee consisting of members of both Houses.,Art-292(2),Provisions Relating to Parliamentary Hearings,,,,,,
MT033,Constitutional Law,Parliamentary Hearing Committee,Direct Fact,Hard,What professional restriction applies to members of the parliamentary hearing joint committee during that term of the Federal Parliament?,संघीय संसदको उक्त कार्यकालमा संसदीय सुनुवाइ संयुक्त समितिका सदस्यहरूलाई कुन पेशागत प्रतिबन्ध लागू हुन्छ?,They may not practice law in the Supreme Court.,उनीहरूले सर्वोच्च अदालतमा कानून व्यवसाय गर्न पाउँदैनन्।,Article 292(3) prohibits members of the joint committee from practicing law in the Supreme Court during that parliamentary term.,Art-292(3),Provisions Relating to Parliamentary Hearings,,,,,,
MT034,Constitutional Law,Monitoring of Constitutional Bodies,Analytical Comparison,Hard,Which Constitutional Body is specifically excluded from monitoring and evaluation by committees of the House of Representatives under Article 293?,धारा २९३ बमोजिम प्रतिनिधि सभाका समितिहरूले संवैधानिक निकायहरूको कामकारबाही अनुगमन तथा मूल्याङ्कन गर्दा कुन संवैधानिक निकायलाई विशेष रूपमा अपवाद गरिएको छ?,The National Human Rights Commission.,राष्ट्रिय मानव अधिकार आयोग।,Article 293 allows House of Representatives committees to monitor and evaluate Constitutional Bodies other than the National Human Rights Commission.,Art-293,Monitoring of Functioning of Constitutional Bodies,,,,,,
MT035,Constitutional Law,Annual Reports of Constitutional Bodies,Multi-Concept,Hard,What is the reporting process for Constitutional Bodies under Article 294?,धारा २९४ बमोजिम संवैधानिक निकायहरूको वार्षिक प्रतिवेदन पेश गर्ने प्रक्रिया के हो?,"Each Constitutional Body submits an annual report of its functioning to the President, who causes it to be laid before the Federal Parliament through the Prime Minister. A Constitutional Body may also prepare a separate report on its functioning in each State and submit it to the Chief of State.",प्रत्येक संवैधानिक निकायले आफ्नो कामकारबाहीको वार्षिक प्रतिवेदन राष्ट्रपतिसमक्ष पेश गर्छ र राष्ट्रपतिले प्रधानमन्त्रीमार्फत संघीय संसदसमक्ष पेश गराउँछन्। संवैधानिक निकायले प्रत्येक प्रदेशमा आफ्नो कामकारबाहीसम्बन्धी छुट्टै प्रतिवेदन तयार गरी प्रदेश प्रमुखसमक्ष पेश गर्न पनि सक्छ।,Article 294 establishes the main annual reporting chain and permits separate State-level reports.,Art-294(1–3),Annual Reports of Constitutional Bodies,,,,,,
TP001,Transitional Provisions,Federal Commission and State Boundaries,Direct Fact,Easy,What may the Government of Nepal constitute under Article 295(1) to make suggestions on matters relating to the boundaries of States?,धारा २९५(१) बमोजिम प्रदेशको सीमासम्बन्धी विषयमा सुझाव दिन नेपाल सरकारले के गठन गर्न सक्छ?,The Government of Nepal may constitute a Federal Commission.,नेपाल सरकारले संघीय आयोग गठन गर्न सक्छ।,Article 295(1) authorizes the Government of Nepal to constitute a Federal Commission to make suggestions on matters relating to State boundaries.,Art. 295(1),Constitution of Nepal — Article 295,,,,,,
TP002,Transitional Provisions,Determination of State Names,Majority Requirement,Medium,By what majority must the names of the States be decided by the concerned State Assemblies under Article 295(2)?,धारा २९५(२) बमोजिम सम्बन्धित प्रदेश सभाले प्रदेशको नाम निर्धारण गर्दा कस्तो बहुमत आवश्यक पर्छ?,A two-thirds majority of the total number of members of the concerned State Assembly is required.,सम्बन्धित प्रदेश सभाका सम्पूर्ण सदस्य संख्याको दुई तिहाइ बहुमत आवश्यक पर्छ।,Article 295(2) establishes a two-thirds majority requirement for determining the names of the States.,Art. 295(2),Constitution of Nepal — Article 295,,,,,,
TP003,Transitional Provisions,Local-Level Boundary Commission,Commission Formation and Timeline,Medium,"What commission was required to be constituted to determine the number and boundaries of Village Bodies, Municipalities, and Special, Protected, or Autonomous Regions?","गाउँ निकाय, नगरपालिका तथा विशेष, संरक्षित वा स्वायत्त क्षेत्रको संख्या र सीमाना निर्धारण गर्न कुन आयोग गठन गर्नुपर्ने व्यवस्था थियो?",The Government of Nepal was required to constitute a commission for determining their number and boundaries.,नेपाल सरकारले तिनको संख्या र सीमाना निर्धारण गर्न आयोग गठन गर्नुपर्ने व्यवस्था थियो।,Article 295(3) provides for a commission to determine the number and boundaries of these local and special regions according to criteria set by the Government of Nepal.,Art. 295(3),Constitution of Nepal — Article 295,,,,,,
TP004,Transitional Provisions,Local-Level Boundary Commission,Time Limit,Medium,"Within what period after the commencement of the Constitution was the commission under Article 295(3) required to be constituted, and what was its term?",संविधान प्रारम्भ भएको कति समयभित्र धारा २९५(३) बमोजिमको आयोग गठन गर्नुपर्ने थियो र यसको कार्यकाल कति थियो?,"It had to be constituted within six months of the commencement of the Constitution, and its term was one year.",संविधान प्रारम्भ भएको छ महिनाभित्र आयोग गठन गर्नुपर्ने र यसको कार्यकाल एक वर्षको हुने थियो।,Article 295(4) specifies both the formation deadline and the one-year term of the commission.,Art. 295(4),Constitution of Nepal — Article 295,,,,,,
TP005,Transitional Provisions,Conversion of Constituent Assembly,Institutional Transition,Easy,What happened to the Constituent Assembly existing at the commencement of the Constitution?,संविधान प्रारम्भ हुँदाका बखत विद्यमान संविधान सभाको के भयो?,It was automatically converted into the Legislature-Parliament.,संविधान सभा स्वतः व्यवस्थापिका–संसदमा परिणत भयो।,Article 296(1) provides for the automatic conversion of the existing Constituent Assembly into the Legislature-Parliament.,Art. 296(1),Constitution of Nepal — Article 296,,,,,,
TP006,Transitional Provisions,Legislature-Parliament,Legislative Continuity,Medium,What happened to Bills under consideration in the Legislature-Parliament when the Constitution commenced?,संविधान प्रारम्भ हुँदा व्यवस्थापिका–संसदमा विचाराधीन विधेयकहरूको के भयो?,They were automatically transferred to the Legislature-Parliament formed under Article 296(1).,ती विधेयकहरू धारा २९६(१) बमोजिमको व्यवस्थापिका–संसदमा स्वतः हस्तान्तरण भए।,Article 296(2) ensures legislative continuity by transferring pending Bills to the transitional Legislature-Parliament.,Art. 296(2),Constitution of Nepal — Article 296,,,,,,
TP007,Transitional Provisions,Legislature-Parliament,Transitional Legislative Authority,Medium,"Until the election to the House of Representatives was held under the Constitution, what functions did the transitional Legislature-Parliament perform?",संविधानबमोजिम प्रतिनिधि सभाको निर्वाचन नभएसम्म संक्रमणकालीन व्यवस्थापिका–संसदले कुन कार्य सम्पादन गर्थ्यो?,It performed the business required to be performed by the Federal Parliament under the Constitution.,यसले संविधानबमोजिम संघीय संसदले गर्नुपर्ने कार्य सम्पादन गर्थ्यो।,Article 296(3) grants the transitional Legislature-Parliament the functions required to be performed by the Federal Parliament until the House of Representatives election.,Art. 296(3),Constitution of Nepal — Article 296,,,,,,
TP008,Transitional Provisions,Legislature-Parliament,State Legislative Powers,Hard,"Until a State Assembly was formed, who exercised the legislative power relating to matters listed in Schedule 6?",प्रदेश सभा गठन नभएसम्म अनुसूची–६ मा उल्लिखित विषयसम्बन्धी प्रदेशको विधायिकी अधिकार कसले प्रयोग गर्थ्यो?,The Legislature-Parliament exercised that legislative power.,व्यवस्थापिका–संसदले उक्त विधायिकी अधिकार प्रयोग गर्थ्यो।,Article 296(4) temporarily vested the State Assembly's legislative power over Schedule 6 matters in the Legislature-Parliament until the State Assembly was formed.,Art. 296(4),Constitution of Nepal — Article 296,,,,,,
TP009,Transitional Provisions,President and Vice-President,Continuity of Office,Easy,Until when did the President and Vice-President existing at the commencement of the Constitution continue to hold office?,संविधान प्रारम्भ हुँदाका बखत पदमा रहेका राष्ट्रपति र उपराष्ट्रपति कहिलेसम्म पदमा कायम रहने व्यवस्था थियो?,They continued to hold office until another President and Vice-President were elected in accordance with Article 297.,धारा २९७ बमोजिम अर्को राष्ट्रपति र उपराष्ट्रपति निर्वाचित नभएसम्म उनीहरू पदमा कायम रहने व्यवस्था थियो।,Article 297(1) ensured continuity of the offices of President and Vice-President during the transitional period.,Art. 297(1),Constitution of Nepal — Article 297,,,,,,
TP010,Transitional Provisions,President and Vice-President,Election Procedure,Medium,"If the Legislature-Parliament failed to reach a political understanding for electing the President and Vice-President, how were they to be elected?",राष्ट्रपति र उपराष्ट्रपति निर्वाचित गर्न व्यवस्थापिका–संसदमा राजनीतिक सहमति हुन नसकेमा उनीहरू कसरी निर्वाचित हुने थिए?,They were to be elected by a majority of all the then members of the Legislature-Parliament.,व्यवस्थापिका–संसदका तत्काल कायम रहेका सम्पूर्ण सदस्यको बहुमतबाट निर्वाचित हुने थिए।,Article 297(3) provides an alternative majority-based election mechanism when political understanding could not be reached.,Art. 297(3),Constitution of Nepal — Article 297,,,,,,
TP011,Transitional Provisions,President and Vice-President,Impeachment,Hard,What minimum proportion of the total number of then members of the Legislature-Parliament could move an impeachment motion against the transitional President or Vice-President for serious violation of the Constitution and law?,संविधान र कानूनको गम्भीर उल्लङ्घन गरेको आधारमा संक्रमणकालीन राष्ट्रपति वा उपराष्ट्रपतिविरुद्ध महाभियोग प्रस्ताव ल्याउन व्यवस्थापिका–संसदका तत्काल कायम रहेका कुल सदस्य संख्याको कम्तीमा कति भाग आवश्यक पर्थ्यो?,At least one-fourth of the total number of the then members of the Legislature-Parliament.,व्यवस्थापिका–संसदका तत्काल कायम रहेका कुल सदस्य संख्याको कम्तीमा एक चौथाइ।,Article 297(7) requires at least one-fourth of the then members to move an impeachment motion.,Art. 297(7),Constitution of Nepal — Article 297,,,,,,
TP012,Transitional Provisions,President and Vice-President,Impeachment Threshold,Hard,What majority was required for an impeachment motion against the transitional President or Vice-President to remove them from office?,संक्रमणकालीन राष्ट्रपति वा उपराष्ट्रपतिलाई पदबाट हटाउन महाभियोग प्रस्ताव पारित गर्न कस्तो बहुमत आवश्यक पर्थ्यो?,A two-thirds majority of the total number of the then members of the Legislature-Parliament was required.,व्यवस्थापिका–संसदका तत्काल कायम रहेका कुल सदस्य संख्याको दुई तिहाइ बहुमत आवश्यक पर्थ्यो।,Article 297(7) requires a two-thirds majority of the total number of the then members for removal through impeachment.,Art. 297(7),Constitution of Nepal — Article 297,,,,,,
TP013,Transitional Provisions,Council of Ministers,Continuity of Government,Direct Fact,What happened to the Council of Ministers existing at the commencement of the Constitution?,संविधान प्रारम्भ हुँदाका बखत विद्यमान मन्त्रिपरिषद्को के भयो?,It continued to exist until the Council of Ministers under Article 298(2) was formed.,धारा २९८(२) बमोजिमको मन्त्रिपरिषद् गठन नभएसम्म विद्यमान मन्त्रिपरिषद् कायम रह्यो।,Article 298(1) ensured continuity of the executive during the constitutional transition.,Art. 298(1),Constitution of Nepal — Article 298,,,,,,
TP014,Transitional Provisions,Council of Ministers,Prime Minister Election Timeline,Timeline,Within what period was the Prime Minister required to be elected after the commencement of the Constitution when the Legislature-Parliament was not in recess?,व्यवस्थापिका–संसद अधिवेशनमा नरहेको अवस्थामा संविधान प्रारम्भ भएपछि कति समयभित्र प्रधानमन्त्री निर्वाचित गर्नुपर्ने थियो?,The Prime Minister had to be elected no later than seven days after the commencement of the Constitution.,संविधान प्रारम्भ भएको सात दिनभित्र प्रधानमन्त्री निर्वाचित गर्नुपर्ने थियो।,Article 298(2) establishes a seven-day deadline when the Legislature-Parliament was not in recess.,Art. 298(2),Constitution of Nepal — Article 298,,,,,,
TP015,Transitional Provisions,Council of Ministers,Prime Minister Election,Majority Requirement,"If political understanding could not be reached for electing the Prime Minister, how was the Prime Minister elected?",प्रधानमन्त्री निर्वाचित गर्न राजनीतिक सहमति हुन नसकेमा प्रधानमन्त्री कसरी निर्वाचित हुने व्यवस्था थियो?,The Prime Minister was elected by a majority of all the then members of the Legislature-Parliament.,व्यवस्थापिका–संसदका तत्काल कायम रहेका सम्पूर्ण सदस्यको बहुमतबाट प्रधानमन्त्री निर्वाचित हुने व्यवस्था थियो।,Article 298(3) provides a majority-based alternative when political understanding fails.,Art. 298(3),Constitution of Nepal — Article 298,,,,,,
TP016,Transitional Provisions,Council of Ministers,Composition,Direct Fact,What minimum composition of the Council of Ministers was expressly provided under Article 298?,धारा २९८ बमोजिम गठन हुने मन्त्रिपरिषद्को न्यूनतम संरचनामा को–को रहने व्यवस्था थियो?,"It consisted of the Prime Minister, a Deputy Prime Minister, and other Ministers as required.","प्रधानमन्त्री, एक उपप्रधानमन्त्री तथा आवश्यकताअनुसार अन्य मन्त्रीहरू रहने व्यवस्था थियो।",Article 298(5) specifies the basic composition of the transitional Council of Ministers.,Art. 298(5),Constitution of Nepal — Article 298,,,,,,
TP017,Transitional Provisions,Council of Ministers,Ministerial Appointment,Appointment Authority,From whom did the Prime Minister appoint Ministers under the transitional arrangement?,संक्रमणकालीन व्यवस्थाअन्तर्गत प्रधानमन्त्रीले मन्त्रीहरू कसबाट नियुक्त गर्थे?,Ministers were appointed from among the members of the Legislature-Parliament on the recommendation of the concerned party.,सम्बन्धित दलको सिफारिसमा व्यवस्थापिका–संसदका सदस्यहरूमध्येबाट मन्त्री नियुक्त गरिन्थ्यो।,Article 298(6) links ministerial appointment to membership of the Legislature-Parliament and party recommendation.,Art. 298(6),Constitution of Nepal — Article 298,,,,,,
TP018,Transitional Provisions,Council of Ministers,Confidence and No-Confidence,Parliamentary Procedure,What minimum proportion of the then members of the Legislature-Parliament could table a written motion of no-confidence against the transitional Prime Minister?,संक्रमणकालीन प्रधानमन्त्रीविरुद्ध लिखित अविश्वास प्रस्ताव ल्याउन व्यवस्थापिका–संसदका तत्काल कायम रहेका सदस्य संख्याको कम्तीमा कति भाग आवश्यक पर्थ्यो?,At least one-fourth of the total number of the then members of the Legislature-Parliament.,व्यवस्थापिका–संसदका तत्काल कायम रहेका कुल सदस्य संख्याको कम्तीमा एक चौथाइ।,Article 298(13) establishes the minimum threshold for introducing a no-confidence motion.,Art. 298(13),Constitution of Nepal — Article 298,,,,,,
TP019,Transitional Provisions,Speaker and Deputy Speaker,Election Timeline,Timeline,Within what period were the Speaker and Deputy Speaker required to be elected after the commencement of the Constitution when the Legislature-Parliament was not in recess?,व्यवस्थापिका–संसद अधिवेशनमा नरहेको अवस्थामा संविधान प्रारम्भ भएपछि सभामुख र उपसभामुख कति समयभित्र निर्वाचित गर्नुपर्ने थियो?,They had to be elected no later than twenty days after the commencement of the Constitution.,संविधान प्रारम्भ भएको बीस दिनभित्र सभामुख र उपसभामुख निर्वाचित गर्नुपर्ने थियो।,Article 299(2) provides a twenty-day election deadline in this circumstance.,Art. 299(2),Constitution of Nepal — Article 299,,,,,,
TP020,Transitional Provisions,Speaker and Deputy Speaker,Political Representation,Inclusive Political Representation,What requirement applied to the political-party representation of the Speaker and Deputy Speaker elected under Article 299?,धारा २९९ बमोजिम निर्वाचित सभामुख र उपसभामुखको राजनीतिक दलसम्बन्धी प्रतिनिधित्वमा के व्यवस्था थियो?,They had to be members representing different political parties in the Legislature-Parliament.,उनीहरू व्यवस्थापिका–संसदमा प्रतिनिधित्व गर्ने फरक–फरक राजनीतिक दलका सदस्य हुनुपर्ने थियो।,Article 299(4) requires the Speaker and Deputy Speaker to represent different political parties.,Art. 299(4),Constitution of Nepal — Article 299,,,,,,
TP021,Transitional Provisions,Speaker and Deputy Speaker,Neutrality of Office,Conceptual,How were the Speaker and Deputy Speaker required to perform their functions under Article 299?,धारा २९९ बमोजिम सभामुख र उपसभामुखले आफ्नो कार्य कसरी सम्पादन गर्नुपर्ने थियो?,They had to perform their functions as neutral persons without standing for or against any political party.,कुनै पनि राजनीतिक दलको पक्ष वा विपक्षमा नउभिई तटस्थ व्यक्तिको रूपमा कार्य सम्पादन गर्नुपर्ने थियो।,Article 299(5) establishes the principle of neutrality in performing the functions of the Speaker and Deputy Speaker.,Art. 299(5),Constitution of Nepal — Article 299,,,,,,
TP022,Transitional Provisions,Speaker and Deputy Speaker,Removal from Office,Majority Requirement,What majority was required for a resolution declaring that the conduct of the Speaker or Deputy Speaker was incompatible with the office?,सभामुख वा उपसभामुखको आचरण निजको पदसँग अनुकूल नभएको घोषणा गर्ने प्रस्ताव पारित गर्न कस्तो बहुमत आवश्यक पर्थ्यो?,A majority of at least two-thirds of the total number of members of the Legislature-Parliament was required.,व्यवस्थापिका–संसदका कुल सदस्य संख्याको कम्तीमा दुई तिहाइ बहुमत आवश्यक पर्थ्यो।,Article 299(6)(c) provides a two-thirds threshold for this form of removal.,Art. 299(6)(c),Constitution of Nepal — Article 299,,,,,,
TP023,Transitional Provisions,Judiciary,Continuity of Courts,Institutional Transition,Which existing courts continued to exist until the judicial structure provided for in the Constitution was established?,संविधानमा व्यवस्था गरिएको न्यायपालिकाको संरचना स्थापना नभएसम्म कुन–कुन विद्यमान अदालतहरू कायम रहने व्यवस्था थियो?,"The Supreme Court, Constituent Assembly Court, Appellate Courts, and District Courts continued to exist.","सर्वोच्च अदालत, संविधान सभा अदालत, पुनरावेदन अदालत र जिल्ला अदालतहरू कायम रहने व्यवस्था थियो।",Article 300(1) ensures continuity of the existing judicial institutions during the transition.,Art. 300(1),Constitution of Nepal — Article 300,,,,,,
TP024,Transitional Provisions,Judiciary,Transition to High Courts,Case Transfer and Institutional Transition,What happened to cases pending in the Appellate Courts after the establishment of the High Courts?,उच्च अदालत स्थापना भएपछि पुनरावेदन अदालतमा विचाराधीन मुद्दाहरूको के हुने व्यवस्था थियो?,They were transferred to the High Courts specified by the Government of Nepal in consultation with the Judicial Council.,न्याय परिषद्सँग परामर्श गरी नेपाल सरकारले तोकेका उच्च अदालतहरूमा ती मुद्दाहरू हस्तान्तरण गरिने व्यवस्था थियो।,Article 300(4) provides for the transfer of pending Appellate Court cases to the newly established High Courts.,Art. 300(4),Constitution of Nepal — Article 300,,,,,,
TP029,Transitional Provisions,Constitutional Bodies,Factual,Easy,How are Constitutional Bodies existing at the commencement of the Constitution treated under Article 301?,संविधान प्रारम्भ हुँदा विद्यमान संवैधानिक निकायहरूलाई धारा ३०१ अन्तर्गत कसरी मानिन्छ?,They are deemed to have been formed under the Constitution.,संविधानअन्तर्गत गठन भएको मानिन्छ।,Article 301(1) provides continuity by recognizing existing Constitutional Bodies as bodies formed under the new Constitution.,Art. 301(1),Provisions relating to Constitutional Bodies and officials thereof,,,,,,
TP030,Transitional Provisions,Constitutional Bodies,Factual,Medium,What happens to matters under consideration by existing Constitutional Bodies when the Constitution commences?,संविधान प्रारम्भ हुँदा विद्यमान संवैधानिक निकायहरूमा विचाराधीन विषयहरूको के हुन्छ?,They may continue to be settled subject to the Constitution.,संविधानको अधीनमा रही तिनको निरूपण जारी रहन सक्छ।,"Article 301(1) preserves the ability of existing Constitutional Bodies to settle pending matters, subject to the Constitution.",Art. 301(1),Provisions relating to Constitutional Bodies and officials thereof,,,,,,
TP031,Transitional Provisions,Constitutional Bodies,Factual,Medium,How are chiefs and officials of Constitutional Bodies holding office at the commencement of the Constitution treated?,संविधान प्रारम्भ हुँदा पदमा रहेका संवैधानिक निकायका प्रमुख तथा पदाधिकारीहरूलाई कसरी मानिन्छ?,They are deemed to have been appointed under the Constitution.,संविधानअन्तर्गत नियुक्त भएको मानिन्छ।,Article 301(2) provides legal continuity for existing chiefs and officials.,Art. 301(2),Provisions relating to Constitutional Bodies and officials thereof,,,,,,
TP032,Transitional Provisions,Constitutional Bodies,Factual,Medium,Under what conditions may existing chiefs and officials of Constitutional Bodies continue in office?,विद्यमान संवैधानिक निकायका प्रमुख तथा पदाधिकारीहरू कुन शर्तमा पदमा कायम रहन सक्छन्?,They continue subject to the conditions of service applicable at the time of their appointment.,नियुक्तिको समयमा लागू रहेका सेवाका शर्तहरूको अधीनमा रही।,Article 301(2) preserves their existing service conditions during the transition.,Art. 301(2),Provisions relating to Constitutional Bodies and officials thereof,,,,,,
TP033,Transitional Provisions,Constitutional Bodies,Factual,Hard,What special provision applies to officials of the Commission for the Investigation of Abuse of Authority and the Public Service Commission who exceed the number specified in the Constitution?,संविधानमा तोकिएको संख्याभन्दा बढी रहेका अख्तियार दुरुपयोग अनुसन्धान आयोग र लोक सेवा आयोगका पदाधिकारीसम्बन्धी विशेष व्यवस्था के हो?,They may continue to hold office subject to the conditions of service applicable at the time of their appointment.,उनीहरू नियुक्तिको समयमा लागू रहेका सेवाका शर्तहरूको अधीनमा रही पदमा कायम रहन सक्छन्।,Article 301(3) protects the continuity of officials who exceed the newly specified constitutional number.,Art. 301(3),Provisions relating to Constitutional Bodies and officials thereof,,,,,,
TP034,Transitional Provisions,Government Services,Factual,Easy,Who is responsible for making necessary provisions for the delivery of services at the State and Local levels?,प्रदेश र स्थानीय तहमा सेवा प्रवाहका लागि आवश्यक व्यवस्था गर्ने जिम्मेवारी कसको हो?,The Government of Nepal.,नेपाल सरकारको।,Article 302(1) assigns the responsibility to the Government of Nepal.,Art. 302(1),Formation and operation of government services at State and Local levels,,,,,,
TP035,Transitional Provisions,Government Services,Factual,Medium,How may the Government of Nepal arrange for the delivery of services at the State and Local levels during the transition?,संक्रमणकालमा प्रदेश र स्थानीय तहमा सेवा प्रवाहको व्यवस्था नेपाल सरकारले कसरी गर्न सक्छ?,"By adjusting employees serving in government services at the commencement of the Constitution among the Federal, State and Local levels in accordance with law.","संविधान प्रारम्भ हुँदाका सरकारी सेवामा कार्यरत कर्मचारीहरूलाई कानूनबमोजिम संघ, प्रदेश र स्थानीय तहमा समायोजन गरेर।",Article 302(2) permits employee adjustment among the three levels of government to support service delivery.,Art. 302(2),Formation and operation of government services at State and Local levels,,,,,,
TP036,Transitional Provisions,Local Bodies,Factual,Easy,How long do the Local Bodies existing at the commencement of the Constitution continue to exist?,संविधान प्रारम्भ हुँदा विद्यमान स्थानीय निकायहरू कति समयसम्म कायम रहन्छन्?,Until the number and areas of the Local level are determined in accordance with the Constitution.,संविधानबमोजिम स्थानीय तहको संख्या र क्षेत्र निर्धारण नभएसम्म।,Article 303(1) ensures continuity of existing Local Bodies during the transition to the constitutional Local level structure.,Art. 303(1),Provisions relating to Local Bodies,,,,,,
TP037,Transitional Provisions,Local Bodies,Factual,Easy,How are elections to officials of the existing Local Bodies conducted during the transitional period?,संक्रमणकालमा विद्यमान स्थानीय निकायका पदाधिकारीहरूको निर्वाचन कसरी गरिन्छ?,In accordance with law.,कानूनबमोजिम।,Article 303(2) provides that elections to officials of existing Local Bodies shall be held according to law.,Art. 303(2),Provisions relating to Local Bodies,,,,,,
TP038,Transitional Provisions,Local Bodies,Factual,Medium,Until when do officials elected to the existing Local Bodies continue to hold office?,विद्यमान स्थानीय निकायमा निर्वाचित पदाधिकारीहरू कहिलेसम्म पदमा कायम रहन्छन्?,Until elections to the Local level are held in accordance with the Constitution.,संविधानबमोजिम स्थानीय तहको निर्वाचन नभएसम्म।,Article 303(3) provides continuity for elected local officials until the new Local level elections take place.,Art. 303(3),Provisions relating to Local Bodies,,,,,,
TP039,Transitional Provisions,Existing Laws,Factual,Easy,What is the general rule regarding Nepalese laws in force when the Constitution commences?,संविधान प्रारम्भ हुँदा प्रचलित नेपालका कानूनहरूबारे सामान्य व्यवस्था के हो?,They continue to remain in force until repealed or amended.,खारेज वा संशोधन नभएसम्म ती कानूनहरू कायम रहन्छन्।,Article 304(1) preserves existing laws to avoid a legal vacuum during constitutional transition.,Art. 304(1),Existing laws to remain in force,,,,,,
TP040,Transitional Provisions,Existing Laws,Factual,Medium,What happens to an existing law that is inconsistent with the Constitution after the specified transitional period?,संविधानसँग बाझिएको विद्यमान कानूनको तोकिएको संक्रमणकालीन अवधिपछि के हुन्छ?,It becomes invalid to the extent of its inconsistency.,"जति हदसम्म संविधानसँग बाझिन्छ, त्यति हदसम्म अमान्य हुन्छ।",Article 304(1) establishes constitutional supremacy over inconsistent existing laws.,Art. 304(1),Existing laws to remain in force,,,,,,
TP041,Transitional Provisions,Existing Laws,Factual,Hard,After what event and period does the inconsistency rule for existing laws take effect under Article 304(1)?,धारा ३०४(१) अन्तर्गत विद्यमान कानूनको असंगतिसम्बन्धी व्यवस्था कुन घटना र अवधिपछि लागू हुन्छ?,"After one year from the date on which the first session of the Federal Parliament is held, an inconsistent law becomes invalid to the extent of its inconsistency.","संघीय संसद्को पहिलो अधिवेशन बसेको मितिले एक वर्षपछि संविधानसँग बाझिएको कानून जति हदसम्म बाझिन्छ, त्यति हदसम्म अमान्य हुन्छ।",The Constitution provides a transitional period before inconsistent pre-existing laws automatically become invalid to the extent of inconsistency.,Art. 304(1),Existing laws to remain in force,,,,,,
TP042,Transitional Provisions,Peace Process,Factual,Medium,"How are Acts relating to the peace process under the Interim Constitution of Nepal, 2007 treated under the Constitution?","नेपालको अन्तरिम संविधान, २०६३ अन्तर्गत शान्ति प्रक्रियासम्बन्धी कार्यहरूलाई संविधानअन्तर्गत कसरी मानिन्छ?",They are deemed to have been done under the Constitution.,संविधानअन्तर्गत गरिएको मानिन्छ।,Article 304(2) provides continuity and legal recognition for peace-process-related acts carried out under the Interim Constitution.,Art. 304(2),Existing laws to remain in force,,,,,,
TP043,Transitional Provisions,Removal of Difficulties,Factual,Hard,Who may issue necessary orders to remove difficulties in implementing the Constitution before the first session of the Federal Parliament?,संघीय संसद्को पहिलो अधिवेशनअघि संविधान कार्यान्वयनमा उत्पन्न कठिनाइ हटाउन आवश्यक आदेश कसले जारी गर्न सक्छ?,"The President, on the recommendation of the Government of Nepal, Council of Ministers.","नेपाल सरकार, मन्त्रिपरिषद्को सिफारिसमा राष्ट्रपतिले।","Article 305 grants this transitional power to the President, subject to a recommendation from the Council of Ministers.",Art. 305,Power to remove difficulties,,,,,,
TP044,Transitional Provisions,Removal of Difficulties,Application / Procedure,Hard,What must happen to an order issued to remove difficulties under Article 305?,धारा ३०५ अन्तर्गत कठिनाइ हटाउन जारी गरिएको आदेशको के गर्नुपर्छ?,It must be submitted for approval to the Legislature-Parliament or Federal Parliament that is held immediately after the order is issued.,आदेश जारी भएपछि तुरुन्त बस्ने व्यवस्थापिका–संसद् वा संघीय संसद्समक्ष अनुमोदनका लागि पेश गर्नुपर्छ।,The power to remove difficulties is temporary and subject to legislative oversight through subsequent approval.,Art. 305,Power to remove difficulties,,,,,,
DF001,Definitions and Interpretations,Minorities,Definition,Medium,"Under Article 306, which groups are considered “minorities”?",धारा ३०६ अन्तर्गत “अल्पसंख्यक” भन्नाले कुन समूहलाई जनाउँछ?,"Minorities are ethnic, linguistic, and religious groups whose population is below the percentage specified by Federal law, including groups with distinct ethnic, religious, or linguistic characteristics and aspirations to protect them that have been subjected to discrimination and oppression.","संघीय कानूनले तोकेको प्रतिशतभन्दा कम जनसंख्या भएका जातीय, भाषिक र धार्मिक समूहहरू, साथै आफ्ना विशिष्ट जातीय, धार्मिक वा भाषिक विशेषता संरक्षण गर्ने आकांक्षा भएका र विभेद तथा उत्पीडनमा परेका समूहहरूलाई अल्पसंख्यक भनिन्छ।",The definition includes both population-based criteria and groups with distinct characteristics that have faced discrimination or oppression.,Art. 306(1)(a),Definitions and interpretations,,,,,,
DF002,Definitions and Interpretations,Law,Definition,Easy,What does the term “law” mean under Article 306 of the Constitution?,संविधानको धारा ३०६ अन्तर्गत “कानून” भन्नाले के बुझिन्छ?,"“Law” means Federal law, State law, and Local law.","“कानून” भन्नाले संघीय कानून, प्रदेश कानून र स्थानीय कानून बुझिन्छ।",The constitutional definition recognizes laws made at all three levels of the federal structure.,Art. 306(1)(b),Definitions and interpretations,,,,,,
DF003,Definitions and Interpretations,Article,Definition,Easy,What does the term “Article” refer to under Article 306?,धारा ३०६ अन्तर्गत “धारा” भन्नाले के जनाउँछ?,It means an Article of the Constitution.,संविधानको कुनै धारा।,The term “Article” is specifically defined as a provision of the Constitution itself.,Art. 306(1)(c),Definitions and interpretations,,,,,,
DF004,Definitions and Interpretations,Municipality,Definition,Easy,What entities are included within the constitutional definition of “Municipality”?,संवैधानिक रूपमा “नगरपालिका” को परिभाषाभित्र कुन निकायहरू पर्छन्?,A Municipality includes a Municipal Corporation and a Sub-municipal Corporation.,नगरपालिका भन्नाले महानगरपालिका र उपमहानगरपालिका समेत जनाउँछ।,The definition gives “Municipality” a broader meaning by expressly including Municipal Corporations and Sub-municipal Corporations.,Art. 306(1)(d),Definitions and interpretations,,,,,,
DF005,Definitions and Interpretations,Citizen,Definition,Easy,Who is considered a “citizen” under Article 306?,धारा ३०६ अन्तर्गत “नागरिक” भन्नाले कसलाई जनाउँछ?,A citizen means a citizen of Nepal.,“नागरिक” भन्नाले नेपालको नागरिकलाई जनाउँछ।,The constitutional definition limits the term to a citizen of Nepal.,Art. 306(1)(e),Definitions and interpretations,,,,,,
DF006,Definitions and Interpretations,State,Definition,Medium,How does Article 306 define the term “State”?,धारा ३०६ ले “प्रदेश” शब्दलाई कसरी परिभाषित गरेको छ?,“State” means the area and form of a federal unit of Nepal divided into federal units in accordance with the Constitution.,“प्रदेश” भन्नाले संविधानबमोजिम संघीय इकाइहरूमा विभाजित नेपालको संघीय इकाइको क्षेत्र र स्वरूपलाई जनाउँछ।,The definition describes a State as a federal unit formed through the constitutional federal structure.,Art. 306(1)(f),Definitions and interpretations,,,,,,
DF007,Definitions and Interpretations,Remuneration,Definition,Medium,What does “remuneration” include under Article 306?,धारा ३०६ अन्तर्गत “पारिश्रमिक” मा के–के समावेश हुन्छ?,"It includes salary, allowance, pension, and any other form of emolument and facility.","यसमा तलब, भत्ता, निवृत्तिभरण तथा अन्य कुनै पनि प्रकारको पारिश्रमिक र सुविधा समावेश हुन्छ।",The definition is broad and covers both direct monetary compensation and other benefits or facilities.,Art. 306(1)(g),Definitions and interpretations,,,,,,
DF008,Definitions and Interpretations,State Power,Definition,Medium,What powers are included within the meaning of “state power”?,“राज्य शक्ति” भन्नाले कुन–कुन शक्ति समावेश भएको बुझिन्छ?,"State power includes executive, legislative, and judicial powers of the State, as well as residual power.","राज्य शक्तिमा प्रदेशको कार्यपालिका, व्यवस्थापिका र न्यायपालिकासम्बन्धी शक्ति तथा अवशिष्ट शक्ति समावेश हुन्छ।",The definition expressly includes the three traditional branches of State power and residual power.,Art. 306(1)(h),Definitions and interpretations,,,,,,
DF009,Definitions and Interpretations,Bill,Definition,Easy,What does the term “Bill” mean under Article 306?,धारा ३०६ अन्तर्गत “विधेयक” भन्नाले के बुझिन्छ?,It means a draft of an amendment to the Constitution or of an Act introduced in the Federal Parliament or a State Assembly.,संघीय संसद् वा प्रदेश सभामा पेश गरिएको संविधान संशोधन वा ऐनको मस्यौदालाई विधेयक भनिन्छ।,The definition covers both constitutional amendment bills and ordinary legislative bills introduced at the Federal or State level.,Art. 306(1)(i),Definitions and interpretations,,,,,,
DF010,Definitions and Interpretations,Federation and Federal Units,Definition,Medium,What is meant by “Federation” and “Federal Units” under Article 306?,धारा ३०६ अन्तर्गत “संघ” र “संघीय इकाइ” भन्नाले के बुझिन्छ?,"“Federation” means the federal level, which is the apex unit of the federal structure. “Federal Units” means the Federation, State, and Local levels.","“संघ” भन्नाले संघीय संरचनाको सर्वोच्च इकाइ अर्थात् संघीय तह बुझिन्छ। “संघीय इकाइ” भन्नाले संघ, प्रदेश र स्थानीय तह बुझिन्छ।",The Constitution distinguishes the Federation as the highest level from the broader category of all three federal units.,Art. 306(1)(j)–(k),Definitions and interpretations,,,,,,
DF011,Definitions and Interpretations,Constitutional Bodies,Definition,Hard,Which institutions are included within the definition of “Constitutional Bodies” under Article 306?,धारा ३०६ अन्तर्गत “संवैधानिक निकाय” को परिभाषाभित्र कुन–कुन निकायहरू पर्छन्?,"They include the Commission for the Investigation of Abuse of Authority, Auditor General, Public Service Commission, Election Commission, National Human Rights Commission, National Natural Resources and Fiscal Commission, National Women Commission, National Dalit Commission, National Inclusion Commission, Indigenous Nationalities Commission, Madhesi Commission, Tharu Commission, and Muslim Commission.","अख्तियार दुरुपयोग अनुसन्धान आयोग, महालेखा परीक्षक, लोक सेवा आयोग, निर्वाचन आयोग, राष्ट्रिय मानव अधिकार आयोग, राष्ट्रिय प्राकृतिक स्रोत तथा वित्त आयोग, राष्ट्रिय महिला आयोग, राष्ट्रिय दलित आयोग, राष्ट्रिय समावेशी आयोग, आदिवासी जनजाति आयोग, मधेसी आयोग, थारू आयोग र मुस्लिम आयोग संवैधानिक निकायमा पर्छन्।",Article 306 provides an enumerated definition of Constitutional Bodies by listing the institutions included within the term.,Art. 306(1)(l),Definitions and interpretations,,,,,,
DF012,Definitions and Interpretations,Marginalized Communities,Definition,Hard,Who are considered “marginalized” communities under Article 306?,धारा ३०६ अन्तर्गत “सीमान्तीकृत” समुदाय भन्नाले कुन समुदायलाई जनाउँछ?,"They are communities made politically, economically, and socially backward; unable to enjoy services and facilities because of discrimination, oppression, or geographical remoteness; or deprived of them; and having a status below the human development standards specified by Federal law. The definition also includes highly marginalized groups and groups on the verge of extinction.","राजनीतिक, आर्थिक र सामाजिक रूपमा पछाडि पारिएका; विभेद, उत्पीडन वा भौगोलिक विकटताका कारण सेवा तथा सुविधाको उपभोग गर्न नसकेका वा त्यस्ता सेवाबाट वञ्चित भएका; तथा संघीय कानूनमा उल्लिखित मानव विकासको मापदण्डभन्दा न्यून अवस्थामा रहेका समुदायलाई सीमान्तीकृत समुदाय भनिन्छ। यसमा अति सीमान्तीकृत र लोपोन्मुख समूहहरू समेत पर्छन्।","The definition combines social, economic, political, geographical, and human-development factors and expressly includes highly marginalized and endangered groups.",Art. 306(1)(m),Definitions and interpretations,,,,,,
DF013,Definitions and Interpretations,Local Level,Definition,Easy,What entities are included within the term “Local level” under Article 306?,धारा ३०६ अन्तर्गत “स्थानीय तह” भन्नाले कुन निकायहरूलाई जनाउँछ?,"It means Village Bodies, Municipalities, and District Assemblies established in accordance with the Constitution.","संविधानबमोजिम स्थापना हुने गाउँ निकाय, नगरपालिका र जिल्ला सभालाई स्थानीय तह भनिन्छ।",The constitutional definition identifies the entities comprising the Local level.,Art. 306(1)(n),Definitions and interpretations,,,,,,
DF014,Definitions and Interpretations,Constitutional Interpretation,Legal Interpretation,Medium,How are legal provisions relating to the interpretation of laws applied when interpreting the Constitution?,संविधानको व्याख्या गर्दा कानूनको व्याख्यासम्बन्धी कानूनी व्यवस्थाहरू कसरी लागू हुन्छन्?,"Subject to the provisions of the Constitution, the legal provisions relating to the interpretation of laws apply to the interpretation of the Constitution in the same manner as they apply to the interpretation of Nepalese laws.",संविधानका प्रावधानहरूको अधीनमा रही कानूनको व्याख्यासम्बन्धी कानूनी व्यवस्था नेपालको कानूनको व्याख्या गर्दा लागू हुने समान तरिकाले संविधानको व्याख्यामा लागू हुन्छ।,Article 306(2) establishes the general interpretive rule while making the Constitution itself the controlling framework.,Art. 306(2),Definitions and interpretations,,,,,,
DF015,"Short Title, Commencement and Repeal",Commencement and Repeal,Factual / Comparison,Easy,"What is the short title of the Constitution, when did it commence, and which previous Constitution did it repeal?","संविधानको छोटो नाम के हो, यो कहिले प्रारम्भ भयो र यसले कुन अघिल्लो संविधान खारेज गर्‍यो?","It may be cited as the “Constitution of Nepal”; it commenced on 20 September 2015 (3 Ashwin 2072 Bikram Sambat); and it repealed the Interim Constitution of Nepal, 2007 (2063).","यसको छोटो नाम “नेपालको संविधान” हो; यो २० सेप्टेम्बर २०१५ (वि.सं. २०७२ असोज ३ गते) प्रारम्भ भयो; र यसले नेपालको अन्तरिम संविधान, २०६३ खारेज गर्‍यो।","Articles 307 and 308 establish the Constitution’s official short title, commencement date, and repeal of the Interim Constitution.",Arts. 307–308,"Short title, commencement and repeal",,,,,,
,,,,,,,,,,,,,,,,,
RI001,Constitution & Law,Act Commencement,Fact Retrieval,Easy,What is the short title of the Act?,यस ऐनको छोटो नाम के हो?,"Right to Information Act, 2064 B.S. (2007 A.D.).","सूचनाको हक सम्बन्धी ऐन, २०६४ (सन् २००७)।",Section 1(1) specifies the short title of the Act.,Art. 1(1),"Right to Information Act, 2064 (2007)",,,,,,
RI002,Constitution & Law,Act Commencement,Fact Retrieval,Easy,"On what day after certification does the Right to Information Act, 2064 come into force?","सूचनाको हक सम्बन्धी ऐन, २०६४ प्रमाणीकरण भएको कति दिनपछि लागू हुन्छ?",The 30th day after certification.,प्रमाणीकरण भएको ३०औँ दिन।,Section 1(2) provides that the Act comes into force from the thirtieth day of certification.,Art. 1(2),"Right to Information Act, 2064 (2007)",,,,,,
RI003,Constitution & Law,Public Body,Definition,Easy,"Under the Act, what is meant by a “Public Body”?",ऐनअनुसार “सार्वजनिक निकाय” भन्नाले के बुझिन्छ?,Any body or institution included in the categories listed in Section 2(a).,दफा २(क) मा उल्लिखित वर्गमा पर्ने कुनै निकाय वा संस्था।,Section 2(a) defines “Public Body” through a list of specified bodies and institutions.,Art. 2(a),"Right to Information Act, 2064 (2007)",,,,,,
RI004,Constitution & Law,Public Body,Entity Identification,Easy,Which type of body is included as a Public Body because it is established under the Constitution?,संविधानअन्तर्गत स्थापित कुन प्रकारको निकाय सार्वजनिक निकायमा पर्छ?,A body under the Constitution.,संविधानअन्तर्गतको निकाय।,Section 2(a)(1) includes a body under the Constitution within the definition of Public Body.,Art. 2(a)(1),"Right to Information Act, 2064 (2007)",,,,,,
RI005,Constitution & Law,Public Body,Entity Identification,Easy,Is a body established by an Act included within the definition of a Public Body?,ऐनद्वारा स्थापित निकाय सार्वजनिक निकायको परिभाषाभित्र पर्छ कि पर्दैन?,Yes.,पर्छ।,Section 2(a)(2) expressly includes a body established by an Act.,Art. 2(a)(2),"Right to Information Act, 2064 (2007)",,,,,,
RI006,Constitution & Law,Public Body,Fact Retrieval,Easy,What type of body formed by the Government of Nepal is included as a Public Body?,नेपाल सरकारद्वारा गठन गरिएको कुन प्रकारको निकाय सार्वजनिक निकायमा पर्छ?,A body formed by the Government of Nepal.,नेपाल सरकारद्वारा गठन गरिएको निकाय।,Section 2(a)(3) includes a body formed by the Government of Nepal.,Art. 2(a)(3),"Right to Information Act, 2064 (2007)",,,,,,
RI007,Constitution & Law,Public Body,Comparison,Medium,"What is the distinction between the first three categories of Public Body under Section 2(a): a body under the Constitution, a body established by an Act, and a body formed by the Government of Nepal?",दफा २(क) अन्तर्गत सार्वजनिक निकायका पहिलो तीन वर्गबीच के भिन्नता छ?,"They are respectively a body under the Constitution, a body established by an Act, and a body formed by the Government of Nepal.","ती क्रमशः संविधानअन्तर्गतको निकाय, ऐनद्वारा स्थापित निकाय र नेपाल सरकारद्वारा गठन गरिएको निकाय हुन्।","Section 2(a)(1)–(3) separately identifies these three categories based on their constitutional, statutory, or governmental basis.",Art. 2(a)(1)–(3),"Right to Information Act, 2064 (2007)",,,,,,
RI008,Constitution & Law,Public Body,Fact Retrieval,Medium,Does the definition of Public Body include an institution or foundation established by law for public service?,सार्वजनिक सेवाका लागि कानूनद्वारा स्थापित संस्था वा प्रतिष्ठान सार्वजनिक निकायको परिभाषामा पर्छ?,Yes.,पर्छ।,Section 2(a)(4) includes an institution or foundation established by law for public service.,Art. 2(a)(4),"Right to Information Act, 2064 (2007)",,,,,,
RI009,Constitution & Law,Public Body,Entity Identification,Medium,Which political organizations are included within the definition of a Public Body under the Act?,ऐनअनुसार कुन राजनीतिक संगठनहरू सार्वजनिक निकायको परिभाषाभित्र पर्छन्?,Political parties or organizations registered under the relevant law.,सम्बन्धित कानूनअन्तर्गत दर्ता भएका राजनीतिक दल वा संगठनहरू।,Section 2(a)(5) includes political parties or organizations registered under the applicable law.,Art. 2(a)(5),"Right to Information Act, 2064 (2007)",,,,,,
RI010,Constitution & Law,Public Body,Multi-hop Factual,Medium,Under what ownership or control conditions is a body corporate included as a Public Body?,कुन स्वामित्व वा नियन्त्रणको अवस्थामा कुनै निकायगत संस्था सार्वजनिक निकायमा पर्छ?,"When it is wholly or partly owned by, or under the control of, the Government of Nepal or a body receiving grants from the Government of Nepal.","नेपाल सरकारको पूर्ण वा आंशिक स्वामित्वमा वा नियन्त्रणमा रहेको, वा नेपाल सरकारबाट अनुदान प्राप्त गर्ने त्यस्तो निकायको स्वामित्व वा नियन्त्रणमा रहेको अवस्थामा।",Section 2(a)(6) covers bodies corporate under specified ownership or control conditions and bodies receiving government grants.,Art. 2(a)(6),"Right to Information Act, 2064 (2007)",,,,,,
RI011,Constitution & Law,Public Body,Multi-hop Factual,Hard,"Can a body corporate formed by another body established by the Government of Nepal or by law be considered a Public Body, and what additional condition is specified?",नेपाल सरकार वा कानूनद्वारा स्थापित निकायले सम्झौता गरी गठन गरेको निकायगत संस्था सार्वजनिक निकाय मानिन सक्छ?,"Yes, when it is formed by such a body upon entering into an agreement.","सक्छ, त्यस्तो निकायले सम्झौता गरी गठन गरेको अवस्थामा।",Section 2(a)(7) includes a body corporate formed by a body established by the Government of Nepal or by law upon entering into an agreement.,Art. 2(a)(7),"Right to Information Act, 2064 (2007)",,,,,,
RI012,Constitution & Law,Public Body,Fact Retrieval,Medium,What type of non-governmental organization or institution is included as a Public Body?,कस्तो गैरसरकारी संस्था वा संगठन सार्वजनिक निकायमा पर्छ?,"One operated with money obtained directly or indirectly from the Government of Nepal, a foreign government, or an international organization or institution.","नेपाल सरकार, विदेशी सरकार वा अन्तर्राष्ट्रिय संगठन वा संस्थाबाट प्रत्यक्ष वा अप्रत्यक्ष रूपमा प्राप्त रकमबाट सञ्चालित संस्था वा संगठन।",Section 2(a)(8) includes such non-governmental organizations or institutions.,Art. 2(a)(8),"Right to Information Act, 2064 (2007)",,,,,,
RI013,Constitution & Law,Public Body,Comparison,Hard,What is the key difference between the Public Body categories concerning a body corporate under government ownership or control and a non-governmental organization receiving funds?,सरकारी स्वामित्व वा नियन्त्रणमा रहेको निकायगत संस्था र रकम प्राप्त गर्ने गैरसरकारी संस्थाबीच सार्वजनिक निकायको परिभाषामा मुख्य भिन्नता के हो?,"The former is included based on specified ownership or control, while the latter is included based on operation using money obtained from specified governments or international organizations or institutions.",पहिलो वर्ग निर्दिष्ट स्वामित्व वा नियन्त्रणका आधारमा समावेश हुन्छ भने दोस्रो वर्ग निर्दिष्ट सरकार वा अन्तर्राष्ट्रिय संगठन वा संस्थाबाट प्राप्त रकमबाट सञ्चालित भएको आधारमा समावेश हुन्छ।,Sections 2(a)(6) and 2(a)(8) establish different bases for inclusion as a Public Body.,"Art. 2(a)(6), Art. 2(a)(8)","Right to Information Act, 2064 (2007)",,,,,,
RI014,Constitution & Law,Public Body,Constitutional Provision,Medium,How may the Government of Nepal designate an additional body or institution as a Public Body beyond the categories expressly listed in Section 2(a)?,दफा २(क) मा स्पष्ट रूपमा उल्लिखित वर्गबाहेक नेपाल सरकारले थप कुनै निकाय वा संस्थालाई कसरी सार्वजनिक निकाय तोक्न सक्छ?,By publishing a notice in the Gazette.,राजपत्रमा सूचना प्रकाशित गरेर।,Section 2(a)(9) allows the Government of Nepal to prescribe another body or institution as a Public Body by publishing a notice in the Gazette.,Art. 2(a)(9),"Right to Information Act, 2064 (2007)",,,,,,
RI015,Constitution & Law,Public Body,Multi-hop Factual,Hard,A body does not fall within any of the first eight listed categories of Public Body. Under what condition can it still be treated as a Public Body under the Act?,कुनै निकाय सार्वजनिक निकायका पहिलो आठ वर्गमध्ये कुनैमा पर्दैन भने कुन अवस्थामा त्यसलाई ऐनअनुसार सार्वजनिक निकाय मान्न सकिन्छ?,If the Government of Nepal prescribes it as a Public Body by publishing a notice in the Gazette.,नेपाल सरकारले राजपत्रमा सूचना प्रकाशित गरी त्यसलाई सार्वजनिक निकायका रूपमा तोकेमा।,Section 2(a)(9) creates an additional category allowing the Government of Nepal to designate another body or institution as a Public Body through a Gazette notice.,Art. 2(a)(9),"Right to Information Act, 2064 (2007)",,,,,,
RI016,Constitution & Law,Information,Definition,Easy,"Under the Act, what does “Information” mean?",ऐनअनुसार “सूचना” भन्नाले के बुझिन्छ?,"Any written document, material, or information related to the functions, proceedings, or decisions of public importance made by a Public Body.","सार्वजनिक निकायका कार्य, कार्यवाही वा सार्वजनिक महत्वका निर्णयसँग सम्बन्धित कुनै लिखित दस्तावेज, सामग्री वा सूचना।","Section 2(b) defines information by reference to materials related to the functions, proceedings, or decisions of public importance of a Public Body.",Art. 2(b),"Right to Information Act, 2064 (2007)",,,,,,
RI017,Constitution & Law,Public Importance,Definition,Easy,What does “Public Importance” mean under the Act?,ऐनअनुसार “सार्वजनिक महत्व” भन्नाले के बुझिन्छ?,A subject directly or indirectly related to the interest of citizens.,नागरिकको हितसँग प्रत्यक्ष वा अप्रत्यक्ष रूपमा सम्बन्धित विषय।,Section 2(c) defines Public Importance in terms of a subject related directly or indirectly to citizens’ interests.,Art. 2(c),"Right to Information Act, 2064 (2007)",,,,,,
RI018,Constitution & Law,Document,Definition,Easy,What types of materials are included within the definition of a “Document”?,“दस्तावेज” को परिभाषाभित्र कस्ता सामग्रीहरू समावेश हुन्छन्?,"Any kind of written document, including audiovisual material collected and updated through mechanical means or material that can be printed or retrieved.",जुनसुकै प्रकारको लिखित दस्तावेज तथा यान्त्रिक माध्यमबाट संकलन र अद्यावधिक गरिएको वा छाप्न वा पुनःप्राप्त गर्न सकिने श्रव्यदृश्य सामग्री।,Section 2(d) gives the definition of Document and extends it to specified audiovisual and mechanically stored or retrievable materials.,Art. 2(d),"Right to Information Act, 2064 (2007)",,,,,,
RI019,Constitution & Law,Information and Documents,Comparison,Medium,How does the Act distinguish “Information” from a “Document”?,ऐनले “सूचना” र “दस्तावेज” बीच कसरी भिन्नता गर्छ?,"Information concerns material related to the functions, proceedings, or decisions of public importance of a Public Body, while a Document refers to written or specified audiovisual or mechanically stored or retrievable material.","सूचना सार्वजनिक निकायका कार्य, कार्यवाही वा सार्वजनिक महत्वका निर्णयसँग सम्बन्धित सामग्री हो भने दस्तावेज लिखित वा निर्दिष्ट श्रव्यदृश्य वा यान्त्रिक रूपमा संकलित, छाप्न वा पुनःप्राप्त गर्न सकिने सामग्री हो।",Sections 2(b) and 2(d) define the two terms using different criteria: subject matter for Information and form or medium for Document.,"Art. 2(b), Art. 2(d)","Right to Information Act, 2064 (2007)",,,,,,
RI020,Constitution & Law,Right to Information,Definition,Medium,What is the basic right included within the definition of “Right to Information”?,“सूचनाको हक” को परिभाषामा समावेश मूलभूत हक के हो?,The right to ask for and obtain information of public importance held by Public Bodies.,सार्वजनिक निकायमा रहेको सार्वजनिक महत्वको सूचना माग्ने र प्राप्त गर्ने हक।,Section 2(e) defines the Right to Information as the right to request and obtain information of public importance held by Public Bodies.,Art. 2(e),"Right to Information Act, 2064 (2007)",,,,,,
RI021,Constitution & Law,Right to Information,Fact Retrieval,Medium,"Besides asking for and obtaining information, what right concerning written documents or materials held by a Public Body is included in the Right to Information?",सूचना माग्ने र प्राप्त गर्ने अधिकारबाहेक सार्वजनिक निकायमा रहेका लिखित दस्तावेज वा सामग्रीसम्बन्धी कुन अधिकार सूचनाको हकमा समावेश हुन्छ?,The right to study or observe them.,तिनको अध्ययन वा अवलोकन गर्ने हक।,Section 2(e) includes the right to study or observe written documents and materials held by a Public Body.,Art. 2(e),"Right to Information Act, 2064 (2007)",,,,,,
RI022,Constitution & Law,Right to Information,Fact Retrieval,Medium,What may a person obtain regarding a document under the Right to Information?,सूचनाको हकअन्तर्गत कुनै दस्तावेजका सम्बन्धमा के प्राप्त गर्न सकिन्छ?,A verified copy of the document.,प्रमाणित प्रतिलिपि।,Section 2(e) includes the right to obtain a verified copy of a document.,Art. 2(e),"Right to Information Act, 2064 (2007)",,,,,,
RI023,Constitution & Law,Right to Information,Fact Retrieval,Medium,What access does the Right to Information provide concerning a place where construction of public importance is taking place?,सार्वजनिक महत्वको निर्माण कार्य भइरहेको स्थानका सम्बन्धमा सूचनाको हकले कस्तो पहुँच प्रदान गर्छ?,The right to visit or observe the place.,त्यस्तो स्थानमा भ्रमण वा अवलोकन गर्ने हक।,Section 2(e) expressly includes the right to visit or observe a place where construction of public importance is going on.,Art. 2(e),"Right to Information Act, 2064 (2007)",,,,,,
RI024,Constitution & Law,Right to Information,Fact Retrieval,Medium,What may be obtained as evidence or information about materials used in construction of public importance under the Right to Information?,सार्वजनिक महत्वको निर्माणमा प्रयोग भएका सामग्रीका सम्बन्धमा सूचनाको हकअन्तर्गत के प्राप्त गर्न सकिन्छ?,A verified sample of the material.,सामग्रीको प्रमाणित नमुना।,Section 2(e) includes the right to obtain a verified sample of any material.,Art. 2(e),"Right to Information Act, 2064 (2007)",,,,,,
RI025,Constitution & Law,Right to Information,Multi-hop Factual,Hard,What additional access does the Right to Information provide to information held in any type of machine?,कुनै पनि प्रकारको यन्त्रमा रहेको सूचनाका सम्बन्धमा सूचनाको हकले कस्तो पहुँच प्रदान गर्छ?,The right to obtain the information through that machine.,त्यस्तो यन्त्रमार्फत सूचना प्राप्त गर्ने हक।,Section 2(e) includes the right to obtain information held in any type of machine through such machine.,Art. 2(e),"Right to Information Act, 2064 (2007)",,,,,,
RI026,Constitution & Law,Right to Information,Multi-hop Factual,Hard,"Which of the following forms of access are expressly included in the statutory definition of the Right to Information: studying or observing documents, obtaining a verified copy, observing public-interest construction, obtaining a verified material sample, or obtaining machine-held information through the machine?","निम्नमध्ये कुन-कुन पहुँचका स्वरूपहरू सूचनाको हकको वैधानिक परिभाषामा स्पष्ट रूपमा समावेश छन्: दस्तावेज अध्ययन वा अवलोकन गर्नु, प्रमाणित प्रतिलिपि प्राप्त गर्नु, सार्वजनिक महत्वको निर्माण अवलोकन गर्नु, प्रमाणित सामग्रीको नमुना प्राप्त गर्नु, वा यन्त्रमा रहेको सूचना सोही यन्त्रमार्फत प्राप्त गर्नु?",All of them.,यी सबै।,Section 2(e) expressly includes each of the listed forms of access within the definition of the Right to Information.,Art. 2(e),"Right to Information Act, 2064 (2007)",,,,,,
RI027,Constitution & Law,Information Authority,Definition,Easy,Who is an “Information Authority” under the Act?,ऐनअनुसार “सूचना अधिकारी” को हो?,A person appointed pursuant to Section 6.,दफा ६ बमोजिम नियुक्त व्यक्ति।,Section 2(f) defines Information Authority by reference to appointment under Section 6.,Art. 2(f),"Right to Information Act, 2064 (2007)",,,,,,
RI028,Constitution & Law,Institutional Roles,Definition,Easy,Who is referred to as the “Chief” under the Act?,ऐनअनुसार “प्रमुख” भन्नाले कसलाई जनाउँछ?,The Chief of a Public Body.,सार्वजनिक निकायको प्रमुख।,Section 2(g) defines Chief as the Chief of a Public Body.,Art. 2(g),"Right to Information Act, 2064 (2007)",,,,,,
RI029,Constitution & Law,National Information Commission,Definition,Medium,What does the term “Commission” refer to under the Act?,ऐनअनुसार “आयोग” भन्नाले के जनाउँछ?,The National Information Commission constituted pursuant to Section 11.,दफा ११ बमोजिम गठन भएको राष्ट्रिय सूचना आयोग।,Section 2(h) defines Commission by reference to the National Information Commission constituted under Section 11.,Art. 2(h),"Right to Information Act, 2064 (2007)",,,,,,
RI030,Constitution & Law,National Information Commission,Comparison,Hard,What is the distinction between the Chief Information Commissioner and an Information Commissioner under the Act?,ऐनअनुसार मुख्य सूचना आयुक्त र सूचना आयुक्तबीच के भिन्नता छ?,"Both are persons appointed pursuant to Section 11, but they are separately identified as the Chief Information Commissioner and Information Commissioner.","दुवै दफा ११ बमोजिम नियुक्त व्यक्ति हुन्, तर उनीहरूलाई क्रमशः मुख्य सूचना आयुक्त र सूचना आयुक्तका रूपम",,,,,,,,,
RI031,Constitution & Law,Right to Information,Fact Retrieval,Easy,"Who has the right to information under the Act, subject to the provisions of the Act?",यस ऐनका प्रावधानहरूको अधीनमा रही सूचनाको हक कसलाई हुन्छ?,Every citizen.,प्रत्येक नागरिकलाई।,"Section 3(1) provides that every citizen shall, subject to the Act, have the right to information.",Art. 3(1),"Right to Information Act, 2064 (2007)",,,,,,
RI032,Constitution & Law,Right to Information,Fact Retrieval,Easy,What information shall every citizen have access to under the Act?,ऐनअनुसार प्रत्येक नागरिकलाई कुन सूचनामा पहुँच हुन्छ?,Information held by Public Bodies.,सार्वजनिक निकायमा रहेको सूचना।,Section 3(2) provides that every citizen shall have access to information held by Public Bodies.,Art. 3(2),"Right to Information Act, 2064 (2007)",,,,,,
RI033,Constitution & Law,Information Exceptions,Constitutional Provision,Medium,"What types of information concerning Nepal's sovereignty, integrity, national security, public peace, stability, and international relations shall not be disseminated?","नेपालको सार्वभौमसत्ता, अखण्डता, राष्ट्रिय सुरक्षा, सार्वजनिक शान्ति, स्थिरता र अन्तर्राष्ट्रिय सम्बन्धका सम्बन्धमा कस्तो सूचना प्रसार गर्न हुँदैन?",Information that seriously jeopardizes any of those interests.,तीमध्ये कुनै पनि हितमा गम्भीर रूपमा प्रतिकूल असर पार्ने सूचना।,"Section 3(3)(a) excludes information that seriously jeopardizes Nepal's sovereignty, integrity, national security, public peace, stability, or international relations.",Art. 3(3)(a),"Right to Information Act, 2064 (2007)",,,,,,
RI034,Constitution & Law,Information Exceptions,Constitutional Provision,Medium,What information related to a crime shall not be disseminated under the Act?,अपराधसँग सम्बन्धित कुन सूचना ऐनअनुसार प्रसार गर्न हुँदैन?,"Information that directly affects the investigation, inquiry, or prosecution of a crime.","अपराधको अनुसन्धान, छानबिन वा अभियोजनमा प्रत्यक्ष असर पार्ने सूचना।","Section 3(3)(b) excludes information that directly affects the investigation, inquiry, or prosecution of a crime.",Art. 3(3)(b),"Right to Information Act, 2064 (2007)",,,,,,
RI035,Constitution & Law,Information Exceptions,Constitutional Provision,Hard,"What types of interests or privacy are protected from serious harm under the information exception relating to economic, trade, monetary, intellectual property, banking, or trade matters?","आर्थिक, व्यापारिक, मौद्रिक, बौद्धिक सम्पत्ति, बैंकिङ वा व्यापारिक विषयसँग सम्बन्धित अपवादअन्तर्गत कुन हित वा गोपनीयतालाई गम्भीर क्षतिबाट संरक्षण गरिन्छ?","Economic, trade, or monetary interests, intellectual property, and banking or trade privacy.","आर्थिक, व्यापारिक वा मौद्रिक हित, बौद्धिक सम्पत्ति तथा बैंकिङ वा व्यापारिक गोपनीयता।",Section 3(3)(c) excludes information that seriously affects these specified interests or forms of privacy.,Art. 3(3)(c),"Right to Information Act, 2064 (2007)",,,,,,
RI036,Constitution & Law,Information Exceptions,Constitutional Provision,Medium,What type of information concerning relationships among different castes or communities shall not be disseminated?,विभिन्न जात वा समुदायबीचको सम्बन्धका सम्बन्धमा कस्तो सूचना प्रसार गर्न हुँदैन?,Information that directly jeopardizes the harmonious relationship among various castes or communities.,विभिन्न जात वा समुदायबीच कायम सद्भावपूर्ण सम्बन्धमा प्रत्यक्ष रूपमा खतरा पुर्‍याउने सूचना।,Section 3(3)(d) excludes information that directly jeopardizes harmonious relationships among various castes or communities.,Art. 3(3)(d),"Right to Information Act, 2064 (2007)",,,,,,
RI037,Constitution & Law,Information Exceptions,Constitutional Provision,Medium,What personal interests are protected by the information exception concerning individual privacy and security?,व्यक्तिगत गोपनीयता तथा सुरक्षासम्बन्धी अपवादले कुन व्यक्तिगत हितहरूको संरक्षण गर्छ?,"The privacy and security of a person's body, life, property, or health.","व्यक्तिको शरीर, जीवन, सम्पत्ति वा स्वास्थ्यको गोपनीयता तथा सुरक्षा।","Section 3(3)(e) excludes information that interferes with individual privacy and the security of a person's body, life, property, or health.",Art. 3(3)(e),"Right to Information Act, 2064 (2007)",,,,,,
RI038,Constitution & Law,Information Exceptions,Multi-hop Factual,Hard,What five broad categories of information held by a Public Body are excluded from dissemination under Section 3(3)?,दफा ३(३) अन्तर्गत सार्वजनिक निकायमा रहेको कुन पाँच व्यापक वर्गका सूचना प्रसार गर्न हुँदैन?,"Information seriously jeopardizing specified national interests; directly affecting crime investigation, inquiry, or prosecution; seriously affecting specified economic, trade, monetary, intellectual property, banking, or trade interests or privacy; directly jeopardizing harmony among castes or communities; or interfering with individual privacy and specified personal security.","निर्दिष्ट राष्ट्रिय हितमा गम्भीर प्रतिकूल असर पार्ने; अपराधको अनुसन्धान, छानबिन वा अभियोजनमा प्रत्यक्ष असर पार्ने; निर्दिष्ट आर्थिक, व्यापारिक, मौद्रिक, बौद्धिक सम्पत्ति, बैंकिङ वा व्यापारिक हित वा गोपनीयतामा गम्भीर असर पार्ने; जात वा समुदायबीचको सद्भावमा प्रत्यक्ष खतरा पुर्‍याउने; वा व्यक्तिगत गोपनीयता तथा निर्दिष्ट व्यक्तिगत सुरक्षामा हस्तक्षेप गर्ने सूचना।",Section 3(3)(a)–(e) lists five categories of information that shall not be disseminated.,Art. 3(3)(a)–(e),"Right to Information Act, 2064 (2007)",,,,,,
RI039,Constitution & Law,Information Exceptions,Constitutional Provision,Medium,May a Public Body refuse to disseminate information without an appropriate and adequate reason?,के सार्वजनिक निकायले उचित र पर्याप्त कारणबिना सूचना प्रसार गर्न अस्वीकार गर्न सक्छ?,No.,सक्दैन।,The proviso to Section 3(3) states that a Public Body shall not refrain from disseminating information without an appropriate and adequate reason.,Art. 3(3) Proviso,"Right to Information Act, 2064 (2007)",,,,,,
RI040,Constitution & Law,Information Disclosure,Constitutional Provision,Medium,What must the Information Officer do when a Public Body's records contain both information that may be made public and information that may not be made public?,सार्वजनिक निकायको अभिलेखमा सार्वजनिक गर्न मिल्ने र सार्वजनिक गर्न नमिल्ने दुवै सूचना भएमा सूचना अधिकारीले के गर्नुपर्छ?,Separate the information that may be made public and provide it to the applicant.,सार्वजनिक गर्न मिल्ने सूचना छुट्याई आवेदकलाई उपलब्ध गराउनुपर्छ।,Section 3(4) requires the Information Officer to separate the disclosable information and provide it to the applicant.,Art. 3(4),"Right to Information Act, 2064 (2007)",,,,,,
RI041,Constitution & Law,Information Disclosure,Multi-hop Factual,Hard,"If a single record contains both protected and disclosable information, does the presence of protected information automatically justify withholding the entire record?",एउटै अभिलेखमा संरक्षित र सार्वजनिक गर्न मिल्ने दुवै सूचना भएमा संरक्षित सूचना भएको कारणले मात्र सम्पूर्ण अभिलेख रोक्न मिल्छ?,No. The disclosable information must be separated and provided.,मिल्दैन। सार्वजनिक गर्न मिल्ने सूचना छुट्याई उपलब्ध गराउनुपर्छ।,Section 3(4) establishes a partial-disclosure rule requiring separation of information that can be made public.,Art. 3(4),"Right to Information Act, 2064 (2007)",,,,,,
RI042,Constitution & Law,Right to Information,Multi-hop Factual,Hard,"How do the general right of access under Section 3(2), the exceptions under Section 3(3), and the separation rule under Section 3(4) operate together?","दफा ३(२) को सामान्य पहुँचको अधिकार, दफा ३(३) का अपवाद र दफा ३(४) को छुट्याउने नियम एकसाथ कसरी लागू हुन्छन्?","Citizens generally have access to information held by Public Bodies, except for information falling within the specified non-dissemination categories; where a record contains both disclosable and non-disclosable information, the disclosable portion must be separated and provided.","नागरिकलाई सामान्यतः सार्वजनिक निकायमा रहेको सूचनामा पहुँच हुन्छ, तर निर्दिष्ट गैर-प्रसारणयोग्य वर्गमा पर्ने सूचना अपवाद हुन्छ; अभिलेखमा सार्वजनिक गर्न मिल्ने र नमिल्ने दुवै सूचना भएमा सार्वजनिक गर्न मिल्ने अंश छुट्याई उपलब्ध गराउनुपर्छ।","Sections 3(2)–(4) establish the general right of access, specified exceptions, and a partial-disclosure mechanism.",Art. 3(2)–(4),"Right to Information Act, 2064 (2007)",,,,,,
RI043,Constitution & Law,Public Body Responsibilities,Constitutional Provision,Easy,What is the primary responsibility of every Public Body regarding the right to information of citizens?,नागरिकको सूचनाको हकका सम्बन्धमा प्रत्येक सार्वजनिक निकायको मुख्य जिम्मेवारी के हो?,To respect and protect the right to information of citizens.,नागरिकको सूचनाको हकको सम्मान र संरक्षण गर्नु।,Section 4(1) requires each Public Body to respect and protect citizens' right to information.,Art. 4(1),"Right to Information Act, 2064 (2007)",,,,,,
RI044,Constitution & Law,Public Body Responsibilities,Fact Retrieval,Easy,What must a Public Body do to its information as part of its responsibilities under the Act?,ऐनअनुसार आफ्नो जिम्मेवारीअन्तर्गत सार्वजनिक निकायले आफ्नो सूचनाका सम्बन्धमा के गर्नुपर्छ?,"Classify and update the information and make it public, publish, and broadcast it.","सूचना वर्गीकरण तथा अद्यावधिक गरी सार्वजनिक, प्रकाशन तथा प्रसारण गर्नुपर्छ।","Section 4(2)(a) requires Public Bodies to classify and update information and make it public, publish, and broadcast it.",Art. 4(2)(a),"Right to Information Act, 2064 (2007)",,,,,,
RI045,Constitution & Law,Public Body Responsibilities,Fact Retrieval,Easy,What responsibility does a Public Body have regarding citizens' access to information?,नागरिकको सूचनामा पहुँचका सम्बन्धमा सार्वजनिक निकायको जिम्मेवारी के हो?,To make citizens' access to information simple and easy.,नागरिकको सूचनामा पहुँच सरल र सहज बनाउनु।,Section 4(2)(b) requires Public Bodies to make citizens' access to information simple and easy.,Art. 4(2)(b),"Right to Information Act, 2064 (2007)",,,,,,
RI046,Constitution & Law,Public Body Responsibilities,Fact Retrieval,Easy,How must a Public Body conduct its functions under the Act?,ऐनअनुसार सार्वजनिक निकायले आफ्ना कार्यहरू कसरी सञ्चालन गर्नुपर्छ?,Openly and transparently.,खुला र पारदर्शी रूपमा।,Section 4(2)(c) requires Public Bodies to conduct their functions openly and transparently.,Art. 4(2)(c),"Right to Information Act, 2064 (2007)",,,,,,
RI047,Constitution & Law,Public Body Responsibilities,Fact Retrieval,Easy,What must a Public Body provide to its staff for the purpose of fulfilling its responsibilities regarding information?,सूचनासम्बन्धी आफ्नो जिम्मेवारी पूरा गर्न सार्वजनिक निकायले आफ्ना कर्मचारीलाई के प्रदान गर्नुपर्छ?,Appropriate training and orientation.,उपयुक्त तालिम तथा अभिमुखीकरण।,Section 4(2)(d) requires Public Bodies to provide appropriate training and orientation to their staff.,Art. 4(2)(d),"Right to Information Act, 2064 (2007)",,,,,,
RI048,Constitution & Law,Public Body Responsibilities,Comparison,Medium,What are the four specific responsibilities of a Public Body under Section 4(2)?,दफा ४(२) अन्तर्गत सार्वजनिक निकायका चार विशिष्ट जिम्मेवारीहरू के-के हुन्?,"To classify and update information and make it public, publish, and broadcast it; make citizen access simple and easy; conduct functions openly and transparently; and provide staff with appropriate training and orientation.","सूचना वर्गीकरण तथा अद्यावधिक गरी सार्वजनिक, प्रकाशन तथा प्रसारण गर्ने; नागरिकको पहुँच सरल र सहज बनाउने; कार्य खुला र पारदर्शी रूपमा सञ्चालन गर्ने; तथा कर्मचारीलाई उपयुक्त तालिम र अभिमुखीकरण दिने।",Section 4(2)(a)–(d) lists these four specific responsibilities.,Art. 4(2)(a)–(d),"Right to Information Act, 2064 (2007)",,,,,,
RI049,Constitution & Law,Information Dissemination,Constitutional Provision,Medium,"What may a Public Body use when publishing, broadcasting, or making information public under the Act?","ऐनअनुसार सूचना प्रकाशन, प्रसारण वा सार्वजनिक गर्दा सार्वजनिक निकायले के प्रयोग गर्न सक्छ?",Different national languages and mass media.,विभिन्न राष्ट्रिय भाषाहरू र आमसञ्चारका माध्यमहरू।,"Section 4(3) permits Public Bodies to use different national languages and mass media for publishing, broadcasting, or making information public.",Art. 4(3),"Right to Information Act, 2064 (2007)",,,,,,
RI050,Constitution & Law,Information Updating,Fact Retrieval,Easy,What is the general requirement concerning the information held by a Public Body?,सार्वजनिक निकायमा रहेको सूचनासम्बन्धी सामान्य आवश्यकता के हो?,A Public Body shall keep its information updated.,सार्वजनिक निकायले आफ्नो सूचना अद्यावधिक राख्नुपर्छ।,Section 5(1) requires a Public Body to keep its information updated.,Art. 5(1),"Right to Information Act, 2064 (2007)",,,,,,
RI051,Constitution & Law,Information Updating,Fact Retrieval,Medium,"How old may information be that a Public Body should update, as far as possible, from the commencement of the Act?",ऐन प्रारम्भ भएको समयदेखि सार्वजनिक निकायले सम्भव भएसम्म कति वर्ष पुरानो सूचनासम्म अद्यावधिक गर्नुपर्छ?,At least 20 years old.,कम्तीमा २० वर्ष पुरानो।,"Section 5(2) requires a Public Body, as far as possible, to update at least twenty years old information related to it from the commencement of the Act.",Art. 5(2),"Right to Information Act, 2064 (2007)",,,,,,
RI052,Constitution & Law,Mandatory Information Publication,Fact Retrieval,Medium,What information concerning the structure and nature of a Public Body must it enlist and publish?,सार्वजनिक निकायको संरचना र स्वरूपसम्बन्धी कुन सूचना सूचीबद्ध गरी प्रकाशन गर्नुपर्छ?,The structure and nature of the Public Body.,सार्वजनिक निकायको संरचना र स्वरूप।,Section 5(3)(a) requires the structure and nature of the Public Body to be enlisted and published.,Art. 5(3)(a),"Right to Information Act, 2064 (2007)",,,,,,
RI053,Constitution & Law,Mandatory Information Publication,Fact Retrieval,Medium,Which information about a Public Body's functions and authority must be enlisted and published?,सार्वजनिक निकायका कार्य र अधिकारसम्बन्धी कुन सूचना सूचीबद्ध गरी प्रकाशन गर्नुपर्छ?,"Its functions, duties, and powers.","यसका कार्य, कर्तव्य र अधिकार।","Section 5(3)(b) requires the functions, duties, and powers of the Public Body to be enlisted and published.",Art. 5(3)(b),"Right to Information Act, 2064 (2007)",,,,,,
RI054,Constitution & Law,Mandatory Information Publication,Multi-hop Factual,Medium,"What information about services must a Public Body enlist and publish, including information about service delivery?",सेवा प्रवाहसम्बन्धी सार्वजनिक निकायले कुन-कुन सूचना सूचीबद्ध गरी प्रकाशन गर्नुपर्छ?,"The services to be rendered, the branch and responsible officer providing the service, and the fee and time limit required for the service.","प्रदान गरिने सेवा, सेवा प्रदान गर्ने शाखा तथा जिम्मेवार अधिकारी, र सेवाका लागि लाग्ने शुल्क तथा समयसीमा।","Sections 5(3)(d)–(f) require publication of information about services, responsible service branches or officers, and applicable fees and time limits.",Art. 5(3)(d)–(f),"Right to Information Act, 2064 (2007)",,,,,,
RI055,Constitution & Law,Mandatory Information Publication,Multi-hop Factual,Hard,What information concerning decision-making and accountability must a Public Body enlist and publish?,निर्णय प्रक्रिया र जवाफदेहितासम्बन्धी सार्वजनिक निकायले कुन सूचना सूचीबद्ध गरी प्रकाशन गर्नुपर्छ?,"The decision-making process and authority, the authority to hear appeals against decisions, and a description of functions performed.","निर्णय गर्ने प्रक्रिया र अधिकार, निर्णयविरुद्ध पुनरावेदन सुन्ने अधिकार, तथा सम्पादन गरिएका कार्यहरूको विवरण।","Sections 5(3)(g)–(i) require publication of the decision-making process and authority, appeal authority, and a description of functions performed.",Art. 5(3)(g)–(i),"Right to Information Act, 2064 (2007)",,,,,,
RI056,Constitution & Law,Mandatory Information Publication,Multi-hop Factual,Hard,"What institutional, legal, and financial information must a Public Body enlist and publish?","सार्वजनिक निकायले संस्थागत, कानुनी र वित्तीय पक्षसँग सम्बन्धित कुन सूचना सूचीबद्ध गरी प्रकाशन गर्नुपर्छ?","The name and designation of the Chief and Information Officer; a list of Acts, Rules, By-laws, or Guidelines; and an updated description of income, expenditures, and financial transactions.","प्रमुख तथा सूचना अधिकारीको नाम र पद; ऐन, नियम, विनियम वा निर्देशिकाको सूची; तथा आय, खर्च र वित्तीय कारोबारको अद्यावधिक विवरण।","Sections 5(3)(j)–(l) require publication of these institutional, legal, and financial details.",Art. 5(3)(j)–(l),"Right to Information Act, 2064 (2007)",,,,,,
RI057,Constitution & Law,Mandatory Information Publication,Multi-hop Factual,Hard,"In addition to the specifically listed categories, what other information must a Public Body enlist and publish?",स्पष्ट रूपमा सूचीबद्ध गरिएका वर्गबाहेक सार्वजनिक निकायले अरू कुन सूचना सूचीबद्ध गरी प्रकाशन गर्नुपर्छ?,Other particulars as prescribed.,तोकिएबमोजिमका अन्य विवरणहरू।,Section 5(3)(m) requires the enlistment and publication of other particulars as prescribed.,Art. 5(3)(m),"Right to Information Act, 2064 (2007)",,,,,,
RI058,Constitution & Law,Mandatory Information Publication,Multi-hop Factual,Hard,"How many categories of information are expressly listed in Section 5(3) for a Public Body to enlist and publish, and within what time must the information be updated and published initially?",दफा ५(३) मा सार्वजनिक निकायले सूचीबद्ध गरी प्रकाशन गर्नुपर्ने स्पष्ट रूपमा उल्लिखित सूचना वर्गहरू कति छन् र सुरुमा ती सूचना कति समयभित्र अद्यावधिक तथा प्रकाशन गर्नुपर्छ?,"Thirteen categories, within three months from the commencement of the Act.","तेह्र वर्ग, ऐन प्रारम्भ भएको मितिले तीन महिनाभित्र।","Section 5(3)(a)–(m) lists thirteen categories, and Section 5(4) requires their initial updating and publication within three months from commencement.","Art. 5(3)(a)–(m), Art. 5(4)","Right to Information Act, 2064 (2007)",,,,,,
RI059,Constitution & Law,Information Publication Cycle,Constitutional Provision,Medium,"After the initial three-month period, how frequently must a Public Body update and publish the information listed under Section 5(3)?",प्रारम्भिक तीन महिनाको अवधिपछि दफा ५(३) अन्तर्गतको सूचना सार्वजनिक निकायले कति-कति अवधिमा अद्यावधिक तथा प्रकाशन गर्नुपर्छ?,Every three months.,प्रत्येक तीन महिनामा।,Section 5(4) requires the Public Body to update and publish the information every three months thereafter.,Art. 5(4),"Right to Information Act, 2064 (2007)",,,,,,
RI060,Constitution & Law,Information Publication Cycle,Multi-hop Factual,Hard,What is the complete publication cycle for the information listed under Section 5(3)?,दफा ५(३) अन्तर्गत सूचीबद्ध सूचनाको पूर्ण प्रकाशन चक्र के हो?,The information must first be updated and published within three months from the commencement of the Act and then updated and published every three months thereafter.,सूचना ऐन प्रारम्भ भएको मितिले तीन महिनाभित्र पहिलोपटक अद्यावधिक तथा प्रकाशन गर्नुपर्छ र त्यसपछि प्रत्येक तीन महिनामा अद्यावधिक तथा प्रकाशन गर्नुपर्छ।,Section 5(4) establishes both the initial three-month deadline and the recurring three-month update and publication cycle.,Art. 5(4),"Right to Information Act, 2064 (2007)",,,,,,
RI061,Constitution & Law,Information Officer,Fact Retrieval,Easy,What arrangement must a Public Body make for disseminating information held in its office?,सूचना प्रसार गर्न सार्वजनिक निकायले आफ्नो कार्यालयमा कस्तो व्यवस्था गर्नुपर्छ?,It must arrange for an Information Officer.,सूचना अधिकारीको व्यवस्था गर्नुपर्छ।,Section 6(1) requires a Public Body to arrange for an Information Officer for disseminating information held in its office.,Art. 6(1),"Right to Information Act, 2064 (2007)",,,,,,
RI062,Constitution & Law,Information Officer,Fact Retrieval,Medium,What must the Chief regularly provide to the Information Officer for the purpose of disseminating information?,सूचना प्रसार गर्ने प्रयोजनका लागि प्रमुखले सूचना अधिकारीलाई नियमित रूपमा के उपलब्ध गराउनुपर्छ?,Information held in the office.,कार्यालयमा रहेको सूचना।,Section 6(2) requires the Chief to regularly provide information held in the office to the Information Officer.,Art. 6(2),"Right to Information Act, 2064 (2007)",,,,,,
RI063,Constitution & Law,Information Acquisition Procedure,Fact Retrieval,Easy,Who may submit an application to obtain information under the Act and what must the application state?,ऐनअनुसार सूचना प्राप्त गर्न कसले निवेदन दिन सक्छ र निवेदनमा के उल्लेख गर्नुपर्छ?,A Nepali citizen interested in obtaining information may apply to the concerned Information Officer and must state the reason for requesting the information.,सूचना प्राप्त गर्न इच्छुक नेपाली नागरिकले सम्बन्धित सूचना अधिकारीसमक्ष निवेदन दिन सक्छ र सूचना माग्नुको कारण उल्लेख गर्नुपर्छ।,Section 7(1) provides that a Nepali Citizen interested in obtaining information shall submit an application to the concerned Information Officer stating the reason for obtaining it.,Art. 7(1),"Right to Information Act, 2064 (2007)",,,,,,
RI064,Constitution & Law,Information Acquisition Procedure,Fact Retrieval,Medium,When must an Information Officer provide information that can be provided immediately by its nature?,सूचनाको प्रकृतिअनुसार तुरुन्तै उपलब्ध गराउन सकिने सूचना सूचना अधिकारीले कहिले उपलब्ध गराउनुपर्छ?,Immediately.,तुरुन्तै।,Section 7(2) requires information that can by its nature be provided immediately to be provided immediately.,Art. 7(2),"Right to Information Act, 2064 (2007)",,,,,,
RI065,Constitution & Law,Information Acquisition Procedure,Fact Retrieval,Medium,Within how many days must an Information Officer provide information that cannot be provided immediately by its nature?,सूचनाको प्रकृतिअनुसार तुरुन्तै उपलब्ध गराउन नसकिने सूचना सूचना अधिकारीले कति दिनभित्र उपलब्ध गराउनुपर्छ?,Within fifteen days from the date of application.,निवेदन दिएको मितिले पन्ध्र दिनभित्र।,Section 7(2) requires information that cannot be provided immediately by its nature to be provided within fifteen days from the date of application.,Art. 7(2),"Right to Information Act, 2064 (2007)",,,,,,
RI066,Constitution & Law,Information Acquisition Procedure,Multi-hop Factual,Hard,"If requested information cannot be provided immediately and is related to the security of a person's life, within what maximum period must the Information Officer provide it?",माग गरिएको सूचना तुरुन्तै उपलब्ध गराउन नसकिने भए पनि व्यक्तिको जीवनको सुरक्षासँग सम्बन्धित भएमा सूचना अधिकारीले अधिकतम कति समयभित्र सूचना उपलब्ध गराउनुपर्छ?,Within twenty-four hours of the request.,निवेदन परेको चौबीस घण्टाभित्र।,Section 7(4) creates an exception to the ordinary procedure by requiring information related to the security of a person's life to be provided within twenty-four hours of the request.,Art. 7(4),"Right to Information Act, 2064 (2007)",,,,,,
RI067,Constitution & Law,Information Acquisition Procedure,Comparison,Hard,What are the three different time limits for providing information under Section 7 depending on the nature and circumstances of the request?,निवेदनको प्रकृति र परिस्थितिअनुसार दफा ७ अन्तर्गत सूचना उपलब्ध गराउने तीन फरक समयसीमा के-के हुन्?,Immediately if the information can be provided immediately; within fifteen days if it cannot be provided immediately; and within twenty-four hours if it relates to the security of a person's life.,सूचना तुरुन्तै उपलब्ध गराउन सकिने भए तुरुन्तै; तुरुन्तै उपलब्ध गराउन नसकिने भए पन्ध्र दिनभित्र; र व्यक्तिको जीवनको सुरक्षासँग सम्बन्धित भए चौबीस घण्टाभित्र।,"Sections 7(2) and 7(4) establish the immediate, fifteen-day, and twenty-four-hour timelines depending on the circumstances.","Art. 7(2), Art. 7(4)","Right to Information Act, 2064 (2007)",,,,,,
RI068,Constitution & Law,Information Acquisition Procedure,Fact Retrieval,Medium,What must the Information Officer do if information cannot be provided immediately?,तुरुन्तै सूचना उपलब्ध गराउन नसकिने भए सूचना अधिकारीले के गर्नुपर्छ?,The Information Officer must immediately give the applicant a notice stating the reason.,सूचना अधिकारीले कारण उल्लेख गरी आवेदकलाई तुरुन्तै सूचना दिनुपर्छ।,Section 7(3) requires immediate notice to the applicant with the reason when information cannot be provided immediately.,Art. 7(3),"Right to Information Act, 2064 (2007)",,,,,,
RI069,Constitution & Law,Information Acquisition Procedure,Constitutional Provision,Medium,In what format must an Information Officer provide information to an applicant?,सूचना अधिकारीले आवेदकलाई कुन ढाँचामा सूचना उपलब्ध गराउनुपर्छ?,In the format demanded by the applicant as much as possible.,सम्भव भएसम्म आवेदकले माग गरेको ढाँचामा।,Section 7(5) requires the Information Officer to provide information in the format demanded by the applicant as much as possible.,Art. 7(5),"Right to Information Act, 2064 (2007)",,,,,,
RI070,Constitution & Law,Information Acquisition Procedure,Multi-hop Factual,Hard,When may an Information Officer provide information in a format different from the format requested by the applicant?,आवेदकले माग गरेको भन्दा फरक ढाँचामा सूचना अधिकारीले कहिले सूचना उपलब्ध गराउन सक्छ?,"When providing the information in the requested format may damage, destroy, or spoil the source of the information, and the Information Officer states the reason for using the appropriate format.","आवेदकले माग गरेको ढाँचामा सूचना दिँदा सूचनाको स्रोतमा क्षति पुग्ने, नष्ट हुने वा बिग्रने सम्भावना भएमा र उपयुक्त ढाँचा प्रयोग गर्नुको कारण उल्लेख गरेमा।","Section 7(6) permits an appropriate alternative format where the requested format may damage, destroy, or spoil the source of information, provided the reason is stated.",Art. 7(6),"Right to Information Act, 2064 (2007)",,,,,,
RI071,Constitution & Law,Information Fees,Definition,Easy,On what basis must the fee for providing information generally be determined?,सूचना उपलब्ध गराउँदा लाग्ने शुल्क सामान्यतः कुन आधारमा निर्धारण हुनुपर्छ?,The actual cost of providing the information.,सूचना उपलब्ध गराउने वास्तविक लागतका आधारमा।,Section 8(2) provides that the fee structure must be based on the actual cost of providing information.,Art. 8(2),"Right to Information Act, 2064 (2007)",,,,,,
RI072,Constitution & Law,Information Fees,Constitutional Provision,Medium,What may a concerned person do if the prescribed fee for information is considered higher than the actual cost?,सूचनाका लागि तोकिएको शुल्क वास्तविक लागतभन्दा बढी भएको लागेमा सम्बन्धित व्यक्तिले के गर्न सक्छ?,The person may file a petition before the Commission.,सम्बन्धित व्यक्तिले आयोगसमक्ष निवेदन दिन सक्छ।,Section 8(3) allows a concerned person to file a petition before the Commission if the prescribed fee is considered higher than the actual cost.,Art. 8(3),"Right to Information Act, 2064 (2007)",,,,,,
RI073,Constitution & Law,Complaints and Appeals,Fact Retrieval,Medium,"Within how many days must a person complain to the Chief after information is denied, partially provided, provided incorrectly, or denied on the ground that the applicant is not a stakeholder?","सूचना अस्वीकार गरिएको, आंशिक रूपमा दिइएको, गलत सूचना दिइएको वा आवेदक सरोकारवाला नभएको आधारमा सूचना नदिइएको अवस्थामा सम्बन्धित व्यक्तिले कति दिनभित्र प्रमुखसमक्ष उजुरी गर्नुपर्छ?",Within seven days from the date the information was denied or partially received.,सूचना अस्वीकार गरिएको वा आंशिक सूचना प्राप्त भएको मितिले सात दिनभित्र।,Section 9(1) requires the concerned person to make a complaint to the Chief within seven days of the denial or partial receipt of information.,Art. 9(1),"Right to Information Act, 2064 (2007)",,,,,,
RI074,Constitution & Law,Complaints and Appeals,Multi-hop Factual,Hard,"Within how many days must an aggrieved individual appeal to the Commission against the Chief's decision, and within how many days must the Commission give its final verdict?",प्रमुखको निर्णयबाट मर्का परेको व्यक्तिले आयोगसमक्ष कति दिनभित्र पुनरावेदन गर्नुपर्छ र आयोगले अन्तिम निर्णय कति दिनभित्र दिनुपर्छ?,"The appeal must be filed within thirty-five days of receiving notice of the decision, and the Commission must give its final verdict within sixty days of the appeal.",निर्णयको सूचना प्राप्त भएको मितिले पैंतीस दिनभित्र पुनरावेदन गर्नुपर्छ र आयोगले पुनरावेदन परेको मितिले साठी दिनभित्र अन्तिम निर्णय दिनुपर्छ।,Sections 10(1) and 10(4) establish a thirty-five-day appeal period and a sixty-day period for the Commission's final verdict.,"Art. 10(1), Art. 10(4)","Right to Information Act, 2064 (2007)",,,,,,
RI075,Constitution & Law,National Information Commission,Fact Retrieval,Easy,"What independent body is established for the protection, promotion, and practice of the right to information?","सूचनाको हकको संरक्षण, प्रवर्द्धन तथा अभ्यासका लागि कुन स्वतन्त्र निकायको व्यवस्था गरिएको छ?",An independent National Information Commission.,स्वतन्त्र राष्ट्रिय सूचना आयोग।,"Section 11(1) provides for an independent National Information Commission for the protection, promotion, and practice of the right to information.",Art. 11(1),"Right to Information Act, 2064 (2007)",,,,,,
RI076,Constitution & Law,National Information Commission,Fact Retrieval,Easy,"How many members comprise the National Information Commission, and what are their positions?",राष्ट्रिय सूचना आयोगमा कति जना सदस्य हुन्छन् र उनीहरूका पदहरू के-के हुन्?,One Chief Information Commissioner and two Information Commissioners.,एक जना मुख्य सूचना आयुक्त र दुई जना सूचना आयुक्त।,Section 11(2) provides that the Commission shall consist of a Chief Information Commissioner and two other Information Commissioners.,Art. 11(2),"Right to Information Act, 2064 (2007)",,,,,,
RI077,Constitution & Law,Appointment,Fact Retrieval,Medium,Who serves as the Chairperson of the committee responsible for recommending the appointment of the Chief Information Commissioner and Information Commissioners?,मुख्य सूचना आयुक्त तथा सूचना आयुक्तहरूको नियुक्तिका लागि सिफारिस गर्ने समितिको अध्यक्ष को हुन्छ?,The Speaker.,सभामुख।,Section 11(3)(a) provides that the Speaker shall be the Chairperson of the recommendation committee.,Art. 11(3)(a),"Right to Information Act, 2064 (2007)",,,,,,
RI078,Constitution & Law,Appointment,Comparison,Medium,Which two government positions may serve as the government representative on the recommendation committee for appointing Information Commissioners?,सूचना आयुक्तहरूको नियुक्तिका लागि सिफारिस गर्ने समितिमा सरकारी प्रतिनिधिका रूपमा कुन दुईमध्ये कुनै एक पद रहन सक्छ?,The Minister or State Minister for Information and Communication.,सूचना तथा सञ्चार मन्त्री वा राज्यमन्त्री।,Section 11(3)(b) provides for the Minister or State Minister for Information and Communication as a member of the committee.,Art. 11(3)(b),"Right to Information Act, 2064 (2007)",,,,,,
RI079,Constitution & Law,Appointment,Fact Retrieval,Easy,Who serves as the journalist-sector representative on the recommendation committee for appointing the Chief Information Commissioner and Information Commissioners?,मुख्य सूचना आयुक्त तथा सूचना आयुक्तहरूको नियुक्तिका लागि सिफारिस गर्ने समितिमा पत्रकारिता क्षेत्रबाट प्रतिनिधित्व गर्ने व्यक्ति को हो?,The President of the Federation of Nepalese Journalists.,नेपाल पत्रकार महासंघका अध्यक्ष।,Section 11(3)(c) provides that the President of the Federation of Nepalese Journalists shall be a member of the recommendation committee.,Art. 11(3)(c),"Right to Information Act, 2064 (2007)",,,,,,
RI080,Constitution & Law,Appointment,Multi-hop Factual,Medium,"Who appoints the Chief Information Commissioner and Information Commissioners, and on whose recommendation are they appointed?",मुख्य सूचना आयुक्त तथा सूचना आयुक्तहरूको नियुक्ति कसले गर्छ र कसको सिफारिसमा नियुक्त गरिन्छ?,The Government of Nepal appoints them on the recommendation of the committee formed under Section 11(3).,नेपाल सरकारले दफा ११(३) बमोजिम गठित समितिको सिफारिसमा उनीहरूको नियुक्ति गर्छ।,Section 11(4) provides that the Government of Nepal shall appoint the Commissioners on the recommendation of the committee established under Section 11(3).,Art. 11(4),"Right to Information Act, 2064 (2007)",,,,,,
RI081,Constitution & Law,Appointment,Constitutional Provision,Medium,What minimum gender representation requirement applies when appointing the Chief Information Commissioner and Information Commissioners?,मुख्य सूचना आयुक्त तथा सूचना आयुक्तहरूको नियुक्तिमा न्यूनतम लैङ्गिक प्रतिनिधित्वसम्बन्धी के व्यवस्था छ?,At least one female must be included in the appointment.,कम्तीमा एक जना महिला समावेश हुनुपर्छ।,Section 11(4) expressly requires at least one female to be included in the appointment of the Chief Information Commissioner and Information Commissioners.,Art. 11(4),"Right to Information Act, 2064 (2007)",,,,,,
RI082,Constitution & Law,Appointment,Constitutional Provision,Medium,What principle should the recommendation committee follow as much as possible when recommending candidates for appointment to the Commission?,आयोगमा नियुक्तिका लागि उम्मेदवार सिफारिस गर्दा सिफारिस समितिले सम्भव भएसम्म कुन सिद्धान्त अपनाउनुपर्छ?,The inclusive principle.,समावेशी सिद्धान्त।,Section 11(5) requires the recommendation committee to follow the inclusive principle as much as possible.,Art. 11(5),"Right to Information Act, 2064 (2007)",,,,,,
RI083,Constitution & Law,Appointment,Comparison,Hard,How does the Act distinguish between the mandatory gender requirement and the broader recommendation principle for appointments to the Commission?,आयोगमा नियुक्तिसम्बन्धी अनिवार्य लैङ्गिक आवश्यकता र व्यापक सिफारिस सिद्धान्तबीच ऐनले कसरी भिन्नता गर्छ?,"At least one female must be included in the appointment, while the recommendation committee should follow the inclusive principle as much as possible.",नियुक्तिमा कम्तीमा एक जना महिला समावेश हुनुपर्छ भने सिफारिस समितिले सम्भव भएसम्म समावेशी सिद्धान्त अपनाउनुपर्छ।,"Section 11(4) establishes the minimum female-inclusion requirement, while Section 11(5) requires the recommendation committee to follow the inclusive principle as much as possible.",Art. 11(4)–(5),"Right to Information Act, 2064 (2007)",,,,,,
RI084,Constitution & Law,Qualifications,Fact Retrieval,Easy,What citizenship qualification is required to be appointed as the Chief Information Commissioner or an Information Commissioner?,मुख्य सूचना आयुक्त वा सूचना आयुक्तमा नियुक्त हुन नागरिकतासम्बन्धी कस्तो योग्यता आवश्यक हुन्छ?,The person must be a Nepali citizen.,व्यक्ति नेपाली नागरिक हुनुपर्छ।,Section 12(a) requires a person appointed to either position to be a Nepali citizen.,Art. 12(a),"Right to Information Act, 2064 (2007)",,,,,,
RI085,Constitution & Law,Qualifications,Fact Retrieval,Medium,What minimum educational qualification is required for appointment as the Chief Information Commissioner or an Information Commissioner?,मुख्य सूचना आयुक्त वा सूचना आयुक्तमा नियुक्त हुन न्यूनतम शैक्षिक योग्यता के हो?,At least a Bachelor's Degree from a recognized university.,मान्यता प्राप्त विश्वविद्यालयबाट कम्तीमा स्नातक तहको उपाधि।,Section 12(b) requires at least a Bachelor's Degree from a recognized University.,Art. 12(b),"Right to Information Act, 2064 (2007)",,,,,,
RI086,Constitution & Law,Qualifications,Fact Retrieval,Medium,How many years of work experience must a person have to qualify for appointment as the Chief Information Commissioner or an Information Commissioner?,मुख्य सूचना आयुक्त वा सूचना आयुक्तमा नियुक्त हुन व्यक्तिसँग कति वर्षको कार्य अनुभव हुनुपर्छ?,At least fifteen years.,कम्तीमा पन्ध्र वर्ष।,Section 12(c) requires at least fifteen years of working experience in one of the specified fields.,Art. 12(c),"Right to Information Act, 2064 (2007)",,,,,,
RI087,Constitution & Law,Qualifications,Multi-hop Factual,Hard,In which fields must the required fifteen years of work experience be obtained for appointment to the Commission?,आयोगमा नियुक्तिका लागि आवश्यक पन्ध्र वर्षको कार्य अनुभव कुन-कुन क्षेत्रमा हुनुपर्छ?,"Mass communication, law justice, public administration, information technology, or management.","आमसञ्चार, कानून न्याय, सार्वजनिक प्रशासन, सूचना प्रविधि वा व्यवस्थापन।",Section 12(c) specifies these five fields as the areas in which the required fifteen years of work experience must be obtained.,Art. 12(c),"Right to Information Act, 2064 (2007)",,,,,,
RI088,Constitution & Law,Disqualifications,Fact Retrieval,Medium,What is the effect of not possessing the qualifications prescribed under Section 12 on appointment to the Commission?,दफा १२ मा तोकिएका योग्यता नभएमा आयोगमा नियुक्तिका सम्बन्धमा के प्रभाव पर्छ?,The person is disqualified for appointment.,त्यस्तो व्यक्ति नियुक्तिका लागि अयोग्य हुन्छ।,Section 13(a) disqualifies a person who does not possess the qualifications prescribed under Section 12.,Art. 13(a),"Right to Information Act, 2064 (2007)",,,,,,
RI089,Constitution & Law,Disqualifications,Multi-hop Factual,Hard,Which categories of persons are disqualified from appointment as Chief Information Commissioner or Information Commissioner under Section 13?,दफा १३ अन्तर्गत मुख्य सूचना आयुक्त वा सूचना आयुक्तमा नियुक्तिका लागि कुन-कुन व्यक्ति अयोग्य हुन्छन्?,A person lacking the qualifications under Section 12; a person convicted by a court of a criminal offence involving moral turpitude; an incumbent employee of the Government or a Public institution; a person holding a political position; or a person disqualified under prevailing laws.,दफा १२ बमोजिमको योग्यता नभएको व्यक्ति; नैतिक पतन देखिने फौजदारी कसुरमा अदालतबाट दोषी ठहरिएको व्यक्ति; सरकार वा सार्वजनिक संस्थाको बहालवाला कर्मचारी; राजनीतिक पदमा बहाल रहेको व्यक्ति; वा प्रचलित कानूनबमोजिम नियुक्तिका लागि अयोग्य व्यक्ति।,Section 13(a)–(e) lists five categories of disqualification for appointment as Chief Information Commissioner or Information Commissioner.,Art. 13(a)–(e),"Right to Information Act, 2064 (2007)",,,,,,
RI090,Constitution & Law,Tenure of Office,Fact Retrieval,Easy,What is the tenure of office of the Chief Information Commissioner and Information Commissioners?,मुख्य सूचना आयुक्त तथा सूचना आयुक्तहरूको पदावधि कति हुन्छ?,Five years.,पाँच वर्ष।,Section 14(1) provides that the tenure of office of the Chief Information Commissioner and Information Commissioners shall be five years.,Art. 14(1),"Right to Information Act, 2064 (2007)",,,,,,
RI091,Constitution & Law,Tenure of Office,Constitutional Provision,Medium,May the Chief Information Commissioner or an Information Commissioner be re-appointed to the same post after completing a five-year tenure?,पाँच वर्षको पदावधि पूरा गरेपछि मुख्य सूचना आयुक्त वा सूचना आयुक्तलाई सोही पदमा पुनः नियुक्त गर्न सकिन्छ?,"No, they cannot be re-appointed to the same post.","सकिँदैन, सोही पदमा पुनः नियुक्त गर्न सकिँदैन।",Section 14(1) provides a five-year tenure and prohibits reappointment to the same post.,Art. 14(1),"Right to Information Act, 2064 (2007)",,,,,,
RI092,Constitution & Law,Tenure of Office,Constitutional Provision,Hard,What exception allows an Information Commissioner to be appointed again to another position within the Commission?,आयोगभित्र सूचना आयुक्तलाई अर्को पदमा पुनः नियुक्त गर्न सकिने अपवाद के हो?,"An Information Commissioner may be re-appointed as the Chief Information Commissioner, subject to the applicable tenure provision.",सूचना आयुक्तलाई लागू हुने पदावधिसम्बन्धी प्रावधानको अधीनमा मुख्य सूचना आयुक्तमा पुनः नियुक्त गर्न सकिन्छ।,Section 14(2) creates an exception to the general restriction on reappointment by allowing an Information Commissioner to be appointed as Chief Information Commissioner.,Art. 14(2),"Right to Information Act, 2064 (2007)",,,,,,
RI093,Constitution & Law,Tenure of Office,Fact Retrieval,Medium,How long before the expiry of the tenure must the recommendation committee recommend new appointments of the Chief Information Commissioner and Information Commissioners?,मुख्य सूचना आयुक्त तथा सूचना आयुक्तहरूको पदावधि समाप्त हुनुभन्दा कति समयअघि सिफारिस समितिले नयाँ नियुक्तिका लागि सिफारिस गर्नुपर्छ?,One month before the expiry of the tenure.,पदावधि समाप्त हुनुभन्दा एक महिनाअघि।,Section 14(3) requires the recommendation committee to recommend new appointments one month before the expiry of the tenure.,Art. 14(3),"Right to Information Act, 2064 (2007)",,,,,,
RI094,Constitution & Law,Vacancy of Office,Fact Retrieval,Medium,At what age is the post of the Chief Information Commissioner or Information Commissioner considered vacant?,मुख्य सूचना आयुक्त वा सूचना आयुक्तले कुन उमेर पूरा गरेपछि पद रिक्त भएको मानिन्छ?,Upon completing 65 years of age.,६५ वर्ष उमेर पूरा गरेपछि।,Section 15(b) provides that the post shall be considered vacant when the officeholder completes the age of 65 years.,Art. 15(b),"Right to Information Act, 2064 (2007)",,,,,,
RI095,Constitution & Law,Vacancy of Office,Multi-hop Factual,Hard,What are the grounds specified in the Act for the post of Chief Information Commissioner or Information Commissioner to become vacant?,मुख्य सूचना आयुक्त वा सूचना आयुक्तको पद रिक्त हुने ऐनमा उल्लिखित अवस्थाहरू के-के हुन्?,Death; completion of 65 years of age; resignation to the Prime Minister; completion of the term of office; conviction by a court for a criminal offence involving moral turpitude; or removal from office under Section 16.,मृत्यु; ६५ वर्ष उमेर पूरा हुनु; प्रधानमन्त्रीसमक्ष राजीनामा दिनु; पदावधि पूरा हुनु; नैतिक पतन देखिने फौजदारी कसुरमा अदालतबाट दोषी ठहरिनु; वा दफा १६ बमोजिम पदबाट हटाइनु।,Section 15(a)–(f) specifies six conditions under which the post becomes vacant.,Art. 15(a)–(f),"Right to Information Act, 2064 (2007)",,,,,,
RI096,Constitution & Law,Removal from Office,Constitutional Provision,Hard,What majority is required in the meeting of the Legislature-Parliament to remove the Chief Information Commissioner or an Information Commissioner after the prescribed recommendation?,निर्धारित सिफारिसपछि मुख्य सूचना आयुक्त वा सूचना आयुक्तलाई पदबाट हटाउन व्यवस्थापिका–संसद्को बैठकमा कस्तो बहुमत आवश्यक हुन्छ?,"A two-thirds majority of the meeting, with at least two-thirds of the total members present.",कुल सदस्यको कम्तीमा दुई तिहाइ उपस्थित भएको बैठकको दुई तिहाइ बहुमत।,"Section 16 requires the recommendation to be endorsed by a two-thirds majority of the meeting, with at least two-thirds of the total members present.",Art. 16,"Right to Information Act, 2064 (2007)",,,,,,
RI097,Constitution & Law,Removal from Office,Multi-hop Factual,Hard,On what grounds may the Chief Information Commissioner or an Information Commissioner be removed from office under Section 16?,दफा १६ अन्तर्गत मुख्य सूचना आयुक्त वा सूचना आयुक्तलाई कुन आधारमा पदबाट हटाउन सकिन्छ?,"Incompetence, misbehavior, or failure to carry out duties honestly.","अयोग्यता, दुर्व्यवहार वा इमानदारीपूर्वक कर्तव्य निर्वाह नगर्नु।","Section 16 permits removal on the ground that the officeholder is unfit to hold office due to incompetence, misbehavior, or failure to carry out duties honestly.",Art. 16,"Right to Information Act, 2064 (2007)",,,,,,
RI098,Constitution & Law,Removal from Office,Constitutional Provision,Medium,What procedural protection must be provided to a Chief Information Commissioner or Information Commissioner facing accusations under Section 16?,दफा १६ अन्तर्गत आरोप लागेका मुख्य सूचना आयुक्त वा सूचना आयुक्तलाई कुन प्रक्रियागत संरक्षण प्रदान गर्नुपर्छ?,A reasonable opportunity to provide clarification.,उचित स्पष्टीकरणको अवसर।,The proviso to Section 16 states that the person charged with the accusation shall not be denied a reasonable opportunity of clarification.,Art. 16 Proviso,"Right to Information Act, 2064 (2007)",,,,,,
RI099,Constitution & Law,Oath of Office,Fact Retrieval,Medium,Before whom does the Chief Information Commissioner take the oath of office before assuming office?,पदभार ग्रहण गर्नुअघि मुख्य सूचना आयुक्तले कसको समक्ष पद तथा गोपनीयताको शपथ लिन्छ?,The Prime Minister.,प्रधानमन्त्री।,Section 18 provides that the Chief Information Commissioner shall take the oath of office before the Prime Minister before taking charge of office.,Art. 18,"Right to Information Act, 2064 (2007)",,,,,,
RI100,Constitution & Law,Oath of Office,Comparison,Medium,Before whom does an Information Commissioner take the oath of office before assuming office?,पदभार ग्रहण गर्नुअघि सूचना आयुक्तले कसको समक्ष पद तथा गोपनीयताको शपथ लिन्छ?,The Chief Information Commissioner.,मुख्य सूचना आयुक्त।,Section 18 provides that an Information Commissioner shall take the oath of office before the Chief Information Commissioner.,Art. 18,"Right to Information Act, 2064 (2007)",,,,,,
RI101,Constitution & Law,Commission Powers,Multi-hop Factual,Medium,What types of actions may the Commission take regarding information held by Public Bodies?,सार्वजनिक निकायमा रहेको सूचनाका सम्बन्धमा आयोगले कस्ता कार्य गर्न सक्छ?,"It may observe and study records and documents of public importance, order Public Bodies to enlist and manage information-related records and materials, order information to be made public, prescribe a timeframe for providing requested information, order parties to fulfill liabilities under the Act, provide suggestions and recommendations, and issue appropriate orders for protecting, promoting, and exercising the right to information.","आयोगले सार्वजनिक महत्वका अभिलेख तथा दस्तावेजको अवलोकन र अध्ययन गर्न, सार्वजनिक निकायलाई सूचनासम्बन्धी अभिलेख तथा सामग्री सूचीबद्ध र व्यवस्थापन गर्न आदेश दिन, सूचना सार्वजनिक गर्न आदेश दिन, माग गरिएको सूचना उपलब्ध गराउने समयसीमा तोक्न, ऐनबमोजिमको दायित्व पूरा गर्न सम्बन्धित पक्षलाई आदेश दिन, सुझाव तथा सिफारिस दिन र सूचनाको हकको संरक्षण, प्रवर्द्धन तथा अभ्याससम्बन्धी उपयुक्त आदेश जारी गर्न सक्छ।","Section 19(a)–(g) sets out the Commission's functions, duties, and powers, including oversight, orders, deadlines, recommendations, and other appropriate orders.",Art. 19(a)–(g),"Right to Information Act, 2064 (2007)",,,,,,
RI102,Constitution & Law,Delegation of Power,Constitutional Provision,Hard,Which power of the Commission may not be delegated under Section 20?,दफा २० अन्तर्गत आयोगको कुन अधिकार प्रत्यायोजन गर्न सकिँदैन?,The power to hear and decide an appeal under Section 9.,दफा ९ अन्तर्गत पुनरावेदन सुन्ने र निर्णय गर्ने अधिकार।,"Section 20 permits delegation of the Commission's functions, duties, or powers except the power to hear and decide an appeal under Section 9.",Art. 20,"Right to Information Act, 2064 (2007)",,,,,,
RI103,Constitution & Law,Office and Administration,Fact Retrieval,Easy,"Where is the central office of the National Information Commission located, and where else may it open offices?",राष्ट्रिय सूचना आयोगको केन्द्रीय कार्यालय कहाँ रहनेछ र आयोगले अन्यत्र कहाँ कार्यालय खोल्न सक्छ?,"The central office is in Kathmandu Valley, and offices may be opened in various places of the country as necessary.",केन्द्रीय कार्यालय काठमाडौं उपत्यकामा रहनेछ र आवश्यकताअनुसार देशका विभिन्न स्थानमा कार्यालय खोल्न सकिन्छ।,Section 21 provides for the central office in Kathmandu Valley and permits offices to be opened in various places of the country as necessary.,Art. 21,"Right to Information Act, 2064 (2007)",,,,,,
RI104,Constitution & Law,Commission Administration and Finance,Multi-hop Factual,Medium,Who is responsible for managing the staff and arranging the necessary budget for the Commission?,आयोगका लागि आवश्यक कर्मचारी र बजेटको व्यवस्था गर्ने जिम्मेवारी कसको हो?,The Government of Nepal.,नेपाल सरकार।,Sections 22(2) and 23(1) provide that the Government of Nepal shall manage the required staff and arrange the necessary budget for the Commission.,"Art. 22(2), Art. 23(1)","Right to Information Act, 2064 (2007)",,,,,,
RI105,Constitution & Law,Commission Finance,Constitutional Provision,Medium,"From what other sources may the Commission receive necessary financial resources, and what condition applies?",आयोगले अन्य क्षेत्रबाट आवश्यक आर्थिक स्रोत प्राप्त गर्न सक्छ भने त्यसमा कुन शर्त लागू हुन्छ?,It may receive necessary financial resources from other sectors after obtaining prior permission from the Government of Nepal.,नेपाल सरकारको पूर्व स्वीकृति लिएपछि अन्य क्षेत्रबाट आवश्यक आर्थिक स्रोत प्राप्त गर्न सक्छ।,Section 23(2) permits the Commission to receive necessary financial resources from other sectors only after obtaining prior permission from the Government of Nepal.,Art. 23(2),"Right to Information Act, 2064 (2007)",,,,,,
RI106,Constitution & Law,Commission Cooperation,Fact Retrieval,Easy,What are Public Bodies required to provide to the Commission in relation to its activities?,आयोगका गतिविधिहरूका सम्बन्धमा सार्वजनिक निकायहरूले के उपलब्ध गराउनुपर्छ?,Necessary cooperation.,आवश्यक सहयोग।,Section 24 requires Public Bodies to provide necessary cooperation in the activities of the Commission.,Art. 24,"Right to Information Act, 2064 (2007)",,,,,,
RI107,Constitution & Law,Annual Report,Multi-hop Factual,Medium,"To whom and through whom must the Commission submit its annual report, and what must it subsequently do with the report?",आयोगले आफ्नो वार्षिक प्रतिवेदन कसलाई र कसको माध्यमबाट पेश गर्नुपर्छ तथा त्यसपछि प्रतिवेदनका सम्बन्धमा के गर्नुपर्छ?,It must submit the annual report of its activities to the Legislature-Parliament through the Prime Minister and publish the report publicly for public notice.,प्रधानमन्त्रीमार्फत व्यवस्थापिका–संसद्मा आफ्नो गतिविधिको वार्षिक प्रतिवेदन पेश गरी सार्वजनिक जानकारीका लागि प्रतिवेदन सार्वजनिक गर्नुपर्छ।,"Section 25(1) establishes the submission route through the Prime Minister to the Legislature-Parliament, while Section 25(2) requires public publication of the report.",Art. 25(1)–(2),"Right to Information Act, 2064 (2007)",,,,,,
RI108,Constitution & Law,Government Relations,Fact Retrieval,Easy,Through which ministry must the Commission contact the Government of Nepal?,आयोगले नेपाल सरकारसँग कुन मन्त्रालयमार्फत सम्पर्क गर्नुपर्छ?,The Ministry of Information and Communication.,सूचना तथा सञ्चार मन्त्रालय।,Section 27 provides that the Commission shall contact the Government of Nepal through the Ministry of Information and Communication.,Art. 27,"Right to Information Act, 2064 (2007)",,,,,,
RI109,Constitution & Law,Information Classification,Fact Retrieval,Easy,Who chairs the committee responsible for classifying information held by Public Bodies at the policy level?,सार्वजनिक निकायमा रहेको सूचनालाई नीतिगत तहमा वर्गीकरण गर्ने समितिको अध्यक्ष को हुन्छ?,The Chief Secretary of the Government of Nepal.,नेपाल सरकारका मुख्य सचिव।,Section 28(1)(a) provides that the Chief Secretary of the Government of Nepal shall chair the information-classification committee.,Art. 28(1)(a),"Right to Information Act, 2064 (2007)",,,,,,
RI110,Constitution & Law,Information Classification,Multi-hop Factual,Medium,Who are the other two members of the committee responsible for classifying information at the policy level?,नीतिगत तहमा सूचना वर्गीकरण गर्ने समितिका अन्य दुई सदस्यहरू को-को हुन्छन्?,The Secretary of the concerned Ministry and an expert in the concerned subject assigned by the Chief of Office or Chairperson.,सम्बन्धित मन्त्रालयका सचिव र कार्यालय प्रमुख वा अध्यक्षले तोकेको सम्बन्धित विषयको विशेषज्ञ।,Section 28(1)(b)–(c) identifies the Secretary of the concerned Ministry and an expert in the concerned subject as the other members.,Art. 28(1)(b)–(c),"Right to Information Act, 2064 (2007)",,,,,,
RI111,Constitution & Law,Information Classification,Constitutional Provision,Medium,What two matters must the information-classification committee determine and report to the Commission regarding classified information?,सूचना वर्गीकरण समितिले वर्गीकृत सूचनाका सम्बन्धमा कुन दुई विषय निर्धारण गरी आयोगलाई जानकारी गराउनुपर्छ?,The number of years the information should remain confidential and the method for protecting the information.,सूचना कति वर्ष गोप्य राख्ने र सूचनाको संरक्षण गर्ने विधि।,Section 28(2) requires the committee to determine the confidentiality period and the method of protecting the information and inform the Commission.,Art. 28(2),"Right to Information Act, 2064 (2007)",,,,,,
RI112,Constitution & Law,Information Classification,Constitutional Provision,Medium,What remedy is available to a person dissatisfied with the classification of information by the committee?,समितिले गरेको सूचना वर्गीकरणबाट असन्तुष्ट व्यक्तिले कुन उपचारको माग गर्न सक्छ?,The person may file a review petition before the Commission to make the information public.,व्यक्तिले सूचना सार्वजनिक गराउन आयोगसमक्ष पुनरावलोकनको निवेदन दिन सक्छ।,Section 28(3) allows a dissatisfied person to file a review petition before the Commission seeking to make the information public.,Art. 28(3),"Right to Information Act, 2064 (2007)",,,,,,
RI113,Constitution & Law,Information Classification,Constitutional Provision,Medium,"What may the Commission do if, during its review, it finds that classified information no longer needs to remain confidential?",पुनरावलोकनका क्रममा वर्गीकृत सूचना गोप्य राखिरहन आवश्यक छैन भन्ने आयोगलाई लागेमा आयोगले के गर्न सक्छ?,It may issue an order to make the information public.,सूचनालाई सार्वजनिक गर्न आदेश दिन सक्छ।,Section 28(4) authorizes the Commission to order the publication of information if it finds that the information need not remain confidential.,Art. 28(4),"Right to Information Act, 2064 (2007)",,,,,,
RI114,Constitution & Law,Information Classification,Fact Retrieval,Easy,What is the maximum period for which information classified as confidential may be kept confidential under Section 28?,दफा २८ अन्तर्गत गोप्य रूपमा वर्गीकृत सूचना अधिकतम कति अवधिसम्म गोप्य राख्न सकिन्छ?,Thirty years.,तीस वर्ष।,"Section 28(5) provides that classified information may be kept confidential for a maximum period of thirty years, according to the nature of the information.",Art. 28(5),"Right to Information Act, 2064 (2007)",,,,,,
RI115,Constitution & Law,Information Classification,Fact Retrieval,Easy,How frequently must the committee review whether information classified as confidential still needs to remain confidential?,गोप्य रूपमा वर्गीकृत सूचना अझै गोप्य राख्न आवश्यक छ वा छैन भनेर समितिले कति अवधिमा पुनरावलोकन गर्नुपर्छ?,Every ten years.,प्रत्येक दस वर्षमा।,Section 28(6) requires the committee to review every ten years whether classified information still needs to remain confidential.,Art. 28(6),"Right to Information Act, 2064 (2007)",,,,,,
RI116,Constitution & Law,Information Classification,Comparison,Hard,How do the maximum confidentiality period and the mandatory review period differ under Section 28?,दफा २८ अन्तर्गत अधिकतम गोपनीयता अवधि र अनिवार्य पुनरावलोकन अवधिबीच के भिन्नता छ?,"Information may be kept confidential for a maximum of thirty years, but the committee must review the need for continued confidentiality every ten years.","सूचना अधिकतम तीस वर्षसम्म गोप्य राख्न सकिन्छ, तर गोपनीयता कायम राख्न आवश्यक छ वा छैन भनेर समितिले प्रत्येक दस वर्षमा पुनरावलोकन गर्नुपर्छ।","Section 28(5) sets a maximum confidentiality period of thirty years, while Section 28(6) requires review every ten years.",Art. 28(5)–(6),"Right to Information Act, 2064 (2007)",,,,,,
RI117,Constitution & Law,Information Classification,Multi-hop Factual,Hard,"After a ten-year review, what options does the committee have if it determines that continued confidentiality is necessary or unnecessary?",दस वर्षको पुनरावलोकनपछि सूचना थप समय गोप्य राख्न आवश्यक वा अनावश्यक ठहरिएमा समितिले के-कस्ता निर्णय गर्न सक्छ?,"It may determine an additional confidentiality period and continue classification as confidential, or classify the information as non-confidential if continued confidentiality is unnecessary.",थप गोपनीयता अवधि तोकी सो अवधिका लागि गोप्य वर्गीकरण कायम राख्न वा गोप्य राख्न आवश्यक नभएमा गैर-गोप्य रूपमा वर्गीकरण गर्न सक्छ।,Section 28(7) allows the committee either to extend confidentiality for a determined period or to classify the information as non-confidential after review.,Art. 28(7),"Right to Information Act, 2064 (2007)",,,,,,
RI118,Constitution & Law,Information Classification,Multi-hop Factual,Hard,"If a person challenges the classification of information and the Commission determines during review that confidentiality is unnecessary, what procedural sequence follows?",कुनै व्यक्तिले सूचना वर्गीकरणलाई चुनौती दिएपछि पुनरावलोकनका क्रममा गोपनीयता आवश्यक छैन भन्ने आयोगले ठहर गरेमा के प्रक्रियागत क्रम लागू हुन्छ?,"The person files a review petition before the Commission, the Commission reviews the classification, and if it finds confidentiality unnecessary, it orders the information to be made public.","व्यक्तिले आयोगसमक्ष पुनरावलोकनको निवेदन दिन्छ, आयोगले वर्गीकरणको पुनरावलोकन गर्छ र गोपनीयता आवश्यक नभएमा सूचना सार्वजनिक गर्न आदेश दिन्छ।",Sections 28(3)–(4) establish the review mechanism and the Commission's authority to order disclosure when continued confidentiality is unnecessary.,Art. 28(3)–(4),"Right to Information Act, 2064 (2007)",,,,,,
RI119,Constitution & Law,Personal Information Protection,Fact Retrieval,Easy,What responsibility does a Public Body have regarding personal information held by it?,सार्वजनिक निकायले आफूसँग रहेको व्यक्तिगत सूचनाका सम्बन्धमा के जिम्मेवारी वहन गर्नुपर्छ?,It must protect the information from unauthorized publication and broadcasting.,अनधिकृत प्रकाशन तथा प्रसारणबाट सूचनाको संरक्षण गर्नुपर्छ।,Section 29(1) requires a Public Body to protect personal information held by it from unauthorized publication and broadcasting.,Art. 29(1),"Right to Information Act, 2064 (2007)",,,,,,
RI120,Constitution & Law,Personal Information Protection,Constitutional Provision,Medium,What is generally required before personal information held by a Public Body may be used?,सार्वजनिक निकायमा रहेको व्यक्तिगत सूचना प्रयोग गर्न सामान्यतया के आवश्यक हुन्छ?,The written consent of the concerned person.,सम्बन्धित व्यक्तिको लिखित सहमति।,"Section 29(2) provides that personal information shall not be used without the written consent of the concerned person, subject to specified exceptions.",Art. 29(2),"Right to Information Act, 2064 (2007)",,,,,,
RI121,Constitution & Law,Personal Information Protection,Multi-hop Factual,Hard,Under what three circumstances may personal information be used without the written consent of the concerned person?,सम्बन्धित व्यक्तिको लिखित सहमतिबिना व्यक्तिगत सूचना कुन तीन अवस्थामा प्रयोग गर्न सकिन्छ?,To prevent a serious threat to a person's life or body or to public health or security; when disclosure is required by prevailing laws; or when required to control corruption offences.,व्यक्तिको जीवन वा शरीर वा सार्वजनिक स्वास्थ्य वा सुरक्षामा गम्भीर खतरा रोक्न; प्रचलित कानूनबमोजिम खुलासा गर्न आवश्यक भएमा; वा भ्रष्टाचारसम्बन्धी अपराध नियन्त्रण गर्न आवश्यक भएमा।,Section 29(2)(a)–(c) provides three exceptions to the general written-consent requirement.,Art. 29(2)(a)–(c),"Right to Information Act, 2064 (2007)",,,,,,
RI122,Constitution & Law,Whistleblower Protection,Constitutional Provision,Medium,"What duty does an employee of a Public Body have regarding ongoing or probable corruption, irregularities, or acts constituting offences?","सार्वजनिक निकायका कर्मचारीले भइरहेको वा सम्भावित भ्रष्टाचार, अनियमितता वा कसुर हुने कार्यका सम्बन्धमा के कर्तव्य पूरा गर्नुपर्छ?",The employee must provide information about them.,त्यस्ता विषयमा सूचना उपलब्ध गराउनुपर्छ।,"Section 30(1) makes it the responsibility of a Public Body employee to provide information about ongoing or probable corruption, irregularities, or acts constituting offences under prevailing laws.",Art. 30(1),"Right to Information Act, 2064 (2007)",,,,,,
RI123,Constitution & Law,Whistleblower Protection,Fact Retrieval,Easy,What duty does the recipient of information have regarding the identity of a whistleblower?,सूचना प्राप्त गर्ने व्यक्तिले सूचनादाताको पहिचानका सम्बन्धमा के कर्तव्य पूरा गर्नुपर्छ?,The recipient must keep the whistleblower's identity confidential.,सूचनादाताको पहिचान गोप्य राख्नुपर्छ।,Section 30(2) requires the person receiving the information to keep the identity of the whistleblower confidential.,Art. 30(2),"Right to Information Act, 2064 (2007)",,,,,,
RI124,Constitution & Law,Whistleblower Protection,Constitutional Provision,Medium,What forms of retaliation against a whistleblower are prohibited for providing information under Section 30?,दफा ३० अन्तर्गत सूचना दिएको कारण सूचनादातामाथि कस्ता प्रतिशोधात्मक कार्य गर्न निषेध गरिएको छ?,"The whistleblower may not be terminated, punished with legal responsibility, or caused loss or harm.","सूचनादातालाई सेवाबाट हटाउन, कानूनी जिम्मेवारीसहित दण्डित गर्न वा कुनै हानि वा क्षति पुर्‍याउन पाइँदैन।","Section 30(3) protects whistleblowers from termination, legal punishment, and loss or harm for providing information.",Art. 30(3),"Right to Information Act, 2064 (2007)",,,,,,
RI125,Constitution & Law,Whistleblower Protection,Multi-hop Factual,Hard,"If a whistleblower is removed from office or otherwise harmed in violation of the protection under Section 30, what remedies may the whistleblower seek?",दफा ३० अन्तर्गतको संरक्षणविपरीत सूचनादातालाई पदबाट हटाइएमा वा अन्यथा हानि पुर्‍याइएमा सूचनादाताले कुन उपचार माग्न सक्छ?,The whistleblower may complain to the Commission and demand revocation of the decision and compensation.,सूचनादाताले आयोगसमक्ष उजुरी गरी निर्णय बदर र क्षतिपूर्तिको माग गर्न सक्छ।,"Section 30(4) allows a complaint to the Commission along with a demand for compensation, and Section 30(5) authorizes the Commission to order revocation of removal and compensation for damages.",Art. 30(4)–(5),"Right to Information Act, 2064 (2007)",,,,,,
RI126,Constitution & Law,Whistleblower Protection,Constitutional Provision,Hard,What may the Commission order if its investigation finds that a whistleblower was removed from office or suffered damage in violation of Section 30(3)?,दफा ३०(३) को उल्लङ्घन गरी सूचनादातालाई पदबाट हटाइएको वा क्षति पुर्‍याइएको पाइएमा आयोगले के आदेश दिन सक्छ?,It may order revocation of the removal decision and compensation for any damage caused to the whistleblower.,पदबाट हटाउने निर्णय बदर गर्न र सूचनादातालाई भएको क्षतिको क्षतिपूर्ति दिन आदेश गर्न सक्छ।,Section 30(5) grants the Commission authority to order revocation of the removal decision and compensation where the complaint is substantiated.,Art. 30(5),"Right to Information Act, 2064 (2007)",,,,,,
RI127,Constitution & Law,Whistleblower Protection,Comparison,Hard,How does the Act protect a whistleblower's identity differently from protecting the whistleblower against retaliation?,ऐनले सूचनादाताको पहिचानको गोपनीयता र प्रतिशोधबाट संरक्षणलाई कसरी फरक रूपमा व्यवस्था गरेको छ?,"The recipient must keep the whistleblower's identity confidential, while the whistleblower is protected from termination, legal punishment, loss, or harm for providing information.","सूचना प्राप्तकर्ताले सूचनादाताको पहिचान गोप्य राख्नुपर्छ भने सूचना दिएको कारण सूचनादातालाई सेवाबाट हटाउने, कानूनी दण्ड दिने वा हानि पुर्‍याउने कार्यबाट संरक्षण गरिन्छ।","Section 30(2) concerns confidentiality of identity, while Section 30(3) prohibits retaliation against the whistleblower.",Art. 30(2)–(3),"Right to Information Act, 2064 (2007)",,,,,,
RI128,Constitution & Law,Misuse of Information,Fact Retrieval,Easy,What restriction applies to a person who obtains information from a Public Body?,सार्वजनिक निकायबाट सूचना प्राप्त गर्ने व्यक्तिमाथि कस्तो प्रतिबन्ध लागू हुन्छ?,The person must not misuse the information or use it for a purpose different from the purpose for which it was obtained.,व्यक्तिले सूचनाको दुरुपयोग गर्न वा जुन प्रयोजनका लागि प्राप्त गरेको हो त्यसबाहेक अन्य प्रयोजनका लागि प्रयोग गर्न हुँदैन।,Section 31(1) prohibits a person who obtains information from a Public Body from misusing it or using it for a purpose other than the purpose considered when obtaining it.,Art. 31(1),"Right to Information Act, 2064 (2007)",,,,,,
RI129,Constitution & Law,Misuse of Information,Fact Retrieval,Medium,Who may complain to the Commission when information obtained from a Public Body is misused?,सार्वजनिक निकायबाट प्राप्त सूचना दुरुपयोग भएमा आयोगसमक्ष कसले उजुरी गर्न सक्छ?,The concerned Public Body.,सम्बन्धित सार्वजनिक निकाय।,Section 31(2) allows the concerned Public Body to complain to the Commission against a person who misuses information in violation of Section 31(1).,Art. 31(2),"Right to Information Act, 2064 (2007)",,,,,,
RI130,Constitution & Law,Personal Information and Misuse,Comparison,Hard,How does the protection of personal information under Section 29 differ from the prohibition on misuse of information under Section 31?,दफा २९ अन्तर्गत व्यक्तिगत सूचनाको संरक्षण र दफा ३१ अन्तर्गत सूचनाको दुरुपयोग निषेधबीच के भिन्नता छ?,"Section 29 restricts unauthorized use and disclosure of personal information, while Section 31 restricts a recipient's misuse of information or use for a purpose different from the purpose for which it was obtained.",दफा २९ ले व्यक्तिगत सूचनाको अनधिकृत प्रयोग तथा प्रकाशनलाई सीमित गर्छ भने दफा ३१ ले प्राप्तकर्ताले सूचनाको दुरुपयोग गर्ने वा प्राप्तिको उद्देश्यभन्दा फरक उद्देश्यमा प्रयोग गर्ने कार्यलाई निषेध गर्छ।,"Section 29 focuses on protecting personal information and consent-based use, while Section 31 focuses on the subsequent use and misuse of information obtained from a Public Body.","Art. 29, Art. 31","Right to Information Act, 2064 (2007)",,,,,,
RI131,Constitution & Law,Information Protection,Multi-hop Factual,Hard,"If a person lawfully obtains information from a Public Body but later uses it for a different purpose from the purpose for which it was obtained, which provision is potentially violated and who may complain?",कुनै व्यक्तिले सार्वजनिक निकायबाट सूचना कानूनी रूपमा प्राप्त गरे पनि पछि प्राप्त गरेको उद्देश्यभन्दा फरक उद्देश्यमा प्रयोग गरेमा कुन प्रावधान सम्भावित रूपमा उल्लङ्घन हुन्छ र कसले उजुरी गर्न सक्छ?,"Section 31 may be violated, and the concerned Public Body may complain to the Commission.",दफा ३१ उल्लङ्घन हुन सक्छ र सम्बन्धित सार्वजनिक निकायले आयोगसमक्ष उजुरी गर्न सक्छ।,"Section 31(1) prohibits use for a different purpose, and Section 31(2) authorizes the concerned Public Body to complain to the Commission.",Art. 31(1)–(2),"Right to Information Act, 2064 (2007)",,,,,,
RI132,Constitution & Law,Information Protection,Multi-hop Factual,Hard,"A person reports probable corruption by a Public Body employee, the recipient discloses the person's identity, and the person is then removed from employment. Which protections under the Act are implicated?",कुनै व्यक्तिले सार्वजनिक निकायका कर्मचारीको सम्भावित भ्रष्टाचारबारे सूचना दिएपछि सूचना प्राप्तकर्ताले उसको पहिचान सार्वजनिक गर्छ र त्यसपछि उसलाई सेवाबाट हटाइन्छ भने ऐनअन्तर्गत कुन संरक्षणहरू प्रभावित हुन्छन्?,The duty to keep the whistleblower's identity confidential and the protection against removal or other harm for providing information.,सूचनादाताको पहिचान गोप्य राख्ने कर्तव्य तथा सूचना दिएको कारण सेवाबाट हटाउने वा अन्य हानि पुर्‍याउने कार्यविरुद्धको संरक्षण।,"Section 30(2) protects the whistleblower's identity, while Section 30(3) prohibits termination or harm for providing information about corruption, irregularities, or offences.",Art. 30(2)–(3),"Right to Information Act, 2064 (2007)",,,,,,
RI133,Constitution & Law,Punishment and Penalties,Fact Retrieval,Easy,"What fine may the Commission impose on the Chief of a Public Body or Information Officer who, without valid reason, withholds, refuses, partially provides, or provides wrong information, or destroys information?","कुनै वैध कारणबिना सूचना लुकाउने, दिन अस्वीकार गर्ने, आंशिक वा गलत सूचना दिने वा सूचना नष्ट गर्ने सार्वजनिक निकायको प्रमुख वा सूचना अधिकारीलाई आयोगले कति जरिवाना गर्न सक्छ?","A fine from NPR 1,000 to NPR 25,000.","रु. १,००० देखि रु. २५,००० सम्म जरिवाना।","Section 32(1) authorizes the Commission to impose a fine of NPR 1,000 to NPR 25,000 for these forms of improper handling of information.",Art. 32(1),"Right to Information Act, 2064 (2007)",,,,,,
RI134,Constitution & Law,Punishment and Penalties,Entity Identification,Medium,"Which two officials may be fined under Section 32(1) for unjustifiably withholding, refusing, partially providing, or providing wrong information, or destroying information?","सूचना लुकाउने, दिन अस्वीकार गर्ने, आंशिक वा गलत सूचना दिने वा सूचना नष्ट गर्ने कार्यका लागि दफा ३२(१) अन्तर्गत कुन दुई पदाधिकारीलाई जरिवाना गर्न सकिन्छ?",The Chief of the Public Body and the Information Officer.,सार्वजनिक निकायको प्रमुख र सूचना अधिकारी।,Section 32(1) specifically applies to the Chief of a Public Body or the Information Officer.,Art. 32(1),"Right to Information Act, 2064 (2007)",,,,,,
RI135,Constitution & Law,Punishment and Penalties,Fact Retrieval,Easy,What is the daily fine for unjustified delay in providing information that should have been provided within the prescribed time?,निर्धारित समयमा उपलब्ध गराउनुपर्ने सूचना बिना कारण ढिला गरी उपलब्ध गराएमा दैनिक कति जरिवाना लाग्छ?,NPR 200 per day of delay.,ढिलाइ भएको प्रत्येक दिन रु. २००।,Section 32(2) provides a fine of NPR 200 for each day of unjustified delay in providing information that was required to be provided on time.,Art. 32(2),"Right to Information Act, 2064 (2007)",,,,,,
RI136,Constitution & Law,Punishment and Penalties,Comparison,Medium,How does the penalty for unjustified delay in providing information differ from the penalty for withholding or improperly handling information?,सूचना उपलब्ध गराउन अनुचित ढिलाइ गरेको जरिवाना र सूचना लुकाउने वा अनुचित रूपमा व्यवस्थापन गरेको जरिवानाबीच के भिन्नता छ?,"Unjustified delay attracts NPR 200 per day of delay, while withholding, refusal, partial or wrong disclosure, or destruction of information may attract a fine of NPR 1,000 to NPR 25,000.","अनुचित ढिलाइमा ढिलाइ भएको प्रत्येक दिन रु. २०० जरिवाना लाग्छ भने सूचना लुकाउने, अस्वीकार गर्ने, आंशिक वा गलत सूचना दिने वा सूचना नष्ट गर्नेलाई रु. १,००० देखि रु. २५,००० सम्म जरिवाना हुन सक्छ।",Sections 32(1) and 32(2) establish separate penalty structures for improper handling of information and unjustified delay.,Art. 32(1)–(2),"Right to Information Act, 2064 (2007)",,,,,,
RI137,Constitution & Law,Departmental Action,Constitutional Provision,Medium,What may the Commission do if the Chief of a Public Body or Information Officer is eligible for departmental action under Section 32(1)?,दफा ३२(१) अन्तर्गत सार्वजनिक निकायको प्रमुख वा सूचना अधिकारीमाथि विभागीय कारबाही गर्नुपर्ने अवस्था भएमा आयोगले के गर्न सक्छ?,It may write to the concerned Public Body for departmental action.,सम्बन्धित सार्वजनिक निकायलाई विभागीय कारबाहीका लागि लेख्न सक्छ।,Section 32(1) allows the Commission to write to the concerned Body for departmental action where the official is eligible for such action.,Art. 32(1),"Right to Information Act, 2064 (2007)",,,,,,
RI138,Constitution & Law,Departmental Action,Fact Retrieval,Medium,Within how long must a Public Body take departmental action after the Commission writes to it under Section 32(1)?,दफा ३२(१) बमोजिम आयोगले लेखेपछि सार्वजनिक निकायले कति समयभित्र विभागीय कारबाही गर्नुपर्छ?,Within three months.,तीन महिनाभित्र।,Section 32(3) requires the Public Body to take departmental action within three months and notify the Commission.,Art. 32(3),"Right to Information Act, 2064 (2007)",,,,,,
RI139,Constitution & Law,Departmental Action,Multi-hop Factual,Hard,"After a Public Body takes departmental action following a recommendation from the Commission, what additional obligation does the Public Body have?",आयोगको सिफारिसपछि सार्वजनिक निकायले विभागीय कारबाही गरेपछि उसको थप दायित्व के हुन्छ?,It must notify the Commission of the departmental action.,आयोगलाई विभागीय कारबाहीबारे जानकारी गराउनुपर्छ।,Section 32(3) requires the Public Body both to take departmental action within three months and notify the Commission of the action taken.,Art. 32(3),"Right to Information Act, 2064 (2007)",,,,,,
RI140,Constitution & Law,Misuse of Information,Fact Retrieval,Medium,What fine may the Commission impose on a person who misuses information obtained from a Public Body instead of using it for the purpose for which it was obtained?,सार्वजनिक निकायबाट प्राप्त सूचना जुन प्रयोजनका लागि प्राप्त गरिएको हो त्यसको सट्टा दुरुपयोग गर्ने व्यक्तिलाई आयोगले कति जरिवाना गर्न सक्छ?,"A fine from NPR 5,000 to NPR 25,000, considering the seriousness of the misuse.","दुरुपयोगको गम्भीरता हेरी रु. ५,००० देखि रु. २५,००० सम्म।","Section 32(4) authorizes a fine of NPR 5,000 to NPR 25,000 based on the seriousness of the misuse.",Art. 32(4),"Right to Information Act, 2064 (2007)",,,,,,
RI141,Constitution & Law,Commission Compliance,Fact Retrieval,Medium,What is the maximum fine the Commission may impose on a person who does not comply with a decision or order issued under the Act?,ऐनबमोजिम जारी गरिएको आयोगको निर्णय वा आदेश पालना नगर्ने व्यक्तिलाई आयोगले अधिकतम कति जरिवाना गर्न सक्छ?,"Up to NPR 10,000.","रु. १०,००० सम्म।","Section 32(5) allows the Commission to impose a fine of up to NPR 10,000 for failure to comply with its decision or order under the Act.",Art. 32(5),"Right to Information Act, 2064 (2007)",,,,,,
RI142,Constitution & Law,Punishment and Penalties,Comparison,Hard,"Which penalty applies specifically to misuse of information, and which penalty applies to failure to comply with a Commission decision or order?",सूचनाको दुरुपयोग र आयोगको निर्णय वा आदेश पालना नगरेमा क्रमशः कुन-कुन जरिवाना लागू हुन्छ?,"Misuse attracts NPR 5,000 to NPR 25,000, while failure to comply with a Commission decision or order may attract up to NPR 10,000.","दुरुपयोगमा रु. ५,००० देखि रु. २५,००० सम्म र आयोगको निर्णय वा आदेश पालना नगरेमा रु. १०,००० सम्म।",Sections 32(4) and 32(5) establish distinct penalties for misuse of information and non-compliance with Commission decisions or orders.,Art. 32(4)–(5),"Right to Information Act, 2064 (2007)",,,,,,
RI143,Constitution & Law,Punishment and Penalties,Multi-hop Factual,Hard,"A Chief of a Public Body unjustifiably delays providing information for five days, while another person misuses information obtained from a Public Body. What penalties may apply in the two cases?",सार्वजनिक निकायको प्रमुखले सूचना उपलब्ध गराउन पाँच दिनसम्म बिना कारण ढिलाइ गरेमा र अर्को व्यक्तिले सार्वजनिक निकायबाट प्राप्त सूचना दुरुपयोग गरेमा दुवै अवस्थामा कस्ता जरिवाना लागू हुन सक्छन्?,"The Chief may be fined NPR 1,000 for the five-day delay, while the person misusing the information may be fined NPR 5,000 to NPR 25,000 depending on the seriousness of the misuse.","प्रमुखलाई पाँच दिनको ढिलाइका लागि रु. १,००० जरिवाना हुन सक्छ भने सूचना दुरुपयोग गर्ने व्यक्तिलाई दुरुपयोगको गम्भीरताअनुसार रु. ५,००० देखि रु. २५,००० सम्म जरिवाना हुन सक्छ।","Under Section 32(2), the delay penalty is NPR 200 per day, resulting in NPR 1,000 for five days. Section 32(4) separately provides a NPR 5,000–25,000 fine for misuse.","Art. 32(2), Art. 32(4)","Right to Information Act, 2064 (2007)",,,,,,
RI144,Constitution & Law,Punishment and Penalties,Multi-hop Factual,Hard,"What are the four distinct monetary penalty structures under Section 32 for improper information handling, unjustified delay, misuse of information, and non-compliance with a Commission decision or order?","सूचना अनुचित रूपमा व्यवस्थापन गर्ने, बिना कारण ढिलाइ गर्ने, सूचना दुरुपयोग गर्ने र आयोगको निर्णय वा आदेश पालना नगर्ने कार्यका लागि दफा ३२ अन्तर्गतका चार फरक मौद्रिक दण्ड संरचना के-के हुन्?","NPR 1,000–25,000 for unjustified withholding, refusal, partial or wrong information, or destruction; NPR 200 per day for unjustified delay; NPR 5,000–25,000 for misuse; and up to NPR 10,000 for non-compliance with a Commission decision or order.","अनुचित रूपमा सूचना लुकाउने, दिन अस्वीकार गर्ने, आंशिक वा गलत सूचना दिने वा सूचना नष्ट गर्नेमा रु. १,०००–२५,०००; बिना कारण ढिलाइमा दैनिक रु. २००; सूचनाको दुरुपयोगमा रु. ५,०००–२५,०००; र आयोगको निर्णय वा आदेश पालना नगरेमा रु. १०,००० सम्म।",Section 32(1)–(5) establishes four separate penalty regimes with different triggering conduct and monetary thresholds.,Art. 32(1)–(5),"Right to Information Act, 2064 (2007)",,,,,,
RI145,Constitution & Law,Compensation,Fact Retrieval,Easy,Who may file a petition for compensation under Section 33?,दफा ३३ अन्तर्गत क्षतिपूर्तिका लागि कसले निवेदन दिन सक्छ?,A person who has suffered loss or damage due to the specified failure or improper handling of information.,तोकिएको सूचना उपलब्ध नगराउने वा अनुचित रूपमा व्यवस्थापन गर्ने कार्यबाट हानि वा क्षति व्यहोरेको व्यक्ति।,"Section 33(1) allows a person who incurs loss or damage due to failure to provide, refusal to provide, partial or wrong information, or destruction of information to file a compensation petition.",Art. 33(1),"Right to Information Act, 2064 (2007)",,,,,,
RI146,Constitution & Law,Compensation,Multi-hop Factual,Medium,What actions by a Chief or Information Officer may give rise to a person's right to seek compensation under Section 33?,प्रमुख वा सूचना अधिकारीका कुन कार्यबाट व्यक्तिलाई दफा ३३ अन्तर्गत क्षतिपूर्ति माग्ने अधिकार उत्पन्न हुन सक्छ?,"Failure to provide information, refusal to provide information, providing partial or wrong information, or destroying information, where the person suffers loss or damage.","सूचना उपलब्ध नगराउनु, सूचना दिन अस्वीकार गर्नु, आंशिक वा गलत सूचना दिनु वा सूचना नष्ट गर्नु, जसबाट व्यक्तिलाई हानि वा क्षति भएको अवस्थामा।",Section 33(1) identifies these four forms of conduct as grounds for seeking compensation when they cause loss or damage.,Art. 33(1),"Right to Information Act, 2064 (2007)",,,,,,
RI147,Constitution & Law,Compensation,Fact Retrieval,Medium,Within what period must a person file a compensation petition before the Commission under Section 33?,दफा ३३ अन्तर्गत व्यक्तिले आयोगसमक्ष क्षतिपूर्तिको निवेदन कति अवधिभित्र दिनुपर्छ?,Within three months.,तीन महिनाभित्र।,"Section 33(1) requires the compensation petition to be filed within three months from the relevant failure, partial or wrong disclosure, or restriction of information.",Art. 33(1),"Right to Information Act, 2064 (2007)",,,,,,
RI148,Constitution & Law,Compensation,Constitutional Provision,Medium,On what basis may the Commission award compensation after investigating a compensation petition?,क्षतिपूर्तिको निवेदनमाथि छानबिन गरेपछि आयोगले कुन आधारमा क्षतिपूर्ति दिन सक्छ?,It may award a reasonable amount based on the actual loss suffered.,भएको वास्तविक क्षतिको आधारमा उचित रकम।,"Section 33(2) provides that, if the petition is found reasonable, the Commission may award a reasonable amount after considering the actual loss.",Art. 33(2),"Right to Information Act, 2064 (2007)",,,,,,
RI149,Constitution & Law,Compensation,Entity Identification,Medium,From whom may the Commission order compensation to be paid when a compensation petition is found reasonable?,क्षतिपूर्तिको निवेदन उचित ठहरिएमा आयोगले क्षतिपूर्ति कसबाट उपलब्ध गराउन आदेश दिन सक्छ?,From the concerned Public Body.,सम्बन्धित सार्वजनिक निकायबाट।,Section 33(2) provides that the Commission may compensate the applicant from the concerned Public Body after considering the actual loss.,Art. 33(2),"Right to Information Act, 2064 (2007)",,,,,,
RI150,Constitution & Law,Appeal,Multi-hop Factual,Hard,What is the difference between the remedy for loss caused by failure to provide information and the remedy against a decision of the Commission under Section 32?,सूचना उपलब्ध नगराउँदा भएको क्षतिका लागि उपलब्ध उपचार र दफा ३२ अन्तर्गत आयोगले गरेको निर्णयविरुद्धको उपचारबीच के भिन्नता छ?,"A person suffering loss or damage may file a compensation petition before the Commission within three months under Section 33, while a person dissatisfied with a Commission decision under Section 32 may appeal to the Appellate Court within thirty-five days under Section 34.",हानि वा क्षति व्यहोरेको व्यक्तिले दफा ३३ अन्तर्गत तीन महिनाभित्र आयोगसमक्ष क्षतिपूर्तिको निवेदन दिन सक्छ भने दफा ३४ अन्तर्गत आयोगको निर्णयबाट असन्तुष्ट व्यक्तिले पैंतीस दिनभित्र पुनरावेदन अदालतमा पुनरावेदन गर्न सक्छ।,"Sections 33 and 34 establish different remedies, deadlines, and forums: compensation before the Commission for qualifying loss, and appeal to the Appellate Court against a Commission decision under Section 32.","Art. 33(1), Art. 34","Right to Information Act, 2064 (2007)",,,,,,
RI151,Constitution & Law,Correction of Information,Fact Retrieval,Easy,Who may apply for the correction of information held by a Public Body that they believe is wrong?,सार्वजनिक निकायमा रहेको सूचना गलत छ भन्ने विश्वास भएमा त्यसको सुधारका लागि कसले आवेदन दिन सक्छ?,Any person who believes that the information is wrong.,सूचना गलत छ भन्ने विश्वास भएको कुनै पनि व्यक्ति।,Section 35(1) allows anyone who believes that information held by a Public Body on a particular matter is wrong to apply for its correction.,Art. 35(1),"Right to Information Act, 2064 (2007)",,,,,,
RI152,Constitution & Law,Correction of Information,Constitutional Provision,Medium,"To whom must an application for correction of wrong information be submitted, and what must accompany the application?",गलत सूचना सच्याउनको लागि आवेदन कसलाई दिनुपर्छ र आवेदनसँगै के पेश गर्नुपर्छ?,It must be submitted to the concerned Chief together with necessary evidence.,सम्बन्धित प्रमुखसमक्ष आवश्यक प्रमाणसहित पेश गर्नुपर्छ।,Section 35(1) requires the application to be made to the concerned Chief and accompanied by necessary evidence.,Art. 35(1),"Right to Information Act, 2064 (2007)",,,,,,
RI153,Constitution & Law,Correction of Information,Procedural Timeline,Medium,What must the Chief do after investigating an application for correction and finding that the information is wrong?,सूचना सच्याउन दिइएको आवेदनमाथि छानबिन गर्दा सूचना गलत पाइएमा प्रमुखले के गर्नुपर्छ?,The Chief must correct the information and inform the applicant within seven days from the date of the application.,प्रमुखले सूचना सच्याई आवेदन दिएको मितिले सात दिनभित्र आवेदकलाई जानकारी गराउनुपर्छ।,"Section 35(2) requires the Chief to conduct the necessary investigation and, if the information is found to be wrong, correct it and inform the applicant within seven days of the application.",Art. 35(2),"Right to Information Act, 2064 (2007)",,,,,,
RI154,Constitution & Law,Good-Faith Protection,Constitutional Provision,Medium,What protection does Section 36 provide to a Chief or Information Officer who performs information-dissemination work in good faith?,दफा ३६ ले सद्भावनापूर्वक सूचना प्रसारसम्बन्धी काम गर्ने प्रमुख वा सूचना अधिकारीलाई कस्तो संरक्षण प्रदान गर्छ?,No case may be filed and no punishment may be imposed against them for such work.,त्यस्तो कामका लागि उनीहरूविरुद्ध मुद्दा चलाउन वा सजाय गर्न पाइँदैन।,Section 36 protects a Chief or Information Officer from legal proceedings and punishment for work related to information dissemination performed in good faith.,Art. 36,"Right to Information Act, 2064 (2007)",,,,,,
RI155,Constitution & Law,Applicable Law and Rule-Making,Comparison,Hard,How does the Act determine which law applies to matters covered by the Act and matters not covered by it?,ऐनमा समेटिएका र ऐनमा नसमेटिएका विषयमा कुन कानून लागू हुने व्यवस्था ऐनले गरेको छ?,"Matters covered by the Act must be dealt with under this Act, while other matters must be dealt with under the prevailing laws.",ऐनमा उल्लिखित विषयहरू यसै ऐनबमोजिम र अन्य विषयहरू प्रचलित कानूनबमोजिम कार्यान्वयन गर्नुपर्छ।,Section 37 establishes the Act as the governing law for matters it covers and refers other matters to prevailing laws.,Art. 37,"Right to Information Act, 2064 (2007)",,,,,,
RI156,Constitution & Law,Rule-Making Authority,Multi-hop Factual,Medium,"Who makes the Rules necessary to implement the objectives of the Act, and what procedural requirement applies before doing so?",ऐनका उद्देश्य कार्यान्वयन गर्न आवश्यक नियम कसले बनाउँछ र नियम बनाउनुअघि कुन प्रक्रियागत आवश्यकता पूरा गर्नुपर्छ?,The Government of Nepal makes the Rules after consultation with the Commission.,आयोगसँग परामर्श गरी नेपाल सरकारले नियम बनाउँछ।,Section 38 authorizes the Government of Nepal to frame necessary Rules upon consultation with the Commission to implement the objectives of the Act.,Art. 38,"Right to Information Act, 2064 (2007)",,,,,,