Question ID,Domain,Subdomain,Question Type,Difficulty,English Question,Nepali Question,Gold Answer (EN),Gold Answer (NE),Explanation,Source ID,Source Title,Source URL,Source Type,Created By,Reviewed By,Status,Notes
CUL001,Culture,Festivals,Fact Retrieval,Easy,For how many days is the Dashain festival traditionally celebrated in Nepal?,नेपालमा दशैं पर्व परम्परागत रूपमा कति दिनसम्म मनाइन्छ?,15,15,"Dashain runs 15 days, from Ghatasthapana to Kojagrat Purnima.",S01,"Ministry of Culture, Tourism and Civil Aviation",https://www.tourism.gov.np,Government,Raunak Sharma,,done,verified fact and citation of listed source.
CUL002,Culture,Festivals,Definition,Easy,What is the name of the day during Tihar when dogs are worshipped?,तिहारमा कुकुरको पूजा गरिने दिनलाई के भनिन्छ?,Kukur Tihar,कुकुर तिहार,The second day of Tihar (Yamapanchak) is dedicated to worshipping dogs.,S01,"Ministry of Culture, Tourism and Civil Aviation",https://www.tourism.gov.np,Government,Raunak Sharma,,done,verified fact and citation of listed source.
CUL003,Culture,Festivals,Fact Retrieval,Easy,Which Nepali festival is known as the festival of lights?,नेपालमा कुन पर्वलाई बत्तीको (उज्यालोको) पर्व भनिन्छ?,Tihar,तिहार,Tihar is celebrated by lighting oil lamps and decorating homes with lights.,S01,"Ministry of Culture, Tourism and Civil Aviation",https://www.tourism.gov.np,Government,Raunak Sharma,,done,verified fact and citation of listed source.
CUL004,Culture,Festivals,Fact Retrieval,Easy,The ritual of Ghatasthapana marks the beginning of which festival?,घटस्थापनाले कुन पर्वको सुरुवातलाई जनाउँछ?,Dashain,दशैं,"Ghatasthapana, the sowing of jamara, is the first day of Dashain.",S01,"Ministry of Culture, Tourism and Civil Aviation",https://www.tourism.gov.np,Government,Raunak Sharma,,done,verified fact and citation of listed source.
CUL005,Culture,Festivals,Fact Retrieval,Easy,On which day of Dashain do elders give tika and jamara to younger family members?,दशैंमा मान्यजनले परिवारका सानालाई कुन दिन टीका र जमरा लगाइदिन्छन्?,Vijaya Dashami,विजयादशमी,"Tika is received on Vijaya Dashami, the tenth day of Dashain.",S01,"Ministry of Culture, Tourism and Civil Aviation",https://www.tourism.gov.np,Government,Raunak Sharma,,done,verified fact and citation of listed source.
CUL006,Culture,Festivals,Definition,Easy,"On the final day of Tihar, sisters put tika on their brothers. What is this day called?",तिहारको अन्तिम दिन दिदीबहिनीले दाजुभाइलाई टीका लगाइदिने दिनलाई के भनिन्छ?,Bhai Tika,भाइटीका,"Bhai Tika, the fifth day of Tihar, honours the bond between brothers and sisters.",S01,"Ministry of Culture, Tourism and Civil Aviation",https://www.tourism.gov.np,Government,Raunak Sharma,,done,verified fact and citation of listed source.
CUL007,Culture,Traditional dress,Definition,Easy,What is the traditional national dress of Nepali men called?,नेपाली पुरुषको परम्परागत राष्ट्रिय पोशाकलाई के भनिन्छ?,Daura Suruwal,दौरा सुरुवाल,Daura Suruwal is the traditional national attire for Nepali men.,S09,Nepal Academy (Nepal Pragya Pratisthan),https://nepalacademy.gov.np,Government,Raunak Sharma,,done,verified fact and citation of listed source.
CUL008,Culture,Food,Definition,Easy,"What is the ring-shaped traditional Nepali rice bread, made especially during festivals, called?",चाडपर्वमा विशेष गरी बनाइने गोलाकार परम्परागत नेपाली रोटीलाई के भनिन्छ?,Sel Roti,सेलरोटी,Sel roti is a ring-shaped rice bread prepared during Dashain and Tihar.,S01,"Ministry of Culture, Tourism and Civil Aviation",https://www.tourism.gov.np,Government,Raunak Sharma,,done,verified fact and citation of listed source.
CUL009,Culture,National symbols,Fact Retrieval,Easy,Which flower is the national flower of Nepal?,नेपालको राष्ट्रिय फूल कुन हो?,Rhododendron (Lali Gurans),लालीगुराँस,Rhododendron arboreum (Lali Gurans) is Nepal's national flower.,S08,Nepal Law Commission - Constitution of Nepal,https://lawcommission.gov.np,Government,Raunak Sharma,,done,verified fact and citation of listed source.
CUL010,Culture,National symbols,Fact Retrieval,Easy,Which bird is the national bird of Nepal?,नेपालको राष्ट्रिय पक्षी कुन हो?,Himalayan Monal (Danphe),डाँफे (हिमाली मोनाल),The Himalayan Monal (Lophophorus impejanus) is the national bird of Nepal.,S12,Department of National Parks and Wildlife Conservation,https://dnpwc.gov.np,Government,Raunak Sharma,,done,verified fact and citation of listed source.
CUL011,Culture,National symbols,Fact Retrieval,Easy,Which animal is the national animal of Nepal?,नेपालको राष्ट्रिय जनावर कुन हो?,Cow,गाई,The cow is designated the national animal of Nepal.,S08,Nepal Law Commission - Constitution of Nepal,https://lawcommission.gov.np,Government,Raunak Sharma,,done,verified fact and citation of listed source.
CUL012,Culture,Calendar,Fact Retrieval,Easy,In which Nepali month does the Nepali New Year begin?,नेपाली नयाँ वर्ष कुन नेपाली महिनाबाट सुरु हुन्छ?,Baishakh,वैशाख,The Nepali New Year (Bikram Sambat) begins on the first day of Baishakh.,S01,"Ministry of Culture, Tourism and Civil Aviation",https://www.tourism.gov.np,Government,Raunak Sharma,,done,verified fact and citation of listed source.
CUL013,Culture,Living traditions,Fact Retrieval,Easy,"In which city is the Kumari Ghar, the official residence of the living goddess Kumari, located?",जीवित देवी कुमारीको आधिकारिक निवास कुमारी घर कुन सहरमा अवस्थित छ?,Kathmandu,काठमाडौं,"The Kumari Ghar stands in Basantapur Durbar Square, Kathmandu.",S05,"Department of Archaeology, Government of Nepal",https://doa.gov.np,Government,Raunak Sharma,,done,verified fact and citation of listed source.
CUL014,Culture,Festivals,Fact Retrieval,Medium,Which festival is celebrated in Bhaktapur to mark the Nepali New Year?,नेपाली नयाँ वर्षको अवसरमा भक्तपुरमा कुन जात्रा मनाइन्छ?,Bisket Jatra,बिस्केट जात्रा,"Bisket Jatra is held in Bhaktapur around Baishakh 1, the Nepali New Year.",S02,Nepal Tourism Board,https://ntb.gov.np,Government,Raunak Sharma,,done,verified fact and citation of listed source.
CUL015,Culture,Festivals,Fact Retrieval,Medium,"The Rato Machhindranath Jatra, Nepal's longest chariot festival, is mainly celebrated in which city?",नेपालको सबैभन्दा लामो रथयात्रा रातो मच्छिन्द्रनाथ जात्रा मुख्य रूपमा कुन सहरमा मनाइन्छ?,Lalitpur (Patan),ललितपुर (पाटन),The Rato Machhindranath chariot procession is centred in Lalitpur (Patan).,S05,"Department of Archaeology, Government of Nepal",https://doa.gov.np,Government,Raunak Sharma,,done,verified fact and citation of listed source.
CUL016,Culture,Festivals,Fact Retrieval,Medium,During which Kathmandu festival is the chariot of the living goddess Kumari pulled through the city?,काठमाडौंको कुन जात्रामा जीवित देवी कुमारीको रथ नगर परिक्रमा गराइन्छ?,Indra Jatra,इन्द्रजात्रा,The Kumari's chariot procession is a highlight of Indra Jatra in Kathmandu.,S05,"Department of Archaeology, Government of Nepal",https://doa.gov.np,Government,Raunak Sharma,,done,verified fact and citation of listed source.
CUL017,Culture,Living traditions,Fact Retrieval,Medium,The living goddess Kumari is traditionally selected from which clan of the Newar community?,जीवित देवी कुमारी परम्परागत रूपमा नेवार समुदायको कुन थरबाट छनोट गरिन्छ?,Shakya clan,शाक्य थर,The Royal Kumari of Kathmandu is chosen from Newar Shakya families.,S11,University textbooks / peer-reviewed publications (cite exact title on verification),N/A - print source,Academic,Raunak Sharma,,done,verified fact and citation of listed source.
CUL018,Culture,Festivals,Fact Retrieval,Medium,Sonam Lhosar is the new year festival of which ethnic community of Nepal?,सोनाम ल्होसार नेपालको कुन जातीय समुदायको नयाँ वर्षको पर्व हो?,Tamang,तामाङ,Sonam Lhosar is celebrated by the Tamang community as their new year.,S01,"Ministry of Culture, Tourism and Civil Aviation",https://www.tourism.gov.np,Government,Raunak Sharma,,done,verified fact and citation of listed source.
CUL019,Culture,Festivals,Fact Retrieval,Medium,Gyalpo Lhosar is celebrated as the new year by which community of Nepal?,ग्याल्पो ल्होसार नेपालको कुन समुदायले नयाँ वर्षका रूपमा मनाउँछ?,Sherpa,शेर्पा,Gyalpo Lhosar is the new year festival of the Sherpa community.,S01,"Ministry of Culture, Tourism and Civil Aviation",https://www.tourism.gov.np,Government,Raunak Sharma,,done,verified fact and citation of listed source.
CUL020,Culture,Festivals,Fact Retrieval,Medium,The Maghi festival is celebrated as the new year by which community of Nepal?,माघी पर्व नेपालको कुन समुदायले नयाँ वर्षका रूपमा मनाउँछ?,Tharu,थारू,Maghi (Maghe Sankranti) is observed as the new year by the Tharu community.,S01,"Ministry of Culture, Tourism and Civil Aviation",https://www.tourism.gov.np,Government,Raunak Sharma,,done,verified fact and citation of listed source.
CUL021,Culture,Festivals,Fact Retrieval,Medium,Yomari Punhi is a traditional festival of which community?,योमरी पुन्ही कुन समुदायको परम्परागत पर्व हो?,Newar,नेवार,"Yomari Punhi, marked by making yomari sweets, is a Newar festival.",S11,University textbooks / peer-reviewed publications (cite exact title on verification),N/A - print source,Academic,Raunak Sharma,,done,verified fact and citation of listed source.
CUL022,Culture,Festivals,Fact Retrieval,Medium,"In the Chhath festival, which deity is worshipped?",छठ पर्वमा कुन देवताको पूजा गरिन्छ?,The Sun God (Surya),सूर्य देवता,"Chhath is dedicated to the Sun God, celebrated mainly in the Madhesh/Terai region.",S01,"Ministry of Culture, Tourism and Civil Aviation",https://www.tourism.gov.np,Government,Raunak Sharma,,done,verified fact and citation of listed source.
CUL023,Culture,Festivals,Fact Retrieval,Medium,"During Haritalika Teej, Hindu women primarily worship which deity?",हरितालिका तीजमा हिन्दू महिलाहरूले मुख्य रूपमा कुन देवताको पूजा गर्छन्?,Lord Shiva,भगवान् शिव,"On Teej, women fast and worship Lord Shiva.",S01,"Ministry of Culture, Tourism and Civil Aviation",https://www.tourism.gov.np,Government,Raunak Sharma,,done,verified fact and citation of listed source.
CUL024,Culture,Festivals,Fact Retrieval,Medium,The Sakela dance is a traditional dance of which community?,साकेला नाच कुन समुदायको परम्परागत नाच हो?,Kirat Rai,किरात राई,Sakela is danced by the Kirat Rai community during Ubhauli and Udhauli.,S11,University textbooks / peer-reviewed publications (cite exact title on verification),N/A - print source,Academic,Raunak Sharma,,done,verified fact and citation of listed source.
CUL025,Culture,Music and arts,Fact Retrieval,Medium,The Deuda song and dance tradition belongs mainly to which region of Nepal?,देउडा गीत तथा नाच मुख्य रूपमा नेपालको कुन क्षेत्रसँग सम्बन्धित छ?,Far-western Nepal (Sudurpashchim),सुदूरपश्चिम क्षेत्र,Deuda is the characteristic folk song-dance of far-western Nepal.,S09,Nepal Academy (Nepal Pragya Pratisthan),https://nepalacademy.gov.np,Government,Raunak Sharma,,done,verified fact and citation of listed source.
CUL026,Culture,Music and arts,Fact Retrieval,Medium,The sarangi is traditionally associated with which occupational musician community of Nepal?,सारङ्गी वाद्ययन्त्र परम्परागत रूपमा नेपालको कुन गायक समुदायसँग सम्बन्धित छ?,Gandharva (Gaine),गन्धर्व (गाइने),The Gandharva (Gaine) community are the traditional sarangi-playing minstrels.,S11,University textbooks / peer-reviewed publications (cite exact title on verification),N/A - print source,Academic,Raunak Sharma,,done,verified fact and citation of listed source.
CUL027,Culture,Music and arts,Definition,Medium,What is the ensemble of five traditional Nepali musical instruments played at weddings and ceremonies called?,विवाह तथा शुभ कार्यमा बजाइने पाँच परम्परागत नेपाली बाजाको समूहलाई के भनिन्छ?,Panche Baja,पञ्चे बाजा,Panche Baja is the traditional five-instrument ensemble used in ceremonies.,S09,Nepal Academy (Nepal Pragya Pratisthan),https://nepalacademy.gov.np,Government,Raunak Sharma,,done,verified fact and citation of listed source.
CUL028,Culture,Music and arts,Fact Retrieval,Medium,Mithila folk art of Nepal is primarily associated with which city?,नेपालको मिथिला लोककला मुख्य रूपमा कुन सहरसँग सम्बन्धित छ?,Janakpur,जनकपुर,"Mithila painting flourishes in the Janakpur region, heart of ancient Mithila.",S11,University textbooks / peer-reviewed publications (cite exact title on verification),N/A - print source,Academic,Raunak Sharma,,done,verified fact and citation of listed source.
CUL029,Culture,Language,Fact Retrieval,Medium,The language of the Newar community is also known by which name?,नेवार समुदायको भाषालाई अर्को कुन नामले चिनिन्छ?,Nepal Bhasa,नेपालभाषा,The Newar language is officially known as Nepal Bhasa.,S09,Nepal Academy (Nepal Pragya Pratisthan),https://nepalacademy.gov.np,Government,Raunak Sharma,,done,verified fact and citation of listed source.
CUL030,Culture,Food,Fact Retrieval,Medium,The famous 'Juju Dhau' (king of yogurts) is a speciality of which city?,प्रसिद्ध 'जुजु धौ' (दहीको राजा) कुन सहरको विशेष परिकार हो?,Bhaktapur,भक्तपुर,"Juju Dhau, a rich custard-like yogurt, is a traditional speciality of Bhaktapur.",S02,Nepal Tourism Board,https://ntb.gov.np,Government,Raunak Sharma,,done,verified fact and citation of listed source.
CUL031,Culture,Heritage,Fact Retrieval,Medium,The five-storey Nyatapola temple is located in which city?,पाँचतले न्यातपोल मन्दिर कुन सहरमा अवस्थित छ?,Bhaktapur,भक्तपुर,"Nyatapola, Nepal's tallest pagoda temple, stands in Taumadhi Square, Bhaktapur.",S05,"Department of Archaeology, Government of Nepal",https://doa.gov.np,Government,Raunak Sharma,,done,verified fact and citation of listed source.
CUL032,Culture,National symbols,Fact Retrieval,Medium,What is the title of Nepal's national anthem?,नेपालको राष्ट्रिय गानको शीर्षक के हो?,Sayaun Thunga Phulka,सयौँ थुँगा फूलका,"Nepal's national anthem, adopted in 2007, is 'Sayaun Thunga Phulka'.",S08,Nepal Law Commission - Constitution of Nepal,https://lawcommission.gov.np,Government,Raunak Sharma,,done,verified fact and citation of listed source.
CUL033,Culture,National symbols,Fact Retrieval,Medium,Who composed the music of Nepal's national anthem?,नेपालको राष्ट्रिय गानको सङ्गीत कसले रचना गरेका हुन्?,Amber Gurung,अम्बर गुरुङ,The music of 'Sayaun Thunga Phulka' was composed by Amber Gurung.,S09,Nepal Academy (Nepal Pragya Pratisthan),https://nepalacademy.gov.np,Government,Raunak Sharma,,done,verified fact and citation of listed source.
CUL034,Culture,Sports,Fact Retrieval,Medium,Which sport was declared the national sport of Nepal in 2017?,सन् 2017 मा नेपालको राष्ट्रिय खेल कुन खेललाई घोषणा गरियो?,Volleyball,भलिबल,The Government of Nepal declared volleyball the national sport in 2017.,S14,Ministry of Youth and Sports,https://moys.gov.np,Government,Raunak Sharma,,done,verified fact and citation of listed source.
CUL035,Culture,Calendar,Fact Retrieval,Medium,"National Paddy Day (Dhan Diwas), celebrating rice planting, falls on which date of the Nepali calendar?",राष्ट्रिय धान दिवस नेपाली पात्रोअनुसार कुन दिन मनाइन्छ?,Asar 15,असार 15,"Asar 15 is observed as National Paddy Day, marked by planting rice and eating dahi-chiura.",S01,"Ministry of Culture, Tourism and Civil Aviation",https://www.tourism.gov.np,Government,Raunak Sharma,,done,verified fact and citation of listed source.
CUL036,Culture,Festivals,Fact Retrieval,Hard,Which Malla king is credited with adding humour and satire to the Gai Jatra festival?,गाईजात्रा पर्वमा हास्यव्यङ्ग्य थप्ने श्रेय कुन मल्ल राजालाई दिइन्छ?,Pratap Malla,प्रताप मल्ल,King Pratap Malla introduced comedy to Gai Jatra to console his grieving queen.,S11,University textbooks / peer-reviewed publications (cite exact title on verification),N/A - print source,Academic,Raunak Sharma,,done,verified fact and citation of listed source.
CUL037,Culture,Festivals,Fact Retrieval,Hard,"Mha Puja, celebrated by the Newar community, marks the new year of which calendar era?",नेवार समुदायले मनाउने म्हपूजाले कुन संवत्को नयाँ वर्षलाई जनाउँछ?,Nepal Sambat,नेपाल संवत्,Mha Puja falls on the first day of the Nepal Sambat calendar era.,S09,Nepal Academy (Nepal Pragya Pratisthan),https://nepalacademy.gov.np,Government,Raunak Sharma,,done,verified fact and citation of listed source.
CUL038,Culture,Calendar,Fact Retrieval,Hard,Who is credited with starting the Nepal Sambat era by paying off the people's debts?,जनताको ऋण तिरिदिएर नेपाल संवत् सुरु गरेको श्रेय कसलाई दिइन्छ?,Shankhadhar Sakhwa,शङ्खधर साख्वा,"Shankhadhar Sakhwa, a national luminary, is credited with founding Nepal Sambat.",S09,Nepal Academy (Nepal Pragya Pratisthan),https://nepalacademy.gov.np,Government,Raunak Sharma,,done,verified fact and citation of listed source.
CUL039,Culture,Music and arts,Definition,Hard,What is the traditional Newar religious scroll painting called?,नेवार समुदायको परम्परागत धार्मिक चित्रकलालाई के भनिन्छ?,Paubha,पौभा,"Paubha is the traditional Newar religious painting form, related to the Tibetan thangka.",S11,University textbooks / peer-reviewed publications (cite exact title on verification),N/A - print source,Academic,Raunak Sharma,,done,verified fact and citation of listed source.
CUL040,Culture,Heritage,Fact Retrieval,Hard,Which Nepali historian proposed the name 'Sagarmatha' for Mount Everest?,सगरमाथा नाम प्रस्ताव गर्ने नेपाली इतिहासकार को हुन्?,Baburam Acharya,बाबुराम आचार्य,Historian Baburam Acharya proposed the Nepali name Sagarmatha for Mount Everest.,S09,Nepal Academy (Nepal Pragya Pratisthan),https://nepalacademy.gov.np,Government,Raunak Sharma,,done,verified fact and citation of listed source.
CUL041,Culture,Heritage,Fact Retrieval,Hard,Which Malla king built the Nyatapola temple?,न्यातपोल मन्दिर कुन मल्ल राजाले निर्माण गराएका थिए?,Bhupatindra Malla,भूपतीन्द्र मल्ल,King Bhupatindra Malla of Bhaktapur built the Nyatapola temple (1702).,S05,"Department of Archaeology, Government of Nepal",https://doa.gov.np,Government,Raunak Sharma,,done,verified fact and citation of listed source.
CUL042,Culture,National symbols,Fact Retrieval,Hard,Who wrote the lyrics of Nepal's national anthem 'Sayaun Thunga Phulka'?,राष्ट्रिय गान 'सयौँ थुँगा फूलका' का शब्द रचयिता को हुन्?,Byakul Maila,व्याकुल माइला,The lyrics were written by poet Byakul Maila (Pradeep Kumar Rai).,S09,Nepal Academy (Nepal Pragya Pratisthan),https://nepalacademy.gov.np,Government,Raunak Sharma,,done,verified fact and citation of listed source.
CUL043,Culture,National symbols,Fact Retrieval,Easy,Which two celestial symbols appear on the national flag of Nepal?,नेपालको राष्ट्रिय झन्डामा कुन दुई आकाशीय चिह्न अंकित छन्?,Moon and Sun,चन्द्र र सूर्य,Nepal's flag carries a white moon on the upper pennon and a sun on the lower.,S08,Nepal Law Commission - Constitution of Nepal,https://lawcommission.gov.np,Government,Raunak Sharma,,done,verified fact and citation of listed source.
CUL044,Culture,National symbols,Fact Retrieval,Easy,What is the base colour of the national flag of Nepal?,नेपालको राष्ट्रिय झन्डाको मुख्य रङ के हो?,Crimson red,सिम्रिक रातो,"The flag's base colour is crimson, Nepal's national colour.",S08,Nepal Law Commission - Constitution of Nepal,https://lawcommission.gov.np,Government,Raunak Sharma,,done,verified fact and citation of listed source.
CUL045,Culture,National symbols,Fact Retrieval,Easy,What is the border colour of the national flag of Nepal?,नेपालको राष्ट्रिय झन्डाको किनाराको रङ के हो?,Blue,नीलो,The crimson flag is edged with a blue border.,S08,Nepal Law Commission - Constitution of Nepal,https://lawcommission.gov.np,Government,Raunak Sharma,,done,verified fact and citation of listed source.
CUL046,Culture,Traditions,Definition,Easy,What is the traditional Nepali greeting made with joined palms called?,हत्केला जोडेर गरिने परम्परागत नेपाली अभिवादनलाई के भनिन्छ?,Namaste,नमस्ते,Namaste (Namaskar) is the customary Nepali greeting with joined palms.,S01,"Ministry of Culture, Tourism and Civil Aviation",https://www.tourism.gov.np,Government,Raunak Sharma,,done,verified fact and citation of listed source.
CUL047,Culture,Handicrafts,Definition,Easy,What is the curved traditional Nepali knife called?,बाङ्गो आकारको परम्परागत नेपाली हतियार (चक्कु) लाई के भनिन्छ?,Khukuri,खुकुरी,The khukuri is Nepal's iconic curved blade.,S01,"Ministry of Culture, Tourism and Civil Aviation",https://www.tourism.gov.np,Government,Raunak Sharma,,done,verified fact and citation of listed source.
CUL048,Culture,Handicrafts,Fact Retrieval,Easy,The khukuri is famously associated with which Nepali soldiers?,खुकुरी कुन नेपाली सैनिकहरूसँग प्रख्यात रूपमा जोडिएको छ?,Gurkha soldiers,गोर्खा (गोर्खाली) सैनिक,The khukuri is the signature weapon of the Gurkha soldiers.,S01,"Ministry of Culture, Tourism and Civil Aviation",https://www.tourism.gov.np,Government,Raunak Sharma,,done,verified fact and citation of listed source.
CUL049,Culture,Handicrafts,Definition,Easy,What is the woven bamboo basket carried on the back with a head strap called in Nepal?,नाम्लोको सहायताले बोकिने बाँसको बुनेको टोकरीलाई नेपालमा के भनिन्छ?,Doko,डोको,The doko is the traditional bamboo carrying basket of Nepal.,S01,"Ministry of Culture, Tourism and Civil Aviation",https://www.tourism.gov.np,Government,Raunak Sharma,,done,verified fact and citation of listed source.
CUL050,Culture,Traditional dress,Definition,Easy,"What is the traditional dress of Nepali women, consisting of a blouse and a long wrapped skirt, called?",चोलो र लामो फरिया/गुन्यू सहितको नेपाली महिलाको परम्परागत पोशाकलाई के भनिन्छ?,Gunyo Cholo,गुन्यू चोलो,Gunyo Cholo is the traditional attire of Nepali women and girls.,S01,"Ministry of Culture, Tourism and Civil Aviation",https://www.tourism.gov.np,Government,Raunak Sharma,,done,verified fact and citation of listed source.
CUL051,Culture,Traditional dress,Definition,Easy,What is the traditional Nepali cap woven from patterned Dhaka fabric called?,ढाका कपडाबाट बनेको परम्परागत नेपाली टोपीलाई के भनिन्छ?,Dhaka Topi,ढाका टोपी,The Dhaka topi is the patterned traditional cap of Nepali men.,S01,"Ministry of Culture, Tourism and Civil Aviation",https://www.tourism.gov.np,Government,Raunak Sharma,,done,verified fact and citation of listed source.
CUL052,Culture,Festivals,Fact Retrieval,Easy,During which festival do groups go house to house singing Deusi and Bhailo?,कुन पर्वमा टोली-टोली बनाएर घरघरमा देउसी र भैलो खेलिन्छ?,Tihar,तिहार,Deusi and Bhailo songs are performed door to door during Tihar.,S01,"Ministry of Culture, Tourism and Civil Aviation",https://www.tourism.gov.np,Government,Raunak Sharma,,done,verified fact and citation of listed source.
CUL053,Culture,Language,Fact Retrieval,Easy,"According to the 2021 census, which language is spoken as a mother tongue by the largest number of Nepalis?",सन् 2021 को जनगणनाअनुसार सबैभन्दा धेरै नेपालीको मातृभाषा कुन हो?,Nepali,नेपाली,Nepali is the most widely spoken mother tongue in Nepal.,S07,National Statistics Office - Census 2021,https://censusnepal.cbs.gov.np,Government,Raunak Sharma,,done,verified fact and citation of listed source.
CUL054,Culture,Language,Fact Retrieval,Easy,What is the official language of Nepal as stated in the Constitution?,संविधानअनुसार नेपालको सरकारी कामकाजको भाषा कुन हो?,Nepali (in Devanagari script),देवनागरी लिपिको नेपाली,The Constitution designates Nepali in Devanagari script as the official language.,S08,Nepal Law Commission - Constitution of Nepal,https://lawcommission.gov.np,Government,Raunak Sharma,,done,verified fact and citation of listed source.
CUL055,Culture,Music and arts,Definition,Easy,"What is the most popular traditional Nepali folk drum, played with both hands on two heads, called?",दुवै हातले दुवैतिर बजाइने सबैभन्दा लोकप्रिय परम्परागत नेपाली बाजालाई के भनिन्छ?,Madal,मादल,The madal is the backbone of Nepali folk music.,S09,Nepal Academy (Nepal Pragya Pratisthan),https://nepalacademy.gov.np,Government,Raunak Sharma,,done,verified fact and citation of listed source.
CUL056,Culture,Festivals,Definition,Easy,What is the tall bamboo swing erected during Dashain called?,दशैंमा गाडिने अग्लो बाँसको पिङलाई के भनिन्छ?,Linge Ping,लिङ्गे पिङ,Tall bamboo linge ping swings are erected across Nepal during Dashain.,S01,"Ministry of Culture, Tourism and Civil Aviation",https://www.tourism.gov.np,Government,Raunak Sharma,,done,verified fact and citation of listed source.
CUL057,Culture,Festivals,Fact Retrieval,Easy,Which bird is worshipped on the first day of Tihar?,तिहारको पहिलो दिन कुन पन्छीको पूजा गरिन्छ?,Crow,काग,"Kaag Tihar, the first day, is dedicated to the crow, messenger of Yama.",S01,"Ministry of Culture, Tourism and Civil Aviation",https://www.tourism.gov.np,Government,Raunak Sharma,,done,verified fact and citation of listed source.
CUL058,Culture,Festivals,Definition,Easy,"What is the red mark of rice, curd and vermilion applied on the forehead during Dashain called?","दशैंमा निधारमा लगाइने चामल, दही र अबिरको रातो चिनोलाई के भनिन्छ?",Tika,टीका,Elders bless juniors with tika and jamara during Dashain.,S01,"Ministry of Culture, Tourism and Civil Aviation",https://www.tourism.gov.np,Government,Raunak Sharma,,done,verified fact and citation of listed source.
CUL059,Culture,National symbols,Fact Retrieval,Medium,Nepal's national flag is unique in the world because it is not of which common shape?,नेपालको राष्ट्रिय झन्डा कुन साधारण आकारको नभएकाले विश्वमै अद्वितीय मानिन्छ?,Quadrilateral (rectangular),चतुर्भुज (आयताकार),"Nepal's is the world's only non-quadrilateral national flag, made of two pennons.",S08,Nepal Law Commission - Constitution of Nepal,https://lawcommission.gov.np,Government,Raunak Sharma,,done,verified fact and citation of listed source.
CUL060,Culture,National symbols,Fact Retrieval,Medium,In which year was Nepal's current national anthem 'Sayaun Thunga Phulka' adopted?,नेपालको हालको राष्ट्रिय गान 'सयौँ थुँगा फूलका' कुन वर्ष अपनाइयो?,2007,2007,Sayaun Thunga Phulka' was adopted as the national anthem in 2007.,S08,Nepal Law Commission - Constitution of Nepal,https://lawcommission.gov.np,Government,Raunak Sharma,,done,verified fact and citation of listed source.
CUL061,Culture,Language,Fact Retrieval,Medium,"According to the 2021 census, which is the second most spoken mother tongue in Nepal?",सन् 2021 को जनगणनाअनुसार नेपालको दोस्रो धेरै बोलिने मातृभाषा कुन हो?,Maithili,मैथिली,Maithili is the second most spoken mother tongue in Nepal.,S07,National Statistics Office - Census 2021,https://censusnepal.cbs.gov.np,Government,Raunak Sharma,,done,verified fact and citation of listed source.
CUL062,Culture,Demographics,Fact Retrieval,Medium,"According to the 2021 census, which is the largest caste/ethnic group of Nepal by population?",सन् 2021 को जनगणनाअनुसार जनसंख्याका आधारमा नेपालको सबैभन्दा ठूलो जातजाति कुन हो?,Chhetri,क्षेत्री,Chhetri is the largest caste/ethnic group recorded in the census.,S07,National Statistics Office - Census 2021,https://censusnepal.cbs.gov.np,Government,Raunak Sharma,,done,verified fact and citation of listed source.
CUL063,Culture,Performing arts,Fact Retrieval,Medium,Nepal's famous comedy duo 'MaHa Jodi' consists of Haribansha Acharya and which other artist?,नेपालको प्रसिद्ध हास्य जोडी 'मह जोडी' मा हरिवंश आचार्यसँगै अर्का कलाकार को छन्?,Madan Krishna Shrestha,मदनकृष्ण श्रेष्ठ,MaHa Jodi is formed by Madan Krishna Shrestha and Haribansha Acharya.,S09,Nepal Academy (Nepal Pragya Pratisthan),https://nepalacademy.gov.np,Government,Raunak Sharma,,done,verified fact and citation of listed source.
CUL064,Culture,Music and arts,Fact Retrieval,Medium,Which singer is honoured as the 'Swar Samrat' (emperor of voice) of Nepali music?,नेपाली सङ्गीतका 'स्वरसम्राट्' भनेर कुन गायकलाई सम्मान गरिन्छ?,Narayan Gopal,नारायणगोपाल,Narayan Gopal Guruwacharya is revered as Swar Samrat.,S09,Nepal Academy (Nepal Pragya Pratisthan),https://nepalacademy.gov.np,Government,Raunak Sharma,,done,verified fact and citation of listed source.
CUL065,Culture,Music and arts,Definition,Medium,What is the improvised question-and-answer duet folk song tradition of Nepal called?,प्रश्नोत्तर शैलीमा तत्काल रचेर गाइने नेपाली लोक दोहोरी गायन परम्परालाई के भनिन्छ?,Dohori,दोहोरी,Dohori is an improvised duet folk singing contest between two sides.,S09,Nepal Academy (Nepal Pragya Pratisthan),https://nepalacademy.gov.np,Government,Raunak Sharma,,done,verified fact and citation of listed source.
CUL066,Culture,Music and arts,Fact Retrieval,Medium,The Tamang Selo musical genre is traditionally accompanied by which drum?,तामाङ सेलो सङ्गीत परम्परागत रूपमा कुन बाजाको तालमा गाइन्छ?,Damphu,डम्फु,Tamang Selo songs are sung to the beat of the damphu drum.,S09,Nepal Academy (Nepal Pragya Pratisthan),https://nepalacademy.gov.np,Government,Raunak Sharma,,done,verified fact and citation of listed source.
CUL067,Culture,Music and arts,Fact Retrieval,Medium,The Dhan Nach (paddy dance) is a traditional dance of which community?,धाननाच कुन समुदायको परम्परागत नाच हो?,Limbu,लिम्बू,The Dhan Nach is a signature dance of the Limbu community.,S09,Nepal Academy (Nepal Pragya Pratisthan),https://nepalacademy.gov.np,Government,Raunak Sharma,,done,verified fact and citation of listed source.
CUL068,Culture,Music and arts,Fact Retrieval,Medium,The Ghatu dance is traditionally performed by which community of Nepal?,घाटु नाच परम्परागत रूपमा नेपालको कुन समुदायले प्रस्तुत गर्छ?,Gurung,गुरुङ,The Ghatu is a ritual narrative dance of the Gurung community.,S09,Nepal Academy (Nepal Pragya Pratisthan),https://nepalacademy.gov.np,Government,Raunak Sharma,,done,verified fact and citation of listed source.
CUL069,Culture,Music and arts,Fact Retrieval,Medium,The Lakhe masked demon dance belongs to which community?,लाखे नाच कुन समुदायको परम्परागत नाच हो?,Newar,नेवार,"The Lakhe demon-mask dance is performed by Newars, notably during Indra Jatra.",S09,Nepal Academy (Nepal Pragya Pratisthan),https://nepalacademy.gov.np,Government,Raunak Sharma,,done,verified fact and citation of listed source.
CUL070,Culture,Festivals,Fact Retrieval,Medium,The Ghode Jatra horse festival is held at which parade ground of Kathmandu?,घोडेजात्रा काठमाडौंको कुन मैदानमा आयोजना गरिन्छ?,Tundikhel,टुँडिखेल,The army displays horsemanship at Tundikhel during Ghode Jatra.,S05,"Department of Archaeology, Government of Nepal",https://doa.gov.np,Government,Raunak Sharma,,done,verified fact and citation of listed source.
CUL071,Culture,Festivals,Fact Retrieval,Medium,Mata Tirtha Aunsi is observed in honour of which family member?,मातातीर्थ औंसी कुन परिवारका सदस्यको सम्मानमा मनाइन्छ?,Mother,आमा,Mata Tirtha Aunsi is Nepali Mother's Day.,S01,"Ministry of Culture, Tourism and Civil Aviation",https://www.tourism.gov.np,Government,Raunak Sharma,,done,verified fact and citation of listed source.
CUL072,Culture,Festivals,Fact Retrieval,Medium,Kushe Aunsi is observed in honour of which family member?,कुशे औंसी कुन परिवारका सदस्यको सम्मानमा मनाइन्छ?,Father,बुबा,Kushe Aunsi is observed as Father's Day in Nepal.,S01,"Ministry of Culture, Tourism and Civil Aviation",https://www.tourism.gov.np,Government,Raunak Sharma,,done,verified fact and citation of listed source.
CUL073,Culture,Festivals,Fact Retrieval,Medium,The Gaura festival is mainly celebrated in which province/region of Nepal?,गौरा पर्व मुख्य रूपमा नेपालको कुन प्रदेश/क्षेत्रमा मनाइन्छ?,Sudurpashchim (far-western region),सुदूरपश्चिम क्षेत्र,Gaura is the signature festival of far-western Nepal.,S01,"Ministry of Culture, Tourism and Civil Aviation",https://www.tourism.gov.np,Government,Raunak Sharma,,done,verified fact and citation of listed source.
CUL074,Culture,Festivals,Definition,Medium,"What is the seventh day of Dashain, when the sacred kalash and flowers are brought in procession, called?","दशैंको सातौँ दिन, जुन दिन फूलपाती भित्र्याइन्छ, त्यसलाई के भनिन्छ?",Fulpati,फूलपाती,Fulpati marks the seventh day of Dashain.,S01,"Ministry of Culture, Tourism and Civil Aviation",https://www.tourism.gov.np,Government,Raunak Sharma,,done,verified fact and citation of listed source.
CUL075,Culture,Festivals,Fact Retrieval,Medium,"Which animal is worshipped on the third day of Tihar, the same day as Laxmi Puja?","तिहारको तेस्रो दिन, लक्ष्मीपूजाकै दिन, कुन जनावरको पूजा गरिन्छ?",Cow,गाई,Gai Tihar (cow worship) falls on the morning of Laxmi Puja day.,S01,"Ministry of Culture, Tourism and Civil Aviation",https://www.tourism.gov.np,Government,Raunak Sharma,,done,verified fact and citation of listed source.
CUL076,Culture,Festivals,Fact Retrieval,Medium,Which animal is worshipped on the fourth day of Tihar (Goru Puja)?,तिहारको चौथो दिन (गोरु पूजा) कुन जनावरको पूजा गरिन्छ?,Ox,गोरु,The fourth day of Tihar includes Goru (ox) and Govardhan puja; Newars perform Mha Puja the same day.,S01,"Ministry of Culture, Tourism and Civil Aviation",https://www.tourism.gov.np,Government,Raunak Sharma,,done,verified fact and citation of listed source.
CUL077,Culture,Festivals,Fact Retrieval,Medium,"Traditionally, the Bhailo songs of Tihar are sung primarily by which group?",परम्परागत रूपमा तिहारको भैलो मुख्यतया कसले गाउने चलन छ?,Girls/women,केटी तथा महिला,Traditionally girls sing Bhailo and boys sing Deusi during Tihar.,S01,"Ministry of Culture, Tourism and Civil Aviation",https://www.tourism.gov.np,Government,Raunak Sharma,,done,verified fact and citation of listed source.
CUL078,Culture,Food,Definition,Medium,"What is the thin Newar rice-flour crepe, often topped with egg or minced meat, called?",अण्डा वा मासुका परिकार राखेर बनाइने नेवारी चामलको पातलो रोटीलाई के भनिन्छ?,Chatamari,चतामरी,"Chatamari is a Newar rice-flour crepe, nicknamed the 'Newari pizza'.",S02,Nepal Tourism Board,https://ntb.gov.np,Government,Raunak Sharma,,done,verified fact and citation of listed source.
CUL079,Culture,Food,Definition,Medium,What is the traditional Nepali dish of fermented leafy green vegetables called?,गुन्द्रुक भनेर चिनिने परिकार केबाट बनाइन्छ भन्ने प्रश्नको सट्टा: अमिल्याएर सुकाइएको सागबाट बनेको परम्परागत नेपाली परिकारलाई के भनिन्छ?,Gundruk,गुन्द्रुक,"Gundruk is fermented and dried leafy greens, a staple of Nepali cuisine.",S01,"Ministry of Culture, Tourism and Civil Aviation",https://www.tourism.gov.np,Government,Raunak Sharma,,done,verified fact and citation of listed source.
CUL080,Culture,Food,Definition,Medium,What is the thick traditional Nepali porridge cooked from millet or buckwheat flour called?,कोदो वा फापरको पीठोबाट पकाइने बाक्लो परम्परागत नेपाली खानालाई के भनिन्छ?,Dhindo,ढिँडो,"Dhindo is a thick flour porridge, a traditional staple of the hills.",S01,"Ministry of Culture, Tourism and Civil Aviation",https://www.tourism.gov.np,Government,Raunak Sharma,,done,verified fact and citation of listed source.
CUL081,Culture,Food,Definition,Medium,What is the hardened traditional cheese made from yak or chauri milk in the Himalayan region called?,हिमाली क्षेत्रमा चौँरीको दूधबाट बनाइने कडा परम्परागत चीजलाई के भनिन्छ?,Chhurpi,छुर्पी,Chhurpi is the hardened cheese of Nepal's Himalayan communities.,S01,"Ministry of Culture, Tourism and Civil Aviation",https://www.tourism.gov.np,Government,Raunak Sharma,,done,verified fact and citation of listed source.
CUL082,Culture,Food,Definition,Medium,What is the roasted barley flour staple food of Nepal's Himalayan communities called?,"हिमाली समुदायको मुख्य खाना, भुटेको जौको पीठोलाई के भनिन्छ?",Tsampa (Sattu),साम्पा (सातु),"Tsampa, roasted barley flour, is a Himalayan staple.",S01,"Ministry of Culture, Tourism and Civil Aviation",https://www.tourism.gov.np,Government,Raunak Sharma,,done,verified fact and citation of listed source.
CUL083,Culture,Food,Fact Retrieval,Medium,The renowned Thakali cuisine of Nepal originates from which region?,प्रसिद्ध थकाली खाना नेपालको कुन क्षेत्रबाट आएको हो?,"Thak Khola, Mustang","थाकखोला, मुस्ताङ","Thakali cuisine comes from the Thakali community of Thak Khola, Mustang.",S02,Nepal Tourism Board,https://ntb.gov.np,Government,Raunak Sharma,,done,verified fact and citation of listed source.
CUL084,Culture,Food,Fact Retrieval,Medium,The yomari sweet is traditionally filled with which sweetener made from concentrated sugarcane juice?,योमरीभित्र परम्परागत रूपमा उखुको रसबाट बनेको कुन गुलियो पदार्थ भरिन्छ?,Chaku,चाकु,Yomari is typically filled with chaku (and sometimes khuwa).,S02,Nepal Tourism Board,https://ntb.gov.np,Government,Raunak Sharma,,done,verified fact and citation of listed source.
CUL085,Culture,Traditions,Fact Retrieval,Medium,"In Nepali Hindu tradition, vermilion powder (sindoor) in the hair parting signifies what status of a woman?",नेपाली हिन्दू परम्परामा सिउँदोमा सिन्दूरले महिलाको कस्तो अवस्था जनाउँछ?,Married status,विवाहित अवस्था,Sindoor in the hair parting marks a married Hindu woman.,S01,"Ministry of Culture, Tourism and Civil Aviation",https://www.tourism.gov.np,Government,Raunak Sharma,,done,verified fact and citation of listed source.
CUL086,Culture,Traditions,Fact Retrieval,Medium,The pote (glass bead necklace) is traditionally worn by which group of Nepali women?,पोते परम्परागत रूपमा कस्ता नेपाली महिलाले लगाउँछन्?,Married Hindu women,विवाहित हिन्दू महिला,The pote necklace is a marker of marriage for Hindu women in Nepal.,S01,"Ministry of Culture, Tourism and Civil Aviation",https://www.tourism.gov.np,Government,Raunak Sharma,,done,verified fact and citation of listed source.
CUL087,Culture,Traditions,Fact Retrieval,Medium,For how many days is the principal Hindu mourning ritual (kriya) traditionally observed in Nepal?,नेपालमा हिन्दू परम्पराअनुसार मुख्य किरिया (क्रिया) कति दिनसम्म बस्ने चलन छ?,13,13,The chief mourners traditionally observe 13 days of kriya.,S01,"Ministry of Culture, Tourism and Civil Aviation",https://www.tourism.gov.np,Government,Raunak Sharma,,done,verified fact and citation of listed source.
CUL088,Culture,Rituals,Definition,Medium,What is the Nepali ceremony of feeding an infant rice for the first time called?,शिशुलाई पहिलो पटक भात ख्वाउने नेपाली संस्कारलाई के भनिन्छ?,Pasni (Annaprashan),पास्नी (अन्नप्राशन),Pasni is the rice-feeding (weaning) ceremony for infants.,S01,"Ministry of Culture, Tourism and Civil Aviation",https://www.tourism.gov.np,Government,Raunak Sharma,,done,verified fact and citation of listed source.
CUL089,Culture,Rituals,Definition,Medium,What is the Nepali naming ceremony performed shortly after a child's birth called?,जन्मेको केही दिनपछि गरिने नामकरण संस्कारलाई नेपालीमा के भनिन्छ?,Nwaran,न्वारन,Nwaran is the traditional naming ceremony of the newborn.,S01,"Ministry of Culture, Tourism and Civil Aviation",https://www.tourism.gov.np,Government,Raunak Sharma,,done,verified fact and citation of listed source.
CUL090,Culture,Rituals,Definition,Medium,What is the Hindu initiation ceremony in which a boy receives the sacred thread called in Nepal?,बालकलाई जनै दिने हिन्दू संस्कारलाई नेपालमा के भनिन्छ?,Bratabandha,व्रतबन्ध,Bratabandha is the sacred-thread initiation ceremony for boys.,S01,"Ministry of Culture, Tourism and Civil Aviation",https://www.tourism.gov.np,Government,Raunak Sharma,,done,verified fact and citation of listed source.
CUL091,Culture,Rituals,Fact Retrieval,Medium,"In the Newar Ihi ceremony, young girls are symbolically married to which fruit?",नेवार समुदायको इही संस्कारमा बालिकाहरूलाई कुन फलसँग प्रतीकात्मक विवाह गराइन्छ?,Bel (wood apple),बेल,"In Ihi (Bel Bibaha), Newar girls are ritually married to the bel fruit.",S11,University textbooks / peer-reviewed publications (cite exact title on verification),N/A - print source,Academic,Raunak Sharma,,done,verified fact and citation of listed source.
CUL092,Culture,Traditions,Definition,Medium,What is the traditional Newar socio-religious trust institution that manages festivals and temples called?,जात्रा तथा मन्दिर व्यवस्थापन गर्ने नेवार समुदायको परम्परागत सामाजिक-धार्मिक संस्थालाई के भनिन्छ?,Guthi,गुठी,Guthis are the traditional Newar trusts that sustain festivals and temples.,S11,University textbooks / peer-reviewed publications (cite exact title on verification),N/A - print source,Academic,Raunak Sharma,,done,verified fact and citation of listed source.
CUL093,Culture,Traditions,Definition,Medium,What is the traditional Nepali shaman or faith healer called?,परम्परागत नेपाली धामी-झाँक्रीमध्ये झाँक्री भनेको को हो भन्दा: परम्परागत आत्मिक उपचार गर्ने व्यक्तिलाई के भनिन्छ?,Jhankri (shaman),झाँक्री,Jhankris are Nepal's traditional shamanic healers.,S11,University textbooks / peer-reviewed publications (cite exact title on verification),N/A - print source,Academic,Raunak Sharma,,done,verified fact and citation of listed source.
CUL094,Culture,Heritage,Fact Retrieval,Medium,What was the ancient name of Kathmandu city?,काठमाडौं सहरको प्राचीन नाम के थियो?,Kantipur,कान्तिपुर,Kathmandu was historically known as Kantipur.,S05,"Department of Archaeology, Government of Nepal",https://doa.gov.np,Government,Raunak Sharma,,done,verified fact and citation of listed source.
CUL095,Culture,Heritage,Fact Retrieval,Medium,The name of Kathmandu is derived from which historic wooden pavilion?,काठमाडौं नाम कुन ऐतिहासिक काठको मण्डपबाट आएको मानिन्छ?,Kasthamandap,काष्ठमण्डप,Kathmandu takes its name from the Kasthamandap pavilion at Maru.,S05,"Department of Archaeology, Government of Nepal",https://doa.gov.np,Government,Raunak Sharma,,done,verified fact and citation of listed source.
CUL096,Culture,Heritage,Fact Retrieval,Medium,What is the historic royal palace complex in Kathmandu Durbar Square called?,काठमाडौं दरबार क्षेत्रको ऐतिहासिक राजदरबार परिसरलाई के भनिन्छ?,Hanuman Dhoka,हनुमानढोका,Hanuman Dhoka is the old royal palace complex of Kathmandu.,S05,"Department of Archaeology, Government of Nepal",https://doa.gov.np,Government,Raunak Sharma,,done,verified fact and citation of listed source.
CUL097,Culture,Heritage,Fact Retrieval,Medium,The city of Patan (Lalitpur) is particularly famous for which traditional craft?,पाटन (ललितपुर) सहर कुन परम्परागत शिल्पका लागि विशेष प्रसिद्ध छ?,Metal craft (bronze casting),धातुकला (मूर्ति ढलाई),Patan is celebrated for its traditional metal sculpture and bronze casting.,S05,"Department of Archaeology, Government of Nepal",https://doa.gov.np,Government,Raunak Sharma,,done,verified fact and citation of listed source.
CUL098,Culture,Heritage,Fact Retrieval,Medium,Which Nepali artist travelled to the court of Kublai Khan and helped spread pagoda architecture in East Asia?,कुन नेपाली कलाकार कुब्लाई खाँको दरबारमा पुगेर पूर्वी एसियामा प्यागोडा शैली फैलाउन योगदान गरे?,Araniko,अरनिको,Araniko led Newar artisans to the Yuan court of Kublai Khan.,S09,Nepal Academy (Nepal Pragya Pratisthan),https://nepalacademy.gov.np,Government,Raunak Sharma,,done,verified fact and citation of listed source.
CUL099,Culture,Heritage,Fact Retrieval,Medium,The Dharahara tower of Kathmandu was originally built by which Prime Minister?,काठमाडौंको धरहरा मूल रूपमा कुन प्रधानमन्त्रीले बनाउन लगाएका थिए?,Bhimsen Thapa,भीमसेन थापा,Dharahara (Bhimsen Stambha) was built under Bhimsen Thapa in 1832.,S05,"Department of Archaeology, Government of Nepal",https://doa.gov.np,Government,Raunak Sharma,,done,verified fact and citation of listed source.
CUL100,Culture,Heritage,Fact Retrieval,Medium,The Pashupatinath main temple is built in which traditional architectural style?,पशुपतिनाथ मुख्य मन्दिर कुन परम्परागत वास्तुकला शैलीमा बनेको छ?,Pagoda style,प्यागोडा शैली,The main Pashupatinath temple is a two-tiered pagoda.,S05,"Department of Archaeology, Government of Nepal",https://doa.gov.np,Government,Raunak Sharma,,done,verified fact and citation of listed source.
CUL101,Culture,Heritage,Fact Retrieval,Medium,The stone Krishna Mandir of Patan Durbar Square is built in which architectural style?,पाटन दरबार क्षेत्रको ढुङ्गे कृष्ण मन्दिर कुन वास्तुकला शैलीमा बनेको छ?,Shikhara style,शिखर शैली,Patan's Krishna Mandir is a celebrated stone shikhara-style temple.,S05,"Department of Archaeology, Government of Nepal",https://doa.gov.np,Government,Raunak Sharma,,done,verified fact and citation of listed source.
CUL102,Culture,Games,Fact Retrieval,Medium,Which traditional stick-and-pin game was long regarded as Nepal's informal national game before volleyball was declared?,भलिबल घोषणा हुनुअघि कुन परम्परागत खेललाई नेपालको अनौपचारिक राष्ट्रिय खेल मानिन्थ्यो?,Dandi Biyo,डन्डीबियो,Dandi Biyo was popularly treated as Nepal's national game.,S14,Ministry of Youth and Sports,https://moys.gov.np,Government,Raunak Sharma,,done,verified fact and citation of listed source.
CUL103,Culture,Games,Fact Retrieval,Medium,"In the traditional Nepali board game Bagh Chal, the tigers play against which animals?",परम्परागत नेपाली खेल बाघचालमा बाघहरूको प्रतिस्पर्धा कुन जनावरहरूसँग हुन्छ?,Goats,बाख्रा,Bagh Chal pits four tigers against twenty goats.,S01,"Ministry of Culture, Tourism and Civil Aviation",https://www.tourism.gov.np,Government,Raunak Sharma,,done,verified fact and citation of listed source.
CUL104,Culture,Literature-adjacent media,Fact Retrieval,Medium,Which comedian-author wrote the best-selling memoir 'China Harayeko Manchhe'?,बहुचर्चित संस्मरण 'चिना हराएको मान्छे' कुन हास्यकलाकार-लेखकले लेखेका हुन्?,Haribansha Acharya,हरिवंश आचार्य,China Harayeko Manchhe' is Haribansha Acharya's memoir.,S10,Madan Puraskar Guthi / Madan Puraskar Pustakalaya,URL to verify,Academic,Raunak Sharma,,done,verified fact and citation of listed source.
CUL105,Culture,Heritage,Fact Retrieval,Medium,How many cultural World Heritage Sites does Nepal have?,नेपालमा कतिवटा सांस्कृतिक विश्व सम्पदा क्षेत्र छन्?,2,2,Nepal's cultural World Heritage Sites are the Kathmandu Valley and Lumbini.,S03,UNESCO World Heritage Centre,https://whc.unesco.org,International Organization,Raunak Sharma,,done,verified fact and citation of listed source.
CUL106,Culture,Music and arts,Definition,Hard,What is the expanded traditional ensemble of nine Nepali instruments called?,नौवटा परम्परागत नेपाली बाजाको विस्तारित समूहलाई के भनिन्छ?,Naumati Baja,नौमती बाजा,Naumati Baja extends the Panche Baja to nine instruments.,S09,Nepal Academy (Nepal Pragya Pratisthan),https://nepalacademy.gov.np,Government,Raunak Sharma,,done,verified fact and citation of listed source.
CUL107,Culture,Music and arts,Fact Retrieval,Hard,The dhime drum is a traditional instrument of which community?,ढिमे बाजा कुन समुदायको परम्परागत बाजा हो?,Newar,नेवार,The dhime is the great festival drum of the Newars.,S09,Nepal Academy (Nepal Pragya Pratisthan),https://nepalacademy.gov.np,Government,Raunak Sharma,,done,verified fact and citation of listed source.
CUL108,Culture,Music and arts,Fact Retrieval,Hard,The chyabrung (ke lang) drum is a traditional instrument of which community?,च्याब्रुङ बाजा कुन समुदायको परम्परागत बाजा हो?,Limbu,लिम्बू,The chyabrung is the double-headed ceremonial drum of the Limbus.,S09,Nepal Academy (Nepal Pragya Pratisthan),https://nepalacademy.gov.np,Government,Raunak Sharma,,done,verified fact and citation of listed source.
CUL109,Culture,Music and arts,Definition,Hard,What is the traditional love-song and courtship singing genre of the Limbu community called?,लिम्बू समुदायको परम्परागत प्रेम/भाका गायन विधालाई के भनिन्छ?,Palam,पालाम,"Palam is the traditional song genre sung by Limbus, often during Dhan Nach.",S09,Nepal Academy (Nepal Pragya Pratisthan),https://nepalacademy.gov.np,Government,Raunak Sharma,,done,verified fact and citation of listed source.
CUL110,Culture,Food,Fact Retrieval,Hard,"Tongba, the hot fermented millet drink, is a traditional beverage of which community?",तातो पानी हालेर पिइने कोदोको जाँड 'तोङ्बा' कुन समुदायको परम्परागत पेय हो?,Limbu,लिम्बू,Tongba is the traditional millet beverage of the Limbu community.,S11,University textbooks / peer-reviewed publications (cite exact title on verification),N/A - print source,Academic,Raunak Sharma,,done,verified fact and citation of listed source.
CUL111,Culture,Traditions,Definition,Hard,What was the traditional Gurung institution where young people gathered in the evenings to sing and socialise called?,युवायुवती साँझमा भेला भई गीत गाउने गुरुङ समुदायको परम्परागत संस्थालाई के भनिन्थ्यो?,Rodhi,रोधी,The rodhi ghar was the traditional Gurung youth gathering house.,S11,University textbooks / peer-reviewed publications (cite exact title on verification),N/A - print source,Academic,Raunak Sharma,,done,verified fact and citation of listed source.
CUL112,Culture,Music and arts,Fact Retrieval,Hard,The Charya dance is a ritual dance tradition of which religious community of the Kathmandu Valley?,चर्या नृत्य काठमाडौं उपत्यकाको कुन धार्मिक समुदायको अनुष्ठानिक नृत्य परम्परा हो?,Newar Buddhists (Vajracharya tradition),नेवार बौद्ध (वज्राचार्य परम्परा),Charya Nritya is the esoteric ritual dance of Newar Buddhist priests.,S11,University textbooks / peer-reviewed publications (cite exact title on verification),N/A - print source,Academic,Raunak Sharma,,done,verified fact and citation of listed source.
CUL113,Culture,Traditional dress,Definition,Hard,What is the traditional black sari with a red border worn by Newar women called?,नेवार महिलाले लगाउने रातो किनारा भएको कालो सारीलाई के भनिन्छ?,Haku Patasi,हाकु पटासी,The haku patasi is the traditional black-and-red sari of Newar women.,S11,University textbooks / peer-reviewed publications (cite exact title on verification),N/A - print source,Academic,Raunak Sharma,,done,verified fact and citation of listed source.
CUL114,Culture,Traditional dress,Fact Retrieval,Hard,The black 'Bhadgaule' topi takes its name from which city?,कालो 'भादगाउँले' टोपीको नाम कुन सहरबाट आएको हो?,Bhaktapur (Bhadgaon),भक्तपुर (भादगाउँ),"The Bhadgaule topi is named after Bhadgaon, the old name of Bhaktapur.",S11,University textbooks / peer-reviewed publications (cite exact title on verification),N/A - print source,Academic,Raunak Sharma,,done,verified fact and citation of listed source.
CUL115,Culture,Traditions,Definition,Hard,"What is the gold cylindrical ornament threaded on a long pote, worn by married Nepali women, called?",विवाहित नेपाली महिलाले लामो पोतेमा उनेर लगाउने सुनको ढुङ्ग्री आकारको गहनालाई के भनिन्छ?,Tilhari,तिलहरी,The tilhari is the gold pendant worn on a pote by married women.,S11,University textbooks / peer-reviewed publications (cite exact title on verification),N/A - print source,Academic,Raunak Sharma,,done,verified fact and citation of listed source.
CUL116,Culture,Food,Definition,Hard,"What is the ceremonial Newar food platter of beaten rice, meat, beans and other items called?","च्युरा, मासु, बोडी लगायत राखेर सजाइने नेवारी परम्परागत खाजा थालीलाई के भनिन्छ?",Samay Baji,समयबजी,Samay Baji is the auspicious ceremonial platter of the Newars.,S11,University textbooks / peer-reviewed publications (cite exact title on verification),N/A - print source,Academic,Raunak Sharma,,done,verified fact and citation of listed source.
CUL117,Culture,Food,Definition,Hard,What is the traditional Newar sweet bread prepared especially for weddings called?,विशेष गरी विवाहमा पठाइने नेवारी परम्परागत गुलियो रोटीलाई के भनिन्छ?,Lakhamari,लाखामरी,Lakhamari is the ornamental Newar wedding sweet.,S11,University textbooks / peer-reviewed publications (cite exact title on verification),N/A - print source,Academic,Raunak Sharma,,done,verified fact and citation of listed source.
CUL118,Culture,Rituals,Fact Retrieval,Hard,What is the Newar rite celebrating an elder's passage into ritual old age (first performed at age 77) called?,नेवार समुदायमा वृद्धावस्था प्रवेशको उपलक्ष्यमा (पहिलो पटक 77 वर्षमा) गरिने संस्कारलाई के भनिन्छ?,Janku (Bhimratharohan),जंकु (भीमरथारोहण),The janku old-age rites honour Newar elders at ritually set ages.,S11,University textbooks / peer-reviewed publications (cite exact title on verification),N/A - print source,Academic,Raunak Sharma,,done,verified fact and citation of listed source.
CUL119,Culture,Living traditions,Fact Retrieval,Hard,A Kumari's tenure as living goddess traditionally ends when what happens?,जीवित देवी कुमारीको पदावधि परम्परागत रूपमा कुन अवस्थामा समाप्त हुन्छ?,She reaches puberty (first menstruation),रजस्वला (पहिलो महिनावारी) भएपछि,A Kumari is replaced once she reaches puberty.,S11,University textbooks / peer-reviewed publications (cite exact title on verification),N/A - print source,Academic,Raunak Sharma,,done,verified fact and citation of listed source.
CUL120,Culture,Festivals,Fact Retrieval,Hard,"The Bhoto Jatra, display of a jewelled vest at Jawalakhel, concludes which festival?",जावलाखेलमा भोटो देखाइने भोटो जात्राले कुन जात्राको समापन गर्छ?,Rato Machhindranath Jatra,रातो मच्छिन्द्रनाथ जात्रा,Bhoto Jatra is the concluding event of the Rato Machhindranath festival.,S05,"Department of Archaeology, Government of Nepal",https://doa.gov.np,Government,Raunak Sharma,,done,verified fact and citation of listed source.
CUL121,Culture,Festivals,Fact Retrieval,Hard,Machhindranath (Bunga Dyah) is worshipped in the Kathmandu Valley chiefly as the god of what?,मच्छिन्द्रनाथ (बुङ्गद्यः) लाई काठमाडौं उपत्यकामा मुख्यतः केका देवताका रूपमा पुजिन्छ?,Rain (and good harvest),वर्षा (र सहकालका),Machhindranath is venerated as the giver of rain and harvest.,S11,University textbooks / peer-reviewed publications (cite exact title on verification),N/A - print source,Academic,Raunak Sharma,,done,verified fact and citation of listed source.
CUL122,Culture,Festivals,Fact Retrieval,Hard,Which village is the winter home of the deity Rato Machhindranath?,रातो मच्छिन्द्रनाथको हिउँदे बासस्थान कुन गाउँ हो?,Bungamati,बुङमती,Rato Machhindranath resides in Bungamati for part of each year.,S05,"Department of Archaeology, Government of Nepal",https://doa.gov.np,Government,Raunak Sharma,,done,verified fact and citation of listed source.
CUL123,Culture,Festivals,Fact Retrieval,Hard,The Seto Machhindranath Jatra is celebrated in which city?,सेतो मच्छिन्द्रनाथ जात्रा कुन सहरमा मनाइन्छ?,Kathmandu,काठमाडौं,Seto Machhindranath's chariot is pulled through central Kathmandu.,S05,"Department of Archaeology, Government of Nepal",https://doa.gov.np,Government,Raunak Sharma,,done,verified fact and citation of listed source.
CUL124,Culture,Festivals,Fact Retrieval,Hard,"The Sindoor Jatra, famous for clouds of orange vermilion powder, is celebrated in which town during the New Year?",नयाँ वर्षमा सिन्दूर उडाएर मनाइने सिन्दूर जात्रा कुन नगरमा प्रसिद्ध छ?,Madhyapur Thimi,मध्यपुर थिमि,Thimi's Sindoor Jatra is part of the Bisket New Year celebrations.,S05,"Department of Archaeology, Government of Nepal",https://doa.gov.np,Government,Raunak Sharma,,done,verified fact and citation of listed source.
CUL125,Culture,Performing arts,Fact Retrieval,Hard,The Kartik Naach dance drama is performed annually in which city?,कात्तिक नाच प्रत्येक वर्ष कुन सहरमा प्रदर्शन गरिन्छ?,Patan (Lalitpur),पाटन (ललितपुर),Kartik Naach is staged each Kartik in Patan Durbar Square.,S05,"Department of Archaeology, Government of Nepal",https://doa.gov.np,Government,Raunak Sharma,,done,verified fact and citation of listed source.
CUL126,Culture,Performing arts,Fact Retrieval,Hard,Which Malla king started the tradition of the Kartik Naach in Patan?,पाटनमा कात्तिक नाचको परम्परा कुन मल्ल राजाले सुरु गरेका थिए?,Siddhinarasimha Malla,सिद्धिनरसिंह मल्ल,King Siddhinarasimha Malla began the Kartik Naach tradition.,S05,"Department of Archaeology, Government of Nepal",https://doa.gov.np,Government,Raunak Sharma,,done,verified fact and citation of listed source.
CUL127,Culture,Heritage,Fact Retrieval,Hard,Which Malla king built the stone Krishna Mandir of Patan Durbar Square?,पाटन दरबार क्षेत्रको ढुङ्गे कृष्ण मन्दिर कुन मल्ल राजाले बनाउन लगाएका थिए?,Siddhinarasimha Malla,सिद्धिनरसिंह मल्ल,Siddhinarasimha Malla built Patan's Krishna Mandir (17th century).,S05,"Department of Archaeology, Government of Nepal",https://doa.gov.np,Government,Raunak Sharma,,done,verified fact and citation of listed source.
CUL128,Culture,Heritage,Fact Retrieval,Hard,Rani Pokhari in Kathmandu was built by which king in memory of his son?,काठमाडौंको रानीपोखरी कुन राजाले छोराको सम्झनामा बनाउन लगाएका थिए?,Pratap Malla,प्रताप मल्ल,Pratap Malla built Rani Pokhari to console his queen after their son's death.,S05,"Department of Archaeology, Government of Nepal",https://doa.gov.np,Government,Raunak Sharma,,done,verified fact and citation of listed source.
CUL129,Culture,Heritage,Fact Retrieval,Hard,The Taleju temple of Kathmandu Durbar Square was built during the reign of which Malla king?,काठमाडौं दरबार क्षेत्रको तलेजु मन्दिर कुन मल्ल राजाको पालामा बनेको थियो?,Mahendra Malla,महेन्द्र मल्ल,The Taleju Bhawani temple is attributed to King Mahendra Malla.,S05,"Department of Archaeology, Government of Nepal",https://doa.gov.np,Government,Raunak Sharma,,done,verified fact and citation of listed source.
CUL130,Culture,Heritage,Fact Retrieval,Hard,The Garden of Dreams in Kathmandu was created by which Rana aristocrat?,काठमाडौंको स्वप्न बगैंचा (गार्डेन अफ ड्रिम्स) कुन राणा व्यक्तित्वले बनाउन लगाएका थिए?,Kaiser Shumsher Rana,केशरशमशेर राणा,Kaiser Shumsher created the neo-classical Garden of Dreams.,S05,"Department of Archaeology, Government of Nepal",https://doa.gov.np,Government,Raunak Sharma,,done,verified fact and citation of listed source.
CUL131,Culture,Heritage,Fact Retrieval,Hard,The Singha Durbar palace was built by which Rana Prime Minister?,सिंहदरबार कुन राणा प्रधानमन्त्रीले बनाउन लगाएका थिए?,Chandra Shumsher JBR,चन्द्रशमशेर जबरा,"Chandra Shumsher built Singha Durbar, now the government secretariat.",S05,"Department of Archaeology, Government of Nepal",https://doa.gov.np,Government,Raunak Sharma,,done,verified fact and citation of listed source.
CUL132,Culture,Heritage,Fact Retrieval,Hard,The Ghantaghar clock tower of Kathmandu was originally built by which Rana Prime Minister?,काठमाडौंको घण्टाघर मूल रूपमा कुन राणा प्रधानमन्त्रीले बनाउन लगाएका थिए?,Bir Shumsher JBR,वीरशमशेर जबरा,Kathmandu's Ghantaghar was first erected under Bir Shumsher.,S05,"Department of Archaeology, Government of Nepal",https://doa.gov.np,Government,Raunak Sharma,,done,verified fact and citation of listed source.
CUL133,Culture,Heritage,Fact Retrieval,Hard,The town of Thimi in the Kathmandu Valley is traditionally famous for which craft?,काठमाडौं उपत्यकाको थिमि नगर परम्परागत रूपमा कुन शिल्पका लागि प्रसिद्ध छ?,Pottery,माटाका भाँडा (कुमाले कला),Madhyapur Thimi is renowned for its traditional pottery.,S05,"Department of Archaeology, Government of Nepal",https://doa.gov.np,Government,Raunak Sharma,,done,verified fact and citation of listed source.
CUL134,Culture,Heritage,Fact Retrieval,Hard,What is the traditional Newar name of the city of Patan (Lalitpur)?,पाटन (ललितपुर) सहरको परम्परागत नेवारी नाम के हो?,Yala,यल,"In Nepal Bhasa, Patan is called Yala.",S11,University textbooks / peer-reviewed publications (cite exact title on verification),N/A - print source,Academic,Raunak Sharma,,done,verified fact and citation of listed source.
CUL135,Culture,Heritage,Fact Retrieval,Hard,What is the traditional Newar name of the city of Bhaktapur?,भक्तपुर सहरको परम्परागत नेवारी नाम के हो?,Khwopa,ख्वप,"In Nepal Bhasa, Bhaktapur is called Khwopa.",S11,University textbooks / peer-reviewed publications (cite exact title on verification),N/A - print source,Academic,Raunak Sharma,,done,verified fact and citation of listed source.
CUL136,Culture,Heritage,Fact Retrieval,Hard,What is the traditional Newar name of the city of Kathmandu?,काठमाडौं सहरको परम्परागत नेवारी नाम के हो?,Yen,येँ,"In Nepal Bhasa, Kathmandu is called Yen.",S11,University textbooks / peer-reviewed publications (cite exact title on verification),N/A - print source,Academic,Raunak Sharma,,done,verified fact and citation of listed source.
CUL137,Culture,Heritage,Fact Retrieval,Hard,How many monument zones make up the Kathmandu Valley World Heritage Site?,काठमाडौं उपत्यका विश्व सम्पदा क्षेत्रभित्र कतिवटा स्मारक क्षेत्र समावेश छन्?,7,7,The Kathmandu Valley WHS comprises seven monument zones.,S03,UNESCO World Heritage Centre,https://whc.unesco.org,International Organization,Raunak Sharma,,done,verified fact and citation of listed source.
CUL138,Culture,Cinema and media,Fact Retrieval,Hard,"What is regarded as the first Nepali-language feature film, released in 1951?",सन् 1951 मा प्रदर्शित पहिलो नेपाली भाषाको चलचित्र कुन मानिन्छ?,Satya Harishchandra,सत्य हरिश्चन्द्र,"Satya Harishchandra (1951, made in India) is regarded as the first Nepali-language film.",S15,"Film Development Board, Nepal",https://film.gov.np,Government,Raunak Sharma,,done,verified fact and citation of listed source.
CUL139,Culture,Cinema and media,Fact Retrieval,Hard,"What was the first feature film produced within Nepal, released in 1964?","नेपालभित्रै निर्माण भएको पहिलो चलचित्र, सन् 1964 मा प्रदर्शित, कुन हो?",Aama,आमा,Aama' (1964) was the first film produced in Nepal.,S15,"Film Development Board, Nepal",https://film.gov.np,Government,Raunak Sharma,,done,verified fact and citation of listed source.
CUL140,Culture,Cinema and media,Fact Retrieval,Hard,In which year was Radio Nepal established?,रेडियो नेपाल कुन वर्ष (ई.सं.) स्थापना भएको थियो?,1951,1951,Radio Nepal began broadcasting in 1951 (2007 B.S.).,S16,Ministry of Communication and Information Technology,https://mocit.gov.np,Government,Raunak Sharma,,done,verified fact and citation of listed source.
CUL141,Culture,Cinema and media,Fact Retrieval,Hard,In which year did Nepal Television begin broadcasting?,नेपाल टेलिभिजनले कुन वर्ष (ई.सं.) प्रसारण सुरु गरेको थियो?,1985,1985,"Nepal Television, the country's first TV channel, began in 1985.",S16,Ministry of Communication and Information Technology,https://mocit.gov.np,Government,Raunak Sharma,,done,verified fact and citation of listed source.
CUL142,Culture,National symbols,Fact Retrieval,Hard,"What was the title of Nepal's former national anthem, used until 2006?",सन् 2006 सम्म प्रयोगमा रहेको नेपालको पुरानो राष्ट्रिय गानको शीर्षक के थियो?,Shreeman Gambhir,श्रीमान् गम्भीर,The former royal anthem 'Shreeman Gambhir' was replaced in 2006-07.,S09,Nepal Academy (Nepal Pragya Pratisthan),https://nepalacademy.gov.np,Government,Raunak Sharma,,done,verified fact and citation of listed source.
CUL143,Culture,Traditional dress,Fact Retrieval,Hard,How many cloth ties traditionally fasten the daura of the Daura Suruwal?,दौरा सुरुवालको दौरामा परम्परागत रूपमा कतिवटा तुना हुन्छन्?,8,8,"The daura is traditionally fastened with eight ties, considered auspicious.",S11,University textbooks / peer-reviewed publications (cite exact title on verification),N/A - print source,Academic,Raunak Sharma,,done,verified fact and citation of listed source.
CUL144,Culture,Demographics,Fact Retrieval,Hard,How many caste/ethnic groups were officially recorded in Nepal's 2021 census?,सन् 2021 को जनगणनामा नेपालमा कतिवटा जातजाति आधिकारिक रूपमा सूचीकृत गरिए?,142,142,The 2021 census recorded 142 caste/ethnic groups.,S07,National Statistics Office - Census 2021,https://censusnepal.cbs.gov.np,Government,Raunak Sharma,,done,verified fact and citation of listed source.
CUL145,Culture,Language,Fact Retrieval,Hard,How many mother tongues were recorded in Nepal's 2021 census?,सन् 2021 को जनगणनामा नेपालमा कतिवटा मातृभाषा अभिलेख गरिए?,124,124,The 2021 census recorded 124 mother tongues spoken in Nepal.,S07,National Statistics Office - Census 2021,https://censusnepal.cbs.gov.np,Government,Raunak Sharma,,done,verified fact and citation of listed source.
CUL146,Culture,Music and arts,Fact Retrieval,Hard,Which singer from Darjeeling is honoured as the 'Nightingale of the Hills' in Nepali music?,नेपाली सङ्गीतमा 'पहाडकी कोइली' भनेर कुन गायिकालाई सम्मान गरिन्छ?,Aruna Lama,अरुणा लामा,Aruna Lama is fondly remembered as the Nightingale of the Hills.,S09,Nepal Academy (Nepal Pragya Pratisthan),https://nepalacademy.gov.np,Government,Raunak Sharma,,done,verified fact and citation of listed source.
REL001,Religion,Buddhism,Fact Retrieval,Easy,In which place of Nepal was Gautam Buddha born?,गौतम बुद्धको जन्म नेपालको कुन स्थानमा भएको थियो?,Lumbini,लुम्बिनी,Lumbini is recognised as the birthplace of Gautam Buddha.,S03,UNESCO World Heritage Centre,https://whc.unesco.org,International Organization,Raunak Sharma,,done,verified fact and citation of listed source.
REL002,Religion,Buddhism,Fact Retrieval,Easy,Gautam Buddha is the founder of which religion?,गौतम बुद्ध कुन धर्मका संस्थापक हुन्?,Buddhism,बौद्ध धर्म,Buddhism originated from the teachings of Gautam Buddha.,S11,University textbooks / peer-reviewed publications (cite exact title on verification),N/A - print source,Academic,Raunak Sharma,,done,verified fact and citation of listed source.
REL003,Religion,Buddhism,Fact Retrieval,Easy,What was the childhood name of Gautam Buddha?,गौतम बुद्धको बाल्यकालको नाम के थियो?,Siddhartha Gautam,सिद्धार्थ गौतम,"Before enlightenment, the Buddha was Prince Siddhartha Gautam.",S11,University textbooks / peer-reviewed publications (cite exact title on verification),N/A - print source,Academic,Raunak Sharma,,done,verified fact and citation of listed source.
REL004,Religion,Buddhism,Fact Retrieval,Easy,Who was the mother of Gautam Buddha?,गौतम बुद्धकी आमा को थिइन्?,Maya Devi,मायादेवी,Queen Maya Devi gave birth to Siddhartha at Lumbini.,S04,Lumbini Development Trust,https://lumbinidevtrust.gov.np,Government,Raunak Sharma,,done,verified fact and citation of listed source.
REL005,Religion,Hindu temples,Fact Retrieval,Easy,The Pashupatinath Temple is dedicated to which deity?,पशुपतिनाथ मन्दिर कुन देवतालाई समर्पित छ?,Lord Shiva,भगवान् शिव,Pashupatinath is a form of Lord Shiva.,S06,Pashupati Area Development Trust,URL to verify,Government,Raunak Sharma,,done,verified fact and citation of listed source.
REL006,Religion,Hindu temples,Fact Retrieval,Easy,On the bank of which river is the Pashupatinath Temple located?,पशुपतिनाथ मन्दिर कुन नदीको किनारमा अवस्थित छ?,Bagmati River,बागमती नदी,The temple complex lies on the banks of the Bagmati River in Kathmandu.,S06,Pashupati Area Development Trust,URL to verify,Government,Raunak Sharma,,done,verified fact and citation of listed source.
REL007,Religion,Hindu temples,Fact Retrieval,Easy,The Janaki Mandir in Janakpur is dedicated to which goddess?,जनकपुरस्थित जानकी मन्दिर कुन देवीलाई समर्पित छ?,Goddess Sita (Janaki),देवी सीता (जानकी),"Janaki Mandir is dedicated to Sita, also called Janaki, of the Ramayana.",S05,"Department of Archaeology, Government of Nepal",https://doa.gov.np,Government,Raunak Sharma,,done,verified fact and citation of listed source.
REL008,Religion,Buddhist sites,Fact Retrieval,Easy,Which stupa in Kathmandu is popularly known among visitors as the 'Monkey Temple'?,काठमाडौंको कुन स्तूपलाई पर्यटकहरूमाझ 'मन्की टेम्पल' भनेर चिनिन्छ?,Swayambhunath,स्वयम्भूनाथ,Swayambhunath stupa is nicknamed the Monkey Temple for its resident monkeys.,S02,Nepal Tourism Board,https://ntb.gov.np,Government,Raunak Sharma,,done,verified fact and citation of listed source.
REL009,Religion,Festivals,Fact Retrieval,Easy,During which festival do Hindu men ritually change the sacred thread (janai)?,कुन पर्वमा हिन्दू पुरुषहरूले जनै फेर्ने गर्छन्?,Janai Purnima,जनै पूर्णिमा,On Janai Purnima the sacred thread is renewed; a rakshya bandhan thread is also tied.,S01,"Ministry of Culture, Tourism and Civil Aviation",https://www.tourism.gov.np,Government,Raunak Sharma,,done,verified fact and citation of listed source.
REL010,Religion,Festivals,Fact Retrieval,Easy,Which goddess is primarily worshipped during the Dashain festival?,दशैंमा मुख्य रूपमा कुन देवीको पूजा गरिन्छ?,Goddess Durga,दुर्गा देवी,Dashain celebrates the victory of Goddess Durga over the demon Mahishasura.,S01,"Ministry of Culture, Tourism and Civil Aviation",https://www.tourism.gov.np,Government,Raunak Sharma,,done,verified fact and citation of listed source.
REL011,Religion,Festivals,Fact Retrieval,Easy,Krishna Janmashtami is celebrated as the birth anniversary of which deity?,कृष्ण जन्माष्टमी कुन देवताको जन्मोत्सवका रूपमा मनाइन्छ?,Lord Krishna,भगवान् कृष्ण,Janmashtami marks the birth of Lord Krishna.,S01,"Ministry of Culture, Tourism and Civil Aviation",https://www.tourism.gov.np,Government,Raunak Sharma,,done,verified fact and citation of listed source.
REL012,Religion,Buddhist sites,Fact Retrieval,Medium,In which district of Nepal is Lumbini located?,लुम्बिनी नेपालको कुन जिल्लामा अवस्थित छ?,Rupandehi,रूपन्देही,Lumbini lies in Rupandehi district of Lumbini Province.,S04,Lumbini Development Trust,https://lumbinidevtrust.gov.np,Government,Raunak Sharma,,done,verified fact and citation of listed source.
REL013,Religion,Buddhist sites,Fact Retrieval,Medium,Which temple in Lumbini marks the exact birthplace of Gautam Buddha?,लुम्बिनीमा गौतम बुद्धको जन्मस्थल जनाउने मन्दिर कुन हो?,Maya Devi Temple,मायादेवी मन्दिर,The Maya Devi Temple encloses the marker stone identifying the birth spot.,S03,UNESCO World Heritage Centre,https://whc.unesco.org,International Organization,Raunak Sharma,,done,verified fact and citation of listed source.
REL014,Religion,Buddhist sites,Fact Retrieval,Medium,Which emperor erected the stone pillar at Lumbini commemorating Buddha's birthplace?,लुम्बिनीमा बुद्धको जन्मस्थलको सम्झनामा शिलास्तम्भ कुन सम्राटले खडा गरेका थिए?,Emperor Ashoka,सम्राट अशोक,The Ashoka Pillar inscription identifies Lumbini as the Buddha's birthplace.,S03,UNESCO World Heritage Centre,https://whc.unesco.org,International Organization,Raunak Sharma,,done,verified fact and citation of listed source.
REL015,Religion,Buddhism,Fact Retrieval,Medium,Who was the father of Gautam Buddha?,गौतम बुद्धका पिता को थिए?,King Suddhodhana,राजा शुद्धोधन,King Suddhodhana of the Shakya kingdom was the Buddha's father.,S11,University textbooks / peer-reviewed publications (cite exact title on verification),N/A - print source,Academic,Raunak Sharma,,done,verified fact and citation of listed source.
REL016,Religion,Buddhism,Fact Retrieval,Medium,What was the name of the capital city of the Shakya kingdom where Siddhartha Gautam grew up?,सिद्धार्थ गौतम हुर्केको शाक्य राज्यको राजधानीको नाम के थियो?,Kapilvastu,कपिलवस्तु,"Siddhartha spent his early life in Kapilvastu, capital of the Shakyas.",S04,Lumbini Development Trust,https://lumbinidevtrust.gov.np,Government,Raunak Sharma,,done,verified fact and citation of listed source.
REL017,Religion,Buddhism,Fact Retrieval,Medium,Where did Gautam Buddha attain enlightenment?,गौतम बुद्धले कहाँ बुद्धत्व (ज्ञान) प्राप्त गरेका थिए?,Bodh Gaya (India),बोधगया (भारत),The Buddha attained enlightenment under the Bodhi tree at Bodh Gaya.,S11,University textbooks / peer-reviewed publications (cite exact title on verification),N/A - print source,Academic,Raunak Sharma,,done,verified fact and citation of listed source.
REL018,Religion,Buddhism,Fact Retrieval,Medium,Where did Gautam Buddha deliver his first sermon?,गौतम बुद्धले पहिलो उपदेश कहाँ दिएका थिए?,Sarnath,सारनाथ,The first sermon (Dhammacakkappavattana) was delivered at Sarnath.,S11,University textbooks / peer-reviewed publications (cite exact title on verification),N/A - print source,Academic,Raunak Sharma,,done,verified fact and citation of listed source.
REL019,Religion,Pilgrimage sites,Fact Retrieval,Medium,The Muktinath temple is located in which district of Nepal?,मुक्तिनाथ मन्दिर नेपालको कुन जिल्लामा अवस्थित छ?,Mustang,मुस्ताङ,Muktinath lies in Mustang district of Gandaki Province.,S02,Nepal Tourism Board,https://ntb.gov.np,Government,Raunak Sharma,,done,verified fact and citation of listed source.
REL020,Religion,Pilgrimage sites,Fact Retrieval,Medium,Muktinath is a sacred pilgrimage site for the followers of which two religions?,मुक्तिनाथ कुन दुई धर्मका अनुयायीहरूका लागि पवित्र तीर्थस्थल हो?,Hinduism and Buddhism,हिन्दू र बौद्ध धर्म,Muktinath is revered by both Hindus and Buddhists.,S02,Nepal Tourism Board,https://ntb.gov.np,Government,Raunak Sharma,,done,verified fact and citation of listed source.
REL021,Religion,Pilgrimage sites,Fact Retrieval,Medium,The sacred Gosaikunda lake is located in which district?,पवित्र गोसाइँकुण्ड ताल कुन जिल्लामा अवस्थित छ?,Rasuwa,रसुवा,"Gosaikunda, associated with Lord Shiva, is in Rasuwa district (Langtang region).",S12,Department of National Parks and Wildlife Conservation,https://dnpwc.gov.np,Government,Raunak Sharma,,done,verified fact and citation of listed source.
REL022,Religion,Pilgrimage sites,Fact Retrieval,Medium,"The Pathibhara temple, a famous pilgrimage site, is located in which district?",प्रसिद्ध तीर्थस्थल पाथीभरा मन्दिर कुन जिल्लामा अवस्थित छ?,Taplejung,ताप्लेजुङ,Pathibhara Devi temple lies in Taplejung district of eastern Nepal.,S02,Nepal Tourism Board,https://ntb.gov.np,Government,Raunak Sharma,,done,verified fact and citation of listed source.
REL023,Religion,Pilgrimage sites,Fact Retrieval,Medium,The Manakamana temple is located in which district?,मनकामना मन्दिर कुन जिल्लामा अवस्थित छ?,Gorkha,गोरखा,The wish-fulfilling Manakamana temple is in Gorkha district.,S02,Nepal Tourism Board,https://ntb.gov.np,Government,Raunak Sharma,,done,verified fact and citation of listed source.
REL024,Religion,Hindu temples,Fact Retrieval,Medium,The Budhanilkantha temple in Kathmandu features a large reclining statue of which deity?,काठमाडौंको बूढानीलकण्ठ मन्दिरमा कुन देवताको ठूलो शयन मुद्राको मूर्ति छ?,Lord Vishnu,भगवान् विष्णु,Budhanilkantha holds the reclining Jalakshayan Narayan (Vishnu) statue.,S05,"Department of Archaeology, Government of Nepal",https://doa.gov.np,Government,Raunak Sharma,,done,verified fact and citation of listed source.
REL025,Religion,Hindu temples,Fact Retrieval,Medium,The Changu Narayan temple is dedicated to which deity?,चाँगुनारायण मन्दिर कुन देवतालाई समर्पित छ?,Lord Vishnu (Narayan),भगवान् विष्णु (नारायण),"Changu Narayan, among Nepal's oldest temples, is dedicated to Vishnu.",S03,UNESCO World Heritage Centre,https://whc.unesco.org,International Organization,Raunak Sharma,,done,verified fact and citation of listed source.
REL026,Religion,Buddhist sites,Fact Retrieval,Medium,Which large stupa in Kathmandu is a major centre of Tibetan Buddhism in Nepal?,काठमाडौंको कुन ठूलो स्तूप नेपालमा तिब्बती बौद्ध धर्मको प्रमुख केन्द्र हो?,Boudhanath,बौद्धनाथ,"Boudhanath, one of the largest stupas in South Asia, anchors Tibetan Buddhism in Nepal.",S03,UNESCO World Heritage Centre,https://whc.unesco.org,International Organization,Raunak Sharma,,done,verified fact and citation of listed source.
REL027,Religion,Demographics,Fact Retrieval,Medium,"According to Nepal's 2021 national census, which religion has the largest number of followers?",नेपालको सन् 2021 को राष्ट्रिय जनगणनाअनुसार सबैभन्दा धेरै अनुयायी भएको धर्म कुन हो?,Hinduism,हिन्दू धर्म,The 2021 census records Hinduism as the majority religion of Nepal.,S07,National Statistics Office - Census 2021,https://censusnepal.cbs.gov.np,Government,Raunak Sharma,,done,verified fact and citation of listed source.
REL028,Religion,Demographics,Fact Retrieval,Medium,"According to the 2021 census, which is the second-largest religion in Nepal by followers?",सन् 2021 को जनगणनाअनुसार अनुयायीका आधारमा नेपालको दोस्रो ठूलो धर्म कुन हो?,Buddhism,बौद्ध धर्म,Buddhism is the second-largest religion in Nepal per the 2021 census.,S07,National Statistics Office - Census 2021,https://censusnepal.cbs.gov.np,Government,Raunak Sharma,,done,verified fact and citation of listed source.
REL029,Religion,Law and religion,Constitutional Provision,Medium,"According to the Constitution of Nepal (2015), what is Nepal's status regarding religion?",नेपालको संविधान (2015) अनुसार धर्मका सम्बन्धमा नेपाल कस्तो राज्य हो?,Secular state,धर्मनिरपेक्ष राज्य,The Constitution of Nepal 2015 defines Nepal as a secular state.,S08,Nepal Law Commission - Constitution of Nepal,https://lawcommission.gov.np,Government,Raunak Sharma,,done,verified fact and citation of listed source.
REL030,Religion,Festivals,Fact Retrieval,Medium,The largest gathering for Maha Shivaratri in Nepal takes place at which temple?,नेपालमा महाशिवरात्रिको सबैभन्दा ठूलो जमघट कुन मन्दिरमा हुन्छ?,Pashupatinath Temple,पशुपतिनाथ मन्दिर,Hundreds of thousands of devotees and sadhus gather at Pashupatinath on Shivaratri.,S06,Pashupati Area Development Trust,URL to verify,Government,Raunak Sharma,,done,verified fact and citation of listed source.
REL031,Religion,Festivals,Fact Retrieval,Medium,Maha Shivaratri falls in which month of the Nepali calendar?,महाशिवरात्रि नेपाली पात्रोको कुन महिनामा पर्छ?,Falgun,फागुन,Maha Shivaratri is observed in the month of Falgun.,S01,"Ministry of Culture, Tourism and Civil Aviation",https://www.tourism.gov.np,Government,Raunak Sharma,,done,verified fact and citation of listed source.
REL032,Religion,Festivals,Fact Retrieval,Medium,The goddess Saraswati is worshipped on which festival day in Nepal?,विद्याकी देवी सरस्वतीको पूजा नेपालमा कुन पर्वको दिन गरिन्छ?,Basanta Panchami (Shree Panchami),वसन्त पञ्चमी (श्रीपञ्चमी),Saraswati Puja is performed on Basanta/Shree Panchami.,S01,"Ministry of Culture, Tourism and Civil Aviation",https://www.tourism.gov.np,Government,Raunak Sharma,,done,verified fact and citation of listed source.
REL033,Religion,Festivals,Fact Retrieval,Medium,"Bibaha Panchami, celebrated in Janakpur, commemorates the wedding of which divine couple?",जनकपुरमा मनाइने विवाह पञ्चमीले कुन दिव्य जोडीको विवाहको सम्झना गराउँछ?,Ram and Sita,राम र सीता,Bibaha Panchami re-enacts the wedding of Lord Ram and Goddess Sita in Janakpur.,S02,Nepal Tourism Board,https://ntb.gov.np,Government,Raunak Sharma,,done,verified fact and citation of listed source.
REL034,Religion,Heritage,Fact Retrieval,Hard,In which year was Lumbini inscribed on the UNESCO World Heritage List?,लुम्बिनी कुन वर्ष युनेस्को विश्व सम्पदा सूचीमा सूचीकृत भएको थियो?,1997,1997,UNESCO inscribed Lumbini as a World Heritage Site in 1997.,S03,UNESCO World Heritage Centre,https://whc.unesco.org,International Organization,Raunak Sharma,,done,verified fact and citation of listed source.
REL035,Religion,Heritage,Fact Retrieval,Hard,In which year was the Kathmandu Valley inscribed on the UNESCO World Heritage List?,काठमाडौं उपत्यका कुन वर्ष युनेस्को विश्व सम्पदा सूचीमा सूचीकृत भएको थियो?,1979,1979,"The Kathmandu Valley (incl. Pashupatinath, Swayambhunath, Boudhanath) was inscribed in 1979.",S03,UNESCO World Heritage Centre,https://whc.unesco.org,International Organization,Raunak Sharma,,done,verified fact and citation of listed source.
REL036,Religion,Pilgrimage sites,Fact Retrieval,Hard,The Halesi Mahadev temple is located in which district?,हलेसी महादेव मन्दिर कुन जिल्लामा अवस्थित छ?,Khotang,खोटाङ,"Halesi Mahadev, sacred to Hindus, Buddhists and Kirats, lies in Khotang district.",S02,Nepal Tourism Board,https://ntb.gov.np,Government,Raunak Sharma,,done,verified fact and citation of listed source.
REL037,Religion,Pilgrimage sites,Fact Retrieval,Hard,The Namobuddha stupa is located in which district?,नमोबुद्ध स्तूप कुन जिल्लामा अवस्थित छ?,Kavrepalanchok,काभ्रेपलाञ्चोक,"Namobuddha, one of the holiest Buddhist sites in Nepal, is in Kavrepalanchok district.",S02,Nepal Tourism Board,https://ntb.gov.np,Government,Raunak Sharma,,done,verified fact and citation of listed source.
REL038,Religion,Pilgrimage sites,Fact Retrieval,Hard,How many water spouts (dhara) are there at the Muktinath temple complex?,मुक्तिनाथ मन्दिर परिसरमा कतिवटा धारा छन्?,108,108,Pilgrims bathe under the 108 water spouts (Muktidhara) at Muktinath.,S02,Nepal Tourism Board,https://ntb.gov.np,Government,Raunak Sharma,,done,verified fact and citation of listed source.
REL039,Religion,Hindu temples,Fact Retrieval,Hard,In which year (AD) was the present Janaki Mandir in Janakpur completed?,जनकपुरको हालको जानकी मन्दिर कुन वर्ष (ई.सं.) निर्माण सम्पन्न भएको थियो?,1910,1910,The present marble structure of Janaki Mandir was completed in 1910.,S05,"Department of Archaeology, Government of Nepal",https://doa.gov.np,Government,Raunak Sharma,,done,verified fact and citation of listed source.
REL040,Religion,Kirat religion,Definition,Hard,What is the main religious scripture of the Kirat religion called?,किरात धर्मको मुख्य धार्मिक ग्रन्थलाई के भनिन्छ?,Mundhum,मुन्धुम,The Mundhum is the oral/written scripture of the Kirat religion.,S11,University textbooks / peer-reviewed publications (cite exact title on verification),N/A - print source,Academic,Raunak Sharma,,done,verified fact and citation of listed source.
REL041,Religion,Festivals,Fact Retrieval,Hard,The month-long Swasthani Brata Katha recitation is mainly observed during which Nepali month?,महिना दिनसम्म पढिने स्वस्थानी व्रतकथा मुख्य रूपमा नेपाली पात्रोको कुन महिनामा पर्छ?,Magh,माघ,The Swasthani Brata Katha is recited from Poush Purnima through the month of Magh.,S01,"Ministry of Culture, Tourism and Civil Aviation",https://www.tourism.gov.np,Government,Raunak Sharma,,done,verified fact and citation of listed source.
REL042,Religion,Buddhist sites,Fact Retrieval,Easy,"In which modern country is Lumbini, the birthplace of the Buddha, located?",बुद्धको जन्मस्थल लुम्बिनी आधुनिक कुन देशमा अवस्थित छ?,Nepal,नेपाल,Lumbini lies in the Rupandehi district of Nepal.,S03,UNESCO World Heritage Centre,https://whc.unesco.org,International Organization,Raunak Sharma,,done,verified fact and citation of listed source.
REL043,Religion,Hindu scriptures,Fact Retrieval,Easy,How many Vedas are there in Hindu tradition?,हिन्दू परम्परामा वेदहरू कतिवटा छन्?,4,4,"The four Vedas are the Rig, Sama, Yajur and Atharva Veda.",S11,University textbooks / peer-reviewed publications (cite exact title on verification),N/A - print source,Academic,Raunak Sharma,,done,verified fact and citation of listed source.
REL044,Religion,Hindu scriptures,Fact Retrieval,Easy,The Bhagavad Gita is a part of which great epic?,श्रीमद्भगवद्गीता कुन महाकाव्यको अंश हो?,The Mahabharata,महाभारत,The Gita forms part of the Bhishma Parva of the Mahabharata.,S11,University textbooks / peer-reviewed publications (cite exact title on verification),N/A - print source,Academic,Raunak Sharma,,done,verified fact and citation of listed source.
REL045,Religion,Hindu scriptures,Fact Retrieval,Easy,Who composed the original Sanskrit Ramayana?,मूल संस्कृत रामायणको रचना कसले गरेका हुन्?,Valmiki,वाल्मीकि,Sage Valmiki is the author of the Sanskrit Ramayana.,S11,University textbooks / peer-reviewed publications (cite exact title on verification),N/A - print source,Academic,Raunak Sharma,,done,verified fact and citation of listed source.
REL046,Religion,Hindu scriptures,Fact Retrieval,Easy,Who is regarded as the author of the Mahabharata?,महाभारतका रचनाकार कसलाई मानिन्छ?,Ved Vyasa,वेदव्यास,Sage Ved Vyasa is credited with composing the Mahabharata.,S11,University textbooks / peer-reviewed publications (cite exact title on verification),N/A - print source,Academic,Raunak Sharma,,done,verified fact and citation of listed source.
REL047,Religion,Hindu deities,Fact Retrieval,Easy,"In the Hindu trinity, which deity is regarded as the creator?",हिन्दू त्रिदेवमध्ये सृष्टिकर्ता देवता को हुन्?,Brahma,ब्रह्मा,Brahma is the creator in the Hindu trinity.,S11,University textbooks / peer-reviewed publications (cite exact title on verification),N/A - print source,Academic,Raunak Sharma,,done,verified fact and citation of listed source.
REL048,Religion,Hindu deities,Fact Retrieval,Easy,"In the Hindu trinity, which deity is regarded as the preserver?",हिन्दू त्रिदेवमध्ये पालनकर्ता देवता को हुन्?,Vishnu,विष्णु,Vishnu is the preserver in the Hindu trinity.,S11,University textbooks / peer-reviewed publications (cite exact title on verification),N/A - print source,Academic,Raunak Sharma,,done,verified fact and citation of listed source.
REL049,Religion,Hindu deities,Fact Retrieval,Easy,"In the Hindu trinity, which deity is regarded as the destroyer/transformer?",हिन्दू त्रिदेवमध्ये संहारकर्ता देवता को हुन्?,Shiva (Mahesh),शिव (महेश),Shiva is the destroyer/transformer in the Hindu trinity.,S11,University textbooks / peer-reviewed publications (cite exact title on verification),N/A - print source,Academic,Raunak Sharma,,done,verified fact and citation of listed source.
REL050,Religion,Hindu deities,Fact Retrieval,Easy,The deity Ganesh is the son of which divine couple?,गणेश कुन दिव्य दम्पतीका पुत्र हुन्?,Shiva and Parvati,शिव र पार्वती,Ganesh is the son of Lord Shiva and Goddess Parvati.,S11,University textbooks / peer-reviewed publications (cite exact title on verification),N/A - print source,Academic,Raunak Sharma,,done,verified fact and citation of listed source.
REL051,Religion,Hindu deities,Fact Retrieval,Easy,The goddess Laxmi is the consort of which deity?,देवी लक्ष्मी कुन देवताकी अर्धाङ्गिनी हुन्?,Vishnu,विष्णु,Laxmi is the consort of Lord Vishnu.,S11,University textbooks / peer-reviewed publications (cite exact title on verification),N/A - print source,Academic,Raunak Sharma,,done,verified fact and citation of listed source.
REL052,Religion,Hindu deities,Fact Retrieval,Easy,The goddess Parvati is the consort of which deity?,देवी पार्वती कुन देवताकी अर्धाङ्गिनी हुन्?,Shiva,शिव,Parvati is the consort of Lord Shiva.,S11,University textbooks / peer-reviewed publications (cite exact title on verification),N/A - print source,Academic,Raunak Sharma,,done,verified fact and citation of listed source.
REL053,Religion,Ramayana,Fact Retrieval,Easy,The deity Hanuman is celebrated for his devotion to which god?,हनुमान कुन देवताप्रतिको भक्तिका लागि प्रख्यात छन्?,Ram,राम,Hanuman is the supreme devotee of Lord Ram.,S11,University textbooks / peer-reviewed publications (cite exact title on verification),N/A - print source,Academic,Raunak Sharma,,done,verified fact and citation of listed source.
REL054,Religion,Ramayana,Fact Retrieval,Easy,Who was the father of Lord Ram?,भगवान् रामका पिता को थिए?,King Dasharath,राजा दशरथ,Ram was the son of King Dasharath of Ayodhya.,S11,University textbooks / peer-reviewed publications (cite exact title on verification),N/A - print source,Academic,Raunak Sharma,,done,verified fact and citation of listed source.
REL055,Religion,Ramayana,Fact Retrieval,Easy,Lord Ram was the prince of which kingdom?,भगवान् राम कुन राज्यका राजकुमार थिए?,Ayodhya,अयोध्या,Ram was the crown prince of Ayodhya.,S11,University textbooks / peer-reviewed publications (cite exact title on verification),N/A - print source,Academic,Raunak Sharma,,done,verified fact and citation of listed source.
REL056,Religion,Ramayana,Fact Retrieval,Easy,Who was the father of Goddess Sita?,देवी सीताका पिता को थिए?,King Janak,राजा जनक,Sita was the daughter of King Janak of Mithila.,S11,University textbooks / peer-reviewed publications (cite exact title on verification),N/A - print source,Academic,Raunak Sharma,,done,verified fact and citation of listed source.
REL057,Religion,Ramayana,Fact Retrieval,Easy,Who abducted Sita in the Ramayana?,रामायणमा सीतालाई कसले अपहरण गरेको थियो?,Ravana,रावण,"Ravana, king of Lanka, abducted Sita.",S11,University textbooks / peer-reviewed publications (cite exact title on verification),N/A - print source,Academic,Raunak Sharma,,done,verified fact and citation of listed source.
REL058,Religion,Ramayana,Fact Retrieval,Easy,Ravana was the king of which land?,रावण कुन देशका राजा थिए?,Lanka,लङ्का,Ravana ruled the island kingdom of Lanka.,S11,University textbooks / peer-reviewed publications (cite exact title on verification),N/A - print source,Academic,Raunak Sharma,,done,verified fact and citation of listed source.
REL059,Religion,Ramayana,Fact Retrieval,Easy,For how many years was Lord Ram exiled to the forest?,भगवान् राम कति वर्ष वनवासमा बसेका थिए?,14,14,Ram spent fourteen years in exile.,S11,University textbooks / peer-reviewed publications (cite exact title on verification),N/A - print source,Academic,Raunak Sharma,,done,verified fact and citation of listed source.
REL060,Religion,Mahabharata,Fact Retrieval,Easy,Lord Krishna is regarded as an avatar of which deity?,भगवान् कृष्ण कुन देवताका अवतार मानिन्छन्?,Vishnu,विष्णु,Krishna is regarded as an avatar of Vishnu.,S11,University textbooks / peer-reviewed publications (cite exact title on verification),N/A - print source,Academic,Raunak Sharma,,done,verified fact and citation of listed source.
REL061,Religion,Mahabharata,Fact Retrieval,Easy,"In the Bhagavad Gita, Krishna delivers his teaching to which warrior?",श्रीमद्भगवद्गीतामा कृष्णले कुन योद्धालाई उपदेश दिएका छन्?,Arjuna,अर्जुन,The Gita is Krishna's counsel to Arjuna on the battlefield.,S11,University textbooks / peer-reviewed publications (cite exact title on verification),N/A - print source,Academic,Raunak Sharma,,done,verified fact and citation of listed source.
REL062,Religion,Mahabharata,Fact Retrieval,Easy,How many Pandava brothers were there in the Mahabharata?,महाभारतमा पाण्डवहरू कति जना थिए?,5,5,"The five Pandavas were Yudhishthira, Bhima, Arjuna, Nakula and Sahadeva.",S11,University textbooks / peer-reviewed publications (cite exact title on verification),N/A - print source,Academic,Raunak Sharma,,done,verified fact and citation of listed source.
REL063,Religion,Buddhism,Definition,Easy,What is the community of Buddhist monks called?,बौद्ध भिक्षुहरूको समुदायलाई के भनिन्छ?,Sangha,सङ्घ,The Sangha is the monastic community in Buddhism.,S11,University textbooks / peer-reviewed publications (cite exact title on verification),N/A - print source,Academic,Raunak Sharma,,done,verified fact and citation of listed source.
REL064,Religion,Buddhism,Fact Retrieval,Easy,How many Noble Truths did the Buddha teach?,बुद्धले कतिवटा आर्यसत्य उपदेश दिएका छन्?,4,4,The Four Noble Truths are the core of the Buddha's teaching.,S11,University textbooks / peer-reviewed publications (cite exact title on verification),N/A - print source,Academic,Raunak Sharma,,done,verified fact and citation of listed source.
REL065,Religion,Hindu practice,Fact Retrieval,Easy,What is regarded as the most sacred syllable in Hinduism?,हिन्दू धर्ममा सबैभन्दा पवित्र अक्षर (मन्त्राक्षर) कुन मानिन्छ?,Om,ॐ (ओम्),Om is the most sacred syllable of Hindu tradition.,S11,University textbooks / peer-reviewed publications (cite exact title on verification),N/A - print source,Academic,Raunak Sharma,,done,verified fact and citation of listed source.
REL066,Religion,Hindu practice,Fact Retrieval,Easy,Which river is considered the holiest in Hinduism?,हिन्दू धर्ममा सबैभन्दा पवित्र नदी कुन मानिन्छ?,Ganga (Ganges),गङ्गा,The Ganga is Hinduism's most sacred river.,S11,University textbooks / peer-reviewed publications (cite exact title on verification),N/A - print source,Academic,Raunak Sharma,,done,verified fact and citation of listed source.
REL067,Religion,Hindu scriptures,Fact Retrieval,Medium,Which is the oldest of the four Vedas?,चार वेदमध्ये सबैभन्दा पुरानो वेद कुन हो?,Rigveda,ऋग्वेद,The Rigveda is the oldest Veda.,S11,University textbooks / peer-reviewed publications (cite exact title on verification),N/A - print source,Academic,Raunak Sharma,,done,verified fact and citation of listed source.
REL068,Religion,Hindu scriptures,Fact Retrieval,Medium,Which Veda is primarily associated with chants and music?,कुन वेद मुख्यतया गान/सङ्गीतसँग सम्बन्धित छ?,Samaveda,सामवेद,The Samaveda is the Veda of melodies and chants.,S11,University textbooks / peer-reviewed publications (cite exact title on verification),N/A - print source,Academic,Raunak Sharma,,done,verified fact and citation of listed source.
REL069,Religion,Hindu scriptures,Fact Retrieval,Medium,How many chapters does the Bhagavad Gita contain?,श्रीमद्भगवद्गीतामा कतिवटा अध्याय छन्?,18,18,The Gita comprises eighteen chapters.,S11,University textbooks / peer-reviewed publications (cite exact title on verification),N/A - print source,Academic,Raunak Sharma,,done,verified fact and citation of listed source.
REL070,Religion,Mahabharata,Fact Retrieval,Medium,On which battlefield was the Mahabharata war fought?,महाभारतको युद्ध कुन मैदानमा लडिएको थियो?,Kurukshetra,कुरुक्षेत्र,The great war took place at Kurukshetra.,S11,University textbooks / peer-reviewed publications (cite exact title on verification),N/A - print source,Academic,Raunak Sharma,,done,verified fact and citation of listed source.
REL071,Religion,Mahabharata,Fact Retrieval,Medium,Who was the eldest of the Pandava brothers?,पाण्डवहरूमध्ये जेठा को थिए?,Yudhishthira,युधिष्ठिर,Yudhishthira was the eldest Pandava.,S11,University textbooks / peer-reviewed publications (cite exact title on verification),N/A - print source,Academic,Raunak Sharma,,done,verified fact and citation of listed source.
REL072,Religion,Mahabharata,Fact Retrieval,Medium,How many Kaurava brothers were there in the Mahabharata?,महाभारतमा कौरवहरू कति जना थिए?,100,100,Duryodhana led the hundred Kaurava brothers.,S11,University textbooks / peer-reviewed publications (cite exact title on verification),N/A - print source,Academic,Raunak Sharma,,done,verified fact and citation of listed source.
REL073,Religion,Mahabharata,Fact Retrieval,Medium,Draupadi was the common wife of which brothers?,द्रौपदी कुन दाजुभाइहरूकी साझा पत्नी थिइन्?,The five Pandavas,पाँच पाण्डव,Draupadi was married to the five Pandava brothers.,S11,University textbooks / peer-reviewed publications (cite exact title on verification),N/A - print source,Academic,Raunak Sharma,,done,verified fact and citation of listed source.
REL074,Religion,Ramayana,Fact Retrieval,Medium,Which brother accompanied Ram and Sita during the forest exile?,वनवासमा राम र सीतासँगै कुन भाइ गएका थिए?,Lakshman,लक्ष्मण,Lakshman accompanied Ram and Sita into exile.,S11,University textbooks / peer-reviewed publications (cite exact title on verification),N/A - print source,Academic,Raunak Sharma,,done,verified fact and citation of listed source.
REL075,Religion,Ramayana,Fact Retrieval,Medium,How many brothers did Lord Ram have?,भगवान् रामका कति जना भाइ थिए?,3,3,"Ram's brothers were Lakshman, Bharat and Shatrughna.",S11,University textbooks / peer-reviewed publications (cite exact title on verification),N/A - print source,Academic,Raunak Sharma,,done,verified fact and citation of listed source.
REL076,Religion,Ramayana,Fact Retrieval,Medium,What were the names of the twin sons of Ram and Sita?,राम र सीताका जुम्ल्याहा छोराहरूको नाम के थियो?,Lava and Kusha,लव र कुश,Lava and Kusha were born to Sita at Valmiki's ashram.,S11,University textbooks / peer-reviewed publications (cite exact title on verification),N/A - print source,Academic,Raunak Sharma,,done,verified fact and citation of listed source.
REL077,Religion,Ramayana,Fact Retrieval,Medium,Hanuman is regarded as the son of which god?,हनुमान कुन देवताका पुत्र मानिन्छन्?,Vayu (the wind god),वायुदेव (पवनदेव),"Hanuman is called Pavanputra, son of the wind god.",S11,University textbooks / peer-reviewed publications (cite exact title on verification),N/A - print source,Academic,Raunak Sharma,,done,verified fact and citation of listed source.
REL078,Religion,Ramayana,Fact Retrieval,Medium,Which city did Hanuman set ablaze with his burning tail?,हनुमानले आफ्नो जलिरहेको पुच्छरले कुन सहर जलाएका थिए?,Lanka,लङ्का,Hanuman burned Lanka after being captured.,S11,University textbooks / peer-reviewed publications (cite exact title on verification),N/A - print source,Academic,Raunak Sharma,,done,verified fact and citation of listed source.
REL079,Religion,Ramayana,Definition,Medium,What is the fire ordeal undergone by Sita to prove her purity called?,आफ्नो पवित्रता प्रमाणित गर्न सीताले गरेको अग्नि परीक्षणलाई के भनिन्छ?,Agni Pariksha,अग्निपरीक्षा,Sita underwent the Agni Pariksha after the war.,S11,University textbooks / peer-reviewed publications (cite exact title on verification),N/A - print source,Academic,Raunak Sharma,,done,verified fact and citation of listed source.
REL080,Religion,Ramayana,Fact Retrieval,Medium,Which brother of Ravana was famous for sleeping six months at a time?,रावणका कुन भाइ छ महिनासम्म सुत्ने कथाका लागि प्रसिद्ध छन्?,Kumbhakarna,कुम्भकर्ण,Kumbhakarna slept for months due to a boon-turned-curse.,S11,University textbooks / peer-reviewed publications (cite exact title on verification),N/A - print source,Academic,Raunak Sharma,,done,verified fact and citation of listed source.
REL081,Religion,Ramayana,Fact Retrieval,Medium,Which brother of Ravana left him and joined Lord Ram?,रावणका कुन भाइले उनलाई छोडेर रामको पक्ष लिए?,Vibhishana,विभीषण,Vibhishana joined Ram and later became king of Lanka.,S11,University textbooks / peer-reviewed publications (cite exact title on verification),N/A - print source,Academic,Raunak Sharma,,done,verified fact and citation of listed source.
REL082,Religion,Hindu deities,Fact Retrieval,Medium,How many principal avatars (Dashavatar) of Vishnu are described in Hindu tradition?,हिन्दू परम्परामा विष्णुका मुख्य अवतार (दशावतार) कतिवटा मानिन्छन्?,10,10,The Dashavatar are the ten principal avatars of Vishnu.,S11,University textbooks / peer-reviewed publications (cite exact title on verification),N/A - print source,Academic,Raunak Sharma,,done,verified fact and citation of listed source.
REL083,Religion,Hindu deities,Fact Retrieval,Medium,"What is the first avatar of Vishnu, in the form of a fish, called?",माछाको रूपमा लिइएको विष्णुको पहिलो अवतारलाई के भनिन्छ?,Matsya,मत्स्य,"Matsya, the fish, is the first avatar of Vishnu.",S11,University textbooks / peer-reviewed publications (cite exact title on verification),N/A - print source,Academic,Raunak Sharma,,done,verified fact and citation of listed source.
REL084,Religion,Hindu deities,Fact Retrieval,Medium,"In his Narasimha avatar, Vishnu slew which demon king?",नृसिंह अवतारमा विष्णुले कुन दैत्यराजको वध गरेका थिए?,Hiranyakashipu,हिरण्यकशिपु,Narasimha killed Hiranyakashipu to protect Prahlad.,S11,University textbooks / peer-reviewed publications (cite exact title on verification),N/A - print source,Academic,Raunak Sharma,,done,verified fact and citation of listed source.
REL085,Religion,Festivals,Fact Retrieval,Medium,The Holika Dahan bonfire commemorates the survival of which devotee?,होलिका दहनले कुन भक्तको रक्षा भएको घटनाको सम्झना गराउँछ?,Prahlad,प्रह्लाद,Holika burned while the devotee Prahlad survived.,S11,University textbooks / peer-reviewed publications (cite exact title on verification),N/A - print source,Academic,Raunak Sharma,,done,verified fact and citation of listed source.
REL086,Religion,Festivals,Fact Retrieval,Medium,By what name is the festival of Holi commonly known in Nepal?,होली पर्वलाई नेपालमा कुन नामले चिनिन्छ?,Fagu Purnima,फागु पूर्णिमा,Holi is celebrated in Nepal as Fagu Purnima.,S01,"Ministry of Culture, Tourism and Civil Aviation",https://www.tourism.gov.np,Government,Raunak Sharma,,done,verified fact and citation of listed source.
REL087,Religion,Festivals,Fact Retrieval,Medium,Maghe Sankranti marks the sun's entry into which zodiac sign?,माघे संक्रान्तिले सूर्य कुन राशिमा प्रवेश गरेको जनाउँछ?,Makar (Capricorn),मकर,Maghe Sankranti is the Makar Sankranti of the Nepali calendar.,S01,"Ministry of Culture, Tourism and Civil Aviation",https://www.tourism.gov.np,Government,Raunak Sharma,,done,verified fact and citation of listed source.
REL088,Religion,Hindu deities,Fact Retrieval,Medium,Which mountain is regarded as the abode of Lord Shiva?,कुन पर्वतलाई भगवान् शिवको वासस्थान मानिन्छ?,Mount Kailash,कैलाश पर्वत,Shiva is believed to reside on Mount Kailash.,S11,University textbooks / peer-reviewed publications (cite exact title on verification),N/A - print source,Academic,Raunak Sharma,,done,verified fact and citation of listed source.
REL089,Religion,Hindu deities,Fact Retrieval,Medium,What is the trident weapon of Lord Shiva called?,भगवान् शिवको तीनधारे हतियारलाई के भनिन्छ?,Trishul,त्रिशूल,The trishul (trident) is Shiva's weapon.,S11,University textbooks / peer-reviewed publications (cite exact title on verification),N/A - print source,Academic,Raunak Sharma,,done,verified fact and citation of listed source.
REL090,Religion,Hindu deities,Fact Retrieval,Medium,Which bull serves as the vahana (vehicle) of Lord Shiva?,भगवान् शिवको वाहन कुन साँढे हो?,Nandi,नन्दी,Nandi the bull is Shiva's mount and gatekeeper.,S11,University textbooks / peer-reviewed publications (cite exact title on verification),N/A - print source,Academic,Raunak Sharma,,done,verified fact and citation of listed source.
REL091,Religion,Hindu deities,Fact Retrieval,Medium,Which mythical bird serves as the vahana of Lord Vishnu?,भगवान् विष्णुको वाहन कुन पौराणिक पक्षी हो?,Garuda,गरुड,Garuda is the eagle-mount of Vishnu.,S11,University textbooks / peer-reviewed publications (cite exact title on verification),N/A - print source,Academic,Raunak Sharma,,done,verified fact and citation of listed source.
REL092,Religion,Hindu deities,Fact Retrieval,Medium,Which small animal serves as the vahana of Lord Ganesh?,गणेशको वाहन कुन सानो जनावर हो?,Mouse (Mushak),मुसा (मूषक),The mouse Mushak is Ganesh's vehicle.,S11,University textbooks / peer-reviewed publications (cite exact title on verification),N/A - print source,Academic,Raunak Sharma,,done,verified fact and citation of listed source.
REL093,Religion,Hindu deities,Fact Retrieval,Medium,Which deity is customarily worshipped first at the beginning of Hindu rituals?,हिन्दू पूजा-अनुष्ठानको सुरुमा सबैभन्दा पहिले कुन देवताको पूजा गरिन्छ?,Ganesh,गणेश,"Ganesh, remover of obstacles, is worshipped first in rituals.",S11,University textbooks / peer-reviewed publications (cite exact title on verification),N/A - print source,Academic,Raunak Sharma,,done,verified fact and citation of listed source.
REL094,Religion,Hindu deities,Fact Retrieval,Medium,Who are the two sons of Shiva and Parvati?,शिव-पार्वतीका दुई पुत्र को-को हुन्?,Ganesh and Kartikeya,गणेश र कार्तिकेय,Ganesh and Kartikeya (Kumar) are the sons of Shiva and Parvati.,S11,University textbooks / peer-reviewed publications (cite exact title on verification),N/A - print source,Academic,Raunak Sharma,,done,verified fact and citation of listed source.
REL095,Religion,Hindu deities,Fact Retrieval,Medium,Saraswati is revered as the goddess of what?,सरस्वतीलाई केकी देवी मानिन्छ?,Knowledge and learning,विद्या (ज्ञान),"Saraswati is the goddess of knowledge, music and learning.",S11,University textbooks / peer-reviewed publications (cite exact title on verification),N/A - print source,Academic,Raunak Sharma,,done,verified fact and citation of listed source.
REL096,Religion,Hindu deities,Fact Retrieval,Medium,Laxmi is revered as the goddess of what?,लक्ष्मीलाई केकी देवी मानिन्छ?,Wealth and prosperity,धन-सम्पत्ति,"Laxmi is the goddess of wealth, worshipped on Laxmi Puja.",S11,University textbooks / peer-reviewed publications (cite exact title on verification),N/A - print source,Academic,Raunak Sharma,,done,verified fact and citation of listed source.
REL097,Religion,Festivals,Fact Retrieval,Medium,The five days of Tihar are collectively named 'Yamapanchak' after which god?,तिहारका पाँच दिनलाई कुन देवताका नामबाट 'यमपञ्चक' भनिन्छ?,Yama (god of death),यमराज (मृत्युका देवता),"Yamapanchak is named after Yama, the god of death.",S01,"Ministry of Culture, Tourism and Civil Aviation",https://www.tourism.gov.np,Government,Raunak Sharma,,done,verified fact and citation of listed source.
REL098,Religion,Festivals,Fact Retrieval,Medium,"Indra, honoured in Kathmandu's Indra Jatra, is the god of what?",काठमाडौंको इन्द्रजात्रामा पुजिने इन्द्र केका देवता हुन्?,Rain,वर्षा,Indra is worshipped as the king of heaven and god of rain.,S11,University textbooks / peer-reviewed publications (cite exact title on verification),N/A - print source,Academic,Raunak Sharma,,done,verified fact and citation of listed source.
REL099,Religion,Festivals,Multi-hop Factual,Medium,The Govardhan Puja of Tihar commemorates Krishna lifting which hill?,तिहारको गोवर्धन पूजाले कृष्णले कुन पर्वत उठाएको प्रसंगको सम्झना गराउँछ?,Govardhan hill,गोवर्धन पर्वत,Krishna lifted Govardhan hill to shelter villagers from Indra's rains.,S11,University textbooks / peer-reviewed publications (cite exact title on verification),N/A - print source,Academic,Raunak Sharma,,done,verified fact and citation of listed source.
REL100,Religion,Hindu deities,Fact Retrieval,Medium,In which city was Lord Krishna born?,भगवान् कृष्णको जन्म कुन सहरमा भएको थियो?,Mathura,मथुरा,Krishna was born in Mathura to Devaki and Vasudeva.,S11,University textbooks / peer-reviewed publications (cite exact title on verification),N/A - print source,Academic,Raunak Sharma,,done,verified fact and citation of listed source.
REL101,Religion,Hindu practice,Fact Retrieval,Medium,The tulsi (holy basil) plant is especially sacred to which deity?,तुलसीको बिरुवा विशेष गरी कुन देवतासँग सम्बन्धित मानिन्छ?,Vishnu,विष्णु,Tulsi is sacred to Vishnu and worshipped daily in Hindu homes.,S11,University textbooks / peer-reviewed publications (cite exact title on verification),N/A - print source,Academic,Raunak Sharma,,done,verified fact and citation of listed source.
REL102,Religion,Hindu practice,Fact Retrieval,Medium,Rudraksha beads are especially associated with which deity?,रुद्राक्ष कुन देवतासँग विशेष सम्बन्धित मानिन्छ?,Shiva,शिव,Rudraksha beads are sacred to Shiva and worn by devotees.,S11,University textbooks / peer-reviewed publications (cite exact title on verification),N/A - print source,Academic,Raunak Sharma,,done,verified fact and citation of listed source.
REL103,Religion,Hindu practice,Fact Retrieval,Medium,How many beads does a traditional Hindu-Buddhist prayer mala contain?,परम्परागत जपमालामा कतिवटा दाना हुन्छन्?,108,108,The mala traditionally contains 108 beads.,S11,University textbooks / peer-reviewed publications (cite exact title on verification),N/A - print source,Academic,Raunak Sharma,,done,verified fact and citation of listed source.
REL104,Religion,Festivals,Fact Retrieval,Medium,"On Nag Panchami, images of which creature are pasted above doorways in Nepal?",नागपञ्चमीका दिन नेपालमा घरका ढोकामाथि कुन प्राणीको चित्र टाँसिन्छ?,Serpent (Nag),नाग (सर्प),Nag Panchami honours the serpent deities for protection.,S01,"Ministry of Culture, Tourism and Civil Aviation",https://www.tourism.gov.np,Government,Raunak Sharma,,done,verified fact and citation of listed source.
REL105,Religion,Festivals,Fact Retrieval,Medium,How many great sages are worshipped on Rishi Panchami?,ऋषिपञ्चमीका दिन कति जना ऋषिको पूजा गरिन्छ?,7 (Sapta Rishi),7 (सप्तऋषि),Rishi Panchami honours the seven great sages.,S01,"Ministry of Culture, Tourism and Civil Aviation",https://www.tourism.gov.np,Government,Raunak Sharma,,done,verified fact and citation of listed source.
REL106,Religion,Festivals,Definition,Medium,What does the name 'Shivaratri' literally mean?,शिवरात्रि' शब्दको शाब्दिक अर्थ के हो?,The night of Shiva,शिवको रात,Shivaratri means the great night of Lord Shiva.,S11,University textbooks / peer-reviewed publications (cite exact title on verification),N/A - print source,Academic,Raunak Sharma,,done,verified fact and citation of listed source.
REL107,Religion,Hindu scriptures,Fact Retrieval,Medium,In which language was the original Ramayana composed?,मूल रामायण कुन भाषामा रचिएको हो?,Sanskrit,संस्कृत,Valmiki composed the Ramayana in Sanskrit.,S11,University textbooks / peer-reviewed publications (cite exact title on verification),N/A - print source,Academic,Raunak Sharma,,done,verified fact and citation of listed source.
REL108,Religion,Buddhism,Fact Retrieval,Medium,What are the two major branches of Buddhism?,बौद्ध धर्मका दुई प्रमुख सम्प्रदाय कुन-कुन हुन्?,Mahayana and Theravada,महायान र थेरवाद,Mahayana and Theravada are Buddhism's two major branches.,S11,University textbooks / peer-reviewed publications (cite exact title on verification),N/A - print source,Academic,Raunak Sharma,,done,verified fact and citation of listed source.
REL109,Religion,Buddhism,Definition,Medium,What is the principal collection of Buddhist scriptures called?,बौद्ध धर्मग्रन्थहरूको प्रमुख सङ्ग्रहलाई के भनिन्छ?,Tripitaka,त्रिपिटक,The Tripitaka is the canonical collection of Buddhist scriptures.,S11,University textbooks / peer-reviewed publications (cite exact title on verification),N/A - print source,Academic,Raunak Sharma,,done,verified fact and citation of listed source.
REL110,Religion,Buddhism,Definition,Medium,What does the word 'Tripitaka' literally mean?,त्रिपिटक' शब्दको शाब्दिक अर्थ के हो?,Three baskets,तीन पिटारा (टोकरी),Tripitaka means 'three baskets' of teachings.,S11,University textbooks / peer-reviewed publications (cite exact title on verification),N/A - print source,Academic,Raunak Sharma,,done,verified fact and citation of listed source.
REL111,Religion,Buddhism,Fact Retrieval,Medium,How many steps are there in the Noble Path taught by the Buddha?,बुद्धले देखाएको आर्य मार्गमा कतिवटा अङ्ग छन्?,8,8,The Noble Eightfold Path has eight elements.,S11,University textbooks / peer-reviewed publications (cite exact title on verification),N/A - print source,Academic,Raunak Sharma,,done,verified fact and citation of listed source.
REL112,Religion,Buddhism,Fact Retrieval,Medium,What are the Three Jewels (Triratna) of Buddhism?,बौद्ध धर्मका त्रिरत्न के-के हुन्?,"Buddha, Dharma and Sangha","बुद्ध, धर्म र सङ्घ","Buddhists take refuge in the Buddha, Dharma and Sangha.",S11,University textbooks / peer-reviewed publications (cite exact title on verification),N/A - print source,Academic,Raunak Sharma,,done,verified fact and citation of listed source.
REL113,Religion,Buddhism,Fact Retrieval,Medium,In which language is the Theravada Buddhist canon preserved?,थेरवाद बौद्ध त्रिपिटक कुन भाषामा सुरक्षित छ?,Pali,पाली,The Theravada canon is preserved in the Pali language.,S11,University textbooks / peer-reviewed publications (cite exact title on verification),N/A - print source,Academic,Raunak Sharma,,done,verified fact and citation of listed source.
REL114,Religion,Buddhism,Fact Retrieval,Medium,Under which species of tree did the Buddha attain enlightenment?,बुद्धले कुन प्रजातिको रूखमुनि बुद्धत्व प्राप्त गरेका थिए?,Peepal (Ficus religiosa),पीपल,The Bodhi tree is a peepal (sacred fig).,S11,University textbooks / peer-reviewed publications (cite exact title on verification),N/A - print source,Academic,Raunak Sharma,,done,verified fact and citation of listed source.
REL115,Religion,Buddhism,Fact Retrieval,Medium,What was the name of Prince Siddhartha's wife?,राजकुमार सिद्धार्थकी पत्नीको नाम के थियो?,Yashodhara,यशोधरा,Siddhartha was married to Princess Yashodhara.,S11,University textbooks / peer-reviewed publications (cite exact title on verification),N/A - print source,Academic,Raunak Sharma,,done,verified fact and citation of listed source.
REL116,Religion,Buddhism,Fact Retrieval,Medium,What was the name of the Buddha's son?,बुद्धका छोराको नाम के थियो?,Rahula,राहुल,Rahula later joined his father's monastic order.,S11,University textbooks / peer-reviewed publications (cite exact title on verification),N/A - print source,Academic,Raunak Sharma,,done,verified fact and citation of listed source.
REL117,Religion,Buddhism,Fact Retrieval,Medium,In which place did the Buddha pass away (attain Mahaparinirvana)?,बुद्धको महापरिनिर्वाण कुन स्थानमा भएको थियो?,Kushinagar,कुशीनगर,The Buddha attained Mahaparinirvana at Kushinagar.,S11,University textbooks / peer-reviewed publications (cite exact title on verification),N/A - print source,Academic,Raunak Sharma,,done,verified fact and citation of listed source.
REL118,Religion,Buddhism,Fact Retrieval,Medium,Buddha Jayanti is internationally observed under which name?,बुद्ध जयन्तीलाई अन्तर्राष्ट्रिय रूपमा कुन नामले मनाइन्छ?,Vesak Day,भेसाक दिवस,The UN observes Buddha Jayanti as Vesak Day.,S11,University textbooks / peer-reviewed publications (cite exact title on verification),N/A - print source,Academic,Raunak Sharma,,done,verified fact and citation of listed source.
REL119,Religion,Buddhist sites,Fact Retrieval,Medium,The World Peace Pagoda (Shanti Stupa) overlooking Phewa Lake stands in which city?,फेवा तालमाथि रहेको विश्व शान्ति स्तूप कुन सहरमा अवस्थित छ?,Pokhara,पोखरा,Pokhara's Shanti Stupa overlooks Phewa Lake.,S02,Nepal Tourism Board,https://ntb.gov.np,Government,Raunak Sharma,,done,verified fact and citation of listed source.
REL120,Religion,Hindu scriptures,Fact Retrieval,Hard,The Gayatri Mantra originates from which Veda?,गायत्री मन्त्र कुन वेदबाट लिइएको हो?,Rigveda,ऋग्वेद,The Gayatri Mantra appears in the Rigveda.,S11,University textbooks / peer-reviewed publications (cite exact title on verification),N/A - print source,Academic,Raunak Sharma,,done,verified fact and citation of listed source.
REL121,Religion,Hindu scriptures,Fact Retrieval,Hard,How many major Puranas are there in Hindu tradition?,हिन्दू परम्परामा महापुराण कतिवटा छन्?,18,18,Tradition counts eighteen Mahapuranas.,S11,University textbooks / peer-reviewed publications (cite exact title on verification),N/A - print source,Academic,Raunak Sharma,,done,verified fact and citation of listed source.
REL122,Religion,Hindu scriptures,Fact Retrieval,Hard,Into how many parvas (books) is the Mahabharata divided?,महाभारत कतिवटा पर्वमा विभाजित छ?,18,18,The Mahabharata comprises eighteen parvas.,S11,University textbooks / peer-reviewed publications (cite exact title on verification),N/A - print source,Academic,Raunak Sharma,,done,verified fact and citation of listed source.
REL123,Religion,Hindu scriptures,Fact Retrieval,Hard,Into how many kandas (books) is the Ramayana divided?,रामायण कतिवटा काण्डमा विभाजित छ?,7,7,The Ramayana comprises seven kandas.,S11,University textbooks / peer-reviewed publications (cite exact title on verification),N/A - print source,Academic,Raunak Sharma,,done,verified fact and citation of listed source.
REL124,Religion,Ramayana,Fact Retrieval,Hard,Which demon took the form of a golden deer to lure Ram away from Sita?,सीतालाई एक्ल्याउन सुनौलो मृगको रूप लिने राक्षस को थियो?,Maricha,मारीच,Maricha became the golden deer at Ravana's command.,S11,University textbooks / peer-reviewed publications (cite exact title on verification),N/A - print source,Academic,Raunak Sharma,,done,verified fact and citation of listed source.
REL125,Religion,Mahabharata,Fact Retrieval,Hard,"According to tradition, which deity acted as the scribe who wrote down the Mahabharata?",परम्पराअनुसार महाभारत लिपिबद्ध गर्ने काम कुन देवताले गरेका थिए?,Ganesh,गणेश,Ganesh wrote the Mahabharata as Vyasa dictated it.,S11,University textbooks / peer-reviewed publications (cite exact title on verification),N/A - print source,Academic,Raunak Sharma,,done,verified fact and citation of listed source.
REL126,Religion,Hindu deities,Fact Retrieval,Hard,Whom did Shiva burn to ashes with his third eye?,शिवले आफ्नो तेस्रो नेत्रले कसलाई भस्म गरेका थिए?,Kamadeva (god of love),कामदेव,Shiva burned Kamadeva for disturbing his meditation.,S11,University textbooks / peer-reviewed publications (cite exact title on verification),N/A - print source,Academic,Raunak Sharma,,done,verified fact and citation of listed source.
REL127,Religion,Hindu deities,Definition,Hard,What is the cosmic dance of Lord Shiva called?,भगवान् शिवको ब्रह्माण्डीय नृत्यलाई के भनिन्छ?,Tandava,ताण्डव,Shiva performs the cosmic Tandava dance as Nataraja.,S11,University textbooks / peer-reviewed publications (cite exact title on verification),N/A - print source,Academic,Raunak Sharma,,done,verified fact and citation of listed source.
REL128,Religion,Hindu deities,Fact Retrieval,Hard,Which bird serves as the vahana of Kartikeya?,कार्तिकेयको वाहन कुन पक्षी हो?,Peacock,मयूर (मुजुर),Kartikeya rides the peacock.,S11,University textbooks / peer-reviewed publications (cite exact title on verification),N/A - print source,Academic,Raunak Sharma,,done,verified fact and citation of listed source.
REL129,Religion,Hindu deities,Fact Retrieval,Hard,Saraswati is traditionally regarded as the consort of which deity?,सरस्वतीलाई परम्परागत रूपमा कुन देवताकी अर्धाङ्गिनी मानिन्छ?,Brahma,ब्रह्मा,Saraswati is the consort of Brahma.,S11,University textbooks / peer-reviewed publications (cite exact title on verification),N/A - print source,Academic,Raunak Sharma,,done,verified fact and citation of listed source.
REL130,Religion,Festivals,Fact Retrieval,Hard,The ritual marriage of the tulsi plant (Tulsi Bibaha) is performed on which Ekadashi?,तुलसीको विवाह कुन एकादशीका दिन गरिन्छ?,Haribodhini Ekadashi,हरिबोधिनी एकादशी,Tulsi Bibaha is performed on Haribodhini (Kartik Shukla) Ekadashi.,S01,"Ministry of Culture, Tourism and Civil Aviation",https://www.tourism.gov.np,Government,Raunak Sharma,,done,verified fact and citation of listed source.
REL131,Religion,Demographics,Fact Retrieval,Hard,"According to the 2021 census, which is the third-largest religion in Nepal?",सन् 2021 को जनगणनाअनुसार नेपालको तेस्रो ठूलो धर्म कुन हो?,Islam,इस्लाम,Islam is the third-largest religion recorded in the 2021 census.,S07,National Statistics Office - Census 2021,https://censusnepal.cbs.gov.np,Government,Raunak Sharma,,done,verified fact and citation of listed source.
REL132,Religion,Hindu temples,Fact Retrieval,Hard,The chief priests (Mul Bhatta) of Pashupatinath traditionally come from which part of India?,पशुपतिनाथका मूल भट्ट पुजारी परम्परागत रूपमा भारतको कुन भागबाट आउँछन्?,South India,दक्षिण भारत,The Mul Bhatta priests of Pashupatinath traditionally hail from South India.,S06,Pashupati Area Development Trust,URL to verify,Government,Raunak Sharma,,done,verified fact and citation of listed source.
REL133,Religion,Hindu temples,Fact Retrieval,Hard,The Guhyeshwari temple near Pashupatinath is dedicated to which goddess?,पशुपतिनाथ नजिकैको गुह्येश्वरी मन्दिर कुन देवीलाई समर्पित छ?,Goddess Parvati (as Guhyeshwari/Shakti),देवी पार्वती (गुह्येश्वरी शक्तिरूप),Guhyeshwari is a major Shakti shrine linked to Parvati (Sati).,S06,Pashupati Area Development Trust,URL to verify,Government,Raunak Sharma,,done,verified fact and citation of listed source.
REL134,Religion,Hindu temples,Fact Retrieval,Hard,The Dakshinkali temple on the southern rim of the Kathmandu Valley is dedicated to which goddess?,काठमाडौं उपत्यकाको दक्षिणी छेउमा रहेको दक्षिणकाली मन्दिर कुन देवीलाई समर्पित छ?,Goddess Kali,काली देवी,Dakshinkali is one of Nepal's principal Kali temples.,S05,"Department of Archaeology, Government of Nepal",https://doa.gov.np,Government,Raunak Sharma,,done,verified fact and citation of listed source.
REL135,Religion,Hindu temples,Fact Retrieval,Hard,"The five-storey Kumbheshwar temple, dedicated to Shiva, stands in which city?",शिवलाई समर्पित पाँचतले कुम्भेश्वर मन्दिर कुन सहरमा अवस्थित छ?,Lalitpur (Patan),ललितपुर (पाटन),Kumbheshwar is one of the valley's two five-tiered temples.,S05,"Department of Archaeology, Government of Nepal",https://doa.gov.np,Government,Raunak Sharma,,done,verified fact and citation of listed source.
REL136,Religion,Hindu temples,Fact Retrieval,Hard,"The Doleshwar Mahadev temple, regarded as the head portion of Kedarnath, is in which district?",केदारनाथको शिर भाग मानिने डोलेश्वर महादेव मन्दिर कुन जिल्लामा अवस्थित छ?,Bhaktapur,भक्तपुर,Doleshwar Mahadev in Bhaktapur is linked to Kedarnath of India.,S05,"Department of Archaeology, Government of Nepal",https://doa.gov.np,Government,Raunak Sharma,,done,verified fact and citation of listed source.
REL137,Religion,Pilgrimage sites,Fact Retrieval,Hard,The Barahakshetra pilgrimage site near the Koshi river is located in which district?,कोशी नदी नजिकैको बराहक्षेत्र तीर्थस्थल कुन जिल्लामा अवस्थित छ?,Sunsari,सुनसरी,Barahakshetra lies near the Koshi in Sunsari district.,S02,Nepal Tourism Board,https://ntb.gov.np,Government,Raunak Sharma,,done,verified fact and citation of listed source.
REL138,Religion,Pilgrimage sites,Fact Retrieval,Hard,Devghat Dham lies at the confluence of the Trishuli and which other river?,देवघाट धाम त्रिशूली र अर्को कुन नदीको संगममा अवस्थित छ?,Kali Gandaki,कालीगण्डकी,Devghat sits where the Trishuli meets the Kali Gandaki.,S02,Nepal Tourism Board,https://ntb.gov.np,Government,Raunak Sharma,,done,verified fact and citation of listed source.
REL139,Religion,Pilgrimage sites,Fact Retrieval,Hard,The Swargadwari temple complex is located in which district?,स्वर्गद्वारी मन्दिर क्षेत्र कुन जिल्लामा अवस्थित छ?,Pyuthan,प्यूठान,Swargadwari is the famed pilgrimage site of Pyuthan district.,S02,Nepal Tourism Board,https://ntb.gov.np,Government,Raunak Sharma,,done,verified fact and citation of listed source.
REL140,Religion,Hindu practice,Fact Retrieval,Hard,The sacred shaligram stones are found in which river of Nepal?,पवित्र शालिग्राम शिला नेपालको कुन नदीमा पाइन्छ?,Kali Gandaki,कालीगण्डकी,"Shaligram fossil-stones, sacred to Vishnu, come from the Kali Gandaki.",S02,Nepal Tourism Board,https://ntb.gov.np,Government,Raunak Sharma,,done,verified fact and citation of listed source.
REL141,Religion,Pilgrimage sites,Fact Retrieval,Hard,Which shrine at Muktinath houses a continuously burning natural flame?,मुक्तिनाथमा निरन्तर बलिरहने प्राकृतिक ज्वाला भएको मन्दिर कुन हो?,Jwala Mai temple,ज्वालामाई मन्दिर,The Jwala Mai shrine shelters Muktinath's natural eternal flame.,S02,Nepal Tourism Board,https://ntb.gov.np,Government,Raunak Sharma,,done,verified fact and citation of listed source.
REL142,Religion,Hindu temples,Fact Retrieval,Hard,What is the principal cremation ghat at the Pashupatinath temple complex called?,पशुपतिनाथ क्षेत्रको मुख्य घाटलाई के भनिन्छ?,Arya Ghat,आर्यघाट,Arya Ghat on the Bagmati is the principal cremation site.,S06,Pashupati Area Development Trust,URL to verify,Government,Raunak Sharma,,done,verified fact and citation of listed source.
REL143,Religion,Hindu deities,Fact Retrieval,Hard,Which goddess was the royal deity (kul devata) of the Malla kings of the Kathmandu Valley?,काठमाडौं उपत्यकाका मल्ल राजाहरूकी कुलदेवी कुन देवी थिइन्?,Taleju Bhawani,तलेजु भवानी,Taleju Bhawani was the tutelary goddess of the Malla dynasty.,S05,"Department of Archaeology, Government of Nepal",https://doa.gov.np,Government,Raunak Sharma,,done,verified fact and citation of listed source.
REL144,Religion,Living traditions,Fact Retrieval,Hard,The living goddess Kumari is believed to embody which goddess?,जीवित देवी कुमारीलाई कुन देवीको अवतार मानिन्छ?,Taleju (Durga),तलेजु (दुर्गा),The Kumari is worshipped as the living embodiment of Taleju.,S11,University textbooks / peer-reviewed publications (cite exact title on verification),N/A - print source,Academic,Raunak Sharma,,done,verified fact and citation of listed source.
REL145,Religion,Hindu deities,Fact Retrieval,Hard,How many mother goddesses form the Ashtamatrika group of the Kathmandu Valley tradition?,काठमाडौं उपत्यकाको परम्परामा अष्टमातृका समूहमा कति देवी हुन्छिन्?,8,8,The Ashtamatrika are the eight mother goddesses guarding the valley.,S11,University textbooks / peer-reviewed publications (cite exact title on verification),N/A - print source,Academic,Raunak Sharma,,done,verified fact and citation of listed source.
REL146,Religion,Buddhism,Fact Retrieval,Hard,What is the sacred month in which Newar Buddhists make daily pilgrimages to Swayambhunath called?,नेवार बौद्धहरूले दिनहुँ स्वयम्भू दर्शन गर्ने पवित्र महिनालाई के भनिन्छ?,Gunla,गुँला,Gunla is the sacred month of Newar Buddhism.,S11,University textbooks / peer-reviewed publications (cite exact title on verification),N/A - print source,Academic,Raunak Sharma,,done,verified fact and citation of listed source.
REL147,Religion,Buddhism,Fact Retrieval,Hard,The Mani Rimdu festival is celebrated at which famous monastery of the Everest region?,मणि रिम्दु पर्व सगरमाथा क्षेत्रको कुन प्रसिद्ध गुम्बामा मनाइन्छ?,Tengboche Monastery,तेङ्बोचे गुम्बा,Mani Rimdu is the masked-dance festival of Tengboche Monastery.,S02,Nepal Tourism Board,https://ntb.gov.np,Government,Raunak Sharma,,done,verified fact and citation of listed source.
REL148,Religion,Buddhist sites,Fact Retrieval,Hard,The Tengboche Monastery is located in which district?,तेङ्बोचे गुम्बा कुन जिल्लामा अवस्थित छ?,Solukhumbu,सोलुखुम्बु,Tengboche lies on the Everest trail in Solukhumbu district.,S02,Nepal Tourism Board,https://ntb.gov.np,Government,Raunak Sharma,,done,verified fact and citation of listed source.
REL149,Religion,Buddhist sites,Fact Retrieval,Hard,What is the sacred pond beside the Maya Devi Temple at Lumbini called?,लुम्बिनीको मायादेवी मन्दिर छेउको पवित्र पोखरीलाई के भनिन्छ?,Puskarini,पुष्करिणी,Maya Devi is said to have bathed in the Puskarini pond.,S04,Lumbini Development Trust,https://lumbinidevtrust.gov.np,Government,Raunak Sharma,,done,verified fact and citation of listed source.
REL150,Religion,Buddhist sites,Fact Retrieval,Hard,"The Ramgram stupa, believed to hold relics of the Buddha, is located in which district?",बुद्धको अस्तुधातु रहेको मानिने रामग्राम स्तूप कुन जिल्लामा अवस्थित छ?,Parasi (Nawalparasi),परासी (नवलपरासी),Ramgram is the unopened relic stupa of Nawalparasi (Parasi).,S04,Lumbini Development Trust,https://lumbinidevtrust.gov.np,Government,Raunak Sharma,,done,verified fact and citation of listed source.
REL151,Religion,Buddhist sites,Fact Retrieval,Hard,In which ancient script is the Ashoka Pillar inscription at Lumbini written?,लुम्बिनीको अशोक स्तम्भको अभिलेख कुन प्राचीन लिपिमा लेखिएको छ?,Brahmi script,ब्राह्मी लिपि,The Lumbini pillar inscription is in Brahmi script.,S03,UNESCO World Heritage Centre,https://whc.unesco.org,International Organization,Raunak Sharma,,done,verified fact and citation of listed source.
REL152,Religion,Buddhist sites,Fact Retrieval,Hard,"According to the tradition endorsed at Lumbini, in which year BCE was the Buddha born?",लुम्बिनीमा मान्यता पाएको परम्पराअनुसार बुद्धको जन्म ईसापूर्व कुन वर्ष भएको थियो?,623 BCE,इ.पू. 623,Nepali tradition dates the Buddha's birth to 623 BCE.,S04,Lumbini Development Trust,https://lumbinidevtrust.gov.np,Government,Raunak Sharma,,done,verified fact and citation of listed source.
REL153,Religion,Buddhist sites,Fact Retrieval,Hard,Which Japanese architect designed the Lumbini Master Plan?,लुम्बिनी गुरुयोजना कुन जापानी वास्तुकारले तयार गरेका थिए?,Kenzo Tange,केन्जो टाङ्गे,The Lumbini Master Plan was designed by Kenzo Tange.,S04,Lumbini Development Trust,https://lumbinidevtrust.gov.np,Government,Raunak Sharma,,done,verified fact and citation of listed source.
REL154,Religion,Buddhism,Fact Retrieval,Hard,The mantra 'Om Mani Padme Hum' is associated with which bodhisattva?,ॐ मणि पद्मे हुँ' मन्त्र कुन बोधिसत्वसँग सम्बन्धित छ?,Avalokiteshvara,अवलोकितेश्वर,"The six-syllable mantra invokes Avalokiteshvara, bodhisattva of compassion.",S11,University textbooks / peer-reviewed publications (cite exact title on verification),N/A - print source,Academic,Raunak Sharma,,done,verified fact and citation of listed source.
REL155,Religion,Buddhism,Fact Retrieval,Hard,How many colours appear in traditional Buddhist prayer flags?,परम्परागत बौद्ध लुङदर (प्रार्थना ध्वजा) मा कतिवटा रङ हुन्छन्?,5,5,Prayer flags come in five colours representing the elements.,S11,University textbooks / peer-reviewed publications (cite exact title on verification),N/A - print source,Academic,Raunak Sharma,,done,verified fact and citation of listed source.
REL156,Religion,Buddhism,Fact Retrieval,Hard,How many Dhyani (Pancha) Buddhas are venerated in Newar Buddhist tradition?,नेवार बौद्ध परम्परामा कतिवटा ध्यानी (पञ्च) बुद्धको पूजा गरिन्छ?,5,5,The Pancha Buddhas appear on stupas and toranas across the valley.,S11,University textbooks / peer-reviewed publications (cite exact title on verification),N/A - print source,Academic,Raunak Sharma,,done,verified fact and citation of listed source.
REL157,Religion,Buddhism,Fact Retrieval,Hard,Who raised Prince Siddhartha after the death of his mother?,आमाको निधनपछि राजकुमार सिद्धार्थलाई कसले हुर्काइन्?,Prajapati Gautami,प्रजापति गौतमी,Siddhartha was raised by his aunt and stepmother Prajapati Gautami.,S11,University textbooks / peer-reviewed publications (cite exact title on verification),N/A - print source,Academic,Raunak Sharma,,done,verified fact and citation of listed source.
REL158,Religion,Buddhism,Fact Retrieval,Hard,Which disciple served as the Buddha's personal attendant?,बुद्धका निजी सहयोगी शिष्य को थिए?,Ananda,आनन्द,Ananda attended the Buddha and recited his discourses.,S11,University textbooks / peer-reviewed publications (cite exact title on verification),N/A - print source,Academic,Raunak Sharma,,done,verified fact and citation of listed source.
REL159,Religion,Buddhism,Fact Retrieval,Hard,At what age did Prince Siddhartha renounce palace life (the Great Renunciation)?,राजकुमार सिद्धार्थले कति वर्षको उमेरमा गृहत्याग (महाभिनिष्क्रमण) गरेका थिए?,29,29,Siddhartha left the palace at age 29.,S11,University textbooks / peer-reviewed publications (cite exact title on verification),N/A - print source,Academic,Raunak Sharma,,done,verified fact and citation of listed source.
REL160,Religion,Buddhism,Fact Retrieval,Hard,At what age did the Buddha attain enlightenment?,बुद्धले कति वर्षको उमेरमा बुद्धत्व प्राप्त गरेका थिए?,35,35,The Buddha attained enlightenment at 35.,S11,University textbooks / peer-reviewed publications (cite exact title on verification),N/A - print source,Academic,Raunak Sharma,,done,verified fact and citation of listed source.
REL161,Religion,Buddhism,Fact Retrieval,Hard,At what age did the Buddha pass away?,बुद्धको कति वर्षको उमेरमा महापरिनिर्वाण भएको थियो?,80,80,The Buddha passed away at Kushinagar at age 80.,S11,University textbooks / peer-reviewed publications (cite exact title on verification),N/A - print source,Academic,Raunak Sharma,,done,verified fact and citation of listed source.
REL162,Religion,Festivals,Multi-hop Factual,Hard,Buddha Jayanti commemorates which three events of the Buddha's life?,बुद्ध जयन्तीले बुद्धको जीवनका कुन तीन घटनाको सम्झना गराउँछ?,"Birth, enlightenment and Mahaparinirvana","जन्म, बुद्धत्व प्राप्ति र महापरिनिर्वाण","Vesak marks the Buddha's birth, awakening and passing on one full-moon day.",S11,University textbooks / peer-reviewed publications (cite exact title on verification),N/A - print source,Academic,Raunak Sharma,,done,verified fact and citation of listed source.
LIT001,Literature,Poets,Fact Retrieval,Easy,Who is known as the 'Adikavi' (first poet) of Nepali literature?,नेपाली साहित्यका 'आदिकवि' भनेर कसलाई चिनिन्छ?,Bhanubhakta Acharya,भानुभक्त आचार्य,Bhanubhakta Acharya is honoured as the Adikavi of Nepali literature.,S09,Nepal Academy (Nepal Pragya Pratisthan),https://nepalacademy.gov.np,Government,Raunak Sharma,,done,verified fact and citation of listed source.
LIT002,Literature,Poets,Fact Retrieval,Easy,Who is honoured with the title 'Mahakavi' in Nepali literature?,नेपाली साहित्यमा 'महाकवि' उपाधिले कसलाई सम्मान गरिएको छ?,Laxmi Prasad Devkota,लक्ष्मीप्रसाद देवकोटा,Laxmi Prasad Devkota holds the title Mahakavi (great poet).,S09,Nepal Academy (Nepal Pragya Pratisthan),https://nepalacademy.gov.np,Government,Raunak Sharma,,done,verified fact and citation of listed source.
LIT003,Literature,Major works,Fact Retrieval,Easy,Who wrote the famous Nepali work 'Muna Madan'?,प्रसिद्ध नेपाली कृति 'मुनामदन' कसले लेखेका हुन्?,Laxmi Prasad Devkota,लक्ष्मीप्रसाद देवकोटा,Muna Madan (1936) is Devkota's celebrated narrative poem in the jhyaure folk metre.,S11,University textbooks / peer-reviewed publications (cite exact title on verification),N/A - print source,Academic,Raunak Sharma,,done,verified fact and citation of listed source.
LIT004,Literature,Major works,Fact Retrieval,Easy,Bhanubhakta Acharya is famous for translating which epic into Nepali?,भानुभक्त आचार्य कुन महाकाव्य नेपालीमा अनुवाद गरेकोमा प्रसिद्ध छन्?,The Ramayana,रामायण,Bhanubhakta's Nepali Ramayana made the epic accessible to Nepali readers.,S11,University textbooks / peer-reviewed publications (cite exact title on verification),N/A - print source,Academic,Raunak Sharma,,done,verified fact and citation of listed source.
LIT005,Literature,Poets,Fact Retrieval,Easy,Bhanu Jayanti is celebrated as the birth anniversary of which poet?,भानु जयन्ती कुन कविको जन्मजयन्तीका रूपमा मनाइन्छ?,Bhanubhakta Acharya,भानुभक्त आचार्य,Bhanu Jayanti (Asar 29) marks the birth anniversary of Bhanubhakta Acharya.,S09,Nepal Academy (Nepal Pragya Pratisthan),https://nepalacademy.gov.np,Government,Raunak Sharma,,done,verified fact and citation of listed source.
LIT006,Literature,Press and publishing,Fact Retrieval,Easy,"What is the name of Nepal's first newspaper, first published in 1901?",सन् 1901 मा प्रकाशन सुरु भएको नेपालको पहिलो पत्रिका कुन हो?,Gorkhapatra,गोरखापत्र,"Gorkhapatra, established in 1901 (1958 B.S.), is Nepal's first newspaper.",S13,Gorkhapatra Corporation,https://gorkhapatraonline.com,Government,Raunak Sharma,,done,verified fact and citation of listed source.
LIT007,Literature,Major works,Fact Retrieval,Easy,Who wrote the novel 'Shirishko Phool'?,शिरीषको फूल' उपन्यास कसले लेखेका हुन्?,Parijat,पारिजात,Parijat's Shirishko Phool (Blue Mimosa) is a landmark Nepali novel.,S10,Madan Puraskar Guthi / Madan Puraskar Pustakalaya,URL to verify,Academic,Raunak Sharma,,done,verified fact and citation of listed source.
LIT008,Literature,Major works,Fact Retrieval,Easy,"In the story of 'Muna Madan', to which city does Madan travel to earn money?",मुनामदन'को कथामा मदन पैसा कमाउन कुन सहर जान्छन्?,Lhasa (Tibet),ल्हासा (तिब्बत),"In the poem, Madan leaves Muna and travels to Lhasa in search of wealth.",S11,University textbooks / peer-reviewed publications (cite exact title on verification),N/A - print source,Academic,Raunak Sharma,,done,verified fact and citation of listed source.
LIT009,Literature,Poets,Fact Retrieval,Medium,In which district of Nepal was Bhanubhakta Acharya born?,भानुभक्त आचार्यको जन्म नेपालको कुन जिल्लामा भएको थियो?,Tanahun,तनहुँ,"Bhanubhakta was born in Chundi Ramgha, Tanahun district.",S09,Nepal Academy (Nepal Pragya Pratisthan),https://nepalacademy.gov.np,Government,Raunak Sharma,,done,verified fact and citation of listed source.
LIT010,Literature,Poets,Fact Retrieval,Medium,In which year (AD) was Laxmi Prasad Devkota born?,लक्ष्मीप्रसाद देवकोटाको जन्म कुन वर्ष (ई.सं.) भएको थियो?,1909,1909,Devkota was born in Kathmandu in 1909 (1966 B.S.).,S09,Nepal Academy (Nepal Pragya Pratisthan),https://nepalacademy.gov.np,Government,Raunak Sharma,,done,verified fact and citation of listed source.
LIT011,Literature,Poets,Fact Retrieval,Medium,Which Nepali poet is known as 'Yuva Kavi'?,कुन नेपाली कविलाई 'युवा कवि' भनेर चिनिन्छ?,Motiram Bhatta,मोतीराम भट्ट,"Motiram Bhatta, who also published Bhanubhakta's works, is called Yuva Kavi.",S11,University textbooks / peer-reviewed publications (cite exact title on verification),N/A - print source,Academic,Raunak Sharma,,done,verified fact and citation of listed source.
LIT012,Literature,Poets,Fact Retrieval,Medium,Which poet holds the title 'Kavi Shiromani' in Nepali literature?,नेपाली साहित्यमा 'कविशिरोमणि' उपाधि पाएका कवि को हुन्?,Lekhnath Paudyal,लेखनाथ पौड्याल,Lekhnath Paudyal is honoured as Kavi Shiromani.,S09,Nepal Academy (Nepal Pragya Pratisthan),https://nepalacademy.gov.np,Government,Raunak Sharma,,done,verified fact and citation of listed source.
LIT013,Literature,Poets,Fact Retrieval,Medium,Which Nepali poet is honoured as 'Rastra Kavi' (national poet)?,कुन नेपाली कवि 'राष्ट्रकवि' का रूपमा सम्मानित छन्?,Madhav Prasad Ghimire,माधवप्रसाद घिमिरे,Madhav Prasad Ghimire was honoured with the title Rastra Kavi.,S09,Nepal Academy (Nepal Pragya Pratisthan),https://nepalacademy.gov.np,Government,Raunak Sharma,,done,verified fact and citation of listed source.
LIT014,Literature,Major works,Fact Retrieval,Medium,Who wrote the famous Nepali poem 'Pagal' (The Lunatic)?,प्रसिद्ध नेपाली कविता 'पागल' कसले लेखेका हुन्?,Laxmi Prasad Devkota,लक्ष्मीप्रसाद देवकोटा,Pagal' is one of Devkota's best-known poems.,S11,University textbooks / peer-reviewed publications (cite exact title on verification),N/A - print source,Academic,Raunak Sharma,,done,verified fact and citation of listed source.
LIT015,Literature,Major works,Fact Retrieval,Medium,Who wrote the poem 'Pinjadako Suga' (The Parrot in the Cage)?,पिँजडाको सुगा' कविता कसले लेखेका हुन्?,Lekhnath Paudyal,लेखनाथ पौड्याल,Pinjadako Suga is a celebrated allegorical poem by Lekhnath Paudyal.,S11,University textbooks / peer-reviewed publications (cite exact title on verification),N/A - print source,Academic,Raunak Sharma,,done,verified fact and citation of listed source.
LIT016,Literature,Drama,Fact Retrieval,Medium,Who wrote the Nepali play 'Mutuko Byatha'?,नेपाली नाटक 'मुटुको व्यथा' कसले लेखेका हुन्?,Balkrishna Sama,बालकृष्ण सम,Mutuko Byatha is a landmark play by dramatist Balkrishna Sama.,S11,University textbooks / peer-reviewed publications (cite exact title on verification),N/A - print source,Academic,Raunak Sharma,,done,verified fact and citation of listed source.
LIT017,Literature,Writers,Fact Retrieval,Medium,What was the real name of the writer Parijat?,लेखिका पारिजातको वास्तविक नाम के थियो?,Bishnu Kumari Waiba,विष्णुकुमारी वाइबा,Parijat was the pen name of Bishnu Kumari Waiba.,S11,University textbooks / peer-reviewed publications (cite exact title on verification),N/A - print source,Academic,Raunak Sharma,,done,verified fact and citation of listed source.
LIT018,Literature,Awards,Fact Retrieval,Medium,Who was the first woman to win the Madan Puraskar?,मदन पुरस्कार जित्ने पहिलो महिला को हुन्?,Parijat,पारिजात,Parijat won the Madan Puraskar for Shirishko Phool (2022 B.S.).,S10,Madan Puraskar Guthi / Madan Puraskar Pustakalaya,URL to verify,Academic,Raunak Sharma,,done,verified fact and citation of listed source.
LIT019,Literature,Major works,Fact Retrieval,Medium,What is the English title of Parijat's novel 'Shirishko Phool'?,पारिजातको उपन्यास 'शिरीषको फूल'को अङ्ग्रेजी शीर्षक के हो?,Blue Mimosa,ब्लु मिमोसा,Shirishko Phool was published in English translation as Blue Mimosa.,S11,University textbooks / peer-reviewed publications (cite exact title on verification),N/A - print source,Academic,Raunak Sharma,,done,verified fact and citation of listed source.
LIT020,Literature,Major works,Fact Retrieval,Medium,Which Nepali Prime Minister wrote the novel 'Sumnima'?,सुम्निमा' उपन्यास लेख्ने नेपाली प्रधानमन्त्री को हुन्?,Bishweshwar Prasad (B.P.) Koirala,विश्वेश्वरप्रसाद (बी.पी.) कोइराला,"B.P. Koirala, Nepal's first elected PM, wrote Sumnima and Tin Ghumti.",S11,University textbooks / peer-reviewed publications (cite exact title on verification),N/A - print source,Academic,Raunak Sharma,,done,verified fact and citation of listed source.
LIT021,Literature,Major works,Fact Retrieval,Medium,Who wrote the historical novel 'Seto Bagh'?,ऐतिहासिक उपन्यास 'सेतो बाघ' कसले लेखेका हुन्?,Diamond Shumsher Rana,डायमनशमशेर राणा,Seto Bagh (The White Tiger) is a historical novel by Diamond Shumsher Rana.,S11,University textbooks / peer-reviewed publications (cite exact title on verification),N/A - print source,Academic,Raunak Sharma,,done,verified fact and citation of listed source.
LIT022,Literature,Major works,Fact Retrieval,Medium,Who wrote the novel 'Palpasa Café'?,पल्पसा क्याफे' उपन्यास कसले लेखेका हुन्?,Narayan Wagle,नारायण वाग्ले,"Palpasa Café, set during Nepal's armed conflict, was written by journalist Narayan Wagle.",S10,Madan Puraskar Guthi / Madan Puraskar Pustakalaya,URL to verify,Academic,Raunak Sharma,,done,verified fact and citation of listed source.
LIT023,Literature,Major works,Fact Retrieval,Medium,Who wrote the novel 'Basain'?,बसाइँ' उपन्यास कसले लेखेका हुन्?,Lil Bahadur Chhetri,लीलबहादुर क्षत्री,Basain depicts rural displacement and migration in Nepali society.,S11,University textbooks / peer-reviewed publications (cite exact title on verification),N/A - print source,Academic,Raunak Sharma,,done,verified fact and citation of listed source.
LIT024,Literature,Major works,Fact Retrieval,Medium,Who wrote the novel 'Karnali Blues'?,कर्णाली ब्लुज' उपन्यास कसले लेखेका हुन्?,Buddhisagar,बुद्धिसागर,Karnali Blues is a widely read novel by Buddhisagar.,S11,University textbooks / peer-reviewed publications (cite exact title on verification),N/A - print source,Academic,Raunak Sharma,,done,verified fact and citation of listed source.
LIT025,Literature,Major works,Fact Retrieval,Medium,Who wrote the novel 'Seto Dharti'?,सेतो धरती' उपन्यास कसले लेखेका हुन्?,Amar Neupane,अमर न्यौपाने,"Seto Dharti, on the lives of child widows, was written by Amar Neupane.",S10,Madan Puraskar Guthi / Madan Puraskar Pustakalaya,URL to verify,Academic,Raunak Sharma,,done,verified fact and citation of listed source.
LIT026,Literature,Short stories,Fact Retrieval,Medium,Who wrote the famous Nepali short story 'Naso'?,प्रसिद्ध नेपाली कथा 'नासो' कसले लेखेका हुन्?,Guru Prasad Mainali,गुरुप्रसाद मैनाली,Naso is one of the classic short stories of Guru Prasad Mainali.,S11,University textbooks / peer-reviewed publications (cite exact title on verification),N/A - print source,Academic,Raunak Sharma,,done,verified fact and citation of listed source.
LIT027,Literature,Major works,Multi-hop Factual,Medium,Devkota's epic 'Shakuntala' is based on a play by which classical Sanskrit poet?,देवकोटाको महाकाव्य 'शाकुन्तल' कुन शास्त्रीय संस्कृत कविको नाटकमा आधारित छ?,Kalidasa,कालिदास,Devkota's Shakuntala draws on Kalidasa's Abhijnanashakuntalam.,S11,University textbooks / peer-reviewed publications (cite exact title on verification),N/A - print source,Academic,Raunak Sharma,,done,verified fact and citation of listed source.
LIT028,Literature,Awards,Fact Retrieval,Hard,For which autobiographical work did Jhamak Ghimire win the Madan Puraskar?,झमक घिमिरेले कुन आत्मकथात्मक कृतिका लागि मदन पुरस्कार जितेकी हुन्?,Jiwan Kanda Ki Phool,जीवन काँडा कि फूल,Jhamak Ghimire's autobiography won the Madan Puraskar (2067 B.S.).,S10,Madan Puraskar Guthi / Madan Puraskar Pustakalaya,URL to verify,Academic,Raunak Sharma,,done,verified fact and citation of listed source.
LIT029,Literature,Awards,Fact Retrieval,Hard,The Madan Puraskar literary prize was established in memory of which person?,मदन पुरस्कार कुन व्यक्तिको सम्झनामा स्थापना गरिएको हो?,Madan Shumsher JBR,मदन शमशेर जबरा,The Madan Puraskar Guthi was founded in memory of Madan Shumsher Jang Bahadur Rana.,S10,Madan Puraskar Guthi / Madan Puraskar Pustakalaya,URL to verify,Academic,Raunak Sharma,,done,verified fact and citation of listed source.
LIT030,Literature,Poets,Fact Retrieval,Hard,Who wrote the poetry collection 'Ghumne Mechmathi Andho Manchhe'?,घुम्ने मेचमाथि अन्धो मान्छे' कवितासङ्ग्रह कसले लेखेका हुन्?,Bhupi Sherchan,भूपि शेरचन,Ghumne Mechmathi Andho Manchhe is Bhupi Sherchan's landmark collection.,S11,University textbooks / peer-reviewed publications (cite exact title on verification),N/A - print source,Academic,Raunak Sharma,,done,verified fact and citation of listed source.
LIT031,Literature,Poets,Multi-hop Factual,Hard,"Laxmi Prasad Devkota was born on the day of which festival, after which he was named?","लक्ष्मीप्रसाद देवकोटाको जन्म कुन पर्वको दिनमा भएको थियो, जसका आधारमा उनको नाम राखिएको हो?",Laxmi Puja (during Tihar),लक्ष्मीपूजा (तिहार),"Devkota was born on Laxmi Puja day of Tihar, hence the name Laxmi Prasad.",S11,University textbooks / peer-reviewed publications (cite exact title on verification),N/A - print source,Academic,Raunak Sharma,,done,verified fact and citation of listed source.
LIT032,Literature,Poets,Fact Retrieval,Hard,In which year (AD) was Bhanubhakta Acharya born?,भानुभक्त आचार्यको जन्म कुन वर्ष (ई.सं.) भएको थियो?,1814,1814,Bhanubhakta Acharya was born in 1814 AD (1871 B.S.).,S09,Nepal Academy (Nepal Pragya Pratisthan),https://nepalacademy.gov.np,Government,Raunak Sharma,,done,verified fact and citation of listed source.
LIT033,Literature,Major works,Fact Retrieval,Hard,"Who wrote the elegy 'Gauri', written in memory of the poet's late wife?",दिवंगत पत्नीको सम्झनामा लेखिएको शोककाव्य 'गौरी' कसले लेखेका हुन्?,Madhav Prasad Ghimire,माधवप्रसाद घिमिरे,Gauri is Madhav Prasad Ghimire's famous elegy for his late wife.,S11,University textbooks / peer-reviewed publications (cite exact title on verification),N/A - print source,Academic,Raunak Sharma,,done,verified fact and citation of listed source.
LIT034,Literature,Short stories,Fact Retrieval,Hard,Who wrote the short story collection 'Doshi Chashma'?,कथासङ्ग्रह 'दोषी चश्मा' कसले लेखेका हुन्?,Bishweshwar Prasad (B.P.) Koirala,विश्वेश्वरप्रसाद (बी.पी.) कोइराला,Doshi Chashma is B.P. Koirala's celebrated short story collection.,S11,University textbooks / peer-reviewed publications (cite exact title on verification),N/A - print source,Academic,Raunak Sharma,,done,verified fact and citation of listed source.
LIT035,Literature,Poets,Fact Retrieval,Hard,Which Nepali poet is known as 'Yug Kavi'?,कुन नेपाली कविलाई 'युगकवि' भनिन्छ?,Siddhicharan Shrestha,सिद्धिचरण श्रेष्ठ,Siddhicharan Shrestha is honoured as Yug Kavi.,S09,Nepal Academy (Nepal Pragya Pratisthan),https://nepalacademy.gov.np,Government,Raunak Sharma,,done,verified fact and citation of listed source.
LIT036,Literature,Drama,Fact Retrieval,Hard,Who wrote the play 'Masan'?,मसान' नाटक कसले लेखेका हुन्?,Gopal Prasad Rimal,गोपालप्रसाद रिमाल,Masan is a pioneering modern Nepali play by Gopal Prasad Rimal.,S11,University textbooks / peer-reviewed publications (cite exact title on verification),N/A - print source,Academic,Raunak Sharma,,done,verified fact and citation of listed source.
LIT037,Literature,Poets,Fact Retrieval,Hard,What is the real name of the poet Bairagi Kainla?,कवि बैरागी काइँलाको वास्तविक नाम के हो?,Til Bikram Nembang,तिलविक्रम नेम्बाङ,"Bairagi Kainla, of the Tesro Aayam movement, is the pen name of Til Bikram Nembang.",S09,Nepal Academy (Nepal Pragya Pratisthan),https://nepalacademy.gov.np,Government,Raunak Sharma,,done,verified fact and citation of listed source.
LIT038,Literature,Essays,Fact Retrieval,Hard,Which essayist is famous for satirical Nepali essays such as 'Jaya Bholanath'?,जय भोलानाथ' जस्ता हास्यव्यङ्ग्य निबन्धका लागि प्रसिद्ध निबन्धकार को हुन्?,Bhairav Aryal,भैरव अर्याल,Bhairav Aryal is the master of Nepali satirical essays.,S11,University textbooks / peer-reviewed publications (cite exact title on verification),N/A - print source,Academic,Raunak Sharma,,done,verified fact and citation of listed source.
LIT039,Literature,Major works,Fact Retrieval,Hard,Who wrote the novel 'Radha'?,राधा' उपन्यास कसले लेखेका हुन्?,Krishna Dharabasi,कृष्ण धरावासी,"Radha, a Madan Puraskar-winning novel, was written by Krishna Dharabasi.",S10,Madan Puraskar Guthi / Madan Puraskar Pustakalaya,URL to verify,Academic,Raunak Sharma,,done,verified fact and citation of listed source.
LIT040,Literature,Major works,Fact Retrieval,Hard,Who wrote the novel 'Ulaar'?,उलार' उपन्यास कसले लेखेका हुन्?,Nayan Raj Pandey,नयनराज पाण्डे,"Ulaar, set in the western Terai, was written by Nayan Raj Pandey.",S11,University textbooks / peer-reviewed publications (cite exact title on verification),N/A - print source,Academic,Raunak Sharma,,done,verified fact and citation of listed source.
LIT041,Literature,Institutions,Fact Retrieval,Hard,In which year (AD) was the Nepal Academy (then Royal Nepal Academy) established?,नेपाल प्रज्ञा प्रतिष्ठान (तत्कालीन रोयल नेपाल एकेडेमी) कुन वर्ष (ई.सं.) स्थापना भएको थियो?,1957,1957,The Royal Nepal Academy was established in 1957; it is now the Nepal Academy.,S09,Nepal Academy (Nepal Pragya Pratisthan),https://nepalacademy.gov.np,Government,Raunak Sharma,,done,verified fact and citation of listed source.
LIT042,Literature,Major works,Fact Retrieval,Easy,"In Devkota's 'Muna Madan', what is the relationship of Muna to Madan?",देवकोटाको 'मुनामदन'मा मुना मदनकी को हुन्?,His wife,उनकी पत्नी,Muna is Madan's beloved wife who awaits his return.,S11,University textbooks / peer-reviewed publications (cite exact title on verification),N/A - print source,Academic,Raunak Sharma,,done,verified fact and citation of listed source.
LIT043,Literature,Poets,Fact Retrieval,Easy,Who wrote the famous essay 'Ke Nepal Sano Chha?' (Is Nepal Small?)?,प्रसिद्ध निबन्ध 'के नेपाल सानो छ?' कसले लेखेका हुन्?,Laxmi Prasad Devkota,लक्ष्मीप्रसाद देवकोटा,Ke Nepal Sano Chha?' is a celebrated patriotic essay by Devkota.,S11,University textbooks / peer-reviewed publications (cite exact title on verification),N/A - print source,Academic,Raunak Sharma,,done,verified fact and citation of listed source.
LIT044,Literature,Awards,Fact Retrieval,Easy,"What is the most prestigious literary prize of Nepal, awarded annually for the best Nepali book?",नेपाली भाषाको उत्कृष्ट कृतिलाई वर्षेनी दिइने नेपालको सबैभन्दा प्रतिष्ठित साहित्यिक पुरस्कार कुन हो?,Madan Puraskar,मदन पुरस्कार,The Madan Puraskar is Nepal's most prestigious literary award.,S10,Madan Puraskar Guthi / Madan Puraskar Pustakalaya,URL to verify,Academic,Raunak Sharma,,done,verified fact and citation of listed source.
LIT045,Literature,Major works,Fact Retrieval,Medium,In which folk metre is Devkota's 'Muna Madan' composed?,देवकोटाको 'मुनामदन' कुन लोकलयमा रचिएको छ?,Jhyaure,झ्याउरे,Muna Madan is written in the popular jhyaure folk metre.,S11,University textbooks / peer-reviewed publications (cite exact title on verification),N/A - print source,Academic,Raunak Sharma,,done,verified fact and citation of listed source.
LIT046,Literature,Major works,Fact Retrieval,Medium,Who wrote the long poem 'Taruna Tapasi'?,तरुण तपसी' काव्य कसले लेखेका हुन्?,Lekhnath Paudyal,लेखनाथ पौड्याल,Taruna Tapasi is a major work of Kavi Shiromani Lekhnath Paudyal.,S11,University textbooks / peer-reviewed publications (cite exact title on verification),N/A - print source,Academic,Raunak Sharma,,done,verified fact and citation of listed source.
LIT047,Literature,Major works,Fact Retrieval,Medium,Who wrote the essay collection 'Laxmi Nibandha Sangraha'?,लक्ष्मी निबन्धसङ्ग्रह' कसले लेखेका हुन्?,Laxmi Prasad Devkota,लक्ष्मीप्रसाद देवकोटा,Laxmi Nibandha Sangraha collects Devkota's celebrated essays.,S11,University textbooks / peer-reviewed publications (cite exact title on verification),N/A - print source,Academic,Raunak Sharma,,done,verified fact and citation of listed source.
LIT048,Literature,Major works,Multi-hop Factual,Medium,B.P. Koirala's novel 'Modiaain' retells episodes of which epic?,बी.पी. कोइरालाको 'मोदिआइन' उपन्यासले कुन महाकाव्यका प्रसंगहरू पुनर्कथन गर्छ?,The Mahabharata,महाभारत,Modiaain retells the Mahabharata through a shopkeeper woman's eyes.,S11,University textbooks / peer-reviewed publications (cite exact title on verification),N/A - print source,Academic,Raunak Sharma,,done,verified fact and citation of listed source.
LIT049,Literature,Major works,Fact Retrieval,Medium,Who wrote the novel 'Tin Ghumti'?,तीन घुम्ती' उपन्यास कसले लेखेका हुन्?,Bishweshwar Prasad (B.P.) Koirala,विश्वेश्वरप्रसाद (बी.पी.) कोइराला,Tin Ghumti is one of B.P. Koirala's best-known novels.,S11,University textbooks / peer-reviewed publications (cite exact title on verification),N/A - print source,Academic,Raunak Sharma,,done,verified fact and citation of listed source.
LIT050,Literature,Major works,Fact Retrieval,Medium,Who wrote the novel 'Firfire'?,फिरफिरे' उपन्यास कसले लेखेका हुन्?,Buddhisagar,बुद्धिसागर,Firfire is Buddhisagar's second novel after Karnali Blues.,S11,University textbooks / peer-reviewed publications (cite exact title on verification),N/A - print source,Academic,Raunak Sharma,,done,verified fact and citation of listed source.
LIT051,Literature,Major works,Fact Retrieval,Medium,Who wrote the popular novel 'Summer Love'?,लोकप्रिय उपन्यास 'समर लभ' कसले लेखेका हुन्?,Subin Bhattarai,सुबिन भट्टराई,Summer Love is a best-selling novel by Subin Bhattarai.,S11,University textbooks / peer-reviewed publications (cite exact title on verification),N/A - print source,Academic,Raunak Sharma,,done,verified fact and citation of listed source.
LIT052,Literature,Major works,Multi-hop Factual,Medium,Krishna Dharabasi's story 'Jhola' deals with which historical practice?,कृष्ण धरावासीको कथा 'झोला' कुन ऐतिहासिक प्रथामा आधारित छ?,Sati system,सती प्रथा,Jhola' portrays the abolished sati practice; it was adapted into a film.,S11,University textbooks / peer-reviewed publications (cite exact title on verification),N/A - print source,Academic,Raunak Sharma,,done,verified fact and citation of listed source.
LIT053,Literature,Writers,Fact Retrieval,Medium,"The writer Jhamak Ghimire, who cannot use her hands, writes using what?",हात चलाउन नसक्ने लेखिका झमक घिमिरे केको सहायताले लेख्छिन्?,Her foot,आफ्नो खुट्टाले,"Jhamak Ghimire, born with cerebral palsy, writes with her left foot.",S11,University textbooks / peer-reviewed publications (cite exact title on verification),N/A - print source,Academic,Raunak Sharma,,done,verified fact and citation of listed source.
LIT054,Literature,Drama,Fact Retrieval,Medium,Which Nepali dramatist is often called the 'Shakespeare of Nepal'?,कुन नेपाली नाटककारलाई 'नेपालका शेक्सपियर' भनिन्छ?,Balkrishna Sama,बालकृष्ण सम,Balkrishna Sama is popularly compared to Shakespeare.,S11,University textbooks / peer-reviewed publications (cite exact title on verification),N/A - print source,Academic,Raunak Sharma,,done,verified fact and citation of listed source.
LIT055,Literature,Poets,Fact Retrieval,Medium,In which year (AD) did Laxmi Prasad Devkota die?,लक्ष्मीप्रसाद देवकोटाको निधन कुन वर्ष (ई.सं.) भएको थियो?,1959,1959,Devkota died in 1959 (2016 B.S.).,S09,Nepal Academy (Nepal Pragya Pratisthan),https://nepalacademy.gov.np,Government,Raunak Sharma,,done,verified fact and citation of listed source.
LIT056,Literature,Poets,Fact Retrieval,Medium,In which Indian city did Motiram Bhatta first publish Bhanubhakta's Ramayana?,मोतीराम भट्टले भानुभक्तको रामायण पहिलो पटक भारतको कुन सहरबाट प्रकाशित गरेका थिए?,Banaras (Varanasi),बनारस (वाराणसी),Motiram published Bhanubhakta's Ramayana from Banaras.,S11,University textbooks / peer-reviewed publications (cite exact title on verification),N/A - print source,Academic,Raunak Sharma,,done,verified fact and citation of listed source.
LIT057,Literature,Poets,Fact Retrieval,Medium,Motiram Bhatta wrote the first biography of which poet?,मोतीराम भट्टले कुन कविको पहिलो जीवनी लेखेका थिए?,Bhanubhakta Acharya,भानुभक्त आचार्य,Motiram's biography established Bhanubhakta's fame.,S11,University textbooks / peer-reviewed publications (cite exact title on verification),N/A - print source,Academic,Raunak Sharma,,done,verified fact and citation of listed source.
LIT058,Literature,Awards,Fact Retrieval,Medium,The Sajha Puraskar literary award is conferred by which publishing house?,साझा पुरस्कार कुन प्रकाशन संस्थाले प्रदान गर्छ?,Sajha Prakashan,साझा प्रकाशन,The Sajha Puraskar is awarded by Sajha Prakashan.,S11,University textbooks / peer-reviewed publications (cite exact title on verification),N/A - print source,Academic,Raunak Sharma,,done,verified fact and citation of listed source.
LIT059,Literature,Major works,Fact Retrieval,Medium,Mountains Painted with Turmeric' is the English translation of which Nepali novel?,माउन्टेन्स पेन्टेड विथ टर्मरिक' कुन नेपाली उपन्यासको अङ्ग्रेजी अनुवाद हो?,Basain,बसाइँ,Michael Hutt translated Lil Bahadur Chhetri's Basain under this title.,S11,University textbooks / peer-reviewed publications (cite exact title on verification),N/A - print source,Academic,Raunak Sharma,,done,verified fact and citation of listed source.
LIT060,Literature,Major works,Fact Retrieval,Medium,Who wrote the celebrated novel 'Aaja Ramita Chha'?,चर्चित उपन्यास 'आज रमिता छ' कसले लेखेका हुन्?,Indra Bahadur Rai,इन्द्रबहादुर राई,Aaja Ramita Chha is Indra Bahadur Rai's landmark novel.,S11,University textbooks / peer-reviewed publications (cite exact title on verification),N/A - print source,Academic,Raunak Sharma,,done,verified fact and citation of listed source.
LIT061,Literature,Poets,Fact Retrieval,Medium,Siddhicharan Shrestha's famous poem expresses love for which place?,सिद्धिचरण श्रेष्ठको प्रसिद्ध कविताले कुन ठाउँप्रतिको माया व्यक्त गर्छ?,Okhaldhunga,ओखलढुङ्गा,Mero Pyaro Okhaldhunga' is Siddhicharan's beloved poem.,S11,University textbooks / peer-reviewed publications (cite exact title on verification),N/A - print source,Academic,Raunak Sharma,,done,verified fact and citation of listed source.
LIT062,Literature,Major works,Fact Retrieval,Medium,"In B.P. Koirala's novel 'Sumnima', the heroine Sumnima belongs to which community?",बी.पी. कोइरालाको 'सुम्निमा' उपन्यासकी नायिका सुम्निमा कुन समुदायकी हुन्?,Kirat,किरात,Sumnima explores the bond between a Kirat woman and a Brahmin man.,S11,University textbooks / peer-reviewed publications (cite exact title on verification),N/A - print source,Academic,Raunak Sharma,,done,verified fact and citation of listed source.
LIT063,Literature,Major works,Fact Retrieval,Medium,Who wrote the play 'Malati Mangale'?,गीतिनाटक 'मालती मङ्गले' कसले लेखेका हुन्?,Madhav Prasad Ghimire,माधवप्रसाद घिमिरे,Malati Mangale is a popular verse drama by Madhav Ghimire.,S11,University textbooks / peer-reviewed publications (cite exact title on verification),N/A - print source,Academic,Raunak Sharma,,done,verified fact and citation of listed source.
LIT064,Literature,Short stories,Fact Retrieval,Medium,Who wrote the short story collection 'Naya Sadakko Geet'?,कथासङ्ग्रह 'नयाँ सडकको गीत' कसले लेखेका हुन्?,Ramesh Bikal,रमेश विकल,Naya Sadakko Geet is Ramesh Bikal's noted story collection.,S11,University textbooks / peer-reviewed publications (cite exact title on verification),N/A - print source,Academic,Raunak Sharma,,done,verified fact and citation of listed source.
LIT065,Literature,Major works,Fact Retrieval,Hard,Which epic (mahakavya) by Devkota tells the story of a devoted wife named Sulochana?,देवकोटाको कुन महाकाव्यले सुलोचना नामकी नारीको कथा भन्छ?,Sulochana,सुलोचना,Sulochana is one of Devkota's major epics.,S11,University textbooks / peer-reviewed publications (cite exact title on verification),N/A - print source,Academic,Raunak Sharma,,done,verified fact and citation of listed source.
LIT066,Literature,Major works,Fact Retrieval,Hard,Who wrote the famous Nepali poem 'Yatri' (The Pilgrim)?,प्रसिद्ध नेपाली कविता 'यात्री' कसले लेखेका हुन्?,Laxmi Prasad Devkota,लक्ष्मीप्रसाद देवकोटा,Yatri' urges the pilgrim to find divinity within humanity.,S11,University textbooks / peer-reviewed publications (cite exact title on verification),N/A - print source,Academic,Raunak Sharma,,done,verified fact and citation of listed source.
LIT067,Literature,Poets,Fact Retrieval,Hard,Which ministry did Laxmi Prasad Devkota briefly head as minister in 1957?,सन् 1957 मा लक्ष्मीप्रसाद देवकोटा कुन मन्त्रालयका मन्त्री बनेका थिए?,Education,शिक्षा,Devkota served briefly as Education Minister in 1957.,S09,Nepal Academy (Nepal Pragya Pratisthan),https://nepalacademy.gov.np,Government,Raunak Sharma,,done,verified fact and citation of listed source.
LIT068,Literature,Poets,Fact Retrieval,Hard,In which year (AD) did Bhanubhakta Acharya die?,भानुभक्त आचार्यको निधन कुन वर्ष (ई.सं.) भएको थियो?,1868,1868,Bhanubhakta died in 1868 (1925 B.S.).,S09,Nepal Academy (Nepal Pragya Pratisthan),https://nepalacademy.gov.np,Government,Raunak Sharma,,done,verified fact and citation of listed source.
LIT069,Literature,Major works,Fact Retrieval,Hard,Which didactic work by Bhanubhakta Acharya offers advice on household conduct to a daughter-in-law?,भानुभक्त आचार्यको कुन कृतिले बुहारीलाई घरव्यवहारको शिक्षा दिन्छ?,Badhusiksha,बधूशिक्षा,Badhusiksha is Bhanubhakta's didactic verse work.,S11,University textbooks / peer-reviewed publications (cite exact title on verification),N/A - print source,Academic,Raunak Sharma,,done,verified fact and citation of listed source.
LIT070,Literature,Poets,Fact Retrieval,Hard,Who first honoured Bhanubhakta with the title 'Adikavi'?,भानुभक्तलाई 'आदिकवि' उपाधि पहिलो पटक कसले दिएका हुन्?,Motiram Bhatta,मोतीराम भट्ट,Motiram Bhatta popularised the title Adikavi for Bhanubhakta.,S11,University textbooks / peer-reviewed publications (cite exact title on verification),N/A - print source,Academic,Raunak Sharma,,done,verified fact and citation of listed source.
LIT071,Literature,Poets,Fact Retrieval,Hard,In which year (AD) was Motiram Bhatta born?,मोतीराम भट्टको जन्म कुन वर्ष (ई.सं.) भएको थियो?,1866,1866,Motiram Bhatta was born in 1866 (1923 B.S.) and died at thirty.,S11,University textbooks / peer-reviewed publications (cite exact title on verification),N/A - print source,Academic,Raunak Sharma,,done,verified fact and citation of listed source.
LIT072,Literature,Poets,Fact Retrieval,Hard,Which poet is credited with introducing the ghazal form into Nepali poetry?,नेपाली कवितामा गजल विधा भित्र्याउने श्रेय कुन कविलाई दिइन्छ?,Motiram Bhatta,मोतीराम भट्ट,Motiram Bhatta pioneered the Nepali ghazal.,S11,University textbooks / peer-reviewed publications (cite exact title on verification),N/A - print source,Academic,Raunak Sharma,,done,verified fact and citation of listed source.
LIT073,Literature,Major works,Fact Retrieval,Hard,Who wrote the poetry collection 'Ritu Bichar'?,ऋतु विचार' कृति कसले लेखेका हुन्?,Lekhnath Paudyal,लेखनाथ पौड्याल,Ritu Bichar reflects Lekhnath's classical style on the seasons.,S11,University textbooks / peer-reviewed publications (cite exact title on verification),N/A - print source,Academic,Raunak Sharma,,done,verified fact and citation of listed source.
LIT074,Literature,Poets,Fact Retrieval,Hard,In which district was Lekhnath Paudyal born?,लेखनाथ पौड्यालको जन्म कुन जिल्लामा भएको थियो?,Kaski,कास्की,"Lekhnath was born in Arghau Archale, Kaski.",S09,Nepal Academy (Nepal Pragya Pratisthan),https://nepalacademy.gov.np,Government,Raunak Sharma,,done,verified fact and citation of listed source.
LIT075,Literature,Poets,Fact Retrieval,Hard,In which district was Madhav Prasad Ghimire born?,माधवप्रसाद घिमिरेको जन्म कुन जिल्लामा भएको थियो?,Lamjung,लमजुङ,"Rastra Kavi Madhav Ghimire was born in Pustun, Lamjung.",S09,Nepal Academy (Nepal Pragya Pratisthan),https://nepalacademy.gov.np,Government,Raunak Sharma,,done,verified fact and citation of listed source.
LIT076,Literature,Major works,Fact Retrieval,Hard,Who wrote the pioneering modern poem 'Aamako Sapana' (A Mother's Dream)?,आधुनिक नेपाली कविता 'आमाको सपना' कसले लेखेका हुन्?,Gopal Prasad Rimal,गोपालप्रसाद रिमाल,Aamako Sapana is Rimal's revolutionary prose poem.,S11,University textbooks / peer-reviewed publications (cite exact title on verification),N/A - print source,Academic,Raunak Sharma,,done,verified fact and citation of listed source.
LIT077,Literature,Poets,Fact Retrieval,Hard,Who is regarded as the pioneer of prose poetry (gadya kavita) in Nepali literature?,नेपाली साहित्यमा गद्य कविताका प्रवर्तक कसलाई मानिन्छ?,Gopal Prasad Rimal,गोपालप्रसाद रिमाल,Rimal freed Nepali poetry from strict metre with his prose poems.,S11,University textbooks / peer-reviewed publications (cite exact title on verification),N/A - print source,Academic,Raunak Sharma,,done,verified fact and citation of listed source.
LIT078,Literature,Drama,Fact Retrieval,Hard,Who wrote the historical verse play 'Mukunda Indira'?,नाटक 'मुकुन्द इन्दिरा' कसले लेखेका हुन्?,Balkrishna Sama,बालकृष्ण सम,Mukunda Indira is an early landmark play of Balkrishna Sama.,S11,University textbooks / peer-reviewed publications (cite exact title on verification),N/A - print source,Academic,Raunak Sharma,,done,verified fact and citation of listed source.
LIT079,Literature,Writers,Fact Retrieval,Hard,The dramatist Balkrishna Sama was born into which ruling family of Nepal?,नाटककार बालकृष्ण सम नेपालको कुन शासक परिवारमा जन्मेका थिए?,The Rana family,राणा परिवार,"Born Balkrishna Shamsher, he renounced 'Shamsher' for 'Sama' (equal).",S11,University textbooks / peer-reviewed publications (cite exact title on verification),N/A - print source,Academic,Raunak Sharma,,done,verified fact and citation of listed source.
LIT080,Literature,Major works,Fact Retrieval,Hard,Who wrote the novel 'Pallo Gharko Jhyal' under the pen name 'Gothale'?,गोठाले' उपनामबाट 'पल्लो घरको झ्याल' उपन्यास कसले लेखेका हुन्?,Govinda Bahadur Malla,गोविन्दबहादुर मल्ल,Govinda Bahadur Malla 'Gothale' wrote Pallo Gharko Jhyal.,S11,University textbooks / peer-reviewed publications (cite exact title on verification),N/A - print source,Academic,Raunak Sharma,,done,verified fact and citation of listed source.
LIT081,Literature,Major works,Fact Retrieval,Hard,Who wrote the novel 'Narendra Dai'?,नरेन्द्र दाइ' उपन्यास कसले लेखेका हुन्?,Bishweshwar Prasad (B.P.) Koirala,विश्वेश्वरप्रसाद (बी.पी.) कोइराला,Narendra Dai is a psychological novel by B.P. Koirala.,S11,University textbooks / peer-reviewed publications (cite exact title on verification),N/A - print source,Academic,Raunak Sharma,,done,verified fact and citation of listed source.
LIT082,Literature,Major works,Fact Retrieval,Hard,Who wrote the Madan Puraskar-winning novel 'Madhabi'?,मदन पुरस्कार विजेता उपन्यास 'माधवी' कसले लेखेका हुन्?,Madan Mani Dixit,मदनमणि दीक्षित,Madhabi is Madan Mani Dixit's Vedic-era epic novel.,S10,Madan Puraskar Guthi / Madan Puraskar Pustakalaya,URL to verify,Academic,Raunak Sharma,,done,verified fact and citation of listed source.
LIT083,Literature,Major works,Fact Retrieval,Hard,Who wrote the Madan Puraskar-winning memoir-novel 'Antarmanko Yatra'?,मदन पुरस्कार विजेता कृति 'अन्तर्मनको यात्रा' कसले लेखेका हुन्?,Jagadish Ghimire,जगदीश घिमिरे,Antarmanko Yatra is Jagadish Ghimire's celebrated memoir.,S10,Madan Puraskar Guthi / Madan Puraskar Pustakalaya,URL to verify,Academic,Raunak Sharma,,done,verified fact and citation of listed source.
LIT084,Literature,Major works,Fact Retrieval,Hard,Who wrote the novel 'Alikhit'?,अलिखित' उपन्यास कसले लेखेका हुन्?,Dhruba Chandra Gautam,ध्रुवचन्द्र गौतम,Alikhit is a Madan Puraskar-winning novel by Dhruba Chandra Gautam.,S10,Madan Puraskar Guthi / Madan Puraskar Pustakalaya,URL to verify,Academic,Raunak Sharma,,done,verified fact and citation of listed source.
LIT085,Literature,Major works,Fact Retrieval,Hard,Who wrote the novel 'Pagal Basti'?,पागल बस्ती' उपन्यास कसले लेखेका हुन्?,Sarubhakta,सरुभक्त,Pagal Basti earned Sarubhakta the Madan Puraskar.,S10,Madan Puraskar Guthi / Madan Puraskar Pustakalaya,URL to verify,Academic,Raunak Sharma,,done,verified fact and citation of listed source.
LIT086,Literature,Major works,Fact Retrieval,Hard,Who wrote the Madan Puraskar-winning poetry collection 'Damini Bhir'?,मदन पुरस्कार विजेता कृति 'दमिनी भीर' कसले लेखेका हुन्?,Rajan Mukarung,राजन मुकारुङ,Damini Bhir won Rajan Mukarung the Madan Puraskar.,S10,Madan Puraskar Guthi / Madan Puraskar Pustakalaya,URL to verify,Academic,Raunak Sharma,,done,verified fact and citation of listed source.
LIT087,Literature,Major works,Fact Retrieval,Hard,Who wrote the Madan Puraskar-winning novel 'Yogmaya'?,मदन पुरस्कार विजेता उपन्यास 'योगमाया' कसले लेखेकी हुन्?,Neelam Karki Niharika,नीलम कार्की निहारिका,"Yogmaya, on reformer Yogmaya Neupane, won the Madan Puraskar.",S10,Madan Puraskar Guthi / Madan Puraskar Pustakalaya,URL to verify,Academic,Raunak Sharma,,done,verified fact and citation of listed source.
LIT088,Literature,Major works,Fact Retrieval,Hard,Who wrote the Madan Puraskar-winning book 'Khalangama Hamala'?,मदन पुरस्कार विजेता कृति 'खलंगामा हमला' कसले लेखेकी हुन्?,Radha Paudel,राधा पौडेल,"Khalangama Hamala recounts the conflict-era attack on Khalanga, Jumla.",S10,Madan Puraskar Guthi / Madan Puraskar Pustakalaya,URL to verify,Academic,Raunak Sharma,,done,verified fact and citation of listed source.
LIT089,Literature,Major works,Fact Retrieval,Hard,Who wrote the novel 'Ghanachakkar'?,घनचक्कर' उपन्यास कसले लेखेका हुन्?,Sanjeev Uprety,सञ्जीव उप्रेती,Ghanachakkar is Sanjeev Uprety's acclaimed novel.,S11,University textbooks / peer-reviewed publications (cite exact title on verification),N/A - print source,Academic,Raunak Sharma,,done,verified fact and citation of listed source.
LIT090,Literature,Major works,Fact Retrieval,Hard,Who wrote the diaspora novel 'Muglan'?,मुगलान' उपन्यास कसले लेखेका हुन्?,Govinda Raj Bhattarai,गोविन्दराज भट्टराई,Muglan portrays Nepali migrant labourers abroad.,S11,University textbooks / peer-reviewed publications (cite exact title on verification),N/A - print source,Academic,Raunak Sharma,,done,verified fact and citation of listed source.
LIT091,Literature,Major works,Fact Retrieval,Hard,"Who wrote the novel 'Muluk Bahira', depicting Nepali life outside Nepal?",नेपालबाहिरको नेपाली जीवन चित्रण गर्ने उपन्यास 'मुलुकबाहिर' कसले लेखेका हुन्?,Lil Bahadur Chhetri,लीलबहादुर क्षत्री,Muluk Bahira depicts the Nepali diaspora in Assam.,S11,University textbooks / peer-reviewed publications (cite exact title on verification),N/A - print source,Academic,Raunak Sharma,,done,verified fact and citation of listed source.
LIT092,Literature,Writers,Fact Retrieval,Hard,The novelist Lil Bahadur Chhetri lives in which Indian state?,उपन्यासकार लीलबहादुर क्षत्री भारतको कुन राज्यमा बस्छन्?,Assam,आसाम,"Lil Bahadur Chhetri is based in Guwahati, Assam.",S11,University textbooks / peer-reviewed publications (cite exact title on verification),N/A - print source,Academic,Raunak Sharma,,done,verified fact and citation of listed source.
LIT093,Literature,Writers,Fact Retrieval,Hard,The writer Parijat was born in which hill town outside Nepal?,लेखिका पारिजातको जन्म नेपालबाहिर कुन पहाडी सहरमा भएको थियो?,Darjeeling,दार्जीलिङ,Parijat was born in the Darjeeling tea-estate area.,S11,University textbooks / peer-reviewed publications (cite exact title on verification),N/A - print source,Academic,Raunak Sharma,,done,verified fact and citation of listed source.
LIT094,Literature,Writers,Fact Retrieval,Hard,Parijat was associated with which 1960s literary-musical movement?,पारिजात 1960 को दशकको कुन साहित्यिक-सांगीतिक आन्दोलनसँग आबद्ध थिइन्?,Ralpha movement,राल्फा आन्दोलन,Parijat was a central figure of the Ralpha movement.,S11,University textbooks / peer-reviewed publications (cite exact title on verification),N/A - print source,Academic,Raunak Sharma,,done,verified fact and citation of listed source.
LIT095,Literature,Poets,Fact Retrieval,Hard,The poet Bhupi Sherchan was born in which district?,कवि भूपि शेरचनको जन्म कुन जिल्लामा भएको थियो?,Mustang,मुस्ताङ,"Bhupi Sherchan was born in Tukuche, Mustang.",S11,University textbooks / peer-reviewed publications (cite exact title on verification),N/A - print source,Academic,Raunak Sharma,,done,verified fact and citation of listed source.
LIT096,Literature,Writers,Fact Retrieval,Hard,The writer Jhamak Ghimire was born in which district?,लेखिका झमक घिमिरेको जन्म कुन जिल्लामा भएको थियो?,Dhankuta,धनकुटा,Jhamak Ghimire hails from Dhankuta district.,S11,University textbooks / peer-reviewed publications (cite exact title on verification),N/A - print source,Academic,Raunak Sharma,,done,verified fact and citation of listed source.
LIT097,Literature,Movements,Fact Retrieval,Hard,The 'Tesro Aayam' (Third Dimension) literary movement was launched from which city?,तेस्रो आयाम' साहित्यिक आन्दोलन कुन सहरबाट सुरु भएको थियो?,Darjeeling,दार्जीलिङ,"Tesro Aayam was launched from Darjeeling by Kainla, Ballav and Rai.",S11,University textbooks / peer-reviewed publications (cite exact title on verification),N/A - print source,Academic,Raunak Sharma,,done,verified fact and citation of listed source.
LIT098,Literature,Awards,Fact Retrieval,Hard,"Besides the Madan Puraskar, which honour does the Madan Puraskar Guthi confer for lifetime contribution?",मदन पुरस्कारबाहेक मदन पुरस्कार गुठीले आजीवन योगदानका लागि कुन सम्मान प्रदान गर्छ?,Jagadamba Shree,जगदम्बाश्री,The Jagadamba Shree honours lifetime contribution to Nepali culture.,S10,Madan Puraskar Guthi / Madan Puraskar Pustakalaya,URL to verify,Academic,Raunak Sharma,,done,verified fact and citation of listed source.
LIT099,Literature,Awards,Fact Retrieval,Hard,Who founded the Madan Puraskar Guthi?,मदन पुरस्कार गुठीको स्थापना कसले गरेकी हुन्?,Queen Jagadamba Kumari Devi,रानी जगदम्बाकुमारी देवी,Jagadamba Kumari Devi founded the Guthi in her husband's memory.,S10,Madan Puraskar Guthi / Madan Puraskar Pustakalaya,URL to verify,Academic,Raunak Sharma,,done,verified fact and citation of listed source.
LIT100,Literature,Nepal Bhasa literature,Fact Retrieval,Hard,"Who wrote 'Sugata Saurabha', the celebrated Nepal Bhasa epic on the Buddha's life?",बुद्धको जीवनमा आधारित नेपालभाषाको प्रसिद्ध महाकाव्य 'सुगत सौरभ' कसले लेखेका हुन्?,Chittadhar Hridaya,चित्तधर हृदय,Sugata Saurabha is Chittadhar Hridaya's masterpiece.,S11,University textbooks / peer-reviewed publications (cite exact title on verification),N/A - print source,Academic,Raunak Sharma,,done,verified fact and citation of listed source.
LIT101,Literature,Nepal Bhasa literature,Fact Retrieval,Hard,By which honorific title is the Nepal Bhasa poet Chittadhar known?,नेपालभाषाका कवि चित्तधर हृदयलाई कुन उपाधिले चिनिन्छ?,Kavi Keshari,कविकेशरी,Chittadhar Hridaya bears the title Kavi Keshari.,S11,University textbooks / peer-reviewed publications (cite exact title on verification),N/A - print source,Academic,Raunak Sharma,,done,verified fact and citation of listed source.
LIT102,Literature,Press and publishing,Fact Retrieval,Hard,"Who edited 'Sharada', the pioneering literary magazine of the 1930s?",1930 को दशकको अग्रणी साहित्यिक पत्रिका 'शारदा'का सम्पादक को थिए?,Riddhi Bahadur Malla,ऋद्धिबहादुर मल्ल,"Sharada, edited by Riddhi Bahadur Malla, nurtured modern Nepali literature.",S11,University textbooks / peer-reviewed publications (cite exact title on verification),N/A - print source,Academic,Raunak Sharma,,done,verified fact and citation of listed source.
LIT103,Literature,Press and publishing,Fact Retrieval,Hard,The literary monthly 'Madhuparka' is published by which institution?,साहित्यिक मासिक 'मधुपर्क' कुन संस्थाले प्रकाशन गर्छ?,Gorkhapatra Corporation,गोरखापत्र संस्थान,Madhuparka is the literary monthly of Gorkhapatra Corporation.,S13,Gorkhapatra Corporation,https://gorkhapatraonline.com,Government,Raunak Sharma,,done,verified fact and citation of listed source.
LIT104,Literature,Diaspora writing,Fact Retrieval,Hard,Which Nepal-born writer's English story collection 'Arresting God in Kathmandu' won international acclaim?,कुन नेपाली मूलका लेखकको अङ्ग्रेजी कथासङ्ग्रह 'अरेस्टिङ गड इन काठमाडौं' अन्तर्राष्ट्रिय रूपमा चर्चित भयो?,Samrat Upadhyay,सम्राट उपाध्याय,Samrat Upadhyay was the first Nepal-born fiction writer widely published in English.,S11,University textbooks / peer-reviewed publications (cite exact title on verification),N/A - print source,Academic,Raunak Sharma,,done,verified fact and citation of listed source.
LIT105,Literature,Diaspora writing,Fact Retrieval,Hard,Who wrote the English-language book 'Forget Kathmandu'?,अङ्ग्रेजी कृति 'फर्गेट काठमाडौं' कसले लेखेकी हुन्?,Manjushree Thapa,मञ्जुश्री थापा,Forget Kathmandu is Manjushree Thapa's noted work on Nepali history.,S11,University textbooks / peer-reviewed publications (cite exact title on verification),N/A - print source,Academic,Raunak Sharma,,done,verified fact and citation of listed source.
LIT106,Literature,Poets,Fact Retrieval,Hard,Who wrote the lyrics of Nepal's former national anthem 'Shreeman Gambhir'?,नेपालको पुरानो राष्ट्रिय गान 'श्रीमान् गम्भीर'का रचयिता को हुन्?,Chakrapani Chalise,चक्रपाणि चालिसे,The former anthem's lyrics were written by Chakrapani Chalise.,S11,University textbooks / peer-reviewed publications (cite exact title on verification),N/A - print source,Academic,Raunak Sharma,,done,verified fact and citation of listed source.
LIT107,Literature,Major works,Fact Retrieval,Hard,Who is the male protagonist of Parijat's novel 'Shirishko Phool'?,पारिजातको 'शिरीषको फूल' उपन्यासको पुरुष पात्र को हो?,Suyogbir,सुयोगवीर,The ex-soldier Suyogbir is the novel's central character alongside Sakambari.,S11,University textbooks / peer-reviewed publications (cite exact title on verification),N/A - print source,Academic,Raunak Sharma,,done,verified fact and citation of listed source.
LIT108,Literature,Major works,Fact Retrieval,Hard,Diamond Shumsher's 'Seto Bagh' centres on the life of which son of Jung Bahadur Rana?,डायमनशमशेरको 'सेतो बाघ' जङ्गबहादुर राणाका कुन छोराको जीवनमा केन्द्रित छ?,Jagat Jung,जगतजङ्ग,"Seto Bagh follows the fate of Jagat Jung, son of Jung Bahadur.",S11,University textbooks / peer-reviewed publications (cite exact title on verification),N/A - print source,Academic,Raunak Sharma,,done,verified fact and citation of listed source.
LIT109,Literature,Major works,Fact Retrieval,Hard,Devkota's 'Muna Madan' was based on a ballad of which language tradition?,देवकोटाको 'मुनामदन' कुन भाषा परम्पराको लोकगीतमा आधारित छ?,Newar (Nepal Bhasa),नेवार (नेपालभाषा),Muna Madan draws on the Newar ballad 'Ji Waya La Lachhi Maduni'.,S11,University textbooks / peer-reviewed publications (cite exact title on verification),N/A - print source,Academic,Raunak Sharma,,done,verified fact and citation of listed source.
LIT110,Literature,Writers,Fact Retrieval,Hard,Tana Sarma' was the pen name of which Nepali writer known for travel essays?,नियात्राका लागि प्रसिद्ध 'तानासर्मा' कुन नेपाली लेखकको उपनाम हो?,Taranath Sharma,तारानाथ शर्मा,Taranath Sharma 'Tana Sarma' popularised the Nepali travel essay.,S11,University textbooks / peer-reviewed publications (cite exact title on verification),N/A - print source,Academic,Raunak Sharma,,done,verified fact and citation of listed source.
LIT111,Literature,Scholarship,Fact Retrieval,Hard,Which Nepali anthropologist wrote the influential book 'Fatalism and Development'?,प्रभावशाली पुस्तक 'फेटालिज्म एन्ड डेभलपमेन्ट' कुन नेपाली मानवशास्त्रीले लेखेका हुन्?,Dor Bahadur Bista,डोरबहादुर विष्ट,Fatalism and Development is Dor Bahadur Bista's landmark study.,S11,University textbooks / peer-reviewed publications (cite exact title on verification),N/A - print source,Academic,Raunak Sharma,,done,verified fact and citation of listed source.
LIT112,Literature,Movements,Fact Retrieval,Hard,In which year was Nepali included in the Eighth Schedule of India's constitution as a recognised language?,नेपाली भाषा भारतको संविधानको आठौँ अनुसूचीमा कुन वर्ष समावेश गरियो?,1992,1992,Nepali gained Eighth Schedule recognition in India in 1992.,S11,University textbooks / peer-reviewed publications (cite exact title on verification),N/A - print source,Academic,Raunak Sharma,,done,verified fact and citation of listed source.
LIT113,Literature,Poets,Fact Retrieval,Hard,Which Nepali poet is honoured with the title 'Ashu Kavi' (the instant poet)?,आशुकवि' उपाधिले कुन नेपाली कवि सम्मानित छन्?,Shambhu Prasad Dhungel,शम्भुप्रसाद ढुङ्गेल,Shambhu Prasad Dhungel was famed for improvising verse instantly.,S11,University textbooks / peer-reviewed publications (cite exact title on verification),N/A - print source,Academic,Raunak Sharma,,done,verified fact and citation of listed source.
LIT114,Literature,Short stories,Fact Retrieval,Hard,Who wrote the classic Nepali short story 'Pariband'?,क्लासिक नेपाली कथा 'परिबन्द' कसले लेखेका हुन्?,Pushkar Shamsher,पुष्करशमशेर,Pariband is a classic story by Pushkar Shamsher JBR.,S11,University textbooks / peer-reviewed publications (cite exact title on verification),N/A - print source,Academic,Raunak Sharma,,done,verified fact and citation of listed source.
LIT115,Literature,Essays,Fact Retrieval,Hard,Who wrote the modern essay 'Abstract Chintan: Pyaj'?,आधुनिक निबन्ध 'एब्स्ट्र्याक्ट चिन्तन: प्याज' कसले लेखेका हुन्?,Shankar Lamichhane,शङ्कर लामिछाने,Abstract Chintan: Pyaj is Shankar Lamichhane's celebrated essay.,S11,University textbooks / peer-reviewed publications (cite exact title on verification),N/A - print source,Academic,Raunak Sharma,,done,verified fact and citation of listed source.
LIT116,Literature,Poets,Fact Retrieval,Hard,The poet Bairagi Kainla served as chancellor of which national institution?,कवि बैरागी काइँला कुन राष्ट्रिय संस्थाका कुलपति भएका थिए?,Nepal Academy (Nepal Pragya Pratisthan),नेपाल प्रज्ञा प्रतिष्ठान,Bairagi Kainla chaired the Nepal Academy as its chancellor.,S09,Nepal Academy (Nepal Pragya Pratisthan),https://nepalacademy.gov.np,Government,Raunak Sharma,,done,verified fact and citation of listed source.