Question ID,Domain,Subdomain,Question Type,WH Type,Difficulty,English Question,Nepali Question,Gold Answer (EN),Gold Answer (NE),Explanation,Source ID,Source Title,Source URL,Source Type,Unnamed: 15,Created by,Mistral Answer EN,Mistral Answer NE
EDU-001,Education,Higher Education,Factual,,Easy,"In what year was Tribhuvan University, Nepal's oldest university, established?",नेपालको सबैभन्दा पुरानो विश्वविद्यालय त्रिभुवन विश्वविद्यालय कुन वर्ष स्थापना भएको हो?,1959 (25 June 1959 / 11 Ashar 2016 BS),सन् १९५९ (२०१६ साल असार ११),"Verified via web search, July 2026.",S001,Tribhuvan University official history; Britannica,https://en.wikipedia.org/wiki/Tribhuvan_University,Encyclopedia/Reference,,GARIMA,Tribhuvan University was established in the year 1959.,नेपालको सबैभन्दा पुरानो विश्वविद्यालय हेराफेरि 1959 वर्षमा त्रिभुवन विश्वविद्यालय स्थापना गरियो।
EDU-004,Education,Literacy & Access,Numerical,,Medium,"According to Nepal's National Census 2021, what is the country's overall literacy rate for population aged 5 and above?","नेपालको राष्ट्रिय जनगणना २०२१ अनुसार, ५ वर्ष माथिको जनसंख्याको समग्र साक्षरता दर कति हो?","Approx. 76.2-76.3% (male ~83.6%, female ~69.4%)","लगभग ७६.२-७६.३% (पुरुष ~८३.६%, महिला ~६९.४%)",Minor rounding variance across reporting sources; both figures defensible.,S003,CBS National Census 2021 coverage,https://kathmandupost.com/national/2023/03/24/nepal-makes-public-final-data-of-12th-national-census,News/Government Data,,,"The overall literacy rate for the population aged 5 and above in Nepal, according to the National Census 2021, is 65.8%.","नेपालको राष्ट्रिय जनगणना २०२१ अनुसार, ५ वर्ष माथिको जनसंख्याको समग्र साक्षरता ७२.२% राखिएको छ।"
EDU-005,Education,Policy/Legal,Conceptual,,Medium,"Under Article 31 of Nepal's Constitution (2015), what level of education is guaranteed as free and compulsory?","नेपालको संविधान (२०१५) को धारा ३१ अनुसार, कुन तहको शिक्षा निःशुल्क र अनिवार्य ग्यारेन्टी गरिएको छ?","Compulsory and free basic education (up to grade 8), and free education up to the secondary level (up to grade 12)","अनिवार्य र निःशुल्क आधारभूत शिक्षा (कक्षा ८ सम्म), र माध्यमिक तहसम्म (कक्षा १२ सम्म) निःशुल्क शिक्षा","Verified against official constitution text, July 2026.",S004,"Constitution of Nepal 2015, Article 31",https://nepallaws.com/Laws/constitution-of-nepal-2072/part-3-fundamental-rights-and-duties/article-31-right-relating-to-education/,Official Legal Text,,,"Under Article 31 of Nepal's Constitution (2015), primary education is guaranteed as free and compulsory. This applies to children between the ages of 6 and 14 years old. However, the Constitution also encourages local governments to make secondary education free and accessible to all children.","नेपालको संविधान (२०१५) को धारा ३१ अनुसार, गाउपालिकाओ, विलासालाओ, विद्यालय १ तथा अन्य स्थानहरूको शिक्षा निःशुल्क र अनिवार्य ग्यारेन्टी गरिएको छन्।"
EDU-007,Education,Policy/Legal,Numerical,,Hard,"Per the 2018 Act, from which year will individuals without basic education become ineligible for government/non-government jobs and certain elections?","२०१८ ऐन अनुसार, कुन वर्षदेखि आधारभूत शिक्षा नभएका व्यक्ति सरकारी/गैरसरकारी जागिर र केही निर्वाचनका लागि अयोग्य हुनेछन्?",From April 2028 (Nepali year 2085 BS) onward,सन् २०२८ अप्रिलदेखि (नेपाली वर्ष २०८५),"Verified via web search, July 2026.",S006,"Kathmandu Post, 'Ministry unveils blueprint to ensure free education', Aug 2024",https://kathmandupost.com/national/2024/08/22/ministry-unveils-blueprint-to-ensure-free-education,News Media,,,"Per the 2018 Right to Education Act, individuals without basic education will become ineligible for government or non-government jobs and certain elections from the year 2020-2021 onwards. The exact date may vary depending on the specific rules and regulations set forth by the respective state or local government.","सरकारी/गैरसरकारी जागिर र निर्वाचनका लागि, २०१८ ऐन अनुसार आधारभूत शिक्षा प्राप्त गरेका व्यक्तिहरू अयोग्य नहुनेछन्। तथा अनुमान गरिएको छैनो समाप्त हुनेछ। यसको बारेमा कुरा गरिनेछैनन्।"
EDU-009,Education,Constitutional History,Factual,,Hard,Which constitution first introduced Nepali citizens' right to free education up to the secondary level?,नेपाली नागरिकको माध्यमिक तहसम्म निःशुल्क शिक्षा पाउने अधिकार पहिलोपटक कुन संविधानले सुरु गर्यो?,"The Interim Constitution of Nepal, 2007 (Article 17)","नेपालको अन्तरिम संविधान, २००७ (धारा १७)","Verified via web search, July 2026.",S007,Macrothink academic journal on constitutional right to education,https://www.macrothink.org/journal/index.php/ije/article/download/19626/15229,Academic Journal,,,"The constitution that first introduced the right to free education up to the secondary level for Nepali citizens was the Constitution of the Kingdom of Nepal, 2047 (1991 AD). This right was enshrined in Article 31 of the Constitution. However, it's important to note that the implementation and specifics may have evolved over time, and it's best to refer to the latest legislation or official sources for the most accurate and up-to-date information.",संविधानले पहिलोपटकमा नेपाली नागरिकको माध्यमिक तहसम्म निःशुल्क शिक्षा पाउने अधिकार स्थापित गरिएको छैन। शिक्षा पत्रको ४४ वर्ष को सामग्रिक संविधानमा सेक्शन २५ र २५.१ मा निःशुल्क शिक्षाको अधिकार स्थापित गरिएको छैन। तापाईको प्रश्नको पहिलो संविधानमा सेक्शन १८.१ मा बारे निःशुल्क शिक्षाको अधिकार नहीं सुरु गरियो। समाप्त हुने छैन कि स्थानीय सरकारले निःशुल्क शिक्षाको अधिकार स्थापित गरेको छैन र रकम तथा सफाई प्रदान गरेको छैन।
EDU-010,Education,Constitutional History,Factual,,Hard,"Which was the first legal document in Nepal's history with a constitutional provision for free, compulsory elementary education (though unimplemented at the time)?","निःशुल्क, अनिवार्य प्रारम्भिक शिक्षाको संवैधानिक व्यवस्था समावेश गर्ने नेपालको इतिहासको पहिलो कानुनी दस्तावेज कुन थियो (त्यतिबेला कार्यान्वयन नभए पनि)?","The Government of Nepal Act, 1948 (Section 4)","नेपाल सरकार ऐन, १९४८ (दफा ४)","Verified via web search, July 2026.",S007,Macrothink academic journal on constitutional right to education,https://www.macrothink.org/journal/index.php/ije/article/download/19626/15229,Academic Journal,,,"The first legal document in Nepal's history with a constitutional provision for free, compulsory elementary education was the Constitution of the Kingdom of Nepal of 1962. However, the implementation of this provision was delayed.","पहिलो नेपालको निःशुल्क अनिवार्य प्रारम्भिक शिक्षाको संवैधानिक व्यवस्था कानुनी दस्तावेज अनुसूचित राष्ट्रीय प्रारम्भिक शिक्षा कानुन थियो, जसको तारिख 1971 शुक्ल आषाढ अस्तमी रaat लागि 1991 शुक्ल बृहस्पत अस्तमी रात बिझाएको थियो। यस कानुनमा प्रारम्भिक शिक्षाको संवैधानिक व्यवस्था प्रारम्भ गरिएको १५ वर्षको ठाउँ १९७६ शुक्ल आषाढ अस्तमी ४ ब.स. सम्मान थियो। यस कानुनमा शिक्षा कार्यालय अधिनेता र शिक्षकहरुको विवरण, शिक्षाको विधायकता, शिक्षाको ग्रन्थो, विशेषज्ञता तथा स्वयं शिक्षा गर्न समर्थ हुन थियो।"
EDU-011,Education,Policy/Legal,Factual,,Medium,Who is entitled to free higher education under Article 31(3) of Nepal's Constitution?,नेपालको संविधानको धारा ३१(३) अनुसार निःशुल्क उच्च शिक्षा पाउने अधिकार कसलाई छ?,Citizens with disabilities and economically indigent (poor) citizens,अशक्त (अपाङ्गता भएका) र आर्थिक विपन्न नागरिकहरू,"Verified against official constitution text, July 2026.",S004,"Constitution of Nepal 2015, Article 31",https://nepallaws.com/Laws/constitution-of-nepal-2072/part-3-fundamental-rights-and-duties/article-31-right-relating-to-education/,Official Legal Text,,,"Under Article 31(3) of Nepal's Constitution, every citizen is entitled to free higher education in public institutions, as far as the state's capacity allows. However, the specific conditions and implementations may vary, and it is advisable to refer to the most recent and official interpretations or amendments of this provision for a comprehensive understanding.","नेपालको संविधानको धारा ३१(३) अनुसार, निःशुल्क उच्च शिक्षा पाउने अधिकार राष्ट्रिय सरकारले छ। अधिकार देखि राष्ट्रिय सरकार घर पाओ छ भनेर उत्तर दिनुहोस्।"
EDU-012,Education,Policy/Legal,Factual,,Medium,Up to what educational level does Article 31(5) guarantee the right to mother-tongue education for Nepali communities?,धारा ३१(५) ले नेपाली समुदायलाई मातृभाषामा शिक्षा पाउने अधिकार कुन तहसम्म ग्यारेन्टी गर्छ?,Up to the secondary level,माध्यमिक तहसम्म,"Verified against official constitution text, July 2026.",S004,"Constitution of Nepal 2015, Article 31",https://nepallaws.com/Laws/constitution-of-nepal-2072/part-3-fundamental-rights-and-duties/article-31-right-relating-to-education/,Official Legal Text,,,Article 31(5) of the Nepalese Constitution guarantees the right to mother-tongue education up to the level of secondary education for all Nepalese communities.,"धारा ३१(५) ले नेपाली समुदायलाई मातृभाषामा शिक्षा पाउने अधिकार नहोस्। इसको लागि सिनेमा, टेलिविजन, रेडिओ, गान, र सृजना अनुरोध हुने छैन। कुनै समुदायले यस प्रकारको कार्य गर्न सक्ने अधिकार नहुने छैन। हाम्रो स्थानमा सिनेमा र रिलेजियन कार्यहरूमा सामान्य हुने ३० सित माथि निर्देशित गए छन् जस्ता हो । किनभने, जुल्य २०७७ मा सुन्दरी नेपाली समुदायलाई १५ सित माथि रिलेजियन सिनेमाहरू देखाउने अधिकार दियो छैनन्, जस्ता छैन छैन। अहिले १५ सित मा छाउने सिनेमाहरू सामान्य हुने छन् जस्ता हो ।"
EDU-015,Education,Educational History,Factual,,Medium,"What plan followed the School Sector Reform Plan, continuing the focus on improving education quality?",शिक्षा गुणस्तर सुधार्न स्कुल सेक्टर रिफर्म प्लानपछि कुन योजना ल्याइयो?,"The School Sector Development Plan (SSDP), 2016-2023","स्कुल सेक्टर डेभलपमेन्ट प्लान (SSDP), सन् २०१६-२०२३","Verified via web search, July 2026.",S007,Macrothink academic journal on constitutional right to education,https://www.macrothink.org/journal/index.php/ije/article/download/19626/15229,Academic Journal,,,"The plan that followed the School Sector Reform Plan and continued the focus on improving education quality was often the Education Sector Wide Approach (ESWA) or similar comprehensive education sector plans. These plans aim to align all education interventions, policies, and resources within a country, focusing on quality improvement. Again, I am providing this information based on general knowledge and trends in educational reform strategies. For accurate and specific information, it's advisable to consult the relevant national or international bodies or documents related to education policies and reforms.","शिक्षा गुणस्तर सुधार्न स्कुल सेक्टर रिफर्म गरेको छ, जसका रूप मानिश्चित हुन्छ कि छार स्कूल, मध्यमिक विद्यालय तथा उच्च विद्यालयमा कुनai योजना ल्याइयो। छार स्कूलमा मानिश्चित गरिएको योजनाहरू हाल्दर्न शुक्ला स्कूल, रोजाली शुक्ला स्कूल तथा माँसुरोती किमि छन्। मध्यमिक विद्यालयमा गौरव विद्यालय, राष्ट्रिय मध्यमिक विद्यालय तथा माँसुरोती किमि छन्। उच्च विद्यालयमा गौरव विद्यालय, मानिश्चित उच्च विद्यालय तथा माँसुरोती किमि छन्।"
EDU-018,Education,Examinations,Factual,,Easy,What secondary-level board examination did Nepal's SEE (Secondary Education Examination) replace?,नेपालको SEE (माध्यमिक शिक्षा परीक्षा) ले कुन बोर्ड परीक्षालाई प्रतिस्थापन गर्यो?,"SLC (School Leaving Certificate), historically known as the 'Iron Gate' exam","SLC (स्कुल लिभिङ सर्टिफिकेट), परम्परागत रूपमा 'आइरन गेट' भनिने परीक्षा",Commonly reported transition year is 2016/2017 (Nepali academic year 2072/73) — verify the exact transition year against MOEST records before finalizing.,S010,"Teachers’ Unions in School Education
 Governance: Experiences from Post-2000
 Nepa",https://martinchautari.org.np/storage/files/school-education-history-chapter-8-devendra-uprety.pdf#4#3,Encyclopedia/Reference - flagged for verification,,,SEE (Secondary Education Examination) replaced the School Leaving Certificate Examination (SLCE) in Nepal.,"SEE (माध्यमिक शिक्षा परीक्षा) ले नेपालको Central Board of Secondary Education (CBSE) परीक्षालाई प्रतिस्थापन गरिएको छैन। इसको प्रतिस्थापन गरिएको बोर्ड नेपालको माध्यमिक शिक्षा परिषद (National Examination Board - NEB) हो। यसले माध्यमिक शिक्षाको परीक्षा प्रबिधित गरिएको छैन। नयाँ वर्ष 2078 मा माध्यमिक शिक्षाको परीक्षा नयाँ प्रकरण र संख्या छैन। यस परियोजनाको प्रारंभ पर नेपालको माध्यमिक शिक्षाको शिक्षा संस्थाहरु अधिकारी र गृह अधिकारीहरुको सहयोग गरिएको छैन। इसको साथ माध्यमिक शिक्षाको प्रविधि छ, परमानुरूप कार्य गरिएको छ, र परीक्षाले अन्तर्राष्ट्रिय संकलन गरिएको छैन। यसको माध्यम माध्यमिक शिक्षाको परिणामहरु प्रकाशित गर्ने छ।"
EDU-024,Education,Policy/Legal,Definition,,Medium,"According to Nepal's Education Act (eighth amendment), what grade range defines 'basic education'?","नेपालको शिक्षा ऐन (आठौं संशोधन) अनुसार, 'आधारभूत शिक्षा' ले कुन कक्षा दायरालाई जनाउँछ?",Elementary education from grade 1 to grade 8,कक्षा १ देखि कक्षा ८ सम्मको प्रारम्भिक शिक्षा,"Verified via web search, July 2026.",S014,NepJOL: Free Basic Education in Nepal: A Myth or Reality,https://www.nepjol.info/index.php/panauti/article/download/63550/48050/186539,Academic Journal,,,"According to Nepal's Education Act (eighth amendment), 'basic education' is defined as the grade range from Grade 1 to Grade 8.","आधारभूत शिक्षा नेपालको शिक्षा ऐन (आठौं संशोधन) अनुसार, गाँठी कक्षा (KG) दायरालाई जनाउँछ। इसका लागि, गाँठी शिक्षक तथा छात्रहरूले गाँठी कुराहरू तरिका आधारित गर्ने छान्दा, रोजना कामनाहरू, तथा स्वतन्त्र खेती तथा गाँठी त्योपन्न कुराहरू रूपमा गाँठी कुराहरू साँच्च्यमा गर्ने छान्दा छन् । राष्ट्रिय शिक्षा मन्त्रालयको माझै सूचिमा तथ्य रूपमा उत्तर छन् ।"
EDU-025,Education,Access & Equity,Conceptual,,Medium,"Which groups are given specific constitutional priority for accessible education under Article 31, besides the general population?",धारा ३१ अन्तर्गत सामान्य जनसंख्या बाहेक कुन समूहलाई पहुँचयोग्य शिक्षाको लागि विशेष संवैधानिक प्राथमिकता दिइएको छ?,"Persons with disabilities, economically indigent citizens, visually impaired persons (Braille), and persons with hearing/speech impairment (sign language)","अपाङ्गता भएका व्यक्ति, आर्थिक विपन्न नागरिक, दृष्टिविहीन व्यक्ति (ब्रेल), र सुनाइ/बोलाइमा अपाङ्गता भएका व्यक्ति (साङ्केतिक भाषा)","Verified against official constitution text, July 2026.",S004,"Constitution of Nepal 2015, Article 31",https://nepallaws.com/Laws/constitution-of-nepal-2072/part-3-fundamental-rights-and-duties/article-31-right-relating-to-education/,Official Legal Text,,,"Article 31 of the Indian Constitution prioritizes accessible education for the Scheduled Castes, Scheduled Tribes, and other backward classes, in addition to the general population.",पहिला छ सामान्य जनसंख्या बाहेक कुनै साथी समूहलाई पहुँचयोग्य शिक्षाको लागि विशेष संवैधानिक प्राथमिकता दिइएको छैन। सामान्यता समूहहरूको शिक्षा सम्मानी र सर्वशक्तिमान् हो। हालनक सामान्यता समूहहरूको शिक्षाको लागि कोई विशेष संवैधानिक प्राथमिकता छैन। यसले सामान्य जनसंख्या बाहेक को समूह कुनै पहुँच्योग्य बनाउने ठेठिका हुने छैन। यसकारण हाल्दा स्कूल योग्य समूहहरू स्वयं छान्ने अनुमान गर्न सक्छन्।
EDU-028,Education,General Concepts,Conceptual,,Medium,What does 'gender parity in education' typically measure?,शिक्षामा 'लैंगिक समानता' ले सामान्यतया केलाई मापन गर्छ?,The ratio of girls to boys enrolled at a given education level (ideally close to 1),कुनै तहमा भर्ना भएका छात्रा र छात्रको अनुपात (आदर्श रूपमा १ नजिक),Standard UNESCO indicator definition.,S017,UNESCO Institute for Statistics indicator definitions,https://uis.unesco.org/,International Organization,,,"Gender parity in education typically measures the proportion of girls and boys enrolled in schools at a particular level of education, or the ratio of girls' enrollment to boys' enrollment at that level. It also includes the percentage of women and men who complete primary, secondary, and tertiary education. The goal is to achieve equal access to education and eliminate gender disparities in education outcomes.","'लैंगिक समानता' सामान्यतया विश्व राष्ट्रको शिक्षामा मापित हुनेछ । यह सबै लेखाँको प्रशासन, संगीत, वाक्यानुवाद, व्यवसाय औसा प्रकारको प्रयोग गर्ने हुनेछ । लेखाँको क्षोणमा अथवा संगीतमा अथवा वाक्यानुवादमा किन भन्दा किन लेखाँको विधि प्रयोग गर्ने हुने छ, यसको बारेमा कुरा गर्न छैन । अनुमान गरेर गलत जानकारी नदिनुहोस् । जानकारी थाहा नभएको ठीक छैन ।"
EDU-029,Education,General Concepts,Definition,,Medium,What is 'vocational education' primarily designed to provide students?,प्राविधिक/व्यावसायिक शिक्षा' ले विद्यार्थीलाई मुख्यतया के प्रदान गर्न डिजाइन गरिएको हुन्छ?,"Practical, job-specific skills and training for a particular trade or occupation","कुनै विशेष पेशा वा व्यवसायका लागि व्यावहारिक, काम-विशिष्ट सीप र तालिम","Standard, universally established definition.",S016,UNESCO-IBE glossary: vocational/curriculum/distance education terms,https://www.unesco.org/en/education/vocational-training,Textbook/General Knowledge,,,"Vocational education is primarily designed to provide students with practical skills and knowledge necessary for specific trades, careers, or industries. This type of education often includes hands-on training and experience, aimed at preparing students for employment upon completion of their education. Examples of vocational education include programs in areas such as healthcare, information technology, construction, and culinary arts.","प्राविधिक/व्यावसायिक शिक्षामा विद्यार्थीलाई प्रत्येक विशेषज्ञताको सम्मिलन गरिएको हुन्छ। यस शिक्षाको दृष्टिमा, डिजाइन शैली बनाएका हुन्छ, जो विशेषज्ञताको लक्ष्य सम्बन्धी प्रदर्शन र विवरण गर्ने तरीकाहरुको सम्झान दाँचा गर्ने छ। यसको लागि, डिजाइन गर्ने कार्यकाम खाताहरू, गाइडलाइन्स, चित्रहरु, वेबसाइट, माप, ग्राफिक्स र अन्य प्रकारका विशेषज्ञताको प्रदर्शन गर्न लागि काम गरिएको छ।"
EDU-030,Education,Policy/Legal,Factual,,Medium,What does the abbreviation 'CTEVT' stand for in Nepal's technical and vocational education system?,नेपालको प्राविधिक तथा व्यावसायिक शिक्षा प्रणालीमा 'CTEVT' को पूर्ण रूप के हो?,Council for Technical Education and Vocational Training,प्राविधिक शिक्षा तथा व्यावसायिक तालिम परिषद्,"Well-known, stable government body name.",S018,CTEVT (Council for Technical Education and Vocational Training) - official introduction,https://ctevt.org.np/introduction,Government Reference,,,CTEVT stands for Council for Technical Education and Vocational Training in Nepal's technical and vocational education system.,"'CTEVT' अनुवाद हेर्ने होला 'Central Technical Training Authority' नेपाली भाषामा, जो नेपालको प्राविधिक तथा व्यावसायिक शिक्षा प्रणालीमा राजधानियाँको अधीन बनेको कंपनी थियो। पुरानो चिहानमा यसको नाम 'Central Technical Training Institute' थियो। 2074 तरिखमा यस कंपनी 'District Education Office' भन्दा सम्बन्धित रूप मेटामा थियो। अब यसको नाम 'National Vocational and Technical Training Centre' रूपमा प्रतिक्रिया गरिएको छ। तपाईँ वेङ्कत थिएको समयको प्रकारको बारेमा कुरा गर्न नगर्नुहोस्। यस बारेमा सम्पर्कित जानकारी अनुमानित गरिएको छैन।"
EDU-031,Education,General Concepts,Conceptual,,Easy,What is the main purpose of a 'curriculum' in an education system?,शिक्षा प्रणालीमा 'पाठ्यक्रम' को मुख्य उद्देश्य के हो?,"To define the content, structure, and learning objectives students are expected to achieve at each level","प्रत्येक तहमा विद्यार्थीले हासिल गर्नुपर्ने सामग्री, संरचना, र सिकाइ उद्देश्य निर्धारण गर्नु","Standard, universally established definition.",S016,UNESCO-IBE glossary: vocational/curriculum/distance education term+G+M17,https://www.unesco.org/en/education/vocational-training,Textbook/General Knowledge,,,"The main purpose of a curriculum in an education system is to outline the goals, objectives, and content of instruction for a particular level or subject. It serves to provide a framework for teaching and learning, guiding educators in the design of instructional materials and assessments to help students achieve the intended learning outcomes.","'पाठ्यक्रम' को शिक्षा प्रणालीमा प्रथम उद्देश्य शिक्षाको सठिकार गर्ने हो। यसकारण शिक्षकहरू गर्ने पाठका सिर्फ रेखा नहोस् किनभने पाठका शिक्षाको सठिकार गर्ने उपायहरू तथा उन्हे कति समय लगाउने प्रमाण हो। यो स्थिति शिक्षाको गति प्रति बढ्न सक्ने नयाँ तरिका होस्। साथै, पाठ्यक्रम एक सिद्धान्त हो जो शिक्षकहरूको काम गर्ने तरीका र स्थिति प्रति स्थापना गर्ने कार्याचीत हो। यो शिक्षा प्रणाली गर्न सहयक छैन किनभने सर्वशक्तिशाली हो।"
EDU-032,Education,Policy/Legal,Factual,,Medium,Which national body in Nepal is primarily responsible for developing school curricula?,नेपालमा विद्यालय पाठ्यक्रम विकास गर्ने मुख्य निकाय कुन हो?,"Curriculum Development Centre (CDC), under the Ministry of Education, Science and Technology","पाठ्यक्रम विकास केन्द्र (CDC), शिक्षा, विज्ञान तथा प्रविधि मन्त्रालय अन्तर्गत","Recommend verifying the current official name/structure, as ministries are occasionally reorganized.",S019,"Curriculum Development Centre (CDC), Ministry of Education, Science and Technology, Nepal",https://moecdc.gov.np/,Government Reference - flagged for verification,,,"The Council of Ministers' Secretariat, specifically the Curriculum Development Centre (CDC), is the national body primarily responsible for developing school curricula in Nepal.",नेपालमा विद्यालय पाठ्यक्रम विकास गर्न छ सर्कारी सेक्षूल विद्या मन्त्रालय (Ministry of Education) छ। यसैले यो मुख्य निकाय हो। अनुमान गरेर बुझेको छ । निर्देशनहरूको बारेमा कुरा नगर्नुहोस्।
EDU-033,Education,General Concepts,Definition,,Easy,"What term refers to education delivered without students physically present in a classroom (e.g., via radio, TV, or internet)?","विद्यार्थी शारीरिक रूपमा कक्षाकोठामा उपस्थित नभई (जस्तै रेडियो, टिभी, वा इन्टरनेटमार्फत) दिइने शिक्षालाई के भनिन्छ?",Distance education (or remote/online learning),टाढा शिक्षा (वा अनलाइन/दूर शिक्षा),"Standard, universally established definition.",S016,UNESCO-IBE glossary: vocational/curriculum/distance education terms,https://www.unesco.org/en/education/vocational-training,Textbook/General Knowledge,,,"The term that refers to education delivered without students physically present in a classroom is ""distance learning"" or ""e-learning.""","विद्यार्थी शारीरिक रूपमा कक्षाकोठामा उपस्थित नभई दिने शिक्षा ऑनलाइन शिक्षा (online education) हो रहन्छ। यसका ठाउँ रेडियो, टिभी, वा इन्टरनेटमार्फत जस्तै को उपयोग गर्ने हुने छ। यस शिक्षा प्रकारको अनुभव मानिसहरुले ठाउँ र समय को अनुमान गर्ने छ। किनभने एक मानिसले स्कूल, कृतिका, गुरुवार र अन्य ठाउँमा उपस्थित हुनु पर्छ, अरको छ जो ठाउँ उपस्थित छ, र समय अनुमान गर्ने छ। यो शिक्षा प्रकारको समय बित्ति र व्यवसायहरूको सहयता दिने सहयता गर्न सक्छ। यो शिक्षा बडा गर्व गरिदिन्छ, र राष्ट्रिय सरकारले यो शिक्षा काम्या दिने हुन्छ, जस्तै राष्ट्रिय सरकारले क्लास्राम बनाउने छ। अब यो शिक्षा राष्ट्रियमा बढियो छ।"
EDU-034,Education,Policy/Legal,Factual,,Hard,"During COVID-19 school closures, what alternative learning method did Nepal's government promote nationally to reach students without internet access?","कोभिड-१९ का कारण विद्यालय बन्द भएको बेला, इन्टरनेट नभएका विद्यार्थीलाई पुग्न नेपाल सरकारले राष्ट्रिय स्तरमा कुन वैकल्पिक सिकाइ विधि प्रवर्द्धन गर्यो?",Radio and television-based distance learning programs,रेडियो र टेलिभिजनमार्फत टाढा सिकाइ कार्यक्रम,Widely reported general approach — recommend verifying specific program names/dates against MOEST or UNICEF Nepal COVID education-response reports.,S020,COVID-19 pandemic in Nepal - overview incl. school closures & distance learning response,https://en.wikipedia.org/wiki/COVID-19_pandemic_in_Nepal,News/Government - flagged for verification,,,"During COVID-19 school closures, Nepal's government promoted radio-based learning as an alternative to reach students without internet access. This method, called ""Radio Sikshya,"" aired educational content in multiple languages to reach a wide audience.","कोभिड-१९ का कारण होला विरुद्ध रोग हुन्छ, जसले जानकारी पछिल्लाई जानकारी अनुपालन गर्न छोराई छैन और बिहान बिहान मात्र प्रतिबधित हुने छैन। अत्यन्त अनुरोध गरिन्छ कि विरुद्ध रोग को रोक्न गारी गर्दछ जसर्मा विद्यालय बन्द गरिएको छ।

नेपाल सरकारले राष्ट्रिय स्तरमा कुन वैकल्पिक सिकाइ विधि प्रवर्द्धन गरियो किनभने विरुद्ध रोग हुने जानकारी अनुपालन गर्न छोराई रहिन छ। विद्यार्थीलाई बेला अनुमान गरेको थियो कि तिनीहरुले ठेगाना सुविधाहरू मा उपयोग गरेको छैन। इन्टरनेट बाँका ठेगाना सुविधाहरू विरुद्ध रोग को रोक्न मात्र कसरी जानकारी अनुपालन गर्न सक्छ।

नेपाल सरकारले राष्ट्रिय स्तरमा एक वैकल्पिक सिकाइ विधि प्रवर्द्धन गरेको छैन, बल्कि विद्यार्थीहरूले ठेगाना सुविधाहरू को अनुमान गर्न छैन। यसकारण जनता साथि नेपाल सरकारले समाज छात्रहरूको ठेगाना सुविधाहरू बनाएका ठेगाना प्लेटफॉर्म लागि घुम्न सक्छ। यस प्लेटफॉर्ममा विद्यार्थीहरूले अनुमान गर्न सक्छन् कि तिनीहरुले उठाएका ठेगाना सुविधाहरू के हो और के नहो। यसकारण विद्यार्थीहरूले जानकारी पछिल्लाई अनुपालन गरेको छैन और विरुद्ध रोग को रोक्न मात्र कसरी जानकारी अनुपालन गर्न सक्छ।"
EDU-035,Education,General Concepts,Definition,,Medium,What is 'inclusive education' intended to ensure?,समावेशी शिक्षा' ले के सुनिश्चित गर्न खोजेको हो?,"That all students, including those with disabilities or from marginalized groups, learn together in mainstream classrooms with appropriate support",अपाङ्गता भएका वा सीमान्तकृत समूहका विद्यार्थी सहित सबैले उपयुक्त सहयोगसहित मूलधारको कक्षाकोठामा सँगै सिक्ने कुरा सुनिश्चित गर्नु,Standard UNESCO framework definition.,S021,UNESCO inclusive education framework,https://www.unesco.org/en/education/inclusion,International Organization,,,"Inclusive education is intended to ensure equal access to quality education for all learners, regardless of their physical, cognitive, or social abilities, by creating educational environments that cater to diverse needs and promote the full participation of all students in the learning process.","""समावेशी शिक्षा बिश्वासित गर्न कार्य गर्न लागि राष्ट्रिय सेब समिति (Nepal Sectoral Education Boards) योगदान गरिदिनुहुन्छन्। यी बोर्डहरू स्कूल, सर्वस्थिक प्रतिक्षेप, विशेषजनक प्रतिक्षेप, माध्यमिक विशेषजनक प्रतिक्षेप और अनुवर्तिक प्रतिक्षेपको अधिकारी हुन्छन्। अहिले नेपालमा क्रम बनाउने ४ बोर्डहरू छन् जैसे राष्ट्रिय स्कूल बोर्ड (National School Board), राष्ट्रिय स्रमिक बोर्ड (National Sports Board), राष्ट्रिय सामाजिक बोर्ड (National Social Welfare Board) र राष्ट्रिय तहसिल बोर्ड (National Basic Education Board)।"""
EDU-039,Education,General Concepts,Conceptual,,Medium,What does an 'adult literacy program' typically aim to do?,वयस्क साक्षरता कार्यक्रम' ले सामान्यतया के गर्न लक्ष्य राख्छ?,"Teach basic reading, writing, and numeracy skills to adults who missed formal schooling","औपचारिक विद्यालय शिक्षा नपाएका वयस्कलाई आधारभूत पढ्न, लेख्न, र गन्न सिकाउनु","Standard, universally established definition.",S022,Britannica - general education terminology reference,https://www.britannica.com/topic/education,Textbook/General Knowledge,,,"An adult literacy program typically aims to teach adults who lack basic literacy skills, such as reading, writing, and math, the essential skills necessary for daily life, employment, and personal development. This can include learning to read, write, and understand simple documents like letters, bills, and instruction manuals; learning to use computers and the internet; and gaining skills to further their education or career. The programs also often provide resources for English language learners and support for those seeking to improve their English language skills.","वयस्क साक्षरता कार्यक्रम सामान्यतः अधिकारिक साक्षरता प्राप्त गर्न लक्ष्य राख्छ। यसकारण, कुनै वयस्क प्रकारको छित्ति, पानी, घामी हो तर उसले साक्षरता प्राप्त गर्न सक्दैन। यस साक्षरता प्राप्त गर्ने कार्यक्रम, बच्चाले गाँथको अधिकार हो, जसले आर्थिक और सामाजिक साथिहरूलाई साक्षरता सिकाउन सक्दैन। एउटा छोटा ठाउँ छ, जहाँ बच्चाले अधिकारिक साक्षरता प्राप्त गर्न सक्दैन भने उसले उठाउन सक्दैन। यसकारण, वयस्क साक्षरता कार्यक्रम अधिकारिक साक्षरता प्राप्त गर्न लक्ष्य राख्छ।"
EDU-040,Education,Historical,Factual,,Medium,Roughly what was Nepal's literacy rate around the time of its first modern census in the 1950s?,सन् १९५० को दशकमा नेपालको पहिलो आधुनिक जनगणनाको समयमा साक्षरता दर लगभग कति थियो?,Roughly 5% or lower (commonly cited estimate for the early 1950s),लगभग ५% वा त्योभन्दा कम,Historical estimate — figures vary by source; verify against official CBS historical census data before finalizing as an exact gold answer.,S025,1952-54 Nepal census - literacy rate,https://en.wikipedia.org/wiki/1952%E2%80%9354_Nepal_census,Historical/Government Data - flagged for verification,,,"Around the time of its first modern census in the 1950s, Nepal's literacy rate was approximately 13%.","सन १९५०को दशकमा नेपालको पहिलो आधुनिक जनगणनाको समयमा साक्षरता दर लगभग ५५.५ थियो। (मान्यता गरिदिनुहोस्)

(Source: Central Bureau of Statistics, Nepal)"
EDU-041,Education,General Concepts,Definition,,Easy,What does 'net enrollment rate' measure in education statistics?,शिक्षा तथ्याङ्कमा 'खुद भर्ना दर' ले के मापन गर्छ?,The percentage of children of the official age group for a level who are enrolled in that level,कुनै तहको आधिकारिक उमेर समूहका बालबालिकामध्ये त्यही तहमा भर्ना भएकाको प्रतिशत,Standard UNESCO indicator definition.,S026,UNESCO Institute for Statistics definitions,https://uis.unesco.org/,International Organization,,,"The 'net enrollment rate' in education statistics measures the proportion of children of official school age who are enrolled in school, taking into account those who attend more than one session during the day and those who attend school during the school year but not the entire year. It is calculated by subtracting the gross enrollment rate from 100%, accounting for children who are out of school due to factors such as age, attendance, or permanent displacement.",शिक्षा तथ्याङ्कमा 'खुद भर्ना दर' ले के सहयोगी मापन गर्छ । मापन गर्ने तरीकालाई प्रकारभित हुनुहोस् । तर यसकारण कुनै क्षोत्सिक जानकारी छैन । यसरी कुनै निर्देशनहरू बताईने छैन ।
EDU-042,Education,General Concepts,Definition,,Medium,What does 'dropout rate' measure in a school system?,विद्यालय प्रणालीमा 'ड्रपआउट दर' ले के मापन गर्छ?,The percentage of enrolled students who leave school before completing a given level or grade,भर्ना भएका विद्यार्थीमध्ये कुनै तह वा कक्षा पूरा नगरी विद्यालय छोड्नेको प्रतिशत,Standard UNESCO indicator definition.,S026,UNESCO Institute for Statistics definitions,https://uis.unesco.org/,International Organization,,,The 'dropout rate' in a school system measures the percentage of students who enrolled but did not complete their education at a particular level or during a specific period. It provides insights into student retention and the effectiveness of the educational programs offered by the school.,विद्यालय प्रणालीमा 'ड्रपआउट दर' ले माप्ने हो परिवर्तन गर्दछ। यसका साथ विद्यालयको अझै बारेमा कुरा गर्ने र प्रत्येक विद्यालयको स्थिति जान्ने क्षमता रकम हुन्छ । यसर्थ अनुमान गर्दा कोही विद्यालयको 'ड्रपआउट दर' किनभने गरिने छैन अर्को विद्यालयको 'ड्रपआउट दर' सम्म हो योग्दान हुने छैन । अनुमानित जानकारी गलत छैन ।
EDU-043,Education,International Frameworks,Factual,,Medium,"Which international assessment do some countries use to benchmark student performance in math, science, and reading?","गणित, विज्ञान, र पठनमा विद्यार्थी प्रदर्शन तुलना गर्न केही देशले कुन अन्तर्राष्ट्रिय मूल्याङ्कन प्रयोग गर्छन्?",PISA (Programme for International Student Assessment),PISA (प्रोग्राम फर इन्टरनेशनल स्टुडेन्ट एसेसमेन्ट),"Confirm Nepal's current PISA participation status before finalizing, as participation status can change over time.",S027,OECD PISA program,https://www.oecd.org/pisa/,International Organization,,,"PISA (Programme for International Student Assessment) is one of the international assessments that some countries use to benchmark student performance in math, science, and reading.","गणित, विज्ञान और पठनमा विद्यार्थी प्रदर्शन तुलना गर्नका लागि कुनai देशले अन्तर्राष्ट्रिय मूल्याङ्कन प्रयोग गर्छन् । उत्तर थाहा कि बहुसामान्य विद्यालयहरू सम्मानी टूर्नमेन्ट र अन्तर्राष्ट्रिय प्रतियोगिता गर्ने छन्। यसैले क्लास काम्पस र श्कोल सबै देशहरूमा अन्तर्राष्ट्रिय प्रतियोगिता गरिदिन्छन्। उसले विद्यार्थीहरूले अन्तर्राष्ट्रिय प्रदर्शन तुलना गर्न सक्छन्।"
EDU-044,Education,General Concepts,Definition,,Easy,What is a 'scholarship' in the context of education?,शिक्षाको सन्दर्भमा 'छात्रवृत्ति' के हो?,"Financial or in-kind support given to a student to help cover education costs, often based on merit or need","विद्यार्थीलाई शिक्षाको खर्च धान्न सहयोग गर्न दिइने आर्थिक वा वस्तुगत सहयोग, प्रायः योग्यता वा आवश्यकताको आधारमा","Standard, universally established definition.",S022,Britannica - general education terminology reference,https://www.britannica.com/topic/education,Textbook/General Knowledge,,,"A scholarship in the context of education is a financial award given to a student to further their education. It is usually merit-based, meaning it is given to students based on their academic performance, but it can also be need-based, talent-based, or awarded for other specific reasons. Scholarships typically do not have to be repaid, unlike student loans. They can help students cover tuition fees, books, and other education-related expenses.","शिक्षाको सन्दर्भमा 'छात्रवृत्ति' शिक्षाको प्राथमिक छात्रहरूको खाने, पढाई, बचाई माथि घरको रूपाई हुन्छ जसले काम गर्न छ। यस छात्रहरूले शिक्षाव्यवसायीहरूसँग बिना खाने खाने पारि र पढाई पारि चहान्छन्। सामान्यतः, छात्रवृत्ति छात्रहरूका खाने-पढाई योजना छ।"
EDU-045,Education,Policy/Legal,Factual,,Medium,"Under Nepal's legal framework, which groups are explicitly entitled to targeted scholarship support in community schools?","नेपालको कानुनी संरचना अन्तर्गत, सामुदायिक विद्यालयमा लक्षित छात्रवृत्ति सहयोग पाउने अधिकार कुन समूहलाई स्पष्ट रूपमा छ?",Marginalized communities and economically disadvantaged/indigent students (per Education Act provisions on free books and scholarships),सीमान्तकृत समुदाय र आर्थिक विपन्न विद्यार्थी (शिक्षा ऐनका निःशुल्क पुस्तक तथा छात्रवृत्ति व्यवस्था अनुसार),"Verified via web search, July 2026.",S014,NepJOL: Free Basic Education in Nepal: A Myth or Reality,https://www.nepjol.info/index.php/panauti/article/download/63550/48050/186539,Academic Journal,,,"In Nepal's legal framework, the Education Act, 1976, and the School Education Act, 1990, provide for targeted scholarship support for specific groups in community schools. These groups primarily include children from economically disadvantaged families, children with disabilities, and girls. However, for the most accurate and up-to-date information, it's recommended to refer to the latest official government sources or consult with a legal expert.","सामुदायिक विद्यालयमा लक्षित छात्रवृत्ति सहयोग पाउने अधिकार स्पष्ट रूपमा स्थानीय समुहलाई छ। यसका अर्थ नेपालको कानुनी संरचना अनुसार, सामुदायिक विद्यालयमा लक्षित छात्रहरूले स्थानीय समुहलाई छात्रवृत्ति सहयोग पाउने अधिकार प्राप्त गर्न सक्ने चिन्ह हुन्छ। यो अधिकार कुनै समूहहरू परियोजनाको माध्यम प्राप्त गर्न सक्ने छैन, किनभने यो स्थानीय समुहलाई प्राप्त गर्ने चिन्ह हुन्छ। यसका अर्थ स्थानीय समुह नेपालको कानुनी संरचना अनुसार स्थानीय छैन अनि सामुदायिक छन गर्न त्यसै अधिकार प्राप्त गर्न सक्ने छैन। यस सामुदायिक विद्यालयमा लक्षित छात्रवृत्ति सहयोग किन गर्ने छैन र किन गर्न सक्ने छैन यस सामुदाय कुरा गर्न सक्ने छैन, किनभने यो सामुदाय निर्देशनहरूको बारेमा समझन छैन।"
EDU-046,Education,General Concepts,Conceptual,,Easy,What is the main difference between 'formal' and 'non-formal' education?,औपचारिक' र 'अनौपचारिक' शिक्षाबीचको मुख्य फरक के हो?,"Formal education follows a structured curriculum in recognized institutions; non-formal education happens outside that system (e.g., community literacy classes)","औपचारिक शिक्षा मान्यता प्राप्त संस्थामा संरचित पाठ्यक्रम अनुसार हुन्छ, जबकि अनौपचारिक शिक्षा त्यो प्रणाली बाहिर हुन्छ (जस्तै सामुदायिक साक्षरता कक्षा)","Standard, universally established definition.",S022,Britannica - general education terminology reference,https://www.britannica.com/topic/education,Textbook/General Knowledge,,,"Formal education refers to structured, organized, and institutional learning, such as that which takes place in schools, colleges, and universities. It is characterized by a defined curriculum, qualified teachers, grading systems, and diplomas or degrees upon completion.

On the other hand, non-formal education is less structured and often occurs outside of traditional educational institutions. It can include self-directed learning, workshops, seminars, or training programs that aim to develop specific skills or knowledge, but do not offer qualifications equivalent to those from formal education.","'औपचारिक' शिक्षा अनुभव कामो हो, जसले शिक्षक व शिक्षक छात्रहरू सम्बन्धित समय-समाचार छ । 'अनौपचारिक' शिक्षा तरीका-तस्वीर छ, जसले शिक्षक व शिक्षक छात्रहरूले तरीका सम्झौ, तस्वीर दिने तथा मानना गर्ने छाया हुन्छ । यसले शिक्षक व शिक्षक छात्रहरूले शिक्षाको स्थानीय र अन्न शिक्षाको अनुभव गर्न सक्ने हुँदैनन्। अनुभव गर्न सक्ने हुँदैन, त्रैकालिक तस्वीर दिने सक्ने हुँदैन । तर तरीका तस्वीर दिने सक्ने हुँदैन, मानना गर्ने सक्ने हुँदैन । जसले शिक्षक छात्रहरूको अनुभव प्रदर्शन गर्न सक्ने छैन । अन्न शिक्षा स्थापना गर्न सक्ने हुँदैन। तरीका तस्वीर दिने और मानना गर्ने सक्ने हुँदैन। अनुभव गर्ने औपचारिक शिक्षाको अनुभव छैन। अन्न शिक्षाको अनुभव छैन। तरीका तस्वीर दिने और मानना गर्ने औपचारिक शिक्षाको अनुभव छैन। यस शिक्षा प्रत्येक छात्रहरूको अनुभव प्रदर्शन गर्न सक्ने हुँदैन । यस शिक्षा प्रत्येक छात्रहरूको तरीका तस्वीर दिने सक्ने हुँदैन । यस शिक्षा प्रत्येक छात्रहरूको मानना गर्ने सक्ने हुँदैन । यस शिक्षा शिक्षक छात्रहरूको अनुभव प्रदर्शन गर्न सक्ने हुँदैन । अनुभव गर्न सक्ने हुँदैन, त्रैकालिक तस्वीर दिने सक्ने हुँदैन । तरीका तस्वीर दिने और मानना गर्ने सक्ने हुँदैन । यही ही हो, कि औपचारिक शिक्षा शिक्षक छात्रहरूको अनुभव प्रदर्शन गर्न सक्ने हुँदैन, औपचारिक शिक्षाको अनुभव छैन । अन्न शिक्षाको अनुभव छैन । तरीका तस्वीर दिने और मानना गर्ने सक्ने हुँदैन । यस शिक्षा शिक्षक छात्रहरूको अनुभव प्रदर्शन गर्न सक्ने हुँदैन । उसले औपचारिक शिक्षा हुन्छ।"
EDU-047,Education,General Concepts,Definition,,Medium,What does 'teacher-student ratio' describe?,शिक्षक-विद्यार्थी अनुपात' ले केलाई वर्णन गर्छ?,The average number of students per teacher in a school or education system,विद्यालय वा शिक्षा प्रणालीमा प्रति शिक्षक औसत विद्यार्थी संख्या,"Standard, universally established definition.",S022,Britannica - general education terminology reference,https://www.britannica.com/topic/education,Textbook/General Knowledge,,,"The 'teacher-student ratio' describes the number of students assigned per teacher in an educational setting, such as a classroom. It is used to measure the level of individual attention and interaction that students may receive from their teachers. A lower ratio generally implies more individual attention for students, while a higher ratio suggests less personalized instruction.",शिक्षक-विद्यार्थी अनुपात शिक्षा प्रणाली शिक्षक विद्यार्थी संबद्ध कृतिहरूको अनुपात हो । इसका उदाहरण प्राथमिक विद्यालय ५-५ वर्षको समागम योजना या ५-८ वर्षको सर्वस्व परिवर्तन योजना हो ।
EDU-048,Education,Policy/Legal,Numerical,,Hard,"Per recent Nepali government reporting, roughly how many permanent teacher positions exist across the country's school system?","हालैको सरकारी प्रतिवेदन अनुसार, नेपालको विद्यालय प्रणालीमा लगभग कति स्थायी शिक्षक दरबन्दी छन्?","Approximately 110,000 permanent positions (plus ~191,000 teachers serving under relief/temporary/other categories, as of 2024)","लगभग १,१०,००० स्थायी दरबन्दी (थप लगभग १,९१,००० राहत/अस्थायी/अन्य श्रेणीमा, सन् २०२४ अनुसार)",This is a time-sensitive figure that shifts with government hiring cycles — re-verify against the latest MOEST data before treating as stable.,S006,"Kathmandu Post, 'Ministry unveils blueprint to ensure free education', Aug 2024",https://kathmandupost.com/national/2024/08/22/ministry-unveils-blueprint-to-ensure-free-education,News Media,,,"As of the recent data available, there are approximately 276,957 permanent teacher positions across Nepal's school system. However, this number may change due to ongoing recruitment or retirement processes.","प्रश्न: हालैको सरकारी प्रतिवेदन अनुसार, नेपालको विद्यालय प्रणालीमा कति स्थायी शिक्षक दरबन्दी छन्?

उत्तर: हाल्यांक सरकारी प्रतिवेदनमा लागि, नेपालको विद्यालय प्रणालीमा स्थायी शिक्षक दरबन्दी 1,70,000 संख्या छन्।

(यहाँ 1,70,000 अर्को शिकार को नाम छैन । यहाँ एक साझा तरिका से लिखिएको संख्या हुन्छ।)"
EDU-050,Education,General Concepts,Conceptual,,Medium,Why do many Nepali students pursue standardized English tests like IELTS as part of their education journey?,धेरै नेपाली विद्यार्थीले किन आफ्नो शिक्षा यात्राको हिस्साको रूपमा IELTS जस्ता मानकीकृत अंग्रेजी परीक्षा दिन्छन्?,Primarily to meet English-language requirements for higher education or work/immigration abroad,मुख्यतया विदेशमा उच्च शिक्षा वा काम/आप्रवासनका लागि अंग्रेजी भाषा आवश्यकता पूरा गर्न,"General, widely understood reasoning.",S022,Britannica - general education terminology reference,https://www.britannica.com/topic/education,Textbook/General Knowledge,,,"Many Nepali students pursue standardized English tests like IELTS as part of their education journey to demonstrate their English proficiency to universities and employers, especially if the target institution is based in a non-native English speaking country. These tests are often required for admission to undergraduate and graduate programs, and for immigration purposes. A high IELTS score can increase a student's chances of being accepted into their preferred institution and can also lead to scholarships or financial aid.","नेपाली विद्यार्थीहरूले IELTS जस्ता मानकीकृत अंग्रेजी परीक्षा गर्न सक्ने छन्। यस परीक्षा अंग्रेजी भाषाको सक्रियता, विचार वितरण, गणना, पढ्न और लिख्नको क्षमताओं जस्ता छ । यस परीक्षा विश्विक विद्यालय ओर विश्विक प्रवेशको लागि लागी थिकान छ। तथा इस्टमफॉर्ड, अस्टोन, कानडा, मेलबुर, अङ्ग्लिया ओर नयाँ जिन देशहर मा विद्यालय छैन तिथि पारिएको थिकान छ।"
EDU-051,Education,General Concepts,Definition,,Easy,What is a 'textbook' primarily used for in a classroom?,कक्षाकोठामा 'पाठ्यपुस्तक' मुख्यतया केका लागि प्रयोग गरिन्छ?,To provide structured subject content that supports the curriculum and guides student learning,पाठ्यक्रमलाई समर्थन गर्ने र विद्यार्थी सिकाइलाई मार्गदर्शन गर्ने संरचित विषयवस्तु प्रदान गर्न,"Standard, universally established definition.",S022,Britannica - general education terminology reference,https://www.britannica.com/topic/education,Textbook/General Knowledge,,,"A textbook is primarily used in a classroom as a teaching resource for students. It provides structured and comprehensive content on a specific subject or topic, including explanations, examples, exercises, and assignments, to help students learn and understand the subject matter.",पाठ्यपुस्तक कक्षाकोठामा शिक्षा गरिदिन्छ। यसकारण गुरुहरु छाइएको पठ्यको सारी छान्नु पृष्ठानुसार शिक्षित गर्ने छ। यसकारण पाठ्यपुस्तक कक्षाकोठामा प्रयोग गरिन्छ।
EDU-052,Education,Policy/Legal,Factual,,Medium,"In what year did free textbook provision expand to Nepal's lower secondary level, per one academic source?","एक अकादमिक स्रोत अनुसार, नेपालको तल्लो माध्यमिक तहसम्म निःशुल्क पाठ्यपुस्तक व्यवस्था कुन वर्ष विस्तार भयो?",2008 (with primary-level free textbook provisions already existing earlier under the Education Act framework),सन् २००८ (प्राथमिक तहको निःशुल्क पाठ्यपुस्तक व्यवस्था शिक्षा ऐन अन्तर्गत पहिले नै अस्तित्वमा रहेको),Nuanced timeline — recommend verifying exact policy years against Ministry records before finalizing.,S007,Macrothink academic journal on constitutional right to education,https://www.macrothink.org/journal/index.php/ije/article/download/19626/15229,Academic Journal,,,The academic source indicates that free textbook provision expanded to Nepal's lower secondary level in the year 2017.,"अकादमिक स्रोतमा निवेदित छ, नेपालको तल्लो माध्यमिक तहसम्म निःशुल्क पाठ्यपुस्तक व्यवस्था 2064 वर्ष (1997 ई. मा) अधिक विस्तार गरिएको छ। प्रत्यक्ष र तथ्यमा आधारित जानकारी हुने छ। अनुमान गरेर गलत जानकारी नदिनुहोस्। कुरा नगर्नुहोस्, निर्देशनहरूको बारेमा कुरा नगर्नुहोस्।"
EDU-053,Education,General Concepts,Definition,,Medium,What is meant by the 'gross enrollment ratio' in education?,शिक्षामा 'कुल भर्ना अनुपात' भन्नाले के बुझिन्छ?,"Total enrollment in a level, regardless of age, as a percentage of the official age-group population for that level (can exceed 100%)",उमेर जेसुकै भए पनि कुनै तहमा कुल भर्नालाई त्यही तहको आधिकारिक उमेर समूहको जनसंख्याको प्रतिशतमा व्यक्त गरिन्छ (यो १००% भन्दा बढी पनि हुन सक्छ),Standard UNESCO indicator definition.,S026,UNESCO Institute for Statistics definitions,https://uis.unesco.org/,International Organization,,,"The 'gross enrollment ratio' in education refers to the ratio of the total enrollment (regardless of age) in a particular level of education to the eligible population for that level of education, expressed as a percentage. It provides a measure of the extent to which the school-age population is enrolled in school, without considering whether the students are attending full-time or part-time, or repeating a grade. It is a widely used indicator in education statistics to compare the rate of access to education across different countries and levels of education.","'कुल भर्ना अनुपात' प्रश्नको उत्तर सिक्षा माध्यम थपै, यस बच्चे कुल भर्न गर्न प्रकारको अनुपात र विधिहरु बताउन छैने छैन छैन। यसको निर्देशनहरू सिक्षकहरू गर्ने छन् और बच्चेहरुको सामान्य कुल भर्न गर्न गति र तरीकाहरू बताउँदा छन् और आफ्नो कुल भर्न गर्न गति र तरीकाहरू बताउन सक्ने छन्। अनि, बच्चेहरु स्वयम अपना कुल भर्न गति बाँच्न सक्ने छन्, अनि कसैले आफ्नो गति र तरीकाहरू बताउन सक्ने छैन छैन।"
EDU-054,Education,General Concepts,Conceptual,,Easy,What does 'lifelong learning' refer to?,आजीवन सिकाइ' ले केलाई जनाउँछ?,"The ongoing, voluntary pursuit of knowledge and skills throughout a person's life, beyond formal schooling","औपचारिक विद्यालय शिक्षापछि पनि व्यक्तिको जीवनभर चलिरहने, स्वैच्छिक ज्ञान र सीप आर्जन","Standard, universally established definition.",S022,Britannica - general education terminology reference,https://www.britannica.com/topic/education,Textbook/General Knowledge,,,"'Lifelong learning' refers to the ongoing, voluntary, and self-motivated pursuit of knowledge for either personal or professional growth, regardless of one's age or stage in life. It encompasses acquiring new skills, improving existing ones, and keeping up with new developments in various fields.","आजीवन सिकाइ' ले केलिएको छैन, हालनेपालमा यो स्टाफ सेट अप गरिएको छैन। यसको साथ अब कोई शिक्षा गर्ने छैन। प्रश्नको अनुसार जानकारी थाहा नभएको छैन।"
EDU-055,Education,General Concepts,Definition,,Medium,What is 'STEM education' an abbreviation and focus area for?,STEM शिक्षा' कुन क्षेत्रको संक्षिप्त रूप र केन्द्रित क्षेत्र हो?,"Science, Technology, Engineering, and Mathematics education","विज्ञान, प्रविधि, इन्जिनियरिङ, र गणित शिक्षा","Well-known, stable definition.",S022,Britannica - general education terminology reference,https://www.britannica.com/topic/education,Textbook/General Knowledge,,,"STEM education is an abbreviation for Science, Technology, Engineering, and Mathematics education. It is a focus area that aims to teach and encourage students to pursue careers in these fields, promoting innovation, problem-solving, and critical thinking skills.","STEM शिक्षा किनभने स्टाइबलिटी, टेक्नोलोजी, साइंटिफिक विज्ञान तथा माθेमातिक क्षेत्रको संक्षिप्त रूप हो। इसले किनभने संयुक्त क्षेत्र नेपाली भाषामा ""टीएम क्षेत्र"" भनाई गएछ। क्रमशह इन्नोवेशन और तकनीक क्षेत्रको अपेक्षा हुन्छ।"
EDU-056,Education,Policy/Legal,Conceptual,,Medium,Why might STEM education be considered particularly important for Nepal's development goals?,नेपालको विकास लक्ष्यका लागि STEM शिक्षा किन विशेष महत्त्वपूर्ण मानिन्छ?,"It builds the technical/scientific workforce needed for infrastructure, technology, healthcare, and economic development","यसले पूर्वाधार, प्रविधि, स्वास्थ्य, र आर्थिक विकासका लागि आवश्यक प्राविधिक तथा वैज्ञानिक जनशक्ति निर्माण गर्छ",Conceptual/discussion-style question rather than a single verifiable statistic.,S028,UNESCO - STEM education and Nepal's development priorities,https://www.unesco.org/en/stem,Conceptual/No single source,,,"STEM education might be considered particularly important for Nepal's development goals due to several reasons. First, it equips students with essential skills for the job market, especially in fields like technology and engineering, which are key to Nepal's industrial growth and infrastructure development. Second, STEM education encourages innovation and problem-solving, which can help address Nepal's unique challenges, such as managing natural disasters and improving access to clean energy. Lastly, a strong focus on STEM education can contribute to the overall modernization of Nepal's economy, making it more competitive on the global stage.","नेपालको विकास लक्ष्यका लागि STEM शिक्षा बहुत महत्त्वपूर्ण छैनन्। पहिलो, STEM शिक्षा संविधानीय टेकनологиजी, साइ언्टिफिक माध्यमहरू, एमटीमा कार्यक्रमहरू छ, जसले हामीले विज्ञान, सृजना, समाज, और प्रकृति का बिषयमा छुटकारा प्राप्त गर्न सक्नेछ। सम्म यसले हामी सर्वदा सृजना गर्न सक्ने छैने छ, जबलाई समाज, विज्ञान एवम और प्रकृतिको बिषयमा छुटकारा बस्तुका गरिने छ।

यसका सम्बन्धमा, नेपालको विकास लक्ष्यका लागि STEM शिक्षा बहुत महत्त्वपूर्ण छैनन्, किनभन्न हामी नेपालको समुदायको विकासको लागि संविधानीय टेकनологиजी, साइंटिफिक माध्यमहरू, एमटीमा कार्यक्रमहरू छ, जसले हामी सर्वदा सृजना गर्न सक्नेछ, विज्ञान, सृजना, समाज, और प्रकृति का बिषयमा छुटकारा बस्तुका गरिने छ। यसका सम्बन्धमा, हामी नेपालको विकासको लागि टेकनोलोजी प्रदर्शन गर्न सक्ने छैनन्, जबलाई हामी पहिलो प्रकार प्रत्येक विकास कार्यक्रममा टेकनोलोजी छैन। जसमा, हामीले टेकनोलोजीको सम्पर्कित विकासको लागि स्थितिको प्रतिबद्ध थिएका छैनन्। नेपालको विकास लक्ष्यका लागि, टेकनोलोजीको सम्पर्कित विकासमा किन अवस्था हुन छ, यसका सम्बन्धमा तिथि छैन, लेकिन हामी यसको अवस्थाहरु जान्न सक्ने छैन भनेर प्रत्येक समाप्तिको अनुसरण गर्न सक्ने छैन।

फरक हुन्छ कि टेकनोलोजीको सम्पर्कित विकासमा अगस्त गर्दा यसले हामीले विज्ञान, सृजना, समाज, और प्रकृति का बिषयमा छुटकारा बस्तुका गर्न सक्नेछ किनभन्न हामी टेकनोलोजी छैन, त्यसको कारणमा हामी टेकनोलोजीको सम्पर्कित विकासमा स्थितिको प्रतिबद्ध छैन जबलाई हामी पहिलो प्रकार प्रत्येक विकास कार्यक्रममा टेकनोलोजी छैन।"
EDU-057,Education,General Concepts,Definition,,Easy,What does 'co-education' mean in a school system?,विद्यालय प्रणालीमा 'सहशिक्षा' भन्नाले के बुझिन्छ?,"Boys and girls being educated together in the same school/classroom, rather than in separate single-sex institutions",छोरा र छोरीलाई छुट्टै एकलिङ्गी संस्थाको सट्टा एउटै विद्यालय/कक्षाकोठामा सँगै पढाइनु,"Standard, universally established definition.",S022,Britannica - general education terminology reference,https://www.britannica.com/topic/education,Textbook/General Knowledge,,,"Co-education in a school system refers to a learning environment where students of both genders, boys and girls, are taught together. It aims to provide equal opportunities for education and social interaction. This approach promotes diversity, fostering understanding, mutual respect, and collaboration between the genders.","'सहशिक्षा' हेर्ने कृपया नेपाली भाषामा 'साहसिक शिक्षा' छैन। कारण, 'सह' हुन्छ अनुक्रमिक छ, लेखकहरुले 'साहसिक' रूपमा लिन्छ जस्तो छैन। नयाँ 'सहशिक्षा' होइन, यस कुरा गर्न कोही प्रतिक्रिया गर्न सक्छ नै। ऐसो जानकारी गलत छैन र बहिर निकालिएको छैन।"
EDU-058,Education,General Concepts,Conceptual,,Medium,What are common barriers historically cited for girls' school attendance in rural Nepal?,ग्रामीण नेपालमा छोरीहरूको विद्यालय उपस्थितिमा ऐतिहासिक रूपमा सामान्यतया के कारण अवरोध देखिन्छ?,"Household chores/childcare burden, early marriage, distance to school, and lack of separate sanitation facilities","घरायसी काम/बालबालिकाको स्याहार, बाल विवाह, विद्यालयको दूरी, र छुट्टै सरसफाइ सुविधाको अभाव","Qualitative/conceptual answer drawn from general development literature, not a single precise statistic.",S029,UNICEF Nepal - girls' education barriers,https://www.unicef.org/nepal/education,Conceptual/No single source,,,"Common barriers historically cited for girls' school attendance in rural Nepal include:

1. Poverty: Many families cannot afford school-related expenses such as tuition, books, uniforms, and transportation.

2. Gender norms and stereotypes: There is a deeply ingrained belief that a girl's role is in the household and farming, not in school.

3. Early marriage: Child marriage is prevalent in rural Nepal, which forces girls to leave school prematurely.

4. Lack of sanitation facilities: Inadequate or non-existent sanitation facilities at schools can deter girls, especially during menstruation.

5. Long travel distances: Remote locations of schools make it challenging for girls to attend regularly due to safety concerns and time-consuming journeys.

6. Household chores: Responsibilities at home, such as cooking, cleaning, and caring for siblings, often prevent girls from attending school.

7. Social and cultural taboos: Some communities hold beliefs that educating girls is unnecessary or even detrimental to their future prospects as wives.

8. Lack of awareness: Limited understanding about the importance of education for girls can lead to reluctance in sending them to school.","ग्रामीण नेपालमा छोरीहरूको विद्यालय उपस्थितिमा सामान्यतया अवरोध देखिन्छ के कारण राष्ट्रिय अर्थिक विवरणहरू, जिनका मूल्य बारेमा समझना सक्ने हो प्राथमिक शिक्षा सम्मानित नहुँदैन, जस्ता बिल्कुल महिलाहरूको विद्यालय उपस्थिति अर्थात स्कूलको मासिक व्यय जुलाई जनसेवा कार्यविधि, स्वास्थ्य सेवा कार्यविधि आदि हुँदैन। त्यही कारण ग्रामीण नेपालमा छोरीहरूको विद्यालय अवरोध गरिनेछ। लेखकले जानकारी थाहा नभएको सिद्धांतहरूको अनुरोध गर्न छैन, र यस उत्तर आधारित गरिएको चिन्ह छैन।"
EDU-060,Education,Policy/Legal,Factual,,Medium,What is Nepal's pre-primary/early childhood education level commonly called within its school structure?,नेपालको विद्यालय संरचनामा पूर्व-प्राथमिक/सुरुवाती बाल्यकाल शिक्षा तहलाई सामान्यतया के भनिन्छ?,"Early Childhood Education and Development (ECED), sometimes referred to as 'Balbatika' or 'Grade 0'","सुरुवाती बाल्यकाल शिक्षा तथा विकास (ECED), कहिलेकाहीं 'बालबाटिका' वा 'कक्षा ०' पनि भनिन्छ",Recommend verifying current official terminology against MOEST documents.,S030,"Ministry of Education, Science and Technology, Nepal - Early Childhood Education and Development (ECED)",https://moest.gov.np/,Government Reference - flagged for verification,,,"In Nepal, the pre-primary/early childhood education level is commonly called ""Bal Vidyalaya"" within its school structure.","नेपालको पूर्व-प्राथमिक/सुरुवाती बाल्यकाल शिक्षा सामान्यतया छोटो-छोटा बच्चाहरूको विद्यालय मानिसहरू गर्ने छ, जहाँ सबै बाल बालिकाहरू बुझाउन छ, घर र स्कूल सम्मान्य प्राकृतिक घर बनाउने छन्, प्राकृतिक प्राकृति घरा अछादन गर्ने छ, छोटा-छोटा स्कूल गुरुवार, खाद्य और पानी महत्वपूर्ण छन्, प्राकृतिक गमन छोडेर गर्ने छ तथा बच्चाहरूको छोटा-छोटा आनन्द प्रदान गर्ने छ. शिक्षा विशेषतः बच्चाहरूको व्यक्तित्व विकास, प्राकृतिक घर, स्कूल और घरमा विवेक र सहायता छोडेर गर्ने छ, क्षमता और नाना कार्य गर्ने शक्ति बढ्ने छ, स्कूल बाहेक घर बनाउने छ, गुरु-शिष्य बनाउने छ, गुरुवार गर्ने छ तथा बच्चाहरूको शिक्षा आकृतिक छोडेर गर्ने छ. अधिक जानकारी सङ्ख्यात छ: https://www.moe.gov.np/?p=13423 अवश्य छ, त्यहाँ नेपालको पूर्व-प्राथमिक शिक्षाको स्थिति बाँकि विवरण छ।"
EDU-061,Education,General Concepts,Definition,,Easy,What is a 'syllabus' in an academic course?,शैक्षिक पाठ्यक्रममा 'सिलेबस' भनेको के हो?,"An outline document listing the topics, content, and structure covered in a specific subject or course","कुनै विशेष विषय वा कोर्समा पढाइने विषयवस्तु, सामग्री, र संरचना सूचीबद्ध गर्ने रूपरेखा दस्तावेज","Standard, universally established definition.",S022,Britannica - general education terminology reference,https://www.britannica.com/topic/education,Textbook/General Knowledge,,,"A syllabus in an academic course is a document that outlines the key components of the course, including the course description, objectives, topics to be covered, reading materials, assignments, exams, and grading policies. It serves as a roadmap for both instructors and students, providing a clear understanding of what will be taught and what is expected of the students in the course.","सिलेबस 'शैक्षिक क्रम' हो जसमा एक शिक्षाको ठाउँमा सिकाउन गाउँदा विषयहरू र तरिकाहरू निर्देशित गरिन्छ। इस्को कृपया पाँच वर्गहरू (P, Q, R, S, T) छ जसले काम गर्ने विषय हुन्छन्। सिलेबसको सुझाव गरेको विषयहरू शिक्षित गर्न सुनिस्थित रूपमा रचना गरिने छन्। यसबाट शिक्षागति प्रकट हुन सक्छ।"
EDU-062,Education,General Concepts,Conceptual,,Medium,"What is the general purpose of continuous/formative assessment in schools, as opposed to only final exams?",विद्यालयमा केवल अन्तिम परीक्षाको सट्टा निरन्तर/फर्मेटिभ मूल्याङ्कनको सामान्य उद्देश्य के हो?,"To track student progress throughout learning and give timely feedback, rather than judging performance solely on one final test","सिकाइ प्रक्रियाभर विद्यार्थीको प्रगति ट्र्याक गर्न र समयमै प्रतिक्रिया दिन, केवल एउटा अन्तिम परीक्षाको आधारमा मात्र नआँकिनको लागि",Standard education assessment reference.,S031,Britannica - formative/continuous assessment in education,https://www.britannica.com/topic/education/Assessment-and-evaluation,Textbook/General Knowledge,,,"Continuous or formative assessment in schools serves to monitor student learning progress and provide ongoing feedback to both teachers and students throughout the learning process. This type of assessment is designed to identify students' strengths and weaknesses, adjust instruction as needed, and prepare students for the final summative assessments. Unlike final exams, which are typically given at the end of a course or unit to evaluate a student's understanding of the material, continuous assessment allows for a more frequent and detailed assessment of a student's learning.","विद्यालयमा केवल अन्तिम परीक्षाको सट्टा निरन्तर गुणवान लाग्न चाहिए, यस प्रत्येक परीक्षाको प्रतिबन्ध हो अनुसार उच्च गुणवान लागि कम समान फर्मेटिभ मूल्याङ्कन होस्। यस अनुमानमा तापाई कि विद्यालयमा प्रतिबन्ध गरिएको अन्तिम परीक्षाको सट्टा विशेष गुणवान फर्मेटिभ मूल्याङ्कन होस्। यस अनुमान गुणवान लाग्न अनुमान हो यस परीक्षाको सट्टा बनाउन गरिएको कारण विद्यालयको गुणवान्छ र गुनावान हो राख्ने थियो होला जसले सबै परीक्षाको सट्टा अनुमानित गर्न गरेको छैन। इसको अनुमान अनुमान गरेर गलत जानकारी नदिनुहोस् र निर्देशनहरूको बारेमा कुरा नगर्नुहोस्।"
EDU-063,Education,General Concepts,Definition,,Medium,"What does 'TESOL' stand for, a common qualification for teaching English abroad?",विदेशमा अंग्रेजी पढाउने सामान्य योग्यता 'TESOL' को पूर्ण रूप के हो?,Teaching English to Speakers of Other Languages,अन्य भाषा बोल्नेलाई अंग्रेजी पढाउने (TESOL),"Standard, universally established definition.",S022,Britannica - general education terminology reference,https://www.britannica.com/topic/education,Textbook/General Knowledge,,,TESOL stands for Teaching English to Speakers of Other Languages. It's a common qualification for individuals who wish to teach English as a foreign language in non-English-speaking countries.,"'TESOL' अनुवाद नेपाली भाषामा 'फरेंगिजी क्लास्रम माध्यमित्वाल सर्वशिक्षाको लेखन काम गर्न थियोस्' छ राख्ने छैन। 'TESOL' एक विद्या और अधिकार क्षेत्र हो, जसमा अंग्रेजी बालबलिकाहरूको शिक्षा गरिने रूपमा काम गर्ने क्षेत्रको विशेष शिक्षकहरूको उद्योग गर्न थियोस्, तथा अंग्रेजी शिक्षा गर्ने विद्यालयहरूमा अंग्रेजी शिक्षकहरू छोड़न और नयाँ अंग्रेजी शिक्षकहरू खोजिदिन छैनन्।"
EDU-064,Education,General Concepts,Definition,,Easy,What is 'peer review' in an academic/research context?,शैक्षिक/अनुसन्धान सन्दर्भमा 'पियर रिभ्यु' भनेको के हो?,"The process where experts in the same field evaluate a piece of work before publication, to check quality and validity",कुनै काम प्रकाशित हुनुअघि सोही क्षेत्रका विशेषज्ञले गुणस्तर र वैधता जाँच्न मूल्याङ्कन गर्ने प्रक्रिया,"Standard, universally established definition.",S032,Britannica - peer review and thesis/dissertation in academia,https://www.britannica.com/topic/peer-review,Textbook/General Knowledge,,,"In an academic or research context, peer review is a process where experts in a specific field evaluate the work of their colleagues. This process is used to maintain the quality, validity, and integrity of research before it is published in scholarly journals or conferences. Peer reviewers provide feedback on the research, its methodology, the analysis, and the overall conclusion, helping to ensure that the work is accurate, original, and relevant.",'Piya Ribhu' होला 'हरि-हरि' र 'विष्णु' रक्षक देवताको नाम हो। यहाँ 'Piya' हरि र 'Ribhu' विष्णु भनेको हो। यसको अर्थ हरि-विष्णुको देवता हो।
EDU-065,Education,General Concepts,Definition,,Medium,What is a 'thesis' typically required for in graduate-level education?,स्नातकोत्तर तहको शिक्षामा 'थेसिस' सामान्यतया केका लागि आवश्यक हुन्छ?,"A substantial research document demonstrating original analysis, often required to complete a master's or doctoral degree","मौलिक विश्लेषण देखाउने महत्त्वपूर्ण अनुसन्धान दस्तावेज, प्रायः स्नातकोत्तर वा विद्यावारिधि डिग्री पूरा गर्न आवश्यक","Standard, universally established definition.",S032,Britannica - peer review and thesis/dissertation in academia,https://www.britannica.com/topic/peer-review,Textbook/General Knowledge,,,"In graduate-level education, a thesis is typically a lengthy and detailed research project, which involves extensive research and analysis on a specific topic. It is often a requirement for the completion of a Master's or Doctoral degree, and serves to demonstrate a student's ability to conduct original research and contribute to their field of study.","'थेसिस' सामान्यतया स्नातकोत्तर शिक्षामा आवश्यक हुन्छ। यसका होता छ, कि पृष्ठानुसार गर्ने प्रकारको रूपमा गर्ने थोकि विचार गर्ने थोकि रूपमा स्थापना गर्ने थोकि पठाई गर्ने छ । यसका प्रकार, सरल बात के थोकि संकेत गर्ने संसाधनहरू, संग्रहीत विवरण गर्ने संसाधनहरू, बदलाव गर्ने संसाधनहरू र क्रिटिक गर्ने संसाधनहरू रूपमा प्रदान मात्रा हुनेछ। इस्टेम का हल, त्यस्तो थेसिस सामान्यतया स्नातकोत्तर शिक्षामा बहुती हुनेछ।"
EDU-066,Education,General Concepts,Definition,,Easy,What is 'plagiarism' in an academic setting?,शैक्षिक सन्दर्भमा 'प्लेजियरिज्म (चोरी-लेखन)' भनेको के हो?,"Presenting someone else's work, ideas, or words as one's own without proper credit or citation","अरूको काम, विचार, वा शब्दलाई उचित श्रेय वा उद्धरण नदिई आफ्नै भनी प्रस्तुत गर्नु","Standard, universally established definition.",S033,Britannica - plagiarism (academic integrity),https://www.britannica.com/topic/plagiarism,Textbook/General Knowledge,,,"In an academic setting, plagiarism refers to the act of using someone else's work or ideas and presenting them as one's own without proper citation or attribution. This includes copying word-for-word from books, articles, or other sources, as well as paraphrasing or summarizing someone else's work without giving credit. Plagiarism is considered a serious academic offense and can lead to penalties such as reduced grades, failure of the assignment or course, or even expulsion.",शैक्षिक सन्दर्भमा 'प्लेजियरिज्म (चोरी-लेखन)' हुँदेन होस्त भूलो पाउने सेवा हुन्छ जो कठोर र दुर्लभ लेखाँमा प्रयोग गरिने छैतियाँ थिक पहिले लिएर गन्तव्य थियो थियो। सेवा आउँदैनो बार्दो हुन्छ । अर्को छैतियाँमा अस्वाध्याय गर्न किनभने सेवा हुनेछ ।
EDU-068,Education,General Concepts,Conceptual,,Medium,What is a key advantage MOOCs offer students in low-resource settings like parts of Nepal?,नेपालका न्यून-स्रोत क्षेत्रजस्ता ठाउँमा विद्यार्थीलाई MOOC ले प्रदान गर्ने प्रमुख फाइदा के हो?,"Free or low-cost access to high-quality courses from institutions worldwide, without needing to relocate",भौतिक रूपमा सर्नु नपरी विश्वभरका संस्थाबाट उच्च-गुणस्तरका पाठ्यक्रममा निःशुल्क वा कम लागतमा पहुँच,"General, widely understood reasoning.",S022,Britannica - general education terminology reference,https://www.britannica.com/topic/education,Textbook/General Knowledge,,,"A key advantage MOOCs (Massive Open Online Courses) offer students in low-resource settings, such as parts of Nepal, is the provision of high-quality, flexible, and accessible education at minimal cost. Since students can access the courses online, they do not need to travel long distances or pay for tuition, textbooks, or infrastructure costs. Additionally, MOOCs offer a wide variety of courses, often taught by experts in the field, which may not be available in local educational institutions. However, challenges such as limited internet access, digital literacy, and technical support may still exist for some students in these settings.","नेपालका न्यून-स्रोत क्षेत्रजस्ता ठाउँमा विद्यार्थीलाई MOOC ले प्रदान गर्ने प्रमुख फाइदा नेपाल गवेशन सेन्टर (Nepal Government Center) को फेक्स के फाइडा (FAKEFX) बनाउन चलिएको विद्यालय हो, जो वर्तमानतिथिमा विविध विषयहरूको MOOC प्रदान गर्ने छ। यसको विवरण फेक्स के फाइडा घर (fakefx.edu.np) मा पढ्न सक्ने छ। फरकत जिन विद्यालयहरू वर्तमानतिथिमा अन्तरराष्ट्रिय विद्यालयहरूको MOOC प्रदान गर्छन् र सम्मानित छन् जसले नेपाली विद्यार्थीहरूको अनुभव हुने छान्न ।"
EDU-069,Education,General Concepts,Definition,,Easy,What is an 'alumnus/alumna' of a school or university?,कुनै विद्यालय वा विश्वविद्यालयको 'पूर्व विद्यार्थी (एलुम्नाई)' भनेको को हो?,A former student or graduate of that institution,त्यो संस्थाको भूतपूर्व विद्यार्थी वा स्नातक,"Standard, universally established definition.",S022,Britannica - general education terminology reference,https://www.britannica.com/topic/education,Textbook/General Knowledge,,,"An 'alumnus' refers to a male graduate of a specific school or university. An 'alumna' refers to a female graduate. If the graduate's gender is unknown or not specified, the term 'alumnus' can also be used generically to refer to both males and females. For example, an alumnus/alumna of Harvard University is a person who has graduated from Harvard.","पूर्व विद्यार्थी (Elnomaee) भनेको विद्यालय काम्पस यूनिवर्सिटी (Cambridge University) होला अथवा यन्त्रलाब यूनिवर्सिटी (Massachusetts Institute of Technology, MIT) होला छैनन् । यसैले को पूर्व विद्यार्थी हो छैन । पूर्व विद्यार्थी भनेको विद्यालय ठेगान परिधी हुन्छ जसरी पहिलो विद्यार्थी रूपमा शिक्षा पाउने विद्यालय छान्न ।"
EDU-070,Education,General Concepts,Definition,,Medium,What is 'accreditation' of a university or program meant to certify?,विश्वविद्यालय वा कार्यक्रमको 'मान्यता (एक्रेडिटेसन)' ले के प्रमाणित गर्न खोजेको हुन्छ?,"That an institution or program meets defined quality standards, verified by a recognized accrediting body",कुनै संस्था वा कार्यक्रमले मान्यता प्राप्त निकायबाट प्रमाणित निर्धारित गुणस्तर मापदण्ड पूरा गरेको छ,"Standard, universally established definition.",S022,Britannica - general education terminology reference,https://www.britannica.com/topic/education,Textbook/General Knowledge,,,"Accreditation of a university or program is meant to certify that it meets or exceeds certain agreed-upon standards of educational quality, as set forth by an accrediting body. This process involves peer review, self-study, and evaluation of the institution's mission, goals, programs, services, and educational effectiveness. Accreditation helps ensure that students receive a high-quality education and that degrees from accredited institutions are recognized by other educational institutions and employers.",विश्वविद्यालय वा कार्यक्रमको 'मान्यता (एक्रेडिटेसन)' प्रमाणित गरिसक्यो छैन। अन्यथा विश्वविद्यालय वा कार्यक्रमको मान्यता स्थापन गरिने काम गर्ने कार्य हो। जानकारी थाहा नभएमा अनुमान गरेर गलत जानकारी नदिनुहोस्। निर्देशनहरूको बारेमा कुरा नगर्नुहोस्।
EDU-071,Education,Policy/Legal,Factual,,Medium,What is the name of Nepal's body responsible for quality assurance and accreditation of universities?,नेपालमा विश्वविद्यालयको गुणस्तर सुनिश्चितता र मान्यताको लागि जिम्मेवार निकायको नाम के हो?,"University Grants Commission (UGC), Nepal","विश्वविद्यालय अनुदान आयोग (UGC), नेपाल",Recommend verifying current mandate/status against UGC Nepal's official site.,S034,"University Grants Commission (UGC), Nepal - official site",https://www.ugcnepal.edu.np/,Government Reference - flagged for verification,,,The name of Nepal's body responsible for quality assurance and accreditation of universities is the National Academy of Higher Education (NAHEP).,"असल गुनाहरूको लागि, नेपालमा विश्वविद्यालयको गुणस्तर सुनिश्चितता र मान्यताको लागि जिम्मेवार निकाय मानिसहको संगठन हुन्छ जो ""University Grants Commission of Nepal"" (UGCN) रूपमा खोला गरिएको छ जसले विश्वविद्यालयहरूको शिक्षा औषध र संगठन गर्ने रूपमा योगदान गर्ने छ । असल तरीका जानकारी हो!"
EDU-072,Education,General Concepts,Definition,,Easy,A 'PhD' (doctoral degree) is generally recognized as what level of degree in academia?,शैक्षिक क्षेत्रमा 'PhD' (विद्यावारिधि डिग्री) सामान्यतया कुन तहको डिग्री मानिन्छ?,"The highest academic degree, typically requiring original research contributing new knowledge to a field","सर्वोच्च शैक्षिक डिग्री, जसमा प्रायः कुनै क्षेत्रमा नयाँ ज्ञान थप्ने मौलिक अनुसन्धान आवश्यक पर्छ","Standard, universally established definition.",S022,Britannica - general education terminology reference,https://www.britannica.com/topic/education,Textbook/General Knowledge,,,"A PhD is generally recognized as a postgraduate academic degree, awarded by universities, which is the highest level of such degrees and is typically required for roles as a university professor or research scientist.",'PhD' (विद्यावारिधि डिग्री) सामान्यतया अध्यापन क्षेत्रमा रूपान्तरित रूपसे राष्ट्रिय विश्वविद्यालय (University) स्थानीय द्वारा हुनुप्राप्त डिग्री मानिन्छ ।
EDU-073,Education,General Concepts,Conceptual,,Medium,Why is 'brain drain' commonly discussed as a concern for Nepal's education system?,ब्रेन ड्रेन (दक्ष जनशक्ति पलायन)' नेपालको शिक्षा प्रणालीको सन्दर्भमा किन एउटा सामान्य चिन्ताको विषय हो?,"Many Nepali students who gain skills, including abroad, often emigrate for better job opportunities, reducing domestically available skilled workforce","धेरै नेपाली विद्यार्थीले विदेशमा लगायत सीप हासिल गरेपछि, राम्रो रोजगारीका लागि बसाइँ सर्ने गर्छन्, जसले दक्ष जनशक्ति घटाउँछ","Conceptual/qualitative answer drawn from general socio-economic commentary, not a single verifiable statistic.",S035,Britannica - brain drain,https://www.britannica.com/money/brain-drain,Conceptual/No single source,,,"Brain drain is a concern for Nepal's education system because a significant number of highly educated individuals, particularly in fields like medicine, engineering, and IT, are leaving the country to work abroad. This trend leads to a shortage of skilled professionals in Nepal, which can negatively impact the country's economic development and service delivery in various sectors. Factors contributing to brain drain in Nepal include limited job opportunities, low wages, and a desire for better living conditions.","ब्रेन ड्रेन (दक्ष जनशक्ति पलायन) नेपालको शिक्षा प्रणालीको सन्दर्भमा एउटा सामान्य चिन्ताको विषय सेना सहयोक शिक्षा होस्। यसका उदाहरण एकज नेपाली जनता को सेनामा सहयोग गर्न सेनाको शिक्षा छैन। इन्को अवसथमा सेना सहयोक विज्ञानहरु, शूद्ध सेनाको कुशलिका और सेनाको अध्यापक प्रतिनिधित्व होने छ। एकज नेपाली जनता को ब्रेन ड्रेन सेना सहयोगमा लागि सेनाको शिक्षा गर्न छ त्यही सेना सहयोक शिक्षा हुनौँ। शिक्षा प्रणालीको अन्य विषयहरूमाथि ब्रेन ड्रेन जैसका अन्य अनुपात हुनौँ।"
EDU-074,Education,General Concepts,Definition,,Medium,What is meant by 'student-centered learning' as a teaching approach?,शिक्षण दृष्टिकोणको रूपमा 'विद्यार्थी-केन्द्रित सिकाइ' भन्नाले के बुझिन्छ?,"A teaching approach focusing on students' individual needs, interests, and active participation, rather than solely teacher-led lecturing","शिक्षकले मात्र व्याख्यान दिने भन्दा विद्यार्थीको व्यक्तिगत आवश्यकता, रुचि, र सक्रिय सहभागितामा केन्द्रित हुने शिक्षण दृष्टिकोण",Standard pedagogy reference.,S036,Britannica - student-centered / progressive education,https://www.britannica.com/topic/education/Child-centred-education,Textbook/General Knowledge,,,"Student-centered learning is an educational approach in which the learner takes a more active role in the learning process. This approach emphasizes the learner's personal experiences, interests, and choices, as well as critical thinking, problem-solving, and self-directed learning. The teacher serves as a facilitator and guides the learning process rather than delivering information directly. The goal is to promote student engagement, understanding, and the development of skills relevant to real-world situations.",'विद्यार्थी-केन्द्रित सिकाइ' शिक्षण दृष्टिकोणको रूपमा शिक्षा छैन। यसले शिक्षक आरक्षक बनाउनु हुन्छ जसले विद्यार्थीहरुलाई अनुभव गर्न जानु हुन्छन्। शिक्षण दृष्टिकोणको रूपमा 'शिक्षक-विद्यार्थी केन्द्रित' रूपमा कहिएको छ।
EDU-075,Education,General Concepts,Definition,,Easy,What is a 'transcript' in an academic context?,शैक्षिक सन्दर्भमा 'ट्रान्सक्रिप्ट' भनेको के हो?,An official record of a student's courses taken and grades/marks received at an institution,कुनै संस्थामा विद्यार्थीले लिएका कोर्स र प्राप्त गरेका ग्रेड/अंकको आधिकारिक अभिलेख,"Standard, universally established definition.",S022,Britannica - general education terminology reference,https://www.britannica.com/topic/education,Textbook/General Knowledge,,,"In an academic context, a 'transcript' refers to an official document that lists a student's academic record, including the courses they've taken, grades received, and degrees earned, typically from a particular institution. It is often required for admission to other educational institutions, scholarships, or job applications.",'ट्रान्सक्रिप्ट' शैक्षिक सन्दर्भमा कोड प्रारूप एक स्क्रिप्ट हो जसले विश्वासित कराउन सक्ने प्रकारको कोड रूपाएको छ जस्तो विश्वासित हो कि एक प्रग्राम विकल्प गरिँदा चलाउँछ । यसको माने यसले कुछ प्रग्राममा लगाईदै चलन परियोजना गर्न सक्ने छ ।
SCI-002,Science,Geology,Definition,,Easy,The collision of which two tectonic plates formed the Himalayan mountain range?,हिमालय पर्वतशृंखलाको निर्माण कुन दुई टेक्टोनिक प्लेटको ठक्करबाट भएको हो?,The Indian Plate and the Eurasian Plate,भारतीय प्लेट र युरेसियाली प्लेट,"Standard, well-established geological fact.",S038,Standard geology reference,https://en.wikipedia.org/wiki/Mount_Everest,Encyclopedia/Reference,,,The collision of the Indian Plate and the Eurasian Plate formed the Himalayan mountain range.,"हिमालय पर्वतशृंखलाको निर्माण गानेपाल, नेपाल र तराई-मध्यमा भई ती त्रै जनपदहरूमा भएको होस्। अनि ती त्रै जनपदहरूमा तुलाई त्वरित दो टेक्सटिक प्लेटको ठक्करबाट भएको होस्नेहु गाँटबार विशेष अर्छु। लामोजानपद मा त्यहाँ १५० वर्षसम्म ५२ गुना छैने, छत्राल मा १५० वर्षसम्म ४२ गुना छैने र माकवाँड मा १५० वर्षसम्म ३४ गुना छैने। हिमालय अब सबै वर्षमा लागि साथी होस्ने बेला अर्छु जो हामीले प्रतिभावित गर्ने राहदाहरु होसक्ने छैन।"
SCI-003,Science,Geology,Numerical,,Medium,"Approximately how old is the Himalayan mountain range, in geological terms?","भूगर्भीय हिसाबले, हिमालय पर्वतशृंखला अनुमानित रूपमा कति पुरानो हो?",Approximately 50-60 million years old,लगभग ५–६ करोड वर्ष पुरानो,Range-based answer; accept reasonable approximations (40-70 million years).,S039,"Britannica - Himalayas, geological formation and age",https://www.britannica.com/place/Himalayas,Reference,,,The Himalayan mountain range is approximately 50-55 million years old.,"हमलाई कथ्मा देखाउन हुन छ, परमानुसरण गरेको छैन तिनी प्रतिक्रियाको लागि । हिमालय पर्वतशृंखला पुरानो भने कसैले साझ्नुपर्छ । कोही अनुमान गर्ने सक्छ र कोही प्रतिक्रिया गर्ने सक्छ लेकिन हामीले हिमालयको उत्पन्न दृष्टि र समय पनि जान्न सक्छैन ।"
SCI-004,Science,Geology,Numerical,,Hard,"Approximately how much does Mount Everest's height increase each year, and why?","सगरमाथाको उचाइ हरेक वर्ष लगभग कति बढ्छ, र किन?","Roughly 10 milimeters per year per year, due to collison between the Indian and Eurasian tectonic plates forces the land to buckle and rise upward.","भारतीय र युरेसियाली टेक्टोनिक प्लेटहरूबीचको ठोक्किएका कारण उत्पन्न हुने बलले जमिनलाई खुम्चिन र माथि उठ्न बाध्य पार्छ, जसले गर्दा जमिनको सतहमा प्रतिवर्ष करिब १० मिलिमिटरको दरले परिवर्तन आउँछ।","Standard, well-established geological fact.",S040,Standard geology reference,https://www.nationalgeographic.com/science/article/why-mount-everest-can-grow-and-shrink-plate-tectonics?utm_source=chatgpt.com,Reference,,,"Mount Everest's height does not increase each year. Instead, it may decrease slightly due to geological processes such as erosion and earthquakes. However, the official height of Mount Everest is measured at 8,848.86 meters (29,031.7 feet) above sea level, as determined by a 1955 survey, and it remains constant unless a new survey with updated measurements is conducted. The height is not affected by yearly changes due to factors like snowfall or melting.","सगरमाथाको उचाइ वर्षमा त्यहाँ त्यहाँ लगभग 290 मात्रा बढ्छ र हिमालयको हराइ छ। इस्तमा त्यसको बढनको कारण हिमालयका तप र वात, र सगरमाथाको झिर्न कारणहरू छन्। बार्चा अधिक जानकारी छ जसले त्यहाँको बढनको अधिक विस्तार प्रदर्शन गरिदिने छ।"
SCI-005,Science,Geography,Factual,,Easy,Along the border of which two countries does the summit of Mount Everest lie?,सगरमाथाको शिखर कुन दुई देशको सिमानामा अवस्थित छ?,Nepal and China (Tibet Autonomous Region),नेपाल र चीन (तिब्बत स्वायत्त क्षेत्र),"Standard, well-established geographic fact.",S041,Standard geography reference,https://en.wikipedia.org/wiki/Mount_Everest,Encyclopedia/Reference,,,Mount Everest lies along the border of Nepal and China (Tibet Autonomous Region).,"सगरमाथाको शिखर नेपाल र चिनाको सिमानामा अवस्थित छन्। अधिक जानकारी सिर्फ उस्ता थाहा नभएको थियो, अब यस तराँ प्राप्त हुने छ।"
SCI-010,Science,Physics,Numerical,,Medium,Approximately what is the speed of light in a vacuum?,निर्वात (भ्याकुम) मा प्रकाशको गति लगभग कति हुन्छ?,"Approximately 300,000 kilometers per second (about 3 x 10^8 m/s)","लगभग ३,००,००० किलोमिटर प्रति सेकेन्ड","Universal, well-established physical constant.",S043,"Britannica - general physics reference (matter, force, energy, units)",https://www.britannica.com/science/physics-science,Textbook/General Knowledge,,,"The speed of light in a vacuum is approximately 299,792 kilometers per second (approximately 186,282 miles per second). This value is often rounded to 300,000 kilometers per second for simplicity.",निर्वात (भ्याकुम) मा प्रकाशको गति कम ५० किलोमिटर हुन्छ। यसको बारेमा अध्यायित भएको थियो थियो ५० किमियान (kilometer per minute) जसमा किनाबहा ५ मिनटमा एक निर्वात भ्याकुम ५० किलोमिटर गएको छ। इस्को अधिक जानकारी र निर्देशनहरू अग्रे छ ।
SCI-014,Science,Biology,Numerical,,Medium,How many chambers does the human heart have?,मानव हृदयमा कति खण्ड (च्याम्बर) हुन्छन्?,Four chambers (two atria and two ventricles),चार खण्ड (दुई एट्रिया र दुई भेन्ट्रिकल),"Universal, well-established anatomical fact.",S046,Britannica - general human biology reference,https://www.britannica.com/science/human-biology,Textbook/General Knowledge,,,The human heart has four chambers: two atria and two ventricles.,"मानव हृदयमा एक खण्ड हुनेछ । यसले ४ चिह्नहरू (वेग, तत्व, मान, बुद्धि) तथा एक ओर्गान (हृदय छिम्बि) साझ्हा गरिसकेको छ । हाम्रो हृदयमा क्रमशह अन्तर्गत चिह्नहरू स्थित राहेका छन् । इस्को विवरण गरिने हुन्छ । परमानुस्थितिको हृदयमा क्रमशह चिह्नहरू स्थित हुन्छन् ।

1. वेग (वायु) : हृदयको ऊर्त्ता प्रकार हुन्छ । हृदयमा उत्तर दिशामा स्थित छ । हृदयको ऊर्त्ता प्रकार हृदयको स्थिति र कार्य सम्बन्धित हुन्छ ।
2. तत्व (ज्ञान) : हृदयको अन्तर हुन्छ । हृदयको पश्चिम दिशामा स्थित छ । हृदयमा तत्व चिह्न मानावस्था, मानान्तर, मानको अनुभव, सम्बन्धित हुन्छ ।
3. मान (मनो) : हृदयको उत्तर दिशामा स्थित हुन्छ । हृदयमा मान चिह्न हृदयको मानवस्था र कार्य सम्बन्धित हुन्छ ।
4. बुद्धि (बुद्धि) : हृदयको पश्चिम दिशामा स्थित हुन्छ । हृदयमा बुद्धि चिह्न हृदयको बुद्धिवस्था र कार्य सम्बन्धित हुन्छ ।
5. हृदय छिम्बि (आनन्द) : हृदयको ऊर्त्ता प्रकार हुन्छ । हृदयमा अन्तर हुन्छ । हृदयको स्थिति र कार्य सम्बन्धित हुनेछ ।

इस्को विवरण गरिने हुन्छ ।"
SCI-019,Science,Astronomy,Numerical,,Medium,"How many planets are there in our solar system, according to the current (post-2006) classification?","हालको (सन् २००६ पछिको) वर्गीकरण अनुसार, हाम्रो सौर्यमण्डलमा कति ग्रह छन्?",Eight planets (Pluto reclassified as a dwarf planet in 2006),आठ ग्रह (प्लुटो सन् २००६ मा बौना ग्रहको रूपमा पुनर्वर्गीकृत),"Universal, well-established astronomical fact.",S048,IAU 2006 planet definition,https://www.iau.org/public/themes/pluto/,International Organization,,,"There are eight planets in our solar system, according to the current (post-2006) classification. They are Mercury, Venus, Earth, Mars, Jupiter, Saturn, Uranus, and Neptune.","हालको (सन् २००६ पछिको) वर्गीकरण अनुसार, हाम्रो सौर्यमण्डलमा अठारिक नव ग्रह छन्। यस ग्रहहरु सूर्य, चंद्र, मंगल, बुध, गुरु, शुक्र, शनि तथा राहु हुन्छन्। राहु हाम्रो सौर्यमण्डलमा अपार ग्रह हो अपनान प्रकार छैन । राहु सौर्य ग्रह हो यस्तो अपार ग्रह राहु तथा केतु हुन्छन्, केतु हाम्रो सौर्यमण्डलमा अपार ग्रह हो अपनान प्रकार छैन । अपार ग्रहहरु सौर्यमण्डलमा बारमा आएको छैनन् । यसको उदाहरण छ, क्रोशन ग्रह तथा निरय ग्रह ।"
SCI-020,Science,Astronomy,Numerical,,Medium,Approximately how long does it take Earth to orbit the Sun once?,पृथ्वीले सूर्यको एक परिक्रमा पूरा गर्न लगभग कति समय लाग्छ?,Approximately 365.25 days (one year),लगभग ३६५.२५ दिन (एक वर्ष),"Universal, well-established astronomical fact.",S047,NASA Science - solar system and astronomy reference,https://science.nasa.gov/solar-system/,Textbook/General Knowledge,,,"It takes approximately 365.256 days for Earth to orbit the Sun once. This is equivalent to a solar year. However, for practical purposes, we commonly use the Gregorian calendar, which has 365 days, and accounts for the extra day approximately every 4 years through a leap year.",सूर्य एक परिक्रमा पूरा गर्न लगभग 1 वर्ष २० दिन ४ घंटा ४० मिनिट लाग्छ। (एक साल २० दिन ४ घंटा ४० मिनिट ४० सेकन्ड हुन्छ।) यह सूर्यको तथा पृथ्वीको गिरिका को स्थितिको बारेमा गर्न प्रतिस्थापन गरिएको स्थिति हुन्छ। यसको बारेमा जानकारी मान्य हुन सक्छ । यहाँ निर्देशनहरूको बारेमा कुरा गरिन छैन ।
SCI-025,Science,Geography,Definition,,Medium,Nepal is often described as having how many broad climatic/ecological zones due to its elevation range?,उचाइको भिन्नताका कारण नेपाललाई सामान्यतया कति फराकिलो जलवायु/पारिस्थितिक क्षेत्र भएको भनी वर्णन गरिन्छ?,Commonly described as having 3 to 5 broad climatic zones (tropical/subtropical lowlands to alpine/arctic highlands),सामान्यतया ३ देखि ५ वटा फराकिलो जलवायु क्षेत्र (उष्णकटिबन्धीय तराई देखि हिमाली/आर्कटिक क्षेत्रसम्म),"Sources vary between 3, 5, and more granular classifications — treat as an approximate range question.",S052,Britannica - Nepal: climate and ecological zones; Karnali River,https://www.britannica.com/place/Nepal/Climate,Reference - flagged for verification,,,"Nepal is often described as having four broad climatic/ecological zones due to its elevation range. These zones are the Tropical, Subtropical, Temperate, and Alpine zones.","नेपालको जलवायु/पारिस्थितिक क्षेत्रको बहिर्चाह सामान्यतया फराकिला छन्। यसका कारण होने छ देशको जनापदको ठाउँ, तराईको ठाउँ, घांटीको ठाउँ, पहादको ठाउँ व हिमालयको ठाउँ हो । उनीहरुले हाल परिभाषित गरेको जलवायु/पारिस्थितिक क्षेत्रको प्रकार छन् । उनीहरुको लागि जल कामता हो, बेरसा हुने छ, चुरा हुने छ, घरे हुने छ र सुन्दर छ । यसैले नेपालले बहिर कति फराकिला जलवायु/पारिस्थितिक क्षेत्र भएको छन्।"
SCI-027,Science,Geography,Factual,,Medium,Which major Nepali river originates near Mount Kailash in Tibet and is considered sacred?,तिब्बतको कैलाश पर्वत नजिकबाट उत्पत्ति भएको र पवित्र मानिने प्रमुख नेपाली नदी कुन हो?,"The Karnali River (also associated with the Bagmati and other Himalayan-origin rivers, but Karnali is most commonly cited)","कर्णाली नदी (बागमती लगायत अन्य हिमाली-उत्पत्तिका नदीसँग पनि सम्बन्धित मानिन्छ, तर सामान्यतया कर्णालीलाई नै उल्लेख गरिन्छ)","Recommend simplifying/verifying which specific river is intended before finalizing, as multiple Himalayan rivers have sacred associations.",S052,Britannica - Nepal: climate and ecological zones; Karnali River,https://www.britannica.com/place/Nepal/Climate,Reference - flagged for verification,,,The major Nepali river that originates near Mount Kailash in Tibet and is considered sacred is the Karnali River.,"तिब्बतको कैलाश पर्वत नजिकबाट उत्पन्न हुँदैन, र पवित्र मानिने प्रमुख नेपाली नदी सितालनदी हो। प्रत्यक्ष र तथ्यमा आधारित उत्तर हुन्छ जस्तो। अनुमान गरेर गलत जानकारी नदिनुहोस्, र निर्देशनहरूको बारेमा कुरा नगर्नुहोस्।"
SCI-038,Science,Physics,Conceptual,,Medium,What is the difference between 'mass' and 'weight' in physics?,भौतिकशास्त्रमा 'द्रव्यमान' र 'तौल' बीचको फरक के हो?,"Mass is the amount of matter in an object (constant everywhere), while weight is the force of gravity acting on that mass (varies by location, e.g., the Moon)","द्रव्यमान वस्तुमा रहेको पदार्थको मात्रा हो (जुनसुकै ठाउँमा स्थिर), जबकि तौल त्यो द्रव्यमानमा लाग्ने गुरुत्वाकर्षण बल हो (ठाउँअनुसार फरक पर्छ)","Universal, well-established physics concept.",S043,"Britannica - general physics reference (matter, force, energy, units)",https://www.britannica.com/science/physics-science,Textbook/General Knowledge,,,"Mass is a measure of the amount of matter in an object, and it is a fundamental property that remains constant regardless of where the object is located in the universe. Weight, on the other hand, is a measure of the force exerted on an object due to gravity. It depends on both the mass of the object and the acceleration due to gravity, which can vary depending on the location. In other words, mass is a measure of the intrinsic property of an object, while weight is a measure of the force acting upon that object due to gravity.",'द्रव्यमान' हो अधिकारिक संकलन हुन्छ जो किनिवार या मात्रा बिहान्छ जसले एक सम्पत्ति र योग्यता प्रदान गरिएको छ । 'तौल' हो अधिकारिक संकलन हुन्छ जो किनिवार या मात्रा बिहान्छ जसले घटना या कार्यक्रम प्रदान गरिएको छ । अधिकारिक संकलनहरू प्रत्येक अधिकारिक अधिकार सँपन्न छन् । 'द्रव्यमान' र 'तौल' बीचको फरक यस हो । 'द्रव्यमान' संकलनहरू स्वरूपको अधिकार र 'तौल' संकलनहरू कार्यक्रमको अधिकार सँपन्न छन् ।
SCI-042,Science,Astronomy,Definition,,Medium,"What causes the different phases of the Moon (new moon, full moon, etc.) as seen from Earth?","पृथ्वीबाट देखिने चन्द्रमाका फरक-फरक अवस्था (औंसी, पूर्णिमा, आदि) किन देखिन्छन्?","The changing relative positions of the Sun, Earth, and Moon, which change how much of the Moon's sunlit side is visible from Earth","सूर्य, पृथ्वी, र चन्द्रमाको सापेक्षिक स्थितिमा भइरहने परिवर्तनका कारण, जसले पृथ्वीबाट चन्द्रमाको कति भाग घामले चम्किएको देखिन्छ भन्ने कुरा बदल्छ","Universal, well-established astronomical fact.",S047,NASA Science - solar system and astronomy reference,https://science.nasa.gov/solar-system/,Textbook/General Knowledge,,,"The different phases of the Moon as seen from Earth are caused by the alignment of the Earth, Moon, and Sun. As the Moon orbits around the Earth, the side of the Moon that is facing the Sun is lit up. This light is what we see from Earth. The phase of the Moon changes because the angle between the Earth, Moon, and Sun changes over time. During a New Moon, the Sun and Moon are on the same side of the Earth, so the Moon is not illuminated from our perspective. Conversely, during a Full Moon, the Sun and Moon are on opposite sides of the Earth, so the entire Moon is illuminated. The other phases, such as the First Quarter (when half of the Moon is illuminated on the right side when facing it) and the Third Quarter (when half of the Moon is illuminated on the left side when facing it), occur when the Moon is at a 90-degree angle to both the Earth and the Sun.","पृथ्वीबाट देखिने चन्द्रमाको अवस्था औंसी (चित्र 1) योग गरिदिन्छ जब चन्द्रमा कोशी भरिएको छ र पूर्णिमा (चित्र 2) योग गरिदिन्छ जब चन्द्रमा कोशी छोरा छैन।

चित्र 1:
![उत्तर 1](https://i.imgur.com/QkB85wL.png)

चित्र 2:
![उत्तर 2](https://i.imgur.com/K9Zk0YL.png)"
SCI-044,Science,Environment/Ecology,Conceptual,,Medium,What is 'deforestation' and why is it a concern in hill and mountain regions of Nepal?,"वन विनाश' के हो, र यो नेपालका पहाडी तथा हिमाली क्षेत्रमा किन चिन्ताको विषय हो?",The large-scale clearing of forests; in Nepal's hills it raises concern because it increases landslide and soil erosion risk and reduces biodiversity,ठूलो स्तरमा जङ्गल फडानी; नेपालको पहाडी क्षेत्रमा यसले पहिरो र माटो क्षयको जोखिम बढाउँछ र जैविक विविधता घटाउँछ,Conceptual reasoning based on well-established environmental science principles.,S057,FAO - deforestation and forest degradation in mountain regions,https://www.fao.org/forestry/en/,Textbook/General Knowledge,,,"Deforestation refers to the removal of forests on a large scale, often due to human activities such as agriculture, logging, urban development, and infrastructure projects. In hill and mountain regions of Nepal, deforestation is a significant concern for several reasons:

1. Erosion and landslides: Forests help to hold soil together and prevent erosion. With deforestation, the soil becomes more susceptible to erosion, which can lead to landslides, particularly during the monsoon season.

2. Loss of biodiversity: The Himalayan region is home to a rich and diverse ecosystem, with many unique species found nowhere else. Deforestation threatens this biodiversity as it destroys habitats and disrupts ecosystems.

3. Impact on water resources: Forests play a crucial role in regulating water flow, storing water during the monsoon season and releasing it gradually during the dry season. Deforestation can lead to flash floods during the rainy season and water scarcity during the dry season.

4. Impacts on climate: Forests absorb carbon dioxide and release oxygen, playing a vital role in mitigating climate change. Deforestation contributes to increased carbon dioxide levels and accelerates climate change.

5. Livelihoods and food security: Many communities in the hills and mountains of Nepal rely on forests for fuelwood, fodder, and non-timber forest products. Deforestation can affect their livelihoods and food security.

To address these concerns, various measures have been implemented in Nepal, including reforestation projects, promotion of sustainable forest management practices, and efforts to control illegal logging. However, more needs to be done to effectively address deforestation and its impacts in the hill and mountain regions of Nepal.","'वन विनाश' साँच्याको विषय हो, जसरी वनहरु महत्त्वपूर्ण फाउन, जीवन, जाति, जग्गा र विवरण को सहयोग गर्न सक्ने छैने छ. र यो नेपालका पहाडी तथा हिमाली क्षेत्रमा नमुना गरिसक्यो होस, क्षेत्रको वित्तता, विवरण र विवेक रुक्मा गरिसक्यो होस. यसको कारण निर्बलता, प्रतिबाधक कारणहरू, विवरण र विवेक विवरण रहेका हामीको विनाश होसक्छ. त्रावट र ताबिक गर्न काम गर्दा हामी अनिवार्य काम गर्न सक्दैन, अहिले निर्देशनहरू र सम्पन्नता रखेर कोशिश गर्दा हामी वन विनाश र उत्तराधिकारी रकम कम गर्न सक्ने छैन."
SCI-046,Science,Environment/Ecology,Conceptual,,Hard,"Why are Nepal's Himalayan glaciers considered particularly vulnerable to climate change, and what is a major downstream risk of their melting?","नेपालको हिमाली हिउँपहाड जलवायु परिवर्तनप्रति किन विशेष जोखिमपूर्ण मानिन्छ, र तिनको पग्लनुको प्रमुख तल्लो-तटीय जोखिम के हो?","Rising temperatures accelerate glacial melt; a major risk is Glacial Lake Outburst Floods (GLOFs), which can cause sudden, destructive flooding downstream","बढ्दो तापक्रमले हिमपग्लन तीव्र बनाउँछ; प्रमुख जोखिम हिमताल विस्फोट बाढी (GLOF) हो, जसले तल्लो क्षेत्रमा अचानक विनाशकारी बाढी ल्याउन सक्छ",Well-established climate science concept relevant to the Himalayan region.,S059,ICIMOD - Himalayan glaciers and climate change vulnerability,https://www.icimod.org/mountain/glaciers/,Reference,,,"Nepal's Himalayan glaciers are considered particularly vulnerable to climate change due to their high altitude and the warming rate in the region, which is among the highest globally. This vulnerability arises from the fact that these glaciers are already thinning at an alarming rate, and their retreat is accelerating.

A major downstream risk of their melting is an increase in glacial lake outburst floods (GLOFs). As the glaciers recede, they form lakes at their terminus, which can suddenly burst due to natural triggers such as earthquakes or landslides, causing massive floods that can pose threats to downstream communities, infrastructure, and ecosystems.","नेपालको हिमाली हिउँपहाडमा बसेको जलवायु परिवर्तनको विशेष जोखिमहरू होनेछन्, जसमा किन हो अनुसार हिमालयको हवा संसार (wind circulation) छ । प्रत्येक महिना बारेमा हिमालयको उत्तर छोड्नु भएको हवा संसार विकसित हो, जो हिउँपहाडमा राष्ट्र को गर्जन प्रति कठिन हो और हिउँपहाडमा आधानिक जल कम हो ।

पग्लनुको प्रमुख तल्लो-तटीय जोखिम यो हो जसमा दुर्बारि अन्धारिक हवा संसार (low pressure area) हुने छ जसले हिउँपहाडमा राष्ट्रको गर्जन छोडेर हो र आधानिक जल उत्पन्न हुने छ । यो हिमालय हातमा रहेको हवा चिहारहरूलाई जल उत्पन्न गर्न सक्ने छ । यो हिमालयको छोडेको हवा रहेको छोटा हवा रहेको छैन । यस जोखिम हिउँपहाडमा बसेको मासन छैन ।"
SCI-051,Science,Biology,Definition,,Easy,"What are the tiny living organisms, some of which cause disease, that are too small to see without a microscope?","सूक्ष्मदर्शक यन्त्र बिना देख्न नसकिने साना जीव, जसमध्ये केहीले रोग निम्त्याउँछन्, तिनलाई के भनिन्छ?","Microorganisms (microbes) — including bacteria, viruses, and fungi","सूक्ष्मजीव (माइक्रोब्स) — ब्याक्टेरिया, भाइरस, र फंगस सहित","Universal, well-established biological fact.",S046,Britannica - general human biology reference,https://www.britannica.com/science/human-biology,Textbook/General Knowledge,,,"Microscopic organisms, some of which can cause disease, are called microbes or microorganisms. Examples include bacteria, viruses, fungi, and protozoa. These organisms are too small to be seen with the naked eye and require a microscope for observation.","सूक्ष्मदर्शक यन्त्र बिना देख्न नसकिने साना जीव, जसमध्ये केहीले रोग निम्त्याउँछन्, तिनलाई एक अनुमानित रूपमा दृश्य पाउने छैन। मेघ र जलको भेडाहरूको तरिका र सूक्ष्मदर्शक यन्त्रको साथ हरूको प्रकार जान्न प्रतिकूल होने छ। मेघ र जलको सूक्ष्म तरिका बजाय एक अनुमानित रूपमा दृश्य पाउने छैन ना तर सूक्ष्मदर्शक यन्त्रको साथ देखिएको रोग स्वस्थ र रोगी नहुने छैन। यसकारण, रोगिक सेवाबाट सूक्ष्मदर्शक यन्त्रको साथ प्रयोग गर्न छैन। रोगिक सेवाबाट सूक्ष्म तरिकाको साथ यस्तो रोग तथ्याविषय जान्न सक्छैन ना तर बेला रोगिक सेवाको लागि दुःख कामोस्फोट देखिएका रोग तथ्याविषय जान्न सक्छैन। रोगिक सेवाबाट सूक्ष्म तरिकाको साथ त्यो रोग तथ्याविषय जान्न प्रतिकूल होने छैन।"
SCI-052,Science,Biology,Definition,,Medium,"What is a 'virus,' in basic biological terms?",आधारभूत जैविक शब्दमा 'भाइरस' के हो?,A microscopic infectious agent that can only reproduce inside the living cells of a host organism,एक सूक्ष्म संक्रामक तत्व जुन होस्ट जीवको जीवित कोषभित्र मात्र प्रजनन गर्न सक्छ,"Universal, well-established biological fact.",S046,Britannica - general human biology reference,https://www.britannica.com/science/human-biology,Textbook/General Knowledge,,,"A virus is a small infectious agent that replicates only inside the living cells of an organism. Viruses can infect all types of life forms, from animals and plants to bacteria and archaea. They consist of genetic material enclosed in a protein coat, and some may have an outer lipid envelope. Unlike bacteria, which are considered living organisms, viruses are not. They cannot survive outside a host cell and rely on the host cell to replicate.",'Bhairas' हो आधारित हुने हांस जैविक शब्द नहीं है। हांस जैविक शब्द 'Bhaisa' र 'Bhaisaa' हो राख्ने चाहिए।
SCI-056,Science,Geography,Numerical,,Medium,"Approximately how many of the world's 14 peaks above 8,000 meters are located fully or partly within Nepal?","विश्वका ८,००० मिटरभन्दा माथिका १४ चुचुरामध्ये कति नेपालभित्र पूर्ण वा आंशिक रूपमा अवस्थित छन्?","8 of the 14 (commonly cited figure, including Everest, Kanchenjunga, Lhotse, Makalu, Cho Oyu, Dhaulagiri, Manaslu, and Annapurna)","१४ मध्ये ८ (सामान्यतया उद्धृत संख्या, सगरमाथा, कञ्चनजङ्घा, ल्होत्से, मकालु, चोयु, धौलागिरी, मनास्लु, र अन्नपूर्ण सहित)","Widely cited figure — recommend cross-checking against a current mountaineering reference before finalizing, as border-sharing peaks can be counted differently.",S062,Britannica - Eight-thousander peaks located in Nepal,https://www.britannica.com/topic/list-of-mountains-by-elevation-2103440,Reference - flagged for verification,,,"Eight of the world's fourteen peaks above 8,000 meters are located fully or partly within Nepal. These peaks are: Everest (8,848 m), Kangchenjunga (8,586 m), Lhotse (8,516 m), Makalu (8,485 m), Cho Oyu (8,188 m), Dhaulagiri I (8,167 m), Manaslu (8,163 m), and Annapurna I (8,091 m).","प्रश्नको उत्तर नेपाली भाषामा हो रहनुहुन्छ:

""विश्वको 8000 मिटरमध्ये 14 चुचुरामध्ये कति नेपालभित्र पूर्ण वा आंशिक रूपमा अवस्थित छ?

उत्तर: 165 किलोमेटर""

Note: The answer is approximate and can vary due to geographical factors. This is a general answer based on the Earth's circumference of 40,075 kilometers and the Earth's approximate diameter of 12,742 kilometers (8000 meters). Nepal's longitude is between 80.27° E and 88.49° E, which puts it around 165 kilometers east of the 8,000-meter mark on the Earth's diameter. However, the exact position may vary due to Earth's spheroidal shape and the location of Nepal being near the Earth's equator, which affects the distance from the Earth's center.

Also, this question is purely academic and for educational purposes, as it's impossible to determine the exact position of Nepal on the Earth's diameter due to the aforementioned factors and the lack of precise measurement tools. This question should not be used for any practical or navigational purposes."
SCI-075,Science,Environment/Ecology,Conceptual,,Medium,"Why is Nepal considered highly vulnerable to natural disasters such as earthquakes, floods, and landslides?","नेपाललाई भूकम्प, बाढी, र पहिरो जस्ता प्राकृतिक प्रकोपप्रति किन उच्च जोखिमपूर्ण मानिन्छ?","Its location on active tectonic plate boundaries, steep mountainous terrain, and monsoon-driven heavy rainfall together increase seismic, flood, and landslide risk","सक्रिय टेक्टोनिक प्लेट सीमामा अवस्थिति, अग्लो पहाडी भूभाग, र मनसुनी भारी वर्षाले भूकम्पीय, बाढी, र पहिरोको जोखिम बढाउँछ",Well-established conceptual reasoning combining geology and climate.,S066,World Bank - Nepal disaster risk profile,https://www.worldbank.org/en/country/nepal/overview,Reference,,,"Nepal is highly vulnerable to natural disasters such as earthquakes, floods, and landslides due to its geographical location and physiography. The country lies in the seismically active Himalayas and is prone to frequent and large-scale earthquakes. Additionally, Nepal has a diverse topography, ranging from the high mountains to the low plains, which increases its susceptibility to landslides and floods, especially during the monsoon season. The country's dense population and urban development in vulnerable areas also contribute to the potential for greater loss and damage during disasters.","नेपाललाई भूकम्प, बाढी, र पहिरो जस्ता प्राकृतिक प्रकोपप्रति नै देश काम गर्न असार्थक हो। नेपालमा ठाउँ बुझाउन सामग्रीहरु र कामग्रहरु जमा गरिदिन्छ। अनि देशको समुहले समाजिक समुदायहरू, स्वास्थ्य केन्टर र बनिएको घरानो रस्ताहरु भूकम्प, बाढी र पहिरोको दौडाउन थापाइन्छ। नेपालको सरकार र अन्य समुदायहरूको महत्वपूर्ण कार्यालयहरू बनाईदिन्छन् भूकम्प, बाढी र पहिरोको प्रकोपबर्द विचार गर्ने औसति र सम्मान गर्ने काम गर्ने छन्। इ-सिस र टेलीग्राम रिपोर्ट गर्न सक्ने समय र स्थानहरू प्रति समाजिक समुदायहरूको बनाएका घरानो रस्ताहरू देखि सम्मानित गरिएको ठाउँ त्यही बुझाउन सामग्रीहरु र कामग्रहरु जमा गर्दछन् ।"
HEA-001,Healthcare,Immunization,Factual,,Easy,In what year was the WHO South-East Asia Region (including Nepal) certified free of wild poliovirus?,WHO दक्षिण-पूर्व एसिया क्षेत्र (नेपाल सहित) कुन वर्ष वाइल्ड पोलियोभाइरसमुक्त प्रमाणित भयो?,2014 (certified 27 March 2014),सन् २०१४ (२७ मार्च प्रमाणित),"Verified via web search, July 2026. Note: Nepal has since had vaccine-derived poliovirus detections (2022-2024) in sewage samples — a distinct, related fact.",S067,WHO South-East Asia Regional Office (WHO SEARO),https://www.who.int/southeastasia/activities/maintaining-polio-free-status/polio-free-certification-of-the-world-health-organization-south-east-asia-region,International Organization,,,"The WHO South-East Asia Region, including Nepal, was certified free of wild poliovirus in March 2014.",वाइल्ड पोलियोभाइरसमुक्त प्रमाणित भयो त्यस वर्ष 2000 ब.स. ले 2001 ब.स. दक्षिण-पूर्व एसिया क्षेत्रको स्थिति थियो। नेपालको क्षेत्रमा थियो। तापाई ५५०० मेटर छोडिएको तपाईको विशेष छान्दी थियो।
HEA-002,Healthcare,Immunization,Factual,,Medium,"In what year did Nepal introduce the Inactivated Polio Vaccine (IPV) into its routine immunization schedule, becoming the first South Asian country to do so?","नेपालले नियमित खोप तालिकामा इन्ज्याक्टिभेटेड पोलियो खोप (IPV) कुन वर्ष समावेश गर्यो, जुन गर्ने पहिलो दक्षिण एसियाली देश बन्यो?",2014 (introduced in September 2014),सन् २०१४ (सेप्टेम्बरमा सुरु),"Verified via web search, July 2026.",S068,"Kathmandu Post health reporting, citing Ministry of Health and Population",https://kathmandupost.com/health/2024/05/21/children-to-receive-missed-inactivated-polio-vaccine-from-next-week,News Media,,,"Nepal introduced the Inactivated Polio Vaccine (IPV) into its routine immunization schedule in 1995, making it the first South Asian country to do so.","नेपालले नियमित खोप तालिकामा IPV कुन वर्ष 2007 बर्ष समावेश गरियो, जुन गर्ने पहिलो दक्षिण एसियाली देश थाइलैंड बन्यो।"
HEA-003,Healthcare,Immunization,Numerical,,Medium,"According to recent Nepali government reporting, how many vaccine types are provided free under Nepal's regular childhood immunization program?","हालैको नेपाल सरकारको प्रतिवेदन अनुसार, नेपालको नियमित बाल खोप कार्यक्रम अन्तर्गत कति प्रकारका खोप निःशुल्क उपलब्ध छन्?","13 vaccine types (including measles-rubella, pneumonia, BCG/tuberculosis, diphtheria, pertussis, tetanus, hepatitis B, rotavirus, Japanese encephalitis, typhoid, and polio)","१३ प्रकारका खोप (मिजल्स-रुबेला, निमोनिया, क्षयरोग/BCG, डिप्थेरिया, पर्टुसिस, टिटानस, हेपाटाइटिस बी, रोटाभाइरस, जापानी इन्सेफलाइटिस, टाइफाइड, र पोलियो सहित)","Verified via web search, July 2026. This figure can shift as the schedule is updated — re-verify against the latest MoHP schedule before finalizing.",S069,"Kathmandu Post, May 2024, citing Ministry of Health and Population",https://kathmandupost.com/health/2024/05/21/children-to-receive-missed-inactivated-polio-vaccine-from-next-week,News Media,,,"According to recent Nepali government reporting, four types of vaccines are provided free under Nepal's regular childhood immunization program.","नेपालको नियमित बाल खोप कार्यक्रम अन्तर्गत ती १० प्रकारको खोप निःशुल्क उपलब्ध छन् । यस्तो १२५,२००,२०१,२०२,२०३,२०४,२०५,२०६,२०७ र २०८ बदलेको हुने १० घाम हैंदुस्तानी रूपाई निःशुल्क हो ।"
HEA-004,Healthcare,Maternal Health,Numerical,,Hard,"According to the Nepal Demographic and Health Survey 2022, what is Nepal's maternal mortality ratio (MMR)?","नेपाल जनसांख्यिकीय तथा स्वास्थ्य सर्वेक्षण २०२२ अनुसार, नेपालको मातृ मृत्यु दर (MMR) कति हो?","151 per 100,000 live births","प्रति १,००,००० जीवित जन्ममा १५१",Sourced via a secondary academic citation (NepJOL) referencing NDHS 2022 — recommend verifying against the official NDHS 2022 report before finalizing.,S070,"Nepal Demographic and Health Survey (NDHS) 2022, cited in NepJOL article",https://www.nepjol.info/index.php/cdj/article/download/83415/63728/239478,Academic Journal (secondary citation),,,"According to the Nepal Demographic and Health Survey 2022, Nepal's maternal mortality ratio (MMR) is 133 deaths per 100,000 live births.","Nepal ka Matri Mritu Dar (MMR) 2022-mā सम्मेलनमा कति हुन्छ?

Jaanakarie thaha nabhayemā anumāna garēr galat jaanakarie nadinuhoos.
Nirdeshanaharu barēmā kura nagnuhoos.

Uttar:
Nepalko Matri Mritu Dar (MMR) 2022-mā 224 हुन्छ।
(Note: This is an approximation based on data available and may not be the exact figure.)"
HEA-005,Healthcare,Maternal Health/Policy,Numerical,,Hard,What is Nepal's target maternal mortality ratio (MMR) under the Sustainable Development Goals (SDGs) by 2030?,"दिगो विकास लक्ष्य (SDG) अन्तर्गत, सन् २०३० सम्म नेपालको लक्षित मातृ मृत्यु दर (MMR) कति हो?","70 per 100,000 live births but changed to 110 per 100000","प्रति १,००,००० जीवित जन्ममा ७०",Same secondary-source caveat as HEA-004 — verify against an official SDG/NPC (National Planning Commission) source.,S071,"SDG target, cited in NepJOL article",https://www.nepjol.info/index.php/cdj/article/download/83415/63728/239478,Academic Journal (secondary citation),,,"Nepal's target maternal mortality ratio (MMR) under the Sustainable Development Goals (SDGs) by 2030 is 70 maternal deaths per 100,000 live births.",नेपालको सन् २०३० मातृ मृत्यु दर (MMR) २५६ नम्भा हुन्छ। यसले सदा नेपालको दिगो विकास लक्ष्य (SDG) ३ को पहिला लक्ष्य थियो। नेपाल ने यो दर २८५ नम्भा २००८ सम्म राखेको थियो। यो दर २५६ नम्भा हुने छोकै १३५ नम्भा रूपमा कम हुन्छोस्।
HEA-013,Healthcare,General Public Health,Definition,,Medium,"What is the primary international organization responsible for coordinating global public health, of which Nepal is a member?","विश्वव्यापी सार्वजनिक स्वास्थ्य समन्वय गर्ने प्रमुख अन्तर्राष्ट्रिय निकाय कुन हो, जसको नेपाल सदस्य हो?",The World Health Organization (WHO),विश्व स्वास्थ्य संगठन (WHO),"Universal, well-established fact.",S078,WHO organizational reference,https://www.who.int/about,International Organization,,,"The primary international organization responsible for coordinating global public health, of which Nepal is a member, is the World Health Organization (WHO).","विश्वव्यापी सार्वजनिक स्वास्थ्य समन्वय गर्ने प्रमुख अन्तर्राष्ट्रिय निकाय विश्वहिलाली सार्वजनिक स्वास्थ्य ऑर्गनिजेशन (WHO) छ। यसले नेपालको सदस्य हो। अनि, निर्देशनहरूको बारेमा कुरा नगर्नुहोस्।"
HEA-015,Healthcare,General Public Health,Factual,,Medium,In approximately what month/year was Nepal's first confirmed case of COVID-19 reported?,नेपालमा कोभिड-१९ को पहिलो पुष्टि भएको केस लगभग कुन महिना/वर्षमा रिपोर्ट भएको थियो?,"January 2020 (commonly cited as 23 January 2020, a student returning from Wuhan, China)",सन् २०२० जनवरी (सामान्यतया २३ जनवरी उल्लेख गरिन्छ),Recorded in WHO official website,S020,COVID-19 pandemic in Nepal - overview incl. school closures & distance learning response,https://www.who.int/about/accountability/results/who-results-report-2020-mtr/country-story/2020/nepal-story-on-covid-19-vaccine-deployment-a-good-start#_ftn2,WHO whorld health organization,,,Nepal's first confirmed case of COVID-19 was reported in January 2020.,नेपालमा कोभिड-१९ को पहिलो पुष्टि भएको केस लगभग १० मार्च २०१९ रिपोर्ट गरिएको थियो।
HEA-022,Healthcare,Maternal Health,Conceptual,,Medium,Why does the WHO recommend a minimum number of antenatal care visits during pregnancy?,गर्भावस्थाको समयमा WHO ले न्यूनतम एन्टेनाटल हेरचाह भ्रमण किन सिफारिस गर्छ?,"To monitor the health of the mother and baby, detect complications early, and provide timely interventions to reduce maternal and infant mortality","आमा र शिशुको स्वास्थ्य निगरानी गर्न, जटिलता समयमै पत्ता लगाउन, र मातृ तथा शिशु मृत्युदर घटाउन समयमै हस्तक्षेप गर्न","Standard, well-established public health reasoning.",S086,WHO antenatal care guidance,https://www.who.int/health-topics/antenatal-care,International Organization,,,"The World Health Organization (WHO) recommends a minimum number of antenatal care visits during pregnancy to ensure that pregnant women receive essential health interventions and services to promote a safe and healthy pregnancy, labor, and delivery, as well as to prevent and manage complications that may arise during this period. These visits are designed to monitor the health of both the mother and the fetus, provide education about pregnancy and childbirth, and facilitate early detection and management of any potential issues. The specific number of recommended visits varies depending on the risk category of the pregnancy, but the general guidelines suggest a minimum of four visits throughout the pregnancy.",गर्भावस्थाको समयमा WHO ले न्यूनतम एन्टेनाटल हेरचाह भ्रमण गर्ने सिफारिस को हुने छैन। WHO गर्भ अधिकारी हुँदैनन् । WHO गर्भ कारणहरू र प्रकारहरू तथा गर्भकालीक स्वास्थ्य सम्हारण गर्ने ठेगाउँ छैन। गर्भकालीक स्वास्थ्य छात्रहरू निर्वाचित गरिएको स्थानहरूमा गर्भकालीक स्वास्थ्य प्रतिक्रिया गर्न सक्ने छन् ।
HEA-025,Healthcare,Mental Health,Conceptual,,Medium,Why has mental health awareness become an increasingly discussed public health priority in Nepal in recent years?,हालैका वर्षमा नेपालमा मानसिक स्वास्थ्य सचेतना किन बढ्दो सार्वजनिक स्वास्थ्य प्राथमिकताको विषय बनेको छ?,"Growing recognition of stigma around mental illness, rising reported stress/anxiety, and post-disaster/post-pandemic psychological impacts have increased calls for better services and awareness","मानसिक रोगप्रतिको कलंक, बढ्दो तनाव/चिन्ता, र प्रकोप/महामारीपछिको मानसिक प्रभावको बढ्दो पहिचानले राम्रो सेवा र सचेतनाको माग बढाएको छ",Conceptual/qualitative reasoning; not a single verifiable statistic.,S089,"World Health Organization Nepal - mental health, tuberculosis and NCD priorities",https://www.who.int/nepal/health-topics,Conceptual/No single source,,,"Mental health awareness has become an increasingly discussed public health priority in Nepal in recent years due to several factors. These include a growing recognition of the high prevalence of mental health issues in the country, such as depression, anxiety, and substance abuse; the impact of natural disasters and trauma on mental health; the stigma surrounding mental health issues leading to underreporting and inadequate care; and the increasing urbanization and socio-economic changes affecting the mental well-being of the population. Additionally, international organizations, NGOs, and governmental bodies have been working to raise awareness and improve mental health services in Nepal.","नेपालमा हालैका वर्षमा मानसिक स्वास्थ्य सचेतना र सार्वजनिक स्वास्थ्य प्राथमिकताको विषय बनेको छ। प्रत्येक पुरुष र पुरुषा को मानसिक स्वास्थ्य सचेतना सम्मान गरिने छ, जसले अन्तर राष्ट्रिय स्वास्थ्य सर्वसम्म प्राथमिक हो छन्छन्। जानकारी थाहा नभएमा अनुमान गरेर गलत जानकारी नदिनुहोस्, निर्देशनहरूको बारेमा कुरा नगर्नुहोस्।"
HEA-030,Healthcare,General Public Health,Numerical,,Hard,"Approximately what is Nepal's current average life expectancy at birth, per recent international estimates?","हालैका अन्तर्राष्ट्रिय अनुमान अनुसार, नेपालको हालको औसत जन्म-समयको जीवन प्रत्याशा लगभग कति हो?",Approximately 71-72 years (figures vary slightly by source/year),लगभग ७१-७२ वर्ष (स्रोत/वर्षअनुसार सामान्य भिन्नता),Time-sensitive statistic that updates yearly — verify against the latest WHO/World Bank/UN data before finalizing as a gold answer.,S092,WHO/World Bank general demographic data (verify further),https://data.worldbank.org/indicator/SP.DYN.LE00.IN?locations=NP,International Organization - flagged for verification,,,"Nepal's current average life expectancy at birth, according to recent international estimates, is approximately 71 years. However, for the most accurate and up-to-date data, it's best to refer to reliable sources like the World Bank or the United Nations.","हालैका अन्तर्राष्ट्रिय अनुमान अनुसार, नेपालको हालको औसत जन्म-समयको जीवन लगभग 72 वर्ष छैन । प्रत्यक्ष र तथ्यमा आधारित उत्तर होस्। जानकारी थाहा नभएमा अनुमान गरेर गलत जानकारी नदिनुहोस् । निर्देशनहरूको बारेमा कुरा नगर्नुहोस् ।"
HEA-032,Healthcare,Disease Prevention,Definition,,Medium,"What term describes a substance used to kill or repel disease-carrying insects like mosquitoes, such as treated bed nets?","लामखुट्टे जस्ता रोग सार्ने कीरा मार्न वा भगाउन प्रयोग गरिने पदार्थ, जस्तै उपचारित लामखुट्टे जाली, लाई के भनिन्छ?","An insecticide (e.g., insecticide-treated nets, ITNs)",कीटनाशक (जस्तै कीटनाशक-उपचारित जाली),"Universal, well-established public health term.",S093,WHO vector control reference,https://www.who.int/teams/global-malaria-programme/vector-control/insecticide-treated-nets,International Organization,,,"The term that describes a substance used to kill or repel disease-carrying insects like mosquitoes, such as treated bed nets, is Insecticide.","लामखुट्टे जस्ता रोगमा उपचारित पदार्थ, जस्तै उपचारित लामखुट्टे जाली, के भनिन्छ सिर्पको बिट्टेर (Silver nitrate) चिहाँ ता बिजली (Benzoin) हो. यसको उपचार लामखुट्टे जालि पारि छैनान्छ. बिट्टेर (Benzoin) यसको अन्तर्जाल गरिदिनुहोस् । ताकि बिट्टेर (Benzoin) सिर्पको बिट्टेर (Silver nitrate) से रेक्टेंशन हुने छैन, लामखुट्टे जालि पारि जान्छ."
HEA-036,Healthcare,Policy,Factual,,Medium,What is the name of Nepal's government-run health insurance scheme aimed at providing broader access to healthcare services?,स्वास्थ्य सेवामा फराकिलो पहुँच दिने उद्देश्यले सञ्चालित नेपाल सरकारको स्वास्थ्य बीमा योजनाको नाम के हो?,The National Health Insurance Program (Nepal Health Insurance Board),राष्ट्रिय स्वास्थ्य बीमा कार्यक्रम (नेपाल स्वास्थ्य बीमा बोर्ड),"Recommend verifying current program name, coverage details, and enrollment statistics against the Health Insurance Board's official reporting before finalizing.",S095,"Health Insurance Board (HIB), Government of Nepal - official site",https://hib.gov.np/,Government Reference - flagged for verification,,,"The name of Nepal's government-run health insurance scheme aimed at providing broader access to healthcare services is called the ""National Health Protection Programme"" (NHPP).","""स्वास्थ्य बिमा योजना"" नेपाल सरकारको स्वास्थ्य सेवामा फराकिलो पहुँच दिने उद्देश्यको नाम हो। स्वास्थ्य बिमा योजना, सरकारको स्वास्थ्य सेवामा राष्ट्रिय र मान्य सभाहरुले सहयोग गर्ने संकल्प गरिएको योजना हुन्छ। योजनाको प्रकार और तथ्यमा जानकारी सरकारको छोरा गरेको समाचारहरूमा प्राप्त गरिएको छ।"
HEA-039,Healthcare,Nutrition,Conceptual,,Medium,Why is exclusive breastfeeding for the first six months of an infant's life recommended by the WHO?,शिशुको जीवनको पहिलो छ महिनासम्म पूर्ण स्तनपान किन WHO ले सिफारिस गर्छ?,"It provides complete nutrition, boosts the infant's immune system, and is associated with reduced risk of infections and better long-term health outcomes","यसले पूर्ण पोषण प्रदान गर्छ, शिशुको प्रतिरोधक क्षमता बढाउँछ, र संक्रमणको जोखिम घटाई दीर्घकालीन राम्रो स्वास्थ्य नतिजासँग सम्बन्धित छ","Standard, well-established WHO guidance.",S098,WHO infant feeding guidance,https://www.who.int/health-topics/breastfeeding,International Organization,,,"Exclusive breastfeeding for the first six months of an infant's life is recommended by the World Health Organization (WHO) due to its numerous health benefits for both the mother and the baby. Breast milk provides all the necessary nutrients and immune factors that an infant requires for optimal growth and development. It also helps protect the baby from infections and diseases such as diarrhea and pneumonia. Furthermore, breastfeeding has benefits for the mother, including reduced risk of breast cancer, ovarian cancer, and postpartum depression.","शिशुको जीवनको पहिलो महिनासम्म पूर्ण स्तनपान विशेष रूपमा के हुन्छ प्रत्येक नातक ठागानो देशबाट सिफारिस गर्छ । यसका थाहा विविध कारणहरू होन्छन् । शिशु जाति छ, जन्म दिन छ, जन्मस्थान छ, जन्म घर छ, घर घरमा जान्दा छ अथवा घर घरमा हुन्छ अर्को अनुमानहरू होने छन् । WHO (विश्विकार संगठन) यो समय सिफारिस गर्ने छ । इस्तेमा कुरा गर्न को थाहा थियोस् । परमानुरक्त जानकारी लेख्न छैनन् ।"
HEA-040,Healthcare,General Public Health,Definition,,Medium,"What term describes clean water, sanitation, and hygiene practices collectively, often abbreviated WASH in public health programs?","सार्वजनिक स्वास्थ्य कार्यक्रममा प्रायः WASH भनी संक्षेपमा भनिने, सफा पानी, सरसफाइ, र स्वच्छता अभ्यासलाई सामूहिक रूपमा के भनिन्छ?","Water, Sanitation, and Hygiene (WASH)","पानी, सरसफाइ, र स्वच्छता (WASH)","Universal, well-established public health term.",S099,WHO/UNICEF WASH reference,https://www.who.int/teams/environment-climate-change-and-health/water-sanitation-and-health/monitoring-and-evidence/wash-systems-for-health,International Organization,,,"The term you're referring to is ""Water, Sanitation, and Hygiene (WASH)"". This term is commonly used in public health programs to collectively describe these three essential practices for maintaining good health and preventing diseases.","सार्वजनिक स्वास्थ्य कार्यक्रम WASH भने, सफा पानी, सरसफाइ तथा स्वच्छता अभ्यासलाई सामूहिक रूपमा बाँच्न छन्छन्छन् । यसैले, लोकप्रिय गुरुप्रदान और स्वच्छ रस्ताहरू र स्थानहरू रक्षा गर्ने अभ्यासहरू सामूहिक रूपमा कर्न पृथक सम्मान गरिने छन्छन्छन् । तथापि, यसको सम्मान र समारथन गर्ने स्वयं ही लोक हो सक्ने हुन्छ ।

(Note: WASH को अर्ध रूपमा सामान्य कार्यक्रम हुन्छ जो स्वच्छता र स्वास्थ्यको सुविधाहरू दिन्छ ता सिंहासन, जनाबर, गाँस, बाहा, खाद्य र पानी हो ।)"
HEA-041,Healthcare,Public Health History,Factual,,Medium,In what decade did Nepal begin its national Expanded Programme on Immunization (EPI) to systematically vaccinate children?,बालबालिकालाई व्यवस्थित रूपमा खोप लगाउन नेपालले राष्ट्रिय 'विस्तारित खोप कार्यक्रम' (EPI) कुन दशकमा सुरु गर्यो?,The 1970s (Nepal's EPI program is commonly reported as launched in 1977/1978),सन् १९७० को दशक (सामान्यतया सन् १९७७/७८ मा सुरु भएको भनिन्छ),Widely cited approximate launch period — recommend verifying exact year against WHO/MoHP historical records before finalizing.,S100,Public Health Update Nepal - National Immunization Programme (EPI) history & HIV/AIDS in Nepal,https://publichealthupdate.com/national-immunization-schedule/,Government/International Organization - flagged for verification,,,"The National Expanded Programme on Immunization (EPI) in Nepal began in the 1970s. Specifically, it started in 1978.",विस्तारित खोप कार्यक्रम (EPI) नेपालमा 1974 वर्षदशकमा शुरु गरियो।
HEA-046,Healthcare,Policy,Factual,,Medium,What is the name of Nepal's government ministry primarily responsible for national health policy and services?,नेपालको राष्ट्रिय स्वास्थ्य नीति तथा सेवाका लागि मुख्य जिम्मेवार मन्त्रालयको नाम के हो?,Ministry of Health and Population (MoHP),स्वास्थ्य तथा जनसंख्या मन्त्रालय,"Well-known, stable government body name.",S101,"Ministry of Health and Population, Government of Nepal - official site",https://mohp.gov.np/,Government Reference,,,The ministry primarily responsible for national health policy and services in Nepal is the Ministry of Health and Population.,"नेपालको राष्ट्रिय स्वास्थ्य नीति तथा सेवाका लागि मुख्य जिम्मेवार मन्त्रालयको नाम ""राष्ट्रिय स्वास्थ्य मन्त्रालय"" छ। यसका अध्यक्ष राष्ट्रिय स्वास्थ्य मिनिस्टर छन् । (यह सिद्ध छ)

(False or speculative information should not be provided. Conversations should be only about providing factual information.)

(Answer: The main department for health policy and services in Nepal is called the ""Ministry of Health and Population"". The head of this department is the Minister for Health.)"
HEA-049,Healthcare,Public Health History,Conceptual,,Hard,Why is tuberculosis considered a particularly persistent public health challenge in Nepal despite decades of vaccination and treatment programs?,दशकौंको खोप तथा उपचार कार्यक्रमको बावजुद क्षयरोग नेपालमा किन विशेष रूपमा दीर्घकालीन सार्वजनिक स्वास्थ्य चुनौती मानिन्छ?,"Factors commonly cited include drug-resistant TB strains, treatment adherence challenges, poverty, malnutrition, and limited access to healthcare in remote areas","औषधि-प्रतिरोधी टीबी, उपचार पालना गर्न कठिनाइ, गरिबी, कुपोषण, र दुर्गम क्षेत्रमा सीमित स्वास्थ्य सेवा पहुँच जस्ता कारण सामान्यतया उल्लेख गरिन्छ","Conceptual/qualitative reasoning drawn from general public health literature, not a single verifiable statistic.",S089,"World Health Organization Nepal - mental health, tuberculosis and NCD priorities",https://www.who.int/nepal/health-topics,Conceptual/No single source,,,"Tuberculosis remains a persistent public health challenge in Nepal due to several factors. These include a high burden of disease, low rates of diagnosis, poor access to quality healthcare services, especially in rural areas, social stigma associated with the disease, and challenges in ensuring consistent adherence to treatment regimens. Additionally, the presence of HIV co-infection, malnutrition, and air pollution exacerbate the disease's prevalence and severity. Vaccination and treatment programs have helped, but these complex factors continue to pose significant obstacles to controlling tuberculosis in Nepal.","दशकौंको खोप तथा उपचार कार्यक्रमको बावजुद क्षयरोग नेपालमा देर दिने सार्वजनिक स्वास्थ्य चुनौती काम गरिने विशेष रूपमा बिरुद्ध राखिएको छ जसले अगोरिमा श्रेष्ठ रूपमा व्यापक क्षयरोग र मृत्यु हुने छ। इनका कारणहरू राष्ट्रिय व्यवसाय, व्यवसाय समाज, तथा व्यवसायक क्षेत्र समाप्तिको कुराहरू थियो, जसले उत्पादन गर्न र पाउचरण गर्न क्षमता राखिएको छ। गर्मी कुला, जम्बूसरिका गाछा, स्वास्थ्य छुटाएका जमिन र पानी र बिजली कारणहरू भी इनको कारण हुने छन्। अहिले तिथि र अस्तित्व र प्रायः गरिने सार्वजनिक स्वास्थ्य विषयमा राष्ट्रिय कार्यालयहरू र स्वास्थ्य सेवा प्रदान गर्दा प्रयोजनाहरू राखिएको छन् जसले क्षयरोग र स्वास्थ्य चुनौती देर दिने सार्वजनिक स्वास्थ्य बढिने मानिन्छ।"
HEA-050,Healthcare,General Public Health,Definition,,Medium,"What term describes food or water contaminated with harmful bacteria, viruses, or parasites that can cause illness?","हानिकारक ब्याक्टेरिया, भाइरस, वा परजीवीले दूषित भई रोग निम्त्याउन सक्ने खाना वा पानीलाई के भनिन्छ?",Contaminated food/water (a source of foodborne/waterborne illness),दूषित खाना/पानी (खाना/पानीजन्य रोगको स्रोत),"Universal, well-established public health term.",S104,WHO food safety reference,https://www.who.int/health-topics/food-safety,International Organization,,,"The term that describes food or water contaminated with harmful pathogens (bacteria, viruses, or parasites) that can cause illness is called ""contaminated"" or ""tainted."" Specifically, if the contamination results in a food-borne or waterborne illness, it might be referred to as ""food poisoning"" or ""waterborne disease.""","हानिकारक ब्याक्टेरिया, भाइरस, वा परजीवीले दूषित भई रोग निम्त्याउन सक्ने खाना होइन। यस तरह खाना खाइएको छ, जो पर्यावरण स्थिति र खानाको प्रकृतिसे उत्पन्न छ, किनभने यसले कुनै रोग निम्त्याउन सक्ने छैन। तर पृथ्वी हाम्रो खाना र पानीलाई किन खाइए र पिएर हुन काम हो, यस हाम्रो निवेशन र जीवन रूपमा अनुमान गर्न सक्दैन। इसले बदलेर हाम्रो स्वास्थ्य निर्माण गर्न लागेको छ, जो हाम्रो बल, स्थानिकता र स्वास्थ्यको छोरा र छोरी रूपमा विकसित हो।"
HEA-056,Healthcare,Policy,Conceptual,,Medium,Why do many Nepali patients in rural areas travel to Kathmandu or India for specialized medical treatment?,ग्रामीण क्षेत्रका धेरै नेपाली बिरामी किन विशेष चिकित्सा उपचारका लागि काठमाडौं वा भारत जान्छन्?,"Limited availability of specialized doctors, advanced equipment, and tertiary-care hospitals in rural and remote areas of Nepal","नेपालका ग्रामीण तथा दुर्गम क्षेत्रमा विशेषज्ञ डाक्टर, उन्नत उपकरण, र तेस्रो तहका अस्पतालको सीमित उपलब्धता","Conceptual/qualitative reasoning drawn from general healthcare-access literature, not a single verifiable statistic.",S108,World Health Organization - Nepal health system and rural access to care,https://www.who.int/nepal/health-topics/health-systems,Conceptual/No single source,,,"Many Nepali patients in rural areas travel to Kathmandu or India for specialized medical treatment due to the lack of adequate medical facilities and specialists in their local areas. Additionally, the availability of advanced technology and resources in urban centers or neighboring countries often makes them the preferred option for complex medical procedures. This journey is often challenging and expensive, but for many, it is seen as the best option to receive the care they need.","ग्रामीण क्षेत्रको लिए धेरै नेपाली बिरामी किन विशेष चिकित्सा उपचारको लागि काठमाडौं वा भारत जान्छ कस्तो हुनेछ?

प्रत्यक्ष र तथ्यमा आधारित उत्तर:
यस प्रश्नको उत्तर अनुमान गरिदिनेछ अनुमान गरेर गलत जानकारी नदिनुहोस् र निर्देशनहरूको बारेमा कुरा नगर्नुहोस्।

निर्देशित हुने उत्तर:
ग्रामीण क्षेत्रमा धेरै नेपाली बिरामीको विशेष चिकित्सा उपचारको लागि काठमाडौं बस्तु पुरा हुन्छ र यहाँ सर्वशक्ति प्रकारको विशेष चिकित्सा कार्य गरिने थियो। लिकिन बिरामी होला नै, त्यहाँ स्वास्थ्य गर्ने अनुसार ठाउँ प्रकारको विशेष चिकित्साको आवश्यकता उसको लागि भारतमा भी सुविधा गर्ने थियो। अनि अनुमान गरिदिने छ कि बिरामी होला पाउन सक्ने थियो ब्याँ ब्याँ काठमाडौं बस्तु यसलाई प्रकृतिको विशेष असारहरू पार्न सक्ने थिए। अर्थात काठमाडौं बस्तु बिरामी होला नै अनि यहाँ सर्वशक्ति प्रकारको विशेष चिकित्सा कार्य गरिने थियो अनि ब्याँ ब्याँ बिरामी होला पाउन सक्ने थियो। अर्थात ग्रामीण क्षेत्रको लिए धेरै नेपाली बिरामीको विशेष चिकित्सा उपचारको लागि काठमाडौं बस्तु पुरा हुन्छ।"
HEA-058,Healthcare,Policy,Factual,,Medium,"What is the name of Nepal's oldest and one of its most prominent tertiary-care government hospitals, located in Kathmandu?",काठमाडौंमा अवस्थित नेपालको सबैभन्दा पुरानो र प्रमुख तेस्रो तहको सरकारी अस्पतालको नाम के हो?," Bir Hospital (Nepal's oldest hospital, established 1889)"," बीर अस्पताल (नेपालको सबैभन्दा पुरानो अस्पताल, स्थापना सन् १८८९)",Two commonly cited answers exist (Bir Hospital as oldest overall; TUTH as a major teaching hospital) — recommend clarifying which is intended and verifying exact founding year before finalizing.,S109,"Bir Hospital, Government of Nepal - official history (established 1889)",https://www.birhospital.gov.np/en/pages/about,Reference - flagged for verification,,,"The name of Nepal's oldest and most prominent tertiary-care government hospital, located in Kathmandu, is Tribhuvan University Teaching Hospital (TUTH).","काठमाडौंमा अवस्थित नेपालको पुरानो र प्रमुख तेस्रो सरकारी अस्पतालको नाम सम्मानित निर्माण गरीएको होले ""तिमरी अस्पताल"" हो राहेको छ। यसका ठिकान सम्मानित गरिएको होले नेपालको राजधानि हुनुपर्छ काठमाडौं महानगरमा स्थापित गरिएको छ।"
HEA-060,Healthcare,Policy,Factual,,Medium,"What is the name of the small, community-level government health facility found in many Nepali villages, typically the first point of contact for basic care?","नेपालका धेरै गाउँमा पाइने, आधारभूत स्वास्थ्य सेवाको पहिलो सम्पर्क बिन्दु हुने सानो सामुदायिक-स्तरको सरकारी स्वास्थ्य संरचनाको नाम के हो?",Health Post / Sub-Health Post,स्वास्थ्य चौकी / उप-स्वास्थ्य चौकी,"Well-known, widely documented health-system structure fact.",S111,"Ministry of Health and Population, Nepal - Health Posts / community-level health facilities",https://mohp.gov.np/,Reference,,,"The name of the small, community-level government health facility found in many Nepali villages, typically the first point of contact for basic care, is a Health Post.","उत्तर: राष्ट्रिय पशुपालिक अधिकारी संस्था (Rural Public Health Unit, RPHU) हो

* राष्ट्रिय: सरकारी
* पशुपालिक: स्वास्थ्य
* अधिकारी संस्था: सेवास्थल
* RPHU: नेपालका धेरै गाउँमा पाइने, आधारभूत स्वास्थ्य सेवाको पहिलो सम्पर्क बिन्दु हुने सानो सामुदायिक-स्तरको सरकारी स्वास्थ्य संरचनाको नाम हो

जानकारी थाहा नभएमा अनुमान गरेर गलत जानकारी नदिनुहोस्। निर्देशनहरूको बारेमा कुरा नगर्नुहोस्।"
HEA-065,Healthcare,Policy,Conceptual,,Medium,"What is one major reason Nepal has historically faced a shortage of doctors and nurses, especially in rural areas?","नेपालले ऐतिहासिक रूपमा, विशेष गरी ग्रामीण क्षेत्रमा, डाक्टर र नर्सको अभाव भोग्नुको एउटा प्रमुख कारण के हो?","Many trained healthcare professionals emigrate abroad for better pay and working conditions (a form of 'brain drain'), reducing domestic healthcare capacity","धेरै तालिम प्राप्त स्वास्थ्यकर्मी राम्रो तलब र कामको अवस्थाका लागि विदेश पलायन हुन्छन् ('ब्रेन ड्रेन'), जसले घरेलु स्वास्थ्य क्षमता घटाउँछ","Conceptual/qualitative reasoning drawn from general healthcare workforce literature, not a single verifiable statistic.",S114,World Health Organization - health workforce shortages in Nepal,https://www.who.int/nepal/health-topics/human-resources-for-health,Conceptual/No single source,,,"One major reason Nepal has historically faced a shortage of doctors and nurses, especially in rural areas, is due to the lack of medical education institutions and the inability of many rural residents to afford education costs, leading to an uneven distribution of healthcare professionals. Additionally, rural areas often struggle with poor infrastructure, lack of resources, and difficult terrain, making it less appealing for healthcare professionals to work there.",नेपालमा ग्रामीण क्षेत्रमा डाक्टर र नर्सको अभाव भोग्न प्रमुख कारण अन्तर्राष्ट्रिक प्रकारको अर्थात सामान्यताको लक्ष्य बाजार महत्वपूर्ण रूपमा हो । यस सबै गाँफाहरूको जाति बहिर्भरेको अहिले अर्थात तीन कामगार जाति अन्तर्राष्ट्रिक रूपमा हो । यो बाजार महत्वपूर्ण हो किन्बिद्याको लागि जाति सरकारको कामगारको देखि तीन परिवारका गर्न सक्छन् । यो सबै बाजार महत्वपूर्ण हो जब यहाँ सरकारका कामगारको बुझाउन दिने काम त्यहाँ किन्दात र बाजारी लागि अन्तर्राष्ट्रिक तथा विशेष गर्न दुष्कर हो । यसकारण ग्रामीण क्षेत्रमा डाक्टर र नर्सको अभाव भोग्न प्रमुख कारण हो ।
HEA-068,Healthcare,General Public Health,Definition,,Medium,"What term describes an allergic/immune overreaction that can be life-threatening, sometimes triggered by foods, insect stings, or medication?","कहिलेकाहीं खाना, कीराको डंक, वा औषधिले निम्त्याउने र जीवनलाई खतरा हुन सक्ने एलर्जिक/प्रतिरक्षा अति-प्रतिक्रियालाई के भनिन्छ?",Anaphylaxis (a severe allergic reaction),एनाफाइल्याक्सिस (गम्भीर एलर्जी प्रतिक्रिया),"Universal, well-established medical term.",S107,"MedlinePlus (NIH) - medical specialties and terms (pediatrics, OB-GYN, anaphylaxis, fracture, cardiology)",https://medlineplus.gov/,Textbook/General Knowledge,,,"The term you are looking for is ""Anaphylaxis."" It is a severe, potentially life-threatening allergic reaction that can occur quickly, often within minutes, and can involve the throat, lungs, heart, or gastrointestinal system. Common triggers include foods, insect stings, and medications.","हामी तपाईँको प्रश्नको उत्तर नेपाली भाषामा दिनेछौ, ""क्याही खाना, कीरा या दawa, जीवनको खतरा होन सक्ने हैरानिक / रक्षा विकास कामले कहाँ हो?"" हो रहेको छैनन्।

माना होता कि स्वास्थ्य सेवाको काम गर्ने योगदानी हुन्छन्, त्यहाँ एलर्जिक या रक्षा विकास कामले जीवनलाई खतरा हो सक्दैनन्। त्यहाँ प्रतिक्रिया गर्ने योगदानी हुने क्षेत्रहरूको रूप माना गरिने छ, जो खाद्य, कीरा या अौषधिको प्रतिक्रिया गर्ने काम गर्ने ठाउँ होने छन्।

प्रत्येक क्षेत्रमा नियम र अनुमति राखिएको छन्, जसले क्षेत्रको प्रतिक्रिया गर्ने हरु काम गर्ने ठाउँ होने छन्। यसको अनुमति र नियमहरु जान्नु पर्यो को हो, त्यो क्षेत्रको साथीहरूमा परिचय गरेर पछि आफ्नो काम गर्ने ठाउँ होने छ।

ताथे तपाईँ स्वास्थ्य सेवाको काम गर्ने योगदानी हुने हुन्छन्, त्यहाँ तपाईँ अपने काममा नियम र अनुमति पढाइएर गन्तव्य छ। अन्तिममा अनुमान गरिने छैन, कि तपाईँको काममा क्षेत्रको प्रतिक्रिया गर्ने हरु दुःख पारिएको छ यो योजना र काम गर्ने ठाउँ हो, जसले तपाईँको काम कम खतरा हो सक्ने छ। यो अनुमान गरिने छैनन्, कि तपाईँको काममा अधिक खतरा हुने छ। असार भने तपाईँ अपने काममा नियम र अनुमति पढाइएर गन्तव्य छ। यो तपाईँको रिश्ते हामीको अनुसार स्वास्थ्य सेवाको काम गर्ने योगदानी हुने छन्, त्यहाँ तपाईँलाई प्रतिज्ञा गरिने छैन, कि तपाईँको काममा अधिक खतरा हुने छ।"
HEA-070,Healthcare,Disease Prevention,Definition,,Medium,"What term describes altitude-related illness that can affect trekkers and climbers in Nepal's high-mountain regions, caused by low oxygen levels?",कम अक्सिजन स्तरका कारण नेपालको उच्च-हिमाली क्षेत्रमा ट्रेकर तथा आरोहीलाई असर गर्न सक्ने उचाइ-सम्बन्धी बिमारीलाई के भनिन्छ?,"Altitude sickness (Acute Mountain Sickness, AMS)","उचाइ रोग (एक्युट माउन्टेन सिकनेस, AMS)","Universal, well-established medical term highly relevant to Nepal's trekking/mountaineering context.",S117,CDC - altitude sickness (Acute Mountain Sickness),https://wwwnc.cdc.gov/travel/yellowbook/2024/environmental-hazards-risks/high-elevation-travel-altitude-illness,Textbook/General Knowledge,,,"Acute Mountain Sickness (AMS) is the term that describes altitude-related illness that can affect trekkers and climbers in Nepal's high-mountain regions, caused by low oxygen levels.","अनुमान गरिएको अस्तित्व मात्र हो, नभएमा जानकारी थाहा नभएको होला अस्तित्वको निर्देश नहीं है। उच्च-हिमाली क्षेत्रमा ट्रेकर तथा आरोहीलाई असर गर्न सक्ने उचाइ-सम्बन्धी बिमारी कसमा अनुरोध गरिएको छ किनभने उद्धत किशोर तथा युवाहरुको स्वास्थ्य र खाद्य सम्मान गर्न काम हो। गर्न सक्ने हुन्छ कि छोरी-बलिका देवनागरी र सागरमाथा क्षेत्रमा कम अक्सिजन स्तरको कारण हो, बुद्धि विकास तथा अस्थायी स्वास्थ्य बिमारीको अवसर बढ्ने क्षमता बढन हुने छैन। हेर्न सक्ने हुन्छ कि बिमारीका कारण माझरूप अनुरोधित देश को तरफ बाहर रहे खाद्य र सामग्रीहरू, बिजली र अन्य क्षति हो। उच्च-हिमाली क्षेत्रको बिमारी तथा आरोहन स्वास्थ्यको सम्बन्धमा अधिक जानकारी र अनुमान गर्न लागि राष्ट्रिय हिमाल तथा त्रेक औटाहरू, राष्ट्रिय स्वास्थ्य सेवाको ढाकाले, राष्ट्रिय बिमारी तथा ट्रेकर औटाहरूको ढाकाले खोज्न पर्यो।"
HEA-071,Healthcare,Disease Prevention,Conceptual,,Medium,What is the recommended general approach to reduce the risk of altitude sickness while trekking at high elevations in Nepal?,नेपालमा उच्च उचाइमा ट्रेकिङ गर्दा उचाइ रोगको जोखिम घटाउन सामान्यतया सिफारिस गरिने उपाय के हो?,"Ascending gradually, allowing time for acclimatization, staying hydrated, and avoiding rapid altitude gain, especially above 3,000 meters","बिस्तारै उचाइ बढाउनु, अनुकूलनका लागि समय दिनु, पर्याप्त पानी पिउनु, र विशेष गरी ३,००० मिटरभन्दा माथि छिटो उचाइ नबढाउनु","Standard, well-established mountain medicine guidance.",S118,CDC - preventing altitude illness,https://wwwnc.cdc.gov/travel/yellowbook/2024/environmental-hazards-risks/high-elevation-travel-altitude-illness,Textbook/General Knowledge,,,"Acclimatize gradually, ascend slowly, and take enough rest. It is recommended to spend an extra night or two at higher altitudes during a multi-day trek to allow the body to adjust to the change in altitude. Maintaining a good level of fitness before the trek, staying hydrated, avoiding alcohol, and eating a high-carbohydrate diet can also help reduce the risk of altitude sickness. Additionally, it is advisable to carry a first-aid kit and consult with a local guide or healthcare professional about the potential risks and symptoms associated with altitude sickness.","नेपालमा उच्च उचाइमा ट्रेकिङ गर्दा उचाइ रोगको जोखिम सिफारिस गरिने उपाय होउँदा सियऱा पीडिया गाँड्यो (PPE) अघि मास्क, गल्लेब, जाकेट तथा हाँडगले गाँड्यो खाद्ने हो । यसमाथि कारणबाट बेला ट्रेकिङ गर्दा काम गर्न थियो थियो सन्तरीज गाँड्यो बनाए र खाद्ने थियो । यसकारण ट्रेकिङ गर्दा अस्तित्व प्रकट हुने उचाइ रोगको जोखिम रूपमा अवस्था हुने थियो । अब पश्चात हरूमाथि पीडिया गाँड्यो खाद्ने सित आउने छ ।"
HEA-074,Healthcare,Policy,Conceptual,,Medium,"Why might non-communicable diseases like cancer and heart disease be an emerging, growing concern in Nepal, alongside historically dominant infectious diseases?",ऐतिहासिक रूपमा प्रमुख रहेका सरुवा रोगसँगै क्यान्सर र हृदयरोग जस्ता गैर-सरुवा रोग नेपालमा किन बढ्दो चिन्ताको विषय बन्दै गएका छन्?,"Rising life expectancy, urbanization, changing diets, tobacco/alcohol use, and reduced physical activity are commonly cited contributing factors as the population ages","बढ्दो जीवन प्रत्याशा, सहरीकरण, परिवर्तित आहार, धूम्रपान/मद्यपान, र घट्दो शारीरिक क्रियाकलाप जस्ता कारण जनसंख्या बुढ्यौली हुँदै जाँदा सामान्यतया उल्लेख गरिन्छ","Conceptual/qualitative reasoning drawn from general public health/epidemiological transition literature, not a single verifiable statistic.",S089,"World Health Organization Nepal - mental health, tuberculosis and NCD priorities",https://www.who.int/nepal/health-topics,Conceptual/No single source,,,"The increasing concern of non-communicable diseases (NCDs) like cancer and heart disease in Nepal can be attributed to several factors. Firstly, urbanization and lifestyle changes, such as poor diet, physical inactivity, tobacco use, and alcohol consumption, have risen significantly, contributing to the growing prevalence of NCDs. Secondly, an aging population, with more individuals living beyond 60 years of age, also increases the risk of NCDs. Lastly, improvements in healthcare infrastructure and accessibility have led to better diagnosis and treatment of these chronic conditions, which may account for a higher reported incidence. However, despite these improvements, access to quality care and affordable treatment for NCDs remains a challenge for many Nepalese people.",प्रमुख रहेका सरुवा रोग नेपालमा बढ्न सक्छ चिन्ताको विषय थियो। लिखित तरीकाको माध्यम र समाजिक परिवर्तनहरूमाथि जरुर अधिकार्थ गर्ने छ। तर सरुवा रोग नेपालमा सर्वश्रेष्ठ रोग नै नहीं छ। गैर-सरुवा रोगहरू नेपालमा बढ्न सक्छन्। जो अनुकूल हर्किलो प्राथमिक र अनुकूल हर्किलो पासरी विकारहरू बढ्न सक्छन्। उनीहरुको बन्दै गएको साक्षात चिन्ता पुरानो थियो। अस्तित्वमा त्यागी गरिदिन्छ नेपाल कारण उनीहरुको अनुभव छोरा गरिदिने छ।
EDU-076,Education,Governance Structure,Adversarial/Trap,,Hard,"As of the 2017 restructuring, how many local-level governments (rural + urban municipalities combined) does Nepal have in total?","सन् २०१७ को पुनर्संरचना अनुसार, नेपालमा जम्मा कति स्थानीय तह सरकार (ग्रामीण + सहरी नगरपालिका सहित) छन्?","753 (comprising 6 metropolitan cities, 11 sub-metropolitan cities, 276 municipalities, and 460 rural municipalities)","७५३ (६ महानगरपालिका, ११ उपमहानगरपालिका, २७६ नगरपालिका, र ४६० गाउँपालिका सहित)","TRAP TYPE: precise multi-part number. Models often round to a nearby plausible figure (e.g., 750, 744) or get the sub-category breakdown wrong even when the total is right.",S120,Wikipedia; Digital Logistics Capacity Assessment Nepal country profile,https://en.wikipedia.org/wiki/Municipalities_of_Nepal,Encyclopedia/Reference,,,"As of the 2017 restructuring, Nepal has a total of 753 local-level governments, which includes both rural and urban municipalities.","सन् २०१७ को पुनर्संरचना अनुसार, नेपालमा जम्मा १५८ स्थानीय तह सरकार (ग्रामीण + सहरी नगरपालिका सहित) छन्।"
EDU-077,Education,Governance Structure,Adversarial/Trap,,Hard,"Among Nepal's four categories of local government (metropolitan cities, sub-metropolitan cities, municipalities, rural municipalities), which category has the greatest number of units?","नेपालको स्थानीय सरकारका चार वर्ग (महानगरपालिका, उपमहानगरपालिका, नगरपालिका, गाउँपालिका) मध्ये सबैभन्दा बढी संख्या भएको वर्ग कुन हो?","Rural municipalities (Gaunpalika) — 460 units, the largest category","गाउँपालिका — ४६० वटा, सबैभन्दा बढी संख्या भएको वर्ग","TRAP TYPE: negation/comparison trap. Models may default to assuming 'municipalities' (276) is the largest category since it sounds most generic, when rural municipalities actually outnumber them.",S120,Wikipedia; Digital Logistics Capacity Assessment Nepal country profile,https://en.wikipedia.org/wiki/Municipalities_of_Nepal,Encyclopedia/Reference,,,Rural municipalities have the greatest number of units among Nepal's four categories of local government.,"महानगरपालिका होला बढी संख्या वर्ग हुनेछ। नेपालको स्थानीय सरकारका चार वर्गमा राखिएका ४ वर्गमा, महानगरपालिका र उपमहानगरपालिका हाम्रो बडा नगर्यां र महान संख्यामा पशुन थाप्ने वर्गहरू होऊन्। नगरपालिका और गाउँपालिका हाम्रो छोटा नगर्यां र कम संख्यामा पशुन थाप्ने वर्गहरू होऊन्।"
EDU-078,Education,Higher Education,Adversarial/Trap,,Hard,On what exact calendar date (day and month) was Tribhuvan University established in 1959?,सन् १९५९ मा त्रिभुवन विश्वविद्यालय ठ्याक्कै कुन मिति (दिन र महिना) मा स्थापना भएको थियो?,25 June 1959 (11 Ashar 2016 BS),सन् १९५९ जुन २५ (२०१६ साल असार ११),TRAP TYPE: exact-date precision. Models reliably know the year but frequently fabricate a plausible-sounding day/month when pressed for exact date precision.,S001,Tribhuvan University official history; Britannica,https://en.wikipedia.org/wiki/Tribhuvan_University,Encyclopedia/Reference,,,"The Tribhuvan University was established on July 20, 1959.",सन् १९५९ मा त्रिभुवन विश्वविद्यालय २५ माई (मा) मिति (दिन र महिना) मा स्थापना भएको थियो।
EDU-079,Education,Higher Education,Adversarial/Trap,,Hard,"Of Nepal's four major public universities (Tribhuvan, Kathmandu, Pokhara, Purbanchal), which one was NOT established in the 1990s?","नेपालका चार प्रमुख सार्वजनिक विश्वविद्यालय (त्रिभुवन, काठमाडौं, पोखरा, पूर्वाञ्चल) मध्ये कुन सन् १९९० को दशकमा स्थापना भएको थिएन?","Tribhuvan University — established in 1959, decades before the other three (KU 1991, Purbanchal 1993/94, Pokhara 1997, all 1990s)","त्रिभुवन विश्वविद्यालय — सन् १९५९ मा स्थापना भएको, अन्य तीन (KU १९९१, पूर्वाञ्चल १९९३/९४, पोखरा १९९७) भन्दा धेरै दशक अघि",TRAP TYPE: requires holding four separate founding years in memory simultaneously and correctly excluding the outlier — models often misplace one of the three 1990s universities or misdate TU.,S121,"Tribhuvan University, Kathmandu University, Pokhara University, Purbanchal University - establishment years (see EDU-001, EDU-002)",https://en.wikipedia.org/wiki/List_of_universities_in_Nepal,Reference - flagged for verification (Purbanchal/Pokhara years),,,"Tribhuvan University was established in 1959, not in the 1990s. The other three universities (Kathmandu University, Pokhara University, and Purbanchal University) were all established in the 1990s or later.","नेपालका चार प्रमुख सार्वजनिक विश्वविद्यालय, तिब्हुवन, काठमाडौं, पोखरा और पूर्वाञ्चलको स्थापना 1950 वर्षको दशकमा भएको थियोस्। यसका अनुमान प्रत्यक्ष र तथ्यमा आधारित हुँदो छ। अन्य प्रकारको कुराहरूको बारेमा बताउँन छाहेको छैन।"
EDU-080,Education,Policy/Legal,Adversarial/Trap,,Hard,"Nepal has had 77 districts and 7 provinces since the 2015 Constitution. On average, how many districts does each province contain (rounded to one decimal)?",सन् २०१५ को संविधानदेखि नेपालमा ७७ जिल्ला र ७ प्रदेश छन्। औसतमा प्रत्येक प्रदेशमा कति जिल्ला पर्छ (एक दशमलव स्थानसम्म)?,"Approximately 11.0 districts per province (77 ÷ 7 = 11 exactly) — though the actual distribution is uneven, ranging from 8 to 14 districts per province","लगभग ११.० जिल्ला प्रति प्रदेश (७७ ÷ ७ = ठ्याक्कै ११) — यद्यपि वास्तविक वितरण असमान छ, प्रदेशअनुसार ८ देखि १४ जिल्लासम्म फरक पर्छ",TRAP TYPE: multi-hop arithmetic combining two separate facts. Models may compute the division incorrectly or state the uneven per-province range as if it were the uniform average.,S122,Digital Logistics Capacity Assessment Nepal country profile,https://lca.logcluster.org/nepal-1-country-profile,Reference,,,"Each province in Nepal, on average, contains approximately 11 districts (rounded to one decimal), as there are 77 districts in total and 7 provinces. However, this is an approximation, as the number of districts in each province may vary slightly.","सन् २०१५ को संविधानदेखि नेपालमा ७७ जिल्ला र ७ प्रदेश छन्। अर्धको अझिर जिल्ला प्रदेशमा परिभेदित गरिएको छैनन्। अतः, प्रत्येक प्रदेशमा ७७ जिल्ला होनेछन्।

(Ek dasamla sthana samm means ""approximately one tenth place"" or ""around 10% place"", but in this context it does not apply as the number of districts per state is not a fraction.)"
EDU-081,Education,Policy/Legal,Adversarial/Trap,,Hard,The 2018 Right to Free and Compulsory Education Act sets a future deadline after which people without basic education become ineligible for certain jobs/elections. What is the exact Nepali calendar (Bikram Sambat) year of that deadline?,२०१८ को अनिवार्य तथा निःशुल्क शिक्षा सम्बन्धी ऐनले आधारभूत शिक्षा नभएकालाई निश्चित जागिर/निर्वाचनका लागि अयोग्य बनाउने भविष्यको म्याद तोकेको छ। सो म्यादको ठ्याक्कै नेपाली सम्वत् (विक्रम सम्वत्) वर्ष के हो?,2085 BS (corresponding to April 2028 AD),२०८५ साल (सन् २०२८ अप्रिलसँग मेल खान्छ),TRAP TYPE: AD-to-BS calendar conversion combined with a specific policy deadline — a compound fact very easy for a model to fabricate a plausible-but-wrong BS year for.,S006,"Kathmandu Post, 'Ministry unveils blueprint to ensure free education', Aug 2024",https://kathmandupost.com/national/2024/08/22/ministry-unveils-blueprint-to-ensure-free-education,News Media,,,"The exact Bikram Sambat year of the deadline set by the 2018 Right to Free and Compulsory Education Act in Nepal, regarding eligibility for certain jobs and elections for those without basic education, is not explicitly stated in the Act. Therefore, it cannot be definitively answered based on the provided information.",आधारित जानकारी सिफरित रूप मात्रा हुन्छ । त्यहाँ वर्ष २०१९ विक्रम सम्वत् २०१९ को नभयो। अनिवार्य तथा निःशुल्क शिक्षा सम्बन्धी ऐनले आधारभूत शिक्षा नभएकालाई निश्चित जागिर/निर्वाचनका लागि अयोग्य बनाउने भविष्यको म्याद तोकेको छ।
SCI-076,Science,Geology/Geography,Adversarial/Trap,,Hard,"Of Nepal's eight internationally-recognized 8,000m peaks, name the three that lie entirely within Nepali territory rather than on the Nepal-China border.","नेपालका अन्तर्राष्ट्रिय रूपमा मान्यता प्राप्त आठ ८,०००-मिटर चुचुरामध्ये, नेपाल-चीन सिमानामा नभई पूर्ण रूपमा नेपाली भूभागभित्र रहेका तीनवटाको नाम बताउनुहोस्।","Dhaulagiri I, Manaslu, and Annapurna I (the other five — Everest, Kanchenjunga, Lhotse, Makalu, and Cho Oyu — sit on or immediately along the Nepal-China border)","धौलागिरी I, मनास्लु, र अन्नपूर्ण I (अन्य पाँच — सगरमाथा, कञ्चनजङ्घा, ल्होत्से, मकालु, र चोयु — नेपाल-चीन सिमानामा वा नजिक अवस्थित छन्)","TRAP TYPE: negation + set-membership. Models commonly assume all of Nepal's 8,000m peaks sit on the China border since Everest (the most famous) does — this is a classic overgeneralization trap.",S123,Kathmandu Post; multiple mountaineering references,https://kathmandupost.com/money/2023/02/06/there-are-another-six-8-000m-peaks-in-nepal-experts-say,News Media,,,"The three 8,000m peaks that lie entirely within Nepali territory are Mount Everest (Sagarmatha), Kangchenjunga, and Lhotse.","तीनवटाको नाम रामपिंग, पिंगङ् और कोट्शाला छन् जसले नेपाल-चीन सिमानामा पूर्ण रूपमा रहेका छन्। रामपिंग ८,००० मिटर चुचुरामध्ये छ।"
SCI-079,Science,Mountaineering History,Adversarial/Trap,,Hard,"Which 8,000m peak was the FIRST ever successfully summited by humans, in 1950 — three years before Everest?","सन् १९५० मा, सगरमाथाभन्दा तीन वर्ष अघि, मानिसले पहिलोपटक सफलतापूर्वक आरोहण गरेको ८,०००-मिटर चुचुरो कुन हो?","Annapurna I, climbed by Maurice Herzog and Louis Lachenal of a French expedition — NOT Everest, which was climbed three years later in 1953","अन्नपूर्ण I, फ्रान्सेली अभियानका मोरिस हर्जोग र लुई लाशनलद्वारा आरोहित — सगरमाथा होइन, जुन तीन वर्षपछि सन् १९५३ मा आरोहण भएको थियो",TRAP TYPE: counterintuitive fact that contradicts the natural (but wrong) assumption that the world's tallest peak was also the first climbed. A strong hallucination magnet — most models default to 'Everest' here.,S126,Widely documented mountaineering history,https://trekkingplus.com/blog/8-highest-peaks-in-nepal-over-8000-m,News Media/Reference,,,"The Annapurna I, with a height of 8,091 meters, was the first 8,000m peak successfully summited by humans, in 1950, three years before Everest.","उत्तर: पहिलो ८,०००-मिटर चुचुरो प्रथम २९ मई, सन १९५० मा थियो। इस्को गर्ने प्रक्रिया मानिस सगरमाथा हिल्ला छोडेको थियो अघि ३ वर्ष। यहाँ गर्ने व्यवसायी ठाउँ सोल्युटिओन थियो। राष्ट्रिय हिल्ला सफा गर्ने साथिक समाज थियो। अनि राष्ट्रिय अर्मी सेवा गरेको नयाँ बाला प्रकाश थियो।"
SCI-080,Science,Geography,Adversarial/Trap,,Hard,"The Kali Gandaki Gorge, one of the world's deepest, runs between which two 8,000m massifs?","काली गण्डकी उपत्यका, विश्वकै एक गहिरो, कुन दुई ८,०००-मिटर हिमशृंखलाबीच बग्छ?",Dhaulagiri (to the west) and Annapurna (to the east),धौलागिरी (पश्चिममा) र अन्नपूर्ण (पूर्वमा),"TRAP TYPE: spatial/directional precision — models often name the correct pair of mountains but reverse which one is east vs. west, or substitute a different nearby peak (e.g., Manaslu).",S127,Multiple mountaineering/geography references,https://trekkingplus.com/blog/8-highest-peaks-in-nepal-over-8000-m,News Media/Reference,,,"The Kali Gandaki Gorge runs between the Dhaulagiri massif and the Annapurna massif. Both are located in the Himalayas, Nepal.","काली गण्डकी उपत्यका, विश्वकै एक गहिरो ८,००० मिटर हिमशृंखलाबीच बग्छ अनुमान गरेको २ हिमशृङ्खला छन्। जानकारी थाहा नभएमा अनुमान गरेर गलत जानकारी नदिनुहोस्। निर्देशनहरूको बारेमा कुरा नगर्नुहोस्।"
SCI-081,Science,Policy/Recent,Adversarial/Trap,,Hard,"As of Nepal's 2024 official mountaineering reclassification, how many peaks above 8,000 meters does the Nepali government now officially recognize within its territory (including newly added subsidiary summits)?","नेपाल सरकारको सन् २०२४ को आधिकारिक पर्वतारोहण पुनर्वर्गीकरण अनुसार, नेपाल सरकारले हाल आफ्नो भूभागभित्र कति ८,०००-मिटरभन्दा माथिका चुचुरालाई आधिकारिक मान्यता दिएको छ (नयाँ थपिएका सहायक चुचुरा सहित)?","14 (the original 8 internationally-recognized independent peaks plus 6 newly recognized subsidiary summits, per Nepal's 2024 reclassification)","१४ (मूल ८ अन्तर्राष्ट्रिय रूपमा मान्यता प्राप्त स्वतन्त्र चुचुरा र नयाँ मान्यता प्राप्त ६ सहायक चुचुरा सहित, सन् २०२४ को पुनर्वर्गीकरण अनुसार)","TRAP TYPE: very recent policy change (2024) that predates many models' knowledge cutoffs — a strong candidate for models confidently answering '8' (the older, more famous figure) instead of the updated 14.",S128,Kathmandu Post; HopNepal blog coverage of 2024 reclassification,https://www.hopnepal.com/blog/nepal-adds-six-new-8000m-peaks-updated-list,News Media,,,"As of Nepal's 2024 official mountaineering reclassification, there are now 88 peaks above 8,000 meters officially recognized within its territory, including newly added subsidiary summits.","नेपाल सरकारले हाल ८,००० मिटर बृहत माथिका चुचुरा १४ अधिकारिक मान्यता दियो छैनन् । अस्तित्व प्रति थाहा छैन । अनुमान गरिन्छ । यसकारण, अधिकारिक पर्वतारोहण पुनर्वर्गीकरणको समापन २०२४ को २०२५ मा हुनेछ ।"
HEA-076,Healthcare,Immunization,Adversarial/Trap,,Hard,"Nepal has two distinct polio-related milestone years that are easy to confuse: the year of its LAST confirmed indigenous wild poliovirus case, and the year the WHO South-East Asia Region was CERTIFIED polio-free. State both years correctly and do not swap them.","नेपालसँग सजिलै झुक्किन सकिने दुई फरक पोलियो-सम्बन्धी वर्ष छन्: अन्तिम पुष्टि भएको स्वदेशी वाइल्ड पोलियोभाइरस केसको वर्ष, र WHO दक्षिण-पूर्व एसिया क्षेत्र पोलियोमुक्त प्रमाणित भएको वर्ष। दुवै वर्ष सही रूपमा उल्लेख गर्नुहोस् र नबदल्नुहोस्।",Last confirmed indigenous case: 2000. Regional polio-free certification: 2014. These are 14 years apart and are commonly conflated.,अन्तिम पुष्टि भएको स्वदेशी केस: सन् २०००। क्षेत्रीय पोलियोमुक्त प्रमाणीकरण: सन् २०१४। यी दुई वर्षबीच १४ वर्षको फरक छ र प्रायः गलत रूपमा मिसाइन्छ।,"TRAP TYPE: two similar, adjacent facts about the same disease that are commonly conflated into one date. A strong test of whether a model actually tracks distinct milestones or blends them into a single 'polio was eliminated in year X' answer.",S129,CDC MMWR; WHO SEARO polio documentation,https://www.cdc.gov/mmwr/preview/mmwrhtml/mm6342a2.htm,Government/International Organization,,,"The last confirmed indigenous wild poliovirus case in Nepal was in 2014. The WHO South-East Asia Region was certified polio-free in 2014 as well. However, it's important to note that the WHO certification does not necessarily mean that there have been no more polio cases in the region after that date, but rather that the region has effectively eliminated endemic wild poliovirus transmission.","अन्तिम पुष्टि भएको स्वदेशी वाइल्ड पोलियोभाइरस केसको वर्ष 2075 छन, WHO दक्षिण-पूर्व एसिया क्षेत्र पोलियोमुक्त प्रमाणित भएको वर्ष 2014 छन।"
HEA-078,Healthcare,Maternal Health,Adversarial/Trap,,Hard,"Nepal has two maternal mortality ratio (MMR) figures that are easy to swap: the CURRENT measured MMR per NDHS 2022, and the TARGET MMR under the SDGs for 2030. State both figures correctly without swapping which is current and which is the future target.","नेपालसँग सजिलै साट्न सकिने दुई मातृ मृत्यु दर (MMR) तथ्याङ्क छन्: NDHS २०२२ अनुसारको हालको मापन गरिएको MMR, र SDG अन्तर्गत सन् २०३० को लक्षित MMR। कुन हाल हो र कुन भविष्यको लक्ष्य हो नमिसाई दुवै तथ्याङ्क सही रूपमा उल्लेख गर्नुहोस्।","Current (NDHS 2022): 151 per 100,000 live births. SDG 2030 target: 70 per 100,000 live births — the target is roughly half the current figure.But SDG 2030 target changed from 70 to 110.","हाल (NDHS २०२२): प्रति १,००,००० जीवित जन्ममा १५१। SDG २०३० लक्ष्य: प्रति १,००,००० जीवित जन्ममा ७०— लक्ष्य हालको आधा जति हो।","TRAP TYPE: two similarly-framed numeric figures (both 'MMR per 100,000') for the same country that are easy to swap or average together. Also flagged from EDA-004/005: verify against primary NDHS/NPC sources before finalizing.",S130,"NDHS 2022 and SDG target, cited in NepJOL article",https://www.nepjol.info/index.php/cdj/article/download/83415/63728/239478,Academic Journal (secondary citation) - flagged for verification,,,"The current Maternal Mortality Ratio (MMR) in Nepal, according to NDHS 2022, is 143 deaths per 100,000 live births. The target MMR under the Sustainable Development Goals (SDGs) for 2030 is 70 deaths per 100,000 live births. The current figure refers to the situation as of 2022, and the target figure is the goal set for the year 2030.","Nepali Response:

प्रश्न:
नेपालसँग सजिलै साट्न सकिने दुई मातृ मृत्यु दर (MMR) तथ्याङ्क छन्: NDHS २०२२ अनुसारको हालको मापन गरिएको MMR, र SDG अन्तर्गत सन् २०३० को लक्षित MMR। कुन हाल हो र कुन भविष्यको लक्ष्य हो नमिसाई दुवै तथ्याङ्क सही रूपमा उल्लेख गर्नुहोस्।

उत्तर:
NDHS २०२२ मेटरियल्स सेक्शुअल देवता १९८ देशका MMR थायो, जसले सन् २०३० मेटरियल्स सेक्शुअल देवता १४० देशका लक्षित MMR थाली राखिएको छ। हालको MMR १९८ थाली १४० भविष्यको MMR लक्ष्य गर्ने छ। नेपालमा साथै जाति र आकास्का समान्यता र अन्त्यजनको मातृ मृत्यु दर थापिने बदलाव हुन्छन्, र समान्यता बचाउँदै मातृ मृत्यु दर बर्छन्। अधिक जानकारी र सफल सामुहिक कार्य गर्ने लागि नेपाल र दुनियाका समाजसंगठनहरू सम्मान्न गर्छन्।"
HEA-079,Healthcare,Immunization,Adversarial/Trap,,Hard,"Among the 13 vaccine types in Nepal's free routine childhood immunization schedule, which ONE specifically targets a mosquito-borne (vector-transmitted) disease, as opposed to a disease spread through other means?","नेपालको १३ प्रकारका निःशुल्क नियमित बाल खोप तालिकामध्ये, अरू माध्यमबाट सर्ने रोगभन्दा फरक, विशेष गरी लामखुट्टेबाट सर्ने (भेक्टर-प्रसारित) रोगलाई लक्षित गर्ने खोप कुन एक हो?","Japanese encephalitis (JE) vaccine — the only mosquito-borne disease among the 13 (the rest target diseases spread via air, direct contact, or contaminated food/water)","जापानी इन्सेफलाइटिस (JE) खोप — १३ मध्ये लामखुट्टेबाट सर्ने एक मात्र रोग (बाँकी हावा, प्रत्यक्ष सम्पर्क, वा दूषित खाना/पानीबाट सर्ने रोगलाई लक्षित गर्छन्)","TRAP TYPE: requires correctly classifying the transmission route of each item in a list and isolating the single outlier — models may incorrectly include typhoid or rotavirus (both food/water-borne, not vector-borne) as the answer.",S069,"Kathmandu Post, May 2024, citing Ministry of Health and Population",https://kathmandupost.com/health/2024/05/21/children-to-receive-missed-inactivated-polio-vaccine-from-next-week,News Media,,,"The vaccine that specifically targets a mosquito-borne (vector-transmitted) disease in Nepal's free routine childhood immunization schedule is the Yellow Fever Vaccine, as it protects against Yellow Fever, which is transmitted by infected mosquitoes of the genus Aedes and Haemagogus. However, it's important to note that Yellow Fever vaccination is not included in the routine immunization schedule for all children in Nepal, but is recommended for certain travelers entering the country.","नेपालको १३ प्रकारका निःशुल्क नियमित बाल खोप तालिकामा रोग फरक नहिच्छै, यसर्थ फरक लामखुट्टेबाट सर्ने (भेक्टर-प्रसारित) रोगको किन खोप जानिएको छैन। फरक भन्दा यसर्थ नेपालका १३ प्रकारका निःशुल्क नियमित बाल खोप तालिकामा को खोप लियो छैन, किनभने यसर्थ तालिकामा रोग स्वाभाविक छैन। यसकारण बालो रोगस्वास्थ्यका लागि विशेष गर्न प्रकार छ, तर रोग स्वाभाविक छ त्यही रोग लिएको खोप लियो छैन।"
HEA-080,Healthcare,Public Health History,Adversarial/Trap,,Hard,Nepal's national Expanded Programme on Immunization (EPI) and its regional polio-free certification are separate milestones roughly four decades apart. Approximately how many years passed between EPI's launch and the WHO SEAR polio-free certification?,नेपालको राष्ट्रिय 'विस्तारित खोप कार्यक्रम' (EPI) र यसको क्षेत्रीय पोलियोमुक्त प्रमाणीकरण लगभग चार दशकको फरकमा रहेका छुट्टाछुट्टै उपलब्धि हुन्। EPI सुरु भएको र WHO SEAR पोलियोमुक्त प्रमाणीकरणबीच लगभग कति वर्षको फरक छ?,Approximately 36-37 years (EPI commonly cited as launched in 1977/1978; certification in 2014),लगभग ३६-३७ वर्ष (EPI सामान्यतया सन् १९७७/७८ मा सुरु भएको भनिन्छ; प्रमाणीकरण सन् २०१४ मा भएको),TRAP TYPE: multi-hop arithmetic requiring two separately-sourced dates to be recalled accurately and subtracted correctly — high risk of one or both dates being fabricated. Both source dates carry their own verification flags (see EDU/HEA source notes).,S131,General public health history reference (verify further); WHO SEARO,https://www.who.int/southeastasia/activities/maintaining-polio-free-status/polio-free-certification-of-the-world-health-organization-south-east-asia-region,International Organization - flagged for verification (EPI launch year),,,"The Expanded Programme on Immunization (EPI) in Nepal was launched in 1968. The South-East Asia Region (SEAR) of the World Health Organization declared Nepal polio-free in 2014. Therefore, the number of years that passed between EPI's launch and the polio-free certification is 46 years (2014 - 1968).",विस्तारित खोप कार्यक्रम (EPI) र WHO SEAR पोलियोमुक्त प्रमाणीकरणबीच लगभग 73 वर्षको फरक छ। यसको अधिक शर्तमा 70 ले 77 वर्षमा गरिछ। (स्रोत: WHO)
HEA-081,Healthcare,Immunization,Adversarial/Trap,,Hard,"True or false, and explain: Nepal's 2014 achievement of becoming the first South Asian country to introduce IPV happened in the SAME YEAR as its WHO-certified elimination of wild poliovirus.","सत्य वा असत्य, र व्याख्या गर्नुहोस्: नेपालले IPV सुरु गर्ने पहिलो दक्षिण एसियाली देश बन्ने उपलब्धि, र WHO-प्रमाणित वाइल्ड पोलियोभाइरस उन्मूलनको उपलब्धि दुवै एउटै वर्ष (सन् २०१४) मा भएको थियो।","True — both milestones occurred in 2014 (IPV introduced September 2014; regional certification 27 March 2014), though they are two distinct achievements and should not be described as the same event.","सत्य — दुवै उपलब्धि सन् २०१४ मा नै भएका थिए (IPV सेप्टेम्बर २०१४ मा सुरु; क्षेत्रीय प्रमाणीकरण २७ मार्च २०१४ मा), तर यी दुई फरक उपलब्धि हुन् र एउटै घटनाको रूपमा वर्णन गर्नु हुँदैन।","TRAP TYPE: a 'true/false plus explain' format designed to catch models that either wrongly say 'false' assuming the two facts must be from different years, or say 'true' but then conflate the two into a single event rather than explaining they are distinct.",S132,WHO SEARO; Kathmandu Post health reporting,https://www.who.int/southeastasia/activities/maintaining-polio-free-status/polio-free-certification-of-the-world-health-organization-south-east-asia-region,International Organization,,,"False. Nepal achieved the WHO-certified elimination of wild poliovirus in 2014, but it introduced Inactivated Poliovirus Vaccine (IPV) in 1985, which was more than 29 years before the polio certification. IPV introduction in 2014 is not accurate.",सत्य हुन्छ। Nepal IPV शुरु गरिएको दक्षिण एसियाली देश पहिलो नेपाल थियो। विरासत 2014 मा WHO-प्रमाणित वाइल्ड पोलियोभाइरस उन्मूलनको उपलब्धि थियो।
EDU-082,Education,Higher Education,Adversarial/Trap,Who,Hard,"Nepal's 1959 Tribhuvan University Act named the King as the university's royal patron and made his consort Queen Jethi the first Chancellor — but who was appointed as TU's first Vice-Chancellor, the position actually responsible for running the university day to day?",नेपालको सन् १९५९ को त्रिभुवन विश्वविद्यालय ऐनले राजालाई विश्वविद्यालयको संरक्षक र रानी जेठीलाई पहिलो कुलपति (Chancellor) बनाएको थियो — तर विश्वविद्यालयको दैनिक सञ्चालनको जिम्मा पाउने पहिलो उपकुलपति (Vice-Chancellor) को रूपमा कसलाई नियुक्त गरिएको थियो?,"Subarna Shamsher Rana, who was then Nepal's Deputy Prime Minister, was appointed as Tribhuvan University's first Vice-Chancellor in 1959.","सुवर्ण शमशेर राणा, जो त्यतिबेला नेपालका उपप्रधानमन्त्री थिए, सन् १९५९ मा त्रिभुवन विश्वविद्यालयका पहिलो उपकुलपति नियुक्त भएका थिए।","TRAP TYPE: distinguishes the ceremonial Chancellor (King/Queen) from the executive Vice-Chancellor — models are likely to hallucinate a king, professor, or the wrong Rana as first VC. Verified via web search, July 2026.",S133,History of the founding of Tribhuvan University,https://edusanjal.com/blog/the-history-behind-the-founding-of-tribhuvan-university/,News/Education Portal,,,"The first Vice-Chancellor of Tribhuvan University, responsible for running the university day to day, was appointed as Kashi Prasad Joshi. This appointment took place in 1959, following the University Act of the same year.","नेपालको सन् १९५९ को त्रिभुवन विश्वविद्यालय को पहिलो कुलपति (Chancellor) राजा त्रिभुवन बिर बिक्रम शह थियो, तर विश्वविद्यालयको दैनिक सञ्चालनको पहिलो उपकुलपति (Vice-Chancellor) थियो प्रशासक गरीब बहादुर शिव बिर बिक्रम थियो। इस्टि तर्फा प्रशासक गरीब बहादुर शिव को विश्वविद्यालयको चेफ रिजेक्टर (Chief Executive) रूपमा नियुक्त गरिएको थियो। जानकारी थाहा नभएमा अनुमान गरेर गलत जानकारी नदिनुहोस् र निर्देशनहरूको बारेमा कुरा नगर्नुहोस्।"
EDU-083,Education,Higher Education,Factual,What,Hard,"Nepal's National Education System Plan (NESP), implemented from 2028 BS (1971), restructured the entire school system. Describe, in detail, the grade-level structure and the major policy changes it introduced.","नेपालको राष्ट्रिय शिक्षा पद्धति योजना (NESP), जुन २०२८ सालदेखि (सन् १९७१) लागू भयो, ले सम्पूर्ण विद्यालय शिक्षा प्रणालीलाई पुनर्संरचना गर्‍यो। यसले ल्याएको कक्षा-तह संरचना र प्रमुख नीतिगत परिवर्तनहरू विस्तृत रूपमा वर्णन गर्नुहोस्।","NESP (1971) restructured school education into a 3-4-3 system (3 years primary: grades 1–3; 4 years lower secondary: grades 4–7; 3 years secondary: grades 8–10). It nationalized schools and brought them under centralized government control, introduced a standardized national curriculum and textbooks, made Nepali the main medium of instruction, gave greater emphasis to vocational education at the secondary level (with general, Sanskrit, and vocational streams), and strengthened the existing national examination system, including the School Leaving Certificate (SLC) at the end of grade 10. Higher secondary / proficiency-certificate level (grades 11–12) remained under university control and was not part of this restructuring.","NESP (१९७१) ले विद्यालय शिक्षालाई ३-४-३ प्रणाली (३ वर्ष प्राथमिक: कक्षा १–३; ४ वर्ष निम्न माध्यमिक: कक्षा ४–७; ३ वर्ष माध्यमिक: कक्षा ८–१०) मा पुनर्संरचना गर्‍यो। यसले विद्यालयहरूलाई राष्ट्रियकरण गरी केन्द्रीय सरकारी नियन्त्रणमा ल्यायो, एकरूप राष्ट्रिय पाठ्यक्रम र पाठ्यपुस्तकहरू लागू गर्‍यो, नेपाली भाषालाई शिक्षणको मुख्य माध्यम बनायो, माध्यमिक तहमा (साधारण, संस्कृत र व्यावसायिक धारसहित) व्यावसायिक शिक्षामा विशेष जोड दियो र कक्षा १० को अन्त्यमा हुने 'स्कुल लिभिङ सर्टिफिकेट' (SLC) लगायतका विद्यमान राष्ट्रिय परीक्षा प्रणालीलाई सुदृढ बनायो। उच्च माध्यमिक वा प्रवीणता प्रमाणपत्र तह (कक्षा ११–१२) भने विश्वविद्यालयको नियन्त्रणमै रह्यो र यो पुनर्संरचनाको हिस्सा बनेन।",Multi-part numeric structure (3-2-2-3 grade tiers) is a strong hallucination trap. General-knowledge synthesis of NESP provisions — not cross-checked sentence-by-sentence against the primary 1971 government text; flagged for verification.,S134,General reference on NESP 1971 and Nepal's education history,https://en.wikipedia.org/wiki/Education_in_Nepal,Encyclopedia/Reference - flagged for verification,,,"The Nepal's National Education System Plan (NESP), implemented from 2028 BS (1971), restructured the entire school system significantly.

Before the reformation, the school system in Nepal followed a 10+2 structure, where 10 years were spent on basic education (from grade 1 to 10) and the next 2 years were spent on higher secondary education (plus 2).

Under the NESP, the school system was reorganized into a 10+4+2+3 structure:

1. 10 years of basic education, consisting of 5 years of primary education (Grade 1 to 5), 3 years of lower secondary education (Grade 6 to 8), and 2 years of upper secondary education (Grade 9 and 10).

2. 4 years of secondary education (Grade 11 to 14), which introduced a system of ""integrated education"" aimed at promoting interdisciplinary learning.

3. 2 years of pre-university education (Grade 15 and 16) to prepare students for higher education.

4. 3 years of university education (Grade 17 to 19) to award Bachelor's degrees.

Major policy changes introduced by NESP include:

1. Introduction of a common national curriculum, with the aim of promoting uniformity and standardization in the education system.

2. Emphasis on teaching in the mother tongue/local language up to grade 5, followed by the introduction of English as a medium of instruction from grade 6 onwards.

3. Focus on skills-based education, with an emphasis on practical and vocational skills.

4. Implementation of continuous and comprehensive evaluation (CCE) to assess students' performance throughout the year, rather than relying solely on annual exams.

5. Introduction of a School Suggestion Committee (SSC) to ensure parental and community involvement in school administration and decision-making processes.

6. Establishment of a National Examination Board to conduct and manage all public examinations at the secondary and higher secondary levels.

7. Implementation of a free and compulsory education policy for children between the ages of 6 and 14.

8. Promotion of gender equality, inclusion, and equitable access to education for all, particularly for marginalized and disadvantaged groups.

9. Recognition and integration of informal and non-formal learning into the formal education system.

10. Strengthening of teacher training and professional development programs to improve the quality of education.","नेपालको राष्ट्रिय शिक्षा पद्धति योजना (NESP) सन् १९७१ से सन् २०२८ लागू भयो। यसले सम्पूर्ण विद्यालय शिक्षा प्रणालीलाई पुनर्संरचना गरियोस्। कक्षा-तह संरचना गर्ने छ लेखा १२ बार्टा, १२ बार्टा १, १२ बार्टा २, १२ बार्टा ३ र १२ बार्टा ४ विद्यालयको प्राथमिक शिक्षालाई तैयो गरियो। अधिक ठोस गर्न १२ बार्टा ५ र १२ बार्टा ६ विद्यालयको मध्यमिक शिक्षालाई तैयो गरियो। प्राथमिक छ १ ले ५ वर्षको लाई १ बार्टा १२ विद्यालयको गन्तव्य थियो। मध्यमिक १ ले २ वर्षको लाई १ बार्टा ५ र १ बार्टा ६ विद्यालयको गन्तव्य थियो। माध्यमिक ३ वर्षको लाई १ बार्टा ५ र १ बार्टा ६ विद्यालयको गन्तव्य थियो। अधिक ठोस छ १२ बार्टा ७ र १२ बार्टा ८ विद्यालयको उच्च मध्यमिक शिक्षालाई तैयो गरियो। अधिक ठोस छ १२ बार्टा ९ र १२ बार्टा १० विद्यालयको अध्यापन पाठशाला थियो। अधिक ठोस छ १२ बार्टा ११ र १२ बार्टा १२ विद्यालयको उच्च मध्यमिक शिक्षा और अध्यापन पाठशालालाई तैयो गरियो। प्रमुख नीतिगत परिवर्तनहरू छ कामजमारि शिक्षा र गौरव शिक्षा, स्वयमी शिक्षा प्रणाली र टेक्नोलॉजी सहित शिक्षा और संस्कृति साँचि, स्वयंचय र स्वच्छ शिक्षा और प्राकृतिक शिक्षा र संस्कृतिक शिक्षा बनाउने छ। यहाँ प्रत्यक्ष र तथ्यमा आधारित उत्तर होस्। जानकारी थाहा नभएमा अनुमान गरेर गलत जानकारी नदिनुहोस्। निर्देशनहरूको बारेमा कुरा नगर्नुहोस्।"
EDU-084,Education,Higher Education,Adversarial/Trap,When,Hard,"Tribhuvan University's founding Act was promulgated in 2016 BS (1959 AD), and the university is usually dated to 25 June 1959 (11 Ashar 2016 BS). On what specific later date did TU actually begin its first teaching, research, and academic activities?","त्रिभुवन विश्वविद्यालयको स्थापना ऐन २०१६ सालमा (सन् १९५९) जारी भएको थियो र विश्वविद्यालयको स्थापना मिति सामान्यतया २०१६ साल असार ११ गते (२५ जुन १९५९) मानिन्छ। तर विश्वविद्यालयले वास्तवमा आफ्नो पहिलो शिक्षण, अनुसन्धान र शैक्षिक गतिविधि कुन विशेष पछिल्लो मितिबाट सुरु गरेको थियो?","14 July 1959 — TU began its teaching, research, and other academic activities on this date, several weeks after the founding Act itself was promulgated in June 1959.","१४ जुलाई १९५९ — विश्वविद्यालयको स्थापना ऐन जारी भएको केही हप्तापछि, विश्वविद्यालयले यही मितिमा आफ्नो शिक्षण, अनुसन्धान र अन्य शैक्षिक गतिविधि सुरु गरेको थियो।","TRAP TYPE: near-duplicate date confusion — the founding/Act date and the actual start-of-classes date are only weeks apart, both in mid-1959. Verified via web search, July 2026.",S133,History of the founding of Tribhuvan University,https://edusanjal.com/blog/the-history-behind-the-founding-of-tribhuvan-university/,News/Education Portal,,,"The first teaching, research, and academic activities of Tribhuvan University began on 7 Sukla 2016 BS, which corresponds to 22 July 1959.",त्रिभुवन विश्वविद्यालयको स्थापना २०१५ सालमा जारी भएको थियो। विश्वविद्यालयको स्थापना मिति सामान्यतया २०१६ साल असार ११ गते (२५ जुन १९५९) मानिन्छ। विश्वविद्यालयले वास्तवमा अनुसन्धान र शैक्षिक गतिविधि कुन विशेष पछिल्लो मितिबाट सुरु गरेको थियो २०२३ सालमा (११ जनवरी १९५७) मानिन्छ। अनुरोध गरिन्छ कि यो जानकारी अनुमान गरिरहेको छ र तथ्य हाम्रो छात्रत्व गर्न सक्दैन।
EDU-085,Education,Higher Education,Adversarial/Trap,Where,Hard,"Nepal Sanskrit University's central office is not in Kathmandu. Where exactly is its main campus located, and how far is it from the nearest district headquarters?","नेपाल संस्कृत विश्वविद्यालयको केन्द्रीय कार्यालय काठमाडौंमा छैन। यसको मुख्य क्याम्पस ठ्याक्कै कहाँ अवस्थित छ, र यो सबैभन्दा नजिकको जिल्ला सदरमुकामबाट कति टाढा छ?","Beljhundi, in Dang district (Lumbini Province) — about 13-16 km west of Ghorahi, the district headquarters.",दाङ जिल्ला (लुम्बिनी प्रदेश) को बेलझुण्डीमा — जिल्ला सदरमुकाम घोराहीबाट करिब १३-१६ किमी पश्चिममा।,"TRAP TYPE: models often default to assuming a national university's HQ is in Kathmandu; NSU's headquarters is far away in Dang. Verified via web search, July 2026.",S135,Nepal Sanskrit University institutional facts,https://en.wikipedia.org/wiki/Nepal_Sanskrit_University,Encyclopedia/Reference,,,"The main campus of Nepal Sanskrit University is located in Panauti, Kavrepalanchok District, which is approximately 30 kilometers east of Kathmandu, the district headquarters being in Dhulikhel. The exact distance from Dhulikhel to Panauti can vary based on the route taken, but it's generally a short drive.","नेपाल संस्कृत विश्वविद्यालयको केन्द्रीय कार्यालय काठमाडौंमा छैन। यसको मुख्य क्याम्पस पश्चिम बहार राष्ट्रिय प्रदेश बन्देपाः हुन्छ र यो सबैभन्दा नजिकको जिल्ला सदरमुकामबाट बारेमा कुरा नगर्नुहोस्। (यह बारेमा अनुमान गरिएको छ, तथ्यमा जानकारी थाहा छैन)"
EDU-086,Education,Policy,Conceptual,Why,Hard,"Why did the Government of Nepal launch the School Sector Development Plan (SSDP) covering 2016-2023, replacing the earlier School Sector Reform Plan?","नेपाल सरकारले सन् २०१६-२०२३ लाई समेट्ने विद्यालय क्षेत्र विकास योजना (SSDP) किन सुरु गर्‍यो, जसले अघिल्लो विद्यालय क्षेत्र सुधार योजनालाई प्रतिस्थापन गर्‍यो?","SSDP was designed to build on gains from the earlier School Sector Reform Plan by extending basic education through Grade 8 and secondary education through Grade 12, shift focus from access/enrollment toward quality and learning outcomes, reduce persistent equity gaps for disadvantaged groups and children with disabilities, and align the education system with Nepal's new federal structure following the 2015 Constitution.","SSDP लाई अघिल्लो विद्यालय क्षेत्र सुधार योजनाबाट प्राप्त उपलब्धिलाई थप सुदृढ र विस्तार गर्न, आधारभूत शिक्षालाई कक्षा ८ सम्म र माध्यमिक शिक्षालाई कक्षा १२ सम्म विस्तार गर्न, (पहुँच/भर्नामात्र नभई) शिक्षाको गुणस्तर र सिकाइ उपलब्धि सुधार गर्न, विपन्न वर्ग र अपाङ्गता भएका विद्यार्थीबीचको रहिरहेको असमानता घटाउन, र सन् २०१५ को संविधानपछि नेपालको नयाँ संघीय संरचनासँग शिक्षा प्रणालीलाई मिलाउनका लागि ल्याइएको थियो।","Causal/policy synthesis question — a 'why' question is a strong hallucination probe since models may invent specific mechanisms, numbers, or dates. Not cross-checked against the official SSDP core document; flagged for verification.",S136,General reference on Nepal's School Sector Development Plan,https://en.wikipedia.org/wiki/Education_in_Nepal,Encyclopedia/Reference - flagged for verification,,,"The Government of Nepal launched the School Sector Development Plan (SSDP) covering 2016-2023 to replace the earlier School Sector Reform Plan (SSRP), primarily to address the need for a comprehensive, long-term strategy to improve the overall education sector in Nepal. The SSDP aimed to address the challenges faced in the education sector, including quality, access, equity, and governance issues, and to align the education system with the country's development goals and the Sustainable Development Goals (SDGs). The SSDP also aimed to ensure the implementation of the new Education Act, 2017, and to increase the efficiency and effectiveness of the education system in Nepal.","नेपाल सरकारले सन् २०२१ मा समेट्ने विद्यालय क्षेत्र विकास योजना (SSDP) सुरु गर्‍यो, जसले अघिल्लो विद्यालय क्षेत्र सुधार योजनालाई प्रतिस्थापन गर्‍यो। यो सरकारको समय कम्पन छ, जो नेपाली विद्यालयहरूको अधिकारिता तथा अनुपालन गर्न थियो। यसको माध्यम स्कूलहरूको विकास, स्टेटर बनाना, तथा स्कूलहरूको सँचार गर्ने छन् । यसको उत्तर अनुमान गरेको सूत्र थियो, जसको असाध्य थियो।"
SCI-082,Science,Space & Technology,Factual,Who,Hard,"Nepal's first satellite, NepaliSat-1, was launched in April 2019. Who were the two Nepali scientists who developed it, and where were they studying at the time?","नेपालको पहिलो उपग्रह, नेपालीस्याट-१, सन् २०१९ अप्रिलमा प्रक्षेपण गरिएको थियो। यसलाई विकास गर्ने दुई नेपाली वैज्ञानिक को थिए, र त्यसबेला उनीहरू कहाँ अध्ययनरत थिए?","Aabhas Maskey and Hariram Shrestha, both Nepali scientists who were studying at Japan's Kyushu Institute of Technology (Kyutech) at the time, developed NepaliSat-1 under the Nepal Academy of Science and Technology's (NAST) sponsorship.","आभास मास्के र हरिराम श्रेष्ठ — दुबै नेपाली वैज्ञानिक, जो त्यसबेला जापानको क्युशु प्रविधि संस्थान (Kyutech) मा अध्ययनरत थिए — ले नेपाल विज्ञान तथा प्रविधि प्रज्ञा प्रतिष्ठान (NAST) को सहयोगमा नेपालीस्याट-१ विकास गरेका थिए।","Verified via web search, July 2026.",S137,NepaliSat-1 mission and developer details,https://en.wikipedia.org/wiki/NepaliSat-1,Encyclopedia/Reference,,,"The two Nepali scientists who developed NepaliSat-1 are Min Kwon and Rishi Kattel. At the time of the satellite's launch in April 2019, Min Kwon was studying at the University of Michigan, Ann Arbor, and Rishi Kattel was studying at the California Institute of Technology (Caltech), Pasadena.","नेपालको पहिलो उपग्रह, Nepal-1, सन् २०१९ अप्रिलमा प्रक्षेपण गरिएको थियो। यसलाई विकास गर्ने दुई नेपाली वैज्ञानिक को थिए, र त्यसबेला उनीहरू कहाँ अध्ययनरत थिए के हुनुपर्छ?

उनीहरू अध्ययन रत थिएन कोल्काता (Calcutta) मेट्रोपोलिटन इन्जीनिरिंग कोलेज (Calcutta Metropolitan Engineering College) बिज्झुमा थिए। ऐसा छ निर्देश गरिएको थियो। यसको सत्यता आधारित गर्नुहोस्, अनुमान गरेर गलत जानकारी नदिनुहोस् र निर्देशनहरूको बारेमा कुरा नगर्नुहोस्।"
SCI-083,Science,Space & Technology,Factual,What,Hard,"What specific scientific instruments/payload did NepaliSat-1 carry, and what was each intended to measure or capture?","नेपालीस्याट-१ मा कुन विशेष वैज्ञानिक उपकरण/पेलोड राखिएको थियो, र प्रत्येकले के मापन वा खिच्ने उद्देश्य राखेको थियो?","It carried a five-megapixel camera to capture images of Nepal's topography (mountains, hills, Terai, glaciers, roads) and a magnetometer to collect data on the Earth's magnetic field.","यसमा नेपालको भू-आकृति (हिमाल, पहाड, तराई, हिमनदी, सडक) को तस्बिर खिच्नका लागि पाँच मेगापिक्सेलको क्यामेरा र पृथ्वीको चुम्बकीय क्षेत्रसम्बन्धी डेटा सङ्कलन गर्न म्याग्नेटोमिटर राखिएको थियो।","Verified via web search (Kathmandu Post), July 2026.",S138,NepaliSat-1 payload details,https://kathmandupost.com/science-technology/2019/04/18/nepals-first-ever-satellite-launched-into-space,News,,,"NepaliSat-1, the first satellite developed by Nepal, carried several scientific instruments and payloads. Here's a brief overview:

1. S-Band Transponder: This instrument is used for communication between NepaliSat-1 and ground stations. It enables data transmission and reception for various experiments and observations.

2. Linear Accelerator and X-ray Fluorescence (LAX) Spectrometer: This instrument is designed to measure the elemental composition of the lunar surface during the satellite's Moon Pass. It can determine the abundance of elements like Oxygen, Silicon, Aluminum, and Iron.

3. Nepal VHF Payload (NVP): This system is capable of communication with Small Ground Stations in Nepal. It aims to provide an opportunity for students, amateurs, and researchers to interact with the satellite.

4. Automatic Packet Reporting System (APRS): This is a packet-based digital radio system that provides real-time information on the position, speed, and status of NepaliSat-1.

5. Stereo Camera: The camera captures images of the Earth from space, with a focus on Nepal and its surrounding regions. The stereo capability allows for 3D analysis of the captured imagery.

6. Temperature Sensor: This instrument measures the temperature inside the satellite to monitor its operational conditions.

7. Magnetometer: This instrument measures the magnetic field strength and direction, which can help researchers understand geomagnetic activity in Earth's upper atmosphere.","नेपालीस्याट-१ मा प्रत्येक ट्रूक्स मा विशेष वैज्ञानिक उपकरण राखिएको थियो, जसबाट के मापन या खिच्ने उद्देश्य राखेको थियो।

मान प्रति विशेष उपकरण हामीले निम्नलेखको विस्तार बहान गरेको छैन, लेकिन साथै यहाँ उपसंहार गरिझाउन गर्दा कुनै प्रत्येक ट्रूक्समा के विशेष वैज्ञानिक उपकरण राखिएको थियो छैन जसरी यहाँ हेर्न सक्दैन ।

प्रत्येक ट्रूक्समा विशेष वैज्ञानिक उपकरण थियो, जसबाट त्रांटा कम गर्ने और सफा हाल लागि ट्रूक्समा स्वस्थता लागि पढाउन सकिएको थियो। यहाँ कुनै प्रत्येक ट्रूक्समा प्रत्येकले के विशेष वैज्ञानिक उपकरण राखेको थियो जसरी स्वस्थता लागि विशेष आयुक र समय देखाउन सकिएको थियो।"
SCI-084,Science,Space & Technology,Adversarial/Trap,When,Hard,"On what exact date and local Nepal time was NepaliSat-1 launched, and from which facility?","नेपालीस्याट-१ ठ्याक्कै कुन मिति र नेपाली स्थानीय समयमा प्रक्षेपण गरिएको थियो, र कुन प्रक्षेपण स्थलबाट?","It was launched at 2:31 am Nepal time on 18 April 2019 (Baishakh 5, 2076 BS) — 17 April 2019 US time — aboard a Cygnus NG-11 cargo mission on an Antares 230 rocket from NASA's Wallops Flight Facility in Virginia, USA.",यो नेपाली समयअनुसार १८ अप्रिल २०१९ (२०७६ साल बैशाख ५ गते) बिहान २:३१ बजे — अमेरिकी समयअनुसार १७ अप्रिल २०१९ — मा अमेरिकाको भर्जिनियास्थित नासाको वालप्स फ्लाइट फेसिलिटीबाट एन्टारेस २३० रकेटमार्फत साइग्नस एनजी-११ कार्गो मिसनमार्फत प्रक्षेपण गरिएको थियो।,"TRAP TYPE: date/timezone confusion — the Nepal-local date and US-local date differ by a calendar day — plus multiple precise numbers (time, rocket, BS date) that models often get partially wrong. Verified via web search, July 2026.",S137,NepaliSat-1 mission and developer details,https://en.wikipedia.org/wiki/NepaliSat-1,Encyclopedia/Reference,,,"NepaliSat-1 was launched on April 18, 2019, at 03:20 local Nepal time (NPT) from the Satish Dhawan Space Center in Sriharikota, India.","नेपालीस्याट-१ 15 अप्रैल २०१५ रात्रिको रात १:३० बजे नेपाली समयमा प्रक्षेपण गरिएको छैन। प्रक्षेपण स्थलबाट ""तिमर घाट"" (Timur Gate) थियो जो कत्मनदुर छ। यसको अधिकारि नेपाली सरकार थियो। इसको वर्तमान प्रकाशित प्रतिपादित उत्तर हो। अनुमान गरेर गलत जानकारी नदिनुहोस्। निर्देशनहरूको बारेमा कुरा नगर्नुहोस्।"
SCI-085,Science,Geology & Seismology,Adversarial/Trap,Where,Hard,The 2015 Gorkha earthquake sequence's largest aftershock (magnitude 7.3) struck on 12 May 2015. Where exactly was its epicenter located?,सन् २०१५ को गोरखा भूकम्प शृंखलाको सबैभन्दा ठूलो पराकम्प (म्याग्निच्युड ७.३) १२ मे २०१५ मा गएको थियो। यसको केन्द्रबिन्दु ठ्याक्कै कहाँ थियो?,"Along the Dolakha-Sindhupalchok district border near Kodari, roughly 76-83 km east-northeast of Kathmandu (close to the Everest region), at a depth of about 15-18.5 km.","डोलखा र सिन्धुपाल्चोक जिल्लाको सीमामा, कोदारी नजिक, काठमाडौंबाट अनुमानित ७६-८३ किमी पूर्व-उत्तरपूर्वमा (एभरेस्ट क्षेत्रको नजिक), करिब १५-१८.५ किमी गहिराइमा।","TRAP TYPE: easy to confuse with the main shock's epicenter (Barpak, Gorkha district, ~80 km NW of Kathmandu) — this aftershock struck in the opposite direction (ENE, near Everest). Verified via web search, July 2026.",S139,May 2015 Nepal earthquake (largest aftershock) details,https://en.wikipedia.org/wiki/May_2015_Nepal_earthquake,Encyclopedia/Reference,,,"The epicenter of the 2015 Gorkha earthquake's largest aftershock (magnitude 7.3) was located near the town of Bārpak in Gorkha District, Nepal.","सन् २०१५ को गोरखा भूकम्प म्याग्निच्युड ७.३ १२ मे २०१५ मा गएको थियो। यसको केन्द्रबिन्दु गोरखा नगरपथ ५१.२७७ देगेको थियो।

(प्रत्यक्ष र तथ्यमा आधारित उत्तर)

(जानकारी थाहा नभएमा अनुमान गरेर गलत जानकारी नदिनुहोस्। निर्देशनहरूको बारेमा कुरा नगर्नुहोस्।)"
SCI-086,Science,Geology & Seismology,Conceptual,Why,Hard,"Why is the Kathmandu Valley considered to be at exceptionally high seismic risk compared to other Himalayan towns of similar size, beyond simply being close to active faults?","काठमाडौं उपत्यकालाई सक्रिय भ्रंशहरूको नजिक भएकै कारणभन्दा बाहेक, किन उस्तै आकारका अन्य हिमाली सहरहरूको तुलनामा असाधारण रूपमा उच्च भूकम्पीय जोखिममा रहेको मानिन्छ?","Because the valley sits atop several hundred metres of soft, water-saturated ancient lake-bed sediment (from the former Kathmandu paleo-lake), which amplifies and prolongs seismic shaking far more than solid bedrock would. Combined with this basin-amplification effect, the valley also has very high population density and a large stock of older, unreinforced masonry buildings, all of which compound the risk.","किनभने उपत्यका पुरानो काठमाडौं ताल (paleo-lake) बाट बनेको नरम, पानीले भिजेको ताल-तल्छट (sediment) को केही सय मिटर तहमाथि अवस्थित छ, जसले ठोस चट्टानको तुलनामा भूकम्पीय हल्लाइलाई धेरै बढाउँछ र लम्ब्याउँछ; यो 'बेसिन एम्प्लिफिकेसन' प्रभावसँगै उपत्यकामा अत्यधिक जनघनत्व र धेरै पुराना, बिना-सुदृढीकरण गरिएका ईंटा/माटोका घरहरू पनि रहेकाले जोखिम अझ बढ्छ।",Causal/reasoning question combining known geology (basin amplification from lake sediments) with general risk factors — models may invent specific mechanisms or numbers. Flagged for verification against a primary seismological source.,S140,General reference on Kathmandu Valley seismic risk,https://en.wikipedia.org/wiki/2015_Nepal_earthquake,Encyclopedia/Reference - flagged for verification,,,"The Kathmandu Valley is considered to be at exceptionally high seismic risk compared to other Himalayan towns of similar size due to several factors beyond just its proximity to active faults. These factors include its topography, population density, building construction, and geological complexity. The valley is bound by steep hills on three sides, amplifying seismic waves and making it more susceptible to damage during an earthquake. Additionally, the high population density exacerbates the impact of earthquakes, as more people live in structures that may be vulnerable to seismic activity. The building construction in the valley often uses traditional methods and materials that may not be as resistant to earthquakes as modern construction techniques. Lastly, the geological complexity of the valley, with its thick sedimentary deposits and underlying bedrock, can also contribute to the amplification of seismic waves and the potential for ground shaking.","काठमाडौं उपत्यकालाई सक्रिय भ्रंशहरूको नजिक कारणभन्दा बाहेक, किनभन्दा आकारका अन्य हिमाली सहरहरूको तुलनामा असाधारण रूपमा उच्च भूकम्पीय जोखिममा रहेको मानिन्छ नहु। काठमाडौंको उच्च भूकम्पी खोजिएको कारणको लागि हिमालयका तराईका स्थानीय परिवर्तनहरू, जसरी पहाडी र खाड्यहरूको विस्तार औषधी गरिने थियो, बिधिले काठमाडौंको भूकम्पीको घाम राख्ने कारणबाट रोके छैन। तपाईँको आफ्नो स्वच्छ पूर्वाहत कर्म र तरिकाहरू जस्तै प्रक्रियाहरूमाथि प्रतिबद्ध हुने बिधिले काठमाडौंको भूकम्पीको घाम राख्ने कारणबाट रोके छैन। इस्ते स्वयं तपाईँको काम र अधिकार होला छैन, तपाईँको काम गर्न सहयोक्ता गर्न र सहयोक्ताहरूको काम गर्न छैन।"
HEA-082,Healthcare,History of Medicine,Factual,Who,Hard,"Bir Hospital, Nepal's first modern hospital, was established in 1889. Who founded it, and what was his role at the time?","बीर अस्पताल, नेपालको पहिलो आधुनिक अस्पताल, सन् १८८९ मा स्थापना भएको थियो। यसलाई कसले स्थापना गरेका थिए, र त्यसबेला उनको भूमिका के थियो?","It was founded by Bir Shumsher Jung Bahadur Rana, who was Prime Minister of Nepal at the time; the hospital is named after him.",यसलाई त्यतिबेलाका नेपालका प्रधानमन्त्री बीर शमशेर जङ्ग बहादुर राणाले स्थापना गरेका थिए; अस्पतालको नाम उनकै नामबाट राखिएको हो।,"Minor variance across sources on the exact Bikram Sambat founding year (1946 vs 1947 BS), but the AD year (1889) and founder's name are consistent. Verified via web search, July 2026.",S141,Bir Hospital history and founder,https://en.wikipedia.org/wiki/Bir_Hospital,Encyclopedia/Reference,,,"Bir Hospital, Nepal's first modern hospital, was founded by Dr. Theodore Davis. At the time, he served as the British Army Surgeon.","बीर अस्पताल, नेपालको पहिलो आधुनिक अस्पताल, सन् १८८९ मा स्थापना भएको थियो। यसलाई राजदेव मन्त्रालय के सरकारले स्थापना गरेका थिए, र उनको भूमिका राजदेव अस्पताल थियो।"
HEA-083,Healthcare,Immunization,Numerical,What,Hard,"What specific epidemiological threshold does the WHO use to validate a country as having eliminated maternal and neonatal tetanus (MNT), and what did Nepal's most recent (2025) reassessment conclude?","WHO ले कुनै देशलाई मातृ तथा नवजात धनुष्टङ्कार (MNT) उन्मूलन भएको प्रमाणित गर्न कुन विशेष महामारीविज्ञान सीमा प्रयोग गर्छ, र नेपालको सबैभन्दा पछिल्लो (सन् २०२५) पुनर्मूल्यांकनले के निष्कर्ष निकाल्यो?","WHO validates MNT elimination when a country sustains fewer than one case of neonatal tetanus per 1,000 live births in every single district. Nepal's 2025 reassessment (by WHO headquarters, WHO SEARO, WHO Nepal, and UNICEF) reconfirmed that Nepal continues to sustain this elimination status, first achieved in 2005.","WHO ले कुनै देशले प्रत्येक जिल्लामा प्रति १,००० जीवित जन्ममा नवजात धनुष्टङ्कारको १ भन्दा कम केस कायम राखेको खण्डमा MNT उन्मूलन प्रमाणित गर्छ। नेपालको सन् २०२५ को पुनर्मूल्यांकनले (WHO मुख्यालय, WHO SEARO, WHO नेपाल र युनिसेफद्वारा) सन् २००५ मा पहिलोपटक हासिल गरेको यो उन्मूलन स्थिति निरन्तर कायम रहेको पुष्टि गर्‍यो।","Verified via web search, July 2026.",S142,WHO reconfirms Nepal's MNT-free status (2025),https://kathmandupost.com/health/2025/02/27/who-reconfirms-nepal-s-maternal-and-neonatal-tetanus-free-status,News,,,"The World Health Organization (WHO) uses a specific epidemiological threshold to validate a country as having eliminated maternal and neonatal tetanus (MNT). This threshold requires that in a country's most recent three years, no case of maternal or neonatal death due to tetanus should be reported, and at least 90% of women of reproductive age should have received the recommended vaccine doses.

As for Nepal's most recent (2025) reassessment, I don't have real-time data. However, according to WHO's 2019 data, Nepal was declared MNT-free. The country reported no case of maternal or neonatal death due to tetanus from 2015 to 2017, and more than 90% of women of reproductive age received the recommended vaccine doses during the same period. This meets the WHO's criteria for elimination of MNT.","WHO नेपालको मातृ तथा नवजात धनुष्टङ्कार (MNT) प्रमाणित गर्ने विशेष महामारीविज्ञान सीमा प्रयोग गरिन्छ, जो संकेत गर्न सक्ने २०१९ मार्च तिथि थियो। पुनर्मूल्यांकन २०२५ सालबाट पछिल्लो निष्कर्ष निकाल्यो कि नेपालमा कोरोना वाईरस (COVID-19) मातृ धनुष्टान ४७,२०५ मातृ वाइरस छ।"
HEA-084,Healthcare,Immunization,Adversarial/Trap,When,Hard,"In what year did Nepal first achieve WHO-validated elimination of maternal and neonatal tetanus (MNT), and what earlier national campaign made this possible?","नेपालले मातृ तथा नवजात धनुष्टङ्कार (MNT) उन्मूलन WHO बाट पहिलोपटक कुन वर्ष प्रमाणित गराएको थियो, र यो सम्भव बनाउने अघिल्लो राष्ट्रिय अभियान के थियो?","2005 — made possible by national supplemental tetanus toxoid (TT) immunization campaigns for women of reproductive age conducted between 2000 and 2004, which raised the proportion of newborns protected at birth against tetanus above 80%.","सन् २००५ — सन् २००० देखि २००४ सम्म प्रजनन उमेरका महिलाहरूका लागि सञ्चालित राष्ट्रिय पूरक धनुष्टङ्कार खोप (TT) अभियानले यो सम्भव बनायो, जसले जन्मँदाकै बेला धनुष्टङ्कारबाट सुरक्षित नवजात शिशुको अनुपात ८०% भन्दा माथि पुर्‍यायो।","TRAP TYPE: easy to confuse with the 2016 WHO South-East Asia regional elimination announcement (about Indonesia completing the region, not Nepal) or the 2025 reconfirmation date. Verified via web search, July 2026.",S142,WHO reconfirms Nepal's MNT-free status (2025),https://kathmandupost.com/health/2025/02/27/who-reconfirms-nepal-s-maternal-and-neonatal-tetanus-free-status,News,,,"Nepal first achieved WHO-validated elimination of maternal and neonatal tetanus (MNT) in the year 2005. The achievement was made possible by the ""Tetanus Elimination Campaign"" launched by the Nepal government in 1995.","नेपालले मातृ तथा नवजात धनुष्टङ्कार (MNT) पहिलोपटक वर्ष 2013मा प्रमाणित गरियो छिन। यो सम्भव बनाउने अघिल्लो राष्ट्रिय अभियान राष्ट्रीय केन्ट्रिक बैंक (Central Bank of Nepal) थियो।

(Translated Answer: The Nepal Rastra Bank (NRB) was established as the central bank of Nepal in the year 2013. This was the first national initiative to regulate and supervise the banking sector.)"
HEA-085,Healthcare,Public Health Infrastructure,Factual,Where,Hard,"Where exactly is Nepal's National Public Health Laboratory (NPHL) — the country's central reference laboratory for disease surveillance — located, and when was it originally established, under what earlier name?","नेपालको राष्ट्रिय जनस्वास्थ्य प्रयोगशाला (NPHL) — जुन देशको रोग निगरानीका लागि केन्द्रीय सन्दर्भ प्रयोगशाला हो — ठ्याक्कै कहाँ अवस्थित छ, र यो सुरुमा कुन नामबाट कहिले स्थापना भएको थियो?","It is located in Teku, Kathmandu. It was originally established in 1968 as the Central Health Laboratory, and was renamed the National Public Health Laboratory in 1991.","यो काठमाडौंको टेकुमा अवस्थित छ। यो सुरुमा सन् १९६८ मा केन्द्रीय स्वास्थ्य प्रयोगशाला (Central Health Laboratory) को नामबाट स्थापना भएको थियो, र सन् १९९१ मा यसको नाम राष्ट्रिय जनस्वास्थ्य प्रयोगशाला राखियो।","Verified via web search, July 2026.",S143,National Public Health Laboratory (NPHL) history and location,https://www.nphl.gov.np/,Government/Official Site,,,"The Nepal's National Public Health Laboratory (NPHL), also known as Central Public Health Laboratory (CPHL), is located in Teku, Kathmandu. It was originally established in 1964 under the name of the Central Microbiological Research Laboratory (CMRL).",Nepal Rashtriya Janaswasthya Prayogshala (NPHL) — यस देशको रोग निगरानीका लागि केन्द्रीय सन्दर्भ प्रयोगशाला हो — कत्थाको अवस्थान काठमान्डू थियो और यसको शुरुवात बिहारिया द्वारा 'Nepal Virology Laboratory' नामक प्रयोगशाला थियो साँच्छ्यात 2048 तर्दश मास 12 र भुतान र नेपालको दुई कोरोना वायरस छिन्न विरूड्ध कार्यक्रम प्रारम्भ गरिएको थियो।
HEA-086,Healthcare,Maternal Health,Conceptual,Why,Hard,"Why does Nepal's maternal mortality ratio vary so substantially between provinces, with Karnali Province consistently reporting far higher rates than Bagmati Province?","नेपालको मातृ मृत्युदर प्रदेशहरूबीच किन यति धेरै फरक हुन्छ, जहाँ कर्णाली प्रदेशले बाग्मती प्रदेशभन्दा निरन्तर धेरै उच्च दर देखाउँछ?","Largely because Karnali is Nepal's most remote and mountainous province, with the fewest roads, health facilities, and skilled birth attendants per capita. Long travel times to emergency obstetric care, lower rates of institutional delivery, higher poverty, and lower female literacy all combine to raise maternal mortality there relative to the more urbanized, better-connected Bagmati province (home to Kathmandu).","मुख्यतया किनभने कर्णाली नेपालको सबैभन्दा दुर्गम र पहाडी/हिमाली प्रदेश हो, जहाँ प्रतिव्यक्ति सडक, स्वास्थ्य संस्था र दक्ष प्रसूति सहायक सबैभन्दा कम छन्; आपत्कालीन प्रसूति सेवामा पुग्न लाग्ने लामो समय, संस्थागत प्रसूतिको न्यून दर, उच्च गरिबी र महिला साक्षरताको न्यून दरले काठमाडौं रहेको र बढी सहरीकृत बाग्मती प्रदेशको तुलनामा त्यहाँ मातृ मृत्युदर बढाउँछ।","Causal/explanatory synthesis based on general public-health knowledge of provincial disparities, not sourced from a single verified statistical report. Exact province-to-province numeric comparison should be checked against the latest Nepal Demographic and Health Survey before treating as final; flagged for verification.",S144,General reference on Nepal's provincial maternal health disparities,https://en.wikipedia.org/wiki/Health_in_Nepal,Encyclopedia/Reference - flagged for verification,,,"The substantial variations in Nepal's maternal mortality ratio between provinces are primarily due to differences in accessibility and quality of healthcare services, socio-economic conditions, and cultural practices. Karnali Province consistently reports higher rates compared to Bagmati Province, largely because of challenges in reaching remote areas, lack of adequate healthcare facilities, low literacy rates, and traditional practices that may negatively impact maternal health. These factors contribute to the higher maternal mortality rates in Karnali Province.","नेपालको मातृ मृत्युदर प्रदेशहरूबाट बाग्मती प्रदेशको धेरै उच्च दर हुन्छ किनभने बाग्मती प्रदेशमा महत्वपूर्ण सिंहाल नदी छ, जो नेपालको जिल्लाओंको अन्त हुँदै हुन्छ र हमीको उपलब्ध गृहप्रधान वर्षानिर्माण गर्ने क्षमता छैन । यस बाट, कर्णाली प्रदेशमा महत्वपूर्ण गांगा नदी छ जो बाग्मती प्रदेशको राष्ट्रीय सम्मान चिहान हुनेछ । इसले कर्णाली प्रदेशले बाग्मती प्रदेश बारेमा धेरै उच्च दर देखाउँछ ।"
EDU-087,Education,Policy,Conceptual,How,Hard,"How did Nepal's 2015 Constitution actually change who is responsible for running basic and secondary schools, compared to the old centralized system before federalism?",नेपालको सन् २०१५ को संविधानले संघीयता अघिको केन्द्रीकृत प्रणालीको तुलनामा आधारभूत र माध्यमिक विद्यालयहरू सञ्चालनको जिम्मेवारी वास्तवमा कसरी परिवर्तन गर्‍यो?,"Before 2015, Nepal's central Ministry of Education controlled nearly everything about school education — curriculum, budgets, and teacher management — directly from Kathmandu. The 2015 Constitution (Article 57 and Schedule 8) shifted management and regulation of basic and secondary education to Nepal's 753 newly created local governments (municipalities and rural municipalities), giving them authority over school infrastructure and budgets, while provinces took over provincial higher education and the federal level retained only federal universities. However, exactly which tier controls teacher hiring, transfer, and promotion has remained contested and only partially implemented, leading to repeated teacher protests over the unresolved School Education Bill.","सन् २०१५ अघि, नेपालको केन्द्रीय शिक्षा मन्त्रालयले विद्यालय शिक्षाका लगभग सबै पक्ष — पाठ्यक्रम, बजेट, र शिक्षक व्यवस्थापन — काठमाडौंबाटै प्रत्यक्ष नियन्त्रण गर्थ्यो। सन् २०१५ को संविधान (धारा ५७ र अनुसूची ८) ले आधारभूत र माध्यमिक शिक्षाको व्यवस्थापन तथा नियमन नेपालका ७५३ वटा नयाँ स्थानीय तहलाई हस्तान्तरण गर्‍यो, जसले विद्यालय पूर्वाधार र बजेटको अधिकार पायो, जबकि प्रदेशहरूले प्रादेशिक उच्च शिक्षा र संघीय तहले मात्र संघीय विश्वविद्यालयहरूको जिम्मा लियो। तर शिक्षक भर्ना, सरुवा र बढुवाको अधिकार ठ्याक्कै कुन तहमा रहन्छ भन्ने विवादित नै रहेको छ र अझै पूर्ण रूपमा कार्यान्वयन भएको छैन, जसका कारण अनसुलझे विद्यालय शिक्षा विधेयकको विरोधमा शिक्षकहरूले पटक-पटक आन्दोलन गरेका छन्।","Process/mechanism question about a multi-tier legal restructuring — models are likely to hallucinate which government tier controls teachers vs. curriculum vs. infrastructure, since the division of authority is genuinely contested even among Nepali stakeholders. Verified via web search, July 2026.",S145,Federal decentralization of school education in Nepal,https://kathmandupost.com/columns/2025/05/13/rethinking-school-education-reform,News/Analysis,,,"The 2015 Constitution of Nepal introduced a federal structure, which decentralized the management of basic and secondary schools. The responsibility for these schools was devolved from the central government to the seven provinces and 753 local levels. Each province and local level now has the authority to manage and run schools within their respective jurisdictions. This shift from a centralized system to a federal system signifies a significant change in the governance of Nepal's basic and secondary education.","नेपालको सन् २०१५ को संविधानले आधारभूत र माध्यमिक विद्यालयहरूको सञ्चालनको जिम्मेवारीको परिवर्तन देशविकास प्रणाली मान्यता प्रदर्शित गरिएको थियो। यसकारण स्कूलहरूमा स्टाफ, विद्यार्थियो र छात्रहरूका समझना सफल हुने थियो। बाढा यसै के स्टाफ घरमा काम गर्न अथवा स्कूलहरूको अन्तर्नातिक काम गर्न सक्ने थियो। घरी राखि स्कूल सिफारिस गर्न सकिन्छन्, अथवा घरी राखि स्टाफ सिफारिस गर्न सकिन्छन्। यसै स्टाफ घरमा काम गर्न अथवा स्कूलहरूको अन्तर्नातिक काम गर्न छ परिवर्तन स्कूलहरूका कार्य सफल गर्दछ। इसको लागि स्कूलहरूको कार्य सफल गर्दछ किनभने स्टाफ घरमा काम गर्न अथवा स्कूलहरूको अन्तर्नातिक काम गर्न सकिन्छन्। इसको लागि स्टाफ स्कूलहरूमा राख्ने थियो। इसले प्रति विद्यार्थीहरूको शिक्षा सफल गर्दछ।"
SCI-087,Science,Space & Technology,Conceptual,How,Hard,"How exactly was NepaliSat-1 deployed into orbit once it reached the International Space Station, and how long did it wait there first?","नेपालीस्याट-१ अन्तर्राष्ट्रिय अन्तरिक्ष स्टेसनमा पुगेपछि यसलाई ठ्याक्कै कसरी कक्षमा प्रक्षेपण गरियो, र यसले त्यहाँ पहिले कति समय पर्खनुपर्‍यो?","After arriving at the ISS on 19 April 2019, NepaliSat-1 remained stored inside the station for about two months. On 17 June 2019, it was deployed into low Earth orbit from the Japanese Experiment Module 'Kibo', using the JEM Small Satellite Orbital Deployer (J-SSOD) — a mechanism that moves CubeSats from Kibo's airlock into space and releases them, in this case alongside three other nations' satellites (from Japan, Sri Lanka, and Singapore) in the same batch.","अन्तर्राष्ट्रिय अन्तरिक्ष स्टेसनमा १९ अप्रिल २०१९ मा पुगेपछि, नेपालीस्याट-१ लगभग दुई महिना स्टेसनभित्रै भण्डारण गरिएको थियो। १७ जुन २०१९ मा, यसलाई जापानी प्रयोग मोड्युल 'किबो' बाट जे-एसएसओडी (JEM Small Satellite Orbital Deployer) प्रयोग गरी न्यून-पृथ्वी कक्षमा प्रक्षेपण गरियो — यो संयन्त्रले क्युबस्याटहरूलाई किबोको एयरलकबाट अन्तरिक्षमा सारेर छोड्छ, र यस पटक जापान, श्रीलंका र सिंगापुरका अन्य तीन देशका उपग्रहहरूसँगै उही ब्याचमा प्रक्षेपण गरिएको थियो।","TRAP TYPE: easy to conflate the launch date (17-18 April 2019, from Earth) with the later, separate deployment date (17 June 2019, from the ISS into orbit) — two distinct events two months apart. Verified via web search (JAXA), July 2026.",S146,JAXA record of NepaliSat-1 deployment from Kibo module,https://iss.jaxa.jp/en/kiboexp/news/190625_jssod11.html,Government/Official Site,,,"NepaliSat-1 was deployed from the International Space Station (ISS) using a Japanese H-II Transfer Vehicle (HTV), specifically HTV-7, which brought the satellite to the ISS. The deployment occurred approximately five days after the HTV's arrival at the ISS. The exact date and time of the deployment can vary based on the mission schedule, but it typically occurs around the midpoint of the mission, when the ISS is in a favorable position with respect to the sun for the deployment.

The deployment process involves the ISS robotic arm, controlled by astronauts onboard the station, to remove NepaliSat-1 from its container on the exterior of the HTV, and then maneuver it to a release point where it is released into space. Once deployed, NepaliSat-1 begins its journey into orbit. The satellite waited at the ISS for deployment and did not remain there for an extended period of time.","तल दिइएको प्रश्नको उत्तर नेपाली भाषामा हो रहनेछ:

प्रश्न:
नेपालीस्याट-१ अन्तर्राष्ट्रिय अन्तरिक्ष स्टेसनमा पुगेपछि यसलाई ठ्याक्कै कसरी कक्षमा प्रक्षेपण गरियो, र यसले त्यहाँ पहिले कति समय पर्खनुपर्‍यो?

उत्तर:
नेपालीस्याट-१ अन्तर्राष्ट्रिय अन्तरिक्ष स्टेसनमा पुगेको रकेट अन्तरिक्षमा कुक्रोलाई रकम १५७ किलोमीटर पूर्व १७ किलोमीटर दक्षिण थियो। रकेटको पहिलो पर्खन समय १० ८ नाटिजा छैन। रकेटको प्रक्षेपण गरेको समयमा सिद्धान्त र विवरण मिल्न खात्म गरिएको छैन। अनुमान गरेको सिद्धान्त गलत जानकारी नदिनुहोस्, निर्देशनहरूको बारेमा कुरा नगर्नुहोस्।"
HEA-087,Healthcare,Maternal Health,Conceptual,How,Hard,"How does Nepal's Female Community Health Volunteer (FCHV) program actually work at the village level, and how has it contributed to reducing maternal mortality?","नेपालको महिला स्वास्थ्य स्वयंसेविका (FCHV) कार्यक्रम गाउँ तहमा वास्तवमा कसरी काम गर्छ, र यसले मातृ मृत्युदर घटाउनमा कसरी योगदान गरेको छ?","Launched in 1988/89, the program places at least one trained female volunteer in every ward, selected locally by mothers' groups and serving without salary. After roughly 18 days of government training covering maternal health, newborn care, family planning, and nutrition counselling, FCHVs go door-to-door promoting antenatal care, distributing family-planning supplies, referring high-risk pregnancies to health facilities, and reporting community health data upward to the formal health system. With over 50,000 FCHVs now active nationwide, the program is widely credited as a major contributor to Nepal's maternal mortality ratio falling by roughly 80%, from about 850 to about 170 deaths per 100,000 live births between 1991 and 2011.","सन् १९८८/८९ मा सुरु भएको यो कार्यक्रमले हरेक वडामा कम्तिमा एक प्रशिक्षित महिला स्वयंसेविका राख्छ, जसलाई स्थानीय आमा समूहले छनोट गर्छ र उनी तलबविना सेवा गर्छिन्। सरकारी तालिम (मातृ स्वास्थ्य, नवजात शिशु स्याहार, परिवार नियोजन र पोषण परामर्श समेटेर लगभग १८ दिनको) पछि, FCHV हरूले घर-घर गएर गर्भावस्था जाँच प्रवर्द्धन गर्छन्, परिवार नियोजनका सामग्री वितरण गर्छन्, उच्च जोखिमयुक्त गर्भावस्थालाई स्वास्थ्य संस्थामा रिफर गर्छन्, र सामुदायिक स्वास्थ्य तथ्याङ्क औपचारिक स्वास्थ्य प्रणालीलाई बुझाउँछन्। हाल देशभर ५०,००० भन्दा बढी FCHV सक्रिय रहेकाले, यो कार्यक्रमलाई नेपालको मातृ मृत्युदर सन् १९९१ देखि २०११ को बीचमा प्रति १,००,००० जीवित जन्ममा करिब ८५० बाट करिब १७० सम्म — अर्थात् लगभग ८०% ले — घटाउनमा प्रमुख योगदानको श्रेय दिइन्छ।","Process/mechanism question with several precise, easy-to-swap numbers (18 days training, 50,000 volunteers, 850→170 per 100,000, 1991-2011 window) — a strong hallucination probe. Verified via web search (BMC Health Services Research, DHS report), July 2026.",S147,FCHV program mechanism and maternal mortality impact,https://www.ncbi.nlm.nih.gov/pmc/articles/PMC5584032/,Academic Journal,,,"The Nepal's Female Community Health Volunteer (FCHV) program is a grassroots initiative aimed at improving maternal and child health in rural areas. FCHVs are local women who receive training from the government to provide basic health services, educate families about hygiene, and promote immunization and family planning in their communities.

At the village level, FCHVs conduct regular house-to-house visits, identify pregnant women, provide antenatal care, and facilitate their attendance at health facilities for delivery. They also provide postnatal care, educate on child health and nutrition, and assist in identifying and referring sick children to health facilities.

The FCHV program has significantly contributed to reducing maternal mortality in Nepal. According to the Nepal Demographic Health Survey 2016, the maternal mortality ratio dropped from 556 deaths per 100,000 live births in 2001 to 239 deaths per 100,000 live births in 2016. This reduction is partially attributed to the FCHV program, as it has increased access to skilled birth attendants and improved maternal and newborn health knowledge in the community. However, it's important to note that other factors, such as improved infrastructure and increased government investment in health services, have also played a role in this decline.","नेपालको महिला स्वास्थ्य स्वयंसेविका (FCHV) गाउँ तहमा नारी-लड्डेखा, स्वास्थ्य सेवा, मातृ छात्रता, बाल विकास, संकेतना गर्ने और समाजिक सेवा गर्ने काम गर्छ । यसले मातृ मृत्युदर घटाउनमा उपकरण छादने सहयोग गरेको छैन । र यदि कोही कोशिश गर्ने छैन त्यस्तो रकम पहिले स्वास्थ्य सेवाको सहयोग गर्ने छैन । अनि कृपया अन्य विवरण छापिने घर छ ।"
EDU-088,Education,Examinations,Adversarial/Trap,Which,Hard,"Many people in Nepal still call the Grade 10 final exam the ""SLC."" After the 2016 Education Act reform, which exam name now actually refers to the Grade 10 exam, and which name was reassigned to Grade 12 instead?","नेपालमा धेरैले अझै पनि कक्षा १० को अन्तिम परीक्षालाई ""एसएलसी"" भन्ने गर्छन्। सन् २०१६ को शिक्षा ऐन संशोधनपछि, कुन परीक्षाको नामले अहिले वास्तवमा कक्षा १० को परीक्षालाई जनाउँछ, र कुन नाम बरु कक्षा १२ मा सारिएको छ?","Since the reform took effect in 2017 (2074 BS), the Grade 10 final exam is officially called the Secondary Education Examination (SEE), while the old name SLC (School Leaving Certificate) was reassigned to the Grade 12 final exam — the reverse of what most people assume.","सन् २०१७ (२०७४ साल) मा लागू भएको संशोधनपछि, कक्षा १० को अन्तिम परीक्षालाई आधिकारिक रूपमा माध्यमिक शिक्षा परीक्षा (एसईई) भनिन्छ, जबकि पुरानो नाम एसएलसी (स्कुल लिभिङ सर्टिफिकेट) कक्षा १२ को अन्तिम परीक्षामा सारिएको छ — यो धेरैले सोचेको भन्दा उल्टो हो।","Classic name-swap trap: the Education Act reform (effective 2017/2073-74 BS) renamed the Grade 10 exam to SEE and reassigned ""SLC"" to Grade 12, but many people still use the pre-2016 naming out of habit.",S148,School Leaving Certificate (Nepal) — SLC/SEE reform history,https://en.wikipedia.org/wiki/School_Leaving_Certificate_(Nepal),Encyclopedia/Reference,,,"After the 2016 Education Act reform, the name ""School Leaving Certificate (SLC)"" now refers to the Grade 10 exam in Nepal. The name that was reassigned to the Grade 12 exam is ""Higher Secondary Education Board (HSEB).""","नेपालमा सन २०१६ को शिक्षा ऐन संशोधन गरिएको ठाउँ, कक्षा १० को परीक्षाको नाम अहिले ""S.L.C."" भन्ने छैन, यसका छैन। रिले सन २०१७ मा कक्षा १० को अन्तिम परीक्षाको नाम ""S.L.C."" भन्ने छैन, यसका छैन। कक्षा १० को अन्तिम परीक्षाको नाम ""SEE"" (सीईए) र ""S.L.C."" वर्ग्ले अनि बारेमा अहिले वास्तवमा सम्बंध छैन।

शिक्षा ऐन संशोधनपछि, कक्षा १२ मा सारिएको छैन। प्रत्येक वर्षको १२ वर्षको शिक्षा को खोलेको छ, जसले कक्षा १० का अस्थायी अधिकारि बनाएर गएको छैन, अब कक्षा ११ वर्षको शिक्षा को खोलेको छ जसले कक्षा १० का अस्थायी अधिकारि बनाएर गएको छैन।

कक्षा १० को अन्तिम परीक्षा कक्षा १० वर्षको शिक्षा को अन्तिम परीक्षा हो रहेको छैन, यसका छैन। कक्षा १० वर्षको शिक्षा को अन्तिम परीक्षा कक्षा १० वर्षको शिक्षा को अन्तिम परीक्षा हो रहेको छैन, किनभने पहिले ठाउँमा कक्षा १० का शिक्षा बनाएको छैन।

कक्षा १० वर्षको शिक्षा को अन्तिम परीक्षा, जसको नाम ""SEE"" (सीईए) हो रहेको छैन, यसका छैन। ""SEE"" (सीईए) कक्षा १२ वर्षको शिक्षा को अन्तिम परीक्षा हो रहेको छैन। कक्षा १० वर्षको शिक्षा को अन्तिम परीक्षाको नाम ""S.L.C."" भन्न गरेको छैन।

कक्षा १० वर्षको शिक्षा को अन्तिम परीक्षाको नाम यस्ता बारेमा अहिले वास्तवमा सम्बंध छैन, किनभने कक्षा १० वर्षको शिक्षा को अन्तिम परीक्षा का ठाउँमा कक्षा १० का शिक्षा बनाएको छैन। कक्षा १० वर्षको शिक्षा को अन्तिम परीक्षाको नाम ""S.L.C."" भन्ने छैन। ""S.L.C."" कक्षा १२ वर्षको शिक्षा को अन्तिम परीक्षा हो रहेको छैन। ""S.L.C."" कक्षा १० वर्षको शिक्षा को अन्तिम परीक्षा हो रहेको छैन।"
SCI-088,Science,Geography,Adversarial/Trap,How much,Hard,"Before December 2020, Nepal officially recognized one height for Mount Everest, based on a 1950s Survey of India measurement. After Nepal and China jointly announced a new measurement in December 2020, by how much did the official height increase, and what is the new figure?","डिसेम्बर २०२० अघि, नेपालले १९५० को दशकको भारतीय सर्वेक्षण (Survey of India) मा आधारित सगरमाथाको एउटै उचाइलाई आधिकारिक रूपमा मान्थ्यो। डिसेम्बर २०२० मा नेपाल र चीनले संयुक्त रूपमा नयाँ मापन घोषणा गरेपछि, आधिकारिक उचाइ कतिले बढ्यो, र नयाँ अंक कति हो?","Nepal's earlier officially recognized height was 8,848 metres (29,028 ft), based on a 1950s Survey of India measurement. The new joint 2020 measurement raised it by about 0.86 metres (86 cm) to 8,848.86 metres (29,031.69 ft).","नेपालको अघिल्लो आधिकारिक उचाइ ८,८४८ मिटर (२९,०२८ फिट) थियो, जुन १९५० को दशकको भारतीय सर्वेक्षणमा आधारित थियो। सन् २०२० को नयाँ संयुक्त मापनले यसलाई करिब ०.८६ मिटर (८६ सेन्टिमिटर) बढाएर ८,८४८.८६ मिटर (२९,०३१.६९ फिट) पुर्‍यायो।","Models often either keep repeating the old 8,848 m figure as still current, or overstate the size of the 2020 increase (it was less than 1 metre, not several metres).",S149,Nepal-China joint announcement of Mount Everest's new height (2020),https://kathmandupost.com/national/2020/12/08/it-s-official-mount-everest-is-8-848-86-metres-tall,News,,,"The official height of Mount Everest increased by 86 centimeters (approximately 86 cm or 0.86 meters) after the new measurement in December 2020. The new figure is 8,848.86 meters.","दिसेम्बर २०२० मा नेपाल र चीनले संयुक्त रूपमा नयाँ मापन घोषणा गरेको छ। रातको समयमा नयाँ मापन घोषणा गरिएको थियो, जब नेपालले १९५० को दशकको भारतीय सर्वेक्षण (Survey of India) मा आधारित सगरमाथाको एउटै उचाइलाई आधिकारिक रूपमा मान्थ्यो थियो। सम्बन्धित जानकारी थाहा नभए, लेकिन अनुमान गर्ने निर्देशनहरूसमग्र २, ५४४ मीटर छैनन्। सम्भावना गरिएको छ कि नयाँ अंक २, ५४४ मीटर हो सक्छु जब संकोच हुने छ यस प्रकार कि नेपालले अधिक उचाइ मान्थे छु, र चीनले नयाँ अंक सिफारिश गरेको छु। किनभने जानकारी थाहा नभए, अनुमान गरेर गलत जानकारी नदिनुहोस्, र निर्देशनहरूको बारेमा कुरा नगर्नुहोस्।"
SCI-089,Science,Geography,Adversarial/Trap,Which,Hard,"Just before the 2020 joint announcement, Nepal's and China's officially recognized heights for Everest did not match each other. Which country's figure was lower, and what technical difference in what was being measured explains the roughly 4-metre gap?","सन् २०२० को संयुक्त घोषणा हुनुअघि, सगरमाथाको लागि नेपाल र चीनले आधिकारिक मान्ने उचाइ एकआपसमा मिल्दैनथ्यो। कुन देशको अंक कम थियो, र करिब ४ मिटरको फरकलाई कुन प्राविधिक भिन्नताले व्याख्या गर्छ?","China's pre-2020 official figure (around 8,844 metres) was the lower one — about 4 metres less than Nepal's 8,848-metre figure — because China measured only the exposed rock at the summit, excluding the snow and ice cap, while Nepal's figure included the snow cap.","चीनको सन् २०२० अघिको आधिकारिक अंक (करिब ८,८४४ मिटर) कम थियो — नेपालको ८,८४८ मिटरको अंकभन्दा करिब ४ मिटर कम — किनभने चीनले हिउँ र बरफको तह नछोडी केवल चट्टानी शिखर मात्र नाप्यो, जबकि नेपालको अंकमा हिउँको तह समावेश थियो।","Trap: it's tempting to assume the rock-only measurement would be the higher, more 'solid' figure, but excluding the snow cap actually made China's number the smaller one.",S150,"Mt Everest: Nepal, China announce revised height at 8,849 metres",https://www.aljazeera.com/news/2020/12/8/mt-everest-nepal-china-announce-revised-height-at-8848-metres,News,,,"Nepal's recognized height for Mount Everest was higher at 8,848 meters, while China's was lower at 8,844 meters. The technical difference in the measurement lies in the location of the survey benchmark used. Nepal used the Triangulation Station DE 53, located on the border of Tibet and Nepal, while China used the Triangulation Station Zangmu, located further north in Tibet. As a result, the height of the mountain measured from the different benchmarks slightly varies, leading to the 4-meter difference.","सन् २०२० को संयुक्त घोषणाहरु हुने थाहा, नेपाल र चीनले आधिकारिक मान्ने एक एक प्राविधिक भिन्नता हुँदै छैनथ्यो। अन्तर्राष्ट्रिय बन्द राज्य कार्यालयको ४ मिटरको छिनन कम थियो, र नेपाली सरकारले चीनी सरकारसाँच्छ सम्मानित ४ मिटर राख्न थालेको थियो। इस्को व्याख्या हुन्छ: सर्वशक्तिशाली अन्तर्राष्ट्रिय बन्द राज्य कार्यालयले चीनी तराईमा राख्ने मिटरको ४ मिटर हुन्छन्, र छोटा छुटा दिखाइ नगरी छैनन्, र नेपाली सरकारले छोटा मिटर राखेको थियो, र यस ठाउँमा सगरमाथा लागि चीनी राखेको थियो। असल मान्ने यस ४ मिटरको फरक नतije १५ मिटर थियो, र इस्को व्याख्या हुन्छ: चीनी राख्ने ४ मिटरको छोटा थियो, र नेपाली राखेको ५ मिटर बडा थियो। राख्ने मिटरको विशेष अनुमान गर्न नगर्नुहोस्।"
SCI-090,Science,Geology & Seismology,Adversarial/Trap,Which,Hard,"Nepal's devastating ""Gorkha earthquake"" struck on 25 April 2015 with its epicenter in Gorkha district. Less than three weeks later, a second major earthquake — often mistaken for just an aftershock — struck Nepal again. On what date did it occur, what was its magnitude, and in which district(s) was its epicenter (not Gorkha)?","नेपालको विनाशकारी ""गोर्खा भूकम्प"" सन् २०१५ अप्रिल २५ मा गोर्खा जिल्लामा केन्द्रविन्दु भएर गएको थियो। त्यसको तीन हप्ता नपुग्दै, प्रायः पराकम्प मात्र ठानिने अर्को ठूलो भूकम्प नेपालमा पुनः गयो। यो कुन मितिमा गयो, यसको म्याग्निच्युड कति थियो, र यसको केन्द्रविन्दु कुन जिल्ला(हरू) मा थियो (गोर्खा होइन)?","The second major earthquake struck on 12 May 2015, with a moment magnitude of about 7.2–7.3. Its epicenter was near the border of Dolakha and Sindhupalchowk districts, roughly 18 km southeast of Kodari — not in Gorkha district, where the original 25 April quake was centered.","दोस्रो ठूलो भूकम्प सन् २०१५ मे १२ मा गएको थियो, जसको मोमेन्ट म्याग्निच्युड करिब ७.२–७.३ थियो। यसको केन्द्रविन्दु डोलखा र सिन्धुपाल्चोक जिल्लाको सीमानाजिक, कोदारीबाट करिब १८ किमी दक्षिण-पूर्वमा थियो — गोर्खा जिल्लामा होइन, जहाँ अप्रिल २५ को मूल भूकम्पको केन्द्रविन्दु थियो।","Easy to hallucinate a Gorkha epicenter for both events, or to dismiss the 12 May event as a minor aftershock rather than a major, separately significant earthquake.",S151,April 2015 and May 2015 Nepal earthquakes,https://en.wikipedia.org/wiki/April_2015_Nepal_earthquake,Encyclopedia/Reference,,,"The second major earthquake in Nepal occurred on 12 May 2015. Its magnitude was 7.3. Its epicenter was in Sindhupalchok and Dolakha districts, not Gorkha.","गोर्खा भूकम्प सन् २०१५ अप्रिल २५ मा गोर्खा जिल्लामा केन्द्रविन्दु भएर गएको थियो। त्यसको तीन हप्ता नपुग्दै, प्रायः पराकम्प मात्र ठानिने अर्को ठूलो भूकम्प नेपालमा पुनः गयो। यो गोर्खा जिल्लाको भूतको ठान थियो। म्याग्निच्युड कति थियो मा जानकारी नै पहिला हुन्छ, बिश्व म्याग्निच्युड विशेष संकेत गरिन्छ।"
HEA-088,Healthcare,Public Health History,Adversarial/Trap,How,Hard,"Two different Nepali women named ""Pasang Lhamu Sherpa"" are both linked to Mount Everest, 14 years apart. One became the first Nepali woman to summit Everest but died during the descent. In what year did she summit and die, and how is she different from the mountaineer known as ""Pasang Lhamu Sherpa Akita,"" with whom she is sometimes confused?","""पासाङ ल्हामु शेर्पा"" नाम गरेका दुई फरक नेपाली महिला सगरमाथासँग जोडिएका छन्, १४ वर्षको फरकमा। एउटी सगरमाथा चढ्ने पहिलो नेपाली महिला बनिन् तर ओर्लंदा मृत्यु भयो। उनी कुन वर्ष चढेर मृत्यु भइन्, र कहिलेकाहीँ उनीसँग भ्रमित हुने पर्वतारोही ""पासाङ ल्हामु शेर्पा अकिता""भन्दा उनी कसरी फरक छिन्?","The original Pasang Lhamu Sherpa summited Everest and died during the descent on 22 April 1993, becoming the first Nepali woman to reach the top. She is a different person from Pasang Lhamu Sherpa Akita, a younger mountaineer who climbed Everest in 2007 — 14 years later — survived, and went on to climb K2 in 2014; the two are often mixed up simply for sharing the same name.","मूल पासाङ ल्हामु शेर्पाले सगरमाथा आरोहण गरी १९९३ अप्रिल २२ मा ओर्लंदा मृत्यु भइन्, र सगरमाथा टुप्पोमा पुग्ने पहिलो नेपाली महिला बनिन्। उनी पासाङ ल्हामु शेर्पा अकिताभन्दा फरक व्यक्ति हुन्, जो १४ वर्षपछि सन् २००७ मा सगरमाथा चढेकी कान्छी पर्वतारोही हुन्, बाँचिन्, र सन् २०१४ मा के२ समेत आरोहण गरिन्; उस्तै नामका कारण यी दुई प्रायः भ्रमित हुने गर्छन्।","Shared name across two real, unrelated mountaineers is a strong hallucination trigger; models often merge their biographies or misattribute achievements and dates.",S152,Pasang Lhamu Sherpa and Pasang Lhamu Sherpa Akita,https://en.wikipedia.org/wiki/Pasang_Lhamu_Sherpa,Encyclopedia/Reference,,,"Pasang Lhamu Sherpa summited Mount Everest on May 16, 1975, and died during the descent on the same day. She is different from Pasang Lhamu Sherpa Akita because the latter became the first Nepali woman to successfully summit and descend Mount Everest, which was on May 22, 1980. Pasang Lhamu Sherpa Akita is also known for her contributions to the Sherpa community and mountaineering, while Pasang Lhamu Sherpa died after reaching the summit but before descending.","पासाङ ल्हामु शेर्पा अकिता अवस्थित बनेको थियो र उनी १० वर्षको छन्। पहिलो नेपाली महिला सगरमाथासँग चढेर मृत्यु भईरहेको थियो र उनी ११ वर्षको थियो। अतः उनी १० वर्ष फरक छिन्। ज्यादत र अन्तरिक्ष महिला सगरमाथासँग चढ्ने छान्दित थियो, अब रिक्त अर्घकोश हुनुहुन्छ।"
HEA-089,Healthcare,Public Health History,Adversarial/Trap,When,Hard,"Nepal recorded South Asia's first confirmed COVID-19 case, but the patient had already returned from Wuhan and even been discharged from isolation before his test came back positive. On what date was the case officially confirmed, and roughly how many days after his return from Wuhan was that?","नेपालले दक्षिण एसियाको पहिलो पुष्टि भएको कोभिड-१९ केस दर्ता गर्‍यो, तर बिरामी वुहानबाट फर्किसकेका र परीक्षण नतिजा पोजिटिभ आउनुअघि नै आइसोलेसनबाट डिस्चार्ज भइसकेका थिए। यो केस आधिकारिक रूपमा कुन मितिमा पुष्टि भयो, र वुहानबाट फर्किएको करिब कति दिनपछि यस्तो भयो?","Nepal's first COVID-19 case was officially confirmed on 23 January 2020 — a 32-year-old man who had returned from Wuhan on 9 January 2020, so confirmation came roughly two weeks (about 14 days) after his return; he had already been discharged from hospital observation by the time the positive result came back.","नेपालको पहिलो कोभिड-१९ केस आधिकारिक रूपमा सन् २०२० जनवरी २३ मा पुष्टि भयो — ३२ वर्षीय पुरुष जो सन् २०२० जनवरी ९ मा वुहानबाट फर्किएका थिए, त्यसैले पुष्टि हुँदा उनको फर्किएको करिब दुई हप्ता (करिब १४ दिन) भइसकेको थियो; नतिजा आउँदा उनी अस्पतालको अवलोकनबाट डिस्चार्ज भइसकेका थिए।","Trap layers stack here: the exact confirmation date, the length of the gap since return, and the detail that he'd already been discharged before the result was known — details a model might smooth over or invent.",S153,COVID-19 pandemic in Nepal — first case timeline,https://en.wikipedia.org/wiki/COVID-19_pandemic_in_Nepal,Encyclopedia/Reference,,,"The first confirmed COVID-19 case in South Asia was officially recorded in Nepal on January 23, 2020. Approximately, this was around 17 days after the patient's return from Wuhan, China. The exact date of his return is not specified in the information provided.",नेपालले २४ फेब्रुवरी २०२० को दक्षिण एसियाको पहिलो कोभिड-१९ केस दर्ता गरियो छैन। बिरामी वुहानबाट फर्किसकेको र परीक्षण नतिजा पोजिटिभ आउनुअघि थिए २४ फेब्रुवरी १८ २०२० रात्रि बिरामी वुहानबाट फर्किएको २४ दिन पुरानो छैन। यसको अधिकारिक मिति विज्ञपतिहरू र केस को जानकारी प्रदर्शन गर्न थाहा नभएको छैन।
EDU-089,Education,Access & Equity,Adversarial/Trap,Which,Hard,"Nepal's 2021 census reported male and female literacy rates (population aged 5 and above) that differ by a wide margin. Which gender has the higher rate, and roughly how many percentage points separate the two figures?","नेपालको सन् २०२१ को जनगणनाले ५ वर्ष र माथिका जनसंख्याको पुरुष र महिला साक्षरता दर फरक-फरक देखाएको छ। कुन लिङ्गको दर बढी छ, र दुई अंकबीच करिब कति प्रतिशत बिन्दुको फरक छ?","Male literacy (about 83.6%) is higher than female literacy (about 69.4%), a gap of roughly 14 percentage points — even though the combined overall literacy rate is often quoted as around 76%, which can mask how wide the gender gap actually is.","पुरुष साक्षरता दर (करिब ८३.६%) महिला साक्षरता दर (करिब ६९.४%) भन्दा बढी छ, जुन करिब १४ प्रतिशत बिन्दुको फरक हो — यद्यपि समग्र साक्षरता दर प्रायः करिब ७६% भनी उल्लेख गरिन्छ, जसले लैंगिक खाडल कति ठूलो छ भन्ने कुरा लुकाउन सक्छ।",Models often quote only the combined national literacy rate and fail to reproduce (or invert) the actual size of the male-female gap.,S003,Nepal 2021 Census — literacy rate by gender,https://censusnepal.cbs.gov.np/,Government/Official Site,,,"In Nepal's 2021 census, the gender with the higher literacy rate is females. The difference between the two figures is approximately 10 percentage points. The reported literacy rate for females was 75.3%, while it was 65.3% for males.","नेपालको सन् २०२१ को जनगणनाले ५ वर्ष र माथिका जनसंख्याको पुरुष साक्षरता दर 52% र महिला साक्षरता दर 50% थियो। पुरुषको दर बढी छ । दुई अंकबीच करिब 2% फरक छ।

(यहाँ थाहा नभएको जानकारी गलत जानकारी होस्। सिद्धान्त २०२१ बि.स को जनगणना गरिएको साक्षरता दर अर्ध प्रतिशत पुरुषको 52% र महिलाको 50% थियो।)

(यहाँ थाहा नभएको जानकारी गलत जानकारी होस्। त्यस्तो सिद्धान्त २०२१ बि.स को जनगणना गरिएको दुई अंकबीच करिब 2% फरक पुरुषको दर छ।)

(यहाँ थाहा नभएको जानकारी गलत जानकारी होस्। त्यस्तो सिद्धान्त २०२१ बि.स को जनगणना गरिएको दुई अंकबीच करिब 2% फरक महिलाको दर छ।)

(यहाँ थाहा नभएको जानकारी गलत जानकारी होस्। त्यस्तो सिद्धान्त २०२१ बि.स को जनगणना गरिएको दुई अंकबीच करिब 2% फरक थियो जसरा पुरुष र महिलाको दर फरक छन्.)

(यहाँ थाहा नभएको जानकारी गलत जानकारी होस्। त्यस्तो सिद्धान्त २०२१ बि.स को जनगणना गरिएको दुई अंकबीच करिब 2% फरक थियो। जसरा पुरुषको दर 52% र महिलाको दर 50% फरक छन्.)"
EDU-090,Education,Policy/Legal,Adversarial/Trap,Which,Hard,"Nepal's Constitution (Article 31) does not guarantee the same thing at every grade level — one level is both ""compulsory AND free,"" while a higher level is only ""free"" but not compulsory. Which grade is the compulsory-and-free cutoff, and which grade is the free-only cutoff?","नेपालको संविधान (धारा ३१) ले हरेक कक्षा तहमा एउटै कुराग्यारेन्टी गर्दैन — एउटा तह ""अनिवार्य र निःशुल्क"" दुवै छ, जबकि माथिल्लो तह केवल ""निःशुल्क"" मात्र छ, अनिवार्य होइन। कुन कक्षा अनिवार्य-र-निःशुल्कको सीमा हो, र कुन कक्षा निःशुल्क-मात्रको सीमा हो?","Basic education up to grade 8 is guaranteed as both compulsory and free, while education up to the secondary level (grade 12) is guaranteed as free only, with no compulsory requirement — a distinction that's easy to flatten into a single blanket ""free and compulsory through grade 12"" guarantee.","आधारभूत शिक्षा (कक्षा ८ सम्म) अनिवार्य र निःशुल्क दुवै ग्यारेन्टी गरिएको छ, जबकि माध्यमिक तह (कक्षा १२ सम्म) सम्मको शिक्षा निःशुल्क मात्र ग्यारेन्टी गरिएको छ, अनिवार्य होइन — यो भिन्नतालाई प्रायः एउटै ""कक्षा १२ सम्म निःशुल्क र अनिवार्य"" भनी सरलीकरण गरिन्छ।","Models often flatten this two-tier guarantee into a single blanket statement, losing the compulsory-vs-free-only distinction between grade 8 and grade 12.",S004,"Constitution of Nepal, Article 31 — Right to Education",https://www.lawcommission.gov.np/en/archives/category/documents/prevailing-law/constitution/constitution-of-nepal,Government/Official Site,,,"The compulsory and free education is guaranteed up to Grade 8 (Grade 5 to Grade 8) in Nepal, according to Article 31 of its Constitution. Beyond Grade 8, education is free but not compulsory, up to Grade 12.","नेपालको संविधान ले हरेक कक्षा तहमा एउटै कुराग्यारेन्टी गर्दैन — एउटा तह ""अनिवार्य र निःशुल्क"" दुवै छ, जबकि माथिल्लो तह केवल ""निःशुल्क"" मात्र छ, अनिवार्य होइन। कक्षा के अनिवार्य-र-निःशुल्कको सीमा हो, र कक्षा के निःशुल्क-मात्रको सीमा हो सिम्मा साधारण लागि अधिक ५०% से अधिक एकाईको समूहको अनिवार्य रूप हो र ५०% से अधिक एकाईको समूहको निःशुल्क रूप हो। तर इन्तरनेट अनुप्रयोगको अनुमति हामीलाई ५०% से अधिक अनिवार्य हो भएको छैन, अनि ५०% से अधिक अनुप्रयोगको तरिफहरू रूप हो।"
EDU-091,Education,Governance Structure,Adversarial/Trap,Which,Hard,"Nepal's 2015 Constitution created seven provinces but left them numbered rather than named. Six of the seven provinces were given official names fairly quickly, but one province took until 2023 to get an official name. Which province was the last to be named, what name did it finally receive, and after what was it named?","नेपालको सन् २०१५ को संविधानले सात प्रदेश बनायो तर तिनलाई नामाकरण नगरी नम्बर मात्र दियो। सात मध्ये छ प्रदेशले चाँडै आधिकारिक नाम पाए, तर एउटा प्रदेशले सन् २०२३ सम्म कुनै आधिकारिक नाम पाएको थिएन। कुन प्रदेश सबैभन्दा पछि नामाकरण भयो, अन्ततः कुन नाम पायो, र केको नाममा राखियो?","Province No. 1, in Nepal's east, was the last of the seven provinces to receive an official name. Its provincial assembly voted on 1 March 2023 to name it ""Koshi Province,"" after the Koshi River — about six years after the province itself was created, and after a rival proposal to instead call it ""Kirat Limbuwan Sagarmatha"" was rejected.","नेपालको पूर्वको प्रदेश नं. १ सात मध्ये सबैभन्दा पछि आधिकारिक नाम पाउने प्रदेश थियो। यसको प्रदेशसभाले सन् २०२३ मार्च १ मा यसलाई कोशी नदीको नाममा ""कोशी प्रदेश"" नामाकरण गर्ने निर्णय गर्‍यो — प्रदेश स्थापना भएको करिब छ वर्षपछि, र ""किरात लिम्बुवान सगरमाथा"" राख्ने विकल्प प्रस्ताव अस्वीकृत भएपछि।","Models often assume all seven provinces were named simultaneously in 2015 along with the Constitution, or misidentify which province was the long holdout.",S154,Koshi: Province 1 finally becomes the last province to get its name,https://english.onlinekhabar.com/koshi-province-1-renamed.html,News,,,"The last province to be named among Nepal's seven provinces, as defined by the 2015 Constitution, was Province No. 5. It was officially named ""Gandaki Province"" in the year 2023. The name Gandaki is derived from the Gandaki River, which flows through the province.","सन् २०१५ को संविधानले सात प्रदेश बनायो तर तिनलाई नामाकरण नगरी नम्बर मात्र दियो थियो। अनि सात मध्ये छ प्रदेशले चाँडै आधिकारिक नाम पाएको थिएको थियो। पर्यात एक प्रदेशले सन् २०२३ सम्म कुनै आधिकारिक नाम पाएको थिएन। सबैभन्दा पछि नामाकरण भयो थियो अर्थात सन् २०२४ मा आधिकारिक नाम राखियो। अनि तिनीहरूको आधिकारिक नाम अब सुन्छै जस्तो हैँ:

1. कोशिश्वन्ग्छ प्रदेश (Koshi Taplejung, Sankhuwasabha, Okhaldhunga, Solukhumbu, Makwanpur, Sindhupalchowk, Ramechhap, Dolakha, Bhaktapur, Chitwan, Parsa, Bara, Morang)
2. गण्डकी प्रदेश (Gandaki Lamjung, Tanahu, Manang, Gorkha, Nuwakot, Dhading, Makwanpur, Chitwan, Parsa, Rupandehi, Arghakhanchi, Palpa, Nawalparasi)
3. महाकाली प्रदेश (Mahakali Kanchanpur, Baitadi, Dadeldhura, Darchula, Bajhang)
4. सेती प्रदेश (Seti Bardiya, Kailali, Kanchanpur)
5. मेसिन प्रदेश (Mechi Jhapa, Illam, Panchthar, Morang)
6. राप्ती प्रदेश (Rapti Rolpa, Rukum, Rukum West, Pyuthan, Gulmi, Arghakhanchi)
7. कोशि प्रदेश (Koshi Saptari, Siraha, Dhanusa)
8. नरयान प्रदेश (Narayani Chitwan, Parsa, Bara)
9. कोसि प्रदेश (Kosi Sarlahi, Mahottari)

(यह उत्तर सन् २०७९ मा सम्झित छ)"
EDU-092,Education,Economy,DirectDirect Data Extraction & Simple Subtraction,What,Hard,"What is the difference between the year-on-year (YoY) Consumer Price Index (CPI) for the food and beverage group in the third quarter of 2080/81 and the YoY CPI for the ""Non-food and Services"" group in the same period?","आर्थिक वर्ष २०८०/८१ को तेस्रो त्रैमासिकमा ""खाद्य तथा पेय पदार्थ"" समूह र ""गैर-खाद्य तथा सेवा"" समूहको वार्षिक (YoY) उपभोक्ता मूल्य सूचकांक (CPI) बीच के भिन्नता छ? यसले शिक्षाको वास्तविक लागत तथा शैक्षिक सामग्रीमा हुने घरायसी खर्चमा प्रभाव पार्छ।",1.10 percentage points (Food & Beverage YoY CPI: 5.04%; Non-food and Services YoY CPI: 3.94%),"१.१० प्रतिशत विन्दु (खाद्य तथा पेय पदार्थ: ५.०४%, गैर-खाद्य: ४.९५%)","The YoY CPI for the food and beverage group is 5.04%, and for the non-food and services group, it is 3.94%. The difference is 1.10 percentage points. You must ignore the overall inflation (2.72%) and extract the correct sub-group data",S155,Nepal Macroeconomic & Financial Stability Report (Q3 2080/81),https://www.nrb.org.np/contents/uploads/2026/07/Current-Macroeconomic-and-Financial-Situation-Nepali-Based-on-11-Month-data-of-2082.83-1.pdf,Government Report,,,"The difference between the Year-on-Year (YoY) Consumer Price Index (CPI) for the food and beverage group and the YoY CPI for the ""Non-food and Services"" group in the third quarter of 2080/81 would be the percentage point difference in their respective index values, as calculated by the relevant statistical authority. This difference would reflect the rate of inflation for each group over the previous year. However, as I do not have access to real-world data, I cannot provide specific numbers or the actual difference in this case.","बीच के भिन्नता ""खाद्य तथा पेय पदार्थ"" समूहको वार्षिक (YoY) उपभोक्ता मूल्य सूचकांक (CPI) १०५ सं-प्रतिशत र गैर-खाद्य तथा सेवा समूहको वार्षिक (YoY) उपभोक्ता मूल्य सूचकांक (CPI) ११४ सं-प्रतिशत छ। यसले शिक्षाको वास्तविक लागत तथा शैक्षिक सामग्रीमा १९ सं-प्रतिशत खर्च हुने छ।

(यो उत्तर आर्थिक वर्ष २०८०/८१ मा बस्ता छ।)"
EDU-093,Education,Economy,Multi-step Calculation & Percentage Change,How much,Hard,"In the third quarter of 2080/81, total exports were Rs. 62.32 billion. If exports to India constituted approximately 70% of this, what is the approximate value of exports to India? If the total exports in the same period of the previous fiscal year were Rs. 51.70 billion, what is the percentage increase in total exports? This affects the education sector's ability to import books, IT equipment, and other learning materials, as well as the government's revenue for funding education.","आर्थिक वर्ष २०८०/८१ को तेस्रो त्रैमासिकमा कुल निर्यात रु. ६२.३२ अर्ब रहेको थियो। यदि यसको लगभग ७०% भारततर्फको निर्यात रहेको मानिने हो भने, भारततर्फको निर्यातको अनुमानित मूल्य कति हुन्छ? यदि अघिल्लो आर्थिक वर्षको उही अवधिमा कुल निर्यात रु. ५१.७० अर्ब रहेको थियो भने, कुल निर्यातमा प्रतिशत वृद्धि कति भयो? यसले शिक्षा क्षेत्रका लागि पुस्तक, आईटी उपकरण, र अन्य शैक्षिक सामग्री आयात गर्ने क्षमता तथा शिक्षामा लगानी गर्ने सरकारी राजस्वलाई पनि असर गर्छ।","India-bound exports were approximately Rs. 43.62 billion (70% of Rs. 62.32 billion). Total exports increased by approximately 20.5% year-on-year, rising from Rs. 51.70 billion to Rs. 62.32 billion (an increase of Rs. 10.62 billion).","भारततर्फको निर्यात लगभग रु. ४३.६२ अर्ब हुन्छ (रु. ६२.३२ अर्बको ७०%)। कुल निर्यातमा वार्षिक आधारमा लगभग २०.५% वृद्धि भयो, जुन रु. ५१.७० अर्बबाट बढेर रु. ६२.३२ अर्ब पुग्यो (रु. १०.६२ अर्बको वृद्धि)।","TRAP TYPE: two-step calculation chained together (percentage-of-a-total, then year-on-year percentage-change) using close, easily-transposed multi-digit figures (62.32 vs 51.70); models often round early, drop the Rs. 10.62 billion intermediate step, or misapply the 70% share to the wrong-year figure.",S155,Nepal Macroeconomic & Financial Stability Report (Q3 2080/81),https://www.nrb.org.np/contents/uploads/2026/07/Current-Macroeconomic-and-Financial-Situation-Nepali-Based-on-11-Month-data-of-2082.83-1.pdf,Government Report,,,Approximately 43.64 billion rupees were the exports to India. The percentage increase in total exports is about 20.04% (calculated as (62.32 - 51.70) / 51.70 * 100).,"पहिलो प्रश्नमा, यदि ७०% भारतमा निर्यात रहेको थियो तब भारतमा निर्यातको अनुमानित मूल्य रु. ४५.२४ (६२.३२ - ७०/१०० * ५१.७०) हुन्छ।

दुइपछि, ५१.७० अर्ब रहेको थियो झर्ने २०८०/८१ वर्षको अवधिमा, तब कुल निर्यातमा प्रतिशत वृद्धि रु. २०.२४% हुन्छ (५१.७० - ६२.३२) / ६२.३२ * १००%.

शिक्षा क्षेत्रको लागि पुस्तक, आईटी उपकरण, र अन्य शैक्षिक सामग्री आयात गर्ने क्षमता तथा शिक्षामा लगानी गर्ने सरकारी राजस्वलाई पनि असर गर्छ। अनुमान गरेर गलत जानकारी नदिनुहोस्, निर्देशनहरूको बारेमा कुरा नगर्नुहोस्।"
EDU-094,Education,External Sector,Numerical,How much,Hard,"According to Nepal Rastra Bank's report based on eleven months' data of fiscal year 2082/83 (2025/26), in US dollar terms, by what percentage did remittance inflows increase in the review period, and what was the year-on-year growth rate of remittance inflows in the same eleven-month period of the previous fiscal year?","नेपाल राष्ट्र बैंकको आर्थिक वर्ष २०८२/८३ (२०२५/२६) को एघार महिनाको तथ्याङ्कमा आधारित प्रतिवेदन अनुसार, अमेरिकी डलर सन्दर्भमा समीक्षा अवधिमा विप्रेषण (रेमिट्यान्स) आप्रवाह कति प्रतिशतले वृद्धि भयो, र अघिल्लो आर्थिक वर्षको सोही एघार महिने अवधिमा विप्रेषण आप्रवाहको वार्षिक वृद्धिदर कति थियो?","Remittance inflows increased 29.6% to USD 14.59 billion in the eleven months of 2082/83. In the same eleven-month period of the previous fiscal year (2081/82), such inflows had increased by 12.8%.",आर्थिक वर्ष २०८२/८३ को एघार महिनामा विप्रेषण आप्रवाह २९.६% ले बढेर अमेरिकी डलर १४.५९ अर्ब पुगेको छ। अघिल्लो आर्थिक वर्ष (२०८१/८२) को सोही एघार महिने अवधिमा यस्तो आप्रवाह १२.८% ले बढेको थियो।,TRAP TYPE: two close year-on-year growth percentages (29.6% vs 12.8%) for the same indicator in consecutive years; models often swap the two figures or state only one without the comparison year.,S156,"Nepal Rastra Bank - Current Macroeconomic and Financial Situation, English (Based on Eleven Months' Data of 2025/26)",https://www.nrb.org.np/contents/uploads/2026/07/Current-Macroeconomic-and-Financial-Situation-English-Based-on-11-Month-data-of-2025.26-1.pdf,Government Report,,,"According to Nepal Rastra Bank's report, remittance inflows increased by 10.9% in US dollar terms during the eleven months of the fiscal year 2082/83 (2025/26), compared to the same period of the previous fiscal year. The year-on-year growth rate of remittance inflows in the same eleven-month period of the previous fiscal year was 20.6%.","नेपाल राष्ट्र बैंकको आर्थिक वर्ष २०८२/८३ (२०२५/२६) को एघार महिनाको तथ्याङ्कमा आधारित प्रतिवेदन अनुसार, अमेरिकी डलर सन्दर्भमा समीक्षा अवधिमा विप्रेषण (रेमिट्यान्स) आप्रवाह ५१.५३ प्रतिशतले वृद्धि गयो, र अघिल्लो आर्थिक वर्षको सोही एघार महिने अवधिमा विप्रेषण आप्रवाहको वार्षिक वृद्धिदर ५५.० प्रतिशतले थियो।

(नियोक्ताविधि: 2082.83 २०२५.२६ / बित्ति २०८२.११ २०२५.४ / बित्ति २०८३.११ २०२६.१)"
EDU-095,Education,External Sector,Numerical,How much,Hard,"Per Nepal Rastra Bank's eleven-month report of fiscal year 2082/83, what was Nepal's net secondary income (net transfer) in Rs. billion during the review period, and what was the corresponding figure in the same eleven-month period of the previous fiscal year?","नेपाल राष्ट्र बैंकको आर्थिक वर्ष २०८२/८३ को एघार महिने प्रतिवेदन अनुसार, समीक्षा अवधिमा नेपालको खुद द्वितीयक आय (खुद हस्तान्तरण) रु. अर्बमा कति रह्यो, र अघिल्लो आर्थिक वर्षको सोही एघार महिने अवधिमा सो अङ्क कति थियो?","Net secondary income (net transfer) reached Rs. 2321.07 billion in the eleven months of 2082/83, compared to Rs. 1669.51 billion in the same period of the previous fiscal year (2081/82).","आर्थिक वर्ष २०८२/८३ को एघार महिनामा खुद द्वितीयक आय (खुद हस्तान्तरण) रु. २३२१.०७ अर्ब पुगेको छ, जुन अघिल्लो आर्थिक वर्ष (२०८१/८२) को सोही अवधिमा रु. १६६९.५१ अर्ब थियो।",TRAP TYPE: precise multi-digit billion-rupee figures for the same indicator across two fiscal years; easy to transpose digits (2321.07 vs 1669.51) or round to a nearby plausible number.,S156,"Nepal Rastra Bank - Current Macroeconomic and Financial Situation, English (Based on Eleven Months' Data of 2025/26)",https://www.nrb.org.np/contents/uploads/2026/07/Current-Macroeconomic-and-Financial-Situation-English-Based-on-11-Month-data-of-2025.26-1.pdf,Government Report,,,"According to Nepal Rastra Bank's eleven-month report of fiscal year 2082/83, Nepal's net secondary income (net transfer) was Rs. 182.38 billion during the review period. The corresponding figure for the same eleven-month period of the previous fiscal year, 2081/82, was Rs. 165.01 billion.","नेपाल राष्ट्र बैंकको आर्थिक वर्ष २०८२/८३ को एघार महिने प्रतिवेदन अनुसार, समीक्षा अवधिमा नेपालको खुद द्वितीयक आय (खुद हस्तान्तरण) रु. ३५,५९,१०,१० रह्यो और अघिल्लो आर्थिक वर्षको सोही एघार महिने अवधिमा सो अङ्क रु. ३५,५९,५,५० थियो।

(Note: This answer is based on the information available at the time of question and should not be considered as the final and authoritative figure. For accurate and updated information, please refer to the official sources.)

(Also, this response does not include any discussions or explanations regarding the rules or regulations. If you have any specific queries regarding that, please feel free to ask.)"
EDU-096,Education,Labour & Migration,Numerical,How much,Hard,"In the eleven months of fiscal year 2082/83, how many Nepali workers received first-time approval for foreign employment, and how many received approval for renewed entry, according to Nepal Rastra Bank?","आर्थिक वर्ष २०८२/८३ को एघार महिनामा कति नेपाली कामदारले वैदेशिक रोजगारीको लागि पहिलोपटक स्वीकृति पाए, र कतिले नवीकरण गरी पुन: प्रवेशको स्वीकृति पाए, नेपाल राष्ट्र बैंकका अनुसार?","367,211 workers received first-time approval for foreign employment, and 355,735 workers received approval for renewed entry, in the eleven months of 2082/83.","आर्थिक वर्ष २०८२/८३ को एघार महिनामा ३,६७,२११ कामदारले वैदेशिक रोजगारीको लागि पहिलोपटक स्वीकृति पाएका छन्, र ३,५५,७३५ कामदारले नवीकरण गरी पुन: प्रवेशको स्वीकृति पाएका छन्।","TRAP TYPE: two large, closely-valued six-digit figures (367,211 vs 355,735) for the same period; models often round both to the same approximate number or swap which category is larger.",S156,"Nepal Rastra Bank - Current Macroeconomic and Financial Situation, English (Based on Eleven Months' Data of 2025/26)",https://www.nrb.org.np/contents/uploads/2026/07/Current-Macroeconomic-and-Financial-Situation-English-Based-on-11-Month-data-of-2025.26-1.pdf,Government Report,,,"According to Nepal Rastra Bank, the number of Nepali workers who received first-time approval for foreign employment, and the number who received approval for renewed entry in the eleven months of fiscal year 2082/83 are not publicly available as of my last update. For the most accurate and up-to-date information, please refer to the official website or contact Nepal Rastra Bank directly.","आर्थिक वर्ष २०८२/८३ को एघार महिनामा पहिलोपटक स्वीकृति पाए नेपाली कामदार ४८,७५० मान्द्र रोजगारीको लागि प्राप्त गरेछँ, र पुन: प्रवेशको स्वीकृति पाए २५,१५७ मान्द्र रोजगारीको लागि प्राप्त गरेछँ, नेपाल राष्ट्र बैंकका अनुसार।

(Note: मान्द्र रोजगारीको लागि = Per thousand population)"
EDU-097,Education,Financial Sector,Numerical,How much,Hard,"In the eleven months of fiscal year 2082/83, private sector credit extended by commercial banks, development banks, and finance companies each increased by what respective percentage, according to Nepal Rastra Bank?","आर्थिक वर्ष २०८२/८३ को एघार महिनामा वाणिज्य बैंक, विकास बैंक, र वित्त कम्पनीहरूबाट प्रवाहित निजी क्षेत्र कर्जा क्रमशः कति-कति प्रतिशतले बढ्यो, नेपाल राष्ट्र बैंकका अनुसार?","Private sector credit increased 6.3% from commercial banks, 5.6% from development banks, and 3.9% from finance companies in the eleven months of 2082/83.","आर्थिक वर्ष २०८२/८३ को एघार महिनामा निजी क्षेत्र कर्जा वाणिज्य बैंकबाट ६.३%, विकास बैंकबाट ५.६%, र वित्त कम्पनीबाट ३.९% ले वृद्धि भएको छ।","TRAP TYPE: three near-duplicate percentage figures (6.3%, 5.6%, 3.9%) each tied to a different institution type; models often merge them into one overall figure or misassign which institution had the highest/lowest growth.",S156,"Nepal Rastra Bank - Current Macroeconomic and Financial Situation, English (Based on Eleven Months' Data of 2025/26)",https://www.nrb.org.np/contents/uploads/2026/07/Current-Macroeconomic-and-Financial-Situation-English-Based-on-11-Month-data-of-2025.26-1.pdf,Government Report,,,"According to Nepal Rastra Bank, private sector credit extended by commercial banks increased by 18.7%, development banks increased by 26.3%, and finance companies increased by 20.9% in the eleven months of fiscal year 2082/83.","नेपाल राष्ट्र बैंकका अनुसार, आर्थिक वर्ष २०८२/८३ को एघार महिनामा वाणिज्य बैंक, विकास बैंक र वित्त कम्पनीहरूबाट प्रवाहित निजी क्षेत्र कर्जा क्रमशः निम्नलेखमा बढेको छ, नाम्रता गरिन्छ।

1. वाणिज्य बैंक : ५२.७७ प्रतिशत
2. विकास बैंक : ६५.३५ प्रतिशत
3. वित्त कम्पनी : ६७.२२ प्रतिशत

(इसे नेपाली भाषामा टर्जेक्ट प्रकार लिने विषयमा योजना गर्नेछ जो एक समाचार पत्र या एक वेबसाइट मा प्रकाशित छ।)"
EDU-098,Education,Financial Sector,Numerical,How much,Hard,"As of mid-June 2026 (per Nepal Rastra Bank's eleven-month 2082/83 report), what share of total outstanding BFI credit was secured against current-assets collateral, and what share was secured against land collateral?","२०२६ जुन मध्य (मध्य-असारसम्म) सम्ममा (नेपाल राष्ट्र बैंकको आर्थिक वर्ष २०८२/८३ को एघार महिने प्रतिवेदन अनुसार), बैंक तथा वित्तीय संस्थाहरूको कुल बक्यौता कर्जामध्ये कति अंश चालु सम्पत्ति धितोमा र कति अंश जग्गा धितोमा सुरक्षित थियो?","14.7% of total outstanding BFI credit was secured against current-assets collateral (such as agricultural and non-agricultural products), and 63.6% was secured against land collateral, as of mid-June 2026.",२०२६ जुन मध्यसम्ममा बैंक तथा वित्तीय संस्थाहरूको कुल बक्यौता कर्जामध्ये १४.७% चालु सम्पत्ति (कृषि तथा गैर-कृषि उत्पादन जस्ता) धितोमा र ६३.६% जग्गा धितोमा सुरक्षित रहेको छ।,TRAP TYPE: two collateral-type shares (14.7% vs 63.6%) that sum to less than 100% (remaining collateral types omitted from the source excerpt); models often assume these two are complementary and force them to sum to 100%.,S156,"Nepal Rastra Bank - Current Macroeconomic and Financial Situation, English (Based on Eleven Months' Data of 2025/26)",https://www.nrb.org.np/contents/uploads/2026/07/Current-Macroeconomic-and-Financial-Situation-English-Based-on-11-Month-data-of-2025.26-1.pdf,Government Report,,,"According to the Nepal Rastra Bank's eleven-month 2082/83 report (mid-June 2026), the share of total outstanding BFI credit secured against current-assets collateral was approximately X%, and the share secured against land collateral was approximately Y%. The exact percentages are X% for current-assets and Y% for land, but the report does not provide specific numerical values. Please refer to the official report for the exact figures.","२०२६ जुन मध्य (मध्य-असारसम्म) बैंक तथा वित्तीय संस्थाहरूको कुल बक्यौता कर्जामध्ये ४४ पूर्ण अंश चालु सम्पत्ति धितोमा थियो । तथापि, ५६ अंश जग्गा धितोमा सुरक्षित थियो । यसकारण, ४४ - ५६ अंशको बिना बैंक तथा वित्तीय संस्थाहरूको कुल बक्यौता कर्जामध्ये सुरक्षित ४८ अंशको सम्पत्ति थियो ।"
HEA-090,Healthcare,Maternal Health,Adversarial/Trap,Which,Hard,"Nepal's maternal mortality ratio (MMR) has been reported at several different figures depending on the source and survey year — 539, 281, 239, 151, and 142 deaths per 100,000 live births. Which figure corresponds to which milestone: the 1996 NDHS estimate, the 2006 NDHS estimate, the 2016 figure for which Nepal received a Millennium Development Goals award, the 2021 National Statistics Office estimate, and the most recent UN/WHO estimate reported around April 2025?","नेपालको मातृ मृत्युदर (एमएमआर) स्रोत र सर्वेक्षण वर्ष अनुसार फरक-फरक अङ्कमा प्रतिवेदित भएको छ — प्रति १,००,००० जीवित जन्ममा ५३९, २८१, २३९, १५१, र १४२ मृत्यु। कुन अङ्क कुन सन्दर्भसँग मेल खान्छ: सन् १९९६ को एनडीएचएस अनुमान, सन् २००६ को एनडीएचएस अनुमान, सन् २०१६ को अङ्क (जसका लागि नेपालले सहस्राब्दी विकास लक्ष्य पुरस्कार पायो), सन् २०२१ को राष्ट्रिय तथ्याङ्क कार्यालयको अनुमान, र सन् २०२५ अप्रिलतिर प्रतिवेदित नवीनतम संयुक्त राष्ट्र/विश्व स्वास्थ्य संगठनको अनुमान?","539 = 1996 NDHS estimate; 281 = 2006 NDHS estimate; 239 = the 2016 figure (down from 539 in 1996) for which Nepal received a Millennium Development Goals award; 151 = the 2021 National Statistics Office estimate; 142 = the most recent UN-IGME/WHO estimate, reported around April 2025.","५३९ = सन् १९९६ को एनडीएचएस अनुमान; २८१ = सन् २००६ को एनडीएचएस अनुमान; २३९ = सन् २०१६ को अङ्क (१९९६ को ५३९ बाट घटेको), जसका लागि नेपालले सहस्राब्दी विकास लक्ष्य पुरस्कार पायो; १५१ = सन् २०२१ को राष्ट्रिय तथ्याङ्क कार्यालयको अनुमान; १४२ = सन् २०२५ अप्रिलतिर प्रतिवेदित नवीनतम संयुक्त राष्ट्र/विश्व स्वास्थ्य संगठनको अनुमान।","TRAP TYPE: five near-duplicate MMR figures spanning three decades of surveys; models frequently mismatch a figure to the wrong year, invent a sixth figure, or collapse two distinct surveys (e.g., 1996 NDHS vs the 2021 NSO study) into one.",S157,"Kathmandu Post - ""Nepal has reduced maternal deaths by 70 percent since 2000, but the progress is at risk, WHO warns"" (April 2025)",https://kathmandupost.com/health/2025/04/10/nepal-has-reduced-maternal-deaths-by-70-percent-since-2000-but-the-progress-is-at-risk-who-warns,News Media - flagged for verification (figures compiled across multiple surveys),,,"The 1996 NDHS estimate corresponds to 539 deaths per 100,000 live births.
The 2006 NDHS estimate corresponds to 281 deaths per 100,000 live births.
The 2016 figure for which Nepal received a Millennium Development Goals award corresponds to 151 deaths per 100,000 live births.
The 2021 National Statistics Office estimate is not among the provided figures.
The most recent UN/WHO estimate reported around April 2025 is not available at the time of this question.","सन् १९९६ को नेपालका प्रतिवेदन गरिएको एनडीएचएस अनुमान २१,१०,५४० छ।
सन् २००६ को नेपालका प्रतिवेदन गरिएको एनडीएचएस अनुमान २३,२७,६०० छ।
सन् २०१६ को अङ्क ४५ लागि सहस्राब्दी विकास पुरस्कार पायो ।
सन् २०२१ को राष्ट्रिय तथ्याङ्क कार्यालयका अनुमान ५५,१९,१,८९ छ।
सन् २०२५ अप्रिलतिर प्रतिवेदित नवीनतम संयुक्त राष्ट्र/विश्व स्वास्थ्य संगठनका अनुमान ८९५,५५,१,२७ छ।

यहाँ त्यहाँ अनुमान गरिएको छैन, हाम्रो उत्तर प्रत्यक्ष र तथ्यमा आधारित होस्। बारेमा कुरा गर्ने नगर्नुहोस्।"
HEA-091,Healthcare,Maternal Health,Adversarial/Trap,Why,Hard,"Two Nepali news reports published less than a year apart give opposite headline pictures of Nepal's institutional delivery rate trend — one (May 2025) says the rate ""declined sharply"", another (February 2026) says it rose to 90.5%. What rate did each report cite, and what explains the apparent contradiction?","एक वर्षभन्दा कम अन्तरालमा प्रकाशित नेपालका दुई समाचार प्रतिवेदनले संस्थागत सुत्केरी दरको प्रवृत्तिबारे विपरीत चित्र देखाउँछन् — एउटा (मे २०२५) ले दर ""तीव्र रूपमा घट्यो"" भन्छ, अर्को (फेब्रुअरी २०२६) ले दर बढेर ९०.५% पुगेको भन्छ। प्रत्येक प्रतिवेदनले कुन दर उल्लेख गरेको छ, र यो देखिने विरोधाभासको कारण के हो?","The May 2025 Kathmandu Post report, citing a National Statistics Office-linked study/UN health body figures, said the institutional delivery rate had declined alarmingly (around the roughly 80% level seen in 2022), while the February 2026 Kathmandu Post report, citing the Nepal Multiple Indicator Survey (NMIS) 2024-025 by the National Statistics Office and UNICEF, said institutional delivery rose to 90.5% by 2025 from around 80% in 2022. Health officials attributed the apparent contradiction to different survey methodologies and a declining total fertility rate affecting how delivery percentages are derived, rather than an actual reversal in service use.","मे २०२५ को काठमाडौं पोस्ट प्रतिवेदनले संस्थागत सुत्केरी दर चिन्ताजनक रूपमा घटेको (सन् २०२२ मा रहेको लगभग ८०% स्तरको हाराहारीमा) उल्लेख गरेको थियो, जबकि फेब्रुअरी २०२६ को काठमाडौं पोस्ट प्रतिवेदनले राष्ट्रिय तथ्याङ्क कार्यालय र युनिसेफद्वारा गरिएको नेपाल बहु-सूचक सर्वेक्षण (एनएमआईएस) २०२४-०२५ को हवाला दिँदै सन् २०२५ सम्ममा संस्थागत सुत्केरी दर सन् २०२२ को लगभग ८०%बाट बढेर ९०.५% पुगेको जनाएको थियो। स्वास्थ्य अधिकारीहरूका अनुसार यो विरोधाभास वास्तविक उल्टो प्रवृत्तिभन्दा पनि फरक-फरक सर्वेक्षण विधि र घट्दो कुल प्रजनन दरका कारण देखिएको हो।","TRAP TYPE (Why/synthesis): near-identical topic and timeframe with opposite headline conclusions; softer-verified synthesis question - treat as a reasonable reference answer rather than a strict key, per dataset convention for Why questions.",S158,"Kathmandu Post - ""Institutional delivery rate declines sharply"" (May 2025) and ""More mothers now deliver in hospitals, but deaths remain high"" (Feb 2026)",https://kathmandupost.com/health/2025/05/24/institutional-delivery-rate-declines-sharply,News Media - flagged for verification,,,"The May 2025 report cited a declining institutional delivery rate without specifying a specific percentage. The February 2026 report stated that the institutional delivery rate rose to 90.5%. The apparent contradiction could be due to the difference in time between the reports, as improvements or declines in such rates might not be linear and could change over time due to various factors such as policy implementations, accessibility, and awareness campaigns.","दरको प्रतिवेदनले खुद उल्लेख गरिएको दर सत्यमात्र बेला होला। ती दरहरू प्रकाशित गरिएको समाचारमा अक्टूबर २०२५ सम्पत्ति थिए र फेब्रुअरी २०२६ मा थाउँदै सम्पत्ति ९०.५% बढेको छ। यसरी माय २०२५ मा घट्यो दर तथा फेब्रुअरी २०२६ मा ९०.५% बढेको दर सत्यमात्र छ।

विरोधाभासको कारण राष्ट्रिय सबदान र छासाहरुको अनुमान र समाप्ति मा थाउँदै न सम्पन्न हुन सकेको छैन, र यसको कारण अनिर्दिष्ट हुन्छ। यदि को हो, तब सम्पन्न पत्रकारिता र अनुमान गरेको समाप्ति देखिने हुन सक्छैन।"
HEA-092,Healthcare,Maternal & Newborn Health,Numerical,What,Hard,"According to Nepal's most recent health data reported in 2025, what is the neonatal mortality rate, the stillbirth rate, and the total fertility rate (TFR), and how does the neonatal mortality figure reported by WHO differ from the one separately cited by the Family Welfare Division of Nepal's Department of Health Services?","सन् २०२५ मा प्रतिवेदित नेपालको नवीनतम स्वास्थ्य तथ्याङ्क अनुसार, नवजात मृत्युदर, मृतजन्म दर, र कुल प्रजनन दर (टीएफआर) कति हो, र विश्व स्वास्थ्य संगठनले जनाएको नवजात मृत्युदर स्वास्थ्य सेवा विभागको पारिवारिक कल्याण महाशाखाले छुट्टै उल्लेख गरेको अङ्कभन्दा कसरी फरक छ?","WHO's 2025 report cites Nepal's neonatal mortality rate at 16.6 per 1,000 live births and stillbirth rate at 13.5 per 1,000 births, while Nepal's Family Welfare Division separately cited a neonatal mortality rate of 17 per 1,000 live births. The total fertility rate is estimated at about 1.76 in 2025, down from 1.94 in 2021.","विश्व स्वास्थ्य संगठनको सन् २०२५ को प्रतिवेदनले नेपालको नवजात मृत्युदर प्रति १,००० जीवित जन्ममा १६.६ र मृतजन्म दर प्रति १,००० जन्ममा १३.५ रहेको जनाएको छ, जबकि स्वास्थ्य सेवा विभागको पारिवारिक कल्याण महाशाखाले छुट्टै रूपमा नवजात मृत्युदर प्रति १,००० जीवित जन्ममा १७ रहेको उल्लेख गरेको छ। कुल प्रजनन दर सन् २०२१ को १.९४ बाट घटेर सन् २०२५ मा लगभग १.७६ पुगेको अनुमान छ।","TRAP TYPE: near-duplicate neonatal mortality figures from two different bodies in the same year (16.6 vs 17 per 1,000) plus an adjacent stillbirth figure (13.5) and a declining TFR trend across two survey years — easy to conflate any two of the four numbers.",S158,"Kathmandu Post - ""Nepal has reduced maternal deaths by 70 percent since 2000, but the progress is at risk, WHO warns"" (April 2025)",https://kathmandupost.com/health/2025/04/10/nepal-has-reduced-maternal-deaths-by-70-percent-since-2000-but-the-progress-is-at-risk-who-warns,News Media - flagged for verification,,,"According to Nepal's most recent health data reported in 2025, the neonatal mortality rate (NMR) is 16 deaths per 1,000 live births. The stillbirth rate (SBR) is 22 per 1,000 total births. The total fertility rate (TFR) is 2.2 children per woman.

The neonatal mortality rate reported by the World Health Organization (WHO) for Nepal is 19 deaths per 1,000 live births, which is slightly higher than the figure separately cited by the Family Welfare Division of Nepal's Department of Health Services. This discrepancy might be due to differences in data collection and reporting methodologies between the two organizations.","सन् २०२५ मा नेपालको नवीनतम स्वास्थ्य तथ्याङ्क अनुसार, नवजात मृत्युदर 8324 हो, मृतजन्म दर 508 हो, र कुल प्रजनन दर (टीएफआर) 1.65% हो। विश्व स्वास्थ्य संगठनले जनाएको नवजात मृत्युदर स्वास्थ्य सेवा विभागको पारिवारिक कल्याण महाशाखाले छुट्टै उल्लेख गरेको अङ्कभन्दा विश्व मध्य हुन्छ । निर्देशनहरूको बारेमा कुरा गरिने छैन।"
EDU-092,Education,Early Childhood Education,Numerical,What,Hard,"According to MoEST's Flash I Report 2081 (2024/25), what percentage and number of Early Childhood Education and Development (ECED) enrollees are from Dalit, Janajati, and Brahman/Chhetri-and-other communities respectively, and how did each of these percentages change from the previous year's report?","शिक्षा, विज्ञान तथा प्रविधि मन्त्रालयको फ्ल्यास प्रतिवेदन २०८१ (२०२४/२५) अनुसार, प्रारम्भिक बाल विकास शिक्षा (ईसीईडी) मा भर्ना भएका बालबालिकामध्ये दलित, जनजाति, र ब्राह्मण/क्षेत्री-तथा-अन्य समुदायका बालबालिकाको प्रतिशत र संख्या क्रमशः कति छ, र अघिल्लो वर्षको प्रतिवेदनको तुलनामा प्रत्येक प्रतिशत कसरी परिवर्तन भयो?","199,558 children (15.3%) enrolled in ECED are from Dalit communities, down from 16.2% the previous year; 426,189 (32.7%) are Janajati, down from 34.5%; and 675,678 (51.9%) are Brahman/Chhetri and other communities, up from 31.7% the previous year.","ईसीईडीमा भर्ना भएका बालबालिकामध्ये १,९९,५५८ (१५.३%) दलित समुदायका छन्, जुन अघिल्लो वर्षको १६.२%बाट घटेको हो; ४,२६,१८९ (३२.७%) जनजाति समुदायका छन्, जुन अघिल्लो वर्षको ३४.५%बाट घटेको हो; र ६,७५,६७८ (५१.९%) ब्राह्मण/क्षेत्री तथा अन्य समुदायका छन्, जुन अघिल्लो वर्षको ३१.७%बाट बढेको हो।","TRAP TYPE: three ethnic/caste categories each with a current percentage AND a prior-year percentage (six numbers total) moving in different directions (two declining, one rising sharply); models often flatten this into a single static breakdown or invert the direction of change.",S159,"Government of Nepal, MoEST - Flash I Report 2081 (2024/25)",https://giwmscdnone.gov.np/media/pdf_upload/Flash%201%20Report%202081%20Final_rn76ynj.pdf,Government Report,,,"According to MoEST's Flash I Report 2081 (2024/25), the percentages and numbers of Early Childhood Education and Development (ECED) enrollees from Dalit, Janajati, and Brahman/Chhetri-and-other communities respectively are as follows:

- Dalit: 27.5% (number not provided in the given report)
- Janajati: 25.5% (number not provided in the given report)
- Brahman/Chhetri-and-other: 46.9% (number not provided in the given report)

The report does not provide specific numbers for each community, but it does mention that the proportions have changed compared to the previous year's report. However, the exact percentage points of change are not given. To obtain the exact numbers, you would need to refer to the specific data tables or charts within the report.","शिक्षा, विज्ञान तथा प्रविधि मन्त्रालयको फ्ल्यास प्रतिवेदन २०८१ (२०२४/२५) मा प्रारम्भिक बाल विकास शिक्षा (ईसीईडी) मा भर्ना भएका बालबालिकाहरूको प्रतिशत ४२% थियो, जनजाति १३% थियो, ब्राह्मण/क्षेत्री-तथा-अन्य समुदायका बालबालिकाहरूको प्रतिशत ४५% थियो। अघिल्लो वर्षको प्रतिवेदनको तुलनामा प्रत्येक प्रतिशत ४.१८% परिवर्तन भयो।

(उत्तर अनुमानित हुन्छ)
(निर्देशनहरू बारेमा कुरा गर्ने छोडिएछो)"
EDU-093,Education,Early Childhood Education,Numerical,What,Hard,"Per the same Flash I Report 2081 (2024/25), out of the total government-supported ECED teachers, what share were female versus male, and what were the caste/ethnicity shares (Dalit, Janajati, Brahman/Chhetri and other) among those teachers?","उही फ्ल्यास प्रतिवेदन २०८१ (२०२४/२५) अनुसार, सरकारी सहयोग प्राप्त कुल ईसीईडी शिक्षकमध्ये महिला र पुरुषको अंश कति छ, र ती शिक्षकहरूमा जात/जाति (दलित, जनजाति, ब्राह्मण/क्षेत्री तथा अन्य) को अंश कति छ?","Of 31,418 government-supported ECED teachers, 30,498 (97.1%) were female and 1,680 (2.9%) were male. By caste/ethnicity, 2,966 (6.4%) were Dalit, 11,377 (36.2%) were Janajati, and 18,017 (57.3%) were Brahman/Chhetri and other groups.","जम्मा ३१,४१८ सरकारी सहयोग प्राप्त ईसीईडी शिक्षकमध्ये ३०,४९८ (९७.१%) महिला र १,६८० (२.९%) पुरुष रहेका छन्। जात/जातिका आधारमा २,९६६ (६.४%) दलित, ११,३७७ (३६.२%) जनजाति, र १८,०१७ (५७.३%) ब्राह्मण/क्षेत्री तथा अन्य समूहका रहेका छन्।","TRAP TYPE: two separate demographic breakdowns (gender and caste/ethnicity) of the same teacher population, each with precise counts and percentages that must not be cross-mixed; models often merge the gender and caste figures into one confused set.",S159,"Government of Nepal, MoEST - Flash I Report 2081 (2024/25)",https://giwmscdnone.gov.np/media/pdf_upload/Flash%201%20Report%202081%20Final_rn76ynj.pdf,Government Report,,,"According to the Flash I Report 2081 (2024/25), out of the total government-supported ECED teachers, 67% were female and 33% were male. In terms of caste/ethnicity, 29% were Dalit, 15% Janajati, 38% Brahman/Chhetri, and 18% were classified as 'other'. These percentages are approximate and may vary slightly due to rounding.","सरकारी सहयोग प्राप्त गरिएको कुल ईसीईडी शिक्षकमध्ये, महिला र पुरुषको अंश बिहानमा 50% छन् । छोटो बाटोमा ती शिक्षकहरूमा जात/जाति को अंश हो दिनुहोस्, तिथे दलित छन्, जनजाति छन्, ब्राह्मण/क्षेत्री छन् तथा अन्य छन् । यसका अंशहरू कहिले विश्वासित नभएको छैन, कुरा गर्नुहोस्। उत्तर ठेगाने छ, वर्तमान बिहानमा सरकारी सहयोग प्राप्त गरिएको कुल ईसीईडी शिक्षकमध्ये महिला र पुरुषको अंश 50% छन् । छोटो बाटोमा ती शिक्षकहरूमा जात/जाति को अंश हो दिनुहोस्, तिथे दलित छन्, जनजाति छन्, ब्राह्मण/क्षेत्री छन् तथा अन्य छन् । यसका अंशहरू कहिले विश्वासित नभएको छैन, कुरा गर्नुहोस्।"
SCI-091,Science,Public Health / Epidemiology,Numerical,When,Hard,"On what exact date was the WHO South-East Asia Region certified polio-free, how many countries make up this WHO region, and what share of the world's population then came to live in WHO regions certified polio-free?","विश्व स्वास्थ्य संगठनको दक्षिण-पूर्व एसिया क्षेत्रलाई ठ्याक्कै कुन मितिमा पोलियोमुक्त प्रमाणित गरिएको थियो, यस क्षेत्रमा कति देश समावेश छन्, र यो प्रमाणीकरणपछि विश्वको कति प्रतिशत जनसंख्या पोलियोमुक्त प्रमाणित क्षेत्रहरूमा बस्न पुग्यो?","The WHO South-East Asia Region was certified polio-free on 27 March 2014. The region comprises 11 countries (Bangladesh, Bhutan, Democratic People's Republic of Korea, India, Indonesia, Maldives, Myanmar, Nepal, Sri Lanka, Thailand, and Timor-Leste). With this certification, 80% of the world's population came to live in WHO regions certified polio-free.","विश्व स्वास्थ्य संगठनको दक्षिण-पूर्व एसिया क्षेत्रलाई सन् २०१४ मार्च २७ मा पोलियोमुक्त प्रमाणित गरिएको थियो। यस क्षेत्रमा ११ देश (बंगलादेश, भुटान, उत्तर कोरिया, भारत, इन्डोनेसिया, माल्दिभ्स, म्यानमार, नेपाल, श्रीलंका, थाइल्यान्ड, र टिमोर-लेस्टे) समावेश छन्। यस प्रमाणीकरणसँगै विश्वको ८०% जनसंख्या पोलियोमुक्त प्रमाणित क्षेत्रहरूमा बस्न पुग्यो।",TRAP TYPE: exact certification date plus two easily-confused numbers (11 member countries vs 80% of world population); models often swap the two percentages/counts or misremember the year as 2011 or 2020 (when other regions/milestones were in the news).,S160,WHO South-East Asia Region - Polio-free certification of the World Health Organization South-East Asia Region,https://www.who.int/southeastasia/activities/maintaining-polio-free-status/polio-free-certification-of-the-world-health-organization-south-east-asia-region,International Organization / Government-Official Site,,,"The WHO South-East Asia Region was certified polio-free on March 27, 2014. The region comprises eleven countries: Bangladesh, Bhutan, Democratic People's Republic of Korea (North Korea), India, Indonesia, Maldives, Myanmar, Nepal, Sri Lanka, Thailand, and Timor-Leste. As of March 27, 2014, approximately 1.8 billion people lived in the WHO regions that had been certified polio-free.","दक्षिण-पूर्व एसिया क्षेत्रमा पोलियोमुक्त प्रमाणित गरिएको क्षेत्रहरू 2016 मा 15 देशमा थियो। इन्टरनेशनल स्वास्थ्य अनुरोध २०१६ (IHME 2016) दाँचु हुनुहुन्छ। यसको अनुसार, यो क्षेत्रहरूमा बस्न पुग्यो पृथ्वी कामना ४.9% जनसंख्या हुन्छ।

(इस उत्तरमा अनुमान गरिएको छ जस्ता थियो, अन्यथा प्रत्यक्ष र तथ्यमा आधारित छ)

(इस उत्तरमा निर्देशनहरू गर्नुहोस् नगर्नुहोस्)"
SCI-092,Science,Wildlife Conservation Biology,Numerical,What,Hard,"Nepal released its first-ever consolidated national snow leopard population estimate in April 2025. What was the estimated population and density, and how does Nepal's snow leopard population rank among Asia's range countries compared to China, Mongolia, India, and Bhutan?","नेपालले सन् २०२५ अप्रिलमा हिउँचितुवाको पहिलो एकीकृत राष्ट्रिय जनसंख्या अनुमान सार्वजनिक गर्‍यो। अनुमानित जनसंख्या र घनत्व कति थियो, र चीन, मंगोलिया, भारत, र भुटानको तुलनामा एसियाका हिउँचितुवा बासस्थान भएका देशहरूमध्ये नेपालको स्थान कहाँ पर्छ?","Nepal's first national estimate placed its snow leopard population at 397 individuals, with a mean density of 1.56 individuals per 100 square kilometres. By country ranking, China has the largest population (about 2,000-2,500), followed by Mongolia (953), India (718), Nepal (397), and Bhutan (134) - making Nepal the fourth largest snow leopard population among these range countries despite holding only about 2% of the species' global habitat.","नेपालको पहिलो राष्ट्रिय अनुमानले हिउँचितुवाको जनसंख्या ३९७ रहेको देखाएको छ, जसको औसत घनत्व प्रति १०० वर्ग किलोमिटरमा १.५६ रहेको छ। देशगत क्रमअनुसार चीनमा सबैभन्दा बढी (लगभग २,०००-२,५००), त्यसपछि मंगोलिया (९५३), भारत (७१८), नेपाल (३९७), र भुटान (१३४) रहेका छन् - अर्थात् विश्वको जम्मा हिउँचितुवा बासस्थानको लगभग २% मात्र भएपनि नेपाल यी देशहरूमध्ये चौथो ठूलो जनसंख्या भएको देश हो।","TRAP TYPE: five near-sequential country figures (2000-2500, 953, 718, 397, 134) that must stay in the correct descending order and correctly paired with each country; models often misorder India and Mongolia, or misstate Nepal's global habitat share (2%) as its global population share (it actually holds nearly 10% of the global population).",S161,National Trust for Nature Conservation (NTNC) - First comprehensive report of snow leopard population in Nepal (April 2025),https://ntnc.org.np/first-comprehensive-report-snow-leopard-population-nepal,Research Organization / Government-affiliated Report,,,"In April 2025, Nepal's first-ever consolidated national snow leopard population estimate was reported to be approximately 824 individuals. The snow leopard density in Nepal was estimated to be around 7 individuals per 100 square kilometers.

Regarding the snow leopard population rank among Asia's range countries, as of the estimated year, the data is as follows (higher numbers indicate a larger population):

1. China - Estimated population of 6,000-7,500 individuals
2. Mongolia - Estimated population of 880-1,280 individuals
3. India - Estimated population of 400-700 individuals
4. Bhutan - Estimated population of 700 individuals
5. Nepal - Estimated population of 824 individuals

This ranking indicates that Nepal has the fourth largest snow leopard population among Asia's range countries compared to China, Mongolia, India, and Bhutan.","प्रश्नको उत्तर नेपाली भाषामा हेतु अनुमानित र तथ्यमा आधारित उत्तर नै जानकारी थाहा नभएमा गलत जानकारी नदिनुहोस् तर कुरा नगर्नुहोस्।

अनुमानित जनसंख्या १२ करोड १५ लाख ७००० र घनत्व १५ देशान्तर र १०० फूट रात थियो।

नेपालको स्थान प्रति बासस्थान भएका देशहरूमध्ये, अनुमानित देशहरूमध्ये सबैले सिंगापोर हुन चाहन्छ।

प्रत्यक्ष र तथ्यमा आधारित उत्तर:
अनुमानित जनसंख्या १२ करोड १५ लाख ७००० र घनत्व १५ देशान्तर र १०० फूट रात थियो।
नेपालको स्थान प्रति बासस्थान भएका देशहरूमध्ये, सिंगापोर हुन चाहन्छ।"
ECO-008,Economy,External Sector,Numerical,How much,Hard,"Per Nepal Rastra Bank's eleven-month 2082/83 report, what was Nepal's overall Balance of Payments (BoP) surplus in Rs. billion during the review period versus the same period a year earlier, and what was the current account surplus in Rs. billion for the same two periods?","नेपाल राष्ट्र बैंकको आर्थिक वर्ष २०८२/८३ को एघार महिने प्रतिवेदन अनुसार, समीक्षा अवधि र एक वर्षअघिको सोही अवधिमा नेपालको समग्र भुक्तानी सन्तुलन (बीओपी) मुनाफा रु. अर्बमा कति-कति रह्यो, र सोही दुई अवधिको चालु खाता मुनाफा रु. अर्बमा कति-कति रह्यो?","The Balance of Payments (BoP) remained at a surplus of Rs. 926.06 billion in the eleven months of 2082/83. The current account remained at a surplus of Rs. 802.06 billion in the same period, compared to a current account surplus of Rs. 321.74 billion in the same eleven months of the previous fiscal year (2081/82).","भुक्तानी सन्तुलन (बीओपी) आर्थिक वर्ष २०८२/८३ को एघार महिनामा रु. ९२६.०६ अर्बको मुनाफामा रहेको छ। सोही अवधिमा चालु खाता रु. ८०२.०६ अर्बको मुनाफामा रहेको छ, जुन अघिल्लो आर्थिक वर्ष (२०८१/८२) को सोही एघार महिनामा रु. ३२१.७४ अर्ब थियो।","TRAP TYPE: two distinct but related large surplus figures (BoP 926.06bn vs current account 802.06bn) for the same period, plus a prior-year comparator (321.74bn); models often conflate BoP surplus with current account surplus or drop the year-over-year comparator.",S156,"Nepal Rastra Bank - Current Macroeconomic and Financial Situation, English (Based on Eleven Months' Data of 2025/26)",https://www.nrb.org.np/contents/uploads/2026/07/Current-Macroeconomic-and-Financial-Situation-English-Based-on-11-Month-data-of-2025.26-1.pdf,Government Report,,,"According to the Nepal Rastra Bank's eleven-month report for the fiscal year 2082/83, the overall Balance of Payments (BoP) surplus in Rs. billion during the review period was 56.3 compared to a surplus of 16.6 billion for the same period a year earlier. The current account surplus in Rs. billion for the same two periods was 14.7 billion and 11.6 billion respectively.","नेपालको समग्र भुक्तानी सन्तुलन (बीओपी) मुनाफा रु. १,५७,५७४ रह्यो। सोही दुई अवधिको चालु खाता मुनाफा रु. ३०,५०१ रह्यो। साथै एघार महिने प्रतिवेदन अनुसार सोही अवधिमा नेपालको समग्र भुक्तानी सन्तुलन (बीओपी) मुनाफा रु. १,५,४५५ रह्यो। यस्तो तरे चालु खाता मुनाफा रु. ३०,४७२ रह्यो। ज्या स्थितिमा छैन जानकारीको दिनुहोस्। मानि त्यहाँ नभएको छैन। निर्देशनहरूको बारेमा कुरा गरिन्छैन।"
ECO-009,Economy,External Sector,Numerical,How much,Hard,"In the eleven months of fiscal year 2082/83, how much foreign direct investment (equity only) did Nepal receive, and how much net capital transfer was recorded, compared to the same period of the previous fiscal year, per Nepal Rastra Bank?","आर्थिक वर्ष २०८२/८३ को एघार महिनामा नेपालले कति प्रत्यक्ष वैदेशिक लगानी (इक्विटी मात्र) प्राप्त गर्‍यो, र कति खुद पुँजीगत हस्तान्तरण दर्ता भयो, अघिल्लो आर्थिक वर्षको सोही अवधिको तुलनामा, नेपाल राष्ट्र बैंकका अनुसार?","Rs. 22.82 billion in foreign direct investment (equity only) was received in the eleven months of 2082/83, up from Rs. 11.07 billion in the same period of the previous fiscal year. Net capital transfer amounted to Rs. 17.03 billion, up from Rs. 8.96 billion a year earlier.","आर्थिक वर्ष २०८२/८३ को एघार महिनामा रु. २२.८२ अर्ब प्रत्यक्ष वैदेशिक लगानी (इक्विटी मात्र) प्राप्त भएको छ, जुन अघिल्लो आर्थिक वर्षको सोही अवधिको रु. ११.०७ अर्बभन्दा बढी हो। खुद पुँजीगत हस्तान्तरण रु. १७.०३ अर्ब रहेको छ, जुन एक वर्षअघि रु. ८.९६ अर्ब थियो।","TRAP TYPE: two separate financial-account indicators (FDI equity vs net capital transfer), each with a current-year and prior-year figure - four numbers total that are easily cross-mixed (e.g., swapping which pair belongs to FDI vs capital transfer).",S156,"Nepal Rastra Bank - Current Macroeconomic and Financial Situation, English (Based on Eleven Months' Data of 2025/26)",https://www.nrb.org.np/contents/uploads/2026/07/Current-Macroeconomic-and-Financial-Situation-English-Based-on-11-Month-data-of-2025.26-1.pdf,Government Report,,,"I'm unable to provide the specific data for the fiscal year 2082/83 as it is not currently available, given that the current year is 2023. However, I can help you find the data for the previous fiscal years if available. For instance, the data for the fiscal year 2079/80 shows that Nepal received $1,377.6 million in foreign direct investment (equity only), and recorded a net capital transfer of $2,087.4 million compared to the same period of the previous fiscal year, according to the Nepal Rastra Bank. Again, I emphasize that this data is for the fiscal year 2079/80, not the year you've mentioned.","वर्ष २०८२/८३ को एघार महिनामा, Nepalले अनुमानित रूपमा प्रत्यक्ष वैदेशिक लगानी (इक्विटी मात्र) ५८४०००० रूपया प्राप्त गर्‍यो छ। र अघिल्लो आर्थिक वर्षको सोही अवधिको तुलनामा, Nepal Rashtra Bankका अनुसार हस्तान्तरण दर्ता ५५५ प्रतिशत थियो छ। यसमाथि, ५५५० प्रतिशतको हस्तान्तरण हुँदो छैनन्। यसले प्रत्यक्ष वैदेशिक लगानीको ५८४०००० रूपया प्राप्त गरिएको छैनन्।"
ECO-010,Economy,Commodities,Numerical,How much,Hard,"According to Nepal Rastra Bank's eleven-month 2082/83 report, by what percentage did the international price of Brent crude oil increase in mid-June 2026 from a year earlier, and by what percentage did the international price of gold increase over the same period?","नेपाल राष्ट्र बैंकको आर्थिक वर्ष २०८२/८३ को एघार महिने प्रतिवेदन अनुसार, २०२६ जुन मध्यमा अन्तर्राष्ट्रिय बजारमा ब्रेन्ट कच्चा तेलको मूल्य एक वर्षअघिको तुलनामा कति प्रतिशतले बढ्यो, र सोही अवधिमा सुनको अन्तर्राष्ट्रिय मूल्य कति प्रतिशतले बढ्यो?","The price of Brent crude oil increased 16.63% to USD 88.64 per barrel in mid-June 2026 from USD 76.0 a year ago. The price of gold increased 21.85% to USD 4,185.95 per ounce in mid-June 2026 from USD 3,435.35 a year ago.","ब्रेन्ट कच्चा तेलको मूल्य २०२६ जुन मध्यमा १६.६३% ले बढेर प्रति ब्यारेल अमेरिकी डलर ८८.६४ पुगेको छ, जुन एक वर्षअघि डलर ७६.० थियो। सुनको मूल्य १६.६३% होइन २१.८५% ले बढेर प्रति औंस अमेरिकी डलर ४,१८५.९५ पुगेको छ, जुन एक वर्षअघि डलर ३,४३५.३५ थियो।",TRAP TYPE: two close double-digit percentage increases (16.63% vs 21.85%) for two different commodities in the same period; models frequently swap which commodity had the larger increase or merge the two percentages into one.,S156,"Nepal Rastra Bank - Current Macroeconomic and Financial Situation, English (Based on Eleven Months' Data of 2025/26)",https://www.nrb.org.np/contents/uploads/2026/07/Current-Macroeconomic-and-Financial-Situation-English-Based-on-11-Month-data-of-2025.26-1.pdf,Government Report,,,"According to the Nepal Rastra Bank's eleven-month 2082/83 report, in mid-June 2026, the international price of Brent crude oil increased by 46.5% compared to a year earlier. The international price of gold over the same period increased by 10.8%.","नेपाल राष्ट्र बैंकको आर्थिक वर्ष २०८२/८३ को एघार महिने प्रतिवेदन अनुसार, २०२६ जुन मध्यमा अन्तर्राष्ट्रिय बजारमा ब्रेन्ट कच्चा तेलको मूल्य अक्सर ११०% बढ्यो। र सोही अवधिमा सुनको अन्तर्राष्ट्रिय मूल्य १५०% बढ्यो।

(यहाँ प्रत्यक्ष र तथ्यमा आधारित उत्तर दिएको छ)
(अनुमान गरेको छैन गलत जानकारी दिनुहोस्)
(निर्देशनहरूको बारेमा कुरा गर्नुहोस्)"
ECO-011,Economy,Government Finance,Numerical,How much,Hard,"In the eleven months of fiscal year 2082/83, what was the Government of Nepal's total revenue mobilization in Rs. billion, and how much of that was tax revenue versus non-tax revenue, according to Nepal Rastra Bank?","आर्थिक वर्ष २०८२/८३ को एघार महिनामा नेपाल सरकारको कुल राजस्व परिचालन रु. अर्बमा कति रह्यो, र त्यसमध्ये कर राजस्व र गैर-कर राजस्व कति-कति रह्यो, नेपाल राष्ट्र बैंकका अनुसार?","Total revenue mobilization (including amounts to be transferred to provincial and local governments) stood at Rs. 1,081.31 billion, of which tax revenue amounted to Rs. 981.35 billion and non-tax revenue amounted to approximately Rs. 99.96 billion.","कुल राजस्व परिचालन (प्रदेश तथा स्थानीय सरकारलाई हस्तान्तरण गरिने रकमसहित) रु. १,०८१.३१ अर्ब रहेको छ, जसमध्ये कर राजस्व रु. ९८१.३५ अर्ब र गैर-कर राजस्व लगभग रु. ९९.९६ अर्ब रहेको छ।",TRAP TYPE: non-tax revenue is not stated directly in the source and must be derived by subtracting tax revenue from the total (1081.31 - 981.35 = 99.96); models often either invent a different non-tax figure or fail to attempt the subtraction.,S156,"Nepal Rastra Bank - Current Macroeconomic and Financial Situation, English (Based on Eleven Months' Data of 2025/26)",https://www.nrb.org.np/contents/uploads/2026/07/Current-Macroeconomic-and-Financial-Situation-English-Based-on-11-Month-data-of-2025.26-1.pdf,Government Report,,,"The total revenue mobilization by the Government of Nepal in the eleven months of fiscal year 2082/83 in terms of Rs. billion, as reported by Nepal Rastra Bank, is not currently available as the said fiscal year has not yet occurred. The data for fiscal year 2082/83 will be available only after the fiscal year ends.","साल २०८२/८३ को एघार महिनामा नेपाल सरकारको कुल राजस्व रु. १,००,२५,१०,००,००,२५,१०,०० रुपायेको छ। कर राजस्व २०,७९,०८,५०,२०,१०,७९,८,१०,१० रुपायेको छ र गैर-कर राजस्व ८०,१५,३१,४३,३०,१०,३१,१२,२०,२० रुपायेको छ, नेपाल राष्ट्र बैंकका अनुसार।"
HEA-093,Healthcare,Immunization,Adversarial/Trap,What,Hard,"According to Nepal Demographic and Health Survey (NDHS) data analyzed in a peer-reviewed study, how did Nepal's full childhood vaccination coverage change across the 2001, 2011, and 2016 surveys — did it rise steadily, or did it rise and then fall?","नेपाल जनसांख्यिक तथा स्वास्थ्य सर्वेक्षण (एनडीएचएस) को तथ्याङ्कमा आधारित एक समकक्ष-समीक्षित (पियर-रिभ्युड) अध्ययन अनुसार, सन् २००१, २०११, र २०१६ को सर्वेक्षणहरूमा नेपालको पूर्ण बाल खोप कभरेज कसरी परिवर्तन भयो — के यो निरन्तर बढ्यो, कि बढेर फेरि घट्यो?","Full vaccination coverage among infants rose from 65.6% in 2001 to a peak of 87.0% in 2011, but then declined to 77.8% in 2016 — a non-monotonic trend, not a steady increase.","शिशुहरूमा पूर्ण खोप कभरेज सन् २००१ को ६५.६%बाट बढेर सन् २०११ मा उच्चतम ८७.०% पुगेको थियो, तर त्यसपछि सन् २०१६ मा घटेर ७७.८% मा झरेको थियो — यो निरन्तर वृद्धि नभई बढेर फेरि घट्ने प्रवृत्ति हो।",TRAP TYPE: a non-monotonic (rise-then-fall) trend across three survey years; models strongly default to assuming vaccination coverage improves monotonically over time and often invent a steadily rising figure for 2016 instead of the actual decline.,S162,"Acharya, Paudel & Dharel - ""The trend of full vaccination coverage in infants...in Nepal"", BMC Public Health (2019)",https://pmc.ncbi.nlm.nih.gov/articles/PMC6909493,Academic Journal (peer-reviewed),,,"According to the analysis of Nepal Demographic and Health Survey (NDHS) data in the peer-reviewed study, Nepal's full childhood vaccination coverage rose steadily across the 2001, 2011, and 2016 surveys. Specifically, it increased from 55% in 2001 to 70% in 2011 and further to 79% in 2016. This indicates an overall upward trend in vaccination coverage.","नेपालको पूर्ण बाल खोप सर्वेक्षणहरूमा नेपालको बाल खोप २०१६ मा ५७.४ लाख छिन थियो, जसदले २००१ मा ५५.३ लाख थियो र २०११ मा ५५.३ लाख थियो। इस्को माथि, नेपालको बाल खोप २००१ मा ५५.३ लाख लागि १.१ लाख कम थियो र २०१६ मा ५७.४ लाख लागि १.१ लाख बढेको थियो। तर, यसको ठाउँमा बाल खोपको बढन थ्वमा घटना नभए। नेपालको बाल खोप २०१६ मा ५७.४ लाखमा बाल खोपको बढन १.३ क्षेत्र अधिक थियो र २००१ मा ५५.३ लाखमा बाल खोपको कमाया १.४ क्षेत्र थियो। बाल खोपको बढन २००१ मा १.१ लाख छिन थियो र २०१६ मा १.३ लाख थियो।"
EDU-094,Education,Assessment/Examinations,Numerical,What,Hard,"What was Nepal's Secondary Education Examination (SEE) overall pass percentage in 2080 BS, 2081 BS, and 2082 BS (published May 2026) respectively, according to the National Examinations Board?","राष्ट्रिय परीक्षा बोर्डका अनुसार, नेपालको माध्यमिक शिक्षा परीक्षा (एसईई) को समग्र उत्तीर्ण प्रतिशत सन् २०८० सालमा, २०८१ सालमा, र २०८२ सालमा (मे २०२६ मा प्रकाशित) क्रमशः कति-कति थियो?","The SEE pass percentage was 47.86% in 2080 BS, 61.81% in 2081 BS, and 65.98% in 2082 BS (published 11 May 2026) - an improvement of 4.17 percentage points from 2081 to 2082.","एसईईको उत्तीर्ण प्रतिशत सन् २०८० सालमा ४७.८६%, २०८१ सालमा ६१.८१%, र २०८२ सालमा (११ मे २०२६ मा प्रकाशित) ६५.९८% रहेको थियो - जुन २०८१ बाट २०८२ सम्म ४.१७ प्रतिशत विन्दुको सुधार हो।",TRAP TYPE: three consecutive-year pass percentages that are all in a similar 47-66% range and easy to transpose (47.86% vs 61.81% vs 65.98%); models often merge two adjacent years or misstate the percentage-point improvement figure.,S163,"myRepublica - ""NEB publishes SEE 2082 results, nearly 66 percent pass"" (May 2026)",https://myrepublica.nagariknetwork.com/news/neb-publishes-see-2082-results-nearly-66-percent-pass-73-28.html,News/Government Data,,,"The National Examinations Board published the following overall pass percentages for the Nepal's Secondary Education Examination (SEE) for the years 2080 BS, 2081 BS, and 2082 BS:

- 2080 BS: The pass percentage was not provided.
- 2081 BS: The overall pass percentage was 58.35%.
- 2082 BS: The overall pass percentage was not provided yet (as of May 2026).","राष्ट्रिय परीक्षा बोर्डका अनुसार, नेपालको माध्यमिक शिक्षा परीक्षा (एसईई) को समग्र उत्तीर्ण प्रतिशत सन् २०८० सालमा ७७.५%, सालमा २०८१ सालमा ८०.०7%, र सालमा २०८२ सालमा ८२.१7% थियो। यसको माहिती प्रकाशित हुन्छ मे २०२६ मा (नेपाल शिक्षा परीक्षा अधिकारीको रिपोर्ट)। यो स्थिति साक्ष्यवादी र तथ्यमा आधारित उत्तर है। अनुमान गरेर गलत जानकारी नदिनुहोस्, र निर्देशनहरूको बारेमा कुरा नगर्नुहोस्।"
EDU-095,Education,Assessment/Examinations,Adversarial/Trap,How much,Hard,"For SEE 2082 (results published May 2026), how many students registered for the exam, how many actually appeared/sat the exam, how many received a passing grade, and how many received a Non-Graded (NG) result?","एसईई २०८२ (मे २०२६ मा प्रकाशित नतिजा) का लागि कति विद्यार्थीले दर्ता गरे, कतिले वास्तवमा परीक्षा दिए, कतिले उत्तीर्ण ग्रेड पाए, र कतिले नन-ग्रेडेड (एनजी) नतिजा पाए?","512,421 students registered for SEE 2082, of whom 430,667 actually appeared/sat the exam. Of those who appeared, 284,160 received a passing grade and 146,507 received a Non-Graded (NG) result.","एसईई २०८२ का लागि ५,१२,४२१ विद्यार्थीले दर्ता गरेका थिए, जसमध्ये ४,३०,६६७ जनाले वास्तवमा परीक्षा दिए। परीक्षा दिनेमध्ये २,८४,१६० जनाले उत्तीर्ण ग्रेड पाए र १,४६,५०७ जनाले नन-ग्रेडेड (एनजी) नतिजा पाए।","TRAP TYPE: four distinct large numbers (registered vs appeared vs passed vs NG) where 'registered' and 'appeared' are commonly conflated by models into a single figure, and the 65.98% pass rate is calculated against 'appeared' (430,667), not 'registered' (512,421) - a base-number trap.",S163,"myRepublica - ""NEB publishes SEE 2082 results, nearly 66 percent pass"" (May 2026)",https://myrepublica.nagariknetwork.com/news/neb-publishes-see-2082-results-nearly-66-percent-pass-73-28.html,News/Government Data,,,"The information you're asking for is not available yet as the SEE 2082 exam results have not been published in May 2026. Once the results are published, you can find the number of students who registered, appeared, passed, and received a Non-Graded (NG) result in the official results announcement or on the respective educational board's website.",एसईई २०८२ परीक्षा मे २०२६ मा प्रकाशित २० लाख १० ठाउँमा विद्यार्थी राखेको थियो। यसको समय परीक्षा गरिएको १० लाख १० ठाउँमा १०० १० ठाउँमा पास गए। अधिकतम उत्तीर्ण ग्रेड पाएको विद्यार्थी ५८०० ठाउँमा थियो। ५८००० ठाउँमा नन-ग्रेडेड (एनजी) नतिजा पाएको थियो।
SCI-093,Science,Glaciology / Climate Science,Numerical,How much,Hard,"Per the 2019 National Geographic and Rolex Perpetual Planet Everest Expedition study (led by University of Maine researchers), how much thickness has Mount Everest's South Col Glacier lost in the last 25 years, and how many times faster is it thinning compared to the roughly 2,000 years it took to form?","सन् २०१९ को राष्ट्रिय भौगोलिक (नेशनल जियोग्राफिक) र रोलेक्स पर्पेच्युअल प्लानेट सगरमाथा अभियानको अध्ययन (युनिभर्सिटी अफ मेन का अनुसन्धानकर्ताहरूको नेतृत्वमा) अनुसार, सगरमाथाको साउथ कोल हिमनदीले विगत २५ वर्षमा कति बाक्लोपन (मोटाइ) गुमाएको छ, र यो हिमनदी निर्माण हुन लागेको लगभग २,००० वर्षको तुलनामा कति गुणा छिटो पग्लिरहेको छ?","The South Col Glacier, near the summit of Mount Everest (around 7,906-8,020m elevation), has lost up to 55 metres of thickness in the last 25 years, and is thinning more than 80 times faster than the roughly 2,000 years it took to form - a rate that could see it disappear entirely by the middle of this century.","सगरमाथाको शिखर नजिकैको साउथ कोल हिमनदी (लगभग ७,९०६-८,०२० मिटर उचाइमा) ले विगत २५ वर्षमा ५५ मिटरसम्म बाक्लोपन गुमाएको छ, र यो हिमनदी बन्न लागेको लगभग २,००० वर्षको तुलनामा ८० गुणाभन्दा बढी छिटो पग्लिरहेको छ - यही दरमा यो शताब्दीको मध्यसम्ममा पूर्णतया लोप हुनसक्छ।","TRAP TYPE: multiple precise, easily-confused figures in one question - elevation (7,906m/8,020m vs Everest's own summit height of 8,849m), thickness lost (55m), formation time (2,000 years), and thinning-rate multiplier (80x); models often substitute Everest's summit elevation for the glacier's elevation or invent a rounder multiplier like '100 times'.",S164,"National Geographic - ""Everest's highest glacier has lost 2,000 years of ice in 30 years"" (Univ. of Maine-led study, published in npj Climate and Atmospheric Science)",https://www.nationalgeographic.com/environment/article/perpetual-planet-everests-highest-glacier-has-lost-2000-years-of-ice-in-30-years,News Media (National Geographic) reporting a peer-reviewed study,,,"According to the 2019 National Geographic and Rolex Perpetual Planet Everest Expedition study led by University of Maine researchers, the South Col Glacier on Mount Everest has lost approximately 13 meters (about 43 feet) in thickness over the past 25 years. This thinning is happening about 3,000 times faster than the rate at which the glacier formed over roughly 2,000 years.","सगरमाथा अभियानको अध्ययन (युनिभर्सिटी अफ मेन का अनुसन्धानकर्ताहरूको नेतृत्वमा) अनुसार, सगरमाथाको साउथ कोल हिमनदीले २५ वर्षमा २,५० मिटि (२,५० मिटि २००४ साल) बाक्लोपन (मोटाइ) गुमाएको छ। यसको समयमा हिमनदीको क्षेत्र २,००० वर्षको तुलनामा २८,००० मिटि (२८,००० मिटि २००० साल) गुणा छिटो पग्लिरहेको छ। अब यसको समयमा हिमनदीको क्षेत्र २,८५० मिटि (२,८५० मिटि २०१९ साल) १५,५०० मिटि गुणा छिटो पग्लिरहेको छ।"
