Question ID,Language,Question,Gold Answer,Gemma Answer
CL001,Nepali,नेपालको मौलिक कानून के हो?,नेपालको संविधान,संविधान
CL002,English,"According to the Constitution, in whom is the sovereignty and state authority of Nepal vested?",The Nepalese people,The people of Nepal.
CL002,Nepali,संविधानअनुसार नेपालको सार्वभौमसत्ता तथा राज्यसत्ता कसमा निहित छ?,नेपाली जनता,नागरिकहरूमा निहित छ।
CL003,English,How does the Constitution define the nation of Nepal?,"All the Nepalese people with multiethnic, multilingual, multi-religious, multicultural characteristics and geographical diversity, united by common aspirations and allegiance to Nepal.","The Constitution of Nepal defines Nepal as a federal, democratic, and multi-ethnic nation-state."
CL003,Nepali,संविधानले नेपाल राष्ट्रलाई कसरी परिभाषित गरेको छ?,"बहुजातीय, बहुभाषिक, बहुधार्मिक, बहुसांस्कृतिक विशेषता तथा भौगोलिक विविधतासहितका सम्पूर्ण नेपाली जनता, जो राष्ट्रिय स्वतन्त्रता, भौगोलिक अखण्डता, राष्ट्रिय हित र समृद्धिप्रति साझा आकांक्षाद्वारा एकीकृत छन्।",नेपाल राष्ट्रले संविधानले यसलाई संसद्सदस्यताको संयुक्त रूपमा बनेको राजेशाहीको रूप हो भनी परिभाषित गरेको छ।
CL004,English,Which Article declares the Constitution to be the fundamental law of Nepal?,Article 1,Article 73
CL004,Nepali,नेपालको संविधानलाई मौलिक कानून घोषणा गर्ने धारा कुन हो?,धारा १,धारा २
CL005,English,"According to the Constitution, who exercises state authority, and under what framework is it exercised?",State authority is vested in the Nepalese people and is exercised in accordance with the Constitution.,"States exercise authority under the framework of the U.S. Constitution, specifically through powers not delegated to the federal government and not prohibited to the states."
CL005,Nepali,"संविधानअनुसार राज्यसत्ता कसमा निहित छ, र त्यो कुन आधारमा प्रयोग गरिन्छ?",राज्यसत्ता नेपाली जनतामा निहित हुन्छ र संविधानबमोजिम प्रयोग गरिन्छ।,"संविधान अनुसार, राज्यसत्ताPeople's Deputy (प्रतिनिधि सभा) मा निहित छ। यो सङ्घीय प्रणालीमा शक्ति विभाजनको आधारमा प्रयोग गरिन्छ।"
CL006,English,What form of state is Nepal according to Article 4?,"An independent, indivisible, sovereign, secular, inclusive, democratic, socialism-oriented, federal democratic republic.",A Federal Democratic Republic
CL006,Nepali,धारा ४ अनुसार नेपाल कस्तो राज्य हो?,"स्वतन्त्र, अविभाज्य, सार्वभौम, धर्मनिरपेक्ष, समावेशी, लोकतान्त्रिक, समाजवादउन्मुख, संघीय लोकतान्त्रिक गणतन्त्र।",नेपाल एक संसद्सदस्यताको राज्य हो।
CL007,English,"How does the Constitution define the term ""secular""?","Religious and cultural freedoms, including protection of religion and culture handed down from time immemorial.","The Constitution does not define the term ""secular."""
CL007,Nepali,"संविधानले ""धर्मनिरपेक्ष"" लाई कसरी परिभाषित गरेको छ?",सनातनदेखि चलिआएको धर्म तथा संस्कृतिको संरक्षणसहित धार्मिक तथा सांस्कृतिक स्वतन्त्रता।,"संविधानमा ""धर्मनिरपेक्ष"" भनेर लेखिएको छ कि राज्यले कुनै पनि धर्मलाई संरक्षण वा समर्थन नगरछ।"
CL008,English,"According to the Constitution, what are the two legal consequences of acting contrary to Nepal's national interest?",Such conduct is punishable under federal law because it is contrary to Nepal's national interest.,Deprivation of citizenship and forfeiture of property.
CL008,Nepali,संविधानअनुसार नेपालको राष्ट्रिय हितविपरीत कार्य गरेमा के कानुनी परिणाम हुन्छ?,राष्ट्रिय हितविपरीत कार्य संघीय कानूनबमोजिम दण्डनीय हुन्छ।,संविधानको धारा २२८ बमोजिम राष्ट्रिय हितविपरीत कार्य गरेमा कानुनबमोजिमको सजाय वा प्रतिफल मिल्ने।
CL009,English,What is the difference between the languages of the nation and the official language of Nepal?,"All mother tongues spoken in Nepal are languages of the nation, whereas Nepali in the Devanagari script is the official language.",Nepali and numerous other languages are spoken in Nepal. Nepali is the official language.
CL009,Nepali,राष्ट्रका भाषा र नेपालको सरकारी भाषाबीच के भिन्नता छ?,नेपालमा मातृभाषाका रूपमा बोलिने सबै भाषा राष्ट्रका भाषा हुन् भने देवनागरी लिपिमा नेपाली भाषा सरकारी भाषा हो।,"राष्ट्रका भाषाले आधिकारिक, सरकारी भाषाले मात्र।"
CL010,English,Which constitutional schedule specifies the method of drawing the national flag of Nepal?,Schedule 1,Schedule 5
CL010,Nepali,नेपालको राष्ट्रिय झण्डा बनाउने विधि कुन अनुसूचीमा उल्लेख गरिएको छ?,अनुसूची १,अनुसूची नम्बर ४
CL011,English,What type of citizenship system does Nepal have according to the Constitution?,Single federal citizenship with State identity.,Jus soli (with some exceptions)
CL011,Nepali,संविधानअनुसार नेपालमा कस्तो नागरिकता प्रणालीको व्यवस्था गरिएको छ?,राज्य पहिचानसहितको एकल संघीय नागरिकता।,उत्परिवर्तनीय नागरिकता प्रणाली।
CL012,English,Which Article guarantees that no citizen of Nepal shall be deprived of the right to obtain citizenship?,Article 10,Article 14
CL012,Nepali,कुनै पनि नेपाली नागरिकलाई नागरिकता प्राप्त गर्ने अधिकारबाट वञ्चित गर्न नहुने व्यवस्था गर्ने धारा कुन हो?,धारा १०,धारा २८
CL013,English,"According to the Constitution, who is eligible to acquire Nepali citizenship by descent at birth?",A person whose father or mother was a citizen of Nepal at the time of the person's birth.,Children born outside Nepal to Nepali parents.
CL013,Nepali,संविधानअनुसार जन्मकै आधारमा वंशजको नेपाली नागरिकता प्राप्त गर्न को योग्य हुन्छ?,जन्मका बेला बाबु वा आमा नेपाली नागरिक भएको व्यक्ति।,"संविधान अनुसार, जन्मकै आधारमा वंशजको नेपाली नागरिकता प्राप्त गर्नको योग्य ‘जन्म दर्ता भएका व्यक्ति’ हुन्छ।"
CL014,English,What type of citizenship may a foreign woman married to a Nepali citizen acquire under the Constitution?,Naturalized citizenship of Nepal.,Citizenship by descent.
CL014,Nepali,नेपाली नागरिकसँग वैवाहिक सम्बन्ध भएकी विदेशी महिलाले संविधानअनुसार कुन प्रकारको नागरिकता प्राप्त गर्न सक्छिन्?,अंगीकृत नेपाली नागरिकता।,"संविधान अनुसार, नेपाली नागरिकसँग वैवाहिक सम्बन्ध भएकी विदेशी महिलाले तीन महिनासम्म नेपालमा बस्नु पर्छ र नेपाली कानुन बमोज्य नागरिकताको लागि आवेदन दर्ता गर्न सक्छिन्।"
CL015,English,Which Article allows a citizenship certificate to be issued in the name of either the mother or the father?,Article 12,Article 31
CL015,Nepali,नागरिकताको प्रमाणपत्र आमा वा बाबुको नामबाट लिन सकिने व्यवस्था गर्ने धारा कुन हो?,धारा १२,धारा १६१ (क)
CL016,English,What is the difference between citizenship by descent and naturalized citizenship under the Constitution?,"Citizenship by descent is acquired based on constitutional eligibility, while naturalized citizenship is granted in accordance with the Federal law to eligible persons.","Citizenship by descent is based on familial ties to a country, while naturalized citizenship is obtained through a process of becoming a citizen after meeting specific requirements."
CL016,Nepali,संविधानअनुसार वंशजको नागरिकता र अंगीकृत नागरिकताबीच के भिन्नता छ?,वंशजको नागरिकता संवैधानिक योग्यताका आधारमा प्राप्त हुन्छ भने अंगीकृत नागरिकता संघीय कानूनबमोजिम योग्य व्यक्तिलाई प्रदान गरिन्छ।,"वंशजको नागरिकता जन्मदा प्राप्त हुन्छ, तर अंगीकृत नागरिकता पालनामा प्राप्त हुन्छ।"
CL017,English,"According to the Constitution, what happens to the citizenship status of a child born in Nepal to a Nepali mother if the child's father is later found to be a foreign citizen?",The person's citizenship by descent is converted into naturalized citizenship in accordance with the Federal law.,The child is a citizen of Nepal.
CL017,Nepali,संविधानअनुसार नेपाली आमाबाट नेपालमा जन्मिएको र बाबुको पहिचान नभएको व्यक्तिको बाबु पछि विदेशी नागरिक भएको पुष्टि भएमा उसको नागरिकतामा के परिवर्तन हुन्छ?,त्यस्तो व्यक्तिको वंशजको नागरिकता संघीय कानूनबमोजिम अंगीकृत नागरिकतामा रूपान्तरण गरिन्छ।,"संविधान अनुसार, नेपाली आमाबाट जन्मिएको र बाबुको पहिचान नभएको व्यक्तिको नागरिकता 'नेपाली' नै रहन्छ। तर, बाबुको पहिचान विदेशी नागरिक भएको पुष्टि भएतापनी उनी 'नेपाली' नागरिक रह्यावित हुन्छ।"
CL018,English,Which level of government has the authority to grant honorary citizenship of Nepal?,Government of Nepal,The federal government of Nepal.
CL018,Nepali,नेपालको मानार्थ नागरिकता प्रदान गर्ने अधिकार कुन तहको सरकारलाई छ?,नेपाल सरकार,सं средств तहको सरकारलाई।
CL019,English,Which rights may a non-resident Nepalese citizen enjoy under the Constitution?,"Economic, social and cultural rights.","Article 28: All Nepalese citizens, including non-resident citizens, have the right to life, liberty, and security of person."
CL019,Nepali,संविधानअनुसार गैरआवासीय नेपाली नागरिकले कुन-कुन अधिकार उपभोग गर्न सक्छ?,"आर्थिक, सामाजिक तथा सांस्कृतिक अधिकार।",संविधान अनुसार गैरआवासीय नेपाली नागरिकले नेपाली नागरिकको समान अधिकारहरू उपभोग गर्न पाउँदैनन्।
CL020,English,Which Article provides for non-resident Nepalese citizenship?,Article 14,Article 9
CL020,Nepali,गैरआवासीय नेपाली नागरिकताको व्यवस्था गर्ने धारा कुन हो?,धारा १४,"नेपाली नागरिकता ऐन, २०६३ (धारा १६)"
CL021,English,Under what condition does a child born to parents who obtained citizenship by birth acquire citizenship by descent upon attaining majority?,If both the father and the mother are citizens of Nepal.,If the parents’ citizenship was acquired by birth in the United States.
CL021,Nepali,जन्मका आधारमा नागरिकता प्राप्त गरेका आमाबाबुको सन्तानले वयस्क भएपछि कुन अवस्थामा वंशजको नागरिकता प्राप्त गर्छ?,बाबु र आमा दुवै नेपाली नागरिक भएमा।,जन्मभन्दा पहिले।
CL022,English,Which Article provides citizenship by descent to a minor whose parents are unknown?,Article 11(4),Article 3.
CL022,Nepali,बाबु–आमाको ठेगाना नखुलेको नाबालकलाई वंशजको नागरिकता दिने व्यवस्था गर्ने धारा कुन हो?,धारा ११(४),धारा 38 (j)
CL023,English,Until when is a minor with unknown parents considered a citizen of Nepal by descent?,Until the father or mother is traced.,"Until December 16, 2023."
CL023,Nepali,बाबु–आमाको पहिचान नभएको नाबालकलाई कहिलेसम्म वंशजको नागरिक मानिन्छ?,बाबु वा आमाको पहिचान नभएसम्म।,जन्म दर्ता भएर बाबु–आमाको पहिचान स्थापित नभएसम्म वंशजको नागरिक मानिन्छ।
CL024,English,What happens to the citizenship status of a child whose parents were initially unknown if one parent is later identified?,"The temporary presumption of citizenship by descent ends, and citizenship is determined according to the Constitution and Federal law.","The child may be eligible for citizenship through the identified parent, depending on specific circumstances and laws."
CL024,Nepali,सुरुमा बाबु–आमाको पहिचान नभएको बालकको बाबु वा आमा पछि पत्ता लागेमा उसको नागरिकताको अवस्था के हुन्छ?,वंशजको अस्थायी मान्यता अन्त्य भई संविधान तथा संघीय कानूनबमोजिम नागरिकता निर्धारण हुन्छ।,बालकले स्वचालित रूपमा बाबु वा आमाको नागरिकता पाउनेछ।
CL025,English,A child born in Nepal to a Nepali mother whose father is not traced is entitled to which type of citizenship?,Citizenship by descent.,Nepali citizenship
CL025,Nepali,नेपाली आमाबाट नेपालमा जन्मिएको र बाबुको पहिचान नभएको व्यक्तिले कुन प्रकारको नागरिकता पाउँछ?,वंशजको नागरिकता।,नेपाली नागरिकता
CL026,English,"Under Article 11(5), what changes if the father of a child born to a Nepali mother is later found to be a foreign citizen?",Citizenship by descent is converted into naturalized citizenship in accordance with Federal law.,The child shall acquire the citizenship of the father at birth.
CL026,Nepali,धारा ११(५) अनुसार नेपाली आमाबाट जन्मिएको व्यक्तिको बाबु पछि विदेशी नागरिक भएको पुष्टि भएमा के परिवर्तन हुन्छ?,वंशजको नागरिकता संघीय कानूनबमोजिम अंगीकृत नागरिकतामा रूपान्तरण हुन्छ।,नेपाली नागरिकता प्राप्त गर्ने हकलाई खतरामा पतित हुन्छ।
CL027,English,Which type of citizenship may a child born to a Nepali mother and a foreign father acquire if permanently residing in Nepal and not holding foreign citizenship?,Naturalized citizenship.,Nepali citizenship
CL027,Nepali,"नेपाली आमा र विदेशी बाबुबाट जन्मिएको, नेपालमा स्थायी बसोबास गर्ने र विदेशी नागरिकता नलिएको व्यक्तिले कुन नागरिकता प्राप्त गर्न सक्छ?",अंगीकृत नागरिकता।,नेपाली नागरिकता
CL028,English,"Under Article 11(7), when may a child born in Nepal to a Nepali mother and a foreign father obtain citizenship by descent instead of naturalized citizenship?",If both the mother and father are Nepali citizens at the time citizenship is acquired.,"Under Article 11(7), a child born in Nepal to a Nepali mother and a foreign father may obtain citizenship by descent if the father registers their birth within one year of the child’s birth."
CL028,Nepali,"धारा ११(७) अनुसार नेपाली आमा र विदेशी बाबुबाट जन्मिएको व्यक्तिले कुन अवस्थामा अंगीकृत होइन, वंशजको नागरिकता पाउन सक्छ?",नागरिकता प्राप्त गर्ने समयमा बाबु र आमा दुवै नेपाली नागरिक भएमा।,अंगीकृत हुँदैनन्।
CL029,English,Which authority may grant naturalized citizenship in cases not specifically covered by Article 11?,Government of Nepal.,The Supreme Court.
CL029,Nepali,धारा ११ मा उल्लेख नभएका अवस्थामा अंगीकृत नागरिकता दिने अधिकार कसलाई छ?,नेपाल सरकार।,सरकारले अन्यथा अनुमति नदिएको अवस्था।
CL030,English,What type of citizenship may the Government of Nepal grant under Article 11(9)?,Honorary citizenship.,Citizenship by descent.
CL030,Nepali,धारा ११(९) अनुसार नेपाल सरकारले कुन प्रकारको नागरिकता प्रदान गर्न सक्छ?,मानार्थ नागरिकता।,नेपाली नागरिकता र विदेशी नागरिकता।
CL031,English,What happens to persons domiciled in territory that merges into Nepal?,"They become citizens of Nepal, subject to Federal law.",They typically gain citizenship in the new nation.
CL031,Nepali,नेपालमा गाभिएको क्षेत्रमा बसोबास गर्ने व्यक्तिको नागरिकतामा के व्यवस्था हुन्छ?,संघीय कानूनबमोजिम उनीहरू नेपाली नागरिक बन्छन्।,"गाभिएको क्षेत्रमा बसोबास गर्ने व्यक्तिको नागरिकता, नेपालको कानुनबम बमोजिम आफूले भन्दा मूल परिवारको नागरिकताको उत्तराधिकार पाउने व्यवस्था हुन्छ।"
CL032,English,"Which Article provides for the acquisition, reacquisition and termination of citizenship?",Article 13.,Article 9
CL032,Nepali,"नागरिकताको प्राप्ति, पुनःप्राप्ति तथा समाप्तिसम्बन्धी व्यवस्था गर्ने धारा कुन हो?",धारा १३।,धारा १९
CL033,English,For what purpose is non-resident Nepali citizenship granted under the Constitution?,"To enable eligible persons to enjoy economic, social and cultural rights in accordance with Federal law.",To enable non-resident Nepalis to participate in the prosperity of Nepal.
CL033,Nepali,संविधानअनुसार गैरआवासीय नेपाली नागरिकता किन प्रदान गरिन्छ?,"योग्य व्यक्तिले संघीय कानूनबमोजिम आर्थिक, सामाजिक तथा सांस्कृतिक अधिकार उपभोग गर्न सकून् भन्ने उद्देश्यले।",गैरआवासीय नेपाली नागरिकता प्रदान गर्नाले विदेशी जहाँ भए पनि बसिरहेका नेपालीहरूलाई नेपाली नागरिकताको अधिकार मिल्नेछ।
CL034,English,Citizens of which regional organization's member states are not eligible for non-resident Nepali citizenship under Article 14?,South Asian Association for Regional Cooperation (SAARC).,Citizens of South Asian Association for Regional Cooperation (SAARC) member states.
CL034,Nepali,धारा १४ अनुसार कुन क्षेत्रीय संगठनका सदस्य राष्ट्रका नागरिकले गैरआवासीय नेपाली नागरिकता प्राप्त गर्न सक्दैनन्?,दक्षिण एसियाली क्षेत्रीय सहयोग संगठन (सार्क)।,भारत।
CL035,English,Which Article provides for the maintenance of records relating to the identity and citizenship of every citizen of Nepal?,Article 15.,Article 28
CL035,Nepali,प्रत्येक नेपाली नागरिकको पहिचान तथा नागरिकतासम्बन्धी अभिलेख राख्ने व्यवस्था गर्ने धारा कुन हो?,धारा १५।,धारा १६८
FR001,English,What fundamental right is guaranteed under Article 16 of the Constitution of Nepal?,Right to live with dignity,Freedom of religion.
FR001,Nepali,नेपालको संविधानको धारा १६ ले कुन मौलिक हकको सुनिश्चितता गर्दछ?,सम्मानपूर्वक बाँच्न पाउने हक,जीवनदायी हकहरू
FR002,English,"According to the Constitution, can any law provide for the death penalty?",No. No law shall provide for the death penalty.,Yes.
FR002,Nepali,संविधानअनुसार कुनै कानूनले मृत्युदण्डको व्यवस्था गर्न सक्छ?,सक्दैन। कुनै पनि कानूनले मृत्युदण्डको व्यवस्था गर्न सक्दैन।,संविधानको धारा २८(१) बमोज्य आवश्यक परेका बेला मात्र।
FR003,English,Which Article guarantees the right to live with dignity?,Article 16,Article 14
FR003,Nepali,सम्मानपूर्वक बाँच्न पाउने हकको व्यवस्था गर्ने धारा कुन हो?,धारा १६,संविधानको धारा २७
FR004,English,"According to the Constitution, under what condition may a person be deprived of personal liberty?",Only in accordance with law.,Due process of law.
FR004,Nepali,संविधानअनुसार कुन अवस्थामा कुनै व्यक्तिलाई व्यक्तिगत स्वतन्त्रताबाट वञ्चित गर्न सकिन्छ?,केवल कानूनबमोजिम।,"संविधान अनुसार, राज्यले अपराध प्रमाणित गर्दा सम्झीबुंदै मात्र कुनै व्यक्तिलाई व्यक्तिगत स्वतन्त्रताबाट वञ्चित गर्न सक्छ।"
FR005,English,How many specific freedoms are guaranteed to every citizen under Article 17(2)?,Six freedoms,Three
FR005,Nepali,धारा १७(२) अन्तर्गत प्रत्येक नागरिकलाई कति वटा स्वतन्त्रताहरू सुनिश्चित गरिएको छ?,छ वटा स्वतन्त्रता,सात
FR006,English,Which constitutional freedom allows citizens to form political parties?,Freedom to form political parties,Freedom of association
FR006,Nepali,नागरिकलाई राजनीतिक दल गठन गर्न दिने संवैधानिक स्वतन्त्रता कुन हो?,राजनीतिक दल गठन गर्ने स्वतन्त्रता,राजनीतिक स्वतन्त्रता
FR007,English,"Which freedom protects peaceful assembly, and which freedom protects the formation of unions and associations?",Freedom to assemble peaceably and without arms; Freedom to form unions and associations.,"First Amendment: Freedom of Assembly, Freedom of Association."
FR007,Nepali,"कुन स्वतन्त्रताले शान्तिपूर्ण भेला हुन पाउने अधिकार सुनिश्चित गर्छ, र कुन स्वतन्त्रताले संघ तथा संस्था गठन गर्न पाउने अधिकार सुनिश्चित गर्छ?",हतियारविहीन शान्तिपूर्ण भेला हुने स्वतन्त्रता; संघ तथा संस्था गठन गर्ने स्वतन्त्रता।,"*   सभाको अधिकार
*   संघ गठनको अधिकार"
FR008,English,"According to the Constitution, can the freedom of opinion and expression be reasonably restricted by law?",Yes. Reasonable restrictions may be imposed by law under the circumstances specified in the Constitution.,"Yes, under certain circumstances."
FR008,Nepali,संविधानअनुसार विचार तथा अभिव्यक्तिको स्वतन्त्रतामा कानूनद्वारा मनासिब प्रतिबन्ध लगाउन सकिन्छ?,सकिन्छ। संविधानमा उल्लेखित अवस्थाहरूमा कानूनद्वारा मनासिब प्रतिबन्ध लगाउन सकिन्छ।,हाँहाँ।
FR009,English,"According to the Constitution, are all citizens equal before the law?",Yes. All citizens are equal before the law.,Yes.
FR009,Nepali,संविधानअनुसार सबै नागरिक कानूनको दृष्टिमा समान छन्?,हुन्। सबै नागरिक कानूनको दृष्टिमा समान छन्।,हाँहाँ।
FR010,English,Name any four grounds on which discrimination is prohibited under Article 18(2).,"Any four of the following: origin, religion, race, caste, tribe, sex, physical condition, health condition, marital status, pregnancy, economic condition, language, region, ideology, or similar grounds.","Race, religion, caste, sex."
FR010,Nepali,धारा १८(२) अनुसार भेदभाव गर्न नहुने कुनै चार आधारहरूको नाम लेख्नुहोस्।,"निम्नमध्ये कुनै चार: उत्पत्ति, धर्म, जात, जाति, लिङ्ग, शारीरिक अवस्था, स्वास्थ्य अवस्था, वैवाहिक स्थिति, गर्भावस्था, आर्थिक अवस्था, भाषा, क्षेत्र, विचार वा यस्तै अन्य आधार।","जात, लिङ्ग, धर्म र वंशावली।"
FR011,English,Which fundamental right protects the freedom of communication in Nepal?,Right to Communication,Freedom of expression
FR011,Nepali,नेपालमा सञ्चारको स्वतन्त्रताको संरक्षण गर्ने मौलिक हक कुन हो?,सञ्चारसम्बन्धी हक,संविधानको धारा 29 (1) (घ)
FR012,English,Which Article guarantees the Right to Communication?,Article 19,Article 19
FR012,Nepali,सञ्चारसम्बन्धी हकको व्यवस्था गर्ने धारा कुन हो?,धारा १९,धारा ७३६
FR013,English,"According to the Constitution, can newspapers or other media be closed merely because they published or broadcast news?",No. Newspapers and other communication media cannot be closed merely for publishing or broadcasting news.,No.
FR013,Nepali,संविधानअनुसार समाचार प्रकाशित वा प्रसारण गरेको आधारमा मात्र पत्रपत्रिका वा सञ्चारमाध्यम बन्द गर्न पाइन्छ?,पाइँदैन। समाचार प्रकाशित वा प्रसारण गरेको आधारमा मात्र सञ्चारमाध्यम बन्द गर्न पाइँदैन।,"नहीँ, यस अनुसार पत्रपत्रिका वा सञ्चारमाध्यम बन्द गर्न पाइँदैन।"
FR014,English,"According to the Constitution, what right does every person have when arrested?",The right to be informed of the grounds for arrest.,The right to remain silent and the right to an attorney.
FR014,Nepali,संविधानअनुसार पक्राउ परेका प्रत्येक व्यक्तिलाई कुन अधिकार सुनिश्चित गरिएको छ?,पक्राउको कारणबारे जानकारी पाउने अधिकार।,कानूनबमोजिम प्रक्रिया अपनाउनको अधिकार।
FR015,English,Which Article guarantees the Rights relating to Justice?,Article 20,Article 21
FR015,Nepali,न्यायसम्बन्धी हकको व्यवस्था गर्ने धारा कुन हो?,धारा २०,संविधानको धारा २१
FR016,English,"According to the Constitution, what right does an accused person have regarding legal representation?",The right to consult and be defended by a legal practitioner of their choice.,The right to an attorney.
FR016,Nepali,संविधानअनुसार अभियुक्तलाई कानुनी प्रतिनिधित्व सम्बन्धी कुन अधिकार प्राप्त छ?,आफ्नो रोजाइको कानून व्यवसायीसँग परामर्श गर्न तथा प्रतिरक्षा गराउन पाउने अधिकार।,अभियुक्तलाई वकिल राखी कानुनी प्रतिनिधित्व गर्ने अधिकार प्राप्त हुन्छ।
FR017,English,"According to the Constitution, what information is a victim of crime entitled to receive?",Information about the investigation and proceedings of the case.,"A victim’s rights bill, such as the Violence Against Women Reauthorization Act of 2013, dictates that victims are entitled to receive information about the suspect’s release, charging decisions, and case disposition."
FR017,Nepali,संविधानअनुसार अपराधपीडितले कुन जानकारी प्राप्त गर्ने अधिकार राख्छ?,अनुसन्धान तथा मुद्दाको कारबाही सम्बन्धी जानकारी।,अपराधपीडितले आफ्नो मामला सम्बन्धित जानकारी प्राप्त गर्ने अधिकार राखेको छ।
FR018,English,Which Article guarantees the Rights of Victims of Crime?,Article 21,Article 35 of the Constitution of the Philippines.
FR018,Nepali,अपराधपीडितको हकको व्यवस्था गर्ने धारा कुन हो?,धारा २१,धारा २०
FR019,English,"According to the Constitution, what treatment is prohibited while a person is in custody?","Torture and cruel, inhuman or degrading treatment.",Cruel and unusual punishment.
FR019,Nepali,संविधानअनुसार हिरासतमा रहेको व्यक्तिलाई कस्तो व्यवहार गर्न निषेध गरिएको छ?,"यातना तथा क्रूर, अमानवीय वा अपमानजनक व्यवहार।","संविधान अनुसार, हिरासतमा रहेको व्यक्तिलाई अनावश्यक कष्ट, दु:ख वा हैरानी दिने कार्य निषेध गरिएको छ।"
FR020,English,"According to the Constitution, which Article protects victims of crime, and which Article protects persons against torture while in custody?","Article 21 protects victims of crime, while Article 22 protects persons against torture in custody.","Article 1 protects victims of crime, and Article 9 protects persons against torture while in custody."
FR020,Nepali,संविधानअनुसार कुन धाराले अपराधपीडितको हक सुनिश्चित गर्छ र कुन धाराले हिरासतमा यातनाविरुद्धको हक सुनिश्चित गर्छ?,धारा २१ ले अपराधपीडितको हक सुनिश्चित गर्छ भने धारा २२ ले हिरासतमा यातनाविरुद्धको हक सुनिश्चित गर्छ।,धारा २० र धारा ३९।
FR021,English,Which constitutional right protects a person against preventive detention except as provided by law?,Right against Preventive Detention,Freedom from unreasonable searches and seizures.
FR021,Nepali,कानूनबमोजिम बाहेक प्रतिरोधात्मक नजरबन्दबाट व्यक्तिलाई संरक्षण गर्ने संवैधानिक हक कुन हो?,प्रतिरोधात्मक नजरबन्दविरुद्धको हक,प्रतिरोधक नजरबन्दको हक।
FR022,English,Which practice is prohibited under Article 24 of the Constitution?,Untouchability and discrimination,Cruel and unusual punishment.
FR022,Nepali,संविधानको धारा २४ अनुसार कुन प्रथालाई निषेध गरिएको छ?,छुवाछुत तथा भेदभाव,बाल विवाह।
FR023,English,"According to the Constitution, does every citizen have the right to acquire, own, sell and otherwise dispose of property?","Yes, subject to law.",Yes.
FR023,Nepali,"संविधानअनुसार प्रत्येक नागरिकलाई सम्पत्ति आर्जन, स्वामित्व, बिक्री तथा अन्य रूपमा उपयोग वा हस्तान्तरण गर्ने हक छ?","छ, कानूनबमोजिम।",हाँसो।
FR024,English,"According to the Constitution, what does the right to freedom of religion primarily guarantee?","The freedom to profess, practice and protect one's religion according to one's faith.",The freedom to choose and practice one's religion.
FR024,Nepali,संविधानअनुसार धर्मसम्बन्धी स्वतन्त्रताको हकले मुख्य रूपमा के सुनिश्चित गर्छ?,"आफ्नो आस्थाअनुसार धर्म मान्ने, अभ्यास गर्ने तथा संरक्षण गर्ने स्वतन्त्रता।",धार्मिक स्वतन्त्रता
FR025,English,Which Article guarantees the Right to Information?,Article 27,Article 19(1)(a)
FR025,Nepali,सूचनाको हक सुनिश्चित गर्ने धारा कुन हो?,धारा २७,धारा १६
FR026,English,"Which fundamental right protects the privacy of a person's residence, property, documents, data, correspondence and personal information?",Right to Privacy,The Fourth Amendment
FR026,Nepali,"व्यक्तिको घर, सम्पत्ति, कागजात, तथ्याङ्क, पत्राचार तथा व्यक्तिगत जानकारीको गोपनीयताको संरक्षण गर्ने मौलिक हक कुन हो?",गोपनीयताको हक,गोपनीयताको मौलिक हक
FR027,English,Which level of law determines punishment for acts prohibited under the Right against Exploitation?,Federal law,Criminal Law
FR027,Nepali,शोषणविरुद्धको हक अन्तर्गत निषेध गरिएका कार्यको सजाय कुन तहको कानूनले निर्धारण गर्छ?,संघीय कानून,कार्यान्वयनकारी तहको कानून।
FR028,English,"Which constitutional right protects a clean environment, and which protects access to health services?","Article 30 protects the right to a clean environment, while Article 35 protects the right relating to health.","Clean environment: Clean Air Act
Health services: Right to Privacy (related to medical information)"
FR028,Nepali,कुन संवैधानिक हकले स्वच्छ वातावरणको संरक्षण गर्छ र कुन हकले स्वास्थ्य सेवामा पहुँच सुनिश्चित गर्छ?,धारा ३० ले स्वच्छ वातावरणको हक सुनिश्चित गर्छ भने धारा ३५ ले स्वास्थ्यसम्बन्धी हक सुनिश्चित गर्छ।,"*   पर्यावरणको हक
*   स्वास्थ्य सेवाको हक"
FR029,English,"According to the Constitution, which two groups are guaranteed both free education and compulsory basic education?",All citizens at the basic level.,States and Local Authorities
FR029,Nepali,संविधानअनुसार निःशुल्क शिक्षा तथा अनिवार्य आधारभूत शिक्षा दुवैको सुनिश्चितता कुन समूहका लागि गरिएको छ?,आधारभूत तहका सबै नागरिकका लागि।,सबै नागरिकहरू
FR030,English,"According to the Constitution, which two fundamental rights together balance citizens' access to public information and protection of personal information?",The Right to Information and the Right to Privacy.,First Amendment (Freedom of the Press) and Privacy Clause
FR030,Nepali,संविधानअनुसार सार्वजनिक सूचनामा पहुँच र व्यक्तिगत जानकारीको संरक्षणबीच सन्तुलन कायम गर्ने दुई मौलिक हक कुन-कुन हुन्?,सूचनाको हक र गोपनीयताको हक।,"संविधानअनुसार सार्वजनिक सूचनामा पहुँच र व्यक्तिगत जानकारीको संरक्षणबीच सन्तुलन कायम गर्ने दुई मौलिक हक हुन्:

*   शीर्षक ७, उपधारा (१) (ज) मा लेखिएको 'जानकारी पाउने हक'
*   शीर्षक ७, उपधारा (१) (ङ) मा लेखिएको 'गोपनीयता तथा व्यक्तिगत liberdadeको सुरक्षाको हक'"
FR031,English,"Which constitutional right guarantees every community the right to preserve and promote its language, script, culture, cultural civilization and heritage?",Right to Language and Culture,The First Amendment
FR031,Nepali,"प्रत्येक समुदायलाई आफ्नो भाषा, लिपि, संस्कृति, सांस्कृतिक सभ्यता तथा सम्पदाको संरक्षण र प्रवर्द्धन गर्ने हक सुनिश्चित गर्ने संवैधानिक हक कुन हो?",भाषा तथा संस्कृतिसम्बन्धी हक,सांस्कृतिक हक
FR032,English,"According to the Constitution, who has the right to employment?",Every citizen,No one is entitled to employment by the Constitution.
FR032,Nepali,संविधानअनुसार रोजगारीको हक कसलाई प्राप्त छ?,प्रत्येक नागरिक,"संविधान अनुसार, संविधान बनाउने प्रक्रियामा सहभागी भएका व्यक्तिहरूलाई रोजगारीको हक प्राप्त हुन्छ।"
FR033,English,"According to the Constitution, what does the Right to Labour guarantee to every worker?","The right to appropriate remuneration, facilities and social security, and the right to form and join trade unions in accordance with law.",The right to work.
FR033,Nepali,संविधानअनुसार श्रमसम्बन्धी हकले प्रत्येक श्रमिकलाई के सुनिश्चित गर्दछ?,"उपयुक्त पारिश्रमिक, सुविधा, सामाजिक सुरक्षा तथा कानूनबमोजिम ट्रेड युनियन गठन र त्यसमा सहभागी हुने हक।",रोजगारीको अवसर र उचित पारिश्रमिक।
FR034,English,"According to the Constitution, what basic health service is guaranteed to every citizen?",Free basic health services.,Healthcare
FR034,Nepali,संविधानअनुसार प्रत्येक नागरिकलाई कुन आधारभूत स्वास्थ्य सेवा सुनिश्चित गरिएको छ?,निःशुल्क आधारभूत स्वास्थ्य सेवा।,प्रत्येक नागरिकलाई आधारभूत स्वास्थ्य सेवा सुनिश्चित गरिएको छ।
FR035,English,Which Article guarantees the Right relating to Food?,Article 36,Article 25
FR035,Nepali,खाद्यसम्बन्धी हक सुनिश्चित गर्ने धारा कुन हो?,धारा ३६,धारा २८
FR036,English,"According to the Constitution, what protection does the Right to Housing provide against eviction?",No citizen shall be evicted from the housing owned or occupied by them except in accordance with law.,The Constitution does not explicitly guarantee a right to housing or protection against eviction.
FR036,Nepali,संविधानअनुसार आवाससम्बन्धी हकले कसरी जबरजस्ती घरबाट हटाउन नपाइने व्यवस्था गरेको छ?,कानूनबमोजिम बाहेक कुनै पनि नागरिकलाई निजले बसोबास गरेको वा स्वामित्वमा रहेको आवासबाट बेदखल गर्न पाइँदैन।,स्थानीय सरकार।
FR037,English,Which group is specifically guaranteed the right to safe motherhood and reproductive health under the Constitution?,Women,Pregnant women
FR037,Nepali,संविधानअनुसार सुरक्षित मातृत्व तथा प्रजनन स्वास्थ्यको हक विशेष रूपमा कसलाई सुनिश्चित गरिएको छ?,महिला,महिलाहरूलाई।
FR038,English,"According to the Constitution, every child has the right to what type of identity?",Name and birth registration,A birthright citizenship.
FR038,Nepali,संविधानअनुसार प्रत्येक बालबालिकालाई कस्तो पहिचानको हक सुनिश्चित गरिएको छ?,नाम तथा जन्मदर्ता,शिक्षाको हक।
FR039,English,"Which constitutional Article guarantees the rights of women, and which Article guarantees the rights of children?","Article 38 guarantees the rights of women, while Article 39 guarantees the rights of children.",Article 14 (women) and Article 20 (children).
FR039,Nepali,कुन धाराले महिलाको हक सुनिश्चित गर्छ र कुन धाराले बालबालिकाको हक सुनिश्चित गर्छ?,धारा ३८ ले महिलाको हक सुनिश्चित गर्छ भने धारा ३९ ले बालबालिकाको हक सुनिश्चित गर्छ।,धारा ३७ र धारा ३९।
FR040,English,"According to the Constitution, which Article guarantees the right to constitutional remedies for the enforcement of fundamental rights, and which Article sets out the fundamental duties of citizens?","Article 46 guarantees the right to constitutional remedies, while Article 48 sets out the fundamental duties of citizens.","Article 32 guarantees constitutional remedies, and Article 51A sets out fundamental duties."
FR040,Nepali,संविधानअनुसार मौलिक हकको कार्यान्वयनका लागि संवैधानिक उपचारको हक कुन धाराले सुनिश्चित गर्छ र नागरिकका कर्तव्य कुन धारामा उल्लेख गरिएको छ?,धारा ४६ ले संवैधानिक उपचारको हक सुनिश्चित गर्छ भने धारा ४८ मा नागरिकका कर्तव्य उल्लेख गरिएको छ।,"*   मौलिक हकको कार्यान्वयनका लागि संवैधानिक उपचारको हक: धारा २१
*   नागरिकका कर्तव्य: धारा २९"
DP001,English,"According to the Constitution, what are the directive principles, policies and obligations intended to serve as?",Guiding principles for the governance of the State.,Guiding principles for an ideal state.
DP001,Nepali,"संविधानअनुसार निर्देशक सिद्धान्त, नीति तथा दायित्वहरू केका लागि मार्गदर्शक हुन्?",राज्य सञ्चालनका मार्गदर्शक सिद्धान्त।,सरकार र राज्यका निकायहरू।
DP002,English,"Which Article states that the directive principles, policies and obligations are guiding principles for the governance of the State?",Article 49,Article 39- Article 44
DP002,Nepali,"निर्देशक सिद्धान्त, नीति तथा दायित्व राज्य सञ्चालनका मार्गदर्शक सिद्धान्त हुन् भन्ने व्यवस्था कुन धाराले गरेको छ?",धारा ४९,धारा ७८
DP003,English,"According to the Constitution, what is the political objective of the State?","To establish a public welfare system of governance based on justice, the rule of law, fundamental rights, human rights, gender equality, proportional inclusion, participation and social justice.",To ensure the happiness of the people.
DP003,Nepali,संविधानअनुसार राज्यको राजनीतिक उद्देश्य के हो?,"न्याय, कानूनी शासन, मौलिक हक, मानव अधिकार, लैङ्गिक समानता, समानुपातिक समावेशिता, सहभागिता तथा सामाजिक न्यायमा आधारित जनकल्याणकारी शासन प्रणाली स्थापना गर्नु।","राज्यको राजनीतिक उद्देश्य भनेको देशको कल्याणको लागि राज्यको नेतृत्व सम्पादन गर्नु, राज्यलाई व्यवस्थित राख्नु र देशका नागरिकहरूको जीवनस्तरमा सुधार ल्याउने हो।"
DP004,English,"According to the Constitution, what type of economy is the State directed to develop?",A socialism-oriented independent and prosperous economy.,A social and self-supporting economy.
DP004,Nepali,संविधानअनुसार राज्यले कस्तो अर्थतन्त्र विकास गर्ने उद्देश्य राखेको छ?,समाजवादउन्मुख स्वतन्त्र तथा समृद्ध अर्थतन्त्र।,समाजवाद
DP005,English,"Which objective relates to establishing a public welfare system of governance, and which relates to developing a socialism-oriented economy?","The political objective relates to public welfare governance, while the economic objective relates to developing a socialism-oriented economy.",Public welfare system governance; Socialism-oriented economy.
DP005,Nepali,जनकल्याणकारी शासन प्रणाली स्थापना गर्ने उद्देश्य कुन हो र समाजवादउन्मुख अर्थतन्त्र विकास गर्ने उद्देश्य कुन हो?,राजनीतिक उद्देश्य जनकल्याणकारी शासनसँग सम्बन्धित छ भने आर्थिक उद्देश्य समाजवादउन्मुख अर्थतन्त्रसँग सम्बन्धित छ।,"**जनकल्याणकारी शासन प्रणाली:**

*   जनसंसारको जीवनस्तर सुधार गर्नु।
*   गरिबी र असमानता न्यूनीकरण गर्नु।
*   सबै नागरिकको हक र अधिकार सुनिश्चित गर्नु।

**समाजवाद उन्मुख अर्थतन्त्र:**

*   राज्यको नियन्त्रणमा अर्थतन्त्रको विकास गर्नु।
*   समानोपयुक्त वितरण सुनिश्चित गर्नु।
*   श्रमिक वर्गको हितमा विकासको गतिअनुरुप अघि बढ्नु।"
DP006,English,"According to the Constitution, what is the first policy relating to national unity and national security?","To protect the freedom, sovereignty, territorial integrity and independence of Nepal while keeping national unity intact.",The establishment of the Department of State.
DP006,Nepali,संविधानअनुसार राष्ट्रिय एकता तथा राष्ट्रिय सुरक्षासम्बन्धी पहिलो नीति के हो?,"राष्ट्रिय एकतालाई अक्षुण्ण राख्दै नेपालको स्वतन्त्रता, सार्वभौमसत्ता, भौगोलिक अखण्डता तथा स्वतन्त्रताको संरक्षण गर्नु।",राष्ट्रको एकता र सुरक्षा।
DP007,English,"According to the Constitution, which three security organizations are specifically mentioned in the national security policy?","Nepal Army, Nepal Police and Armed Police Force Nepal.","Department of Defense, Federal Bureau of Investigation, National Security Agency"
DP007,Nepali,संविधानअनुसार राष्ट्रिय सुरक्षा नीतिमा विशेष रूपमा उल्लेख गरिएका तीन सुरक्षा निकाय कुन-कुन हुन्?,"नेपाली सेना, नेपाल प्रहरी र सशस्त्र प्रहरी बल नेपाल।","नेपाली सेना, नेपाली प्रहरी र राष्ट्रिय आतङ्कविनाश बल।"
DP008,English,"According to the Constitution, which principle guides the relationship between the Federal Units in the system of governance?",Cooperative federalism.,Sovereignty of the states.
DP008,Nepali,संविधानअनुसार शासन प्रणालीमा संघीय एकाइहरूबीचको सम्बन्ध कुन सिद्धान्तद्वारा निर्देशित हुन्छ?,सहकारी संघीयता।,संघीयताको सिद्धान्त।
DP009,English,"According to the Constitution, what principle should be incorporated into the system of governance on the basis of local autonomy and decentralization?",The principle of proportional participation.,Popular sovereignty.
DP009,Nepali,संविधानअनुसार स्थानीय स्वायत्तता र विकेन्द्रीकरणका आधारमा शासन प्रणालीमा कुन सिद्धान्त समावेश गरिनुपर्छ?,समानुपातिक सहभागिताको सिद्धान्त।,"सहभागिता, उत्तरदायित्व र पारदर्शिता।"
DP010,English,"According to the Constitution, what is the primary objective of Nepal's international relations?","To enhance the dignity of the nation in the world community while safeguarding Nepal's freedom, sovereignty, territorial integrity, independence and national interest.",To protect Nepal’s sovereignty and independence.
DP010,Nepali,संविधानअनुसार नेपालको अन्तर्राष्ट्रिय सम्बन्धको मुख्य उद्देश्य के हो?,"नेपालको स्वतन्त्रता, सार्वभौमसत्ता, भौगोलिक अखण्डता, स्वतन्त्रता तथा राष्ट्रिय हितको संरक्षण गर्दै विश्व समुदायमा राष्ट्रको प्रतिष्ठा अभिवृद्धि गर्नु।","नेपालको अन्तर्राष्ट्रिय सम्बन्धको मुख्य उद्देश्य राष्ट्रको सार्वभौमत्व र भौगोलिक अख्वालताको रक्षा गर्नु, राष्ट्रसंघीय सङ्गठनको सदस्य तथा सदस्य राज्यको सम्मानमा रही मुलराष्ट्रको हित रक्षा गर्नु हो।"
DP011,English,"According to the Constitution, what should remain intact while protecting Nepal's freedom, sovereignty, territorial integrity and independence?",National unity.,The Constitution of Nepal.
DP011,Nepali,"संविधानअनुसार नेपालको स्वतन्त्रता, सार्वभौमसत्ता, भौगोलिक अखण्डता तथा स्वतन्त्रताको संरक्षण गर्दा केलाई अक्षुण्ण राख्नुपर्छ?",राष्ट्रिय एकता।,राष्ट्रको मर्यादा
DP012,English,"According to the Constitution, which three dimensions of diversity are specifically mentioned in promoting national unity among communities?","Religion, language and culture.","Race, color, and origin"
DP012,Nepali,संविधानअनुसार समुदायहरूबीच राष्ट्रिय एकता प्रवर्द्धन गर्दा कुन तीन प्रकारका विविधतालाई विशेष रूपमा उल्लेख गरिएको छ?,"धर्म, भाषा र संस्कृति।","जातीय, वांशिक, धर्मীয়।"
DP013,English,"According to the Constitution, what kind of security system should the State develop to maintain law and order?",A national security system.,A system of police.
DP013,Nepali,संविधानअनुसार कानून र व्यवस्था कायम गर्न राज्यले कस्तो सुरक्षा प्रणाली विकास गर्नुपर्छ?,राष्ट्रिय सुरक्षा प्रणाली।,संविधान अनुसार कानून र व्यवस्था कायम गर्न राज्यले न्यायपालिकाको स्वतंत्रता सुनिश्चित गर्नुपर्छ।
DP014,English,"According to the Constitution, what is meant by good governance in the context of public administration?","Public administration that is fair, competent, impartial, transparent, corruption-free, accountable and participatory while ensuring equal and easy access to public services.","Good governance refers to the exercise of power and authority in a nation, according to the rule of law, public participation, accountability, transparency, and responsiveness."
DP014,Nepali,संविधानअनुसार सार्वजनिक प्रशासनको सन्दर्भमा सुशासन भन्नाले के जनाउँछ?,"समान तथा सहज सार्वजनिक सेवा पहुँच सुनिश्चित गर्दै निष्पक्ष, सक्षम, पारदर्शी, भ्रष्टाचारमुक्त, उत्तरदायी तथा सहभागितामूलक सार्वजनिक प्रशासन।","संविधान अनुसार, सुशासन भनेको प्रभावकारी, उत्तरदायी, छिटपुट, र पारदर्शी प्रशासन प्रणाली हो।"
DP015,English,Which Article contains the State Policies relating to the political and governance system?,Article 51(b).,Article II
DP015,Nepali,राजनीतिक तथा शासन प्रणालीसम्बन्धी राज्यका नीतिहरू कुन धारामा उल्लेख छन्?,धारा ५१(ख)।,धारा ७६
DP016,English,"According to the Constitution, international treaties and agreements to which Nepal is a party should be what?",They should be implemented.,Superseded by Parliament.
DP016,Nepali,संविधानअनुसार नेपाल पक्ष भएका अन्तर्राष्ट्रिय सन्धि तथा सम्झौताहरूलाई के गर्नुपर्छ?,कार्यान्वयन गर्नुपर्छ।,"संविधान अनुसार, नेपाल पक्ष भएका अन्तर्राष्ट्रिय सन्धि तथा सम्झौताहरूलाई संसयको सहमति आवश्यक हुन्छ।"
DP017,English,"According to the Constitution, which policy promotes studies and research for protecting cultural heritage, and which policy focuses on the development of arts, literature and music?","Article 51(c)(2) promotes studies and research for cultural heritage, while Article 51(c)(4) focuses on arts, literature and music.","Article 35, 36, and 38."
DP017,Nepali,"संविधानअनुसार कुन नीतिले सांस्कृतिक सम्पदाको संरक्षणका लागि अध्ययन तथा अनुसन्धानलाई प्रवर्द्धन गर्छ र कुन नीतिले कला, साहित्य तथा संगीतको विकासमा जोड दिन्छ?","धारा ५१(ग)(२) ले सांस्कृतिक सम्पदाको अध्ययन तथा अनुसन्धानलाई प्रवर्द्धन गर्छ भने धारा ५१(ग)(४) ले कला, साहित्य तथा संगीतको विकासमा जोड दिन्छ।",संविधानको धारा २०(ङ) र धारा २०(घ)।
DP018,English,"According to the Constitution, which three sectors are expected to contribute to enhancing the national economy through partnership?","Public, private and cooperative sectors.","Government, private sector, and civil society"
DP018,Nepali,संविधानअनुसार साझेदारीमार्फत राष्ट्रिय अर्थतन्त्रलाई सुदृढ बनाउन कुन तीन क्षेत्रको सहभागिता अपेक्षित छ?,"सार्वजनिक, निजी तथा सहकारी क्षेत्र।","* निजी क्षेत्र
* संघ र प्रदेश सरकार
* नागरिक समाज"
DP019,English,"According to the Constitution, what two measures are emphasized to make the national economy competitive while protecting consumers' interests?","Maintaining trade fairness and discipline, and eliminating black marketing, monopoly, artificial scarcity and restrictions on competition.",Free trade and competition
DP019,Nepali,संविधानअनुसार उपभोक्ताको हित संरक्षण गर्दै राष्ट्रिय अर्थतन्त्रलाई प्रतिस्पर्धी बनाउन कुन दुई उपायमा जोड दिइएको छ?,"व्यापारमा निष्पक्षता र अनुशासन कायम गर्ने तथा कालोबजारी, एकाधिकार, कृत्रिम अभाव र प्रतिस्पर्धा सीमित गर्ने गतिविधिको अन्त्य गर्ने।",उपभोक्ता संरक्षण तथा प्रतिस्पर्धाको प्रत्यास्था।
DP020,English,"According to the Constitution, for what types of investment should foreign capital and technology be encouraged?","Import substitution, export promotion and infrastructure development, in consonance with the national interest.",Agriculture and mining.
DP020,Nepali,संविधानअनुसार विदेशी पूँजी तथा प्रविधिगत लगानी मुख्यतया कस्ता क्षेत्रमा प्रोत्साहित गरिनुपर्छ?,"राष्ट्रिय हितअनुकूल आयात प्रतिस्थापन, निर्यात प्रवर्द्धन तथा पूर्वाधार विकासका क्षेत्रमा।",संविधानको धारा 28(1) बमोजत्तिकी क्षेत्रहरू।
DP021,English,"According to the Constitution, what existing land ownership system should scientific land reforms end?",Dual land ownership.,The Spanish land grant system.
DP021,Nepali,संविधानअनुसार वैज्ञानिक भूमि सुधारले कुन विद्यमान भूमि स्वामित्व प्रणालीको अन्त्य गर्नुपर्छ?,दोहोरो भूमि स्वामित्व।,कुलसम्मिश्रण प्रणाली।
DP022,English,"According to the Constitution, what are the two primary objectives of land-use policies in agriculture?","To increase agricultural production and productivity, and to promote commercialization, industrialization, diversification and modernization of agriculture.","Protecting soil and water resources, and promoting agricultural productivity."
DP022,Nepali,संविधानअनुसार कृषिमा भूमि उपयोग नीतिका दुई प्रमुख उद्देश्य के हुन्?,"कृषि उत्पादन तथा उत्पादकत्व वृद्धि गर्नु तथा कृषिको व्यावसायीकरण, औद्योगिकीकरण, विविधीकरण र आधुनिकीकरणलाई प्रवर्द्धन गर्नु।","कृषिमा भूमि उपयोग नीतिका दुई प्रमुख उद्देश्य हुन्:

*   खेती उत्पादन वृद्धि
*   ग्रामीण जीवनस्तर सुधार"
DP023,English,"According to the Constitution, to what should farmers be provided easy access?","Agricultural inputs, agricultural products at fair prices, and markets.",Land
DP023,Nepali,संविधानअनुसार किसानलाई कुन कुरामा सहज पहुँच उपलब्ध गराइनुपर्छ?,"कृषि सामग्री, उचित मूल्यमा कृषि उत्पादन तथा बजार।",न्यायiciary प्रणाली
DP024,English,Which Article contains the State Policies relating to Development?,Article 51(f).,Article 26
DP024,Nepali,विकाससम्बन्धी राज्यका नीतिहरू कुन धारामा उल्लेख छन्?,धारा ५१(च)।,धारा ४२
DP025,English,"According to the Constitution, what type of physical infrastructure should the State develop?","Balanced, environment-friendly, quality and sustainable physical infrastructure.",Roads and canals.
DP025,Nepali,संविधानअनुसार राज्यले कस्तो प्रकारको भौतिक पूर्वाधार विकास गर्नुपर्छ?,"सन्तुलित, वातावरणमैत्री, गुणस्तरीय तथा दिगो भौतिक पूर्वाधार।","आर्थिक, सामाजिक तथा साँस्कृतिक विकासको लागि आवश्यक भौतिक पूर्वाधार।"
DP026,English,"According to the Constitution, what two actions should the State take to strengthen information technology for national development?","Develop and expand information technology according to national needs, and make optimum use of information technology in national development.",Promote research and development and provide training.
DP026,Nepali,संविधानअनुसार राष्ट्रिय विकासका लागि सूचना प्रविधिलाई सुदृढ बनाउन राज्यले कुन दुई कार्य गर्नुपर्छ?,राष्ट्रिय आवश्यकताअनुसार सूचना प्रविधिको विकास तथा विस्तार गर्ने र राष्ट्रिय विकासमा यसको अधिकतम उपयोग गर्ने।,अनुदान तथा तालिम दिनु।
DP027,English,"According to the Constitution, which information system should be developed to manage citizens' information in an integrated manner?",An integrated national identity management information system.,A national identification system.
DP027,Nepali,संविधानअनुसार नागरिकको विवरण एकीकृत रूपमा व्यवस्थापन गर्न कुन सूचना प्रणाली विकास गर्नुपर्छ?,एकीकृत राष्ट्रिय परिचय व्यवस्थापन सूचना प्रणाली।,नागरिक सूचना प्रणाली (Citizenship Information System)
DP028,English,"According to the Constitution, which principle gives priority and preferential rights to local communities in the distribution of benefits from natural resources?",Priority and preferential rights of local communities.,Indigenous rights
DP028,Nepali,संविधानअनुसार प्राकृतिक स्रोतबाट प्राप्त लाभको वितरणमा स्थानीय समुदायलाई प्राथमिकता र अग्राधिकार दिने सिद्धान्त कुन हो?,स्थानीय समुदायको प्राथमिकता तथा अग्राधिकार।,संवैधानिक प्राथमिकता र अग्राधिकारको सिद्धान्त।
DP029,English,"According to the Constitution, which policy focuses on renewable energy development, and which policy focuses on forest conservation?","Article 51(g)(3) focuses on renewable energy, while Article 51(g)(5) focuses on conserving forests, wildlife, birds, vegetation and biodiversity.",Clean Air Act (renewable energy) and National Forest Management Act (forest conservation).
DP029,Nepali,संविधानअनुसार कुन नीतिले नवीकरणीय ऊर्जाको विकासमा जोड दिन्छ र कुन नीतिले वन संरक्षणमा जोड दिन्छ?,"धारा ५१(छ)(३) ले नवीकरणीय ऊर्जामा जोड दिन्छ भने धारा ५१(छ)(५) ले वन, वन्यजन्तु, चराचुरुङ्गी, वनस्पति तथा जैविक विविधताको संरक्षणमा जोड दिन्छ।",नवीकरणीय ऊर्जा नीति तथा वन संरक्षण नीति।
DP030,English,"According to the Constitution, which environmental principles should guide environmentally sustainable development?","The polluter pays principle, the precautionary principle, and the principle of prior informed consent.",The Commerce Clause and the “general welfare” clause.
DP030,Nepali,संविधानअनुसार वातावरणीय दिगो विकास कुन वातावरणीय सिद्धान्तहरूद्वारा निर्देशित हुनुपर्छ?,"प्रदूषकले तिर्ने सिद्धान्त, पूर्वसावधानीको सिद्धान्त तथा पूर्वसूचित सहमतिको सिद्धान्त।","पर्यावरणको संरक्षण, प्रदूषण नियन्त्रण, र प्राकृतिक स्रोतको बुद्धिमानी प्रयोग।"
ST001,English,"According to the Constitution, how many levels constitute the main structure of the Federal Democratic Republic of Nepal?",Three levels.,Three
ST001,Nepali,संविधानअनुसार नेपाल संघीय लोकतान्त्रिक गणतन्त्रको मुख्य राज्य संरचनामा कति तह छन्?,तीन तह।,तीन तह।
ST002,English,"According to the Constitution, what are the three levels of government in Nepal?","Federation, State and Local level.","Federal, Provincial, and Local."
ST002,Nepali,संविधानअनुसार नेपालका सरकारका तीन तह कुन-कुन हुन्?,"संघ, प्रदेश र स्थानीय तह।","संघीय, राज्यसद्Совет, स्थानीय।"
ST003,English,"According to the Constitution, which constitutional values must all three levels of government protect?","Nepal's freedom, sovereignty, territorial integrity, independence, national interest, human rights, fundamental rights, rule of law, separation of powers, checks and balances, inclusive representation, equality and the federal democratic republican system.","Life, liberty, and property."
ST003,Nepali,संविधानअनुसार तीनै तहका सरकारले कुन-कुन संवैधानिक मूल्यहरूको संरक्षण गर्नुपर्छ?,"नेपालको स्वतन्त्रता, सार्वभौमसत्ता, भौगोलिक अखण्डता, स्वतन्त्रता, राष्ट्रिय हित, मानव अधिकार, मौलिक हक, कानूनी शासन, शक्ति पृथकीकरण, नियन्त्रण तथा सन्तुलन, समावेशी प्रतिनिधित्व, समानता तथा संघीय लोकतान्त्रिक गणतान्त्रिक प्रणाली।","संविधान अनुसार, तीनै तहका सरकारले नागरिकता, समानता, सामाजिक न्याय, र लोकतन्त्रको संरक्षण गर्नुपर्छ।"
ST004,English,"According to the Constitution, what institutions exist under the Local level?","Village Institutions, Municipalities and District Assemblies.",Local Government Units (LGUs)
ST004,Nepali,संविधानअनुसार स्थानीय तह अन्तर्गत कुन-कुन संस्थाहरू रहेका छन्?,"गाउँपालिका, नगरपालिका तथा जिल्ला सभा।","स्थानीय तह अन्तर्गत गाउँपालिका, नगरपालिका रहेका छन्।"
ST005,English,"According to the Constitution, for what two purposes may a Special, Protected or Autonomous Region be established?","Social and cultural protection, and economic development.",To promote national unity and to protect the rights of cultural minorities.
ST005,Nepali,"संविधानअनुसार विशेष, संरक्षित वा स्वायत्त क्षेत्र कुन दुई उद्देश्यका लागि स्थापना गर्न सकिन्छ?",सामाजिक तथा सांस्कृतिक संरक्षण र आर्थिक विकास।,भौगोलिक र सांस्कृतिक कारणले।
ST006,English,Which Article provides for the distribution of State powers among different levels of government?,Article 57.,Article I
ST006,Nepali,विभिन्न तहका सरकारबीच राज्य शक्तिको बाँडफाँटको व्यवस्था गर्ने धारा कुन हो?,धारा ५७।,धारा ७५
ST007,English,"According to the Constitution, in which Schedule are the powers of the Federation enumerated?",Schedule 5.,Schedule 7
ST007,Nepali,संविधानअनुसार संघका अधिकारहरू कुन अनुसूचीमा उल्लेख गरिएका छन्?,अनुसूची ५।,अनुसूची नम्बर २
ST008,English,"According to the Constitution, which Schedule contains the powers of the Local level, and which Schedule contains the concurrent powers of the Federation, State and Local levels?","Schedule 8 contains the powers of the Local level, while Schedule 9 contains the concurrent powers of the Federation, State and Local levels.","Schedule 4, Schedule 5 and Schedule 7."
ST008,Nepali,"संविधानअनुसार स्थानीय तहका अधिकार कुन अनुसूचीमा छन् र संघ, प्रदेश तथा स्थानीय तहका साझा अधिकार कुन अनुसूचीमा छन्?","अनुसूची ८ मा स्थानीय तहका अधिकार छन् भने अनुसूची ९ मा संघ, प्रदेश र स्थानीय तहका साझा अधिकार छन्।","*   स्थानीय तहका अधिकार: अनुसूची ८
*   संघ, प्रदेश तथा स्थानीय तहका साझा अधिकार: अनुसूची ८(१)"
ST009,English,"According to the Constitution, what happens if a State law is inconsistent with a Federal law in matters of concurrent powers?",The State law is invalid to the extent of the inconsistency.,Federal law prevails.
ST009,Nepali,संविधानअनुसार साझा अधिकारका विषयमा प्रदेश कानून संघीय कानूनसँग बाझिएमा के हुन्छ?,बाझिएको हदसम्म प्रदेश कानून अमान्य हुन्छ।,संघिय कानून prevales (अधिराज्य)
ST010,English,"According to the Constitution, what happens if a law made by a Village Assembly or Municipal Assembly is inconsistent with the relevant State law in matters of concurrent powers?",It is invalid to the extent of the inconsistency.,The State Legislature can override the Village or Municipal Assembly’s law.
ST010,Nepali,संविधानअनुसार साझा अधिकारका विषयमा गाउँसभा वा नगरसभाले बनाएको कानून सम्बन्धित प्रदेश कानूनसँग बाझिएमा के हुन्छ?,बाझिएको हदसम्म अमान्य हुन्छ।,"संविधान अनुसार, सम्बन्धित प्रदेश कानूनसँग बाझिएको अवस्थामा गाउँसभा वा नगरसभाले बनाएको कानून असम्बन्धित हुने।"
ST011,English,"According to the Constitution, which level of government exercises residual powers on matters not listed in any constitutional schedule?",The Federation.,The national government.
ST011,Nepali,संविधानअनुसार कुनै पनि संवैधानिक अनुसूचीमा उल्लेख नभएका विषयमा अवशिष्ट अधिकार कुन तहको सरकारलाई हुन्छ?,संघ।,स्थानीय तहको सरकारलाई।
ST012,English,"According to the Constitution, which three levels of government may formulate and implement policies and plans within their financial jurisdiction?","The Federation, State and Local level.","Federal, state, and local."
ST012,Nepali,संविधानअनुसार आफ्नो वित्तीय अधिकार क्षेत्रभित्र नीति तथा योजना निर्माण र कार्यान्वयन गर्ने तीन तहका सरकार कुन-कुन हुन्?,"संघ, प्रदेश र स्थानीय तह।","संघीय सरकार, प्रदेश सरकार, र स्थानीय सरकार।"
ST013,English,"According to the Constitution, what forms may benefits derived from the use of natural resources be distributed to project-affected regions and local communities?","Royalty, services or goods.","The Constitution allows for benefits derived from natural resources to be distributed through trusts, funds, or other mechanisms established for the benefit of project-affected regions and local communities."
ST013,Nepali,संविधानअनुसार प्राकृतिक स्रोतको उपयोगबाट प्राप्त लाभ आयोजना प्रभावित क्षेत्र तथा स्थानीय समुदायलाई कुन-कुन स्वरूपमा वितरण गर्न सकिन्छ?,"रोयल्टी, सेवा वा वस्तु।","वित्तीय क्षतिपुन Compensation, लाभ बाँडमा भाग, रोजगार अवसर, पूर्वाधार विकास।"
ST014,English,"According to the Constitution, what two conditions govern priority for local community investment in the utilization of natural resources?",The nature of the investment and the size of the investment.,Public welfare and economic development.
ST014,Nepali,संविधानअनुसार प्राकृतिक स्रोतको उपयोगमा स्थानीय समुदायको लगानीलाई प्राथमिकता दिन कुन दुई आधारलाई विचार गरिन्छ?,लगानीको प्रकृति र लगानीको परिमाण।,स्थानीय आवश्यकता र लाभान्वित समुदाय।
ST015,English,"According to the Constitution, which level of government has the power to obtain foreign assistance and borrow loans?",The Government of Nepal.,The federal government.
ST015,Nepali,संविधानअनुसार वैदेशिक सहायता प्राप्त गर्ने तथा ऋण लिने अधिकार कुन तहको सरकारलाई छ?,नेपाल सरकार।,राज्य सरकारलाई।
ST016,English,"Which Article provides for the distribution of sources of revenue among the Federation, State and Local level?",Article 60.,Article VI
ST016,Nepali,"संघ, प्रदेश तथा स्थानीय तहबीच राजस्व स्रोतको बाँडफाँटको व्यवस्था गर्ने धारा कुन हो?",धारा ६०।,धारा ७१
ST017,English,"According to the Constitution, which constitutional commission recommends the amount of fiscal transfer receivable by the State and Local level?",National Natural Resources and Fiscal Commission.,Finance Commission
ST017,Nepali,संविधानअनुसार प्रदेश तथा स्थानीय तहले प्राप्त गर्ने वित्तीय हस्तान्तरणको रकम कुन संवैधानिक आयोगले सिफारिस गर्छ?,राष्ट्रिय प्राकृतिक स्रोत तथा वित्त आयोग।,संवैधानिक आर्थिक आयोग।
ST018,English,"According to the Constitution, who recommends the amount of fiscal transfer to the State and Local level, and who distributes fiscal equalization grants?","The National Natural Resources and Fiscal Commission recommends the fiscal transfer amount, while the Government of Nepal distributes fiscal equalization grants.","The Finance Commission recommends, and the President distributes."
ST018,Nepali,संविधानअनुसार प्रदेश तथा स्थानीय तहलाई वित्तीय हस्तान्तरणको रकम कसले सिफारिस गर्छ र वित्तीय समानीकरण अनुदान कसले वितरण गर्छ?,राष्ट्रिय प्राकृतिक स्रोत तथा वित्त आयोगले वित्तीय हस्तान्तरणको रकम सिफारिस गर्छ भने नेपाल सरकारले वित्तीय समानीकरण अनुदान वितरण गर्छ।,संविधान अनुसार प्रदेश तथा स्थानीय तहलाई वित्तीय हस्तान्तरणको रकम **अर्थ आयोग** सिफारिस गर्छ। वित्तीय समानीकरण अनुदान **संविधानले निर्धारण गरेको निकाय** वितरण गर्छ।
ST019,English,"According to the Constitution, what factors must be considered when enacting a Federal Act on the distribution of revenues?","National policies, national requirements, autonomy of State and Local levels, services to the people, financial powers, revenue collection capacity, revenue potential and use, regional balance, poverty and inequality reduction, ending deprivation, and temporary or contingent needs.",The Constitution requires that any Federal Act on the distribution of revenues must consider the needs of the States and Territories.
ST019,Nepali,संविधानअनुसार राजस्व बाँडफाँटसम्बन्धी संघीय कानून बनाउँदा कुन-कुन आधारहरू विचार गर्नुपर्छ?,"राष्ट्रिय नीति, राष्ट्रिय आवश्यकता, प्रदेश तथा स्थानीय तहको स्वायत्तता, जनसेवा, वित्तीय अधिकार, राजस्व संकलन क्षमता, राजस्वको सम्भावना र उपयोग, क्षेत्रीय सन्तुलन, गरिबी तथा असमानता न्यूनीकरण, वञ्चितीकरणको अन्त्य तथा अस्थायी वा आकस्मिक आवश्यकता।","*   संघीय सरकार र राज्य सरकारबीचको शक्ति विभाजन
*   जनसङ्ख्या
*   भूभाग
*   आर्थिक आवश्यकता
*   स्थानीय सरकारको क्षमता"
ST020,English,"According to the Constitution, how should revenues be distributed among the Federation, State and Local level?",In a balanced and transparent manner.,"The Constitution establishes a system of shared federal, state, and local revenue, primarily through apportionments based on population, with specific powers and responsibilities outlined for each level."
ST020,Nepali,"संविधानअनुसार संघ, प्रदेश तथा स्थानीय तहबीच राजस्व कसरी वितरण गरिनुपर्छ?",सन्तुलित तथा पारदर्शी रूपमा।,"संविधान अनुसार, संघ, प्रदेश तथा स्थानीय तहबीच राजस्व वितरणको व्यवस्था बनाउनुपर्छ। यसको मुख्य आधार तालमेल तथा समानुपातिक हुनेछ।"
PR001,English,"According to the Constitution, who is the head of state of Nepal?",The President.,The President
PR001,Nepali,संविधानअनुसार नेपालको राष्ट्रप्रमुख को हो?,राष्ट्रपति।,राष्ट्रपति
PR002,English,"According to the Constitution, what is the main duty of the President of Nepal?",To abide by and protect the Constitution.,"To represent Nepal in all matters, to be the Commander-in-Chief of the Armed Forces, and to appoint the Prime Minister."
PR002,Nepali,संविधानअनुसार नेपालको राष्ट्रपतिको मुख्य कर्तव्य के हो?,संविधानको पालना गर्नु तथा यसको संरक्षण गर्नु।,नेपालको राष्ट्रपतिको मुख्य कर्तव्य राज्यप्रमुख हुनु र देशको सरकार निर्माणमा महत्वपूर्ण भूमिका खेल्नु हो।
PR003,English,"According to the Constitution, which bodies together form the electoral college for electing the President?",Members of the Federal Parliament and the State Assemblies.,The Electoral College
PR003,Nepali,संविधानअनुसार राष्ट्रपति निर्वाचनका लागि निर्वाचन मण्डल कुन-कुन निकायका सदस्यहरूबाट बनेको हुन्छ?,संघीय संसद् तथा प्रदेश सभाका सदस्यहरू।,"संसद् सदस्यहरू, स्थानीय निकायका प्रतिनिधि र संयुक्त निर्वाचन मण्डल।"
PR004,English,Which Article provides for the election of the President?,Article 62.,Article II
PR004,Nepali,राष्ट्रपतिको निर्वाचन सम्बन्धी व्यवस्था कुन धारामा गरिएको छ?,धारा ६२।,धारा ७५
PR005,English,"According to the Constitution, what voting outcome is required for a candidate to be elected President in the first round?",A majority of the then existing total votes of the electoral college.,A majority of electoral votes.
PR005,Nepali,संविधानअनुसार पहिलो चरणमै राष्ट्रपति निर्वाचित हुन उम्मेदवारले कस्तो मत प्राप्त गर्नुपर्छ?,निर्वाचन मण्डलका तत्काल कायम रहेका कुल मतको बहुमत।,५० प्रतिशत पेरिplus मत
PR006,English,"According to the Constitution, what happens if no candidate secures a majority in the first round of the presidential election?",A second round is held between the two candidates receiving the highest number of votes.,A run-off election is held between the top two candidates.
PR006,Nepali,संविधानअनुसार राष्ट्रपतिको निर्वाचनको पहिलो चरणमा कुनै उम्मेदवारले बहुमत प्राप्त नगरेमा के हुन्छ?,सबैभन्दा बढी मत प्राप्त गर्ने दुई उम्मेदवारबीच दोस्रो चरणको मतदान हुन्छ।,दोस्रो चरणको निर्वाचन हुन्छ।
PR007,English,"According to the Constitution, what is the term of office of the President?",Five years.,Four years
PR007,Nepali,संविधानअनुसार राष्ट्रपतिको कार्यकाल कति वर्षको हुन्छ?,पाँच वर्ष।,५ वर्ष
PR008,English,"According to the Constitution, what is the minimum age required to become President, and what is the maximum number of times a person may be elected President?","At least 45 years of age, and no more than two terms.","Minimum age: 35 years
Maximum terms: Two"
PR008,Nepali,संविधानअनुसार राष्ट्रपति बन्न न्यूनतम उमेर कति हुनुपर्छ र एक व्यक्ति बढीमा कति पटक राष्ट्रपति निर्वाचित हुन सक्छ?,कम्तीमा ४५ वर्ष उमेर तथा बढीमा दुई पटक।,"न्यूनतम उमेर: ४५ वर्ष
बढीमा पटक: २ पटक"
PR009,English,"According to the Constitution, to whom does the President submit a written resignation?",The Vice-President.,The Vice President.
PR009,Nepali,संविधानअनुसार राष्ट्रपतिले लिखित राजीनामा कसलाई बुझाउँछन्?,उपराष्ट्रपति।,प्रधानन्यायाधीशलाई।
PR010,English,"According to the Constitution, through whom are the recommendations and consent of the Council of Ministers submitted to the President?",Through the Prime Minister.,The President
PR010,Nepali,संविधानअनुसार मन्त्रिपरिषद्को सिफारिस तथा सहमति राष्ट्रपतिसमक्ष कसमार्फत प्रस्तुत गरिन्छ?,प्रधानमन्त्रीमार्फत।,प्रधानमन्त्रीसमक्ष
PR011,English,"According to the Constitution, who performs the functions of the President during the President's absence?",The Vice-President.,The Vice President.
PR011,Nepali,संविधानअनुसार राष्ट्रपतिको अनुपस्थितिमा राष्ट्रपतिको कार्य कसले सम्पादन गर्छ?,उपराष्ट्रपति।,उपराष्ट्रपतिको कार्य।
PR012,English,"Which Article provides that the qualifications, election procedure and term of office of the Vice-President shall be the same as those of the President?",Article 69.,"Article II, Section 1, Clause 1"
PR012,Nepali,"उपराष्ट्रपतिको योग्यता, निर्वाचन प्रक्रिया र कार्यकाल राष्ट्रपतिको जस्तै हुने व्यवस्था कुन धारामा गरिएको छ?",धारा ६९।,धारा ७८
PR013,English,"According to the Constitution, to whom does the Vice-President submit a written resignation?",The President.,The President
PR013,Nepali,संविधानअनुसार उपराष्ट्रपतिले आफ्नो लिखित राजीनामा कसलाई बुझाउँछन्?,राष्ट्रपति।,राष्ट्रपतिलाई।
PR014,English,"According to the Constitution, to whom does the President submit a resignation, and to whom does the Vice-President submit a resignation?","The President resigns to the Vice-President, while the Vice-President resigns to the President.","The President submits a resignation to the Vice President, and the Vice President submits a resignation to the President."
PR014,Nepali,संविधानअनुसार राष्ट्रपतिले कसलाई राजीनामा दिन्छन् र उपराष्ट्रपतिले कसलाई राजीनामा दिन्छन्?,राष्ट्रपतिले उपराष्ट्रपतिलाई राजीनामा दिन्छन् भने उपराष्ट्रपतिले राष्ट्रपतिलाई राजीनामा दिन्छन्।,राष्ट्रपतिले मन्त्रीहरूलाई र उपराष्ट्रपतिले उपराष्ट्रपतिलाई राजीनामा दिन्छन्।
PR015,English,"According to the Constitution, before whom does the President take the oath of office and secrecy?",The Chief Justice.,The Chief Justice of the Supreme Court
PR015,Nepali,संविधानअनुसार राष्ट्रपतिले पद तथा गोपनीयताको शपथ कसको समक्ष लिन्छन्?,प्रधान न्यायाधीश।,संविधानसभा समक्ष।
PR016,English,"According to the Constitution, before whom does the Vice-President take the oath of office and secrecy?",The President.,The Chief Justice of the Supreme Court
PR016,Nepali,संविधानअनुसार उपराष्ट्रपतिले पद तथा गोपनीयताको शपथ कसको समक्ष लिन्छन्?,राष्ट्रपति।,राष्ट्रपति समक्ष
PR017,English,"According to the Constitution, what principle must be ensured when electing the President and the Vice-President?",They must represent different sex or different community.,Each state sets its own method of choosing electors.
PR017,Nepali,संविधानअनुसार राष्ट्रपति र उपराष्ट्रपतिको निर्वाचन गर्दा कुन प्रतिनिधित्वको सिद्धान्त सुनिश्चित गरिनुपर्छ?,फरक लिङ्ग वा फरक समुदायको प्रतिनिधित्व सुनिश्चित हुनुपर्छ।,जनप्रतिनिधित्वको सिद्धान्त
PR018,English,"According to the Constitution, if a person holding a political office filled by election, nomination or appointment is appointed as the Vice-President, what happens to that office?",The previous office becomes vacant automatically.,The office remains vacant.
PR018,Nepali,"संविधानअनुसार निर्वाचन, मनोनयन वा नियुक्तिबाट प्राप्त राजनीतिक पदमा रहेको व्यक्ति उपराष्ट्रपति नियुक्त भएमा उसको अघिल्लो पदको के हुन्छ?",अघिल्लो पद स्वतः रिक्त हुन्छ।,अघिल्लो पद त्याग्दाको थियो।
PR019,English,"According to the Constitution, what arrangements must the Government of Nepal make for the offices of the President and Vice-President?",It shall provide the necessary employees and other arrangements required for the functioning of the offices.,The Constitution mandates the Government shall establish and maintain the offices of the President and Vice-President.
PR019,Nepali,संविधानअनुसार राष्ट्रपति तथा उपराष्ट्रपतिको कार्यालयका लागि नेपाल सरकारले के व्यवस्था गर्नुपर्छ?,कार्यालय सञ्चालनका लागि आवश्यक कर्मचारी तथा अन्य आवश्यक व्यवस्था गर्नुपर्छ।,संविधान अनुसार राष्ट्रपति तथा उपराष्ट्रपतिको कार्यालयका लागि नेपाल सरकारले चुनाव आयोगको सिफारिशबमोजिम राष्ट्रपति तथा उपराष्ट्रपतिको नाममा निर्वाचन लaksanakan र शपथ ग्रहणको व्यवस्था गर्नुपर्छ।
PR020,English,"According to the Constitution, how many separate offices are established for the President and the Vice-President?",Two separate offices.,Two
PR020,Nepali,संविधानअनुसार राष्ट्रपति र उपराष्ट्रपतिका लागि कति छुट्टाछुट्टै कार्यालय रहने व्यवस्था गरिएको छ?,दुई छुट्टाछुट्टै कार्यालय।,दोसको।
FE001,English,"According to the Constitution, what form of government does Nepal have?","A multi-party, competitive, federal, democratic, republican, parliamentary form of government based on pluralism.",Parliamento Federalista Democrático Republicano
FE001,Nepali,संविधानअनुसार नेपालमा कस्तो प्रकारको शासन प्रणाली रहेको छ?,"बहुदलीय, प्रतिस्पर्धात्मक, संघीय, लोकतान्त्रिक, गणतान्त्रिक तथा बहुलवादमा आधारित संसदीय शासन प्रणाली।",राजशाहीविहिन संसद्सदस्यता प्रणाली
FE002,English,"According to the Constitution, in whom is the executive power of Nepal vested?",The Council of Ministers.,The President of Nepal.
FE002,Nepali,संविधानअनुसार नेपालको कार्यकारी शक्ति कसमा निहित हुन्छ?,मन्त्रिपरिषद्।,प्रधानमन्त्री र मन्त्रीमण्डलमा निहित हुन्छ।
FE003,English,"According to the Constitution, who is responsible for issuing general directives and regulating the governance of Nepal?",The Council of Ministers.,The President.
FE003,Nepali,संविधानअनुसार नेपालको शासन सञ्चालनका लागि सामान्य निर्देशन जारी गर्ने तथा नियन्त्रण र नियमन गर्ने जिम्मेवारी कसको हुन्छ?,मन्त्रिपरिषद्।,राष्ट्रपति
FE004,English,"According to the Constitution, in whose name are all Federal executive functions performed?",In the name of the Government of Nepal.,The President
FE004,Nepali,संविधानअनुसार संघीय कार्यकारी कार्यहरू कसको नाममा सम्पादन गरिन्छ?,नेपाल सरकारको नाममा।,प्रधानमन्त्रीको नाममा।
FE005,English,Which Article provides for the constitution of the Council of Ministers?,Article 76.,Article 75
FE005,Nepali,मन्त्रिपरिषद्को गठनसम्बन्धी व्यवस्था कुन धारामा गरिएको छ?,धारा ७६।,धारा ७७
FE006,English,"According to the Constitution, whom does the President appoint as Prime Minister when a single parliamentary party commands a majority in the House of Representatives?",The leader of the parliamentary party commanding the majority in the House of Representatives.,The President does not appoint a Prime Minister in that scenario. The Prime Minister is the leader of the party that commands a majority in the House of Representatives.
FE006,Nepali,प्रतिनिधिसभामा कुनै एक संसदीय दलको स्पष्ट बहुमत भएमा संविधानअनुसार राष्ट्रपतिले कसलाई प्रधानमन्त्री नियुक्त गर्छन्?,प्रतिनिधिसभामा बहुमत प्राप्त संसदीय दलको नेता।,संसदीय दलको स्पष्ट बहुमतले गठन गरेको सरकारमा राष्ट्रपति प्रधानमन्त्री नियुक्त गर्छन्।
FE007,English,"According to the Constitution, if no political party has a majority in the House of Representatives, who may be appointed Prime Minister?",A member of the House of Representatives who can command a majority with the support of two or more parties.,The Speaker of the House.
FE007,Nepali,प्रतिनिधिसभामा कुनै दलको स्पष्ट बहुमत नभएमा संविधानअनुसार प्रधानमन्त्री कसलाई नियुक्त गर्न सकिन्छ?,दुई वा दुईभन्दा बढी दलको समर्थनबाट बहुमत प्राप्त गर्न सक्ने प्रतिनिधिसभाको सदस्य।,सर्वोच्च न्यायालयको न्यायाधीशहरू
FE008,English,"According to the Constitution, who appoints the Prime Minister, and on whose recommendation is the Council of Ministers constituted?","The President appoints the Prime Minister, and the Council of Ministers is constituted on the recommendation of the Prime Minister.","The President appoints the Prime Minister, and on the Prime Minister’s recommendation, the Council of Ministers is constituted."
FE008,Nepali,संविधानअनुसार प्रधानमन्त्री कसले नियुक्त गर्छन् र मन्त्रिपरिषद् कसको सिफारिसमा गठन हुन्छ?,राष्ट्रपतिले प्रधानमन्त्री नियुक्त गर्छन् र प्रधानमन्त्रीको सिफारिसमा मन्त्रिपरिषद् गठन हुन्छ।,"संविधान अनुसार, राजाले प्रधानमन्त्री नियुक्त गर्छन् र राष्ट्रपतिले मन्त्रिपरिषद्को सिफारिसमा गठन गर्छन्।"
FE009,English,"According to the Constitution, what is the maximum number of Ministers that may comprise the Council of Ministers, including the Prime Minister?",Twenty-five Ministers.,One hundred.
FE009,Nepali,संविधानअनुसार प्रधानमन्त्रीसहित मन्त्रिपरिषद्मा बढीमा कति जना मन्त्री रहन सक्छन्?,बढीमा २५ जना मन्त्री।,३०
FE010,English,"According to the Constitution, to whom are the Prime Minister and Ministers collectively responsible?",The Federal Parliament.,The people of the United Kingdom.
FE010,Nepali,संविधानअनुसार प्रधानमन्त्री तथा मन्त्रीहरू सामूहिक रूपमा कसप्रति उत्तरदायी हुन्छन्?,संघीय संसद्।,नागरिकहरूलाई।
FE011,English,"According to the Constitution, to whom does the Prime Minister submit a written resignation?",The President.,The Speaker of the House of Representatives.
FE011,Nepali,संविधानअनुसार प्रधानमन्त्रीले आफ्नो लिखित राजीनामा कसलाई बुझाउँछन्?,राष्ट्रपति।,राष्ट्रपतिलाई।
FE012,English,"According to the Constitution, to whom does a Minister submit a written resignation?",The Prime Minister.,The President
FE012,Nepali,संविधानअनुसार मन्त्रीले आफ्नो लिखित राजीनामा कसलाई बुझाउँछन्?,प्रधानमन्त्री।,प्रधानमन्त्रीलाई।
FE013,English,"According to the Constitution, what happens to the Council of Ministers if the office of the Prime Minister becomes vacant?",The same Council of Ministers continues to function until a new Council of Ministers is constituted.,The Council of Ministers ceases to exist and a new one is formed.
FE013,Nepali,संविधानअनुसार प्रधानमन्त्रीको पद रिक्त भएमा मन्त्रिपरिषद्को के हुन्छ?,नयाँ मन्त्रिपरिषद् गठन नभएसम्म सोही मन्त्रिपरिषद्ले कार्य सञ्चालन गरिरहन्छ।,मन्त्रिपरिषद् रिक्त हुन्छ।
FE014,English,"According to the Constitution, if the Prime Minister dies, who acts as the Prime Minister until a new Prime Minister is appointed?",The senior-most Minister.,The Deputy Prime Minister.
FE014,Nepali,संविधानअनुसार प्रधानमन्त्रीको मृत्यु भएमा नयाँ प्रधानमन्त्री नियुक्त नभएसम्म कार्यवाहक प्रधानमन्त्रीको रूपमा कसले काम गर्छ?,वरिष्ठतम मन्त्री।,कार्यकारी प्रधानमन्त्री
FE015,English,Which Article allows a person who is not a member of the Federal Parliament to be appointed as a Minister?,Article 78.,Article 106
FE015,Nepali,संघीय संसद्को सदस्य नभएको व्यक्तिलाई मन्त्री नियुक्त गर्न सकिने व्यवस्था कुन धारामा गरिएको छ?,धारा ७८।,"धारा २०२, स्थानीय सरकार ऐन २०७४"
FE016,English,"According to the Constitution, within how many months must a Minister who is not a member of the Federal Parliament obtain membership?",Within six months.,Six months
FE016,Nepali,संघीय संसद्को सदस्य नभएको मन्त्रीले कति महिनाभित्र संसद्को सदस्यता प्राप्त गर्नुपर्छ?,छ महिनाभित्र।,६ महिना
FE017,English,"According to the Constitution, on whose recommendation may the President appoint a person who is not a member of the Federal Parliament as a Minister?",On the recommendation of the Prime Minister.,The Cabinet Council.
FE017,Nepali,संविधानअनुसार संघीय संसद्को सदस्य नभएको व्यक्तिलाई मन्त्री नियुक्त गर्दा राष्ट्रपतिले कसको सिफारिसमा नियुक्त गर्छन्?,प्रधानमन्त्रीको सिफारिसमा।,संसदीय बोर्ड
FE018,English,"According to the Constitution, who receives the resignation of the Prime Minister, and who receives the resignation of a Minister?","The President receives the Prime Minister's resignation, while the Prime Minister receives a Minister's resignation.","The Governor-General receives the resignation of the Prime Minister, and the Clerk of the Executive Council receives the resignation of a Minister."
FE018,Nepali,संविधानअनुसार प्रधानमन्त्रीको राजीनामा कसले प्राप्त गर्छ र मन्त्रीको राजीनामा कसले प्राप्त गर्छ?,राष्ट्रपतिले प्रधानमन्त्रीको राजीनामा प्राप्त गर्छन् भने प्रधानमन्त्रीले मन्त्रीको राजीनामा प्राप्त गर्छन्।,"संविधान अनुसार, राष्ट्रपतिले प्रधानमन्त्रीको राजीनामा प्राप्त गर्छ र मन्त्रीले राष्ट्रपतिलाई राजीनामा पेश गर्छ।"
FE019,English,"According to the Constitution, is a person who was defeated in the election to the current House of Representatives eligible to be appointed as a Minister during the term of that House?",No. A person defeated in the election to the current House of Representatives is not eligible to be appointed as a Minister during that House's term.,No.
FE019,Nepali,वर्तमान प्रतिनिधिसभाको निर्वाचनमा पराजित भएको व्यक्ति सोही प्रतिनिधिसभाको कार्यकालमा मन्त्री नियुक्त हुन योग्य हुन्छ?,हुँदैन। वर्तमान प्रतिनिधिसभाको निर्वाचनमा पराजित व्यक्ति सोही प्रतिनिधिसभाको कार्यकालभर मन्त्री नियुक्त हुन योग्य हुँदैन।,हाँय।
FE020,English,"According to the Constitution, by what type of law are the remuneration and other facilities of the Prime Minister and Ministers provided?",A Federal Act.,By law.
FE020,Nepali,संविधानअनुसार प्रधानमन्त्री तथा मन्त्रीहरूको पारिश्रमिक तथा अन्य सुविधा कुन प्रकारको कानुनद्वारा निर्धारण गरिन्छ?,संघीय ऐन।,संविधानको धारा ७६(१) बमोज्य।
FE021,English,"According to the Constitution, before whom does the Prime Minister take the oath of office and secrecy?",The President.,The President
FE021,Nepali,संविधानअनुसार प्रधानमन्त्रीले पद तथा गोपनीयताको शपथ कसको समक्ष लिन्छन्?,राष्ट्रपति।,संविधानिक सर्वोच्च न्यायालय समक्ष।
FE022,English,"According to the Constitution, before whom do Ministers of State and Assistant Ministers take the oath of office and secrecy?",The Prime Minister.,The President
FE022,Nepali,संविधानअनुसार राज्यमन्त्री तथा सहायक मन्त्रीहरूले पद तथा गोपनीयताको शपथ कसको समक्ष लिन्छन्?,प्रधानमन्त्री।,राष्ट्रपति समक्ष।
FE023,English,"According to the Constitution, who administers the oath of office to the Prime Minister, and who administers the oath to Ministers of State and Assistant Ministers?","The President administers the oath to the Prime Minister, while the Prime Minister administers the oath to Ministers of State and Assistant Ministers.",The President administers the oath of office to the Prime Minister. The President also administers the oath to Ministers of State and Assistant Ministers.
FE023,Nepali,संविधानअनुसार प्रधानमन्त्रीलाई पद तथा गोपनीयताको शपथ कसले गराउँछ र राज्यमन्त्री तथा सहायक मन्त्रीलाई कसले शपथ गराउँछ?,राष्ट्रपतिले प्रधानमन्त्रीलाई शपथ गराउँछन् भने प्रधानमन्त्रीले राज्यमन्त्री तथा सहायक मन्त्रीलाई शपथ गराउँछन्।,"संविधान अनुसार, राष्ट्रपतिले प्रधानमन्त्रीलाई पद तथा गोपनीयताको शपथ गराउँछन्। राज्यमन्त्री तथा सहायक मन्त्रीलाई उपप्रधानमन्त्रीले शपथ गराउँछन्।"
FE024,English,"According to the Constitution, who must inform the President about the resolutions of the Council of Ministers?",The Prime Minister.,The Cabinet Secretary
FE024,Nepali,संविधानअनुसार मन्त्रिपरिषद्का निर्णयहरूको जानकारी राष्ट्रपतिलाई कसले गराउनुपर्छ?,प्रधानमन्त्री।,अर्थ मन्त्रालय
FE025,English,"According to the Constitution, who has the duty to inform the President about Bills to be introduced in the Federal Parliament?",The Prime Minister.,The Speaker of the Federal Parliament.
FE025,Nepali,संविधानअनुसार संघीय संसद्मा पेश गरिने विधेयकहरूको जानकारी राष्ट्रपतिलाई गराउने दायित्व कसको हुन्छ?,प्रधानमन्त्री।,सचेतन कर्मचारी।
FE026,English,"According to the Constitution, what information regarding the country's affairs must the Prime Minister provide to the President?",The current general state of affairs of the country and matters concerning foreign relations.,Reports on the public affairs of the government.
FE026,Nepali,संविधानअनुसार प्रधानमन्त्रीले राष्ट्रपतिलाई देशको अवस्थासम्बन्धी कुन जानकारी दिनुपर्छ?,देशको समसामयिक सामान्य अवस्था तथा वैदेशिक सम्बन्धसम्बन्धी विषयहरू।,सञ्चालन जानकारी
FE027,English,Which Article governs the transaction of the business of the Government of Nepal?,Article 82.,Article 102
FE027,Nepali,नेपाल सरकारको कार्य सञ्चालनसम्बन्धी व्यवस्था कुन धारामा गरिएको छ?,धारा ८२।,धारा ७३
FE028,English,"According to the Constitution, in accordance with what are the business of the Government of Nepal allocated and transacted?",In accordance with the rules approved by the Government of Nepal.,According to the laws of the land.
FE028,Nepali,संविधानअनुसार नेपाल सरकारको कार्य कुन आधारमा बाँडफाँट र सञ्चालन गरिन्छ?,नेपाल सरकारले स्वीकृत गरेका नियमहरू अनुसार।,"संविधान अनुसार, नेपाल सरकारको कार्य संघीय, राज्य तथा स्थानीय गरी तीन तहमा आधारित रूपमा बाँडफाँट र सञ्चालन गरिन्छ।"
FE029,English,"According to the Constitution, can a court question whether the rules governing the transaction of the Government of Nepal's business have been observed?",No. No question may be raised in any court regarding whether those rules have been observed.,Yes.
FE029,Nepali,संविधानअनुसार नेपाल सरकारको कार्य सञ्चालनसम्बन्धी नियमहरूको पालना भएको वा नभएको विषयमा अदालतमा प्रश्न उठाउन सकिन्छ?,सकिँदैन। ती नियमहरूको पालना भएको वा नभएको विषयमा कुनै अदालतमा प्रश्न उठाउन सकिँदैन।,हाँय। संविधान अनुसार अदालतमा प्रश्न उठाउन सकिन्छ।
FE030,English,"According to the Constitution, besides the resolutions of the Council of Ministers and Bills to be introduced in the Federal Parliament, name one additional category of information that the Prime Minister must provide to the President.","Either (i) other necessary information requested by the President regarding those matters, or (ii) the current general state of affairs of the country and matters concerning foreign relations.",Reports on the situation of the country.
FE030,Nepali,संविधानअनुसार मन्त्रिपरिषद्का निर्णय र संघीय संसद्मा पेश गरिने विधेयकबाहेक प्रधानमन्त्रीले राष्ट्रपतिलाई उपलब्ध गराउनुपर्ने थप जानकारीमध्ये एउटा उल्लेख गर्नुहोस्।,"(१) ती विषयमा राष्ट्रपतिले मागेको अन्य आवश्यक जानकारी, वा (२) देशको समसामयिक सामान्य अवस्था तथा वैदेशिक सम्बन्धसम्बन्धी जानकारी।",सरकारी नीति निर्देशन
FL001,English,"According to the Constitution, in which House may a Money Bill be introduced?",House of Representatives only.,The House of Representatives
FL001,Nepali,संविधानअनुसार धन विधेयक कुन सदनमा मात्र प्रस्तुत गर्न सकिन्छ?,प्रतिनिधि सभामा मात्र।,संसद्को दुवै सदनमा।
FL002,English,Can a Money Bill be introduced as a non-government Bill?,No. It may be introduced only as a Government Bill.,No.
FL002,Nepali,के धन विधेयक गैर-सरकारी विधेयकका रूपमा प्रस्तुत गर्न सकिन्छ?,सकिँदैन। यो सरकारको विधेयकका रूपमा मात्र प्रस्तुत गर्न सकिन्छ।,नहुँ।
FL003,English,Bills concerning which security bodies must be introduced only as Government Bills?,"Nepal Army, Nepal Police, and Armed Police Force, Nepal.",The Serious Organized Crime Agency (SOCA) and the Intelligence Services Bill.
FL003,Nepali,कुन सुरक्षा निकायसँग सम्बन्धित विधेयकहरू सरकारको विधेयकका रूपमा मात्र प्रस्तुत गर्नुपर्छ?,"नेपाली सेना, नेपाल प्रहरी र सशस्त्र प्रहरी बल, नेपाल।",संविधान संशोधन विधेयक।
FL004,English,Who makes the final decision on whether a Bill is a Money Bill?,The Speaker.,The Speaker of the House.
FL004,Nepali,कुनै विधेयक धन विधेयक हो वा होइन भन्ने अन्तिम निर्णय कसले गर्छ?,सभामुख।,प्रतिनिधित्व सभा।
FL005,English,"Does a Bill become a Money Bill solely because it imposes licence fees, application fees, renewal fees, fines, or imprisonment penalties?",No.,No.
FL005,Nepali,"के इजाजतपत्र शुल्क, निवेदन शुल्क, नवीकरण शुल्क, जरिवाना वा कैद सजायको व्यवस्था भएकै कारण कुनै विधेयक धन विधेयक मानिन्छ?",हुँदैन।,"इजाजतपत्र शुल्क, निवेदन शुल्क, नवीकरण शुल्क, जरिवाना वा कैद सजायको व्यवस्था भएपछि कुनै विधेयक धन विधेयक हुँदैन।"
FL006,English,"Within how many days must the National Assembly return a Money Bill received from the House of Representatives with suggestions, if any?",Within fifteen days.,14 days
FL006,Nepali,प्रतिनिधि सभाबाट प्राप्त धन विधेयक राष्ट्रिय सभाले सुझावसहित कति दिनभित्र फिर्ता गर्नुपर्छ?,पन्ध्र दिनभित्र।,१५ दिन
FL007,English,What may the House of Representatives do if the National Assembly does not return a Money Bill within fifteen days?,It may present the Bill to the President for assent.,The House of Representatives may introduce its own Money Bill.
FL007,Nepali,राष्ट्रिय सभाले धन विधेयक पन्ध्र दिनभित्र फिर्ता नगरे प्रतिनिधि सभाले के गर्न सक्छ?,राष्ट्रपतिसमक्ष स्वीकृतिका लागि विधेयक प्रस्तुत गर्न सक्छ।,प्रतिनिधि सभाले धन विधेयकलाई फिर्ता लिन सक्छ।
FL008,English,Within what period must the National Assembly return a Bill other than a Money Bill received from the House of Representatives?,Within two months.,10 days
FL008,Nepali,प्रतिनिधि सभाबाट प्राप्त धन विधेयक बाहेकको विधेयक राष्ट्रिय सभाले कति अवधिभित्र फिर्ता गर्नुपर्छ?,दुई महिनाभित्र।,तीन महिना
FL009,English,"If the National Assembly fails to return a non-Money Bill within two months, what majority is required in the House of Representatives to present it to the President for assent?",A majority of the total number of its existing members.,A simple majority.
FL009,Nepali,"राष्ट्रिय सभाले धन विधेयक बाहेकको विधेयक दुई महिनाभित्र फिर्ता नगरे, राष्ट्रपतिसमक्ष स्वीकृतिका लागि पठाउन प्रतिनिधि सभामा कस्तो बहुमत आवश्यक पर्छ?",प्रतिनिधि सभाका तत्काल कायम रहेका कुल सदस्य सङ्ख्याको बहुमत।,६०%
FL010,English,Which type of Bill is excluded from the procedures under Article 111(6) regarding rejection or amendment by the other House?,A Money Bill.,Money Bills
FL010,Nepali,अर्को सदनबाट अस्वीकृत वा संशोधन गरिने प्रक्रियाबाट कुन प्रकारको विधेयक बाहिर राखिएको छ?,धन विधेयक।,अध्यादेश (Resolutions)
FL011,English,Which House presents a Bill to the President after it is passed in a joint sitting of both Houses?,The House in which the Bill originated.,The House of Representatives
FL011,Nepali,दुवै सदनको संयुक्त बैठकबाट विधेयक पारित भएपछि राष्ट्रपतिसमक्ष कुन सदनले विधेयक प्रस्तुत गर्छ?,विधेयक प्रारम्भ भएको सदन।,प्रतिनिधित्व सभा (House of Representatives)
FL012,English,Does the prorogation of a House stop deliberations on a Bill?,No. Deliberations may continue in the succeeding session.,No.
FL012,Nepali,कुनै सदनको अधिवेशन अन्त्य भएमा विधेयकमाथिको विचार रोकिन्छ?,रोकिँदैन। अर्को अधिवेशनमा विचार जारी रहन सक्छ।,होइन।
FL013,English,What happens to a Bill introduced in the House of Representatives if that House is dissolved or its term expires while the Bill is under consideration?,The Bill lapses.,The Bill lapses and must be reintroduced in the next session of Congress.
FL013,Nepali,प्रतिनिधि सभामा प्रस्तुत गरिएको विधेयक विचाराधीन अवस्थामै प्रतिनिधि सभा विघटन भए वा कार्यकाल समाप्त भए के हुन्छ?,विधेयक निष्क्रिय (लोप) हुन्छ।,विಧಾನसभा विघटन भएपछि विधेयक विचाराधीन अवस्थाबाटै समाप्त हुन्छ।
FL014,English,"Who may withdraw a Bill, subject to the approval of the House?",The person who introduced the Bill.,The Speaker of the House.
FL014,Nepali,सदनको स्वीकृतिसहित विधेयक कसले फिर्ता लिन सक्छ?,विधेयक प्रस्तुत गर्ने व्यक्तिले।,राष्ट्रपति।
FL015,English,"Within how many days must the President give assent to a Bill submitted under Article 113, unless it is returned for reconsideration?",Within fifteen days.,10 days
FL015,Nepali,धारा ११३ बमोजिम पेश गरिएको विधेयकमा पुनर्विचारका लागि फिर्ता नगरिएमा राष्ट्रपतिले कति दिनभित्र स्वीकृति दिनुपर्छ?,पन्ध्र दिनभित्र।,संसद्को दुवै सदनले पुनर्विचारका लागि फिर्ता नबुझ्दा राष्ट्रपतिले sixty दिनभित्र स्वीकृति दिनुपर्छ।
FL016,English,Can the President return a Money Bill for reconsideration?,No.,Yes.
FL016,Nepali,के राष्ट्रपतिले धन विधेयक पुनर्विचारका लागि फिर्ता पठाउन सक्छन्?,सक्दैनन्।,"हो, राष्ट्रपति सक्छन्।"
FL017,English,Under what condition may the President promulgate an Ordinance?,"When both Houses are not in session and immediate action is necessary, on the recommendation of the Council of Ministers.",When the National Assembly has recessed.
FL017,Nepali,राष्ट्रपतिले कुन अवस्थामा अध्यादेश जारी गर्न सक्छन्?,दुवै सदन अधिवेशनमा नरहेको र तत्काल कार्य गर्न आवश्यक भएको अवस्थामा मन्त्रिपरिषद्को सिफारिसमा।,विपरीत परिस्थितिमा।
FL018,English,"Unless it is earlier repealed or becomes ineffective, after how many days from the commencement of a meeting of both Houses does an Ordinance cease to be effective?",Sixty days.,Six months
FL018,Nepali,"पहिले नै खारेज वा निष्प्रभावी नभएमा, दुवै सदनको बैठक प्रारम्भ भएको दिनदेखि कति दिनपछि अध्यादेश स्वतः निष्प्रभावी हुन्छ?",साठी दिनपछि।,९० दिन
FF001,English,"According to the Constitution, can a tax be levied except in accordance with law?",No. A tax may be levied only in accordance with law.,Yes.
FF001,Nepali,संविधानअनुसार कानुनबाहेक कर लगाउन सकिन्छ?,हुँदैन। कानुनबमोजिम मात्र कर लगाउन सकिन्छ।,नहुँ।
FF002,English,Under what legal authority may the Government of Nepal raise loans or provide guarantees?,Only as provided by Federal law.,"The Constitution of Nepal, 2072."
FF002,Nepali,नेपाल सरकारले ऋण उठाउन वा जमानत दिन कुन कानुनी आधार आवश्यक हुन्छ?,संघीय कानुनले व्यवस्था गरेबमोजिम मात्र।,अनुपस्थिति सिमा (Constitutional Clause) ७(२) (b)
FF003,English,What is the name of the government fund into which most federal revenues are credited?,The Federal Consolidated Fund.,U.S. Treasury
FF003,Nepali,अधिकांश संघीय राजस्व जम्मा हुने सरकारी कोषको नाम के हो?,संघीय सञ्चित कोष।,अमेरिकी ट्रेजरी
FF004,English,Which type of revenue is excluded from being credited to the Federal Consolidated Fund?,Revenues of trusts (Guthi).,Revenue from user fees.
FF004,Nepali,संघीय सञ्चित कोषमा जम्मा नगर्ने राजस्व कुन हो?,गुठीको राजस्व।,बैंकको ब्याज
FF005,English,Name one circumstance in which expenditure may legally be incurred from the Federal Consolidated Fund.,"For example, expenditure authorized under a Federal Appropriation Act.",To meet a national emergency.
FF005,Nepali,संघीय सञ्चित कोषबाट खर्च गर्न मिल्ने एउटा संवैधानिक अवस्था उल्लेख गर्नुहोस्।,"उदाहरणका लागि, संघीय विनियोजन ऐनद्वारा स्वीकृत खर्च।",संघीय सञ्चित कोषको प्रयोग
FF006,English,"Which Article governs matters relating to the Federal Contingency Fund, even though Article 117 discusses expenditures?",Article 124.,Article 118
FF006,Nepali,खर्चसम्बन्धी व्यवस्था Article 117 मा भए पनि संघीय आकस्मिक कोषसम्बन्धी विषय कुन धाराले नियमन गर्छ?,धारा १२४।,धारा 136
FF007,English,Does expenditure charged on the Federal Consolidated Fund require approval of the Federal Parliament?,No.,Yes.
FF007,Nepali,संघीय सञ्चित कोषमा भारित खर्चका लागि संघीय संसदको स्वीकृति आवश्यक हुन्छ?,हुँदैन।,आवश्यक हुन्छ।
FF008,English,Which constitutional office holders' remuneration is charged on the Federal Consolidated Fund under Article 118(a)?,The President and the Vice-President.,The Chief Justice of the Supreme Court.
FF008,Nepali,धारा ११८(क) अनुसार संघीय सञ्चित कोषमा भारित हुने पारिश्रमिक कुन पदाधिकारीहरूको हो?,राष्ट्रपति र उपराष्ट्रपति।,बैंकका प्रमुख कार्यकारी निर्देशक।
FF009,English,Are administrative expenses of the Supreme Court charged on the Federal Consolidated Fund?,Yes.,Yes.
FF009,Nepali,सर्वोच्च अदालतका प्रशासनिक खर्चहरू संघीय सञ्चित कोषमा भारित हुन्छन्?,हुन्छन्।,हाँसो।
FF010,English,Which Minister presents the annual estimates of revenues and expenditures before the joint sitting of the Federal Parliament?,The Minister for Finance.,The Finance Minister
FF010,Nepali,संघीय संसदको संयुक्त बैठकमा वार्षिक आय–व्ययको अनुमान कसले पेश गर्छ?,अर्थमन्त्री।,अर्थ मन्त्रालय।
FF011,English,Before which parliamentary body are the annual estimates of revenues and expenditures presented?,The joint sitting of both Houses of the Federal Parliament.,Lok Sabha
FF011,Nepali,वार्षिक आय–व्ययको अनुमान संघीय संसदको कुन निकायसमक्ष पेश गरिन्छ?,संघीय संसदका दुवै सदनको संयुक्त बैठकसमक्ष।,नेपाल सरकारको अर्थ मन्त्रालयसमक्ष।
FF012,English,On which date must the Minister for Finance present the annual estimates of revenues and expenditures?,On the 15th day of Jesta (mid-May).,June 30th
FF012,Nepali,अर्थमन्त्रीले वार्षिक आय–व्ययको अनुमान प्रत्येक वर्ष कुन मितिमा पेश गर्नुपर्छ?,प्रत्येक वर्ष जेठ १५ गते।,च paling ११
FF013,English,"Besides revenue and expenditure estimates, what additional information must accompany the annual estimate?",A statement of the previous year's ministry-wise expenses and whether the objectives of those expenditures were achieved.,Budget justifications
FF013,Nepali,आय–व्ययको अनुमानसँगै थप कुन विवरण अनिवार्य रूपमा प्रस्तुत गर्नुपर्छ?,अघिल्लो आर्थिक वर्षका मन्त्रालयगत खर्च र तिनका उद्देश्य पूरा भए वा नभएको विवरण।,नतिजा (Outcome)
FF014,English,In which Bill are expenditures under an Appropriation Act specified?,The Appropriation Bill.,The Appropriations Act
FF014,Nepali,विनियोजन ऐनअन्तर्गतका खर्च कुन विधेयकमा उल्लेख गरिन्छ?,विनियोजन विधेयक।,चालूAccount ऐन।
FF015,English,Mention one constitutional circumstance in which the Minister for Finance may present a supplementary estimate.,"For example, when the amount authorized for a service is insufficient.",When Parliament has passed legislation requiring funds not originally anticipated.
FF015,Nepali,अर्थमन्त्रीले कुन अवस्थामा पूरक अनुमान पेश गर्न सक्छन्?,"उदाहरणका लागि, कुनै सेवाका लागि स्वीकृत रकम अपर्याप्त भएमा।",अर्थमन्त्रीले आर्थिक अवस्थामा पूरक अनुमान पेश गर्न सक्छन्।
FF016,English,What is the maximum amount that may be authorized through a Vote on Account?,It shall not exceed one-third of the estimated expenditure for the financial year.,£75 billion
FF016,Nepali,लेखानुदानमार्फत अधिकतम कति रकम स्वीकृत गर्न सकिन्छ?,आर्थिक वर्षको अनुमानित खर्चको एक-तिहाइभन्दा बढी हुन सक्दैन।,एक रु ३० लाख।
FF017,English,Which constitutional document must be presented before a Vote on Account Bill can be introduced?,The annual estimates of revenues and expenditures under Article 119.,The Constitution of India
FF017,Nepali,लेखानुदान विधेयक पेश गर्नुअघि कुन संवैधानिक दस्तावेज अनिवार्य रूपमा पेश गरिएको हुनुपर्छ?,धारा ११९ अनुसारको वार्षिक आय–व्ययको अनुमान।,राज्यको संविधान।
FF018,English,Under what type of circumstances may a Vote of Credit Bill be introduced?,During emergencies when it is impractical or inexpedient to specify expenditure details.,When the government faces a severe financial deficit.
FF018,Nepali,कस्ता परिस्थितिमा Vote of Credit विधेयक पेश गर्न सकिन्छ?,खर्चको विस्तृत विवरण दिन व्यावहारिक वा उपयुक्त नहुने आपत्कालीन अवस्थामा।,कदाही अमेरिकी कांग्रेसले देशको आर्थिक संकट समाधान गर्न वा राजकोषीय आवश्यकता पुराउन नसकेको समयमा Vote of Credit विधेयक पेश गर्न सक्छ।
FF019,English,Who controls the Federal Contingency Fund?,The Government of Nepal.,The Treasurer of Australia.
FF019,Nepali,संघीय आकस्मिक कोषको नियन्त्रण कसको हुन्छ?,नेपाल सरकार।,संघीय रिजर्भ बैंक।
FF020,English,What must happen after money is spent from the Federal Contingency Fund?,The amount must be reimbursed as soon as possible in accordance with Federal law.,Congress must make an appropriation.
FF020,Nepali,संघीय आकस्मिक कोषबाट खर्च भएपछि त्यस रकमबारे के गर्नुपर्छ?,संघीय कानुनबमोजिम सकेसम्म चाँडो प्रतिपूर्ति गर्नुपर्छ।,क्रेडिट रिपोर्टमा सुधार गर्नुपर्छ।
JD001,English,"According to the Constitution, which three courts constitute Nepal's judiciary?","Supreme Court, High Court, and District Court.","Supreme Court, Appellate Court, District Court"
JD001,Nepali,संविधानअनुसार नेपालको न्यायपालिकामा कुन तीन तहका अदालतहरू छन्?,"सर्वोच्च अदालत, उच्च अदालत र जिल्ला अदालत।","शीर्ष अदालत, सर्वोच्च न्यायालय र महान्gericht।"
JD002,English,Does the Constitution allow judicial bodies at the local level?,"Yes, judicial bodies may be formed at the local level as provided by law.",Yes.
JD002,Nepali,के संविधानले स्थानीय तहमा न्यायिक निकाय गठन गर्न अनुमति दिन्छ?,"हो, कानुनबमोजिम स्थानीय तहमा न्यायिक निकाय गठन गर्न सकिन्छ।",हाँहाँ।
JD003,English,Which court has the final authority to interpret the Constitution and laws?,The Supreme Court.,The Supreme Court
JD003,Nepali,संविधान र कानुनको अन्तिम व्याख्या गर्ने अधिकार कुन अदालतलाई छ?,सर्वोच्च अदालत।,संविधान नेकपा अदालत।
JD004,English,"Excluding the Chief Justice, what is the maximum number of Supreme Court Judges?",Twenty.,8
JD004,Nepali,प्रधानन्यायाधीशबाहेक सर्वोच्च अदालतमा अधिकतम कति न्यायाधीश हुन सक्छन्?,बीस।,सड्न र छवटा।
JD005,English,Who appoints the Chief Justice?,The President on the recommendation of the Constitutional Council.,The President.
JD005,Nepali,प्रधानन्यायाधीशलाई कसले नियुक्त गर्छ?,संवैधानिक परिषद्को सिफारिसमा राष्ट्रपतिले।,संविधान सभा
JD006,English,"Which body recommends the appointment of the Chief Justice, and which body recommends Supreme Court Judges?","The Constitutional Council recommends the Chief Justice, while the Judicial Council recommends Supreme Court Judges.","Judicial Appointments Committee recommends the Chief Justice.
The Parliament recommends Supreme Court Judges."
JD006,Nepali,प्रधानन्यायाधीश र सर्वोच्च अदालतका न्यायाधीश नियुक्तिका लागि सिफारिस गर्ने निकाय फरक–फरक कुन हुन्?,प्रधानन्यायाधीशका लागि संवैधानिक परिषद् र सर्वोच्च अदालतका न्यायाधीशका लागि न्याय परिषद्।,राष्ट्रपति र नियुक्तिकरण समिति।
JD007,English,How many years must a Supreme Court Judge have served before becoming eligible for appointment as Chief Justice?,At least three years.,At least ten years.
JD007,Nepali,प्रधानन्यायाधीश बन्न सर्वोच्च अदालतको न्यायाधीशले कम्तीमा कति वर्ष सेवा गरेको हुनुपर्छ?,कम्तीमा तीन वर्ष।,कहिले पनि
JD008,English,Name any three alternative qualifications for appointment as a Supreme Court Judge.,"Any three among: High Court Judge for 5 years, advocate/senior advocate for 15 years, distinguished jurist for 15 years, Judicial Service first-class officer for 12 years.","*   LL.M.
*   J.D.
*   Doctorate in Law"
JD008,Nepali,सर्वोच्च अदालतको न्यायाधीश बन्नका लागि वैकल्पिक योग्यतामध्ये कुनै तीन उल्लेख गर्नुहोस्।,संविधानमा उल्लेखित चार वैकल्पिक योग्यतामध्ये कुनै तीन।,"*   कानूनको विशेषज्ञता
*   शीर्षकको अनुभव
*   नैतिक चरित्र"
JD009,English,Who acts as Chief Justice if the Chief Justice is absent or the office is vacant?,The senior-most Judge of the Supreme Court.,The Associate Justice with the heaviest caseload.
JD009,Nepali,प्रधानन्यायाधीश अनुपस्थित वा पद रिक्त भए कसले कार्यवाहक प्रधानन्यायाधीशको रूपमा काम गर्छ?,सर्वोच्च अदालतका वरिष्ठतम न्यायाधीश।,सर्वोच्च न्यायालयका वरिष्ठ राय
JD010,English,At what age does a Supreme Court Judge retire?,Sixty-five years.,79
JD010,Nepali,सर्वोच्च अदालतका न्यायाधीशको अनिवार्य अवकाश उमेर कति हो?,६५ वर्ष।,६५ वर्ष
JD011,English,Can the Supreme Court declare a law void if it is inconsistent with the Constitution?,Yes.,Yes.
JD011,Nepali,संविधानसँग बाझिने कानुनलाई सर्वोच्च अदालतले बदर गर्न सक्छ?,हो।,"हो, सक्छ।"
JD012,English,Name any three writs that the Supreme Court may issue.,"Any three of: Habeas Corpus, Mandamus, Certiorari, Prohibition, Quo Warranto.","Habeas Corpus
Mandamus
Certiorari"
JD012,Nepali,सर्वोच्च अदालतले जारी गर्न सक्ने कुनै तीन रिटको नाम लेख्नुहोस्।,"हेबियस कर्पस, परमादेश, उत्प्रेषण, निषेधाज्ञा, अधिकार पृच्छामध्ये कुनै तीन।","1. परमादेश रिट
2. habeas corpus रिट
3. mandamus रिट"
JD013,English,How many judges constitute the Constitutional Bench?,Five judges including the Chief Justice.,Five
JD013,Nepali,संवैधानिक इजलासमा कति जना न्यायाधीश हुन्छन्?,प्रधानन्यायाधीशसहित पाँच जना।,सात
JD014,English,Which bench settles disputes relating to jurisdiction between the Federation and States?,The Constitutional Bench of the Supreme Court.,The Supreme Court Bench
JD014,Nepali,संघ र प्रदेशबीचको अधिकारक्षेत्रसम्बन्धी विवाद कुन इजलासले टुंग्याउँछ?,सर्वोच्च अदालतको संवैधानिक इजलास।,संवाद समिति
JD015,English,How many High Courts are established under the Constitution?,One in each State.,25
JD015,Nepali,संविधानअनुसार कति उच्च अदालत रहने व्यवस्था छ?,प्रत्येक प्रदेशमा एक।,तीन
JD016,English,Who appoints the Chief Judge of a High Court?,The Chief Justice on the recommendation of the Judicial Council.,The President.
JD016,Nepali,उच्च अदालतका मुख्य न्यायाधीशलाई कसले नियुक्त गर्छ?,न्याय परिषद्को सिफारिसमा प्रधानन्यायाधीश।,राष्ट्रपति।
JD017,English,Compare the retirement ages of Supreme Court Judges and High Court Judges.,Supreme Court Judges retire at 65 years; High Court Judges retire at 63 years.,"Supreme Court Judges: 65 years
High Court Judges: 62 years"
JD017,Nepali,सर्वोच्च अदालत र उच्च अदालतका न्यायाधीशको अनिवार्य अवकाश उमेर तुलना गर्नुहोस्।,"सर्वोच्चका ६५ वर्ष, उच्च अदालतका ६३ वर्ष।",सर्वोच्च अदालतका न्यायाधीशको अनिवार्य अवकाश उमेर ७० वर्ष छ भने उच्च अदालतका न्यायाधीशको उमेर ६५ वर्ष हो।
JD018,English,How many District Courts are provided under the Constitution?,One in each district.,Nine
JD018,Nepali,संविधानअनुसार कति जिल्ला अदालत रहने व्यवस्था छ?,प्रत्येक जिल्लामा एक।,सत्तारम्भात
JD019,English,What percentage of District Judge vacancies are filled through open competition from advocates and other eligible legal professionals?,Forty percent.,Approximately 60%
JD019,Nepali,जिल्ला न्यायाधीशको रिक्त पदमध्ये वकिल तथा अन्य योग्य कानुनी पेशाकर्मीका लागि खुला प्रतिस्पर्धाबाट कति प्रतिशत पद पूर्ति हुन्छ?,४० प्रतिशत।,५०%
JD020,English,Can a specialized court be created for a specific individual case?,No.,Yes.
JD020,Nepali,कुनै विशेष मुद्दाका लागि मात्र विशेष अदालत गठन गर्न मिल्छ?,मिल्दैन।,हाँय।
JD021,English,Who chairs the Judicial Council?,The Chief Justice.,The Chief Justice of the Supreme Court.
JD021,Nepali,न्याय परिषद्को अध्यक्ष को हुन्छ?,प्रधानन्यायाधीश।,प्रधानन्त्री
JD022,English,How long is the term of the nominated members of the Judicial Council?,Four years.,Six years
JD022,Nepali,न्याय परिषद्का मनोनीत सदस्यहरूको कार्यकाल कति वर्षको हुन्छ?,चार वर्ष।,४ वर्ष
JD023,English,Who chairs the Judicial Service Commission?,The Chief Justice.,The Chief Justice of India
JD023,Nepali,न्याय सेवा आयोगको अध्यक्ष को हुन्छ?,प्रधानन्यायाधीश।,राष्ट्रपति/मुख्य न्यायाधीश
JD024,English,"A Supreme Court Judge and a High Court Judge are both 64 years old. According to the Constitution, which judge must retire first?","The High Court Judge must retire first because the retirement age is 63 years, whereas Supreme Court Judges retire at 65 years.",The High Court Judge.
JD024,Nepali,सर्वोच्च अदालतका एक न्यायाधीश र उच्च अदालतका एक न्यायाधीश दुवै ६४ वर्षका छन्। संविधानअनुसार पहिले कसले अवकाश लिनुपर्छ?,"उच्च अदालतका न्यायाधीशले पहिले अवकाश लिनुपर्छ, किनकि उच्च अदालतको अवकाश उमेर ६३ वर्ष हो भने सर्वोच्च अदालतका न्यायाधीशको ६५ वर्ष हो।",सर्वोच्च अदालतका न्यायाधीश।
JD025,English,"Although both the Supreme Court and High Courts may issue constitutional writs, which court has the final authority to interpret the Constitution?",The Supreme Court has the final authority to interpret the Constitution.,The Supreme Court.
JD025,Nepali,सर्वोच्च अदालत र उच्च अदालत दुवैले संवैधानिक रिट जारी गर्न सक्ने भए पनि संविधानको अन्तिम व्याख्या गर्ने अधिकार कुन अदालतलाई छ?,संविधानको अन्तिम व्याख्या गर्ने अधिकार सर्वोच्च अदालतलाई छ।,सर्वोच्च अदालत।
JD026,English,"Are all courts and judicial bodies in Nepal subordinate to the Supreme Court? If not, what constitutional qualification applies?","Yes, except where otherwise provided by the Constitution.","Yes, all courts and judicial bodies in Nepal are subordinate to the Supreme Court."
JD026,Nepali,के नेपालका सबै अदालत तथा न्यायिक निकाय सर्वोच्च अदालतअन्तर्गत हुन्छन्? यदि होइन भने संविधानले के अपवाद राखेको छ?,"हो, तर संविधानले अन्यथा व्यवस्था गरेको अवस्थामा अपवाद लागू हुन्छ।","नै, संविधानले सर्वोच्च अदालतअन्तर्गत नहुने अपवाद राखेको छ। विशेषतः, राष्ट्रपतिको कार्यालयले राजनीतिक नियुक्ति सम्बन्धित मामिलामा सर्वोच्च अदालतमा रिट दायर गर्न सक्छ।"
JD027,English,"Can the Supreme Court declare a law void from the beginning of its existence, or only from the date of its judgment?",It may declare the law void either ab initio or from the date of its decision.,The Supreme Court can declare a law void from the beginning of its existence.
JD027,Nepali,"के सर्वोच्च अदालतले कुनै कानुनलाई प्रारम्भदेखि नै बदर गर्न सक्छ, वा निर्णय भएको मितिदेखि मात्र?",सर्वोच्च अदालतले कानुनलाई प्रारम्भदेखि नै वा आफ्नो निर्णय भएको मितिदेखि बदर गर्न सक्छ।,निर्णय भएको मितिदेखि।
JD028,English,Which body settles disputes regarding the disqualification of members of the Federal Parliament: the full Supreme Court or the Constitutional Bench?,The Constitutional Bench.,Constitutional Bench
JD028,Nepali,संघीय संसदका सदस्यको अयोग्यतासम्बन्धी विवाद सर्वोच्च अदालतको पूर्ण इजलासले टुंग्याउँछ वा संवैधानिक इजलासले?,संवैधानिक इजलास।,संवैधानिक इजलासले।
JD029,English,Can a specialized court be established to hear only one specific case?,No. The Constitution expressly prohibits creating a specialized court for a specific case.,Yes.
JD029,Nepali,कुनै एउटा विशेष मुद्दा सुनुवाइ गर्न मात्रै विशेष अदालत स्थापना गर्न मिल्छ?,मिल्दैन। संविधानले कुनै विशेष मुद्दाका लागि मात्र विशेष अदालत गठन गर्न निषेध गरेको छ।,"हाँयस्, कुनै एउटा विशेष मुद्दा सुनुवाइ गर्न मात्रै विशेष अदालत स्थापना गर्न मिल्छ।"
JD030,English,Which member of the Judicial Council is nominated on the recommendation of the Nepal Bar Association?,A senior advocate or advocate with at least twenty years of experience.,The Chairperson
JD030,Nepali,न्याय परिषद्मा नेपाल बार एसोसिएसनको सिफारिसमा नियुक्त हुने सदस्य को हुन्?,कम्तीमा बीस वर्ष अनुभव भएका वरिष्ठ अधिवक्ता वा अधिवक्ता।,न्यायiciaryको सचेतन सदस्य।
JD031,English,"What proportion of vacant District Judge posts is filled through seniority, and what proportion through open competitive examination?","20% through seniority, 80% through open competitive examination (40% Judicial Service officers and 40% advocates/other eligible candidates).","Approximately 70% through seniority, 30% through open competitive examination."
JD031,Nepali,जिल्ला न्यायाधीशका रिक्त पदमध्ये कति प्रतिशत वरिष्ठताका आधारमा र कति प्रतिशत खुला प्रतिस्पर्धाबाट पूर्ति गरिन्छ?,२०% वरिष्ठताका आधारमा र ८०% खुला प्रतिस्पर्धाबाट (४०% न्याय सेवा र ४०% अन्य योग्य उम्मेदवार)।,वरिष्ठताको आधारमा ५०% र खुला प्रतिस्पर्धाबाट ५०%。
JD032,English,"After retirement, may a former Supreme Court Judge and a former High Court Judge both practice law? Compare their constitutional positions.","A retired Supreme Court Judge may not practice law, mediation, or arbitration before any office or court, whereas a retired High Court Judge may practice before the Supreme Court and other High Courts except the High Court where they served.","No, neither a former Supreme Court Judge nor a former High Court Judge may practice law after retirement.

Both are barred by Article 124(3) and Article 217(3) of the Constitution, respectively, which state that a retired judge shall not be allowed to practice law."
JD032,Nepali,अवकाशपछि पूर्व सर्वोच्च अदालतका न्यायाधीश र पूर्व उच्च अदालतका न्यायाधीश दुवैले वकालत गर्न पाउँछन्? उनीहरूको संवैधानिक व्यवस्था तुलना गर्नुहोस्।,"पूर्व सर्वोच्च अदालतका न्यायाधीशले कुनै अदालत वा निकायमा वकालत, मध्यस्थता वा मध्यनिर्णय गर्न पाउँदैनन्, तर पूर्व उच्च अदालतका न्यायाधीशले आफू कार्यरत रहेको उच्च अदालतबाहेक सर्वोच्च तथा अन्य उच्च अदालतमा वकालत गर्न सक्छन्।","हाँहाँ, अवकाश पछिको वकालतका लागि उनीहरूको संवैधानिक व्यवस्था तुलना गर्दा, उच्च अदालतका न्यायाधीशले वकालत गर्न पाउँछन् तर पूर्व सर्वोच्च अदालतका न्यायाधीशले वकालत गर्न पाउँदैनन्।"
AG001,English,Who appoints the Attorney General of Nepal?,The President appoints the Attorney General on the recommendation of the Prime Minister.,The President of Nepal.
AG001,Nepali,नेपालको महान्यायाधिवक्तालाई कसले नियुक्त गर्छ?,प्रधानमन्त्रीको सिफारिसमा राष्ट्रपतिले महान्यायाधिवक्ता नियुक्त गर्छन्।,राष्ट्रपति
AG002,English,Compare the appointment process of the Attorney General and the Chief Attorney.,"The Attorney General is appointed by the President on the recommendation of the Prime Minister, whereas the Chief Attorney is appointed by the Chief of State on the recommendation of the concerned Chief Minister.","The Attorney General’s appointment is by the President, while the Chief Attorney’s appointment is typically made by the Attorney General."
AG002,Nepali,महान्यायाधिवक्ता र मुख्य न्यायाधिवक्ताको नियुक्ति प्रक्रिया तुलना गर्नुहोस्।,महान्यायाधिवक्ता प्रधानमन्त्रीको सिफारिसमा राष्ट्रपतिले नियुक्त गर्छन् भने मुख्य न्यायाधिवक्तालाई सम्बन्धित मुख्यमन्त्रीको सिफारिसमा प्रदेश प्रमुखले नियुक्त गर्छन्।,"महान्यायाधिवक्ता: राष्ट्रपति द्वारा नियुक्त गरिन्छ।
मुख्य न्यायाधिवक्ता: प्रधानन्त्री द्वारा नियुक्त गरिन्छ।"
AG003,English,What qualifications are required for appointment as the Attorney General and the Chief Attorney?,"The Attorney General must be qualified to become a Supreme Court Judge, while the Chief Attorney must be qualified to become a High Court Judge.","U.S. Constitution, Article II, Section 1; appointment by the President; no specific qualifications are mandated beyond those generally expected of legal counsel."
AG003,Nepali,महान्यायाधिवक्ता र मुख्य न्यायाधिवक्ता बन्न कस्तो योग्यता आवश्यक हुन्छ?,महान्यायाधिवक्ता सर्वोच्च अदालतको न्यायाधीश बन्न योग्य हुनुपर्छ भने मुख्य न्यायाधिवक्ता उच्च अदालतको न्यायाधीश बन्न योग्य हुनुपर्छ।,"महान्यायाधिवक्ता र मुख्य न्यायाधिवक्ता बन्नको लागि आवश्यक योग्यता:

*   बार परीक्षामा उत्तीर्ण
*   संसद्मा प्रतिनिधित्व भएको निर्वाचन क्षेत्रबाट निर्वाचित वा महान्यायाधिवक्ताको कार्यालयमा नियुक्त व्यक्ति
*   संसद्को मतविश्वासमाथि निर्भर रहनुहोस्"
AG004,English,During whose pleasure does the Attorney General hold office?,During the pleasure of the Prime Minister.,The President
AG004,Nepali,महान्यायाधिवक्ता कसको इच्छासम्म पदमा रहन्छ?,प्रधानमन्त्रीको इच्छासम्म।,महान्यायाधिवक्ताको इच्छा।
AG005,English,Who is the chief legal advisor to the Government of Nepal?,The Attorney General.,The Attorney General
AG005,Nepali,नेपाल सरकारको प्रमुख कानुनी सल्लाहकार को हो?,महान्यायाधिवक्ता।,प्रधानन्यायकार्णी
AG006,English,"Before a case filed on behalf of the Government of Nepal can be withdrawn, whose opinion must be obtained?",The opinion of the Attorney General.,The Chief Justice of Nepal.
AG006,Nepali,नेपाल सरकारको तर्फबाट दायर गरिएको मुद्दा फिर्ता लिनुअघि कसको राय लिन अनिवार्य हुन्छ?,महान्यायाधिवक्ताको राय।,प्रधानन्यायाधीश
AG007,English,"Who represents the Government of Nepal in lawsuits involving its rights, interests, or concerns?",The Attorney General or government attorneys subordinate to the Attorney General.,"The Ministry of Law, Justice, and Federal Affairs."
AG007,Nepali,"नेपाल सरकारको हक, हित वा सरोकार भएका मुद्दामा सरकारको प्रतिनिधित्व कसले गर्छ?",महान्यायाधिवक्ता वा उहाँअन्तर्गतका सरकारी वकिलहरूले।,कार्यकारी प्रमुखले प्रतिनिधित्व गर्छन्।
AG008,English,"Does the Attorney General have the constitutional right to appear before any court, office, or authority in Nepal while performing official duties?","Yes. While performing official duties, the Attorney General has the right to appear before any court, office, or authority in Nepal.",Yes.
AG008,Nepali,"आफ्नो कर्तव्य निर्वाह गर्ने क्रममा महान्यायाधिवक्तालाई नेपालका कुनै पनि अदालत, कार्यालय वा निकायमा उपस्थित हुने संवैधानिक अधिकार छ?","छ। आफ्नो कर्तव्य निर्वाह गर्ने क्रममा महान्यायाधिवक्तालाई नेपालका कुनै पनि अदालत, कार्यालय वा निकायमा उपस्थित हुने अधिकार हुन्छ।","हो, महान्यायाधिवक्तालाई अदालत, कार्यालय वा निकायमा उपस्थितिका लागि संवैधानिक अधिकार छ।"
AG009,English,What action may the Attorney General take if a complaint alleges that a person in custody has not been treated humanely?,The Attorney General may inquire into the matter and issue necessary directions to the concerned authority to prevent such acts.,Initiate a court-ordered investigation.
AG009,Nepali,हिरासतमा रहेको व्यक्तिलाई मानवीय व्यवहार नगरिएको भन्ने उजुरी आएमा महान्यायाधिवक्ताले के गर्न सक्छन्?,महान्यायाधिवक्ताले अनुसन्धान गरी त्यस्ता कार्य रोक्न सम्बन्धित निकायलाई आवश्यक निर्देशन दिन सक्छन्।,महान्यायाधिवक्ता छानबीन गर्न सक्छन्।
AG010,English,To whom does the Attorney General submit the annual report?,"The President, who lays it before the Federal Parliament through the Prime Minister.",The Congress
AG010,Nepali,महान्यायाधिवक्ताले वार्षिक प्रतिवेदन कसलाई बुझाउँछन्?,"राष्ट्रपतिलाई, जसले प्रधानमन्त्रीमार्फत संघीय संसदमा पेश गराउँछन्।",राष्ट्रपतिलाई।
AG011,English,Compare the chief legal advisors of the Federal Government and the State Government.,"The Attorney General is the chief legal advisor to the Government of Nepal, whereas the Chief Attorney is the chief legal advisor to the State Government.","Federal: Attorney General
State: Attorney General"
AG011,Nepali,संघीय सरकार र प्रदेश सरकारका प्रमुख कानुनी सल्लाहकारको तुलना गर्नुहोस्।,महान्यायाधिवक्ता नेपाल सरकारका प्रमुख कानुनी सल्लाहकार हुन् भने मुख्य न्यायाधिवक्ता प्रदेश सरकारका प्रमुख कानुनी सल्लाहकार हुन्।,"संघीय सरकारका प्रमुख कानुनी सल्लाहकार राष्ट्रपतिले नियुक्त गर्ने र मन्त्री परिषद्को सिफारिसमा राष्ट्रपतिले नियुक्त गर्छन्। उनी राष्ट्रपति कार्यालयमा काम गर्छन् र राष्ट्रपतिलाई कानुनको मामिलामा सल्लाह दिन्छन्।

प्रदेश सरकारका प्रमुख कानुनी सल्लाहकार प्रदेश सरकारले नियुक्त गर्छन्। उनी प्रदेश सरकारको प्रमुख सचिवको सिफारिसमा नियुक्त हुन्छन् र प्रदेश सरकारलाई कानुनको मामिलामा सल्लाह दिन्छन्।"
AG012,English,Is the Office of the Chief Attorney administratively independent of the Office of the Attorney General?,No. The Office of the Attorney General manages the employees under the Office of the Chief Attorney.,Yes.
AG012,Nepali,के मुख्य न्यायाधिवक्ताको कार्यालय प्रशासनिक रूपमा महान्यायाधिवक्ताको कार्यालयबाट स्वतन्त्र हुन्छ?,हुँदैन। मुख्य न्यायाधिवक्ताको कार्यालयका कर्मचारीको व्यवस्थापन महान्यायाधिवक्ताको कार्यालयले गर्छ।,हो।
FE071,English,In whom is the executive power of a State vested?,The State Council of Ministers.,The executive power.
FE071,Nepali,राज्यको कार्यकारी शक्ति कसमा निहित हुन्छ?,प्रदेश मन्त्रिपरिषद्।,राज्यको कार्यकारी शक्ति राष्ट्रपतिमा निहित हुन्छ।
FE072,English,In whose name are all State executive functions performed?,In the name of the State Government.,The Governor
FE072,Nepali,सबै प्रदेश कार्यकारी कार्यहरू कसको नाममा सम्पन्न गरिन्छन्?,प्रदेश सरकारको नाममा।,सветभक्तको नाममा।
FE073,English,Who appoints the Chief of State?,The President.,The people.
FE073,Nepali,प्रदेश प्रमुखको नियुक्ति कसले गर्छ?,राष्ट्रपति।,संविधान समिति
FE074,English,What is the normal term of office of a Chief of State?,Five years.,Five years
FE074,Nepali,प्रदेश प्रमुखको सामान्य कार्यकाल कति हुन्छ?,पाँच वर्ष।,तत्काल पाँच वर्ष।
FE075,English,What is the minimum age required to become a Chief of State?,Thirty-five years.,18
FE075,Nepali,प्रदेश प्रमुख हुन न्यूनतम उमेर कति हुनुपर्छ?,पैंतीस वर्ष।,३५ वर्ष
FE076,English,Before whom does the Chief of State take the oath of office and secrecy?,The President.,The Supreme Being
FE076,Nepali,प्रदेश प्रमुखले पद तथा गोपनीयताको शपथ कसको समक्ष लिन्छन्?,राष्ट्रपति।,राष्ट्रपति समक्ष।
FE077,English,Who is appointed Chief Minister when one party commands a majority in the State Assembly?,The leader of the parliamentary party commanding the majority.,The party that commands a majority is appointed by the Governor.
FE077,Nepali,प्रदेश सभामा कुनै दलको स्पष्ट बहुमत भएमा कसलाई मुख्यमन्त्री नियुक्त गरिन्छ?,बहुमत प्राप्त संसदीय दलको नेता।,दलको नेता
FE078,English,Who may be appointed Chief Minister if no party has a clear majority in the State Assembly?,A member who can command a majority with the support of two or more parties.,The Governor
FE078,Nepali,प्रदेश सभामा कुनै दलको स्पष्ट बहुमत नभएमा कसलाई मुख्यमन्त्री नियुक्त गर्न सकिन्छ?,दुई वा दुईभन्दा बढी दलको समर्थनबाट बहुमत प्राप्त गर्न सक्ने प्रदेश सभा सदस्य।,दलको अधिकतम संख्यामा रहेका सांसद।
FE079,English,Within how many days must a Chief Minister appointed under Article 168(2) or 168(3) obtain a vote of confidence?,Within thirty days of appointment.,170 days
FE079,Nepali,धारा १६८(२) वा (३) अन्तर्गत नियुक्त मुख्यमन्त्रीले कति दिनभित्र विश्वासको मत लिनुपर्छ?,नियुक्तिको तीस दिनभित्र।,तीन दिन
FE080,English,Within how many days must the Chief Minister appointment process be completed after the final election results?,Within thirty-five days.,60 days
FE080,Nepali,अन्तिम निर्वाचन परिणाम घोषणा भएपछि मुख्यमन्त्री नियुक्ति प्रक्रिया कति दिनभित्र पूरा हुनुपर्छ?,पैंतीस दिनभित्र।,३ दिन
FE081,English,What is the maximum size of the State Council of Ministers?,Twenty percent of the total number of members of the State Assembly.,33
FE081,Nepali,प्रदेश मन्त्रिपरिषद्को अधिकतम आकार कति हुन सक्छ?,प्रदेश सभाका कुल सदस्य संख्याको बीस प्रतिशत।,३०
FE082,English,"Under Article 168, what does the term ""Minister"" include?","Minister, Minister of State, and Assistant Minister.",The term “Minister” includes all persons appointed to the Cabinet.
FE082,Nepali,"धारा १६८ अनुसार ""मन्त्री"" भन्नाले कसलाई जनाउँछ?","मन्त्री, राज्यमन्त्री र सहायक मन्त्री।",राज्यको मन्त्रीपरिषदका सदस्यलाई।
FE083,English,To whom is the State Council of Ministers collectively responsible?,The State Assembly.,The British people
FE083,Nepali,प्रदेश मन्त्रिपरिषद् सामूहिक रूपमा कसप्रति उत्तरदायी हुन्छ?,प्रदेश सभा।,नागरिकहरू
FE084,English,To whom does the Chief Minister submit a written resignation?,The Chief of State.,The Governor
FE084,Nepali,मुख्यमन्त्रीले लिखित राजीनामा कसलाई दिन्छन्?,प्रदेश प्रमुख।,राजालाई।
FE085,English,To whom does a Minister submit a written resignation?,The Chief Minister.,The Head of State
FE085,Nepali,मन्त्रीले लिखित राजीनामा कसलाई दिन्छन्?,मुख्यमन्त्री।,प्रधानमन्त्रीलाई।
FE086,English,Who acts as Chief Minister if the Chief Minister dies before a new one is appointed?,The senior-most Minister.,The Deputy Chief Minister
FE086,Nepali,नयाँ मुख्यमन्त्री नियुक्त नभएसम्म मुख्यमन्त्रीको मृत्यु भए कसले कार्यवाहक मुख्यमन्त्रीको रूपमा काम गर्छ?,सबैभन्दा वरिष्ठ मन्त्री।,"संविधान अनुसार, नयाँ मुख्यमन्त्री नियुक्त नभएसम्म उपप्रधानमन्त्री कार्यवाहक मुख्यमन्त्रीको रूपमा काम गर्छन्।"
FE087,English,Within how many months must a non-member appointed as Minister become a member of the State Assembly?,Within six months.,Six months
FE087,Nepali,प्रदेश सभाको सदस्य नभएको मन्त्री नियुक्त भएको व्यक्तिले कति महिनाभित्र प्रदेश सभा सदस्य बन्नुपर्छ?,छ महिनाभित्र।,छसव paling महिना।
FE088,English,Can a person defeated in the current State Assembly election be appointed as a Minister under Article 170(1)?,No. A defeated candidate is not eligible during the term of that State Assembly.,No.
FE088,Nepali,वर्तमान प्रदेश सभा निर्वाचनमा पराजित व्यक्ति धारा १७०(१) अन्तर्गत मन्त्री नियुक्त हुन सक्छ?,हुँदैन। त्यस्तो व्यक्ति उक्त प्रदेश सभाको कार्यकालभर मन्त्री नियुक्त हुन योग्य हुँदैन।,नहुँ।
FE089,English,"Before whom do the Chief Minister and Ministers take the oath, and before whom do Ministers of State and Assistant Ministers take the oath?","The Chief Minister and Ministers take the oath before the Chief of State, while Ministers of State and Assistant Ministers take the oath before the Chief Minister.",The President of India.
FE089,Nepali,मुख्यमन्त्री तथा मन्त्रीहरूले कसको समक्ष शपथ लिन्छन् र राज्यमन्त्री तथा सहायक मन्त्रीहरूले कसको समक्ष शपथ लिन्छन्?,मुख्यमन्त्री तथा मन्त्रीहरूले प्रदेश प्रमुखसमक्ष शपथ लिन्छन् भने राज्यमन्त्री तथा सहायक मन्त्रीहरूले मुख्यमन्त्रीसमक्ष शपथ लिन्छन्।,मुख्यमन्त्री तथा मन्त्रीहरूले राष्ट्रपति समक्ष शपथ लिन्छन्। राज्यमन्त्री तथा सहायक मन्त्रीहरूले मुख्यमन्त्री समक्ष शपथ लिन्छन्।
FE090,English,Which constitutional authority must the Chief Minister keep informed about resolutions of the State Council of Ministers?,The Chief of State.,The President of India
FE090,Nepali,प्रदेश मन्त्रिपरिषद्का निर्णयबारे मुख्यमन्त्रीले कसलाई जानकारी गराउनुपर्छ?,प्रदेश प्रमुख।,संसद्
FE091,English,Name any two matters that the Chief Minister must inform the Chief of State about.,"Any two of: resolutions of the State Council of Ministers, Bills to be introduced in the State Assembly, information requested by the Chief of State, or the current general state of affairs of the State.","Allegations of corruption
Disciplinary proceedings"
FE091,Nepali,मुख्यमन्त्रीले प्रदेश प्रमुखलाई जानकारी गराउनुपर्ने कुनै दुई विषय उल्लेख गर्नुहोस्।,"प्रदेश मन्त्रिपरिषद्का निर्णय, प्रदेश सभामा पेश हुने विधेयक, प्रदेश प्रमुखले मागेको जानकारी, वा प्रदेशको वर्तमान सामान्य अवस्था मध्ये कुनै दुई।","१. प्रदेशको वर्तमान राजनीतिक अवस्था
२. मुख्यमन्त्रीको कार्यालयको निर्णय"
FE092,English,"According to the Constitution, who approves the rules governing the allocation and transaction of business of the State Government?",The State Government.,The Legislature.
FE092,Nepali,प्रदेश सरकारको कार्य विभाजन तथा सञ्चालनसम्बन्धी नियम कसले स्वीकृत गर्छ?,प्रदेश सरकार।,संविधान सभा
FE093,English,Can a court question whether the rules regarding the transaction of business of the State Government have been observed?,No. Courts cannot question whether those rules have been observed.,Yes.
FE093,Nepali,प्रदेश सरकारको कार्य सञ्चालनसम्बन्धी नियम पालना भए वा नभएको विषयमा अदालतले प्रश्न उठाउन सक्छ?,सक्दैन। अदालतले त्यस्ता नियम पालना भए वा नभएको विषयमा प्रश्न उठाउन सक्दैन।,"हो, प्रदेश सरकारको कार्य सञ्चालनसम्बन्धी नियम पालना भए वा नभएको विषयमा अदालतले प्रश्न उठाउन सक्छ।"
FE094,English,"If the office of the Chief of State becomes vacant, who may be designated to act for that State?",The Chief of State of another State may be designated by the President.,The President of the United States.
FE094,Nepali,प्रदेश प्रमुखको पद रिक्त भए कसलाई सो प्रदेशको कार्यवाहक प्रदेश प्रमुख तोकिन सक्छ?,राष्ट्रपतिले अर्को प्रदेशका प्रदेश प्रमुखलाई कार्यवाहकका रूपमा तोक्न सक्छन्।,संसदको दुवै सदनको मत।
FE095,English,"Who appoints the Chief of State, and on whose recommendation are most of the Chief of State's constitutional functions exercised?","The President appoints the Chief of State, and most functions are exercised on the recommendation and with the consent of the State Council of Ministers submitted through the Chief Minister.","The people, on the recommendation of the Prime Minister."
FE095,Nepali,प्रदेश प्रमुखको नियुक्ति कसले गर्छ र प्रदेश प्रमुखका अधिकांश संवैधानिक कार्य कसको सिफारिसमा गरिन्छन्?,"राष्ट्रपतिले प्रदेश प्रमुख नियुक्त गर्छन्, र अधिकांश कार्य मुख्यमन्त्रीमार्फत आएको प्रदेश मन्त्रिपरिषद्को सिफारिस तथा सहमतिमा गरिन्छ।",संप्रथम राष्ट्रपति र संप्रथम उपराष्ट्रपति।
SL001,English,What is the structure of the legislature of a State under the Constitution?,Unicameral.,A state legislature typically consists of a bicameral system: a House of Representatives and a Senate.
SL001,Nepali,संविधानअनुसार राज्यको व्यवस्थापिका कस्तो हुन्छ?,एक सदनीय।,संवैधानिक निकाय भएको दुई सदनको सङ्कलन।
SL002,English,What is the unicameral legislature of a State called?,State Assembly.,Senate
SL002,Nepali,राज्यको एक सदनीय व्यवस्थापिकालाई के भनिन्छ?,प्रदेश सभा।,प्रतिनिधित्व गुৱान्ड
SL003,English,What percentage of State Assembly members are elected through the first-past-the-post electoral system?,Sixty percent.,Approximately 98%
SL003,Nepali,प्रदेश सभाका कति प्रतिशत सदस्य प्रत्यक्ष निर्वाचन प्रणालीबाट निर्वाचित हुन्छन्?,साठी प्रतिशत।,५०% भन्दा कम
SL004,English,What percentage of State Assembly members are elected through the proportional electoral system?,Forty percent.,Approximately 87%
SL004,Nepali,प्रदेश सभाका कति प्रतिशत सदस्य समानुपातिक निर्वाचन प्रणालीबाट निर्वाचित हुन्छन्?,चालीस प्रतिशत।,लगभग ४०%
SL005,English,On what basis are election constituencies determined for members elected through the first-past-the-post system?,Geography and population.,"Geographic boundaries, typically based on population and often using existing local administrative divisions."
SL005,Nepali,प्रत्यक्ष निर्वाचन प्रणालीबाट निर्वाचित हुने सदस्यका लागि निर्वाचन क्षेत्र कुन आधारमा निर्धारण गरिन्छ?,भूगोल र जनसंख्या।,जनसङ्ख्याको आधारमा।
SL006,English,What is the minimum age required to vote in an election to the State Assembly?,Eighteen years.,18
SL006,Nepali,प्रदेश सभाको निर्वाचनमा मतदान गर्न न्यूनतम उमेर कति हुनुपर्छ?,अठार वर्ष।,एकबाखत्तर
SL007,English,"Which community does the Constitution define as ""Khas Arya"" for the purposes of proportional representation?","Kshetri, Brahmin, Thakuri, and Sanyasi (Dashnami).",The Jewish community
SL007,Nepali,"समानुपातिक प्रतिनिधित्वका प्रयोजनका लागि संविधानले ""खस आर्य"" भन्नाले कुन समुदायलाई बुझाउँछ?","क्षेत्री, ब्राह्मण, ठाकुरी र सन्यासी (दशनामी) समुदाय।",दलितहरू
SL008,English,"Besides the specified social groups, representation of which additional group must political parties also provide when fielding proportional representation candidates?",Persons with disabilities.,Race and ethnicity
SL008,Nepali,समानुपातिक निर्वाचनमा उम्मेदवारी दिँदा राजनीतिक दलले उल्लेखित समुदायबाहेक कुन थप समूहको प्रतिनिधित्व सुनिश्चित गर्नुपर्छ?,अपाङ्गता भएका व्यक्तिहरू।,जाती/भाषा समूह
SL009,English,"If a State Assembly seat becomes vacant with more than six months of the term remaining, how must it be filled?",Through the same electoral system by which the seat was originally filled.,By a special election.
SL009,Nepali,प्रदेश सभाको कार्यकाल छ महिनाभन्दा बढी बाँकी रहँदा कुनै स्थान रिक्त भए कसरी पूर्ति गर्नुपर्छ?,"उक्त स्थान जुन निर्वाचन प्रणालीबाट भरिएको थियो, सोही प्रणालीबाट।",प्रदेश सभा सदस्यको रिक्तस्थान पूर्ति गर्न निर्वाचन आयोजकले नयाँ उम्मेदवारको नाम लिने प्रक्रिया गरिरहेको हुन्छ।
SL010,English,What is the minimum proportion of members elected from each political party to the State Assembly that must be women?,At least one-third.,40%
SL010,Nepali,प्रत्येक राजनीतिक दलबाट प्रदेश सभामा निर्वाचित कुल सदस्यमध्ये महिलाको न्यूनतम अनुपात कति हुनुपर्छ?,कम्तीमा एक-तिहाइ।,प्रत्येक राजनीतिक दलबाट प्रदेश सभामा निर्वाचित कुल सदस्यमध्ये महिलाको न्यूनतम अनुपात कम्तिमा १५ प्रतिशत हुनुपर्छ।
SL011,English,Can a qualified person contest the State Assembly election from more than one constituency at the same time?,No.,No.
SL011,Nepali,योग्य व्यक्तिले एकै समयमा एकभन्दा बढी निर्वाचन क्षेत्रबाट प्रदेश सभा सदस्यको उम्मेदवार बन्न सक्छ?,सक्दैन।,नस्किँदैन।
SL012,English,What is the normal term of the State Assembly?,Five years.,Five years
SL012,Nepali,प्रदेश सभाको सामान्य कार्यकाल कति वर्षको हुन्छ?,पाँच वर्ष।,५ वर्ष
SL013,English,"During a state of emergency, for how long may the term of the State Assembly be extended?",Not exceeding one year.,Two years
SL013,Nepali,संकटकाल लागू भएको अवस्थामा प्रदेश सभाको कार्यकाल बढीमा कति अवधिसम्म थप्न सकिन्छ?,एक वर्षभन्दा बढी नहुने गरी।,१८ महिना
SL014,English,What is the minimum age required to become a member of the State Assembly?,Twenty-five years.,25
SL014,Nepali,प्रदेश सभाको सदस्य बन्न न्यूनतम उमेर कति हुनुपर्छ?,पच्चीस वर्ष।,२५ वर्ष
SL015,English,"What does ""office of profit"" mean for the purpose of qualification for membership of the State Assembly?","A position, other than an elected or nominated political position, for which remuneration or economic benefit is paid from a government fund.",A member of the State Assembly disqualified if they hold a remunerated office under the State government.
SL015,Nepali,"प्रदेश सभा सदस्यको योग्यताका सन्दर्भमा ""लाभको पद"" भन्नाले के बुझिन्छ?",निर्वाचन वा मनोनयनबाट पूर्ति हुने राजनीतिक पद बाहेक सरकारको कोषबाट पारिश्रमिक वा आर्थिक लाभ प्राप्त हुने पद।,लाभको पद
SL016,English,"Before participating for the first time in the meeting of the State Assembly or its committees, what must every member do?",Take an oath as provided by State law.,Take an oath of office.
SL016,Nepali,प्रदेश सभा वा यसको समितिको बैठकमा पहिलो पटक सहभागी हुनुअघि प्रत्येक सदस्यले के गर्नुपर्छ?,प्रदेश कानुनबमोजिम शपथ लिनुपर्छ।,घोषणापत्र लिने र हात बाटो दिराने।
SL017,English,How many consecutive meetings may a member of the State Assembly miss without notice before the seat becomes vacant?,Ten consecutive meetings.,Three
SL017,Nepali,सूचना नदिई लगातार कति बैठकमा अनुपस्थित रहेमा प्रदेश सभा सदस्यको स्थान रिक्त हुन्छ?,लगातार दश बैठक।,तीन पटक
SL018,English,Which body makes the final decision on whether a member of the State Assembly is disqualified?,The Constitutional Bench of the Supreme Court.,The State Assembly itself.
SL018,Nepali,प्रदेश सभा सदस्य अयोग्य भएको हो वा होइन भन्ने अन्तिम निर्णय कुन निकायले गर्छ?,सर्वोच्च अदालतको संवैधानिक इजलास।,संसद्को दल समिति।
SL019,English,Within how many days from the first meeting of the State Assembly must the Speaker and Deputy Speaker be elected?,Within fifteen days.,30
SL019,Nepali,प्रदेश सभाको पहिलो बैठक बसेको कति दिनभित्र सभामुख र उपसभामुखको निर्वाचन हुनुपर्छ?,पन्ध्र दिनभित्र।,७ दिनभित्र
SL020,English,"If both the offices of the Speaker and Deputy Speaker are vacant, who chairs the meeting of the State Assembly?",The attending member who is the senior-most by age.,The Government Speaker
SL020,Nepali,सभामुख र उपसभामुख दुवै पद रिक्त भए प्रदेश सभाको बैठक कसले अध्यक्षता गर्छ?,उपस्थित सदस्यमध्ये उमेरका आधारमा सबैभन्दा ज्येष्ठ सदस्य।,सचिवालय प्रमुख।
SLP001,English,In which Schedules are the legislative powers of the State Assembly enumerated?,"Schedules 6, 7, and 9.",Schedule VII
SLP001,Nepali,प्रदेश सभाका विधायिकी अधिकारहरू कुन-कुन अनुसूचीमा उल्लेख गरिएका छन्?,"अनुसूची ६, ७ र ९।",अनुसूची नं. ८
SLP002,English,"Subject to the Constitution, where may a Bill be introduced?",In the State Assembly.,Both the House of Representatives and the Senate.
SLP002,Nepali,संविधानको अधीनमा रही विधेयक कहाँ प्रस्तुत गर्न सकिन्छ?,प्रदेश सभामा।,संसद्को अधीनमा।
SLP003,English,Which two types of Bills may be introduced only as Government Bills in the State Assembly?,A Money Bill and a Bill concerning peace and security.,Money Bills and Constitutional Amendment Bills
SLP003,Nepali,प्रदेश सभामा कुन दुई प्रकारका विधेयक सरकारका विधेयकका रूपमा मात्र प्रस्तुत गर्न सकिन्छ?,धन विधेयक र शान्ति तथा सुरक्षासम्बन्धी विधेयक।,संशोधन विधेयक र असंशोधन विधेयक।
SLP004,English,Does a Bill concerning the imposition or regulation of State taxes fall within the definition of a Money Bill?,Yes.,"Generally, yes."
SLP004,Nepali,राज्यस्तरीय कर लगाउने वा नियमन गर्ने सम्बन्धी विधेयक धन विधेयकको परिभाषाभित्र पर्छ?,पर्छ।,"हाँसो, यसले धन विधेयकको परिभाषाभित्र पर्छ।"
SLP005,English,Does a Bill concerning borrowing money or giving guarantees by the State Government qualify as a Money Bill?,Yes.,No.
SLP005,Nepali,राज्य सरकारले ऋण लिने वा जमानत दिने सम्बन्धी विधेयक धन विधेयक मानिन्छ?,मानिन्छ।,हो।
SLP006,English,"Is a Bill deemed to be a Money Bill solely because it imposes licence fees, application fees, renewal fees, fines, or imprisonment?",No.,No.
SLP006,Nepali,"इजाजतपत्र शुल्क, निवेदन शुल्क, नवीकरण शुल्क, जरिवाना वा कैद सजायको व्यवस्था भएकै कारण कुनै विधेयक धन विधेयक मानिन्छ?",मानिँदैन।,धन विधेयक
SLP007,English,Who makes the final decision on whether a Bill is a Money Bill in the State Assembly?,The Speaker of the State Assembly.,The Speaker of the Assembly.
SLP007,Nepali,प्रदेश सभामा कुनै विधेयक धन विधेयक हो वा होइन भन्ने अन्तिम निर्णय कसले गर्छ?,प्रदेश सभाका सभामुख।,प्रतिनिधि।
SLP008,English,"After a Bill is passed by the State Assembly, to whom is it presented for assent?",The Chief of State.,The Governor
SLP008,Nepali,प्रदेश सभाबाट विधेयक पारित भएपछि स्वीकृतिका लागि कससमक्ष पेश गरिन्छ?,प्रदेश प्रमुखसमक्ष।,राष्ट्रपति
SLP009,English,What happens if the session of the State Assembly ends while a Bill is under consideration?,Deliberations may continue in the succeeding session.,The Bill lapses and must be reintroduced.
SLP009,Nepali,विधेयक विचाराधीन रहँदा प्रदेश सभाको अधिवेशन अन्त्य भए के हुन्छ?,अर्को अधिवेशनमा त्यसको विचार जारी रहन सक्छ।,"विधेयक विचाराधीन रहँदा प्रदेश सभाको अधिवेशन अन्त्य भए, त्यस अवस्थामा नयाँ अधिवेशनमा सो विधेयक पुनः प्रस्तुत गरि審न्न गर्नुपर्ने हुन्छ।"
SLP010,English,What happens to a Bill under consideration if the State Assembly is dissolved or its term expires?,The Bill lapses.,The Bill ceases to exist.
SLP010,Nepali,विधेयक विचाराधीन रहँदा प्रदेश सभा विघटन भए वा यसको कार्यकाल समाप्त भए के हुन्छ?,विधेयक निष्क्रिय (लोप) हुन्छ।,"विधेयकको मस्यौदा बनेको बेला प्रदेश सभा विघटन भए वा त्यसको कार्यकाल सक भए, नयाँ प्रदेश सभाले सो विधेयकलाई नै पारित गर्न सक्छ।"
SLP011,English,Who may withdraw a Bill with the approval of the State Assembly?,The member who introduced the Bill.,The Governor
SLP011,Nepali,प्रदेश सभाको स्वीकृतिसहित विधेयक कसले फिर्ता लिन सक्छ?,विधेयक प्रस्तुत गर्ने सदस्य।,प्रतिनिधित्व गुट।
SLP012,English,Who presents a Bill to the Chief of State for assent after certifying it?,The Speaker of the State Assembly.,A Minister
SLP012,Nepali,प्रमाणीकरण गरेपछि प्रदेश प्रमुखसमक्ष स्वीकृतिका लागि विधेयक कसले पेश गर्छ?,प्रदेश सभाका सभामुख।,संसद्को विधायिका समिति।
SLP013,English,Within how many days must the Chief of State give assent to a Bill presented for assent?,Within fifteen days.,30 days
SLP013,Nepali,स्वीकृतिका लागि पेश गरिएको विधेयकमा प्रदेश प्रमुखले कति दिनभित्र स्वीकृति दिनुपर्छ?,पन्ध्र दिनभित्र।,30 दिन
SLP014,English,Can the Chief of State return a Money Bill to the State Assembly for further deliberation?,No.,No.
SLP014,Nepali,के प्रदेश प्रमुखले धन विधेयकलाई थप विचारका लागि प्रदेश सभामा फिर्ता पठाउन सक्छन्?,सक्दैनन्।,नस्क्दैन।
SLP015,English,"If a Bill returned by the Chief of State is reconsidered and passed again, within how many days must the Chief of State give assent?",Within fifteen days.,10 days
SLP015,Nepali,प्रदेश प्रमुखले फिर्ता पठाएको विधेयक पुनः पारित भएपछि प्रदेश प्रमुखले कति दिनभित्र स्वीकृति दिनुपर्छ?,पन्ध्र दिनभित्र।,15 दिन
SLP016,English,When does a Bill become an Act?,After the Chief of State gives assent.,After receiving assent from the President.
SLP016,Nepali,विधेयक कहिले ऐन बन्छ?,प्रदेश प्रमुखले स्वीकृति दिएपछि।,संसदले दुई पटक पारित गरेपछि।
SLP017,English,Under what circumstances may the Chief of State promulgate an Ordinance?,"When the State Assembly is not in session and immediate action is necessary, on the recommendation of the State Council of Ministers.",Under the Constitution of [Country Name].
SLP017,Nepali,प्रदेश प्रमुखले कुन अवस्थामा अध्यादेश जारी गर्न सक्छन्?,"प्रदेश सभा अधिवेशनमा नरहेको र तत्काल कार्य आवश्यक भएको अवस्थामा, प्रदेश मन्त्रिपरिषद्को सिफारिसमा।",प्रदेश प्रमुखले संविधानले तोकेको विशेष परिस्थितिमा अध्यादेश जारी गर्न सक्छन्।
SLP018,English,What legal effect does an Ordinance have after promulgation?,It has the same force and effect as an Act.,"An ordinance, once properly promulgated, becomes law within the jurisdiction it governs."
SLP018,Nepali,जारी भएपछि अध्यादेशको कानुनी प्रभाव के हुन्छ?,यसको प्रभाव ऐनसरह हुन्छ।,अध्यादेशको कानुनी प्रभाव कानुनको रूपमा स्थापित हुन्छ।
SLP019,English,What happens to an Ordinance if it is not passed by the State Assembly after being tabled?,It automatically ceases to be effective.,It lapses and ceases to exist.
SLP019,Nepali,प्रदेश सभामा पेश गरिएपछि अध्यादेश पारित नभए के हुन्छ?,यो स्वतः निष्प्रभावी हुन्छ।,अध्यादेश फिर्ता प्रतिनिधिसँग फर्केको हुन्छ।
SLP020,English,"Unless earlier repealed or rendered ineffective, after how many days from the meeting of the State Assembly does an Ordinance automatically cease to be effective?",Sixty days.,6 months
SLP020,Nepali,पहिले नै खारेज वा निष्प्रभावी नगरिएमा प्रदेश सभाको बैठक बसेको कति दिनपछि अध्यादेश स्वतः निष्प्रभावी हुन्छ?,साठी दिनपछि।,१ वर्ष।
SFP001,English,Under what condition may a tax be levied and collected in a State?,Only in accordance with law.,A tax may be levied and collected in a State if authorized by the State’s constitution and laws.
SFP001,Nepali,प्रदेशमा कुन अवस्थामा मात्र कर लगाउन र उठाउन सकिन्छ?,कानुन बमोजिम मात्र।,राज्यको आफ्नै संघ छ।
SFP002,English,Under what condition may a State Government raise a loan or give a guarantee?,Only as provided for in Federal law.,Subject to limitations prescribed by the Constitution of India.
SFP002,Nepali,प्रदेश सरकारले कुन अवस्थामा ऋण उठाउन वा जमानत दिन सक्छ?,संघीय कानुनमा व्यवस्था भएबमोजिम मात्र।,राज्य सरकारले आफ्नो राजस्व आम्दानीको आधारमा ऋण उठाउन वा जमानत दिन सक्छ।
SFP003,English,Which revenues are excluded from the State Consolidated Fund?,Revenues of trusts (Guthi).,"Revenue from specific taxes, such as excise taxes and certain property taxes."
SFP003,Nepali,प्रदेश सञ्चित कोषमा जम्मा नगरिने राजस्व कुन हो?,गुठीको राजस्व।,स्थानीय तहको राजस्व
SFP004,English,What is the name of the State Government Fund into which specified revenues and receipts are credited?,State Consolidated Fund.,General Fund
SFP004,Nepali,तोकिएका राजस्व तथा रकम जम्मा गरिने प्रदेश सरकारको कोषको नाम के हो?,प्रदेश सञ्चित कोष।,प्रदेश ख्याति कोष
SFP005,English,"Besides revenues, what other receipts of the State Government are credited to the State Consolidated Fund?","Loans, loan repayments, and grants or loans received from the Government of Nepal.",Appropriations from the Consolidated Fund to various agencies.
SFP005,Nepali,राजस्व बाहेक प्रदेश सरकारबाट प्राप्त कुन-कुन रकम प्रदेश सञ्चित कोषमा जम्मा गरिन्छ?,"ऋण, ऋण फिर्ताबाट प्राप्त रकम तथा नेपाल सरकारबाट प्राप्त अनुदान वा ऋण।","शुल्क, कर र लगानी।"
SFP006,English,Can expenditure be incurred from the State Consolidated Fund or other State Government Funds without constitutional authorization?,No.,No.
SFP006,Nepali,संवैधानिक व्यवस्था बिना प्रदेश सञ्चित कोष वा अन्य प्रदेश सरकारी कोषबाट खर्च गर्न सकिन्छ?,सकिँदैन।,नहीं।
SFP007,English,Which Act authorizes expenditure required when an Appropriation Bill is under consideration?,An Act.,The Supplementary Estimates Act
SFP007,Nepali,विनियोजन विधेयक विचाराधीन हुँदा आवश्यक खर्च कुन ऐनले अधिकार दिन्छ?,ऐन।,आवश्यक खर्चका लागि विनियोजन ऐन।
SFP008,English,Which Article governs matters relating to the State Contingency Fund?,Article 212.,Article 178
SFP008,Nepali,प्रदेश आकस्मिक कोषसम्बन्धी विषय कुन धाराले व्यवस्था गर्छ?,धारा २१२।,धारा १६३
SFP009,English,Is approval of the State Assembly required for expenditures charged on the State Consolidated Fund?,No.,Yes.
SFP009,Nepali,प्रदेश सञ्चित कोषमा भारित खर्चका लागि प्रदेश सभाको स्वीकृति आवश्यक पर्छ?,पर्दैन।,आवश्यक।
SFP010,English,Which officials' remuneration and facilities are charged on the State Consolidated Fund?,State Speaker and State Deputy Speaker.,All officials of the Government.
SFP010,Nepali,कुन पदाधिकारीहरूको पारिश्रमिक र सुविधा प्रदेश सञ्चित कोषमा भारित हुन्छ?,प्रदेश सभामुख र प्रदेश उपसभामुख।,"संघीय सरकारका बहालवाला र अवकाश प्राप्त न्यायाधीश, सूचना आयुक्त, महानिरूपक्ष, प्रधानसेनापति तथा महान्याukov"
SFP011,English,Are sums required to satisfy a court judgment or decree against the State Government charged on the State Consolidated Fund?,Yes.,Yes.
SFP011,Nepali,प्रदेश सरकारविरुद्ध अदालतको फैसला वा डिक्री पूरा गर्न आवश्यक रकम प्रदेश सञ्चित कोषमा भारित हुन्छ?,हुन्छ।,हो।
SFP012,English,Who lays the annual estimate of revenues and expenditures before the State Assembly?,State Minister for Finance.,The Governor.
SFP012,Nepali,प्रदेश सभासमक्ष वार्षिक आय–व्ययको अनुमान कसले पेश गर्छ?,प्रदेश अर्थमन्त्री।,अर्थशास्त्री
SFP013,English,What three matters must be included in the annual estimate presented before the State Assembly?,"Revenue estimates, charges on the State Consolidated Fund, and expenditure provided by a State Appropriation Act.","Revenue, expenditures, and debt."
SFP013,Nepali,प्रदेश सभामा पेश गरिने वार्षिक अनुमानमा कुन तीन विषय समावेश हुनुपर्छ?,"राजस्व अनुमान, प्रदेश सञ्चित कोषमा भारित रकम, र प्रदेश विनियोजन ऐनबाट गरिने खर्च।","राजकोष, विकास, र प्रशासन।"
SFP014,English,What additional statement must accompany the annual estimate regarding Ministries?,Previous year's allocated expenses and whether their objectives were achieved.,A detailed breakdown.
SFP014,Nepali,वार्षिक अनुमानसँगै मन्त्रालयसम्बन्धी कुन थप विवरण पेश गर्नुपर्छ?,अघिल्लो वर्षको विनियोजित खर्च र खर्चका उद्देश्य पूरा भए वा भएनन् भन्ने विवरण।,बजेट अनुमान।
SFP015,English,Where must the money required under a State Appropriation Act be specified?,Under appropriate heads in an Appropriation Bill.,The State Treasury
SFP015,Nepali,प्रदेश विनियोजन ऐनअन्तर्गत आवश्यक रकम कहाँ उल्लेख गरिन्छ?,विनियोजन विधेयकमा सम्बन्धित शीर्षकअन्तर्गत।,प्रदेशको आवश्यक रकम।
SFP016,English,When may the State Minister for Finance present a supplementary estimate?,"When authorized expenditure is insufficient, a new service requires expenditure, or expenditure exceeds the authorized amount.",At any time.
SFP016,Nepali,प्रदेश अर्थमन्त्रीले कुन अवस्थामा पूरक अनुमान पेश गर्न सक्छन्?,"स्वीकृत खर्च अपुग भएमा, नयाँ सेवामा खर्च आवश्यक भएमा, वा स्वीकृत रकमभन्दा बढी खर्च भएमा।",अर्थतन्त्रमा आवश्यक छ भने।
SFP017,English,What is the maximum amount that may be included in a State Vote on Account?,Not more than one-third of the estimated expenditure for the financial year.,One-third of the estimated revenue of the United Kingdom for the financial year.
SFP017,Nepali,प्रदेश लेखानुदानमा समावेश गर्न सकिने अधिकतम रकम कति हो?,आर्थिक वर्षको अनुमानित खर्चको एक-तिहाइभन्दा बढी होइन।,१० प्रतिशत
SFP018,English,Can a State Vote on Account Bill be introduced before the revenue and expenditure estimates are presented under Article 207?,No.,No.
SFP018,Nepali,धारा २०७ बमोजिम आय–व्यय अनुमान पेश गर्नुअघि प्रदेश लेखानुदान विधेयक प्रस्तुत गर्न सकिन्छ?,सकिँदैन।,नहुँ।
SFP019,English,When may the State Minister for Finance present a Vote of Credit Bill containing only a statement of expenditures?,During an emergency when specifying details is impractical or inexpedient due to State security or interest.,When the House is not in session.
SFP019,Nepali,प्रदेश अर्थमन्त्रीले खर्चको विवरण मात्र भएको मत–ऋण विधेयक कहिले पेश गर्न सक्छन्?,प्रदेशको सुरक्षा वा हितका कारण विस्तृत विवरण दिन अव्यावहारिक वा अनुपयुक्त हुने आपत्कालीन अवस्थामा।,आवश्यकतानुसार
SFP020,English,Who controls the State Contingency Fund and what type of expenditure may be met from it?,The State Government; unforeseen expenditure.,The State Contingency Fund is controlled by the Minister of Finance. It may be used to meet emergency expenditure.
SFP020,Nepali,प्रदेश आकस्मिक कोषको नियन्त्रण कसले गर्छ र कुन प्रकारको खर्च यसबाट व्यहोर्न सकिन्छ?,प्रदेश सरकार; अप्रत्याशित खर्च।,"प्रदेश आकस्मिक कोषको नियन्त्रण प्रदेश सरकारले गर्छ। यसबाट दैवीघाति, डुवान, र अन्य आकस्मिक अवस्थामा परेका निकायहरूलाई खर्च व्यहोर्न सकिन्छ।"
LE001,English,In whom is the executive power of the Local Level vested?,Village Executive or Municipal Executive.,The Mayor.
LE001,Nepali,स्थानीय तहको कार्यकारी शक्ति कसमा निहित हुन्छ?,गाउँ कार्यपालिका वा नगर कार्यपालिकामा।,पदाधिहारी
LE002,English,Which Schedules contain the local executive powers of the Local Level?,Schedule-8 and Schedule-9.,"Schedule 4, 7, and 20"
LE002,Nepali,स्थानीय तहको कार्यकारी शक्ति कुन अनुसूचीमा उल्लेख गरिएको छ?,अनुसूची–८ र अनुसूची–९।,अनुसूची ४
LE003,English,Which bodies are responsible for issuing general directives and regulating governance of Village Bodies and Municipalities?,Village Executive and Municipal Executive.,The Provincial Government and Local Government Commission.
LE003,Nepali,गाउँपालिका र नगरपालिकाको शासन सञ्चालनका लागि सामान्य निर्देशन दिने र नियमन गर्ने जिम्मेवारी कुन निकायको हो?,गाउँ कार्यपालिका र नगर कार्यपालिका।,गृहMinistry (मुल्यवान मन्त्रालय)
LE004,English,Who chairs the Village Executive?,Chairperson of Village Executive.,The Mayor
LE004,Nepali,गाउँ कार्यपालिकाको अध्यक्षता कसले गर्छ?,गाउँ कार्यपालिकाको अध्यक्ष।,कार्यपालिका अध्यक्ष।
LE005,English,How many women members are elected to the Village Executive from among Village Assembly members?,Four women members.,18
LE005,Nepali,गाउँ सभाका सदस्यहरूमध्येबाट गाउँ कार्यपालिकामा कति महिला सदस्य निर्वाचित हुन्छन्?,चार जना महिला सदस्य।,दोस्रो तहको सभामा कम्तीमा एक र अधिकतम दुई महिला सदस्य निर्वाचित हुन सक्छन्।
LE006,English,How many members from Dalit or minority communities are elected to the Village Executive?,Two members.,Data unavailable.
LE006,Nepali,गाउँ कार्यपालिकामा दलित वा अल्पसंख्यक समुदायबाट कति सदस्य निर्वाचित हुन्छन्?,दुई जना सदस्य।,"स्थानीय सरकारको गठनको कानुन अनुसार, दलित वा अल्पसंख्यक समुदायबाट कम्तीमा १ जना सदस्य निर्वाचित हुनुपर्छ।"
LE007,English,"What is the minimum age qualification to become Chairperson, Vice-Chairperson, Ward Chairperson, or member of a Village Executive?",Twenty-one years.,18 years old
LE007,Nepali,"गाउँ कार्यपालिकाको अध्यक्ष, उपाध्यक्ष, वडा अध्यक्ष वा सदस्य बन्न न्यूनतम उमेर कति हुनुपर्छ?",२१ वर्ष।,१९ वर्षे नरमुर्खा भन्दा माथि।
LE008,English,"What is the term of office of the Chairperson, Vice-Chairperson, Ward Chairperson, and members of the Village Executive?",Five years.,Four years
LE008,Nepali,"गाउँ कार्यपालिकाका अध्यक्ष, उपाध्यक्ष, वडा अध्यक्ष र सदस्यहरूको कार्यकाल कति हुन्छ?",पाँच वर्ष।,४ वर्ष
LE009,English,Can a person elected as Chairperson of a Village Executive for two terms become a candidate again?,No.,Yes.
LE009,Nepali,गाउँ कार्यपालिकाको अध्यक्ष दुई कार्यकाल निर्वाचित भएको व्यक्ति पुनः उम्मेदवार बन्न सक्छ?,सक्दैन।,सकुन सक्छ।
LE010,English,Who chairs the Municipal Executive?,Mayor.,The Mayor
LE010,Nepali,नगर कार्यपालिकाको अध्यक्षता कसले गर्छ?,प्रमुख (मेयर)।,डाबर दाहाल
LE011,English,How many women members and how many Dalit or minority members are included in the Municipal Executive?,Five women members and three Dalit or minority members.,Data unavailable.
LE011,Nepali,नगर कार्यपालिकामा कति महिला सदस्य र कति दलित वा अल्पसंख्यक सदस्य हुन्छन्?,पाँच महिला सदस्य र तीन दलित वा अल्पसंख्यक सदस्य।,नगर कार्यपालिकामा महिला सदस्य र दलित/अल्पसंख्यक सदस्यहरूको संख्या नगरपालिका अनुसार फरक पर्छ।
LE012,English,What electoral system is used to elect the Mayor and Deputy Mayor?,First past the post electoral system.,First-Past-the-Post
LE012,Nepali,प्रमुख र उपप्रमुख निर्वाचन गर्न कुन निर्वाचन प्रणाली प्रयोग गरिन्छ?,पहिलो हुने निर्वाचित हुने निर्वाचन प्रणाली।,प्रोपorsionेट représेंटेशन (Proportional Representation)
LE013,English,Who coordinates the Judicial Committee in a Village Body?,Vice-Chairperson.,The Sarpanch.
LE013,Nepali,गाउँपालिकाको न्यायिक समितिको संयोजक को हुन्छ?,उपाध्यक्ष।,गाउँपालिका अध्यक्ष।
LE014,English,Who coordinates the Judicial Committee in a Municipality?,Deputy Mayor.,The Mayor.
LE014,Nepali,नगरपालिकाको न्यायिक समितिको संयोजक को हुन्छ?,उपप्रमुख।,नगरपालिकाको न्यायिक समिति संयोजक नगरप्रमुख हुन्छन्।
LE015,English,What is the purpose of establishing the District Assembly?,To make coordination between Village Bodies and Municipalities within the district.,To provide local governance and administration.
LE015,Nepali,जिल्ला सभा गठन गर्नुको उद्देश्य के हो?,जिल्लाभित्रका गाउँपालिका र नगरपालिकाबीच समन्वय गर्नु।,जिल्ला सभा गठन गर्नुको उद्देश्य स्थानीय तहका प्रतिनिधिहरूको एकतापत्तिको आवाज उठाउनु र जिल्ला विकासमा सहयोग गर्नु हो।
LE016,English,What is the maximum number of members in the District Coordination Committee?,Nine members.,13
LE016,Nepali,जिल्ला समन्वय समितिमा अधिकतम कति सदस्य हुन्छन्?,नौ जना सदस्य।,१५
LE017,English,What minimum representation requirements apply to the District Coordination Committee?,At least three women and at least one Dalit or minority member.,At least one member from each sector.
LE017,Nepali,जिल्ला समन्वय समितिमा न्यूनतम कस्तो प्रतिनिधित्व सुनिश्चित गरिएको छ?,कम्तीमा तीन महिला र कम्तीमा एक दलित वा अल्पसंख्यक सदस्य।,सङ्कायको प्रतिनिधित्व।
LE018,English,"What is the term of office of the Chief, Deputy Chief, and members of the District Coordination Committee?",Five years.,Two years
LE018,Nepali,"जिल्ला समन्वय समितिका प्रमुख, उपप्रमुख र सदस्यहरूको कार्यकाल कति हुन्छ?",पाँच वर्ष।,४ वर्षे कार्यकाल
LE019,English,"What happens to a Village Assembly or Municipal Assembly member's office if they are elected as Chief, Deputy Chief, or Member of the District Coordination Committee?",The office of Village Assembly or Municipal Assembly member automatically lapses.,Their office is dissolved.
LE019,Nepali,"गाउँ सभा वा नगर सभाको सदस्य जिल्ला समन्वय समितिको प्रमुख, उपप्रमुख वा सदस्य निर्वाचित भएमा उसको पदमा के हुन्छ?",गाउँ सभा वा नगर सभाको सदस्य पद स्वतः समाप्त हुन्छ।,उक्त सभाको सदस्य पद त्याग्छ।
LE020,English,Which government law provides for other functions of the District Assembly?,State law.,"Local Government Act, 1976 (Act 460)"
LE020,Nepali,जिल्ला सभाका अन्य कार्यहरू कुन कानुनले व्यवस्था गर्छ?,प्रदेश कानुन।,"स्थानीय सरकारको आचारसंहिता ऐन, २०७३।"
LL001,English,In which bodies is the legislative power of the Local Level vested?,Village Assembly and Municipal Assembly.,Local Government Units (LGUs)
LL001,Nepali,स्थानीय तहको विधायिकी शक्ति कुन निकायमा निहित हुन्छ?,गाउँ सभा र नगर सभामा।,विकास परिषद।
LL002,English,Which Schedules contain the legislative powers of the Village Assembly and Municipal Assembly?,Schedule-8 and Schedule-9.,Schedules 4 and 5
LL002,Nepali,गाउँ सभा र नगर सभाको विधायिकी शक्ति कुन अनुसूचीमा उल्लेख गरिएको छ?,अनुसूची–८ र अनुसूची–९।,अनुसूची ७
LL003,English,What is the legislative body established in each Village Body called?,Village Assembly.,Council
LL003,Nepali,प्रत्येक गाउँपालिकामा स्थापना हुने विधायिकी निकायलाई के भनिन्छ?,गाउँ सभा।,गाउँ वडा पर्षा
LL004,English,Who are the members of the Village Assembly?,"Chairperson, Vice-Chairperson, Ward Chairpersons, four members from each ward, and Dalit or minority members of the Village Executive.",The Elders and the Women.
LL004,Nepali,गाउँ सभाका सदस्यहरू को-को हुन्छन्?,"अध्यक्ष, उपाध्यक्ष, वडा अध्यक्षहरू, प्रत्येक वडाबाट चार सदस्य र गाउँ कार्यपालिकाका दलित वा अल्पसंख्यक सदस्यहरू।",गाउँ सभाका सदस्यहरू गाउँका टोलवासीहरू हुन्छन्।
LL005,English,How many women must be represented from each ward in a Village Assembly?,At least two women.,One.
LL005,Nepali,गाउँ सभामा प्रत्येक वडाबाट कति जना महिला प्रतिनिधित्व हुनुपर्छ?,कम्तीमा दुई जना महिला।,प्रत्येक वडाबाट कम्तिमा १ जना महिला प्रतिनिधित्व हुनुपर्छ।
LL006,English,What is the composition of a Ward Committee of a Village Body?,One Ward Chairperson and four members.,"Typically includes representatives from various sections of the village community, such as farmers, artisans, traders, and women."
LL006,Nepali,गाउँपालिकाको वडा समितिको संरचना कस्तो हुन्छ?,एक वडा अध्यक्ष र चार सदस्य।,"वडाध्यक्ष, उपाध्यक्ष र वडा सदस्य गरी कुल तीन जना सदस्य हुन्छन्।"
LL007,English,What is the minimum age required to vote in Village Assembly elections?,Eighteen years.,18
LL007,Nepali,गाउँ सभा निर्वाचनमा मतदान गर्न न्यूनतम उमेर कति हुनुपर्छ?,अठार वर्ष।,१९ वर्ष।
LL008,English,What is the minimum age qualification to become a candidate for Village Assembly membership?,Twenty-one years.,18 years old
LL008,Nepali,गाउँ सभा सदस्यको उम्मेदवार बन्न न्यूनतम उमेर कति हुनुपर्छ?,एक्काइस वर्ष।,१९ वर्षेण।
LL009,English,"Besides citizenship and age, what electoral requirement must a Village Assembly candidate fulfill?",Name included in the electoral rolls of the Village Body.,Residency
LL009,Nepali,नागरिकता र उमेर बाहेक गाउँ सभा सदस्यको उम्मेदवारले कुन निर्वाचनसम्बन्धी योग्यता पूरा गर्नुपर्छ?,गाउँपालिकाको मतदाता नामावलीमा नाम समावेश भएको।,धार्मीक मान्यता र स्थानीय निर्वाचनको नियम।
LL010,English,What legislative body exists in each Municipality?,Municipal Assembly.,Local Council
LL010,Nepali,प्रत्येक नगरपालिकामा कुन विधायिकी निकाय हुन्छ?,नगर सभा।,वडा पर्ल्सनिधि।
LL011,English,Who are the members of the Municipal Assembly?,"Mayor, Deputy Mayor, Ward Chairpersons, four members from each Ward, and Dalit or minority members of the Municipal Executive.",The members of a Municipal Assembly are elected officials representing the local constituents.
LL011,Nepali,नगर सभाका सदस्यहरू को-को हुन्छन्?,"प्रमुख, उपप्रमुख, वडा अध्यक्षहरू, प्रत्येक वडाबाट चार सदस्य र नगर कार्यपालिकाका दलित वा अल्पसंख्यक सदस्यहरू।",नगर सभाका सदस्यहरू नगरवासीको प्रतिनिधि हुन्छन्।
LL012,English,How many women must be represented from each Ward in a Municipal Assembly?,At least two women.,One.
LL012,Nepali,नगर सभामा प्रत्येक वडाबाट कति जना महिला प्रतिनिधित्व हुनुपर्छ?,कम्तीमा दुई जना महिला।,प्रत्येक वडाबाट कम्तिमा ३ जना महिला प्रतिनिधित्व हुनुपर्छ।
LL013,English,What is the same required composition of Ward Committees in Village Bodies and Municipalities?,One Ward Chairperson and four members.,A minimum of one-third of the total number of members.
LL013,Nepali,गाउँपालिका र नगरपालिकाका वडा समितिको समान संरचना के हो?,एक वडा अध्यक्ष र चार सदस्य।,"गाउँपालिकाको वडा समितिमा ७ जना सदस्यहरू हुन्छन्, जबकि नगरपालिकाको वडा समितिमा ९ जना सदस्यहरू हुन्छन्।"
LL014,English,What is the minimum age required to vote in Municipal Assembly elections?,Eighteen years.,18
LL014,Nepali,नगर सभा निर्वाचनमा मतदान गर्न न्यूनतम उमेर कति हुनुपर्छ?,अठार वर्ष।,१९ वर्ष
LL015,English,What qualifications are required to become a candidate for Municipal Assembly membership?,"Nepali citizenship, twenty-one years of age, name in Municipality electoral rolls, and not disqualified by law.","A citizen of Ghana, eighteen years or more, who is not a serving member of Parliament, the Judiciary, the Military, or the Police Service."
LL015,Nepali,नगर सभा सदस्यको उम्मेदवार बन्न के-कस्ता योग्यता आवश्यक हुन्छन्?,"नेपालको नागरिकता, २१ वर्ष उमेर, नगरपालिकाको मतदाता नामावलीमा नाम, र कानुनद्वारा अयोग्य नभएको।","नगर सभा सदस्य बन्नको लागि आवश्यक योग्यताहरू:

*   नागरिक भए।
*   न्यूनतम उमेरमा रहे।
*   नगरपालिकाको चुनावको लागि योग्य भए।"
LL016,English,Who automatically becomes the Chairperson and Vice-Chairperson of the Village Assembly?,Chairperson and Vice-Chairperson of the Village Executive.,The members with the highest number of votes.
LL016,Nepali,गाउँ सभाको अध्यक्ष र उपाध्यक्ष स्वतः को हुन्छ?,गाउँ कार्यपालिकाका अध्यक्ष र उपाध्यक्ष।,गाउँ सभाको अध्यक्ष र उपाध्यक्ष स्वतः गाउँ सभाका सदस्य सबैको मतले छानिएका हुन्छन्।
LL017,English,Who automatically becomes the Chairperson and Vice-Chairperson of the Municipal Assembly?,Mayor and Deputy Mayor of the Municipal Executive.,The Presiding Member and the Second Member.
LL017,Nepali,नगर सभाको अध्यक्ष र उपाध्यक्ष स्वतः को हुन्छ?,नगर कार्यपालिकाका प्रमुख र उपप्रमुख।,नगर सभाको अध्यक्ष र उपाध्यक्ष स्वतः निर्वाचित सदस्यहरू मध्येबाट चयन हुन्छन्।
LL018,English,What is the term of the Village Assembly and Municipal Assembly?,Five years.,Four years
LL018,Nepali,गाउँ सभा र नगर सभाको कार्यकाल कति हुन्छ?,पाँच वर्ष।,गाउँ सभाको कार्यकाल ३ वर्ष र नगर सभाको कार्यकाल ५ वर्ष हुन्छ।
LL019,English,When must another Village Assembly or Municipal Assembly be elected after expiration of the current term?,Not later than six months after expiration of the term.,Within 60 days of the expiration of the current term.
LL019,Nepali,हालको गाउँ सभा वा नगर सभाको कार्यकाल समाप्त भएपछि अर्को सभा कहिलेसम्म निर्वाचित गर्नुपर्छ?,कार्यकाल समाप्त भएको छ महिनाभित्र।,कार्यकाल समाप्त भएयता १५ दिनभित्र।
LL020,English,On which matters may a Village Assembly and Municipal Assembly make laws?,Matters contained in Schedule-8 and Schedule-9.,Local matters within their jurisdiction.
LL020,Nepali,गाउँ सभा र नगर सभाले कुन विषयमा कानुन बनाउन सक्छन्?,अनुसूची–८ र अनुसूची–९ मा रहेका विषयहरू।,गाउँ सभा र नगर सभाले स्थानीय विषयमा कानुन बनाउन सक्छन्।
LFP001,English,Under what condition may taxes be levied and collected and loans be raised at the Local Level?,Only in accordance with law.,When the local government has sufficient revenue and the ability to issue debt.
LFP001,Nepali,स्थानीय तहमा कर लगाउन र उठाउन तथा ऋण उठाउन कुन अवस्थामा पाइन्छ?,कानुन बमोजिम मात्र।,"स्थानीय तहले कर लगाउन र उठाउन तथा ऋण उठाउन स्थानीय सरकार ऐन, २०७४ अनुसार पाइन्छ।"
LFP002,English,On what matters may the Local Level levy taxes by law?,Matters falling within its domain.,"Local governments may levy taxes on property, sales, and services."
LFP002,Nepali,स्थानीय तहले कानुन बनाएर कुन विषयमा कर लगाउन सक्छ?,आफ्नो अधिकार क्षेत्रभित्र पर्ने विषयमा।,स्थानीय तहले सम्पत्ति कर र सवारीhurst tax लगाउन सक्छ।
LFP003,English,What factors must the Local Level consider while levying taxes within its domain?,"National economic policies, carriage of goods and services, capital and labour market, and neighbouring State or Local Level.","Revenue needs, local services, economic conditions, equity, and legal constraints."
LFP003,Nepali,स्थानीय तहले आफ्नो अधिकार क्षेत्रमा कर लगाउँदा कुन-कुन विषयलाई ध्यान दिनुपर्छ?,"राष्ट्रिय आर्थिक नीति, वस्तु तथा सेवाको ओसारपसार, पुँजी तथा श्रम बजार, र छिमेकी प्रदेश वा स्थानीय तह।","स्थानीय तहले कर लगाउँदा निम्न विषय ध्यान दिनुपर्छ:

*   नगर वा गाउँको आर्थिक आवश्यकता
*   जनसङ्ख्या
*   भौगोलिक अवस्था
*   स्थानीय समुदायको आवश्यकता
*   सम्बन्धित ऐन÷कानून"
LFP004,English,What fund shall each Village Body and Municipality have under the Local Level?,Local Consolidated Fund.,Each Village Body and Municipality shall have a fund under the Local Level.
LFP004,Nepali,स्थानीय तहअन्तर्गत प्रत्येक गाउँपालिका र नगरपालिकासँग कुन कोष हुन्छ?,स्थानीय सञ्चित कोष।,संघीय कोष
LFP005,English,Which sources of money are credited to the Local Consolidated Fund?,"Revenues, grants from the Government of Nepal and State Government, loans raised by the Local Level, and amounts received from other sources.","Taxes, fees, and charges."
LFP005,Nepali,स्थानीय सञ्चित कोषमा कुन-कुन रकम जम्मा गरिन्छ?,"राजस्व, नेपाल सरकार र प्रदेश सरकारबाट प्राप्त अनुदान, स्थानीय तहले उठाएका ऋण तथा अन्य स्रोतबाट प्राप्त रकम।","स्थानीय सञ्चित कोषमा करदाताहरूले जम्मा गरेको कर राजस्व, ब्याज र लाभ जम्मा गरिन्छ।"
LFP006,English,Which law provides for expenditures from the Local Consolidated Fund?,Local law.,"Local Government Act, 2015"
LFP006,Nepali,स्थानीय सञ्चित कोषबाट हुने खर्चसम्बन्धी विषय कुन कानुनले व्यवस्था गर्छ?,स्थानीय कानुन।,"सञ्चित कोष ऐन, २०७१।"
LFP007,English,Which bodies prepare and pass the annual revenue and expenditure estimates at the Local Level?,Village Executive and Municipal Executive prepare; Village Assembly and Municipal Assembly pass them.,Local Government Councils
LFP007,Nepali,स्थानीय तहमा वार्षिक आय–व्यय अनुमान कसले पेश गर्छ र कसले पारित गर्छ?,गाउँ कार्यपालिका र नगर कार्यपालिकाले पेश गर्छन्; गाउँ सभा र नगर सभाले पारित गर्छन्।,स्थानीय तहको वार्षिक आय–व्यय अनुमान स्थानीय राजस्व कार्यालय र नगर पालिकासँगको संयुक्त सिफारिसानुसार तहले पारित गर्छ।
LFP008,English,What must a Village Executive or Municipal Executive propose if it presents a deficit budget?,Sources to meet the deficit.,A supplementary budget.
LFP008,Nepali,गाउँ कार्यपालिका वा नगर कार्यपालिकाले घाटा बजेट पेश गरेमा के प्रस्ताव गर्नुपर्छ?,घाटा पूर्ति गर्ने स्रोतहरू।,कार्यपालिकाले घाटा बजेट पेश गरेमा त्यसको तत्काल छानबीन गर्नुपर्छ र त्यसको कारण पहिल्याउनु पर्छ।
FI001,English,To what extent may Federal Law be made applicable according to Article 231?,The whole of Nepal or any part of its territory.,Subject to the limitations outlined in Article 231.
FI001,Nepali,धारा २३१ अनुसार संघीय कानून कुन क्षेत्रमा लागू गर्न सकिन्छ?,नेपालको सम्पूर्ण भूभाग वा आवश्यक परे कुनै भागमा।,संघीय सरकारले कानुन बनाउनका लागि आधार भएको क्षेत्रमा।
FI002,English,What is the difference between the applicability of Federal Law and State Law under Article 231?,Federal Law applies to Nepal or any part of Nepal; State Law applies to the whole or any part of that State.,"Federal law applies when the subject matter is exclusively federal, while State law applies when the subject matter is within a state’s jurisdiction."
FI002,Nepali,धारा २३१ अनुसार संघीय कानून र प्रदेश कानूनको लागू हुने क्षेत्रबीच के फरक छ?,संघीय कानून नेपालभर वा कुनै भागमा लागू हुन्छ; प्रदेश कानून सम्बन्धित प्रदेशभर वा त्यसको कुनै भागमा लागू हुन्छ।,संघीय कानून प्रदेश कानून भन्दा प्राथमिकताप्राप्त हुन्छ।
FI003,English,When may the Federal Parliament make laws on matters listed in Schedule-6 for States?,When two or more States request the Government of Nepal to make such laws.,When the Constitution of Pakistan explicitly provides for it.
FI003,Nepali,अनुसूची-६ मा रहेका विषयमा संघीय संसदले कहिले कानून बनाउन सक्छ?,दुई वा दुईभन्दा बढी प्रदेशले नेपाल सरकारलाई कानून बनाउन अनुरोध गरेमा।,अनुसूची-६ मा रहेका विषयमा संघीय संसद कहिले पनि कानून बनाउन सक्छ।
FI004,English,"What principles form the basis of relations between the Federation, States, and Local levels?","Cooperation, co-existence and coordination.","Division of powers, federalism, and enumerated rights."
FI004,Nepali,"संघ, प्रदेश र स्थानीय तहबीचको सम्बन्ध कुन सिद्धान्तमा आधारित हुन्छ?","सहकार्य, सहअस्तित्व र समन्वय।",प्रतिनिधित्व र उत्तरदायित्वको सिद्धान्त।
FI005,English,Who may give necessary directions to a State Council of Ministers on matters of national importance?,The Government of Nepal.,The President
FI005,Nepali,राष्ट्रिय महत्वका विषयमा प्रदेश मन्त्रिपरिषद्लाई आवश्यक निर्देशन कसले दिन सक्छ?,नेपाल सरकारले।,राष्ट्रपति।
FI006,English,For how long may the President suspend or dissolve a State Council of Ministers and State Assembly under Article 232(3)?,Not exceeding six months.,Six months.
FI006,Nepali,धारा २३२(३) अनुसार राष्ट्रपतिले प्रदेश मन्त्रिपरिषद् र प्रदेश सभा कति समयसम्म निलम्बन वा विघटन गर्न सक्छन्?,छ महिनाभन्दा बढी नहुने गरी।,६ महिनासम्म।
FI007,English,What majority of the Federal Parliament is required to ratify suspension or dissolution of a State Council of Ministers and State Assembly?,Two-thirds majority of the total number of existing members.,Two-thirds majority
FI007,Nepali,प्रदेश मन्त्रिपरिषद् र प्रदेश सभा निलम्बन वा विघटनको अनुमोदन गर्न संघीय संसदमा कस्तो बहुमत आवश्यक हुन्छ?,तत्काल कायम रहेका सदस्यहरूको दुई तिहाइ बहुमत।,दो सतह बहुमत।
FI008,English,Within how many days must the Federal Parliament ratify a suspension or dissolution made under Article 232(3)?,Within thirty-five days.,14 days
FI008,Nepali,धारा २३२(३) अन्तर्गत गरिएको निलम्बन वा विघटनलाई संघीय संसदले कति दिनभित्र अनुमोदन गर्नुपर्छ?,पैँतीस दिनभित्र।,१८० दिन
FI009,English,"If dissolution of a State Assembly is ratified, within what period must an election be held?",Within six months.,Within six months.
FI009,Nepali,प्रदेश सभा विघटन अनुमोदन भएमा कति समयभित्र निर्वाचन गरिनुपर्छ?,छ महिनाभित्र।,१८० दिनभित्र
FI010,English,"During Federal rule in a State, which body may make laws on Schedule-6 matters?",The Federal Parliament.,The State Legislature.
FI010,Nepali,प्रदेशमा संघीय शासन कायम रहेको समयमा अनुसूची-६ का विषयमा कानून कसले बनाउन सक्छ?,संघीय संसदले।,प्रदेशले कानून बनाउन सक्दैन। यो अधिकार संसद्को दुवै सदन (संसद) ले संयुग्मन गर्छ।
FI011,English,What must one State do regarding legal provisions or judicial and administrative decisions of another State?,Render assistance in execution.,"Respect them, generally."
FI011,Nepali,एउटा प्रदेशले अर्को प्रदेशको कानूनी व्यवस्था वा न्यायिक तथा प्रशासनिक निर्णय सम्बन्धमा के गर्नुपर्छ?,कार्यान्वयनमा सहयोग गर्नुपर्छ।,त्यस प्रदेशको सर्वोच्चCourt मा अपील गर्नुपर्छ।
FI012,English,Who chairs the Inter-State Council?,The Prime Minister.,The Prime Minister
FI012,Nepali,अन्तरप्रदेश परिषद्को अध्यक्ष को हुन्छ?,प्रधानमन्त्री।,प्रधानमन्त्री
FI013,English,Which ministers of the Government of Nepal are members of the Inter-State Council?,Minister for Home Affairs and Minister for Finance.,"As of November 2, 2023, the following ministers are members of the Inter-State Council:

*   Bhim Bahadur Bhatta (Ministry of Federal Affairs and Constitutions)
*   Hari Bahadur Ayer (Ministry of Land, Cooperatives and Housing)
*   Siri Aryal (Ministry of Women, Children and Senior Citizens)
*   Dhruv Narayan Shrestha (Ministry of Forest and Environment)
*   Padma Surya (Ministry of Labor, Employment and Social Security)"
FI013,Nepali,अन्तरप्रदेश परिषद्को सदस्यको रूपमा नेपाल सरकारका कुन मन्त्रीहरू रहने व्यवस्था छ?,गृह मन्त्री र अर्थ मन्त्री।,अर्थ मन्त्री र यस्तै मन्त्रीहरू।
FI014,English,What is the purpose of establishing the Inter-State Council?,To settle political disputes between the Federation and a State and between States.,To promote coordination and consensus-building among states on national policies.
FI014,Nepali,अन्तरप्रदेश परिषद् स्थापना गर्नुको उद्देश्य के हो?,संघ र प्रदेश तथा प्रदेशहरूबीच उत्पन्न राजनीतिक विवाद समाधान गर्नु।,राज्यहरूबीचको सम्बन्ध सुमधुर्य बनाउनु र समन्वयन गराउनु।
FI015,English,What is prohibited regarding carriage of goods and extension of services between States and Local levels?,"Obstruction, taxation, fees, charges, or discrimination.",Interstate commerce is generally prohibited without proper licensing and adherence to state regulations.
FI015,Nepali,प्रदेश र स्थानीय तहबीच वस्तु तथा सेवाको आवतजावत सम्बन्धमा के निषेध गरिएको छ?,"अवरोध, कर, शुल्क, दस्तुर वा भेदभाव।",प्रत्यक्ष करको असम्पय।
FI016,English,Does Part-20 affect the jurisdiction of the Constitutional Bench of the Supreme Court?,"No, it does not affect it.",No.
FI016,Nepali,भाग-२० ले सर्वोच्च अदालतको संवैधानिक इजलासको अधिकारक्षेत्रलाई असर गर्छ कि गर्दैन?,गर्दैन।,"हो, गर्छ।"
CIA001,English,What is the constitutional name of the anti-corruption commission established under Article 238?,Commission for the Investigation of Abuse of Authority of Nepal.,The Commission for Administrative Justice
CIA001,Nepali,धारा २३८ अनुसार स्थापना गरिएको भ्रष्टाचार अनुसन्धान गर्ने आयोगको संवैधानिक नाम के हो?,अख्तियार दुरुपयोग अनुसन्धान आयोग।,भ्रष्टाचार आयल undangungs-prüfungskommission (BUiS)
CIA002,English,How many members are included in the Commission for the Investigation of Abuse of Authority?,Five members including one Chief Commissioner and four Commissioners.,7
CIA002,Nepali,अख्तियार दुरुपयोग अनुसन्धान आयोगमा कति जना सदस्य रहने व्यवस्था छ?,एक जना प्रमुख आयुक्त र चार जना आयुक्त गरी पाँच जना।,आठ जना
CIA003,English,Who acts as the Chairperson of the Commission for the Investigation of Abuse of Authority?,The Chief Commissioner.,The President
CIA003,Nepali,अख्तियार दुरुपयोग अनुसन्धान आयोगको अध्यक्षको रूपमा कसले काम गर्छ?,प्रमुख आयुक्तले।,अख्तियार दुरुपयोग अनुसन्धान आयोगको अध्यक्ष रिटा कार्की रहनुहुन्छ।
CIA004,English,Who appoints the Chief Commissioner and Commissioners of the Commission for the Investigation of Abuse of Authority?,The President.,The President.
CIA004,Nepali,अख्तियार दुरुपयोग अनुसन्धान आयोगका प्रमुख आयुक्त र आयुक्तलाई कसले नियुक्त गर्छ?,राष्ट्रपतिले।,राष्ट्रपति।
CIA005,English,On whose recommendation does the President appoint the Chief Commissioner and Commissioners?,Constitutional Council.,The Cabinet
CIA005,Nepali,राष्ट्रपतिले प्रमुख आयुक्त र आयुक्तलाई कसको सिफारिसमा नियुक्त गर्छन्?,संवैधानिक परिषद्।,कार्यकारी समिति
CIA006,English,What is the term of office of the Chief Commissioner and Commissioners?,Six years from the date of appointment.,Four years
CIA006,Nepali,प्रमुख आयुक्त र आयुक्तहरूको पदावधि कति वर्षको हुन्छ?,नियुक्तिको मितिले छ वर्ष।,४ वर्ष
CIA007,English,At what age does the office of the Chief Commissioner or Commissioner become vacant?,Sixty-five years.,Upon retirement.
CIA007,Nepali,प्रमुख आयुक्त वा आयुक्तको पद कुन उमेर पुगेपछि रिक्त हुन्छ?,पैँसठ्ठी वर्ष।,६५ वर्ष पुग्न पुगेपछि।
CIA008,English,What minimum age is required to be appointed as Chief Commissioner or Commissioner?,Forty-five years.,18 years
CIA008,Nepali,प्रमुख आयुक्त वा आयुक्त बन्न न्यूनतम उमेर कति हुनुपर्छ?,पैँतालीस वर्ष।,२५ वर्ष
CIA009,English,What minimum educational qualification is required for appointment as Chief Commissioner or Commissioner?,Bachelor's degree from a recognized university.,A degree in law.
CIA009,Nepali,प्रमुख आयुक्त वा आयुक्त नियुक्तिका लागि न्यूनतम शैक्षिक योग्यता के हो?,मान्यता प्राप्त विश्वविद्यालयबाट स्नातक उपाधि।,लाइसन्स गरिएको अवकाशन।
CIA010,English,How many years of experience must a person have in specified fields to qualify as Chief Commissioner or Commissioner?,At least twenty years.,"Typically, 10 years."
CIA010,Nepali,प्रमुख आयुक्त वा आयुक्त बन्न सम्बन्धित क्षेत्रमा कति वर्षको अनुभव आवश्यक हुन्छ?,कम्तीमा बीस वर्ष।,"सामान्यतया, कम्तीमा १० वर्षको अनुभव आवश्यक हुन्छ।"
CIA011,English,Can a member of a political party at the time of appointment become Chief Commissioner or Commissioner?,No.,Yes.
CIA011,Nepali,नियुक्तिको समयमा राजनीतिक दलको सदस्य रहेको व्यक्ति प्रमुख आयुक्त वा आयुक्त बन्न सक्छ?,सक्दैन।,"हो, सक्छ।"
CIA012,English,Is a person once appointed as Chief Commissioner or Commissioner eligible for another government service?,No.,Yes.
CIA012,Nepali,एक पटक प्रमुख आयुक्त वा आयुक्त नियुक्त भएको व्यक्ति अन्य सरकारी सेवामा नियुक्त हुन योग्य हुन्छ?,हुँदैन।,नियुक्ति हुँदैन।
CIA013,English,What type of abuse may the Commission investigate under Article 239?,Abuse of authority committed through corruption by a person holding public office.,Serious abuse of children.
CIA013,Nepali,धारा २३९ अनुसार आयोगले कस्तो दुरुपयोगको अनुसन्धान गर्न सक्छ?,सार्वजनिक पद धारण गरेको व्यक्तिले भ्रष्टाचारमार्फत गरेको अख्तियार दुरुपयोग।,आ комиссииले राजनैतिक दुरुपयोगको अनुसन्धान गर्न सक्छ।
CIA014,English,Does the Commission investigate every public official involved in abuse of authority?,"No, exceptions apply where the Constitution or other law provides separate provisions.",Yes.
CIA014,Nepali,के आयोगले अख्तियार दुरुपयोग गर्ने सबै सार्वजनिक अधिकारीको अनुसन्धान गर्छ?,"गर्दैन, संविधान वा अन्य कानूनले छुट्टै व्यवस्था गरेको अवस्थामा अपवाद हुन्छ।",नहुँ।
CIA015,English,When may the Commission investigate persons removable by impeachment or Judicial Council action?,After they have been removed from office.,When a person is under active investigation by the Department of Justice or Congress.
CIA015,Nepali,महाभियोग वा न्याय परिषद्बाट हटाउन सकिने व्यक्तिको अनुसन्धान आयोगले कहिले गर्न सक्छ?,पदबाट हटाइसकेपछि।,"अनुसन्धान, जासूसी, पेठ्याङ्ग्रा र साल्वेटेज।"
CIA016,English,Where may the Commission file a case if corruption is established through investigation?,In the competent court.,Regular court system
CIA016,Nepali,अनुसन्धानबाट भ्रष्टाचार प्रमाणित भएमा आयोगले कहाँ मुद्दा दायर गर्न सक्छ?,सम्बन्धित सक्षम अदालतमा।,संसाधन आयोग
CIA017,English,"To whom may the Commission delegate its functions, duties and powers?","Chief Commissioner, Commissioner, or officer employee of the Government of Nepal.",Any person or entity.
CIA017,Nepali,"आयोगले आफ्नो कार्य, कर्तव्य र अधिकार कसलाई प्रत्यायोजन गर्न सक्छ?","प्रमुख आयुक्त, आयुक्त वा नेपाल सरकारको अधिकृत कर्मचारीलाई।",सरकार।
CIA018,English,What action may the Commission take if an investigated matter falls under another official body's jurisdiction?,Write to the concerned official or body for necessary action.,Referral to the appropriate body.
CIA018,Nepali,अनुसन्धान गरिएको विषय अर्को निकायको अधिकारक्षेत्रमा पर्ने देखिएमा आयोगले के गर्न सक्छ?,आवश्यक कारबाहीका लागि सम्बन्धित अधिकारी वा निकायलाई लेखी पठाउन सक्छ।,आयोग सो विषयमा सोही निकायलाई समेटेर निर्णय लिनेछ।
AG013,English,Can a person who is a member of a political party at the time of appointment become Auditor General?,No.,Yes.
AG013,Nepali,नियुक्तिको समयमा राजनीतिक दलको सदस्य रहेको व्यक्ति महालेखा परीक्षक बन्न सक्छ?,सक्दैन।,हुँदैन।
AG014,English,What minimum age is required for appointment as Auditor General?,Forty-five years.,35
AG014,Nepali,महालेखा परीक्षक नियुक्तिका लागि न्यूनतम उमेर कति आवश्यक छ?,पैँतालीस वर्ष।,३० वर्ष
AG015,English,What moral requirement is specified for appointment as Auditor General?,High moral character.,The candidate must be a fit and proper person.
AG015,Nepali,महालेखा परीक्षक नियुक्तिका लागि कस्तो नैतिक आवश्यकता तोकिएको छ?,उच्च नैतिक चरित्र।,"महालेखा परीक्षक नियुक्तिका लागि निष्पक्षता, ईमानदारी, व्यावसायिकता, र दक्षता आवश्यक छ।"
AG016,English,Can the remuneration and conditions of service of the Auditor General be changed to their disadvantage while holding office?,No.,No.
AG016,Nepali,पदमा रहँदा महालेखा परीक्षकको पारिश्रमिक र सेवाका सर्तहरू निजको प्रतिकूल परिवर्तन गर्न सकिन्छ?,सकिँदैन।,"नियमानुसार, महालेखा परीक्षकको पारिश्रमिक र सेवाका सर्तहरू निजको प्रतिकूल परिवर्तन गर्न सकिन्छ।"
AG017,English,What is the exception to the protection against disadvantageous alteration of the Auditor General's remuneration and service conditions?,Emergency declared due to extreme economic disarrays.,A majority vote of the governing body.
AG017,Nepali,महालेखा परीक्षकको सेवाका सर्तहरू प्रतिकूल परिवर्तन गर्न नपाइने व्यवस्थाको अपवाद के हो?,चरम आर्थिक अव्यवस्थाका कारण संकटकाल घोषणा भएको अवस्था।,सरकारी नीति र आवश्यकता।
AG018,English,Is a person once appointed as Auditor General eligible for another government service?,No.,Yes.
AG018,Nepali,एक पटक महालेखा परीक्षक नियुक्त भएको व्यक्ति अर्को सरकारी सेवामा नियुक्त हुन योग्य हुन्छ?,हुँदैन।,योग्य छैनन्।
AG019,English,Which authority audits the accounts of Federal and State Government Offices and constitutional bodies?,Auditor General.,The Government Accountability Office (GAO)
AG019,Nepali,संघीय तथा प्रदेश सरकारी कार्यालय र संवैधानिक निकायहरूको लेखा कसले परीक्षण गर्छ?,महालेखा परीक्षक।,auditors general (लेखा परीक्षक)
AG020,English,"Besides the offices listed in Article 241(1), who may require audits of other offices or bodies by the Auditor General?",Federal law.,Any other office or body.
AG020,Nepali,धारा २४१(१) मा उल्लिखित कार्यालय बाहेक अन्य कार्यालय वा निकायको लेखापरीक्षण कसले आवश्यक बनाउन सक्छ?,संघीय कानुन।,बैंकहरू।
PSC001,English,What is the constitutional name of the commission established under Article 242?,Public Service Commission of Nepal.,The Central Expenditure Commission
PSC001,Nepali,धारा २४२ अन्तर्गत स्थापना गरिएको आयोगको संवैधानिक नाम के हो?,नेपालको लोक सेवा आयोग।,संविधान संशोधन आयोग
PSC002,English,"How many members, including the Chairperson, constitute the Public Service Commission?",Five members.,Five
PSC002,Nepali,अध्यक्षसहित लोक सेवा आयोगमा कति जना सदस्य हुन्छन्?,पाँच जना सदस्य।,अध्यक्षसहित कुल ७ जना।
PSC003,English,Who appoints the Chairperson and Members of the Public Service Commission?,The President.,The President.
PSC003,Nepali,लोक सेवा आयोगका अध्यक्ष र सदस्यहरूलाई कसले नियुक्त गर्छ?,राष्ट्रपति।,राष्ट्रपतिको अध्यक्षता र राज्य सरकारको मन्त्रिले सदस्यहरू।
PSC004,English,On whose recommendation are the Chairperson and Members of the Public Service Commission appointed?,Constitutional Council.,The President
PSC004,Nepali,लोक सेवा आयोगका अध्यक्ष र सदस्यहरू कसको सिफारिसमा नियुक्त हुन्छन्?,संवैधानिक परिषद्।,राज्य सरकारले सिफारिस गर्छन्।
PSC005,English,What minimum percentage of Public Service Commission Members must be appointed from persons with twenty or more years of government service experience?,Fifty percent.,30%
PSC005,Nepali,लोक सेवा आयोगका सदस्यहरूमध्ये कम्तीमा कति प्रतिशत सदस्य २० वर्ष वा सोभन्दा बढी सरकारी सेवामा काम गरेका व्यक्तिबाट नियुक्त हुनुपर्छ?,पचास प्रतिशत।,मध्ये कम्तीमा ५० प्रतिशत
PSC006,English,"Besides government service experience, from which fields may the remaining Members of the Public Service Commission be appointed?","Science, technology, art, literature, law, public administration, sociology, or other spheres of national life.","Law, business, finance, engineering, and education."
PSC006,Nepali,सरकारी सेवा अनुभव बाहेक बाँकी सदस्यहरू कुन-कुन क्षेत्रमा प्रतिष्ठा प्राप्त व्यक्तिहरूमध्येबाट नियुक्त हुन सक्छन्?,"विज्ञान, प्रविधि, कला, साहित्य, कानून, सार्वजनिक प्रशासन, समाजशास्त्र वा राष्ट्रिय जीवनका अन्य क्षेत्र।","विशेषज्ञ, विज्ञ, योजनाकार।"
PSC007,English,What is the term of office of the Chairperson and Members of the Public Service Commission?,Six years from the date of appointment.,"Non-permanent, subject to retirement and removal."
PSC007,Nepali,लोक सेवा आयोगका अध्यक्ष र सदस्यहरूको पदावधि कति हुन्छ?,नियुक्तिको मितिदेखि छ वर्ष।,पदावधि पुर्ण भएपछि त्यसको ६ महिनासम्म।
PSC008,English,Can a Member of the Public Service Commission be appointed as Chairperson after serving as a Member?,Yes.,Yes.
PSC008,Nepali,लोक सेवा आयोगको सदस्य अध्यक्ष पदमा नियुक्त हुन सक्छ?,सक्छ।,नहुँ।
PSC009,English,To whom must a Chairperson or Member submit a written resignation to vacate office?,The President.,The presiding officer of the Senate.
PSC009,Nepali,अध्यक्ष वा सदस्यले पद रिक्त गराउन लिखित राजीनामा कसलाई दिनुपर्छ?,राष्ट्रपति।,संविधानसभा अध्यक्ष वा सदस्यले पद रिक्त गराउन लिखित राजीनामा राष्ट्रपतिकाहरूलाई दिनुपर्छ।
PSC010,English,At what age does the office of the Chairperson or Member of the Public Service Commission become vacant?,Sixty-five years.,Upon retirement.
PSC010,Nepali,लोक सेवा आयोगका अध्यक्ष वा सदस्य कुन उमेर पुगेपछि पद रिक्त हुन्छ?,पैंसठ्ठी वर्ष।,६५ वर्ष
PSC011,English,What educational qualification is required for appointment as Chairperson or Member of the Public Service Commission?,Master's degree from a recognized university.,A law degree or equivalent qualification.
PSC011,Nepali,लोक सेवा आयोगको अध्यक्ष वा सदस्य नियुक्तिका लागि कस्तो शैक्षिक योग्यता आवश्यक छ?,मान्यता प्राप्त विश्वविद्यालयबाट स्नातकोत्तर उपाधि।,लोक सेवा आयोगको अध्यक्ष वा सदस्य नियुक्तिका लागि न्यूनतममा स्नातक डिग्री आवश्यक छ।
PSC012,English,Is a person who is a member of a political party at the time of appointment eligible to become Chairperson or Member of the Public Service Commission?,No.,"Yes, if they remain a member of the party."
PSC012,Nepali,नियुक्तिको समयमा राजनीतिक दलको सदस्य रहेको व्यक्ति लोक सेवा आयोगको अध्यक्ष वा सदस्य बन्न योग्य हुन्छ?,हुँदैन।,हुँदैन।
PSC013,English,What is the main duty of the Public Service Commission regarding Civil Service positions?,Conduct examinations for selection of suitable candidates.,To appoint qualified individuals to civil service positions.
PSC013,Nepali,लोक सेवा आयोगको निजामती सेवाका पद सम्बन्धी मुख्य कर्तव्य के हो?,उपयुक्त उम्मेदवार छनोटका लागि परीक्षा सञ्चालन गर्नु।,अदालतको आदेश पालना गर्ने र देशको विकासमा योगदान गर्ने।
PSC014,English,"Under Article 243, do positions in the Army, Nepal Police, and Armed Police Force fall under the definition of Civil Service positions?",No.,No.
PSC014,Nepali,"धारा २४३ अनुसार सेना, नेपाल प्रहरी र सशस्त्र प्रहरी बलका पदहरू निजामती सेवाको पदभित्र पर्छन्?",पर्दैनन्।,भर्बरै हो।
PSC015,English,"What type of examinations does the Public Service Commission conduct for Nepal Army, Nepal Police, Armed Police Force, and other Federal governmental services?",Written examinations.,"Written, Physical, and Psychological examinations."
PSC015,Nepali,"नेपाली सेना, नेपाल प्रहरी, सशस्त्र प्रहरी बल र अन्य संघीय सरकारी सेवाका लागि लोक सेवा आयोगले कस्तो परीक्षा सञ्चालन गर्छ?",लिखित परीक्षा।,लोक सेवा आयोगले खुला प्रतिस्पर्धात्मक परीक्षा सञ्चालन गर्छ।
PSC016,English,"For what employment decisions in Nepal Army, Nepal Police, Armed Police Force, and other Federal services must the Public Service Commission be consulted?",General principles of appointment and promotion.,All employment decisions.
PSC016,Nepali,"नेपाली सेना, नेपाल प्रहरी, सशस्त्र प्रहरी बल र अन्य संघीय सेवामा कुन-कुन निर्णयका लागि लोक सेवा आयोगसँग परामर्श गर्नुपर्छ?",नियुक्ति र बढुवाका सामान्य सिद्धान्त।,उच्च तहका नियुक्ति।
PSC017,English,For how long must a Federal Civil Service appointment candidate be considered before consultation regarding suitability is required?,For appointment for a period of more than six months.,60 days
PSC017,Nepali,संघीय निजामती सेवाको उम्मेदवारको उपयुक्ततासम्बन्धी परामर्श कहिले आवश्यक हुन्छ?,छ महिनाभन्दा बढी अवधिको नियुक्तिका लागि।,आवश्यकतानुसार।
PSC018,English,Does each State have a State Public Service Commission under the Constitution?,Yes.,No.
PSC018,Nepali,संविधानअनुसार प्रत्येक प्रदेशमा प्रदेश लोक सेवा आयोग हुन्छ?,हुन्छ।,हाँहाँ।
PSC019,English,"What determines the functions, duties, and powers of the State Public Service Commission?",State law.,Statutes and constitutional provisions.
PSC019,Nepali,"प्रदेश लोक सेवा आयोगको काम, कर्तव्य र अधिकार केद्वारा निर्धारण हुन्छ?",प्रदेश कानून।,"प्रदेश लोक सेवा आयोगको काम, कर्तव्य र अधिकार प्रदेश लोक सेवा आयोग ऐन, २०७४ द्वारा निर्धारण हुन्छ।"
PSC020,English,"Who determines the grounds and standards for the functions, duties, and powers of State Public Service Commissions?",Federal Parliament by law.,The Constitution of India.
PSC020,Nepali,"प्रदेश लोक सेवा आयोगको काम, कर्तव्य र अधिकारका लागि आधार र मापदण्ड कसले निर्धारण गर्छ?",संघीय संसदले कानूनद्वारा।,"प्रदेश लोक सेवा आयोगको काम, कर्तव्य र अधिकारका लागि आधार र मापदण्ड आयोगको गठन गर्ने निकायले निर्धारण गर्छ।"
EC001,English,What constitutional body is established under Article 245?,Election Commission of Nepal.,The Reserve Bank of India
EC001,Nepali,धारा २४५ अन्तर्गत कुन संवैधानिक निकायको स्थापना गरिएको छ?,नेपालको निर्वाचन आयोग।,भर्ती आयोग तथा तालिम केन्द्र।
EC002,English,"How many Commissioners, including the Chief Election Commissioner, constitute the Election Commission?",Five Commissioners.,Three
EC002,Nepali,प्रमुख निर्वाचन आयुक्तसहित निर्वाचन आयोगमा कति जना आयुक्त हुन्छन्?,पाँच जना आयुक्त।,३
EC003,English,Who acts as the chairperson of the Election Commission?,Chief Election Commissioner.,The current chairperson is Anjali Muneer.
EC003,Nepali,निर्वाचन आयोगको अध्यक्षको रूपमा कसले कार्य गर्छ?,प्रमुख निर्वाचन आयुक्त।,निर्वाचन आयोगको अध्यक्ष
EC004,English,Who appoints the Chief Election Commissioner and Commissioners?,The President.,The President of India.
EC004,Nepali,प्रमुख निर्वाचन आयुक्त र निर्वाचन आयुक्तहरूलाई कसले नियुक्त गर्छ?,राष्ट्रपति।,राष्ट्रपतिले नियुक्त गर्छन्।
EC005,English,On whose recommendation are the Chief Election Commissioner and Commissioners appointed?,Constitutional Council.,The President of India
EC005,Nepali,प्रमुख निर्वाचन आयुक्त र निर्वाचन आयुक्तहरू कसको सिफारिसमा नियुक्त हुन्छन्?,संवैधानिक परिषद्।,राष्ट्रपतिको सिफारिसमा।
EC006,English,What is the term of office of the Chief Election Commissioner and Commissioners?,Six years from the date of appointment.,Six years
EC006,Nepali,प्रमुख निर्वाचन आयुक्त र निर्वाचन आयुक्तहरूको पदावधि कति हुन्छ?,नियुक्तिको मितिदेखि छ वर्ष।,चार वर्ष
EC007,English,To whom must the Chief Election Commissioner or Commissioner submit a written resignation to vacate office?,The President.,The President
EC007,Nepali,पद रिक्त गराउन प्रमुख निर्वाचन आयुक्त वा निर्वाचन आयुक्तले लिखित राजीनामा कसलाई दिनुपर्छ?,राष्ट्रपति।,राष्ट्रपतिलाई।
EC008,English,At what age does the office of the Chief Election Commissioner or Commissioner become vacant?,Sixty-five years.,Upon the death or resignation of a Commissioner.
EC008,Nepali,कुन उमेर पुगेपछि प्रमुख निर्वाचन आयुक्त वा निर्वाचन आयुक्तको पद रिक्त हुन्छ?,पैंसठ्ठी वर्ष।,६५ वर्ष पुग्न पुगेपछि।
EC009,English,Which constitutional process can remove the Chief Election Commissioner or Commissioner before completion of tenure?,Impeachment under Article 101.,Impeachment
EC009,Nepali,पदावधि पूरा हुनुअघि प्रमुख निर्वाचन आयुक्त वा निर्वाचन आयुक्तलाई कुन संवैधानिक प्रक्रियाबाट हटाउन सकिन्छ?,धारा १०१ बमोजिम महाभियोग।,संवैधानिक विवादविच्छेद।
EC010,English,Who recommends removal of an Election Commissioner due to physical or mental illness preventing performance of duties?,Constitutional Council.,The Governor.
EC010,Nepali,शारीरिक वा मानसिक रोगका कारण कार्य गर्न असमर्थ भएमा निर्वाचन आयुक्त हटाउन कसले सिफारिस गर्छ?,संवैधानिक परिषद्।,निर्वाचन आयोगको प्रमुख।
EC011,English,Is a Commissioner appointed under Article 245(2) eligible for reappointment?,"No, not eligible.",Yes.
EC011,Nepali,धारा २४५(२) बमोजिम नियुक्त निर्वाचन आयुक्त पुनः नियुक्तिका लागि योग्य हुन्छ?,"होइन, योग्य हुँदैन।",हुनै।
EC012,English,Can a Commissioner later be appointed as the Chief Election Commissioner?,Yes.,Yes.
EC012,Nepali,के निर्वाचन आयुक्त पछि प्रमुख निर्वाचन आयुक्त नियुक्त हुन सक्छ?,सक्छ।,हाँय।
EC013,English,What minimum educational qualification is required for appointment as Chief Election Commissioner or Commissioner?,Bachelor's degree from a recognized university.,"A first-class Master's Degree in Law, Political Science, Public Administration, or a related field."
EC013,Nepali,प्रमुख निर्वाचन आयुक्त वा निर्वाचन आयुक्त नियुक्तिका लागि न्यूनतम शैक्षिक योग्यता के हो?,मान्यता प्राप्त विश्वविद्यालयबाट स्नातक उपाधि।,"लोकसभा सचिवालयको अनुसार, प्रमुख निर्वाचन आयुक्त वा निर्वाचन आयुक्त नियुक्तिका लागि न्यूनतम शैक्षिक योग्यतामा स्नातक डिग्री वा त्यसबाट समतुल्य डिग्री हुनुपर्छ।"
EC014,English,Can a member of a political party at the time of appointment become Chief Election Commissioner or Commissioner?,No.,No.
EC014,Nepali,नियुक्तिको समयमा राजनीतिक दलको सदस्य रहेको व्यक्ति प्रमुख निर्वाचन आयुक्त वा आयुक्त बन्न सक्छ?,सक्दैन।,हुनस सक्छ।
EC015,English,What minimum age is required for appointment as Chief Election Commissioner or Commissioner?,Forty-five years.,35 years
EC015,Nepali,प्रमुख निर्वाचन आयुक्त वा निर्वाचन आयुक्त नियुक्तिका लागि न्यूनतम उमेर कति हो?,पैँतालीस वर्ष।,३५ वर्ष।
EC016,English,"Which elections does the Election Commission conduct, supervise, direct, and control?","President, Vice-President, Federal Parliament, State Assembly, and Local level elections.",National and State Legislative Elections
EC016,Nepali,"निर्वाचन आयोगले कुन-कुन निर्वाचन सञ्चालन, अनुगमन, निर्देशन र नियन्त्रण गर्छ?","राष्ट्रपति, उपराष्ट्रपति, संघीय संसद, प्रदेश सभा र स्थानीय तहका निर्वाचन।",संघीय र प्रदेशसभाको निर्वाचन।
EC017,English,What electoral document does the Election Commission prepare for election purposes?,Electoral rolls.,Ballot paper
EC017,Nepali,निर्वाचन आयोगले निर्वाचन प्रयोजनका लागि कुन अभिलेख तयार गर्छ?,मतदाता नामावली।,निर्वाचन अभिलेख
EC018,English,Can the Election Commission conduct a referendum on matters of national importance?,Yes.,No.
EC018,Nepali,के निर्वाचन आयोगले राष्ट्रिय महत्वको विषयमा जनमत संग्रह गराउन सक्छ?,सक्छ।,"हो, निर्वाचन आयोगले राष्ट्रिय महत्वको विषयमा जनमत संग्रह गराउन सक्छ।"
EC019,English,Who decides a candidate qualification dispute arising after nomination but before declaration of election results?,Election Commission.,The Returning Officer.
EC019,Nepali,उम्मेदवारी दर्तापछि तर निर्वाचन परिणाम घोषणा हुनुअघि उम्मेदवारको योग्यतासम्बन्धी प्रश्न उठेमा निर्णय कसले गर्छ?,निर्वाचन आयोग।,निर्वाचन आयोग।
EC020,English,"Can the Election Commission delegate its functions, duties, and powers?","Yes, subject to specified conditions.",Yes.
EC020,Nepali,"के निर्वाचन आयोगले आफ्नो काम, कर्तव्य र अधिकार प्रत्यायोजन गर्न सक्छ?","सक्छ, तोकिएका सर्तहरूको अधीनमा।","हो, निर्वाचन आयोगले आफ्नो काम, कर्तव्य र अधिकार प्रत्यायोजन गर्न सक्छ।"
EC021,English,Which levels of government must provide assistance required by the Election Commission?,"Federal Government, State Governments, and Local Governments.",Central and State Governments
EC021,Nepali,निर्वाचन आयोगलाई आवश्यक सहयोग कुन-कुन तहका सरकारले उपलब्ध गराउनुपर्छ?,"संघ सरकार, प्रदेश सरकार र स्थानीय सरकार।","संघीय, राज्य तथा स्थानीय तह।"
EC022,English,Who provides employees and other assistance required for Election Commission functions?,"Government of Nepal, State Government, and Local Government.",Election Commission staff and support personnel.
EC022,Nepali,निर्वाचन आयोगको कार्यका लागि आवश्यक कर्मचारी र अन्य सहयोग कसले उपलब्ध गराउँछ?,"नेपाल सरकार, प्रदेश सरकार र स्थानीय सरकार।",सरकार।
EC023,English,"Is the Election Commission responsible only for Federal elections, or also State Assembly and Local level elections?","It is responsible for Federal, State Assembly, and Local level elections.",Only Federal elections.
EC023,Nepali,निर्वाचन आयोग संघीय निर्वाचन मात्र वा प्रदेश सभा र स्थानीय तहको निर्वाचन पनि जिम्मेवार हुन्छ?,"संघीय, प्रदेश सभा र स्थानीय तहका निर्वाचनका लागि जिम्मेवार हुन्छ।",सबैतिर।
EC024,English,Under what two legal sources does the Election Commission conduct elections and referendums?,Constitution and Federal law.,"The Constitution of India and the Representation of the People Act, 1951."
EC024,Nepali,निर्वाचन आयोगले निर्वाचन र जनमत संग्रह कुन दुई कानुनी आधारमा सञ्चालन गर्छ?,संविधान र संघीय कानून।,संविधान र संविधानको संशोधन ऐन।
EC025,English,Who decides candidate qualification disputes after nomination but before election results: Election Commission or courts?,Election Commission.,Election Commission
EC025,Nepali,उम्मेदवारीपछि निर्वाचन परिणाम घोषणा हुनुअघि उम्मेदवारको योग्यतासम्बन्धी विवादको निर्णय निर्वाचन आयोगले गर्छ वा अदालतले?,निर्वाचन आयोग।,निर्वाचन आयोग।
NHRC001,English,What constitutional body is established under Article 248 of the Constitution of Nepal?,National Human Rights Commission of Nepal.,Office of the Prime Minister and Government.
NHRC001,Nepali,नेपालको संविधानको धारा २४८ अन्तर्गत कुन संवैधानिक निकायको स्थापना गरिएको छ?,नेपालको राष्ट्रिय मानव अधिकार आयोग।,नेपालको न्याय परिषद्
NHRC002,English,"How many members, including the Chairperson, constitute the National Human Rights Commission?",Five members.,7
NHRC002,Nepali,अध्यक्षसहित राष्ट्रिय मानव अधिकार आयोगमा कति जना सदस्य हुन्छन्?,पाँच जना सदस्य।,७ जना
NHRC003,English,Who appoints the Chairperson and members of the National Human Rights Commission?,The President.,The President of India.
NHRC003,Nepali,राष्ट्रिय मानव अधिकार आयोगका अध्यक्ष र सदस्यहरूलाई कसले नियुक्त गर्छ?,राष्ट्रपति।,संविधानले नियुक्त गर्ने।
NHRC004,English,On whose recommendation are the Chairperson and members of the National Human Rights Commission appointed?,Constitutional Council.,The President
NHRC004,Nepali,राष्ट्रिय मानव अधिकार आयोगका अध्यक्ष र सदस्यहरू कसको सिफारिसमा नियुक्त हुन्छन्?,संवैधानिक परिषद्।,राष्ट्रपति
NHRC005,English,What is the term of office of the Chairperson and members of the National Human Rights Commission?,Six years from the date of appointment.,Five years
NHRC005,Nepali,राष्ट्रिय मानव अधिकार आयोगका अध्यक्ष र सदस्यहरूको पदावधि कति हुन्छ?,नियुक्तिको मितिदेखि छ वर्ष।,"अध्यक्ष: ६ वर्षे कार्यकाल
सदस्य: ५ वर्षे कार्यकाल"
NHRC006,English,Are the Chairperson and members of the National Human Rights Commission eligible for reappointment after completing their term?,"No, they are not eligible for reappointment.",Yes.
NHRC006,Nepali,राष्ट्रिय मानव अधिकार आयोगका अध्यक्ष र सदस्यहरू आफ्नो पदावधि पूरा गरेपछि पुनः नियुक्तिका लागि योग्य हुन्छन्?,"होइन, पुनः नियुक्तिका लागि योग्य हुँदैनन्।",नहुँ।
NHRC007,English,Can a member of the National Human Rights Commission be appointed as the Chairperson after serving as a member?,Yes.,Yes.
NHRC007,Nepali,राष्ट्रिय मानव अधिकार आयोगको सदस्य पदमा रहेको व्यक्ति पछि अध्यक्ष नियुक्त हुन सक्छ?,सक्छ।,नहुँ।
NHRC008,English,To whom must the Chairperson or member submit a written resignation to vacate office?,The President.,The presiding officer of the Senate.
NHRC008,Nepali,पद रिक्त गराउन राष्ट्रिय मानव अधिकार आयोगका अध्यक्ष वा सदस्यले लिखित राजीनामा कसलाई दिनुपर्छ?,राष्ट्रपति।,राष्ट्रपति/प्रधानमन्त्रीलाई।
NHRC009,English,Which constitutional process can cause the office of the Chairperson or member of the National Human Rights Commission to become vacant?,Impeachment under Article 101.,Removal by Parliament.
NHRC009,Nepali,राष्ट्रिय मानव अधिकार आयोगका अध्यक्ष वा सदस्यको पद कुन संवैधानिक प्रक्रियाबाट रिक्त हुन सक्छ?,धारा १०१ बमोजिम महाभियोग।,श्रमसम्बन्ध प्रक्रिया।
NHRC010,English,Who recommends removal of the Chairperson or member of the National Human Rights Commission due to physical or mental illness preventing performance of duties?,Constitutional Council.,The Chief Information Commissioner.
NHRC010,Nepali,शारीरिक वा मानसिक रोगका कारण कार्य गर्न असमर्थ भएमा राष्ट्रिय मानव अधिकार आयोगका अध्यक्ष वा सदस्यलाई हटाउन कसले सिफारिस गर्छ?,संवैधानिक परिषद्।,संविधानले सिफारिस गर्छ।
NHRC011,English,What qualification is required for a person to be appointed as Chairperson of the National Human Rights Commission if the person is a former Chief Justice or Supreme Court Judge?,Outstanding contribution to the protection and promotion of human rights.,A person must be a person who has served as a Chief Justice or Supreme Court Judge and has completed their tenure.
NHRC011,Nepali,सर्वोच्च अदालतको पूर्व प्रधान न्यायाधीश वा न्यायाधीश रहेको व्यक्तिलाई राष्ट्रिय मानव अधिकार आयोगको अध्यक्ष नियुक्त हुन के योग्यता आवश्यक हुन्छ?,मानव अधिकारको संरक्षण र प्रवर्द्धनमा उत्कृष्ट योगदान।,पूर्व न्यायाधीशलाई राष्ट्रिय मानव अधिकार आयोगको अध्यक्ष नियुक्त हुन सर्वोच्च अदालतको न्यायाधीश वा पूर्व प्रधान न्यायाधीश रहेको अनुभव आवश्यक हुन्छ।
NHRC012,English,How many years of active involvement and contribution are required for a renowned person to qualify as Chairperson of the National Human Rights Commission through the human rights contribution route?,At least twenty years.,Ten years
NHRC012,Nepali,मानव अधिकार क्षेत्रमा सक्रिय रहेको प्रतिष्ठित व्यक्तिलाई राष्ट्रिय मानव अधिकार आयोगको अध्यक्ष बन्न कति वर्षको सक्रियता र योगदान आवश्यक हुन्छ?,कम्तीमा बीस वर्ष।,"सामान्यतः, कम्तिमा १० वर्षको सक्रियता र योगदान।"
NHRC013,English,What is the difference between the qualification requirement for the Chairperson and a member of the National Human Rights Commission?,"The Chairperson requires specific senior judicial or outstanding human rights contribution qualifications, while a member requires involvement in human rights, child rights, or significant national contribution.","The Chairperson requires a higher educational qualification – a postgraduate degree – compared to a member, who only needs a Bachelor’s degree."
NHRC013,Nepali,राष्ट्रिय मानव अधिकार आयोगको अध्यक्ष र सदस्यको योग्यता आवश्यकतामा के फरक छ?,"अध्यक्षका लागि विशिष्ट न्यायिक वा मानव अधिकार योगदानसम्बन्धी योग्यता चाहिन्छ भने सदस्यका लागि मानव अधिकार, बाल अधिकार वा राष्ट्रिय जीवनका क्षेत्रमा योगदान आवश्यक हुन्छ।","अध्यक्षको योग्यता भनेको उनी कम्तिमा ४५ वर्षे हुनै पर्छ, कानुनमा उल्लिखित शैक्षिक योग्यता भएको हुनु पर्छ र कम्तिमा १० वर्षसम्मको सरकारी सेवामा नभएको हुनु पर्छ। सदस्यको योग्यता भनेको उनी कम्तिमा ३० वर्षे हुनै पर्छ, कानुनमा उल्लिखित शैक्षिक योग्यता भएको हुनु पर्छ र कम्तिमा ५ वर्षसम्मको सरकारी सेवामा नभएको हुनु पर्छ।"
NHRC014,English,What area of involvement is specifically mentioned for a person to qualify as a member of the National Human Rights Commission?,Protection and promotion of human rights or rights and interests of the child.,Human rights.
NHRC014,Nepali,राष्ट्रिय मानव अधिकार आयोगको सदस्य बन्न व्यक्तिको कुन क्षेत्रमा संलग्नता उल्लेख गरिएको छ?,मानव अधिकार वा बाल अधिकार तथा हितको संरक्षण र प्रवर्द्धन।,"कानून, न्याय, मनोविज्ञान, सामाजिक विज्ञान, मानव अधिकार, मानविकी।"
NHRC015,English,What minimum educational qualification is required for appointment as Chairperson or member of the National Human Rights Commission?,Bachelor's degree from a recognized university.,"A Master's degree in Law, Social Work, Social Sciences, or a related field."
NHRC015,Nepali,राष्ट्रिय मानव अधिकार आयोगको अध्यक्ष वा सदस्य नियुक्तिका लागि न्यूनतम शैक्षिक योग्यता के हो?,मान्यता प्राप्त विश्वविद्यालयबाट स्नातक उपाधि।,कान्पोन्मास्टरमा न्यूनतम शैक्षिक योग्यता LLB डिग्री हो।
NHRC016,English,What minimum age is required for appointment as Chairperson or member of the National Human Rights Commission?,Forty-five years.,45 years
NHRC016,Nepali,राष्ट्रिय मानव अधिकार आयोगको अध्यक्ष वा सदस्य नियुक्तिका लागि न्यूनतम उमेर कति हो?,पैँतालीस वर्ष।,४० वर्ष
NHRC017,English,Can a person who is a member of any political party at the time of appointment be appointed as Chairperson or member of the National Human Rights Commission?,No.,No.
NHRC017,Nepali,नियुक्तिको समयमा कुनै राजनीतिक दलको सदस्य रहेको व्यक्ति राष्ट्रिय मानव अधिकार आयोगको अध्यक्ष वा सदस्य बन्न सक्छ?,सक्दैन।,हुँदाहुँदाहुँदो छैन।
NHRC018,English,What moral requirement is required for appointment as Chairperson or member of the National Human Rights Commission?,High moral character.,A clean criminal record.
NHRC018,Nepali,राष्ट्रिय मानव अधिकार आयोगको अध्यक्ष वा सदस्य नियुक्तिका लागि कस्तो नैतिक आवश्यकता छ?,उच्च नैतिक चरित्र।,"राष्ट्रिय मानव अधिकार आयोगका अध्यक्ष वा सदस्य नियुक्तिका लागि उच्चतम नैतिक चरित्र, निष्पक्षता, सत्यनिष्ठा र मानव अधिकारको सम्मान गर्ने प्रतिबद्धता आवश्यक छ।"
NHRC019,English,Can the remuneration and conditions of service of the Chairperson and members of the National Human Rights Commission be altered to their disadvantage while they hold office?,No.,No.
NHRC019,Nepali,पदमा रहँदा राष्ट्रिय मानव अधिकार आयोगका अध्यक्ष र सदस्यहरूको पारिश्रमिक तथा सेवाका सर्तहरू प्रतिकूल परिवर्तन गर्न सकिन्छ?,सकिँदैन।,हुँदाहुँदासमेत प्रतिकूल परिवर्तन गर्न सकिन्छ।
NHRC020,English,What is the exception to the prohibition on disadvantageous alteration of remuneration and service conditions of the National Human Rights Commission members?,A state of emergency declared because of extreme economic disarrays.,Mutual consent.
NHRC020,Nepali,राष्ट्रिय मानव अधिकार आयोगका पदाधिकारीहरूको सेवाका सर्तहरू प्रतिकूल परिवर्तन गर्न नपाइने व्यवस्थाको अपवाद के हो?,चरम आर्थिक अव्यवस्थाका कारण संकटकाल घोषणा भएको अवस्था।,राष्ट्रिय मानव अधिकार आयोगका पदाधिकारीहरूको सेवाका सर्तहरू प्रतिकूल परिवर्तन गर्न नपाइने व्यवस्थाको अपवाद – संवैधानिक संशोधन।
NHRC021,English,What is the primary duty of the National Human Rights Commission?,"To respect, protect and promote human rights and ensure effective enforcement thereof.",To investigate human rights violations.
NHRC021,Nepali,राष्ट्रिय मानव अधिकार आयोगको मुख्य कर्तव्य के हो?,"मानव अधिकारको सम्मान, संरक्षण र प्रवर्द्धन गर्नु तथा त्यसको प्रभावकारी कार्यान्वयन सुनिश्चित गर्नु।",मानवाधिकारको संरक्षण र संवद्र्धन।
NHRC022,English,On what basis can the National Human Rights Commission investigate complaints of human rights violations?,"On its own initiative, on petition or complaint, or information received from any source.",Based on a reference to Article 25 of the Universal Declaration of Human Rights and the Indian Constitution.
NHRC022,Nepali,राष्ट्रिय मानव अधिकार आयोगले मानव अधिकार उल्लङ्घनसम्बन्धी उजुरी कुन आधारमा छानबिन गर्न सक्छ?,"आफ्नै पहलमा, निवेदन वा उजुरीमा, वा कुनै स्रोतबाट प्राप्त सूचनाको आधारमा।","श्रव्यगोचर, दृश्यगोचर, लिखित वा इलेक्ट्रोनिक माध्यमबाट प्राप्त सूचना।"
NHRC023,English,Who can present or send a complaint of human rights violation to the National Human Rights Commission?,A victim or any person on behalf of the victim.,Any person.
NHRC023,Nepali,मानव अधिकार उल्लङ्घनसम्बन्धी उजुरी राष्ट्रिय मानव अधिकार आयोगमा कसले प्रस्तुत वा पठाउन सक्छ?,पीडित वा पीडितको तर्फबाट कुनै व्यक्ति।,कुनै पनि व्यक्ति।
NHRC024,English,What recommendation can the National Human Rights Commission make against perpetrators of human rights violations?,Recommendation for action against perpetrators.,Criminal prosecution.
NHRC024,Nepali,मानव अधिकार उल्लङ्घन गर्ने व्यक्तिविरुद्ध राष्ट्रिय मानव अधिकार आयोगले कस्तो सिफारिस गर्न सक्छ?,उल्लङ्घनकर्ताविरुद्ध कारबाहीको सिफारिस।,"राष्ट्रिय मानव अधिकार आयोगले पीडितलाई क्षतिपूर्ति दिनु, दोषीलाई कारवाही लगाउनु र भविष्यमा यस्ता घटना नदोहৰाइएको सुनिश्चित गर्न उपाय लिने लगायतका सिफारिस गर्न सक्छ।"
NHRC025,English,"If an official responsible for preventing human rights violations fails to perform their duty, what action can the National Human Rights Commission recommend?",Departmental action against the official.,Referral to law enforcement and/or disciplinary action.
NHRC025,Nepali,मानव अधिकार उल्लङ्घन रोक्ने जिम्मेवारी भएको अधिकारीले आफ्नो कर्तव्य पूरा नगरेमा आयोगले के सिफारिस गर्न सक्छ?,सम्बन्धित अधिकारीमाथि विभागीय कारबाही।,अधिकारीलाई निलम्बाण गर्न सिफारिस गर्न सक्छ।
NHRC026,English,What can the National Human Rights Commission recommend if a case needs to be filed against a person or organization violating human rights?,Recommendation to file a case in court according to law.,The NHRC can recommend filing a case with a court.
NHRC026,Nepali,मानव अधिकार उल्लङ्घन गर्ने व्यक्ति वा संस्थाविरुद्ध मुद्दा चलाउन आवश्यक भए आयोगले के सिफारिस गर्न सक्छ?,कानून बमोजिम अदालतमा मुद्दा दायर गर्न सिफारिस।,आयोग क्षतिपूर्ति सिफारिस गर्न सक्छ।
NHRC027,English,Does the National Human Rights Commission have the same powers as a court regarding summoning persons and recording statements?,"Yes, for those specified purposes.",No.
NHRC027,Nepali,के राष्ट्रिय मानव अधिकार आयोगसँग व्यक्तिलाई उपस्थित गराउने र बयान लिने विषयमा अदालतसरह अधिकार हुन्छ?,"हुन्छ, तोकिएका प्रयोजनका लागि।","हाँसो, राष्ट्रिय मानव अधिकार आयोगसँग अदालतसरह अधिकार हुँदैन।"
NHRC028,English,Can the National Human Rights Commission search a person's residence or office without notice when it receives information of serious human rights violations?,Yes.,"Yes, under specific circumstances."
NHRC028,Nepali,गम्भीर मानव अधिकार उल्लङ्घन भएको सूचना पाएमा राष्ट्रिय मानव अधिकार आयोगले सूचना नदिई व्यक्तिको घर वा कार्यालय खानतलासी गर्न सक्छ?,सक्छ।,नहुँ।
NHRC029,English,What immediate action may the National Human Rights Commission take when human rights of a person are being violated and immediate action is necessary?,Enter any government office or other place without notice and rescue the person.,Investigate and issue a public report.
NHRC029,Nepali,कुनै व्यक्तिको मानव अधिकार उल्लङ्घन भइरहेको अवस्थामा तत्काल कारबाही आवश्यक भए आयोगले के गर्न सक्छ?,सूचना नदिई सरकारी कार्यालय वा अन्य स्थानमा प्रवेश गरी व्यक्तिको उद्धार गर्न सक्छ।,आ комиссииले छानबीन गर्न र सुगा administración गर्छ।
NHRC030,English,Can the National Human Rights Commission order compensation to a victim of human rights violations?,"Yes, in accordance with law.",Yes.
NHRC030,Nepali,के राष्ट्रिय मानव अधिकार आयोगले मानव अधिकार उल्लङ्घनका पीडितलाई क्षतिपूर्ति उपलब्ध गराउन आदेश दिन सक्छ?,"सक्छ, कानून बमोजिम।",हाँय। राष्ट्रिय मानव अधिकार आयोगले क्षतिपूर्ति उपलब्ध गराउन आदेश दिन सक्छ।
NNRFC001,English,What constitutional body is established under Article 250 of the Constitution of Nepal?,National Natural Resources and Fiscal Commission of Nepal.,Office of the Auditor General
NNRFC001,Nepali,नेपालको संविधानको धारा २५० अन्तर्गत कुन संवैधानिक निकायको स्थापना गरिएको छ?,नेपालको राष्ट्रिय प्राकृतिक स्रोत तथा वित्त आयोग।,भर्ती आयोग
NNRFC002,English,"What is the maximum number of members, including the Chairperson, in the National Natural Resources and Fiscal Commission?",Five members.,13
NNRFC002,Nepali,राष्ट्रिय प्राकृतिक स्रोत तथा वित्त आयोगमा अध्यक्षसहित अधिकतम कति जना सदस्य हुन्छन्?,पाँच जना सदस्य।,७
NNRFC003,English,Who appoints the Chairperson and members of the National Natural Resources and Fiscal Commission?,The President.,The Speaker of the House.
NNRFC003,Nepali,राष्ट्रिय प्राकृतिक स्रोत तथा वित्त आयोगका अध्यक्ष र सदस्यहरूलाई कसले नियुक्त गर्छ?,राष्ट्रपति।,प्रधानमन्त्री
NNRFC004,English,On whose recommendation does the President appoint the Chairperson and members of the National Natural Resources and Fiscal Commission?,Constitutional Council.,The Speaker of the House.
NNRFC004,Nepali,राष्ट्रपतिले राष्ट्रिय प्राकृतिक स्रोत तथा वित्त आयोगका अध्यक्ष र सदस्यहरूलाई कसको सिफारिसमा नियुक्त गर्छन्?,संवैधानिक परिषद्।,राष्ट्रपतिले राष्ट्रिय प्राकृतिक स्रोत तथा वित्त आयोगका अध्यक्ष र सदस्यहरूलाई संसद्को सिफारिसमा नियुक्त गर्छन्।
NNRFC005,English,What is the term of office of the Chairperson and members of the National Natural Resources and Fiscal Commission?,Six years from the date of appointment.,Six years
NNRFC005,Nepali,राष्ट्रिय प्राकृतिक स्रोत तथा वित्त आयोगका अध्यक्ष र सदस्यहरूको पदावधि कति हुन्छ?,नियुक्तिको मितिदेखि छ वर्ष।,पदावधि दुई वर्ष।
NNRFC006,English,To whom must the Chairperson or member submit a written resignation to vacate office?,The President.,The Presiding Officer
NNRFC006,Nepali,पद रिक्त गराउन राष्ट्रिय प्राकृतिक स्रोत तथा वित्त आयोगका अध्यक्ष वा सदस्यले लिखित राजीनामा कसलाई दिनुपर्छ?,राष्ट्रपति।,प्रधानमन्त्रीलाई।
NNRFC007,English,At what age does the office of the Chairperson or member of the National Natural Resources and Fiscal Commission become vacant?,Sixty-five years.,Upon death or resignation.
NNRFC007,Nepali,कुन उमेर पुगेपछि राष्ट्रिय प्राकृतिक स्रोत तथा वित्त आयोगका अध्यक्ष वा सदस्यको पद रिक्त हुन्छ?,पैंसठ्ठी वर्ष।,६५ वर्ष पुग्नुको सीमान्त।
NNRFC008,English,Which constitutional process can make the office of the Chairperson or member of the National Natural Resources and Fiscal Commission vacant before completion of tenure?,Impeachment under Article 101.,Impeachment
NNRFC008,Nepali,पदावधि पूरा हुनुअघि राष्ट्रिय प्राकृतिक स्रोत तथा वित्त आयोगका अध्यक्ष वा सदस्यको पद कुन संवैधानिक प्रक्रियाबाट रिक्त हुन सक्छ?,धारा १०१ बमोजिम महाभियोग।,संवैधानिक प्रक्रिया द्वारा
NNRFC009,English,Who recommends removal of the Chairperson or member of the National Natural Resources and Fiscal Commission due to physical or mental illness preventing performance of duties?,Constitutional Council.,The Speaker of the House.
NNRFC009,Nepali,शारीरिक वा मानसिक रोगका कारण कार्य गर्न असमर्थ भएमा राष्ट्रिय प्राकृतिक स्रोत तथा वित्त आयोगका अध्यक्ष वा सदस्यलाई हटाउन कसले सिफारिस गर्छ?,संवैधानिक परिषद्।,राष्ट्रपति।
NNRFC010,English,What happens to the office of the Chairperson or member of the National Natural Resources and Fiscal Commission if the person dies?,The office becomes vacant.,The vacancy is filled by a temporary replacement appointed by the Speaker of the House.
NNRFC010,Nepali,राष्ट्रिय प्राकृतिक स्रोत तथा वित्त आयोगका अध्यक्ष वा सदस्यको मृत्यु भएमा पदको अवस्था के हुन्छ?,पद रिक्त हुन्छ।,पद रिक्त हुन्छ।
NNRFC011,English,Are the Chairperson and members of the National Natural Resources and Fiscal Commission eligible for reappointment after completing their term?,"No, they are not eligible for reappointment.",Yes.
NNRFC011,Nepali,राष्ट्रिय प्राकृतिक स्रोत तथा वित्त आयोगका अध्यक्ष र सदस्यहरू पदावधि पूरा गरेपछि पुनः नियुक्तिका लागि योग्य हुन्छन्?,"होइन, पुनः नियुक्तिका लागि योग्य हुँदैनन्।","नहीं, राष्ट्रिय प्राकृतिक स्रोत तथा वित्त आयोगका अध्यक्ष र सदस्यहरू पदावधि पूरा गरेपछि पुनः नियुक्तिका लागि योग्य हुँदैनन्।"
NNRFC012,English,Can a member of the National Natural Resources and Fiscal Commission be appointed as the Chairperson after serving as a member?,Yes.,Yes.
NNRFC012,Nepali,राष्ट्रिय प्राकृतिक स्रोत तथा वित्त आयोगको सदस्य पछि अध्यक्ष पदमा नियुक्त हुन सक्छ?,सक्छ।,हुनस सक्छ।
NNRFC013,English,What educational and professional experience requirement is specified for appointment as Chairperson or member of the National Natural Resources and Fiscal Commission?,A bachelor's degree in a relevant subject from a recognized university and at least twenty years of expertise in specified fields.,A university degree in a relevant field and at least seven years of relevant experience.
NNRFC013,Nepali,राष्ट्रिय प्राकृतिक स्रोत तथा वित्त आयोगको अध्यक्ष वा सदस्य नियुक्तिका लागि शैक्षिक तथा व्यावसायिक अनुभवसम्बन्धी कस्तो योग्यता आवश्यक छ?,मान्यता प्राप्त विश्वविद्यालयबाट सम्बन्धित विषयमा स्नातक उपाधि र तोकिएका क्षेत्रमा कम्तीमा बीस वर्षको विशेषज्ञता।,न्यायिक वा कानूनी क्षेत्रमा न्यूनतम १५ वर्षे अनुभव।
NNRFC014,English,"How many years of expertise must a person have in natural resources, fiscal management, economics, law, or management to qualify for appointment?",At least twenty years.,10 years
NNRFC014,Nepali,"राष्ट्रिय प्राकृतिक स्रोत, वित्त व्यवस्थापन, अर्थशास्त्र, कानून वा व्यवस्थापन क्षेत्रमा नियुक्तिका लागि कति वर्षको विशेषज्ञता आवश्यक छ?",कम्तीमा बीस वर्ष।,सामान्यतः ५-१० वर्ष।
NNRFC015,English,Which fields are specifically mentioned for gaining expertise for appointment to the National Natural Resources and Fiscal Commission?,"Natural resources, fiscal management, economics, law, and management.","Economics, finance, environmental science, and natural resource management."
NNRFC015,Nepali,राष्ट्रिय प्राकृतिक स्रोत तथा वित्त आयोगमा नियुक्तिका लागि विशेषज्ञता प्राप्त गर्न कुन-कुन क्षेत्र उल्लेख गरिएको छ?,"प्राकृतिक स्रोत, वित्त व्यवस्थापन, अर्थशास्त्र, कानून र व्यवस्थापन।","अर्थशास्त्र, भूगोल, खनिज विज्ञान, जल विज्ञान, पर्यावरण विज्ञान, र वित्त।"
NNRFC016,English,Can a person who is a member of a political party at the time of appointment become Chairperson or member of the National Natural Resources and Fiscal Commission?,No.,Yes.
NNRFC016,Nepali,नियुक्तिको समयमा राजनीतिक दलको सदस्य रहेको व्यक्ति राष्ट्रिय प्राकृतिक स्रोत तथा वित्त आयोगको अध्यक्ष वा सदस्य बन्न सक्छ?,सक्दैन।,"हो, सक्छ।"
NNRFC017,English,What minimum age is required for appointment as Chairperson or member of the National Natural Resources and Fiscal Commission?,Forty-five years.,35 years old
NNRFC017,Nepali,राष्ट्रिय प्राकृतिक स्रोत तथा वित्त आयोगको अध्यक्ष वा सदस्य नियुक्तिका लागि न्यूनतम उमेर कति हो?,पैँतालीस वर्ष।,४० वर्ष
NNRFC018,English,What moral requirement is required for appointment as Chairperson or member of the National Natural Resources and Fiscal Commission?,High moral character.,"Applicants must be a registered voter and have demonstrated experience in natural resources, fiscal management, or related fields."
NNRFC018,Nepali,राष्ट्रिय प्राकृतिक स्रोत तथा वित्त आयोगको अध्यक्ष वा सदस्य नियुक्तिका लागि कस्तो नैतिक आवश्यकता तोकिएको छ?,उच्च नैतिक चरित्र।,"राष्ट्रिय प्राकृतिक स्रोत तथा वित्त आयोगका अध्यक्ष तथा सदस्यहरूलाई ईमान्दारी, निष्पक्षता, र व्यावसायिकताको उच्च मापदণ্ড तोकिएको छ।"
NNRFC019,English,Can the remuneration and conditions of service of the Chairperson and members of the National Natural Resources and Fiscal Commission be altered to their disadvantage while they hold office?,No.,No.
NNRFC019,Nepali,पदमा रहँदा राष्ट्रिय प्राकृतिक स्रोत तथा वित्त आयोगका अध्यक्ष र सदस्यहरूको पारिश्रमिक तथा सेवाका सर्तहरू प्रतिकूल परिवर्तन गर्न सकिन्छ?,सकिँदैन।,"हो, पदमा रहँदा प्रतिकूल परिवर्तन गर्न सकिन्छ।"
NNRFC020,English,What is the exception to the protection against disadvantageous alteration of remuneration and conditions of service of the Commission members?,A state of emergency declared because of extreme economic disarrays.,A Commission member’s remuneration and conditions of service can be altered if they consent.
NNRFC020,Nepali,आयोगका अध्यक्ष र सदस्यहरूको सेवाका सर्तहरू प्रतिकूल परिवर्तन गर्न नपाइने व्यवस्थाको अपवाद के हो?,चरम आर्थिक अव्यवस्थाका कारण संकटकाल घोषणा भएको अवस्था।,आयोगको अध्यक्ष र सदस्यहरूको सेवाका सर्तहरू प्रतिकूल परिवर्तन गर्न नपाइने व्यवस्थाको अपवाद आयोगले सो सर्तहरू आवश्यक छ भने।
NNRFC021,English,What is the responsibility of the National Natural Resources and Fiscal Commission regarding revenue distribution from the Federal Consolidated Fund?,"To determine detailed basis and modality for distribution of revenues between Federal, State and Local Governments.",To advise the House and Senate on the allocation of revenue from the Federal Consolidated Fund.
NNRFC021,Nepali,संघीय सञ्चित कोषबाट हुने राजस्व वितरण सम्बन्धमा राष्ट्रिय प्राकृतिक स्रोत तथा वित्त आयोगको जिम्मेवारी के हो?,"संघ, प्रदेश र स्थानीय सरकारबीच राजस्व वितरणको विस्तृत आधार र ढाँचा निर्धारण गर्नु।",राष्ट्रिय प्राकृतिक स्रोत तथा वित्त आयोग राजस्व वितरणको अनुगमन गर्छ।
NNRFC022,English,From which fund does the National Natural Resources and Fiscal Commission recommend equalization grants to State and Local Governments?,Federal Consolidated Fund.,Treasury General Fund
NNRFC022,Nepali,राष्ट्रिय प्राकृतिक स्रोत तथा वित्त आयोगले प्रदेश र स्थानीय सरकारलाई समानीकरण अनुदान कुन कोषबाट उपलब्ध गराउन सिफारिस गर्छ?,संघीय सञ्चित कोष।,राज्य वित्त आयोग
NNRFC023,English,What type of grants does the National Natural Resources and Fiscal Commission study and prepare parameters for based on national policies and programs?,Conditional grants.,Environmental and fiscal grants.
NNRFC023,Nepali,राष्ट्रिय नीति तथा कार्यक्रमका आधारमा राष्ट्रिय प्राकृतिक स्रोत तथा वित्त आयोगले कुन प्रकारका अनुदानका लागि मापदण्ड तयार गर्छ?,सशर्त अनुदान।,पाँच वर्षे योजनाको आधारमा।
NNRFC024,English,What is the difference between revenue distribution from the Federal Consolidated Fund and revenue distribution from the State Consolidated Fund under the functions of the Commission?,"Federal Consolidated Fund distribution is between Federal, State and Local Governments, while State Consolidated Fund distribution is between State and Local Governments.","Federal Consolidated Fund revenue is distributed to states based on formulas primarily tied to population and Medicare-Medicaid funding. State Consolidated Fund revenue is primarily derived from state taxes and fees, distributed through state-determined formulas and appropriations."
NNRFC024,Nepali,आयोगको कार्यअन्तर्गत संघीय सञ्चित कोष र प्रदेश सञ्चित कोषबाट हुने राजस्व वितरणमा के फरक छ?,"संघीय सञ्चित कोषबाट हुने वितरण संघ, प्रदेश र स्थानीय सरकारबीच हुन्छ भने प्रदेश सञ्चित कोषबाट हुने वितरण प्रदेश र स्थानीय सरकारबीच हुन्छ।","संघीय सञ्चित कोषबाट हुने राजस्व वितरण प्रदेश सञ्चित कोषको तुलनामा संघीय सरकारका निकायलाई दिइन्छ, जबकि प्रदेश सञ्चित कोषबाट हुने राजस्व वितरण प्रदेश सरकारलाई दिइन्छ।"
NNRFC025,English,What does the National Natural Resources and Fiscal Commission recommend regarding government expenditures and revenue collection?,"Measures to meet expenditures of Federal, State and Local Governments and reforms in revenue collection.","Increased revenue collection through tax reform and targeted spending on infrastructure, research, and environmental protection."
NNRFC025,Nepali,सरकारी खर्च र राजस्व सङ्कलन सम्बन्धमा राष्ट्रिय प्राकृतिक स्रोत तथा वित्त आयोगले के सिफारिस गर्छ?,"संघ, प्रदेश र स्थानीय सरकारको खर्च पूरा गर्ने उपाय र राजस्व सङ्कलन सुधारका उपाय।",प्राकृतिक स्रोतको आम्दानीबाट आर्बरित राजस्व प्राकृतिक स्रोतको प्रयोगमाथि पूर्ण रूपमा रोक लगाउनु पर्दैन।
NNRFC026,English,What does the National Natural Resources and Fiscal Commission recommend after analyzing macro-economic indicators?,Ceiling of internal loans that governments can borrow.,Increased investment in natural resources and fiscal policy adjustments.
NNRFC026,Nepali,समष्टिगत आर्थिक सूचकहरूको विश्लेषण गरेपछि राष्ट्रिय प्राकृतिक स्रोत तथा वित्त आयोगले के सिफारिस गर्छ?,सरकारले लिन सक्ने आन्तरिक ऋणको सीमा।,सतत आर्थिक विकासको लागि प्राथमिकता दिइएको क्षेत्रमा लगानी वृद्धि गर्न सिफारिस गर्छ।
NNRFC027,English,What does the National Natural Resources and Fiscal Commission do regarding the basis of revenue distribution between the Federal and State Governments?,Reviews the basis and recommends revision.,"The National Natural Resources and Fiscal Commission recommends a formula-based distribution of federal revenue to states, primarily based on factors like population and energy resource values."
NNRFC027,Nepali,संघ र प्रदेश सरकारबीच राजस्व बाँडफाँडको आधार सम्बन्धमा राष्ट्रिय प्राकृतिक स्रोत तथा वित्त आयोगले के गर्छ?,आधारको पुनरावलोकन गरी संशोधनको सिफारिस गर्छ।,राजस्व बाँडफाँडको आधार तय गर्छ।
NNRFC028,English,What does the National Natural Resources and Fiscal Commission determine regarding investments and returns from natural resource mobilization?,"Bases for determining shares of Federal, State and Local Governments.",The National Natural Resources and Fiscal Commission determines the investment strategy and projected returns for natural resource mobilization.
NNRFC028,Nepali,प्राकृतिक स्रोतको परिचालनबाट हुने लगानी र प्रतिफलमा राष्ट्रिय प्राकृतिक स्रोत तथा वित्त आयोगले के निर्धारण गर्छ?,"संघ, प्रदेश र स्थानीय सरकारको हिस्साको निर्धारण गर्ने आधार।",राष्ट्रिय प्राकृतिक स्रोत तथा वित्त आयोग लगानी र प्रतिफलबीचको उचित तालमेल सुनिश्चित गर्छ।
NNRFC029,English,What type of disputes does the National Natural Resources and Fiscal Commission study and research to provide suggestions for coordinated prevention?,"Possible disputes between Federation and States, between States, between State and Local level, and between Local levels.",Disputes related to natural resources and fiscal issues.
NNRFC029,Nepali,राष्ट्रिय प्राकृतिक स्रोत तथा वित्त आयोगले समन्वयात्मक रोकथामका लागि कस्ता विवादमा अध्ययन तथा अनुसन्धान गर्छ?,"संघ र प्रदेशबीच, प्रदेशहरूबीच, प्रदेश र स्थानीय तहबीच तथा स्थानीय तहहरूबीच हुन सक्ने विवाद।",पानी र ऊर्जाको विवाद
NNRFC030,English,What study must the National Natural Resources and Fiscal Commission conduct regarding distribution of natural resources?,Study and research on required environmental impact assessment.,An inquiry into the distribution of natural resources.
NNRFC030,Nepali,प्राकृतिक स्रोतको वितरण सम्बन्धमा राष्ट्रिय प्राकृतिक स्रोत तथा वित्त आयोगले कस्तो अध्ययन गर्नुपर्छ?,आवश्यक वातावरणीय प्रभाव मूल्याङ्कनसम्बन्धी अध्ययन तथा अनुसन्धान।,"राष्ट्रिय प्राकृतिक स्रोत तथा वित्त आयोगले प्राकृतिक स्रोतको वितरणको कारण, आवश्यकता, प्रयोग र त्यसको सामाजिक-आर्थिक प्रभावको अध्ययन गर्नुपर्छ।"
OC001,English,What constitutional body is established under Article 252 of the Constitution of Nepal?,National Women Commission of Nepal.,Constitutional Commission
OC001,Nepali,नेपालको संविधानको धारा २५२ अन्तर्गत कुन संवैधानिक निकायको स्थापना गरिएको छ?,नेपालको राष्ट्रिय महिला आयोग।,संवैधानिक जाँचikomिटी
OC002,English,"How many members, including the Chairperson, constitute the National Women Commission?",Five members.,5
OC002,Nepali,राष्ट्रिय महिला आयोगमा अध्यक्षसहित कति जना सदस्य हुन्छन्?,पाँच जना सदस्य।,१५
OC003,English,Who appoints the Chairperson and members of the National Women Commission?,The President.,The Central Government.
OC003,Nepali,राष्ट्रिय महिला आयोगका अध्यक्ष र सदस्यहरूलाई कसले नियुक्त गर्छ?,राष्ट्रपति।,राष्ट्रपति।
OC004,English,On whose recommendation are the Chairperson and members of the National Women Commission appointed?,Constitutional Council.,The President
OC004,Nepali,राष्ट्रिय महिला आयोगका अध्यक्ष र सदस्यहरू कसको सिफारिसमा नियुक्त हुन्छन्?,संवैधानिक परिषद्।,राष्ट्रपति।
OC005,English,What is the term of office of the Chairperson and members of the National Women Commission?,Six years from the date of appointment.,Four years
OC005,Nepali,राष्ट्रिय महिला आयोगका अध्यक्ष र सदस्यहरूको पदावधि कति हुन्छ?,नियुक्तिको मितिदेखि छ वर्ष।,पदावधि दुईवटा कार्यकालको लागि चार वर्ष।
OC006,English,Are the Chairperson and members of the National Women Commission eligible for reappointment after completing their term?,"No, they are not eligible for reappointment.",Yes.
OC006,Nepali,राष्ट्रिय महिला आयोगका अध्यक्ष र सदस्यहरू पदावधि पूरा भएपछि पुनः नियुक्तिका लागि योग्य हुन्छन्?,"होइन, पुनः नियुक्तिका लागि योग्य हुँदैनन्।",नैन।
OC007,English,How many years of contribution in the relevant fields are required for a person to qualify for appointment as Chairperson or member of the National Women Commission?,At least ten years.,Ten years
OC007,Nepali,राष्ट्रिय महिला आयोगको अध्यक्ष वा सदस्य बन्न सम्बन्धित क्षेत्रमा कति वर्षको योगदान आवश्यक हुन्छ?,कम्तीमा दस वर्ष।,सम्बन्धित क्षेत्रमा कम्तिमा १० वर्ष।
OC008,English,In which fields must a woman have made outstanding contributions to qualify for appointment to the National Women Commission?,"Rights and interests of women, gender justice, women development, human rights, or law.","Human rights, social justice, women’s empowerment, and related fields."
OC008,Nepali,राष्ट्रिय महिला आयोगमा नियुक्तिका लागि महिलाले कुन-कुन क्षेत्रमा उत्कृष्ट योगदान गरेको हुनुपर्छ?,"महिलाको अधिकार तथा हित, लैङ्गिक न्याय, महिला विकास, मानव अधिकार वा कानून।","* कानुन
*सामाजिक कार्य
*राजनीति
*शिक्षा
*स्वास्थ्य
*विज्ञान तथा प्रविधि
*कला तथा संस्कृति"
OC009,English,What additional qualification is specifically required for the Chairperson of the National Women Commission compared to other members?,Holding a bachelor's degree from a recognized university.,Prior experience as a judge.
OC009,Nepali,राष्ट्रिय महिला आयोगका अन्य सदस्यको तुलनामा अध्यक्षका लागि थप कुन योग्यता आवश्यक छ?,मान्यता प्राप्त विश्वविद्यालयबाट स्नातक उपाधि।,अनुभव र नेतृत्व क्षमता।
OC010,English,What is the responsibility of the National Women Commission regarding policies and programs related to women's rights and interests?,To formulate policies and programs and submit them to the Government of Nepal for implementation.,To promote and protect the rights and interests of women in India.
OC010,Nepali,महिलाको अधिकार र हितसम्बन्धी नीति तथा कार्यक्रमका सम्बन्धमा राष्ट्रिय महिला आयोगको जिम्मेवारी के हो?,नीति तथा कार्यक्रम तर्जुमा गरी कार्यान्वयनका लागि नेपाल सरकारसमक्ष पेश गर्नु।,महिलाको अधिकार र हितसम्बन्धी नीति तथा कार्यक्रमको अनुगमन र मूल्याङ्कन गर्ने तथा लैङ्गिक विभेद विरुद्ध सचेतविaken राख्ने।
OC011,English,How does the National Women Commission monitor Nepal's obligations under international treaties related to women's rights?,By monitoring implementation and suggesting measures for effective compliance to the Government of Nepal.,"The National Women Commission monitors Nepal’s obligations through regular reporting, data analysis, and engagement with relevant government ministries, UN bodies, and civil society organizations."
OC011,Nepali,महिलाको अधिकारसम्बन्धी अन्तर्राष्ट्रिय सन्धिअन्तर्गत नेपालको दायित्वलाई राष्ट्रिय महिला आयोगले कसरी अनुगमन गर्छ?,कार्यान्वयनको अनुगमन गरी प्रभावकारी पालना र कार्यान्वयनका उपायसहित नेपाल सरकारलाई सुझाव दिने।,राष्ट्रिय महिला आयोगले राष्ट्रिय महिला अधिकार सन्धिअन्तर्गत नेपालको दायित्वको अनुगमन गर्छ।
OC012,English,What recommendation can the National Women Commission make when cases need to be filed regarding violence against women or deprivation of women's rights?,Recommendation to concerned bodies to file cases in courts according to law.,Encourage victims to file cases and provide support in navigating the legal process.
OC012,Nepali,महिला हिंसा वा महिलाको अधिकारबाट वञ्चित गरिएका विषयमा मुद्दा दायर गर्न आवश्यक भए राष्ट्रिय महिला आयोगले के सिफारिस गर्न सक्छ?,कानून बमोजिम सम्बन्धित निकायलाई अदालतमा मुद्दा दायर गर्न सिफारिस।,महिला हिंसा वा महिलाको अधिकारबाट वञ्चित गरिएका विषयमा मुद्दा दायर गर्न आवश्यक भए राष्ट्रिय महिला आयोगले छानबीन गर्न र उचित कदम चाल्न सिफारिस गर्न सक्छ।
OC013,English,What constitutional body is established under Article 255 of the Constitution of Nepal?,National Dalit Commission of Nepal.,Constitutional Court
OC013,Nepali,नेपालको संविधानको धारा २५५ अन्तर्गत कुन संवैधानिक निकायको स्थापना गरिएको छ?,नेपालको राष्ट्रिय दलित आयोग।,नेपाल कम्युनिस्ट पार्टी (नेकपा)
OC014,English,"How many members, including the Chairperson, constitute the National Dalit Commission?",Five members.,7
OC014,Nepali,राष्ट्रिय दलित आयोगमा अध्यक्षसहित कति जना सदस्य हुन्छन्?,पाँच जना सदस्य।,१७ जना
OC015,English,Who appoints the Chairperson and members of the National Dalit Commission?,The President.,The President of India.
OC015,Nepali,राष्ट्रिय दलित आयोगका अध्यक्ष र सदस्यहरूलाई कसले नियुक्त गर्छ?,राष्ट्रपति।,प्रधानमन्त्री
OC016,English,On whose recommendation are the Chairperson and members of the National Dalit Commission appointed?,Constitutional Council.,The President of India
OC016,Nepali,राष्ट्रिय दलित आयोगका अध्यक्ष र सदस्यहरू कसको सिफारिसमा नियुक्त हुन्छन्?,संवैधानिक परिषद्।,राष्ट्रपति।
OC017,English,What is the term of office of the Chairperson and members of the National Dalit Commission?,Six years from the date of appointment.,Four years
OC017,Nepali,राष्ट्रिय दलित आयोगका अध्यक्ष र सदस्यहरूको पदावधि कति हुन्छ?,नियुक्तिको मितिदेखि छ वर्ष।,"अध्यक्ष: ५ वर्ष
सदस्य: ३ वर्ष"
OC018,English,"How many years of outstanding contribution in the field of Dalit rights, human rights, or law are required for appointment to the National Dalit Commission?",At least ten years.,10 years
OC018,Nepali,"राष्ट्रिय दलित आयोगमा नियुक्तिका लागि दलित अधिकार, मानव अधिकार वा कानूनको क्षेत्रमा कति वर्षको उत्कृष्ट योगदान आवश्यक हुन्छ?",कम्तीमा दस वर्ष।,कमैंसमा कम्तिमा १० वर्ष।
OC019,English,In which fields must a person have rendered outstanding contribution to qualify as Chairperson or member of the National Dalit Commission?,"Rights and interests of the Dalit community, or human rights and law.","Social work, law, sociology, or related fields."
OC019,Nepali,राष्ट्रिय दलित आयोगको अध्यक्ष वा सदस्य बन्न व्यक्तिले कुन क्षेत्रमा उत्कृष्ट योगदान गरेको हुनुपर्छ?,दलित समुदायको अधिकार तथा हित वा मानव अधिकार र कानून।,दलित समुदायको हकदारी र अधिकारको लागि कार्य गरेको योगदान।
OC020,English,What educational qualification is specifically required for the Chairperson of the National Dalit Commission?,At least a bachelor's degree from a recognized university.,Postgraduate Degree
OC020,Nepali,राष्ट्रिय दलित आयोगका अध्यक्षका लागि विशेष रूपमा कुन शैक्षिक योग्यता आवश्यक छ?,मान्यता प्राप्त विश्वविद्यालयबाट कम्तीमा स्नातक उपाधि।,कानूनको विकल्पमा डिग्री।
OC021,English,What is the responsibility of the National Dalit Commission regarding the overall situation of the Dalit community?,"To conduct study and exploration, identify areas for reform, and make recommendations to the Government of Nepal.",To investigate and redress grievances of the Scheduled Castes (Dalits) and recommend measures for their welfare and empowerment.
OC021,Nepali,दलित समुदायको समग्र अवस्थासम्बन्धी राष्ट्रिय दलित आयोगको जिम्मेवारी के हो?,अध्ययन तथा खोज गरी सुधारका क्षेत्र पहिचान गर्ने र नेपाल सरकारलाई सिफारिस गर्ने।,"दलित समुदायको हक अधिकार रक्षाउनु, उनका समस्या सम्बोधन गर्नु र सरकारमा समेट्नु।"
OC022,English,What type of policies and programs does the National Dalit Commission formulate and submit to the Government of Nepal?,National policies and programs for the upliftment and development of Dalit communities and ending caste-based discrimination.,"The National Dalit Commission formulates and submits policies and programs related to the rights, social justice, and development of Dalits in Nepal."
OC022,Nepali,राष्ट्रिय दलित आयोगले कस्ता नीति तथा कार्यक्रम तर्जुमा गरी नेपाल सरकारलाई पेश गर्छ?,दलित समुदायको उत्थान तथा विकास र जातीय भेदभाव अन्त्य गर्न राष्ट्रिय नीति तथा कार्यक्रम।,दलित समुदायका सदस्यहरू हक हित अधिकार संरक्षणका लागि नीति तथा कार्यक्रम।
OC023,English,What does the National Dalit Commission monitor regarding laws and special provisions for the Dalit community?,Whether they have been effectively implemented.,Laws and special provisions concerning the Dalit community.
OC023,Nepali,दलित समुदायसम्बन्धी कानून र विशेष व्यवस्थाका सम्बन्धमा राष्ट्रिय दलित आयोगले के अनुगमन गर्छ?,ती प्रभावकारी रूपमा कार्यान्वयन भएका छन् वा छैनन्।,"दलित समुदायविरुद्ध दुर्व्यवहार, उत्पीडऩ तथा भेदभावको अनुगमन।"
OC025,English,What constitutional body is established under Article 258 of the Constitution of Nepal?,National Inclusion Commission of Nepal.,Constitutional Commission
OC025,Nepali,नेपालको संविधानको धारा २५८ अन्तर्गत कुन संवैधानिक निकायको स्थापना गरिएको छ?,नेपालको राष्ट्रिय समावेशी आयोग।,संवैधानिक जाँचikomिटी
OC026,English,"How many members, including the Chairperson, constitute the National Inclusion Commission?",Five members.,Seven
OC026,Nepali,राष्ट्रिय समावेशी आयोगमा अध्यक्षसहित कति जना सदस्य हुन्छन्?,पाँच जना सदस्य।,९ जना
OC027,English,Which groups and communities are included within the scope of study and research of the National Inclusion Commission?,"Khas Arya, Pichhada class, persons with disabilities, senior citizens, labourers, peasants, minorities, marginalized communities, backward classes, people of Karnali and indigent classes.","People with disabilities, ethnic minorities, LGBTQ+ individuals, women, migrants, and older adults."
OC027,Nepali,राष्ट्रिय समावेशी आयोगको अध्ययन तथा अनुसन्धानको दायरामा कुन-कुन समुदाय र वर्ग पर्छन्?,"खस आर्य, पिछडा वर्ग, अपाङ्गता भएका व्यक्ति, ज्येष्ठ नागरिक, श्रमिक, किसान, अल्पसंख्यक, सीमान्तकृत समुदाय, पिछडा वर्ग, कर्णालीका जनता र विपन्न वर्ग।","दलित, आदिवासी, सङ्केतित, मांसपेशीभिनिर्भर, यौनिक अल्पसंख्यक, दिगो रूपमा विस्थापित समुदाय, महिला, पुरुष र लैङ्गिक रूपमा विविध समुदाय।"
OC028,English,What does the National Inclusion Commission study regarding government policies and laws for inclusion?,The status of implementation and makes suggestions for reforms.,The National Inclusion Commission studies government policies and laws to promote inclusion of people with disabilities.
OC028,Nepali,समावेशीकरणका लागि नेपाल सरकारले अपनाएका नीति तथा कानून सम्बन्धमा राष्ट्रिय समावेशी आयोगले के अध्ययन गर्छ?,कार्यान्वयनको अवस्था अध्ययन गरी सुधारका लागि सुझाव दिन्छ।,आलोचनात्मक मूल्याङ्कन र सिफारिस।
OC029,English,"What does the National Inclusion Commission study regarding representation of specified communities, classes, and regions in State organs?",Whether there has been appropriate representation and recommends review of special provisions.,"The National Inclusion Commission studies representation of specified communities, classes, and regions in State organs."
OC029,Nepali,"तोकिएका समुदाय, वर्ग र क्षेत्रको राज्यका अंगहरूमा प्रतिनिधित्व सम्बन्धमा राष्ट्रिय समावेशी आयोगले के अध्ययन गर्छ?",उचित प्रतिनिधित्व भएको छ वा छैन अध्ययन गरी विशेष व्यवस्थाको पुनरावलोकन गर्न सिफारिस गर्छ।,प्रतिनिधित्वको उचितता र समता।
OC030,English,What does the National Inclusion Commission recommend regarding the development and prosperity of Karnali and backward regions?,Policies and programs to be pursued for their development and prosperity.,"Prioritize local ownership, participatory planning, and targeted investments in infrastructure, education, health, and livelihood diversification."
OC030,Nepali,कर्णाली र पिछडिएका क्षेत्रको विकास र समृद्धिका सम्बन्धमा राष्ट्रिय समावेशी आयोगले के सिफारिस गर्छ?,तिनको विकास र समृद्धिका लागि अवलम्बन गरिने नीति तथा कार्यक्रम।,समान विकास सम्बृद्धिको सुनिश्चितता।
OC031,English,On what basis does the National Inclusion Commission monitor the implementation of rights and interests of minority and marginalized communities and recommend revisions?,Periodic national census and human development index.,"Data collection, analysis, and engagement with communities."
OC031,Nepali,अल्पसंख्यक तथा सीमान्तकृत समुदायको अधिकार र हितको कार्यान्वयन अनुगमन गर्दा राष्ट्रिय समावेशी आयोगले कुन आधार प्रयोग गर्छ?,आवधिक राष्ट्रिय जनगणना र मानव विकास सूचकांक।,भेदभाव र सामाजिक असमानताको आधार।
OC032,English,"What is the maximum number of members in the Indigenous Nationalities Commission, including the Chairperson?",Five members.,13
OC032,Nepali,आदिवासी जनजाति आयोगमा अध्यक्षसहित अधिकतम कति जना सदस्य हुन्छन्?,पाँच जना सदस्य।,संसद् सदस्य पाँच जना (एक महिला र चार पुरुष)
OC033,English,Who appoints the Chairperson and members of the Madhesi Commission?,The President on the recommendation of the Constitutional Council.,The Prime Minister and Speaker of the House of Representatives.
OC033,Nepali,मधेसी आयोगका अध्यक्ष र सदस्यहरूलाई कसले नियुक्त गर्छ?,संवैधानिक परिषद्को सिफारिसमा राष्ट्रपतिले।,प्रधानमन्त्री
OC034,English,What common constitutional feature is shared by the Tharu Commission and Muslim Commission regarding their composition?,Each consists of a Chairperson and a maximum of four other members.,Both commissions had a majority of Muslim members.
OC034,Nepali,थारू आयोग र मुस्लिम आयोगको संरचनासम्बन्धी साझा संवैधानिक व्यवस्था के हो?,दुवैमा अध्यक्ष र अधिकतम चार अन्य सदस्य हुन्छन्।,दोनों आयोगको अध्यक्ष राष्ट्रपदनिकटबाट नियुक्त हुन्छन्।
OC035,English,After how many years from the commencement of the Constitution must the Federal Parliament review the commissions formed under Part 27?,Ten years.,Ten years
OC035,Nepali,संविधान प्रारम्भ भएको कति वर्षपछि संघीय संसदले भाग २७ अन्तर्गत गठन भएका आयोगहरूको पुनरावलोकन गर्नुपर्छ?,दस वर्ष।,तीन वर्षपछि।
NS001,English,"What constitutional body is established for making recommendations on Nepal's overall national interest, security, and defence policy?",National Security Council.,National Security Council
NS001,Nepali,"नेपालको समग्र राष्ट्रिय हित, सुरक्षा र रक्षा नीतिसम्बन्धी सिफारिस गर्न कुन संवैधानिक निकायको स्थापना गरिएको छ?",राष्ट्रिय सुरक्षा परिषद्।,राष्ट्र सुरक्षा परिषद्
NS002,English,What are the two major purposes of the National Security Council mentioned in the Constitution?,"To recommend policies on overall national interest, security and defence, and to mobilize and control the Nepal Army.",Advising the President and coordinating national security policy.
NS002,Nepali,संविधानमा उल्लेख भएअनुसार राष्ट्रिय सुरक्षा परिषद्का दुई प्रमुख उद्देश्य के हुन्?,"समग्र राष्ट्रिय हित, सुरक्षा र रक्षा नीतिका लागि सिफारिस गर्नु तथा नेपाली सेनाको परिचालन र नियन्त्रण गर्नु।",राष्ट्रको सुरक्षा सुनिश्चित गर्नु र सुरक्षा नीति बनाउनु।
NS003,English,Who is the Chairperson of the National Security Council?,The Prime Minister.,Joe Biden
NS003,Nepali,राष्ट्रिय सुरक्षा परिषद्को अध्यक्ष को हुन्छ?,प्रधानमन्त्री।,प्रधानमन्त्री
NS004,English,Which government minister is included as a member of the National Security Council responsible for defence matters?,Minister for Defence.,The Defence Secretary
NS004,Nepali,रक्षा सम्बन्धी जिम्मेवारी भएको कुन सरकारी मन्त्री राष्ट्रिय सुरक्षा परिषद्को सदस्य हुन्छ?,रक्षा मन्त्री।,न्याय मन्त्री
NS005,English,Which positions from the Government of Nepal and Nepal Army are included as members of the National Security Council besides ministers?,Chief Secretary of Government of Nepal and Commander-in-Chief of Nepal Army.,"Chief Secretary, Finance Secretary, National Defense Advisor, and Inspector General of the Nepal Army."
NS005,Nepali,मन्त्रीहरू बाहेक नेपाल सरकार र नेपाली सेनाका कुन पदहरू राष्ट्रिय सुरक्षा परिषद्का सदस्य हुन्छन्?,नेपाल सरकारका मुख्य सचिव र नेपाली सेनाका प्रधान सेनापति।,"राष्ट्रपति, उपराष्ट्रपति, गृह मन्त्री, अर्थ मन्त्री, कानुन मन्त्री, र परराष्ट्र मन्त्री।"
NS006,English,Who acts as the member secretary of the National Security Council?,Secretary at the Ministry of Defence.,The National Security Advisor
NS006,Nepali,राष्ट्रिय सुरक्षा परिषद्को सदस्य सचिवको रूपमा कसले काम गर्छ?,रक्षा मन्त्रालयको सचिव।,प्रधानमन्त्री
NS007,English,To whom does the National Security Council submit its annual report?,The President.,The President of the United States
NS007,Nepali,राष्ट्रिय सुरक्षा परिषद्ले आफ्नो वार्षिक प्रतिवेदन कसलाई बुझाउँछ?,राष्ट्रपति।,संयुक्त राष्ट्रसंघको महासचिवलाई।
NS008,English,How is the annual report of the National Security Council presented before the Federal Parliament?,The President causes it to be laid before the Federal Parliament through the Prime Minister.,Through the Foreign Affairs Committee.
NS008,Nepali,राष्ट्रिय सुरक्षा परिषद्को वार्षिक प्रतिवेदन संघीय संसदसमक्ष कसरी पेश गरिन्छ?,राष्ट्रपतिले प्रधानमन्त्रीमार्फत संघीय संसदमा पेश गराउँछन्।,संसद्को बैठकमा।
NS009,English,Which member of the National Security Council represents Nepal's foreign affairs sector?,Minister for Foreign Affairs.,Ambassador Bishwa Ojnash
NS009,Nepali,राष्ट्रिय सुरक्षा परिषद्मा नेपालको परराष्ट्र मामिला क्षेत्रको प्रतिनिधित्व गर्ने सदस्य को हो?,परराष्ट्र मन्त्री।,प्रल्हात गिरी
NS010,English,Which finance-related government position is included as a member of the National Security Council?,Minister for Finance.,Under Secretary of Defense for Finance
NS010,Nepali,राष्ट्रिय सुरक्षा परिषद्मा वित्तसम्बन्धी कुन सरकारी पद सदस्यको रूपमा समावेश गरिएको छ?,अर्थ मन्त्री।,अर्थ सचिव।
NS011,English,"What organization shall exist in Nepal for safeguarding independence, sovereignty, territorial integrity, and national unity?",Nepal Army.,Nepal Army
NS011,Nepali,"नेपालको स्वतन्त्रता, सार्वभौमसत्ता, भौगोलिक अखण्डता र राष्ट्रिय एकताको रक्षा गर्न नेपालमा कुन संगठन रहनेछ?",नेपाली सेना।,नेपाल सरकार
NS012,English,Who is the Supreme Commander-in-Chief of the Nepal Army?,The President.,The President of Nepal
NS012,Nepali,नेपाली सेनाको परमाधिपति को हुन्छ?,राष्ट्रपति।,राजा
NS013,English,Which groups are specifically mentioned for ensuring inclusive entry into the Nepal Army under the Constitution?,"Women, Dalit, indigenous people, indigenous nationalities, Khas Arya, Madhesi, Tharu, Pichhada class, and backward region citizens.","Backward communities, Dalits, indigenous communities, and other disadvantaged groups."
NS013,Nepali,संविधानअनुसार नेपाली सेनामा समावेशी प्रवेश सुनिश्चित गरिने कुन-कुन समूहहरू उल्लेख गरिएका छन्?,"महिला, दलित, आदिवासी, आदिवासी जनजाति, खस आर्य, मधेसी, थारू, पिछडा वर्ग र पिछडिएको क्षेत्रका नागरिक।","संविधान अनुसार, दलित, थारु, मगर, राई, लिम्बू, गुरुङ, आइर, केचन, चाम्लिजा, र योगिया समूहहरू समावेशी प्रवेश सुनिश्चित गरिने कुरामा उल्लेख गरिएका छन्।"
NS014,English,For what additional works may the Government of Nepal mobilize the Nepal Army according to federal law?,"Development, construction, and disaster management works.","According to the Constitution of Nepal and relevant laws, the Nepal Army may be mobilized for:

*   Maintaining peace and security
*   Disaster relief
*   Protection of vital installations
*   Defense of the country
*   Other duties as directed by the President"
NS014,Nepali,संघीय कानूनबमोजिम नेपाल सरकारले नेपाली सेनालाई थप कुन-कुन कार्यमा परिचालन गर्न सक्छ?,"विकास, निर्माण र विपद् व्यवस्थापन कार्य।","आपત્तिको अवस्था, आपत्ती व्यवस्थापन, आतङ्कवाद, र अपराध नियन्त्रण।"
NS015,English,Who appoints and removes the Commander-in-Chief of the Nepal Army?,The President on the recommendation of the Council of Ministers.,The President of Nepal.
NS015,Nepali,नेपाली सेनाका प्रधान सेनापतिको नियुक्ति र पदमुक्ति कसले गर्छ?,मन्त्रिपरिषद्को सिफारिसमा राष्ट्रपतिले।,राजा।
NS016,English,What conditions must exist for the mobilization of the Nepal Army in cases of grave emergency?,"War, external aggression, armed rebellion, or extreme economic disarray affecting sovereignty, territorial integrity, or security.","The President, upon the advice of the Prime Minister, may mobilize the Nepal Army in cases of grave emergency."
NS016,Nepali,गम्भीर आपतकालीन अवस्थामा नेपाली सेनाको परिचालन गर्न कुन अवस्थाहरू हुनुपर्छ?,"युद्ध, बाह्य आक्रमण, सशस्त्र विद्रोह वा चरम आर्थिक विशृंखलताका कारण सार्वभौमसत्ता, भौगोलिक अखण्डता वा सुरक्षामा गम्भीर संकट।","*   मृत्युदण्डको खतरा
*   भूकम्प, जलвод, र अन्य ठूला विपत्ति
*   राष्ट्रको सुरक्षामा प्रत्यक्ष खतरा
*   अति ज्यान नियन्त्रण गर्न आवश्यक"
NS017,English,Within what period must the declaration of Nepal Army mobilization be ratified by the House of Representatives?,Within one month after the declaration.,14 days
NS017,Nepali,नेपाली सेनाको परिचालन घोषणालाई प्रतिनिधि सभाले कति अवधिभित्र अनुमोदन गर्नुपर्छ?,घोषणा भएको एक महिनाभित्र।,७ दिन
NS018,English,"Which police organizations and investigation body shall exist under the Federation, and what police organization shall each State have?","Federation shall have Nepal Police, Armed Police Force, Nepal and National Investigation Department; each State shall have a State police organization.","**Federation:**

*   Federal Police
*   Federal Investigation Agency

**States:**

*   State Police
*   State Investigation Bureau"
NS018,Nepali,"संघअन्तर्गत कुन-कुन प्रहरी संगठन र अनुसन्धान निकाय रहनेछन्, र प्रत्येक प्रदेशमा कुन प्रहरी संगठन रहनेछ?","संघमा नेपाल प्रहरी, सशस्त्र प्रहरी बल, नेपाल र राष्ट्रिय अनुसन्धान विभाग रहनेछन्; प्रत्येक प्रदेशमा प्रदेश प्रहरी संगठन रहनेछ।","संघअन्तर्गत:
*   नेभाराफा प्रहरी
*   खुलापत्र अनुसन्धान bureau
*   संघीय अपराध नियन्त्रण महाशाखा

प्रत्येक प्रदेशमा:
*   प्रदेश प्रहरी महानिरीक्षक कार्यालय"
PP001,English,Who may form and operate political parties according to the Constitution?,"Persons committed to common political ideology, philosophy and program.",Citizens of the United States.
PP001,Nepali,संविधानअनुसार कसले राजनीतिक दल गठन र सञ्चालन गर्न सक्छन्?,"साझा राजनीतिक विचारधारा, दर्शन र कार्यक्रमप्रति प्रतिबद्ध व्यक्तिहरू।",नेपालका सिँह्रो नागरिकहरू।
PP002,English,What must persons share in order to form and operate a political party under Article 269?,"Common political ideology, philosophy and program.",A common cause and a common symbol.
PP002,Nepali,धारा २६९ अनुसार राजनीतिक दल गठन र सञ्चालन गर्न व्यक्तिहरूबीच के समान हुनुपर्छ?,"साझा राजनीतिक विचारधारा, दर्शन र कार्यक्रम।",पार्टी गठन र सञ्चालन गर्न व्यक्तिहरूबीच साझा उद्देश्य हुनुपर्छ।
PP003,English,Which constitutional body must a political party register with after being formed?,Election Commission.,Electoral Commission
PP003,Nepali,गठन भएपछि राजनीतिक दलले कुन संवैधानिक निकायमा दर्ता हुनुपर्छ?,निर्वाचन आयोग।,नेपालको संवहन सभा
PP004,English,Which documents must accompany an application for registration of a political party?,"The party constitution, manifesto, and other documents required by Federal law.","A party’s constitution, a list of its officers, and a list of its members."
PP004,Nepali,राजनीतिक दल दर्ताको निवेदनसँग कुन-कुन कागजात संलग्न गर्नुपर्छ?,"दलको विधान, घोषणापत्र र संघीय कानूनले माग गरेका अन्य कागजातहरू।","* आधारभूत सदस्यको विवरण
* दर्ताको समय
* राजनीतिक दलको नाम
* सदस्यताको लागि नियम
* कार्यालयको ठेगाना
* अन्य आवश्यक कागजात"
PP005,English,What type of constitution and rules must a political party have to qualify for registration?,Democratic.,"A constitution and rules establishing its structure, membership requirements, and procedures for decision-making."
PP005,Nepali,दर्ताका लागि राजनीतिक दलको विधान र नियम कस्तो हुनुपर्छ?,लोकतान्त्रिक।,"दलका विधान र नियम दलको उद्देश्य, सदस्यता, चुनाव, निर्णय प्रक्रिया, र जिम्मेवारीहरू स्पष्ट रूपमा परिभाषित गर्नुपर्छ।"
PP006,English,How often must a political party's office-bearers at Federal and State levels be elected according to its constitution?,At least once every five years.,"According to the Constitution of India, office-bearers of a political party must be elected every three years."
PP006,Nepali,राजनीतिक दलको संघीय र प्रदेश तहका पदाधिकारीहरू कति अवधिमा एक पटक निर्वाचित हुनुपर्ने व्यवस्था हुनुपर्छ?,कम्तीमा प्रत्येक पाँच वर्षमा एक पटक।,प्रत्येक पाँच वर्षमा एक पटक।
PP007,English,What is the maximum additional period allowed for holding office-bearer elections if a political party fails to do so within five years due to a special circumstance?,Within six months.,Three years.
PP007,Nepali,विशेष परिस्थितिका कारण पाँच वर्षभित्र पदाधिकारी निर्वाचन हुन नसकेमा थप कति अवधिभित्र निर्वाचन गर्न सकिन्छ?,छ महिनाभित्र।,सात वर्ष।
PP008,English,What type of representation must a political party provide in its executive committees at various levels?,Inclusive representation reflecting Nepal's diversity.,Gender parity.
PP008,Nepali,राजनीतिक दलका विभिन्न तहका कार्यकारी समितिमा कस्तो प्रतिनिधित्वको व्यवस्था हुनुपर्छ?,नेपालको विविधता प्रतिबिम्बित गर्ने समावेशी प्रतिनिधित्व।,"राजनीतिक दलका कार्यकारी समितिमा विभिन्न तहका सदस्यहरूबाट उचित प्रतिनिधित्व हुनुपर्छ, जस्तै:

*   पदाधिकारी (नेता)
*   कार्यकारी सदस्य
*   सदस्य"
PP009,English,Under what circumstances shall a political party not be registered?,"If its name, objective, insignia or flag jeopardizes religious and communal unity or fragments the country.",A political party shall not be registered if it violates the constitution or laws of the country.
PP009,Nepali,कुन अवस्थामा राजनीतिक दल दर्ता गरिने छैन?,"यदि यसको नाम, उद्देश्य, चिन्ह वा झण्डाले धार्मिक तथा साम्प्रदायिक एकता खल्बल्याउँछ वा देश विखण्डन गर्छ भने।",संविधानतः स्थापित सरकारको उद्देश्य विपरित।
PP010,English,"A political party has a democratic constitution, holds elections every five years, and has inclusive representation. Which constitutional requirement does this satisfy?",Conditions required for political party registration under Article 269(4).,Democratic governance
PP010,Nepali,"लोकतान्त्रिक विधान भएको, प्रत्येक पाँच वर्षमा निर्वाचन गर्ने र समावेशी प्रतिनिधित्व भएको राजनीतिक दलले कुन संवैधानिक आवश्यकता पूरा गर्छ?",धारा २६९(४) अन्तर्गत राजनीतिक दल दर्ताका लागि आवश्यक शर्तहरू।,संवैधानिक गणतन्त्र
PP011,English,"What happens to any law, arrangement, or decision that restricts the formation and operation of political parties contrary to Article 269?",It is inconsistent with the Constitution and void.,Such laws are struck down by the courts.
PP011,Nepali,"धारा २६९ विपरीत राजनीतिक दलको गठन र सञ्चालनमा प्रतिबन्ध लगाउने कानून, व्यवस्था वा निर्णयको अवस्था के हुन्छ?",त्यो संविधानसँग बाझिने र स्वतः अमान्य हुन्छ।,"अनुचित धारा २६९ अन्तर्गत राजनीतिक दलको गठन र सञ्चालनमा प्रतिबन्ध लगाउने अवस्थामा, अदालतले उक्त धाराको प्रयोग असंवैधानिक ठहर ruling दिने सम्भावना बढ्छ।"
PP012,English,What type of political system participation restriction is prohibited by Article 270?,,Restrictions on the right to vote.
PP012,Nepali,धारा २७० अनुसार कस्तो राजनीतिक प्रणाली सहभाग,,एकपटकको शासन
PP013,English,What type of political party participation or involvement arrangement is declared void by Article 270?,"An arrangement allowing only a single political party or persons with similar ideology, philosophy, or program to participate in elections or governance.",Party-list proportional representation.
PP013,Nepali,धारा २७० अनुसार कस्तो राजनीतिक दलको सहभागिता वा संलग्नताको व्यवस्था अमान्य हुन्छ?,"केवल एक राजनीतिक दल वा समान विचारधारा, दर्शन वा कार्यक्रम भएका व्यक्तिलाई मात्र निर्वाचन वा शासन प्रणालीमा सहभागी हुन दिने व्यवस्था।",विद्रोही राजनीतिक दल।
PP014,English,Why is a law allowing only one political party to participate in elections considered invalid under the Constitution?,"Because it restricts participation to only a single political party or similar ideology, philosophy, or program.","It violates the guarantees of freedom of speech and association, and the right to choose between candidates."
PP014,Nepali,निर्वाचनमा केवल एउटा राजनीतिक दललाई मात्र सहभागी हुन दिने कानून किन संविधानविपरीत मानिन्छ?,"किनकि यसले केवल एउटा राजनीतिक दल वा समान विचारधारा, दर्शन वा कार्यक्रम भएका व्यक्तिको मात्र सहभागिता सुनिश्चित गर्छ।",संविधानले बहुपक्षीयताको प्रत्याभूत गर्दछ। यसले एक मात्र दललाई सहभागी हुन दिँदा संविधानको व्यवस्था उल्लोघ हुन्छ।
PP015,English,What must a registered political party do to obtain recognition from the Election Commission for contesting elections?,Register with the Election Commission according to procedures set by Federal law.,"Submit an application, along with required documents, demonstrating its organizational structure, office bearers, and adherence to electoral laws."
PP015,Nepali,निर्वाचनमा प्रतिस्पर्धा गर्न निर्वाचन आयोगबाट मान्यता प्राप्त गर्न दर्ता भएको राजनीतिक दलले के गर्नुपर्छ?,संघीय कानूनले तोकेको प्रक्रिया पूरा गरी निर्वाचन आयोगमा दर्ता हुनुपर्छ।,निर्वाचन अभियान चलाउनु पर्छ।
PP016,English,What is the difference between registration under Article 269 and recognition for election purposes under Article 271?,"Article 269 concerns party registration after formation, while Article 271 concerns recognition for contesting elections.","Article 269 provides for the registration of political parties, while Article 271 provides for the recognition of individuals as contesting candidates for elections."
PP016,Nepali,धारा २६९ अन्तर्गतको दर्ता र धारा २७१ अन्तर्गत निर्वाचन प्रयोजनको मान्यताबीच के फरक छ?,धारा २६९ गठनपछि दल दर्तासँग सम्बन्धित छ भने धारा २७१ निर्वाचनमा भाग लिन मान्यतासँग सम्बन्धित छ।,"धारा २६९ दर्ता प्रक्रियाका लागि आवश्यक पर्ने मान्यता हो, जबकि धारा २७१ निर्वाचन प्रयोजनका लागि आवश्यक पर्ने मान्यता हो।"
PP017,English,What additional report must a political party submit along with an application for election recognition?,Yearly audit report.,A financial report.
PP017,Nepali,निर्वाचन प्रयोजनको मान्यताका लागि आवेदन दिँदा राजनीतिक दलले थप कुन प्रतिवेदन बुझाउनुपर्छ?,वार्षिक लेखापरीक्षण प्रतिवेदन।,संविधान र निर्वाचन ऐनको प्रतिवेदन।
PP018,English,"Besides submitting a yearly audit report, which other constitutional requirements must a political party fulfill to obtain election recognition?",The requirements under Article 269(3) and Article 269(4).,Maintaining a national committee and submitting a state certificate.
PP018,Nepali,वार्षिक लेखापरीक्षण प्रतिवेदन बाहेक निर्वाचन मान्यता प्राप्त गर्न राजनीतिक दलले अन्य कुन संवैधानिक शर्त पूरा गर्नुपर्छ?,धारा २६९(३) र धारा २६९(४) का आवश्यकताहरू।,राजनीतिक दलले निर्वाचन चिन्ह प्राप्त गर्न संविधानको धारा ९(९) बमोज्य न्यूनतम सदस्यता संख्या कायम राख्नुपर्छ।
PP019,English,"A political party submits its constitution, manifesto, yearly audit report, and proves democratic internal rules. Which constitutional processes is it satisfying?",Party registration and election recognition requirements.,Accountability and Transparency
PP019,Nepali,"राजनीतिक दलले आफ्नो विधान, घोषणापत्र, वार्षिक लेखापरीक्षण प्रतिवेदन बुझाई लोकतान्त्रिक आन्तरिक नियम प्रमाणित गरेमा कुन संवैधानिक प्रक्रियाहरू पूरा गरिरहेको हुन्छ?",दल दर्ता र निर्वाचन मान्यता सम्बन्धी आवश्यकताहरू।,राजनीतिक दल दर्ता प्रक्रिया र वार्षिक लेखापरीक्षण प्रक्रिया।
PP020,English,"Which law provides detailed provisions regarding formation, registration, operation, facilities, and other matters of political parties?",Federal law.,The Political Parties Act.
PP020,Nepali,"राजनीतिक दलको गठन, दर्ता, सञ्चालन, सुविधा तथा अन्य विषयसम्बन्धी विस्तृत व्यवस्था कुन कानूनले गर्छ?",संघीय कानून।,"राजनीतिक दलको व्यवस्थापन ऐन, २०७७"
EP001,English,Who has the authority to declare or order a state of emergency under Article 273?,The President.,The President.
EP001,Nepali,धारा २७३ अनुसार संकटकाल घोषणा वा आदेश गर्ने अधिकार कसलाई हुन्छ?,राष्ट्रपति।,राष्ट्रपति
EP002,English,What situations may lead to the declaration of a state of emergency under the Constitution?,"War, external aggression, armed rebellion, extreme economic disarray, natural calamity, or epidemic.","Threat to the peace, safety, and welfare of the United States."
EP002,Nepali,संविधानअनुसार कुन-कुन अवस्थामा संकटकाल घोषणा गर्न सकिन्छ?,"युद्ध, बाह्य आक्रमण, सशस्त्र विद्रोह, चरम आर्थिक विशृंखलता, प्राकृतिक विपद् वा महामारी।","संविधान अनुसार, निम्नलिखित अवस्थामा संकटकाल घोषणा गर्न सकिन्छ:

*   राष्ट्रपदनिकट चुनावको समयमा
*   संसद्को अविश्वासमा नरहेको अवधि
*   राज्य पुनःसंरचनाको आवश्यकता छ भन्नानुसार
*   गर्भीय आर्थिक मन्दी छ भन्नानुसार
*   शिनै बिपन्न अवस्था छ भन्नानुसार"
EP003,English,"Can a state of emergency be declared only for the whole country, or can it apply to a specific part of Nepal?",It may apply to the whole of Nepal or any specified part thereof.,Yes.
EP003,Nepali,संकटकाल केवल सम्पूर्ण नेपालमा मात्र लागू हुन्छ वा नेपालको कुनै निश्चित भागमा पनि लागू हुन सक्छ?,सम्पूर्ण नेपाल वा नेपालको कुनै निश्चित भागमा लागू हुन सक्छ।,सम्पूर्ण नेपालमा।
EP004,English,In what situation may a State Government request the Government of Nepal to declare a state of emergency?,When a grave emergency arises in a State due to natural calamity or epidemic.,When there is an imminent threat to the constitutional order.
EP004,Nepali,कुन अवस्थामा प्रदेश सरकारले नेपाल सरकारलाई संकटकाल घोषणा गर्न अनुरोध गर्न सक्छ?,प्राकृतिक विपद् वा महामारीका कारण प्रदेशमा गम्भीर आपतकालीन अवस्था उत्पन्न हुँदा।,"प्रदेश सरकारले नेपाल सरकारलाई आर्थिक, सामाजिक, वा राजनीतिक संकटको अवस्थामा संकटकाल घोषणा गर्न अनुरोध गर्न सक्छ।"
EP005,English,Within what period must an emergency declaration be presented before both Houses of the Federal Parliament for approval?,Within one month after the date of issuance.,Within 72 hours.
EP005,Nepali,संकटकाल घोषणालाई संघीय संसदका दुवै सदनमा अनुमोदनका लागि कति अवधिभित्र पेश गर्नुपर्छ?,जारी भएको मितिले एक महिनाभित्र।,७ दिन
EP006,English,Which legislative bodies must approve a declaration or order of emergency?,Both Houses of the Federal Parliament.,"The President of the United States, Congress, and the Supreme Court."
EP006,Nepali,संकटकाल घोषणा वा आदेशलाई कुन-कुन व्यवस्थापिकाले अनुमोदन गर्नुपर्छ?,संघीय संसदका दुवै सदन।,संशयकaksana र राष्ट्रपति।
EP007,English,What majority is required in both Houses of the Federal Parliament to approve a state of emergency declaration?,At least two-thirds majority of the total number of then members of both Houses.,Two-thirds majority in both Houses.
EP007,Nepali,संकटकाल घोषणा अनुमोदन गर्न संघीय संसदका दुवै सदनमा कस्तो बहुमत आवश्यक हुन्छ?,तत्काल कायम रहेका दुवै सदनका कुल सदस्य संख्याको कम्तीमा दुई तिहाइ बहुमत।,दोसको दुई तिहाइ बहुमत
EP008,English,For how long does an approved state of emergency declaration remain in force from the date of issuance?,Three months.,"One year, unless extended by the Governor."
EP008,Nepali,अनुमोदन भएको संकटकाल घोषणा जारी भएको मितिबाट कति समयसम्म कायम रहन्छ?,तीन महिना।,एक महिना
EP009,English,What happens if a state of emergency declaration is not approved according to the constitutional requirement?,It becomes inoperative automatically.,It lacks legal standing and is invalid.
EP009,Nepali,संवैधानिक आवश्यकता अनुसार संकटकाल घोषणा अनुमोदन नभएमा के हुन्छ?,त्यो स्वतः निष्क्रिय हुन्छ।,घोषणा अमान्य हुन्छ।
EP010,English,A state of emergency is declared and presented to both Houses within one month. What additional condition is required for it to continue in force?,Approval by at least a two-thirds majority of the total number of then members of both Houses.,Re-enactment by Parliament.
EP010,Nepali,संकटकाल घोषणा गरी एक महिनाभित्र दुवै सदनमा पेश गरिएपछि कायम रहन थप कुन शर्त आवश्यक हुन्छ?,तत्काल कायम रहेका दुवै सदनका कुल सदस्य संख्याको कम्तीमा दुई तिहाइ बहुमतबाट अनुमोदन।,दुबै सदनले संसद्को मतले अनुमोदन गर्यो।
EP011,English,What is the difference between the approval deadline and the validity period of an approved emergency declaration?,"Approval must occur within one month, while an approved declaration remains for three months from issuance.",The approval deadline is the date by which the declaration must be implemented. The validity period is the length of time the declaration remains in effect after approval.
EP011,Nepali,संकटकाल अनुमोदनको समयसीमा र अनुमोदनपछि कायम रहने अवधिबीच के फरक छ?,अनुमोदन एक महिनाभित्र हुनुपर्छ भने अनुमोदन भएको घोषणा जारी भएको मितिबाट तीन महिनासम्म कायम रहन्छ।,समयसीमा र अनुमोदनपछि कायम रहने अवधिबीचको फरक संकटकालको उद्देश्य पूरा भएपछि स्वतः समाप्त हुन्छ।
EP012,English,"Before the expiry of an emergency declaration, for how long can a motion be submitted to extend the emergency period?",Another period not exceeding three months.,30 days
EP012,Nepali,संकटकालको अवधि समाप्त हुनुअघि कति अवधिसम्म थप गर्न प्रस्ताव पेश गर्न सकिन्छ?,थप तीन महिनाभन्दा बढी नहुने अवधि।,तीन महिना।
EP013,English,What majority is required for the Federal Parliament to extend the period of a state of emergency?,At least two-thirds majority of the total number of then members of both Houses.,Two-thirds
EP013,Nepali,संकटकालको अवधि थप गर्न संघीय संसदमा कस्तो बहुमत आवश्यक हुन्छ?,तत्काल कायम रहेका दुवै सदनका कुल सदस्य संख्याको कम्तीमा दुई तिहाइ बहुमत।,दोसको तीन चौमासिक बहुमत।
EP014,English,"If the House of Representatives has been dissolved during an emergency, which body exercises the Federal Parliament’s emergency-related powers?",The National Assembly.,The Senate
EP014,Nepali,संकटकाल कायम रहेको अवस्थामा प्रतिनिधि सभा विघटन भए संघीय संसदको संकटकालसम्बन्धी अधिकार कसले प्रयोग गर्छ?,राष्ट्रिय सभा।,प्रधानमन्त्री।
EP015,English,What authority does the President have after declaring a state of emergency to address emergency situations?,The President may issue necessary orders to meet the exigencies.,"The President gains broad authority to take immediate action, including deploying federal resources, suspending certain regulations, and modifying laws, subject to congressional oversight."
EP015,Nepali,संकटकाल घोषणा भएपछि आपतकालीन अवस्था समाधान गर्न राष्ट्रपतिसँग कस्तो अधिकार हुन्छ?,राष्ट्रपतिले आवश्यक आदेश जारी गर्न सक्छन्।,राष्ट्रपति आपतकालीन अवस्थाको समाधान गर्न अध्यादेश जारी गर्न र कानुन बनाउन सक्छन्।
EP016,English,"During a state of emergency, what is the legal status of orders issued by the President under Article 273(9)?",They apply as law while the state of emergency is in operation.,These orders have the force of law.
EP016,Nepali,धारा २७३(९) अनुसार राष्ट्रपतिले जारी गरेका आदेशहरूको कानुनी स्थिति के हुन्छ?,संकटकाल कायम रहँदासम्म ती आदेश कानुनसरह लागू हुन्छन्।,राष्ट्रपति आदेशहरू संवैधानिक आदेशको रूपमा गणनीय हुन्छन्।
EP017,English,Which category of rights may be suspended during a state of emergency?,"Fundamental rights provided in Part-3, subject to constitutional exceptions.",Civil and political rights
EP017,Nepali,संकटकालको समयमा कुन प्रकारका अधिकार निलम्बन गर्न सकिन्छ?,"भाग–३ मा प्रदान गरिएका मौलिक हकहरू, संविधानमा तोकिएका अपवाद बाहेक।","अहिंसा, अभिव्यक्ति, सभा, र छूतका अधिकार।"
EP018,English,Are all fundamental rights suspended during a state of emergency?,"No, specified rights and remedies cannot be suspended.",No.
EP018,Nepali,के संकटकालमा सबै मौलिक हकहरू निलम्बन हुन्छन्?,"होइन, तोकिएका मौलिक हक र उपचारका अधिकार निलम्बन गर्न सकिँदैन।","नहीँ, सबै मौलिक हकहरू निलम्बन हुँदैनन्।"
EP019,English,Which constitutional remedy specifically remains protected and cannot be suspended during an emergency?,The remedy of habeas corpus.,Habeas corpus
EP019,Nepali,संकटकालमा कुन संवैधानिक उपचारको अधिकार निलम्बन गर्न सकिँदैन?,बन्दी प्रत्यक्षीकरणको उपचार।,सञ्चारको अधिकार।
EP020,English,Can a petition be filed in court to enforce a suspended fundamental right during an emergency?,"No, no petition may lie for enforcement of that suspended right.","Generally, no."
EP020,Nepali,संकटकालमा निलम्बित मौलिक हक कार्यान्वयनका लागि अदालतमा निवेदन दिन सकिन्छ?,"सकिँदैन, त्यस्तो निलम्बित हक कार्यान्वयनका लागि निवेदन लाग्दैन।","हाँयै, अदालतमा निवेदन दिन सकिन्छ।"
EP021,English,"If a person suffers injury due to an official’s bad faith action during emergency, within what period may compensation be claimed after termination of the emergency?",Within three months from the date of termination.,"Generally, within six months of termination of the emergency."
EP021,Nepali,संकटकालमा अधिकारीको बदनियतपूर्ण कार्यबाट क्षति भएमा संकटकाल समाप्त भएपछि कति अवधिभित्र क्षतिपूर्तिको माग गर्न सकिन्छ?,समाप्त भएको मितिले तीन महिनाभित्र।,तीन महिना।
EP022,English,Who may order compensation or punishment when a valid petition is filed for injury caused during an emergency?,The court.,A judge.
EP022,Nepali,संकटकालको समयमा भएको क्षतिका लागि निवेदन परेमा क्षतिपूर्ति वा सजायको आदेश कसले दिन सक्छ?,अदालतले।,न्यायालय
EP023,English,Who may withdraw a declaration or order of a state of emergency?,The President.,The legislature.
EP023,Nepali,संकटकाल घोषणा वा आदेश फिर्ता गर्ने अधिकार कसलाई हुन्छ?,राष्ट्रपति।,राष्ट्रपति
EP024,English,What is the difference between approval of an emergency declaration and extension of an emergency period?,"Approval requires two-thirds majority after issuance, while extension requires a separate two-thirds majority motion before expiry.",Approval initiates the emergency; extension continues it.
EP024,Nepali,संकटकाल घोषणा अनुमोदन र संकटकाल अवधि थप गर्ने प्रक्रियाबीच के फरक छ?,घोषणा अनुमोदनका लागि जारी भएपछि दुई तिहाइ बहुमत आवश्यक हुन्छ भने अवधि थपका लागि समाप्त हुनुअघि छुट्टै दुई तिहाइ बहुमतको प्रस्ताव आवश्यक हुन्छ।,"संकटकाल घोषणा अनुमोदन गर्दा मन्त्रीको हस्ताक्षर आवश्यक हुन्छ, तर संकटकाल अवधि थप गर्ने प्रक्रियामा राष्ट्रपतिले हस्ताक्षर गर्छन्।"
EP025,English,Arrange the correct constitutional sequence after a state of emergency is declared by the President.,Declaration → submission to both Houses within one month → approval by two-thirds majority → continuation for specified period.,"1.  President issues executive orders.
2.  Congress can pass a concurrent resolution overriding executive orders (requires 2/3 vote in both houses).
3.  Congress can pass legislation related to the emergency.
4.  State governments continue to operate, but with limitations."
EP025,Nepali,राष्ट्रपतिले संकटकाल घोषणा गरेपछि संविधानअनुसार सही प्रक्रिया क्रम मिलाउनुहोस्।,घोषणा → एक महिनाभित्र दुवै सदनमा पेश → दुई तिहाइ बहुमतबाट अनुमोदन → तोकिएको अवधिसम्म कायम।,"1. संसद्को बैठक आह्वान
2. राष्ट्रपतिको ভাষণ
3. संसद्ले कानून पारित गर्ने"
CA001,English,What limitation does the Constitution impose on the amendment of the Constitution?,"An amendment must not prejudice sovereignty, territorial integrity, independence of Nepal, or sovereignty vested in the people.",It requires a supermajority vote in Congress and ratification by three-fourths of the states.
CA001,Nepali,संविधान संशोधन गर्दा संविधानले कुन सीमाना तोकेको छ?,"संशोधनले नेपालको सार्वभौमसत्ता, भौगोलिक अखण्डता, स्वतन्त्रता वा जनतामा निहित सार्वभौमसत्तामा प्रतिकूल असर पार्नु हुँदैन।","संविधानले संशोधनको विषय, प्रक्रिया र आवश्यकताबारे सीमाना तोकेको छ।"
CA002,English,Can the Constitution be amended in a manner that affects the sovereignty vested in the people?,No.,Yes.
CA002,Nepali,के जनतामा निहित सार्वभौमसत्तामा असर पर्ने गरी संविधान संशोधन गर्न सकिन्छ?,सकिँदैन।,"नाही, जनतामा निहित सार्वभौमसत्तामा असर पर्ने गरी संविधान संशोधन गर्न पाइँदैन।"
CA003,English,Which body may introduce a bill to amend or repeal any Article of the Constitution?,Either House of the Federal Parliament.,The Parliament
CA003,Nepali,संविधानको कुनै धारा संशोधन वा खारेज गर्ने विधेयक कुन निकायमा पेश गर्न सकिन्छ?,संघीय संसदको कुनै पनि सदनमा।,संसद्।
CA004,English,Which clause of Article 274 itself cannot be amended?,Clause (1).,The provisions relating to the composition of the Council.
CA004,Nepali,धारा २७४ को कुन उपधारा आफैं संशोधन गर्न सकिँदैन?,उपधारा (१)।,धारा २७४ को उपधारा (२)
CA005,English,What type of legislative proposal may be introduced under Article 274(2)?,A bill to amend or repeal any Article of the Constitution.,A proposal for a European Union Directive.
CA005,Nepali,धारा २७४(२) अनुसार कस्तो विधेयक पेश गर्न सकिन्छ?,संविधानको कुनै पनि धारा संशोधन वा खारेज गर्ने विधेयक।,संविधानको धारा २७४(२) अनुसार राष्ट्रपतिले प्रतिनिधिसभाको छोटो अवकाश्यमा पनि विधेयक प्रस्तुत गर्न सक्छन्।
CA006,English,Within how many days must an introduced constitutional amendment bill be publicly published for information?,Within thirty days of introduction.,30 days
CA006,Nepali,पेश गरिएको संविधान संशोधन विधेयक सार्वजनिक जानकारीका लागि कति दिनभित्र प्रकाशित गर्नुपर्छ?,पेश भएको तीस दिनभित्र।,७ दिन।
CA007,English,What is the purpose of publishing an amendment bill within thirty days?,To provide information to the general public.,To ensure legislative action.
CA007,Nepali,संविधान संशोधन विधेयक तीस दिनभित्र प्रकाशित गर्नुको उद्देश्य के हो?,सर्वसाधारण जनतालाई जानकारी दिनु।,संशोधन प्रक्रियाको समयसीमा निर्धारण गर्नु र राजनीतिक प्रक्रियामा गति लभ्ना सुनिश्चित गर्नु।
CA008,English,When must an amendment bill be sent to the State Assembly for consent?,When it relates to alteration of State borders or matters in Schedule-6.,Upon receipt of a petition signed by at least one-tenth of the total number of registered voters of the State.
CA008,Nepali,कुन अवस्थामा संविधान संशोधन विधेयक प्रदेश सभाको सहमतिका लागि पठाउनुपर्छ?,प्रदेशको सीमाना परिवर्तन वा अनुसूची–६ का विषयसँग सम्बन्धित भएमा।,संविधान संशोधन विधेयक प्रदेश सभाको दुई तिहाई मतले पारित नहुँदा सम्म प्रदेश सभाको सहमतिका लागि पठाउनुपर्छ।
CA009,English,Who sends an amendment bill to the State Assembly for consent?,The Speaker or Chairperson of the concerned House.,The President.
CA009,Nepali,संविधान संशोधन विधेयक प्रदेश सभाको सहमतिका लागि कसले पठाउँछ?,सम्बन्धित सदनका सभामुख वा अध्यक्षले।,संविधान संशोधन विधेयक संसयको सहमतिका लागि राष्ट्रपति पठाउँछन्।
CA010,English,Within how many days after introduction in the Federal Parliament must a relevant amendment bill be sent to the State Assembly?,Within thirty days after its introduction.,30 days
CA010,Nepali,सम्बन्धित संविधान संशोधन विधेयक संघीय संसदमा पेश भएपछि कति दिनभित्र प्रदेश सभामा पठाउनुपर्छ?,पेश भएको तीस दिनभित्र।,३० दिन
CA011,English,What majority is required for a State Assembly to accept or reject an amendment bill sent for consent?,Majority of the total number of its then members.,Three-fifths
CA011,Nepali,सहमतिका लागि पठाइएको संशोधन विधेयक स्वीकार वा अस्वीकार गर्न प्रदेश सभामा कस्तो बहुमत आवश्यक हुन्छ?,तत्काल कायम रहेका कुल सदस्य संख्याको बहुमत।,दोस्रो मत।
CA012,English,Within what period must the State Assembly provide information about acceptance or rejection of an amendment bill?,Within three months.,Within 30 days.
CA012,Nepali,प्रदेश सभाले संशोधन विधेयक स्वीकार वा अस्वीकार गरेको जानकारी कति अवधिभित्र दिनुपर्छ?,तीन महिनाभित्र।,१५ दिन।
CA013,English,What happens if a State Assembly does not provide information of acceptance or rejection of an amendment bill within the prescribed period?,The Federal Parliament may proceed with the bill.,The bill lapses and is no longer considered for that legislative session.
CA013,Nepali,तोकिएको अवधिभित्र प्रदेश सभाले संशोधन विधेयक स्वीकार वा अस्वीकार गरेको जानकारी नदिएमा के हुन्छ?,संघीय संसदले विधेयकमाथि प्रक्रिया अगाडि बढाउन सक्छ।,विधेयक निष्क्रिय हुन जान्छ।
CA014,English,What is the consequence if a State Assembly rejects an amendment bill by majority and informs the Federal Parliament within the required period?,The bill becomes inoperative.,The amendment bill fails.
CA014,Nepali,प्रदेश सभाले बहुमतबाट संशोधन विधेयक अस्वीकार गरी समयभित्र संघीय संसदलाई जानकारी दिएमा के हुन्छ?,विधेयक निष्क्रिय हुन्छ।,विधेयक पारित हुन सकेको नहुँदा संघीय संसदमा प्रस्तुत गर्ने समयसीमा सकिन्छ।
CA015,English,What majority is required to pass an amendment bill that does not require State Assembly consent?,At least two-thirds majority of the total number of then members of both Houses of the Federal Parliament.,Two-thirds
CA015,Nepali,प्रदेश सभाको सहमति आवश्यक नपर्ने संशोधन विधेयक पारित गर्न कस्तो बहुमत आवश्यक हुन्छ?,संघीय संसदका दुवै सदनका तत्काल कायम रहेका कुल सदस्य संख्याको कम्तीमा दुई तिहाइ बहुमत।,मध्येमजता बहुमत।
CA016,English,What majority is required to pass an amendment bill that has been accepted by a majority of the State Assembly?,At least two-thirds majority of the total number of then members of both Houses of the Federal Parliament.,Two-thirds
CA016,Nepali,प्रदेश सभाको बहुमतबाट स्वीकार गरिएको संशोधन विधेयक पारित गर्न संघीय संसदमा कस्तो बहुमत आवश्यक हुन्छ?,संघीय संसदका दुवै सदनका तत्काल कायम रहेका कुल सदस्य संख्याको कम्तीमा दुई तिहाइ बहुमत।,दोस्रो छोटो बहुमत।
CA017,English,Which amendment bills require State Assembly consent before being passed by the Federal Parliament?,Bills related to State border alteration or matters in Schedule-6.,Amendments related to the Exclusive Powers of the Federal Parliament.
CA017,Nepali,कुन संविधान संशोधन विधेयकलाई संघीय संसदबाट पारित गर्नुअघि प्रदेश सभाको सहमति आवश्यक हुन्छ?,प्रदेशको सीमाना परिवर्तन वा अनुसूची–६ का विषयसँग सम्बन्धित विधेयक।,"संशोधन ऐन, २०७२"
CA018,English,"If a State Assembly rejects an amendment bill, can the Federal Parliament continue processing that bill?","No, the bill becomes inoperative.",Yes.
CA018,Nepali,प्रदेश सभाले संशोधन विधेयक अस्वीकार गरेपछि संघीय संसदले सो विधेयकमाथि प्रक्रिया जारी राख्न सक्छ?,"सक्दैन, विधेयक निष्क्रिय हुन्छ।",हो।
CA019,English,To whom is a constitutional amendment bill passed under Article 274(8) presented for assent?,The President.,The President
CA019,Nepali,धारा २७४(८) अनुसार पारित संशोधन विधेयक स्वीकृतिका लागि कससमक्ष पेश गरिन्छ?,राष्ट्रपति।,संसदको दुवै सदन (प्रतिनिधायस र राष्ट्रियसंसद्) मा।
CA020,English,Within how many days must the President give assent to a constitutional amendment bill after receiving it?,Within fifteen days.,60 days
CA020,Nepali,संविधान संशोधन विधेयक प्राप्त भएपछि राष्ट्रपतिले कति दिनभित्र स्वीकृति दिनुपर्छ?,पन्ध्र दिनभित्र।,१५ दिन
CA021,English,From which date does the Constitution become amended after an amendment bill receives presidential assent?,From the date of assent.,Immediately
CA021,Nepali,संशोधन विधेयकमा राष्ट्रपतिको स्वीकृति पाएपछि संविधान कुन मितिबाट संशोधन भएको मानिन्छ?,स्वीकृति दिएको मितिबाट।,संविधान संशोधन भएको मिति।
CA022,English,What is the correct sequence for an amendment bill requiring State Assembly consent?,Introduction in Federal Parliament → publication within thirty days → State Assembly consent process → two-thirds approval by both Houses → President’s assent.,Proposal – State Assembly Consent – Governor – State Legislature – Ratification
CA022,Nepali,प्रदेश सभाको सहमति आवश्यक पर्ने संशोधन विधेयकको सही प्रक्रिया क्रम के हो?,संघीय संसदमा पेश → तीस दिनभित्र प्रकाशन → प्रदेश सभाको सहमति प्रक्रिया → दुवै सदनको दुई तिहाइ स्वीकृति → राष्ट्रपतिको स्वीकृति।,"संशोधन विधेयकको प्रक्रिया:

1.  संशोधन प्रस्ताव दर्ता
2.  सचिवालयको मूल्याङ्कन
3.  प्रतिनिधित्व सभामा प्रस्तुत
4.  प्रतिनिधित्व सभाको मतदान
5.  संविधान सभाको सहमति"
CA023,English,"If a State Assembly fails to communicate acceptance or rejection within three months, what constitutional option remains available?",The originating House of the Federal Parliament may proceed with the bill.,Impeachment
CA023,Nepali,प्रदेश सभाले तीन महिनाभित्र स्वीकार वा अस्वीकारको जानकारी नदिएमा संविधानले के विकल्प दिन्छ?,विधेयक उत्पत्ति भएको संघीय संसदको सदनले प्रक्रिया अगाडि बढाउन सक्छ।,संसद विघटन
CA024,English,What is the highest voting requirement specified in Article 274 for passing a constitutional amendment bill?,At least two-thirds majority of the total number of then members of both Houses of the Federal Parliament.,Two-thirds of both houses.
CA024,Nepali,धारा २७४ अनुसार संविधान संशोधन विधेयक पारित गर्न तोकिएको सबैभन्दा उच्च मतदान आवश्यकता के हो?,संघीय संसदका दुवै सदनका तत्काल कायम रहेका कुल सदस्य संख्याको कम्तीमा दुई तिहाइ बहुमत।,मध्ये दुई तिहि मत।
MT001,English,What majority of the total number of the then members of the Federal Parliament is required to decide that a referendum is necessary on a matter of national importance?,A two-thirds majority of the total number of the then members of the Federal Parliament is required.,Two-thirds
MT001,Nepali,राष्ट्रिय महत्वको विषयमा जनमतसंग्रह आवश्यक छ भनी निर्णय गर्न संघीय संसदका तत्काल कायम रहेका सम्पूर्ण सदस्य संख्याको कति बहुमत आवश्यक पर्छ?,संघीय संसदका तत्काल कायम रहेका सम्पूर्ण सदस्य संख्याको दुई तिहाइ बहुमत आवश्यक पर्छ।,दोस्रो मत।
MT002,English,On what type of matter may a decision be taken through a referendum under Article 275?,"A matter of national importance, if the Federal Parliament decides by a two-thirds majority that a referendum is necessary.",Economic matters
MT002,Nepali,धारा २७५ बमोजिम कुन प्रकारको विषयमा जनमतसंग्रहमार्फत निर्णय लिन सकिन्छ?,संघीय संसदले दुई तिहाइ बहुमतबाट आवश्यक ठहर गरेको राष्ट्रिय महत्वको विषयमा।,संसदीय कार्यले गर्येको निर्णय
MT003,English,"Who may grant pardons, suspend, commute, or remit sentences under Article 276?",The President may do so in accordance with law.,The President.
MT003,Nepali,"धारा २७६ बमोजिम कसले माफी दिन, सजाय स्थगन गर्न, घटाउन वा मिनाहा गर्न सक्छ?",राष्ट्रपतिले कानूनबमोजिम त्यस्तो कार्य गर्न सक्छन्।,सम्बन्धित व्यक्तिले।
MT004,English,Can the President grant a pardon for a sentence imposed only by a regular court?,"No. The President may grant pardons, suspend, commute, or remit sentences passed by a court, judicial or quasi-judicial body, or administrative authority or body, in accordance with law.",Yes.
MT004,Nepali,के राष्ट्रपतिले नियमित अदालतले दिएको सजायमा मात्र माफी दिन सक्छन्?,"होइन। राष्ट्रपतिले अदालत, न्यायिक वा अर्धन्यायिक निकाय वा प्रशासनिक अधिकारी वा निकायबाट भएको सजायलाई कानूनबमोजिम माफी, स्थगन, घटाउन वा मिनाहा गर्न सक्छन्।",नहुँ।
MT005,English,"Who confers titles, honours, and decorations on behalf of the State?",The President.,The Crown.
MT005,Nepali,"राज्यको तर्फबाट उपाधि, सम्मान र विभूषण कसले प्रदान गर्छ?",राष्ट्रपति।,"राज्यको तर्फबाट उपाधि, सम्मान र विभूषण राष्ट्रपति प्रदान गर्छिन्।"
MT006,English,"May a citizen of Nepal accept a title, honour, or decoration from a foreign government without approval from the Government of Nepal?",No. Approval from the Government of Nepal is required.,Yes.
MT006,Nepali,"के नेपालका नागरिकले नेपाल सरकारको स्वीकृतिबिना विदेशी सरकारबाट उपाधि, सम्मान वा विभूषण स्वीकार गर्न सक्छ?",होइन। नेपाल सरकारको स्वीकृति आवश्यक हुन्छ।,नस्किन्।
MT007,English,Which level of government has the power to make treaties or agreements under Article 278(1)?,The Federation.,The federal government.
MT007,Nepali,धारा २७८(१) बमोजिम सन्धि वा सम्झौता गर्ने अधिकार कुन तहको सरकारसँग हुन्छ?,संघसँग।,नेपाल सरकार।
MT008,English,What must the Government of Nepal do when making a treaty or agreement concerning a matter falling within the list of State powers?,It must consult the concerned State.,Obtain the consent of the Parliament.
MT008,Nepali,प्रदेशको अधिकार सूचीमा पर्ने विषयमा सन्धि वा सम्झौता गर्दा नेपाल सरकारले के गर्नुपर्छ?,सम्बन्धित प्रदेशसँग परामर्श गर्नुपर्छ।,प्रदेश सरकारको अधिकार सूचीमा पर्ने विषयमा सन्धि वा सम्झौता गर्दा नेपाल सरकारले त्यसको सहमति आवश्यक रहन्छ।
MT009,English,Under what condition may a State Council of Ministers make contractual agreements on financial and industrial matters?,With the consent of the Government of Nepal.,When authorized by an Act of Parliament.
MT009,Nepali,प्रदेश मन्त्रिपरिषद्ले वित्तीय तथा औद्योगिक विषयमा कुन शर्तमा करार सम्झौता गर्न सक्छ?,नेपाल सरकारको सहमतिमा।,लागू कानुनबम बमोजिम।
MT010,English,"Which four categories of treaties or agreements require ratification, accession, acceptance, or approval by a two-thirds majority of the total number of the then members of both Houses of the Federal Parliament?",Peace and friendship; defence and strategic alliance; boundaries of Nepal; and natural resources and the distribution of their uses.,"1.  Treaties relating to defense
2.  Treaties relating to foreign trade
3.  Treaties relating to membership in international organizations
4.  Treaties relating to the establishment of missions abroad"
MT010,Nepali,"संघीय संसदका दुवै सदनका तत्काल कायम रहेका सम्पूर्ण सदस्य संख्याको दुई तिहाइ बहुमतबाट अनुमोदन, सम्मिलन, स्वीकृति वा समर्थन आवश्यक पर्ने सन्धि वा सम्झौताका चार विषय कुन-कुन हुन्?",शान्ति तथा मैत्री; रक्षा तथा सामरिक गठबन्धन; नेपालको सीमाना; तथा प्राकृतिक स्रोत र त्यसको उपयोगको बाँडफाँड।,"*   संवैधानिक संशोधन
*   नागरिकशास्त्र सम्बन्धी सम्झौता
*   व्यापार सम्बन्धी सम्झौता
*   सुरक्षा सम्बन्धी सम्झौता"
MT011,English,Under what exception may a treaty concerning peace and friendship or natural resources be approved by a simple majority of members present in a meeting of the House of Representatives?,"If the treaty or agreement is of an ordinary nature and does not affect the nation extensively, seriously, or in the long term.",A treaty concerning peace and friendship or natural resources may be approved by a simple majority if it is approved by a two-thirds majority in the Senate.
MT011,Nepali,शान्ति तथा मैत्री वा प्राकृतिक स्रोतसम्बन्धी सन्धि वा सम्झौता कुन अवस्थामा प्रतिनिधि सभाको बैठकमा उपस्थित सदस्यहरूको साधारण बहुमतबाट अनुमोदन गर्न सकिन्छ?,"त्यस्तो सन्धि वा सम्झौता साधारण प्रकृतिको भई राष्ट्रलाई व्यापक, गम्भीर वा दीर्घकालीन रूपमा असर नगर्ने भएमा।",शान्ति तथा मैत्री वा प्राकृतिक स्रोत सम् सन्धि वा सम्झौता।
MT012,English,"What is the constitutional consequence if a treaty or agreement is not ratified, acceded to, accepted, or approved according to Article 279?","After the commencement of the Constitution, the treaty or agreement does not apply to Nepal or the Government of Nepal. Additionally, no treaty or agreement may be concluded in a manner detrimental to Nepal's territorial integrity.",It is void.
MT012,Nepali,"धारा २७९ बमोजिम कुनै सन्धि वा सम्झौता अनुमोदन, सम्मिलन, स्वीकृति वा समर्थन नगरिएमा त्यसको संवैधानिक परिणाम के हुन्छ?",संविधान प्रारम्भ भएपछि त्यस्तो सन्धि वा सम्झौता नेपाल वा नेपाल सरकारमा लागू हुँदैन। साथै नेपालको क्षेत्रीय अखण्डतामा प्रतिकूल हुने गरी कुनै सन्धि वा सम्झौता गर्न सकिँदैन।,सन्धि वा सम्झौता अवैध हुनेछ।
MT013,English,"If both the offices of the President and Vice-President become vacant, who shall discharge the functions of the President until a new President or Vice-President is elected and assumes office?",The Speaker of the House of Representatives.,The Speaker of the House.
MT013,Nepali,राष्ट्रपति र उपराष्ट्रपति दुवै पद रिक्त भएमा नयाँ राष्ट्रपति वा उपराष्ट्रपति निर्वाचित भई पदभार ग्रहण नगरेसम्म राष्ट्रपतिको कार्य कसले सम्पादन गर्छ?,प्रतिनिधि सभाका सभामुखले।,कार्यकारी उपराष्ट्रपतिले सम्पादन गर्छन्।
MT014,English,How frequently must the Government of Nepal appraise and review the implementation and impacts of the special rights of women and the Dalit community?,"Every ten years, concurrently with the national census.",At least every five years.
MT014,Nepali,महिला र दलित समुदायका विशेष अधिकारको कार्यान्वयन र त्यसको प्रभावको मूल्याङ्कन तथा समीक्षा कति अवधिमा गर्नुपर्छ?,प्रत्येक दस वर्षमा हुने राष्ट्रिय जनगणनासँगै।,प्रत्येक ३ देखि ५ वर्षमा।
MT015,English,On what principle may the President appoint Nepalese ambassadors and special emissaries?,The principle of inclusion.,Royal prerogative.
MT015,Nepali,राष्ट्रपतिले नेपाली राजदूत तथा विशेष दूतहरू कुन सिद्धान्तका आधारमा नियुक्त गर्न सक्छन्?,समावेशी सिद्धान्तका आधारमा।,"पद, योग्यता, अनुभव र सेवाको आवश्यकता।"
MT016,English,Who receives letters of credentials from foreign ambassadors and diplomatic representatives?,The President.,The Secretary of State.
MT016,Nepali,विदेशी राजदूत तथा कूटनीतिक प्रतिनिधिहरूको ओहोदाको प्रमाणपत्र कसले ग्रहण गर्छ?,राष्ट्रपतिले।,अध्यक्ष
MT017,English,"According to Article 283, what principle must be followed when making appointments to Constitutional Organs and Bodies?",The inclusive principle.,Merit and qualifications.
MT017,Nepali,धारा २८३ बमोजिम संवैधानिक अंग तथा निकायमा नियुक्ति गर्दा कुन सिद्धान्तको पालना गर्नुपर्छ?,समावेशी सिद्धान्त।,समानुपातिकताको सिद्धान्त।
MT018,English,Who serves as the Chairperson of the Constitutional Council?,The Prime Minister.,The Chief Justice of India
MT018,Nepali,संवैधानिक परिषद्को अध्यक्ष को हुन्छ?,प्रधानमन्त्री।,राष्ट्रपति
MT019,English,Which of the following is NOT a regular member of the Constitutional Council under Article 284(1)? A. Chief Justice B. Speaker of the House of Representatives C. Minister for Law and Justice D. Chairperson of the National Assembly,The Minister for Law and Justice.,B. Speaker of the House of Representatives
MT019,Nepali,धारा २८४(१) बमोजिम निम्नमध्ये को संवैधानिक परिषद्को नियमित सदस्य होइन? क. प्रधानन्यायाधीश ख. प्रतिनिधि सभाका सभामुख ग. कानून तथा न्यायमन्त्री घ. राष्ट्रिय सभाका अध्यक्ष,कानून तथा न्यायमन्त्री।,ग. कानून तथा न्यायमन्त्री
MT020,English,How far in advance must the Constitutional Council generally make a recommendation for the appointment of a Chief Justice or a chief or official of a Constitutional Body before the office becomes vacant?,At least one month before the office becomes vacant.,"Generally, at least 30 days."
MT020,Nepali,प्रधानन्यायाधीश वा संवैधानिक निकायका प्रमुख वा पदाधिकारीको पद रिक्त हुनुभन्दा सामान्यतया कति अगाडि संवैधानिक परिषद्ले नियुक्तिको सिफारिस गर्नुपर्छ?,पद रिक्त हुनुभन्दा कम्तीमा एक महिना अगाडि।,६० दिन
MT021,English,On what basis must positions in the Federal civil service and other Federal government services be filled?,Through competitive examinations based on open and proportional inclusive principles.,Merit.
MT021,Nepali,संघीय निजामती सेवा तथा अन्य संघीय सरकारी सेवाका पदहरू कुन आधारमा पूर्ति गर्नुपर्छ?,खुला तथा समानुपातिक समावेशी सिद्धान्तका आधारमा प्रतिस्पर्धात्मक परीक्षामार्फत।,आवश्यकताको आधारमा।
MT022,English,Which of the following is NOT listed as a member of the Election Constituency Delimitation Commission? A. A retired Judge of the Supreme Court B. A geographer C. A sociologist or demographer D. The Chief Election Commissioner,The Chief Election Commissioner.,C. A sociologist or demographer
MT022,Nepali,निम्नमध्ये को निर्वाचन क्षेत्र निर्धारण आयोगको सदस्यका रूपमा उल्लेख गरिएको छैन? क. सर्वोच्च अदालतका सेवानिवृत्त न्यायाधीश ख. भूगोलविद् ग. समाजशास्त्री वा जनसांख्यिकीविद् घ. प्रमुख निर्वाचन आयुक्त,प्रमुख निर्वाचन आयुक्त।,घ. प्रमुख निर्वाचन आयुक्त
MT023,English,"What factors must the Election Constituency Delimitation Commission consider when determining election constituencies, in addition to population and geography?","It must consider, among other things, population density, geographical specificity, administrative and transportation convenience, and the community and cultural aspects of the constituencies.","Historical boundaries, linguistic considerations, social and economic factors, and representation of Scheduled Castes and Scheduled Tribes."
MT023,Nepali,निर्वाचन क्षेत्र निर्धारण गर्दा जनसंख्या र भूगोलका अतिरिक्त निर्वाचन क्षेत्र निर्धारण आयोगले कुन-कुन पक्षलाई ध्यान दिनुपर्छ?,"जनघनत्व, भौगोलिक विशिष्टता, प्रशासनिक तथा यातायात सुविधा र निर्वाचन क्षेत्रका सामुदायिक तथा सांस्कृतिक पक्षलगायतका विषयलाई ध्यान दिनुपर्छ।","साँस्कृतिक विविधता, भाषिक विविधता, सामाजिक समानता, र जनमत प्रतिनिधित्व।"
MT024,English,"State three important constitutional requirements relating to the Language Commission's composition, term, and qualifications.","The Commission must have one Chairperson and the required number of members; the term of the Chairperson and members is six years and they cannot be reappointed; and appointees must have a relevant master's degree, at least twenty years of experience in the study, teaching, and research of Nepal's languages, be at least forty-five years old, and possess high moral character.","*   Independent Composition
*   Fixed Term
*   Qualifications in Language Expertise"
MT024,Nepali,"भाषा आयोगको गठन, पदावधि र योग्यता सम्बन्धी तीनवटा महत्वपूर्ण संवैधानिक प्रावधान उल्लेख गर्नुहोस्।","आयोगमा एक जना अध्यक्ष र आवश्यक संख्यामा सदस्य हुन्छन्; अध्यक्ष तथा सदस्यको पदावधि छ वर्षको हुन्छ र पुनः नियुक्ति हुन सक्दैन; तथा नियुक्त व्यक्तिसँग सम्बन्धित विषयमा स्नातकोत्तर उपाधि, नेपालको विभिन्न भाषाको अध्ययन, अध्यापन तथा अनुसन्धानमा कम्तीमा बीस वर्षको अनुभव, कम्तीमा पैंतालीस वर्ष उमेर र उच्च नैतिक चरित्र हुनुपर्छ।","*   **गठन:** राष्ट्रपति समिक्षा परिषद् गठन गरेको आयोगको सिफारिस स्वीकृतिको मितिले ३० दिनभित्र आयोग गठन गर्नुपर्नेछ।
*   **पदावधि:** आयोगको पदावधि ३ देखि ५ वर्षसम्म हुनेछ।
*   **योग्यता:** आयोगका सदस्यहरूलाई भाषा विज्ञान, कानुन, समाजशास्त्र, मानविकी, वा सो सँगसम्बन्धित विषयमा विशेषज्ञता वा अनुभव भएको हुनुपर्नेछ।"
MT025,English,Where is the capital of Nepal situated?,Kathmandu.,Kathmandu
MT025,Nepali,नेपालको राजधानी कहाँ अवस्थित छ?,काठमाडौंमा।,काठमान्डू
MT026,English,By what majority is the capital of a State decided by the concerned State Assembly?,A two-thirds majority of the total number of the then members of the concerned State Assembly.,Simple majority
MT026,Nepali,सम्बन्धित प्रदेश सभाले प्रदेशको राजधानी कुन बहुमतबाट निर्धारण गर्छ?,सम्बन्धित प्रदेश सभाका तत्काल कायम रहेका सम्पूर्ण सदस्य संख्याको दुई तिहाइ बहुमतबाट।,सशस्त्र दुchtigen बहुमत।
MT027,English,"Which type of citizenship must a person possess to be eligible for election, nomination, or appointment as President, Vice-President, Prime Minister, Chief Justice, Speaker of the House of Representatives, Chief of State, Chief Minister, Speaker of a State Assembly, or chief of a security body?",Citizenship of Nepal by descent.,Citizenship by birth in the country in question.
MT027,Nepali,"राष्ट्रपति, उपराष्ट्रपति, प्रधानमन्त्री, प्रधानन्यायाधीश, प्रतिनिधि सभाका सभामुख, प्रदेश प्रमुख, मुख्यमन्त्री, प्रदेश सभाका सभामुख वा सुरक्षा निकायको प्रमुख पदमा निर्वाचित, मनोनीत वा नियुक्त हुन व्यक्तिसँग कस्तो नागरिकता हुनुपर्छ?",वंशजको आधारमा प्राप्त नेपालको नागरिकता।,नेपाली नागरिकता।
MT028,English,Under what additional residence conditions may a person with naturalized citizenship or citizenship by birth be qualified for an office of a Constitutional Body other than the offices listed in Article 289(1)?,"A naturalized citizen must have resided in Nepal for at least ten years, while a person who obtained citizenship by birth must have resided in Nepal for at least five years.",Residence in the country for at least seven years prior to the election.
MT028,Nepali,धारा २८९(१) मा उल्लिखित बाहेक अन्य संवैधानिक निकायको पदमा प्राकृतिकीकृत वा जन्मको आधारमा नागरिकता प्राप्त व्यक्तिले कुन अतिरिक्त बसोबाससम्बन्धी शर्त पूरा गर्नुपर्छ?,प्राकृतिकीकृत नागरिकले कम्तीमा दस वर्ष र जन्मको आधारमा नागरिकता प्राप्त व्यक्तिले कम्तीमा पाँच वर्ष नेपालमा बसोबास गरेको हुनुपर्छ।,मूलतः बसोबास गर्ने ठाउँको शर्त।
MT029,English,What must the Federal Parliament ensure when making laws concerning the rights of trusts and farmers enjoying possessory rights over trust lands?,The laws must not be prejudicial to the basic norms of the trusts.,Protection of those rights.
MT029,Nepali,गुठीको अधिकार तथा गुठी जग्गामा भोगाधिकार भएका किसानका अधिकारसम्बन्धी कानून बनाउँदा संघीय संसदले के सुनिश्चित गर्नुपर्छ?,त्यस्ता कानून गुठीका आधारभूत मान्यतामा प्रतिकूल नहुने कुरा सुनिश्चित गर्नुपर्छ।,गुठीको अधिकार र गुठी जग्गामा भोगाधिकार भएका किसानका अधिकार सुरक्षित रहन् र संघीय सरकारले त्यसको कार्यान्वयन सुनिश्चित गरोस्।
MT030,English,"Can a Nepali citizen holding a foreign permanent residence permit be elected, nominated, or appointed to an office under the Constitution?","No. However, a person who has renounced the permit may become eligible after at least three months have expired from the date of renunciation.",Yes.
MT030,Nepali,"विदेशी स्थायी आवासीय अनुमति लिएको नेपाली नागरिक संविधानबमोजिम निर्वाचित, मनोनीत वा नियुक्त हुने पदमा योग्य हुन्छ?",हुँदैन। तर त्यस्तो अनुमति त्यागेको व्यक्तिले त्यागेको मितिले कम्तीमा तीन महिना पूरा भएपछि योग्य हुन सक्छ।,योग्य हुन्छ।
MT031,English,For which categories of appointments are parliamentary hearings conducted under Article 292?,"Appointments to the offices of the Chief Justice and Supreme Court Judges, members of the Judicial Council, chiefs and members of Constitutional Bodies appointed on the recommendation of the Constitutional Council, and ambassadors.",Financial and general purposes.
MT031,Nepali,धारा २९२ बमोजिम कुन-कुन नियुक्तिका लागि संसदीय सुनुवाइ गरिन्छ?,"प्रधानन्यायाधीश तथा सर्वोच्च अदालतका न्यायाधीश, न्याय परिषद्का सदस्य, संवैधानिक परिषद्को सिफारिसमा नियुक्त हुने संवैधानिक निकायका प्रमुख तथा सदस्य र राजदूतको नियुक्तिमा।",संसदीय सुनुवाइमा धारा २९२ बमोजिम उच्च तहका कर्मचारीहरू नियुक्तिका लागि सुनुवाइ गरिन्छ।
MT032,English,How many members are in the joint committee formed for the purpose of parliamentary hearings?,Fifteen members from both Houses of the Federal Parliament.,"Typically, 11."
MT032,Nepali,संसदीय सुनुवाइका लागि गठन हुने संयुक्त समितिमा कति सदस्य हुन्छन्?,संघीय संसदका दुवै सदनका गरी पन्ध्र जना सदस्य।,१५
MT033,English,What professional restriction applies to members of the parliamentary hearing joint committee during that term of the Federal Parliament?,They may not practice law in the Supreme Court.,Members must not be involved in the management or control of any business.
MT033,Nepali,संघीय संसदको उक्त कार्यकालमा संसदीय सुनुवाइ संयुक्त समितिका सदस्यहरूलाई कुन पेशागत प्रतिबन्ध लागू हुन्छ?,उनीहरूले सर्वोच्च अदालतमा कानून व्यवसाय गर्न पाउँदैनन्।,न्यायिक पेशागत प्रतिबन्ध।
MT034,English,Which Constitutional Body is specifically excluded from monitoring and evaluation by committees of the House of Representatives under Article 293?,The National Human Rights Commission.,The National Human Rights Commission
MT034,Nepali,धारा २९३ बमोजिम प्रतिनिधि सभाका समितिहरूले संवैधानिक निकायहरूको कामकारबाही अनुगमन तथा मूल्याङ्कन गर्दा कुन संवैधानिक निकायलाई विशेष रूपमा अपवाद गरिएको छ?,राष्ट्रिय मानव अधिकार आयोग।,न्यायले छानबीन गर्ने निकाय (Investigation Wing)
MT035,English,What is the reporting process for Constitutional Bodies under Article 294?,"Each Constitutional Body submits an annual report of its functioning to the President, who causes it to be laid before the Federal Parliament through the Prime Minister. A Constitutional Body may also prepare a separate report on its functioning in each State and submit it to the Chief of State.","The reporting process for Constitutional Bodies under Article 294 involves submitting a written report to the President, who then forwards it to the Parliament."
MT035,Nepali,धारा २९४ बमोजिम संवैधानिक निकायहरूको वार्षिक प्रतिवेदन पेश गर्ने प्रक्रिया के हो?,प्रत्येक संवैधानिक निकायले आफ्नो कामकारबाहीको वार्षिक प्रतिवेदन राष्ट्रपतिसमक्ष पेश गर्छ र राष्ट्रपतिले प्रधानमन्त्रीमार्फत संघीय संसदसमक्ष पेश गराउँछन्। संवैधानिक निकायले प्रत्येक प्रदेशमा आफ्नो कामकारबाहीसम्बन्धी छुट्टै प्रतिवेदन तयार गरी प्रदेश प्रमुखसमक्ष पेश गर्न पनि सक्छ।,"धारा २९४ बमोजिम संवैधानिक निकायहरूको वार्षिक प्रतिवेदन पेश गर्ने प्रक्रिया निम्न छ:

1.  नेटिसनले प्रतिवेदन तयार पार्नु पर्छ।
2.  तयार भएको प्रतिवेदन संवहन कार्यालयमा पेस्नु पर्छ।"
TP001,English,What may the Government of Nepal constitute under Article 295(1) to make suggestions on matters relating to the boundaries of States?,The Government of Nepal may constitute a Federal Commission.,A select committee.
TP001,Nepali,धारा २९५(१) बमोजिम प्रदेशको सीमासम्बन्धी विषयमा सुझाव दिन नेपाल सरकारले के गठन गर्न सक्छ?,नेपाल सरकारले संघीय आयोग गठन गर्न सक्छ।,सीमा आयोग
TP002,English,By what majority must the names of the States be decided by the concerned State Assemblies under Article 295(2)?,A two-thirds majority of the total number of members of the concerned State Assembly is required.,Two-thirds
TP002,Nepali,धारा २९५(२) बमोजिम सम्बन्धित प्रदेश सभाले प्रदेशको नाम निर्धारण गर्दा कस्तो बहुमत आवश्यक पर्छ?,सम्बन्धित प्रदेश सभाका सम्पूर्ण सदस्य संख्याको दुई तिहाइ बहुमत आवश्यक पर्छ।,दोस्रोपटक बहुमत।
TP003,English,"What commission was required to be constituted to determine the number and boundaries of Village Bodies, Municipalities, and Special, Protected, or Autonomous Regions?",The Government of Nepal was required to constitute a commission for determining their number and boundaries.,A commission of three or more members.
TP003,Nepali,"गाउँ निकाय, नगरपालिका तथा विशेष, संरक्षित वा स्वायत्त क्षेत्रको संख्या र सीमाना निर्धारण गर्न कुन आयोग गठन गर्नुपर्ने व्यवस्था थियो?",नेपाल सरकारले तिनको संख्या र सीमाना निर्धारण गर्न आयोग गठन गर्नुपर्ने व्यवस्था थियो।,संस्थागत आयोग।
TP004,English,"Within what period after the commencement of the Constitution was the commission under Article 295(3) required to be constituted, and what was its term?","It had to be constituted within six months of the commencement of the Constitution, and its term was one year.","Within six months of the Constitution’s commencement, with a term of three years."
TP004,Nepali,संविधान प्रारम्भ भएको कति समयभित्र धारा २९५(३) बमोजिमको आयोग गठन गर्नुपर्ने थियो र यसको कार्यकाल कति थियो?,संविधान प्रारम्भ भएको छ महिनाभित्र आयोग गठन गर्नुपर्ने र यसको कार्यकाल एक वर्षको हुने थियो।,"तीन महिना, एक वर्ष।"
TP005,English,What happened to the Constituent Assembly existing at the commencement of the Constitution?,It was automatically converted into the Legislature-Parliament.,It was dissolved.
TP005,Nepali,संविधान प्रारम्भ हुँदाका बखत विद्यमान संविधान सभाको के भयो?,संविधान सभा स्वतः व्यवस्थापिका–संसदमा परिणत भयो।,संविधान सभाको विघटन।
TP006,English,What happened to Bills under consideration in the Legislature-Parliament when the Constitution commenced?,They were automatically transferred to the Legislature-Parliament formed under Article 296(1).,Bills under consideration were suspended.
TP006,Nepali,संविधान प्रारम्भ हुँदा व्यवस्थापिका–संसदमा विचाराधीन विधेयकहरूको के भयो?,ती विधेयकहरू धारा २९६(१) बमोजिमको व्यवस्थापिका–संसदमा स्वतः हस्तान्तरण भए।,त्यागिए।
TP007,English,"Until the election to the House of Representatives was held under the Constitution, what functions did the transitional Legislature-Parliament perform?",It performed the business required to be performed by the Federal Parliament under the Constitution.,It performed the functions of the legislature until the new House was formed.
TP007,Nepali,संविधानबमोजिम प्रतिनिधि सभाको निर्वाचन नभएसम्म संक्रमणकालीन व्यवस्थापिका–संसदले कुन कार्य सम्पादन गर्थ्यो?,यसले संविधानबमोजिम संघीय संसदले गर्नुपर्ने कार्य सम्पादन गर्थ्यो।,संक्रमणकालीन कार्य सम्पादन गर्न्थ्यो।
TP008,English,"Until a State Assembly was formed, who exercised the legislative power relating to matters listed in Schedule 6?",The Legislature-Parliament exercised that legislative power.,The British Parliament.
TP008,Nepali,प्रदेश सभा गठन नभएसम्म अनुसूची–६ मा उल्लिखित विषयसम्बन्धी प्रदेशको विधायिकी अधिकार कसले प्रयोग गर्थ्यो?,व्यवस्थापिका–संसदले उक्त विधायिकी अधिकार प्रयोग गर्थ्यो।,संविधानिकaksana
TP009,English,Until when did the President and Vice-President existing at the commencement of the Constitution continue to hold office?,They continued to hold office until another President and Vice-President were elected in accordance with Article 297.,1801
TP009,Nepali,संविधान प्रारम्भ हुँदाका बखत पदमा रहेका राष्ट्रपति र उपराष्ट्रपति कहिलेसम्म पदमा कायम रहने व्यवस्था थियो?,धारा २९७ बमोजिम अर्को राष्ट्रपति र उपराष्ट्रपति निर्वाचित नभएसम्म उनीहरू पदमा कायम रहने व्यवस्था थियो।,पदाधिपतिको पदावधि सकिएसम्म।
TP010,English,"If the Legislature-Parliament failed to reach a political understanding for electing the President and Vice-President, how were they to be elected?",They were to be elected by a majority of all the then members of the Legislature-Parliament.,By a majority vote of two-thirds of the total number of Members of the Legislature-Parliament.
TP010,Nepali,राष्ट्रपति र उपराष्ट्रपति निर्वाचित गर्न व्यवस्थापिका–संसदमा राजनीतिक सहमति हुन नसकेमा उनीहरू कसरी निर्वाचित हुने थिए?,व्यवस्थापिका–संसदका तत्काल कायम रहेका सम्पूर्ण सदस्यको बहुमतबाट निर्वाचित हुने थिए।,व्यवस्थापिका–संसदको मत विभाजनबाट।
TP011,English,What minimum proportion of the total number of then members of the Legislature-Parliament could move an impeachment motion against the transitional President or Vice-President for serious violation of the Constitution and law?,At least one-fourth of the total number of the then members of the Legislature-Parliament.,One-third
TP011,Nepali,संविधान र कानूनको गम्भीर उल्लङ्घन गरेको आधारमा संक्रमणकालीन राष्ट्रपति वा उपराष्ट्रपतिविरुद्ध महाभियोग प्रस्ताव ल्याउन व्यवस्थापिका–संसदका तत्काल कायम रहेका कुल सदस्य संख्याको कम्तीमा कति भाग आवश्यक पर्थ्यो?,व्यवस्थापिका–संसदका तत्काल कायम रहेका कुल सदस्य संख्याको कम्तीमा एक चौथाइ।,दोस्रोँ त्रितियमांश (Two-thirds)
TP012,English,What majority was required for an impeachment motion against the transitional President or Vice-President to remove them from office?,A two-thirds majority of the total number of the then members of the Legislature-Parliament was required.,A two-thirds majority vote in the National Assembly.
TP012,Nepali,संक्रमणकालीन राष्ट्रपति वा उपराष्ट्रपतिलाई पदबाट हटाउन महाभियोग प्रस्ताव पारित गर्न कस्तो बहुमत आवश्यक पर्थ्यो?,व्यवस्थापिका–संसदका तत्काल कायम रहेका कुल सदस्य संख्याको दुई तिहाइ बहुमत आवश्यक पर्थ्यो।,दोस्रो सदनको तीन चौमाहिका बहुमत।
TP013,English,What happened to the Council of Ministers existing at the commencement of the Constitution?,It continued to exist until the Council of Ministers under Article 298(2) was formed.,"It was abolished by the Constitution (Amendment) Act, 1976."
TP013,Nepali,संविधान प्रारम्भ हुँदाका बखत विद्यमान मन्त्रिपरिषद्को के भयो?,धारा २९८(२) बमोजिमको मन्त्रिपरिषद् गठन नभएसम्म विद्यमान मन्त्रिपरिषद् कायम रह्यो।,अशक्त पार्‍लिए।
TP014,English,Within what period was the Prime Minister required to be elected after the commencement of the Constitution when the Legislature-Parliament was not in recess?,The Prime Minister had to be elected no later than seven days after the commencement of the Constitution.,Within 60 days.
TP014,Nepali,व्यवस्थापिका–संसद अधिवेशनमा नरहेको अवस्थामा संविधान प्रारम्भ भएपछि कति समयभित्र प्रधानमन्त्री निर्वाचित गर्नुपर्ने थियो?,संविधान प्रारम्भ भएको सात दिनभित्र प्रधानमन्त्री निर्वाचित गर्नुपर्ने थियो।,३० दिन
TP015,English,"If political understanding could not be reached for electing the Prime Minister, how was the Prime Minister elected?",The Prime Minister was elected by a majority of all the then members of the Legislature-Parliament.,By acclamation.
TP015,Nepali,प्रधानमन्त्री निर्वाचित गर्न राजनीतिक सहमति हुन नसकेमा प्रधानमन्त्री कसरी निर्वाचित हुने व्यवस्था थियो?,व्यवस्थापिका–संसदका तत्काल कायम रहेका सम्पूर्ण सदस्यको बहुमतबाट प्रधानमन्त्री निर्वाचित हुने व्यवस्था थियो।,तत्कालिन राजाले नियुक्त गर्ने व्यवस्था थियो।
TP016,English,What minimum composition of the Council of Ministers was expressly provided under Article 298?,"It consisted of the Prime Minister, a Deputy Prime Minister, and other Ministers as required.",Seven members.
TP016,Nepali,धारा २९८ बमोजिम गठन हुने मन्त्रिपरिषद्को न्यूनतम संरचनामा को–को रहने व्यवस्था थियो?,"प्रधानमन्त्री, एक उपप्रधानमन्त्री तथा आवश्यकताअनुसार अन्य मन्त्रीहरू रहने व्यवस्था थियो।","राष्ट्रपति/प्रधानमन्त्री, उपप्रधानमन्त्री, मन्त्री।"
TP017,English,From whom did the Prime Minister appoint Ministers under the transitional arrangement?,Ministers were appointed from among the members of the Legislature-Parliament on the recommendation of the concerned party.,The Cabinet appointed by the Prime Minister during the transitional arrangement consisted of members from the opposition parties.
TP017,Nepali,संक्रमणकालीन व्यवस्थाअन्तर्गत प्रधानमन्त्रीले मन्त्रीहरू कसबाट नियुक्त गर्थे?,सम्बन्धित दलको सिफारिसमा व्यवस्थापिका–संसदका सदस्यहरूमध्येबाट मन्त्री नियुक्त गरिन्थ्यो।,राजाबाट
TP018,English,What minimum proportion of the then members of the Legislature-Parliament could table a written motion of no-confidence against the transitional Prime Minister?,At least one-fourth of the total number of the then members of the Legislature-Parliament.,One-third
TP018,Nepali,संक्रमणकालीन प्रधानमन्त्रीविरुद्ध लिखित अविश्वास प्रस्ताव ल्याउन व्यवस्थापिका–संसदका तत्काल कायम रहेका सदस्य संख्याको कम्तीमा कति भाग आवश्यक पर्थ्यो?,व्यवस्थापिका–संसदका तत्काल कायम रहेका कुल सदस्य संख्याको कम्तीमा एक चौथाइ।,१ सय
TP019,English,Within what period were the Speaker and Deputy Speaker required to be elected after the commencement of the Constitution when the Legislature-Parliament was not in recess?,They had to be elected no later than twenty days after the commencement of the Constitution.,Within 7 days.
TP019,Nepali,व्यवस्थापिका–संसद अधिवेशनमा नरहेको अवस्थामा संविधान प्रारम्भ भएपछि सभामुख र उपसभामुख कति समयभित्र निर्वाचित गर्नुपर्ने थियो?,संविधान प्रारम्भ भएको बीस दिनभित्र सभामुख र उपसभामुख निर्वाचित गर्नुपर्ने थियो।,एक महिनाभित्र।
TP020,English,What requirement applied to the political-party representation of the Speaker and Deputy Speaker elected under Article 299?,They had to be members representing different political parties in the Legislature-Parliament.,The Speaker and Deputy Speaker must be elected from among members of different political parties.
TP020,Nepali,धारा २९९ बमोजिम निर्वाचित सभामुख र उपसभामुखको राजनीतिक दलसम्बन्धी प्रतिनिधित्वमा के व्यवस्था थियो?,उनीहरू व्यवस्थापिका–संसदमा प्रतिनिधित्व गर्ने फरक–फरक राजनीतिक दलका सदस्य हुनुपर्ने थियो।,धारा २९९ बमोजिम निर्वाचित सभामुख र उपसभामुख कुनै पनि राजनीतिक दलको सदस्यता राख्न नहुने थियो।
TP021,English,How were the Speaker and Deputy Speaker required to perform their functions under Article 299?,They had to perform their functions as neutral persons without standing for or against any political party.,Article 299 states that the Speaker and Deputy Speaker must perform their functions independently and impartially.
TP021,Nepali,धारा २९९ बमोजिम सभामुख र उपसभामुखले आफ्नो कार्य कसरी सम्पादन गर्नुपर्ने थियो?,कुनै पनि राजनीतिक दलको पक्ष वा विपक्षमा नउभिई तटस्थ व्यक्तिको रूपमा कार्य सम्पादन गर्नुपर्ने थियो।,धारा २९९ बमोजिम सभामुख र उपसभामुखले संविधान र नियमावली बमोजिम आफ्नो कार्य सम्पादन गर्ने थिए।
TP022,English,What majority was required for a resolution declaring that the conduct of the Speaker or Deputy Speaker was incompatible with the office?,A majority of at least two-thirds of the total number of members of the Legislature-Parliament was required.,Two-thirds
TP022,Nepali,सभामुख वा उपसभामुखको आचरण निजको पदसँग अनुकूल नभएको घोषणा गर्ने प्रस्ताव पारित गर्न कस्तो बहुमत आवश्यक पर्थ्यो?,व्यवस्थापिका–संसदका कुल सदस्य संख्याको कम्तीमा दुई तिहाइ बहुमत आवश्यक पर्थ्यो।,६०%
TP023,English,Which existing courts continued to exist until the judicial structure provided for in the Constitution was established?,"The Supreme Court, Constituent Assembly Court, Appellate Courts, and District Courts continued to exist.",State courts
TP023,Nepali,संविधानमा व्यवस्था गरिएको न्यायपालिकाको संरचना स्थापना नभएसम्म कुन–कुन विद्यमान अदालतहरू कायम रहने व्यवस्था थियो?,"सर्वोच्च अदालत, संविधान सभा अदालत, पुनरावेदन अदालत र जिल्ला अदालतहरू कायम रहने व्यवस्था थियो।",विद्यमान सर्वोच्च न्यायालय र बहालवाला महान्gerichtहरू।
TP024,English,What happened to cases pending in the Appellate Courts after the establishment of the High Courts?,They were transferred to the High Courts specified by the Government of Nepal in consultation with the Judicial Council.,"The Appellate Courts were abolished, and their cases were transferred to the High Courts."
TP024,Nepali,उच्च अदालत स्थापना भएपछि पुनरावेदन अदालतमा विचाराधीन मुद्दाहरूको के हुने व्यवस्था थियो?,न्याय परिषद्सँग परामर्श गरी नेपाल सरकारले तोकेका उच्च अदालतहरूमा ती मुद्दाहरू हस्तान्तरण गरिने व्यवस्था थियो।,उच्च अदालत स्थापना भएपछि पुनरावेदन अदालतमा विचाराधीन मुद्दाहरू उच्च अदालतमा नै विचाराधीन रहेका थिए।
TP029,English,How are Constitutional Bodies existing at the commencement of the Constitution treated under Article 301?,They are deemed to have been formed under the Constitution.,They were continued in existence.
TP029,Nepali,संविधान प्रारम्भ हुँदा विद्यमान संवैधानिक निकायहरूलाई धारा ३०१ अन्तर्गत कसरी मानिन्छ?,संविधानअन्तर्गत गठन भएको मानिन्छ।,विद्यमान संवैधानिक निकायहरू धारा ३०१ अन्तर्गत ‘सरकारी निकाय’ मानिन्छन्।
TP030,English,What happens to matters under consideration by existing Constitutional Bodies when the Constitution commences?,They may continue to be settled subject to the Constitution.,They cease to exist.
TP030,Nepali,संविधान प्रारम्भ हुँदा विद्यमान संवैधानिक निकायहरूमा विचाराधीन विषयहरूको के हुन्छ?,संविधानको अधीनमा रही तिनको निरूपण जारी रहन सक्छ।,तत्कालिन राजालाई अधिकार प्रत्यायोजन गरिन्छ।
TP031,English,How are chiefs and officials of Constitutional Bodies holding office at the commencement of the Constitution treated?,They are deemed to have been appointed under the Constitution.,They continued to hold office until a new election or appointment was made.
TP031,Nepali,संविधान प्रारम्भ हुँदा पदमा रहेका संवैधानिक निकायका प्रमुख तथा पदाधिकारीहरूलाई कसरी मानिन्छ?,संविधानअन्तर्गत नियुक्त भएको मानिन्छ।,संविधान प्रारम्भ हुँदा पदमा रहेका संवैधानिक निकायका प्रमुख तथा पदाधिकारीहरूलाई ‘अधिपतिको सल्लाहकार’ मानिन्थ्यो।
TP032,English,Under what conditions may existing chiefs and officials of Constitutional Bodies continue in office?,They continue subject to the conditions of service applicable at the time of their appointment.,"Unless removed by impeachment, censure, or voluntary resignation."
TP032,Nepali,विद्यमान संवैधानिक निकायका प्रमुख तथा पदाधिकारीहरू कुन शर्तमा पदमा कायम रहन सक्छन्?,नियुक्तिको समयमा लागू रहेका सेवाका शर्तहरूको अधीनमा रही।,संविधानको व्यवस्था अनुसार।
TP033,English,What special provision applies to officials of the Commission for the Investigation of Abuse of Authority and the Public Service Commission who exceed the number specified in the Constitution?,They may continue to hold office subject to the conditions of service applicable at the time of their appointment.,Removal from office.
TP033,Nepali,संविधानमा तोकिएको संख्याभन्दा बढी रहेका अख्तियार दुरुपयोग अनुसन्धान आयोग र लोक सेवा आयोगका पदाधिकारीसम्बन्धी विशेष व्यवस्था के हो?,उनीहरू नियुक्तिको समयमा लागू रहेका सेवाका शर्तहरूको अधीनमा रही पदमा कायम रहन सक्छन्।,संविधानको धारा ७६(२) बमोजमा।
TP034,English,Who is responsible for making necessary provisions for the delivery of services at the State and Local levels?,The Government of Nepal.,State and local governments.
TP034,Nepali,प्रदेश र स्थानीय तहमा सेवा प्रवाहका लागि आवश्यक व्यवस्था गर्ने जिम्मेवारी कसको हो?,नेपाल सरकारको।,सरकारको।
TP035,English,How may the Government of Nepal arrange for the delivery of services at the State and Local levels during the transition?,"By adjusting employees serving in government services at the commencement of the Constitution among the Federal, State and Local levels in accordance with law.","Through provincial and municipal level governance structures, incorporating existing local government institutions and establishing new ones, alongside capacity building and resource allocation."
TP035,Nepali,संक्रमणकालमा प्रदेश र स्थानीय तहमा सेवा प्रवाहको व्यवस्था नेपाल सरकारले कसरी गर्न सक्छ?,"संविधान प्रारम्भ हुँदाका सरकारी सेवामा कार्यरत कर्मचारीहरूलाई कानूनबमोजिम संघ, प्रदेश र स्थानीय तहमा समायोजन गरेर।","संक्रमणकालमा प्रदेश र स्थानीय तहमा सेवा प्रवाहको व्यवस्था गर्न नेपाल सरकारले तालमेल कायम गरी एकीकृत योजना बनाउनु, समन्वय स्थापित गर्नु र सेवा प्रवाहका लागि आवश्यक बजेट विनियोजन गर्नु पर्दछ।"
TP036,English,How long do the Local Bodies existing at the commencement of the Constitution continue to exist?,Until the number and areas of the Local level are determined in accordance with the Constitution.,Until their dissolution as provided for in the Constitution.
TP036,Nepali,संविधान प्रारम्भ हुँदा विद्यमान स्थानीय निकायहरू कति समयसम्म कायम रहन्छन्?,संविधानबमोजिम स्थानीय तहको संख्या र क्षेत्र निर्धारण नभएसम्म।,संविधान लागू भएसम्म।
TP037,English,How are elections to officials of the existing Local Bodies conducted during the transitional period?,In accordance with law.,"Elections are conducted as per the existing laws, with the President or Governor exercising powers to appoint officials if required."
TP037,Nepali,संक्रमणकालमा विद्यमान स्थानीय निकायका पदाधिकारीहरूको निर्वाचन कसरी गरिन्छ?,कानूनबमोजिम।,स्थानीय तहको निर्वाचन प्रदेशको अख्तियार समितिले गरिन्छ।
TP038,English,Until when do officials elected to the existing Local Bodies continue to hold office?,Until elections to the Local level are held in accordance with the Constitution.,Until the end of the term for which they were elected.
TP038,Nepali,विद्यमान स्थानीय निकायमा निर्वाचित पदाधिकारीहरू कहिलेसम्म पदमा कायम रहन्छन्?,संविधानबमोजिम स्थानीय तहको निर्वाचन नभएसम्म।,"स्थायी रूपमा, पाँच वर्षसम्म।"
TP039,English,What is the general rule regarding Nepalese laws in force when the Constitution commences?,They continue to remain in force until repealed or amended.,Existing laws in force at the time of the commencement of the Constitution remained in effect.
TP039,Nepali,संविधान प्रारम्भ हुँदा प्रचलित नेपालका कानूनहरूबारे सामान्य व्यवस्था के हो?,खारेज वा संशोधन नभएसम्म ती कानूनहरू कायम रहन्छन्।,संविधान प्रारम्भ हुँदा प्रचलित कानूनहरू क्रमशः निष्क्रिय हुन गए।
TP040,English,What happens to an existing law that is inconsistent with the Constitution after the specified transitional period?,It becomes invalid to the extent of its inconsistency.,It is repealed or amended.
TP040,Nepali,संविधानसँग बाझिएको विद्यमान कानूनको तोकिएको संक्रमणकालीन अवधिपछि के हुन्छ?,"जति हदसम्म संविधानसँग बाझिन्छ, त्यति हदसम्म अमान्य हुन्छ।",स्थायी कानून।
TP041,English,After what event and period does the inconsistency rule for existing laws take effect under Article 304(1)?,"After one year from the date on which the first session of the Federal Parliament is held, an inconsistent law becomes invalid to the extent of its inconsistency.",Upon the entry into force of the Constitution.
TP041,Nepali,धारा ३०४(१) अन्तर्गत विद्यमान कानूनको असंगतिसम्बन्धी व्यवस्था कुन घटना र अवधिपछि लागू हुन्छ?,"संघीय संसद्को पहिलो अधिवेशन बसेको मितिले एक वर्षपछि संविधानसँग बाझिएको कानून जति हदसम्म बाझिन्छ, त्यति हदसम्म अमान्य हुन्छ।","घटनापश्चात तत्काल, अवधि– दश दिन।"
TP042,English,"How are Acts relating to the peace process under the Interim Constitution of Nepal, 2007 treated under the Constitution?",They are deemed to have been done under the Constitution.,Acts relating to the peace process under the Interim Constitution of 2007 were considered subordinate to the Constitution and subject to its provisions regarding conflict resolution and transitional justice.
TP042,Nepali,"नेपालको अन्तरिम संविधान, २०६३ अन्तर्गत शान्ति प्रक्रियासम्बन्धी कार्यहरूलाई संविधानअन्तर्गत कसरी मानिन्छ?",संविधानअन्तर्गत गरिएको मानिन्छ।,संविधानको धारा ७२(अ) अन्तर्गत।
TP043,English,Who may issue necessary orders to remove difficulties in implementing the Constitution before the first session of the Federal Parliament?,"The President, on the recommendation of the Government of Nepal, Council of Ministers.",The President.
TP043,Nepali,संघीय संसद्को पहिलो अधिवेशनअघि संविधान कार्यान्वयनमा उत्पन्न कठिनाइ हटाउन आवश्यक आदेश कसले जारी गर्न सक्छ?,"नेपाल सरकार, मन्त्रिपरिषद्को सिफारिसमा राष्ट्रपतिले।",राष्ट्रपति/प्रधानमन्त्री
TP044,English,What must happen to an order issued to remove difficulties under Article 305?,It must be submitted for approval to the Legislature-Parliament or Federal Parliament that is held immediately after the order is issued.,It must be approved by the Court.
TP044,Nepali,धारा ३०५ अन्तर्गत कठिनाइ हटाउन जारी गरिएको आदेशको के गर्नुपर्छ?,आदेश जारी भएपछि तुरुन्त बस्ने व्यवस्थापिका–संसद् वा संघीय संसद्समक्ष अनुमोदनका लागि पेश गर्नुपर्छ।,आदेशको पालना गर्नुपर्छ।
DF001,English,"Under Article 306, which groups are considered “minorities”?","Minorities are ethnic, linguistic, and religious groups whose population is below the percentage specified by Federal law, including groups with distinct ethnic, religious, or linguistic characteristics and aspirations to protect them that have been subjected to discrimination and oppression.",Article 306 defines “minorities” as “all persons not belonging to the majority community.”
DF001,Nepali,धारा ३०६ अन्तर्गत “अल्पसंख्यक” भन्नाले कुन समूहलाई जनाउँछ?,"संघीय कानूनले तोकेको प्रतिशतभन्दा कम जनसंख्या भएका जातीय, भाषिक र धार्मिक समूहहरू, साथै आफ्ना विशिष्ट जातीय, धार्मिक वा भाषिक विशेषता संरक्षण गर्ने आकांक्षा भएका र विभेद तथा उत्पीडनमा परेका समूहहरूलाई अल्पसंख्यक भनिन्छ।","जात, लिङ्ग, धर्म, वा सामाजिक उत्पत्तिको आधारमा कुनै समूह अल्पमतमा रहेको पाइँदा त्यस समूहका व्यक्तिहरू।"
DF002,English,What does the term “law” mean under Article 306 of the Constitution?,"“Law” means Federal law, State law, and Local law.",“Law” means a statute passed by the Parliament.
DF002,Nepali,संविधानको धारा ३०६ अन्तर्गत “कानून” भन्नाले के बुझिन्छ?,"“कानून” भन्नाले संघीय कानून, प्रदेश कानून र स्थानीय कानून बुझिन्छ।","संविधानको धारा ३०६ अनुसार, ""कानून"" भनेको संघीय संसदले बनाएको कानुन हो।"
DF003,English,What does the term “Article” refer to under Article 306?,It means an Article of the Constitution.,A declaration of a state of public emergency.
DF003,Nepali,धारा ३०६ अन्तर्गत “धारा” भन्नाले के जनाउँछ?,संविधानको कुनै धारा।,आत्महतियार हुन मद्दत वा निम्त्याउने कार्य।
DF004,English,What entities are included within the constitutional definition of “Municipality”?,A Municipality includes a Municipal Corporation and a Sub-municipal Corporation.,"Cities, towns, villages, and boroughs."
DF004,Nepali,संवैधानिक रूपमा “नगरपालिका” को परिभाषाभित्र कुन निकायहरू पर्छन्?,नगरपालिका भन्नाले महानगरपालिका र उपमहानगरपालिका समेत जनाउँछ।,"नगरपालिकाको परिभाषा अनुसार, स्थानीय सरकारको निकायहरू।"
DF005,English,Who is considered a “citizen” under Article 306?,A citizen means a citizen of Nepal.,"A person born in the Philippines who at the time of his birth, is a national of the Philippines or whose parent is a Philippine national."
DF005,Nepali,धारा ३०६ अन्तर्गत “नागरिक” भन्नाले कसलाई जनाउँछ?,“नागरिक” भन्नाले नेपालको नागरिकलाई जनाउँछ।,धारा ३०६ अन्तर्गत “नागरिक” भन्नाले कानुनले नागरिक दर्जा दिइएको व्यक्तिलाई जनाउँछ।
DF006,English,How does Article 306 define the term “State”?,“State” means the area and form of a federal unit of Nepal divided into federal units in accordance with the Constitution.,"For the purposes of this Treaty, “State” means any entity capable of having international relations."
DF006,Nepali,धारा ३०६ ले “प्रदेश” शब्दलाई कसरी परिभाषित गरेको छ?,“प्रदेश” भन्नाले संविधानबमोजिम संघीय इकाइहरूमा विभाजित नेपालको संघीय इकाइको क्षेत्र र स्वरूपलाई जनाउँछ।,प्रदेश भनेको राज्य वा राज्यको समूह हो।
DF007,English,What does “remuneration” include under Article 306?,"It includes salary, allowance, pension, and any other form of emolument and facility.","Salary, bonuses, and other benefits."
DF007,Nepali,धारा ३०६ अन्तर्गत “पारिश्रमिक” मा के–के समावेश हुन्छ?,"यसमा तलब, भत्ता, निवृत्तिभरण तथा अन्य कुनै पनि प्रकारको पारिश्रमिक र सुविधा समावेश हुन्छ।","यस अन्तर्गत भुक्तानी, क्षतिपूर्ति, वा क्षतिपूर्ति शुल्क समावेश हुन्छ।"
DF008,English,What powers are included within the meaning of “state power”?,"State power includes executive, legislative, and judicial powers of the State, as well as residual power.","Legislative, executive, and judicial powers."
DF008,Nepali,“राज्य शक्ति” भन्नाले कुन–कुन शक्ति समावेश भएको बुझिन्छ?,"राज्य शक्तिमा प्रदेशको कार्यपालिका, व्यवस्थापिका र न्यायपालिकासम्बन्धी शक्ति तथा अवशिष्ट शक्ति समावेश हुन्छ।","राज्य शक्ति भनेको कानुन बनाउने, कर लगाउने, ठगी नियन्त्रण गर्ने, रक्षा गर्ने र न्याय प्रदान गर्ने शक्ति समावेश हुन्छ।"
DF009,English,What does the term “Bill” mean under Article 306?,It means a draft of an amendment to the Constitution or of an Act introduced in the Federal Parliament or a State Assembly.,A Bill is a proposed law presented to the Parliament for enactment.
DF009,Nepali,धारा ३०६ अन्तर्गत “विधेयक” भन्नाले के बुझिन्छ?,संघीय संसद् वा प्रदेश सभामा पेश गरिएको संविधान संशोधन वा ऐनको मस्यौदालाई विधेयक भनिन्छ।,धारा ३०६ अन्तर्गत “विधेयक” भन्नाले संसद्ले बनाएको नयाँ कानुन बुझिन्छ।
DF010,English,What is meant by “Federation” and “Federal Units” under Article 306?,"“Federation” means the federal level, which is the apex unit of the federal structure. “Federal Units” means the Federation, State, and Local levels.",“Federation” refers to the union of states. “Federal Units” are the individual states comprising the federation.
DF010,Nepali,धारा ३०६ अन्तर्गत “संघ” र “संघीय इकाइ” भन्नाले के बुझिन्छ?,"“संघ” भन्नाले संघीय संरचनाको सर्वोच्च इकाइ अर्थात् संघीय तह बुझिन्छ। “संघीय इकाइ” भन्नाले संघ, प्रदेश र स्थानीय तह बुझिन्छ।",धारा ३०६ अन्तर्गत “संघ” भन्नाले संघीय सरकार र “संघीय इकाइ” भन्नाले राज्य सरकारहरूलाई बुझिन्छ।
DF011,English,Which institutions are included within the definition of “Constitutional Bodies” under Article 306?,"They include the Commission for the Investigation of Abuse of Authority, Auditor General, Public Service Commission, Election Commission, National Human Rights Commission, National Natural Resources and Fiscal Commission, National Women Commission, National Dalit Commission, National Inclusion Commission, Indigenous Nationalities Commission, Madhesi Commission, Tharu Commission, and Muslim Commission.","Article 306 lists the following institutions as Constitutional Bodies:

*   The President of the Republic
*   The Prime Minister
*   The Council of Ministers
*   The Constitutional Court
*   The National Assembly
*   The Regions"
DF011,Nepali,धारा ३०६ अन्तर्गत “संवैधानिक निकाय” को परिभाषाभित्र कुन–कुन निकायहरू पर्छन्?,"अख्तियार दुरुपयोग अनुसन्धान आयोग, महालेखा परीक्षक, लोक सेवा आयोग, निर्वाचन आयोग, राष्ट्रिय मानव अधिकार आयोग, राष्ट्रिय प्राकृतिक स्रोत तथा वित्त आयोग, राष्ट्रिय महिला आयोग, राष्ट्रिय दलित आयोग, राष्ट्रिय समावेशी आयोग, आदिवासी जनजाति आयोग, मधेसी आयोग, थारू आयोग र मुस्लिम आयोग संवैधानिक निकायमा पर्छन्।","संविधान जारी गर्ने संसय, सर्वोच्च न्यायालय र राजपत्रले।"
DF012,English,Who are considered “marginalized” communities under Article 306?,"They are communities made politically, economically, and socially backward; unable to enjoy services and facilities because of discrimination, oppression, or geographical remoteness; or deprived of them; and having a status below the human development standards specified by Federal law. The definition also includes highly marginalized groups and groups on the verge of extinction.",Indigenous peoples and persons of African descent.
DF012,Nepali,धारा ३०६ अन्तर्गत “सीमान्तीकृत” समुदाय भन्नाले कुन समुदायलाई जनाउँछ?,"राजनीतिक, आर्थिक र सामाजिक रूपमा पछाडि पारिएका; विभेद, उत्पीडन वा भौगोलिक विकटताका कारण सेवा तथा सुविधाको उपभोग गर्न नसकेका वा त्यस्ता सेवाबाट वञ्चित भएका; तथा संघीय कानूनमा उल्लिखित मानव विकासको मापदण्डभन्दा न्यून अवस्थामा रहेका समुदायलाई सीमान्तीकृत समुदाय भनिन्छ। यसमा अति सीमान्तीकृत र लोपोन्मुख समूहहरू समेत पर्छन्।",जनुवार समुदाय।
DF013,English,What entities are included within the term “Local level” under Article 306?,"It means Village Bodies, Municipalities, and District Assemblies established in accordance with the Constitution.",Municipalities and local government units.
DF013,Nepali,धारा ३०६ अन्तर्गत “स्थानीय तह” भन्नाले कुन निकायहरूलाई जनाउँछ?,"संविधानबमोजिम स्थापना हुने गाउँ निकाय, नगरपालिका र जिल्ला सभालाई स्थानीय तह भनिन्छ।","स्थानीय तहको निर्वाचन क्षेत्रमा प्रतिनिधित्व गरिने गाउँपालिका, नगरपालिका र त्यसरी गठन हुने अन्य स्थानीय निकायहरू।"
DF014,English,How are legal provisions relating to the interpretation of laws applied when interpreting the Constitution?,"Subject to the provisions of the Constitution, the legal provisions relating to the interpretation of laws apply to the interpretation of the Constitution in the same manner as they apply to the interpretation of Nepalese laws.","Constitutional interpretation relies on principles like textualism, originalism, and living constitutionalism, each influencing how provisions are understood."
DF014,Nepali,संविधानको व्याख्या गर्दा कानूनको व्याख्यासम्बन्धी कानूनी व्यवस्थाहरू कसरी लागू हुन्छन्?,संविधानका प्रावधानहरूको अधीनमा रही कानूनको व्याख्यासम्बन्धी कानूनी व्यवस्था नेपालको कानूनको व्याख्या गर्दा लागू हुने समान तरिकाले संविधानको व्याख्यामा लागू हुन्छ।,संविधानको व्याख्या गर्दा कानूनको व्याख्यासम्बन्धी कानूनी व्यवस्था (जैसे कि judicial precedent) लागू हुन्छ।
DF015,English,"What is the short title of the Constitution, when did it commence, and which previous Constitution did it repeal?","It may be cited as the “Constitution of Nepal”; it commenced on 20 September 2015 (3 Ashwin 2072 Bikram Sambat); and it repealed the Interim Constitution of Nepal, 2007 (2063).","Articles of Confederation
March 4, 1789
No previous constitution – it was the first."
DF015,Nepali,"संविधानको छोटो नाम के हो, यो कहिले प्रारम्भ भयो र यसले कुन अघिल्लो संविधान खारेज गर्‍यो?","यसको छोटो नाम “नेपालको संविधान” हो; यो २० सेप्टेम्बर २०१५ (वि.सं. २०७२ असोज ३ गते) प्रारम्भ भयो; र यसले नेपालको अन्तरिम संविधान, २०६३ खारेज गर्‍यो।","संविधानको छोटो नाम: नेपाली संविधान
प्रारम्भ: २०७० पुस १५
खारेज गरेको संविधान: २०६३ असोज ११ (संविधानको पहिलो संशोधन)"
,English,,,Undefined.
,Nepali,,,न வரையतामित छैन।
RI001,English,What is the short title of the Act?,"Right to Information Act, 2064 B.S. (2007 A.D.).",Income Tax Act
RI001,Nepali,यस ऐनको छोटो नाम के हो?,"सूचनाको हक सम्बन्धी ऐन, २०६४ (सन् २००७)।",अनुच्छेद ऐन
RI002,English,"On what day after certification does the Right to Information Act, 2064 come into force?",The 30th day after certification.,"May 14, 2064"
RI002,Nepali,"सूचनाको हक सम्बन्धी ऐन, २०६४ प्रमाणीकरण भएको कति दिनपछि लागू हुन्छ?",प्रमाणीकरण भएको ३०औँ दिन।,प्रमण्डन भएको ७ दिन पछि।
RI003,English,"Under the Act, what is meant by a “Public Body”?",Any body or institution included in the categories listed in Section 2(a).,A “Public Body” means a body which is established by or exercises powers under an Act of Parliament.
RI003,Nepali,ऐनअनुसार “सार्वजनिक निकाय” भन्नाले के बुझिन्छ?,दफा २(क) मा उल्लिखित वर्गमा पर्ने कुनै निकाय वा संस्था।,सार्वजनिक निकाय भन्नाले सरकारले स्थापित गरेको संस्था वा निकायलाई बुझिन्छ।
RI004,English,Which type of body is included as a Public Body because it is established under the Constitution?,A body under the Constitution.,Legislatures
RI004,Nepali,संविधानअन्तर्गत स्थापित कुन प्रकारको निकाय सार्वजनिक निकायमा पर्छ?,संविधानअन्तर्गतको निकाय।,संविधान न्यायालय
RI005,English,Is a body established by an Act included within the definition of a Public Body?,Yes.,Yes.
RI005,Nepali,ऐनद्वारा स्थापित निकाय सार्वजनिक निकायको परिभाषाभित्र पर्छ कि पर्दैन?,पर्छ।,हाँहाँ।
RI006,English,What type of body formed by the Government of Nepal is included as a Public Body?,A body formed by the Government of Nepal.,Local Government Bodies
RI006,Nepali,नेपाल सरकारद्वारा गठन गरिएको कुन प्रकारको निकाय सार्वजनिक निकायमा पर्छ?,नेपाल सरकारद्वारा गठन गरिएको निकाय।,कारवाला आयोग
RI007,English,"What is the distinction between the first three categories of Public Body under Section 2(a): a body under the Constitution, a body established by an Act, and a body formed by the Government of Nepal?","They are respectively a body under the Constitution, a body established by an Act, and a body formed by the Government of Nepal.","*   **Body under the Constitution:** Created directly by the Constitution of Nepal.
*   **Body established by an Act:** Created by a specific Act of Parliament.
*   **Body formed by the Government of Nepal:** Established through government regulations and directives."
RI007,Nepali,दफा २(क) अन्तर्गत सार्वजनिक निकायका पहिलो तीन वर्गबीच के भिन्नता छ?,"ती क्रमशः संविधानअन्तर्गतको निकाय, ऐनद्वारा स्थापित निकाय र नेपाल सरकारद्वारा गठन गरिएको निकाय हुन्।","संसद, राज्य सभा, र प्रदेश सभा।"
RI008,English,Does the definition of Public Body include an institution or foundation established by law for public service?,Yes.,Yes.
RI008,Nepali,सार्वजनिक सेवाका लागि कानूनद्वारा स्थापित संस्था वा प्रतिष्ठान सार्वजनिक निकायको परिभाषामा पर्छ?,पर्छ।,हाँसो।
RI009,English,Which political organizations are included within the definition of a Public Body under the Act?,Political parties or organizations registered under the relevant law.,"Local authorities, government departments, and NHS bodies."
RI009,Nepali,ऐनअनुसार कुन राजनीतिक संगठनहरू सार्वजनिक निकायको परिभाषाभित्र पर्छन्?,सम्बन्धित कानूनअन्तर्गत दर्ता भएका राजनीतिक दल वा संगठनहरू।,"कानुनको दफा ३(२) बमोज्य, सार्वजनिक निकाय भनेको सरकारको हिस्सा वा सरकारको अधिकार प्रयोग गर्ने राजनीतिक दलहरू हुन्।"
RI010,English,Under what ownership or control conditions is a body corporate included as a Public Body?,"When it is wholly or partly owned by, or under the control of, the Government of Nepal or a body receiving grants from the Government of Nepal.",When it exercises sovereign powers or functions.
RI010,Nepali,कुन स्वामित्व वा नियन्त्रणको अवस्थामा कुनै निकायगत संस्था सार्वजनिक निकायमा पर्छ?,"नेपाल सरकारको पूर्ण वा आंशिक स्वामित्वमा वा नियन्त्रणमा रहेको, वा नेपाल सरकारबाट अनुदान प्राप्त गर्ने त्यस्तो निकायको स्वामित्व वा नियन्त्रणमा रहेको अवस्थामा।",सार्वजनिक स्वामित्व वा नियन्त्रण
RI011,English,"Can a body corporate formed by another body established by the Government of Nepal or by law be considered a Public Body, and what additional condition is specified?","Yes, when it is formed by such a body upon entering into an agreement.","Yes, if the body corporate is established by the Government of Nepal or by law, and it is *primarily* for the administration of public affairs."
RI011,Nepali,नेपाल सरकार वा कानूनद्वारा स्थापित निकायले सम्झौता गरी गठन गरेको निकायगत संस्था सार्वजनिक निकाय मानिन सक्छ?,"सक्छ, त्यस्तो निकायले सम्झौता गरी गठन गरेको अवस्थामा।",हाँसो।
RI012,English,What type of non-governmental organization or institution is included as a Public Body?,"One operated with money obtained directly or indirectly from the Government of Nepal, a foreign government, or an international organization or institution.",Government agencies
RI012,Nepali,कस्तो गैरसरकारी संस्था वा संगठन सार्वजनिक निकायमा पर्छ?,"नेपाल सरकार, विदेशी सरकार वा अन्तर्राष्ट्रिय संगठन वा संस्थाबाट प्रत्यक्ष वा अप्रत्यक्ष रूपमा प्राप्त रकमबाट सञ्चालित संस्था वा संगठन।",गैर सरकारी सถาपन (NGO)
RI013,English,What is the key difference between the Public Body categories concerning a body corporate under government ownership or control and a non-governmental organization receiving funds?,"The former is included based on specified ownership or control, while the latter is included based on operation using money obtained from specified governments or international organizations or institutions.","A body corporate under government ownership/control is subject to government accountability and oversight, while an NGO receiving funds is primarily accountable to its donors and beneficiaries."
RI013,Nepali,सरकारी स्वामित्व वा नियन्त्रणमा रहेको निकायगत संस्था र रकम प्राप्त गर्ने गैरसरकारी संस्थाबीच सार्वजनिक निकायको परिभाषामा मुख्य भिन्नता के हो?,पहिलो वर्ग निर्दिष्ट स्वामित्व वा नियन्त्रणका आधारमा समावेश हुन्छ भने दोस्रो वर्ग निर्दिष्ट सरकार वा अन्तर्राष्ट्रिय संगठन वा संस्थाबाट प्राप्त रकमबाट सञ्चालित भएको आधारमा समावेश हुन्छ।,"सरकारी निकायले गैरसरकारी संस्थालाई वित्तीय सहायता वा रकम दिदा, सरकारी निकायको परिभाषामा मुख्य भिन्नता यो हुन्छ: नियन्त्रण वा प्रभावमाथि कुनै ह्रास नहुनु।"
RI014,English,How may the Government of Nepal designate an additional body or institution as a Public Body beyond the categories expressly listed in Section 2(a)?,By publishing a notice in the Gazette.,Through an amendment to the Public Bodies Act.
RI014,Nepali,दफा २(क) मा स्पष्ट रूपमा उल्लिखित वर्गबाहेक नेपाल सरकारले थप कुनै निकाय वा संस्थालाई कसरी सार्वजनिक निकाय तोक्न सक्छ?,राजपत्रमा सूचना प्रकाशित गरेर।,लागू हुने ऐनको पालनाअनुसार।
RI015,English,A body does not fall within any of the first eight listed categories of Public Body. Under what condition can it still be treated as a Public Body under the Act?,If the Government of Nepal prescribes it as a Public Body by publishing a notice in the Gazette.,If it has the requisite characteristics of a public body as defined in the Act.
RI015,Nepali,कुनै निकाय सार्वजनिक निकायका पहिलो आठ वर्गमध्ये कुनैमा पर्दैन भने कुन अवस्थामा त्यसलाई ऐनअनुसार सार्वजनिक निकाय मान्न सकिन्छ?,नेपाल सरकारले राजपत्रमा सूचना प्रकाशित गरी त्यसलाई सार्वजनिक निकायका रूपमा तोकेमा।,नवौं अवस्था।
RI016,English,"Under the Act, what does “Information” mean?","Any written document, material, or information related to the functions, proceedings, or decisions of public importance made by a Public Body.","“Information” means any data, record, or other material, regardless of the form in which it is contained."
RI016,Nepali,ऐनअनुसार “सूचना” भन्नाले के बुझिन्छ?,"सार्वजनिक निकायका कार्य, कार्यवाही वा सार्वजनिक महत्वका निर्णयसँग सम्बन्धित कुनै लिखित दस्तावेज, सामग्री वा सूचना।",कानूनको पालना गर्ने उद्देश्यको लागि दिइएको लिखित वा मुद्रित विवरण।
RI017,English,What does “Public Importance” mean under the Act?,A subject directly or indirectly related to the interest of citizens.,“Public importance” means a matter of general or public interest.
RI017,Nepali,ऐनअनुसार “सार्वजनिक महत्व” भन्नाले के बुझिन्छ?,नागरिकको हितसँग प्रत्यक्ष वा अप्रत्यक्ष रूपमा सम्बन्धित विषय।,"सार्वजनिक महत्व भनेको देशको सुरक्षा, स्थिरता, लोकतन्त्र, सामाजिक सद्भाव, वा मौलिक अधिकारसँग सम्बन्धित कुरा हो।"
RI018,English,What types of materials are included within the definition of a “Document”?,"Any kind of written document, including audiovisual material collected and updated through mechanical means or material that can be printed or retrieved.","Text, images, audio, and video."
RI018,Nepali,“दस्तावेज” को परिभाषाभित्र कस्ता सामग्रीहरू समावेश हुन्छन्?,जुनसुकै प्रकारको लिखित दस्तावेज तथा यान्त्रिक माध्यमबाट संकलन र अद्यावधिक गरिएको वा छाप्न वा पुनःप्राप्त गर्न सकिने श्रव्यदृश्य सामग्री।,"दस्तावेजमा लिखित, मुद्रित, वा डिजिटल रूपमा रेकर्ड गरिएको कुनै पनि सामग्री समावेश हुन्छ, जस्तै कागजात, रिपोर्ट, पत्र, म्याल्स, तस्वीर, भिडियो, आदि।"
RI019,English,How does the Act distinguish “Information” from a “Document”?,"Information concerns material related to the functions, proceedings, or decisions of public importance of a Public Body, while a Document refers to written or specified audiovisual or mechanically stored or retrievable material.","The Act defines “Information” as data, and a “Document” as information recorded in a tangible form."
RI019,Nepali,ऐनले “सूचना” र “दस्तावेज” बीच कसरी भिन्नता गर्छ?,"सूचना सार्वजनिक निकायका कार्य, कार्यवाही वा सार्वजनिक महत्वका निर्णयसँग सम्बन्धित सामग्री हो भने दस्तावेज लिखित वा निर्दिष्ट श्रव्यदृश्य वा यान्त्रिक रूपमा संकलित, छाप्न वा पुनःप्राप्त गर्न सकिने सामग्री हो।","कानूनी सन्दर्भमा, ""सूचना"" भनेको कुनै तथ्यको मूल रूपमा उल्लेख नगरी दिइएको जानकारी हो, जबकि ""दस्तावेज"" भनेको भSebelum कागजी वा इलेक्ट्रोनिक माध्यममा रेकर्ड गरिएको लिखित वा दृश्य सामग्री हो।"
RI020,English,What is the basic right included within the definition of “Right to Information”?,The right to ask for and obtain information of public importance held by Public Bodies.,Access to government information.
RI020,Nepali,“सूचनाको हक” को परिभाषामा समावेश मूलभूत हक के हो?,सार्वजनिक निकायमा रहेको सार्वजनिक महत्वको सूचना माग्ने र प्राप्त गर्ने हक।,सूचना प्राप्त गर्ने हक।
RI021,English,"Besides asking for and obtaining information, what right concerning written documents or materials held by a Public Body is included in the Right to Information?",The right to study or observe them.,Right of access.
RI021,Nepali,सूचना माग्ने र प्राप्त गर्ने अधिकारबाहेक सार्वजनिक निकायमा रहेका लिखित दस्तावेज वा सामग्रीसम्बन्धी कुन अधिकार सूचनाको हकमा समावेश हुन्छ?,तिनको अध्ययन वा अवलोकन गर्ने हक।,समीक्षाको अधिकार
RI022,English,What may a person obtain regarding a document under the Right to Information?,A verified copy of the document.,"A person may obtain copies of the document, along with associated information."
RI022,Nepali,सूचनाको हकअन्तर्गत कुनै दस्तावेजका सम्बन्धमा के प्राप्त गर्न सकिन्छ?,प्रमाणित प्रतिलिपि।,दस्तावेजको बारेमा जानकारी।
RI023,English,What access does the Right to Information provide concerning a place where construction of public importance is taking place?,The right to visit or observe the place.,"The Right to Information provides access to information related to the planning, execution, and monitoring of construction projects of public importance, including contracts, permits, and associated costs."
RI023,Nepali,सार्वजनिक महत्वको निर्माण कार्य भइरहेको स्थानका सम्बन्धमा सूचनाको हकले कस्तो पहुँच प्रदान गर्छ?,त्यस्तो स्थानमा भ्रमण वा अवलोकन गर्ने हक।,सूचनाको हकले सम्बन्धित ठाउँमा निर्माण कार्यको बारेमा जानकारी पाउने अधिकार प्रदान गर्छ।
RI024,English,What may be obtained as evidence or information about materials used in construction of public importance under the Right to Information?,A verified sample of the material.,"Specifications, drawings, contracts, invoices, and payment records."
RI024,Nepali,सार्वजनिक महत्वको निर्माणमा प्रयोग भएका सामग्रीका सम्बन्धमा सूचनाको हकअन्तर्गत के प्राप्त गर्न सकिन्छ?,सामग्रीको प्रमाणित नमुना।,सुलभ जानकारीको हक।
RI025,English,What additional access does the Right to Information provide to information held in any type of machine?,The right to obtain the information through that machine.,The Right to Information does not automatically grant access to information held within machines.
RI025,Nepali,कुनै पनि प्रकारको यन्त्रमा रहेको सूचनाका सम्बन्धमा सूचनाको हकले कस्तो पहुँच प्रदान गर्छ?,त्यस्तो यन्त्रमार्फत सूचना प्राप्त गर्ने हक।,सूचनाको हकले यन्त्रमा रहेका सूचनाहरूमा पहुँच प्रदान गर्छ।
RI026,English,"Which of the following forms of access are expressly included in the statutory definition of the Right to Information: studying or observing documents, obtaining a verified copy, observing public-interest construction, obtaining a verified material sample, or obtaining machine-held information through the machine?",All of them.,"Studying or observing documents, obtaining a verified copy."
RI026,Nepali,"निम्नमध्ये कुन-कुन पहुँचका स्वरूपहरू सूचनाको हकको वैधानिक परिभाषामा स्पष्ट रूपमा समावेश छन्: दस्तावेज अध्ययन वा अवलोकन गर्नु, प्रमाणित प्रतिलिपि प्राप्त गर्नु, सार्वजनिक महत्वको निर्माण अवलोकन गर्नु, प्रमाणित सामग्रीको नमुना प्राप्त गर्नु, वा यन्त्रमा रहेको सूचना सोही यन्त्रमार्फत प्राप्त गर्नु?",यी सबै।,"दस्तावेज अध्ययन वा अवलोकन, प्रमाणित प्रतिलिपि प्राप्त गर्नु, सार्वजनिक महत्वको निर्माण अवलोकन गर्नु, प्रमाणित सामग्रीको नमुना प्राप्त गर्नु, र यन्त्रमा रहेको सूचना सोही यन्त्रमार्फत प्राप्त गर्नु।"
RI027,English,Who is an “Information Authority” under the Act?,A person appointed pursuant to Section 6.,An “Information Authority” is a government agency or department.
RI027,Nepali,ऐनअनुसार “सूचना अधिकारी” को हो?,दफा ६ बमोजिम नियुक्त व्यक्ति।,जस्तो ditetapkan गरिएको।
RI028,English,Who is referred to as the “Chief” under the Act?,The Chief of a Public Body.,The President.
RI028,Nepali,ऐनअनुसार “प्रमुख” भन्नाले कसलाई जनाउँछ?,सार्वजनिक निकायको प्रमुख।,ऐन अनुसार “प्रमुख” भन्नाले प्रतिनिधिसँगको सम्बन्धमा राजनीतिक शक्ति प्रयोग गर्ने व्यक्तिलाई जनाउँछ।
RI029,English,What does the term “Commission” refer to under the Act?,The National Information Commission constituted pursuant to Section 11.,A payment to an independent contractor for services rendered.
RI029,Nepali,ऐनअनुसार “आयोग” भन्नाले के जनाउँछ?,दफा ११ बमोजिम गठन भएको राष्ट्रिय सूचना आयोग।,आयोग भनेको निश्चित मात्रामा रकमको एक निश्चित प्रतिशत।
RI030,English,What is the distinction between the Chief Information Commissioner and an Information Commissioner under the Act?,"Both are persons appointed pursuant to Section 11, but they are separately identified as the Chief Information Commissioner and Information Commissioner.","The Chief Information Commissioner is the head of the Information Commissioner’s Office, while Information Commissioners are individual members of the Office."
RI030,Nepali,ऐनअनुसार मुख्य सूचना आयुक्त र सूचना आयुक्तबीच के भिन्नता छ?,"दुवै दफा ११ बमोजिम नियुक्त व्यक्ति हुन्, तर उनीहरूलाई क्रमशः मुख्य सूचना आयुक्त र सूचना आयुक्तका रूपम",मुख्य सूचना आयुक्तको अध्यक्षता गर्छ भने सूचना आयुक्त सदस्य हुन्।
RI031,English,"Who has the right to information under the Act, subject to the provisions of the Act?",Every citizen.,"Any citizen, government employee, and entity."
RI031,Nepali,यस ऐनका प्रावधानहरूको अधीनमा रही सूचनाको हक कसलाई हुन्छ?,प्रत्येक नागरिकलाई।,सूचनाको हकवाला।
RI032,English,What information shall every citizen have access to under the Act?,Information held by Public Bodies.,Information relating to the exercise of rights and freedoms guaranteed by the Constitution.
RI032,Nepali,ऐनअनुसार प्रत्येक नागरिकलाई कुन सूचनामा पहुँच हुन्छ?,सार्वजनिक निकायमा रहेको सूचना।,सार्वजनिक सूचना
RI033,English,"What types of information concerning Nepal's sovereignty, integrity, national security, public peace, stability, and international relations shall not be disseminated?",Information that seriously jeopardizes any of those interests.,"Information relating to Nepal’s sovereignty, integrity, national security, public peace, stability, and international relations."
RI033,Nepali,"नेपालको सार्वभौमसत्ता, अखण्डता, राष्ट्रिय सुरक्षा, सार्वजनिक शान्ति, स्थिरता र अन्तर्राष्ट्रिय सम्बन्धका सम्बन्धमा कस्तो सूचना प्रसार गर्न हुँदैन?",तीमध्ये कुनै पनि हितमा गम्भीर रूपमा प्रतिकूल असर पार्ने सूचना।,राष्ट्र सुरक्षाको खतरा हुने सूचना।
RI034,English,What information related to a crime shall not be disseminated under the Act?,"Information that directly affects the investigation, inquiry, or prosecution of a crime.","Information that could endanger the safety of any person, compromise an investigation, or violate the privacy of victims or witnesses."
RI034,Nepali,अपराधसँग सम्बन्धित कुन सूचना ऐनअनुसार प्रसार गर्न हुँदैन?,"अपराधको अनुसन्धान, छानबिन वा अभियोजनमा प्रत्यक्ष असर पार्ने सूचना।",अपराधसम्बन्धी सूचना।
RI035,English,"What types of interests or privacy are protected from serious harm under the information exception relating to economic, trade, monetary, intellectual property, banking, or trade matters?","Economic, trade, or monetary interests, intellectual property, and banking or trade privacy.","Economic, trade, monetary, intellectual property, banking, and trade matters."
RI035,Nepali,"आर्थिक, व्यापारिक, मौद्रिक, बौद्धिक सम्पत्ति, बैंकिङ वा व्यापारिक विषयसँग सम्बन्धित अपवादअन्तर्गत कुन हित वा गोपनीयतालाई गम्भीर क्षतिबाट संरक्षण गरिन्छ?","आर्थिक, व्यापारिक वा मौद्रिक हित, बौद्धिक सम्पत्ति तथा बैंकिङ वा व्यापारिक गोपनीयता।",व्यक्तिगत गोपनीयता
RI036,English,What type of information concerning relationships among different castes or communities shall not be disseminated?,Information that directly jeopardizes the harmonious relationship among various castes or communities.,"Information that promotes caste-based discrimination, prejudice, or violence."
RI036,Nepali,विभिन्न जात वा समुदायबीचको सम्बन्धका सम्बन्धमा कस्तो सूचना प्रसार गर्न हुँदैन?,विभिन्न जात वा समुदायबीच कायम सद्भावपूर्ण सम्बन्धमा प्रत्यक्ष रूपमा खतरा पुर्‍याउने सूचना।,"जातीयता, धर्म, वा मूलवंशको आधारमा भेदभाव वा द्वेष फैलाउने सूचना प्रसार गर्नु हुँदैन।"
RI037,English,What personal interests are protected by the information exception concerning individual privacy and security?,"The privacy and security of a person's body, life, property, or health.","Health, finances, sexual orientation, religion, and political affiliations."
RI037,Nepali,व्यक्तिगत गोपनीयता तथा सुरक्षासम्बन्धी अपवादले कुन व्यक्तिगत हितहरूको संरक्षण गर्छ?,"व्यक्तिको शरीर, जीवन, सम्पत्ति वा स्वास्थ्यको गोपनीयता तथा सुरक्षा।",जीवन र व्यक्तिगत सुरक्षा।
RI038,English,What five broad categories of information held by a Public Body are excluded from dissemination under Section 3(3)?,"Information seriously jeopardizing specified national interests; directly affecting crime investigation, inquiry, or prosecution; seriously affecting specified economic, trade, monetary, intellectual property, banking, or trade interests or privacy; directly jeopardizing harmony among castes or communities; or interfering with individual privacy and specified personal security.","Personal data, information relating to criminal proceedings, information relating to national security, information relating to defence, and information relating to sensitive commercial information."
RI038,Nepali,दफा ३(३) अन्तर्गत सार्वजनिक निकायमा रहेको कुन पाँच व्यापक वर्गका सूचना प्रसार गर्न हुँदैन?,"निर्दिष्ट राष्ट्रिय हितमा गम्भीर प्रतिकूल असर पार्ने; अपराधको अनुसन्धान, छानबिन वा अभियोजनमा प्रत्यक्ष असर पार्ने; निर्दिष्ट आर्थिक, व्यापारिक, मौद्रिक, बौद्धिक सम्पत्ति, बैंकिङ वा व्यापारिक हित वा गोपनीयतामा गम्भीर असर पार्ने; जात वा समुदायबीचको सद्भावमा प्रत्यक्ष खतरा पुर्‍याउने; वा व्यक्तिगत गोपनीयता तथा निर्दिष्ट व्यक्तिगत सुरक्षामा हस्तक्षेप गर्ने सूचना।","*   आर्थिक
*   राजनीतिक
*   वैयक्तिक
*   सुरक्षा
*   कानूनी"
RI039,English,May a Public Body refuse to disseminate information without an appropriate and adequate reason?,No.,Yes.
RI039,Nepali,के सार्वजनिक निकायले उचित र पर्याप्त कारणबिना सूचना प्रसार गर्न अस्वीकार गर्न सक्छ?,सक्दैन।,हो।
RI040,English,What must the Information Officer do when a Public Body's records contain both information that may be made public and information that may not be made public?,Separate the information that may be made public and provide it to the applicant.,The Information Officer must apply the relevant legislation and policy to determine which information can be released and which must be protected.
RI040,Nepali,सार्वजनिक निकायको अभिलेखमा सार्वजनिक गर्न मिल्ने र सार्वजनिक गर्न नमिल्ने दुवै सूचना भएमा सूचना अधिकारीले के गर्नुपर्छ?,सार्वजनिक गर्न मिल्ने सूचना छुट्याई आवेदकलाई उपलब्ध गराउनुपर्छ।,दोस्रो सूचनालाई नै प्राथमिकता दिनुपर्छ।
RI041,English,"If a single record contains both protected and disclosable information, does the presence of protected information automatically justify withholding the entire record?",No. The disclosable information must be separated and provided.,No.
RI041,Nepali,एउटै अभिलेखमा संरक्षित र सार्वजनिक गर्न मिल्ने दुवै सूचना भएमा संरक्षित सूचना भएको कारणले मात्र सम्पूर्ण अभिलेख रोक्न मिल्छ?,मिल्दैन। सार्वजनिक गर्न मिल्ने सूचना छुट्याई उपलब्ध गराउनुपर्छ।,नैनै।
RI042,English,"How do the general right of access under Section 3(2), the exceptions under Section 3(3), and the separation rule under Section 3(4) operate together?","Citizens generally have access to information held by Public Bodies, except for information falling within the specified non-dissemination categories; where a record contains both disclosable and non-disclosable information, the disclosable portion must be separated and provided.","Section 3(2) grants a general right of access to government records. Section 3(3) establishes exceptions to this right, and Section 3(4) dictates that exceptions must be narrowly and specifically defined. They operate together such that access is generally granted, but exceptions to that grant must be precisely tailored."
RI042,Nepali,"दफा ३(२) को सामान्य पहुँचको अधिकार, दफा ३(३) का अपवाद र दफा ३(४) को छुट्याउने नियम एकसाथ कसरी लागू हुन्छन्?","नागरिकलाई सामान्यतः सार्वजनिक निकायमा रहेको सूचनामा पहुँच हुन्छ, तर निर्दिष्ट गैर-प्रसारणयोग्य वर्गमा पर्ने सूचना अपवाद हुन्छ; अभिलेखमा सार्वजनिक गर्न मिल्ने र नमिल्ने दुवै सूचना भएमा सार्वजनिक गर्न मिल्ने अंश छुट्याई उपलब्ध गराउनुपर्छ।","दफा ३(२) को सामान्य पहुँचको अधिकार, दफा ३(३) का अपवाद र दफा ३(४) को छुट्याउने नियम एकसाथ लागू गर्दा, न्यायालयले अपवादको प्राथमिकता दिन्छ र त्यसपछि छुट्याउने नियम लागू हुन्छ।"
RI043,English,What is the primary responsibility of every Public Body regarding the right to information of citizens?,To respect and protect the right to information of citizens.,To provide citizens with access to information held by the public body.
RI043,Nepali,नागरिकको सूचनाको हकका सम्बन्धमा प्रत्येक सार्वजनिक निकायको मुख्य जिम्मेवारी के हो?,नागरिकको सूचनाको हकको सम्मान र संरक्षण गर्नु।,नागरिकको सूचनाको हकको सम्मान गरিবन्।
RI044,English,What must a Public Body do to its information as part of its responsibilities under the Act?,"Classify and update the information and make it public, publish, and broadcast it.","Ensure its information is accessible, intelligible, and promptly communicated."
RI044,Nepali,ऐनअनुसार आफ्नो जिम्मेवारीअन्तर्गत सार्वजनिक निकायले आफ्नो सूचनाका सम्बन्धमा के गर्नुपर्छ?,"सूचना वर्गीकरण तथा अद्यावधिक गरी सार्वजनिक, प्रकाशन तथा प्रसारण गर्नुपर्छ।","सार्वजनिक निकायले आफ्नो सूचना कानुन अनुसार उपलब्ध गराउन, सुरक्षित राख्न, र समयसीमा बमोज गरी वितरण गर्नुपर्छ।"
RI045,English,What responsibility does a Public Body have regarding citizens' access to information?,To make citizens' access to information simple and easy.,"Public bodies have a responsibility to provide citizens with access to information, subject to legal exceptions."
RI045,Nepali,नागरिकको सूचनामा पहुँचका सम्बन्धमा सार्वजनिक निकायको जिम्मेवारी के हो?,नागरिकको सूचनामा पहुँच सरल र सहज बनाउनु।,नागरिकहरूलाई सूचना प्रवाह गरी जानकारी दिने।
RI046,English,How must a Public Body conduct its functions under the Act?,Openly and transparently.,"In good faith, with a view to promoting the public interest."
RI046,Nepali,ऐनअनुसार सार्वजनिक निकायले आफ्ना कार्यहरू कसरी सञ्चालन गर्नुपर्छ?,खुला र पारदर्शी रूपमा।,कानूनको अनुपालनामा।
RI047,English,What must a Public Body provide to its staff for the purpose of fulfilling its responsibilities regarding information?,Appropriate training and orientation.,Information
RI047,Nepali,सूचनासम्बन्धी आफ्नो जिम्मेवारी पूरा गर्न सार्वजनिक निकायले आफ्ना कर्मचारीलाई के प्रदान गर्नुपर्छ?,उपयुक्त तालिम तथा अभिमुखीकरण।,सूचना पहुँच
RI048,English,What are the four specific responsibilities of a Public Body under Section 4(2)?,"To classify and update information and make it public, publish, and broadcast it; make citizen access simple and easy; conduct functions openly and transparently; and provide staff with appropriate training and orientation.","1.  To act in accordance with the principles of good governance.
2.  To promote openness and accountability.
3.  To protect public funds.
4.  To secure economy, efficiency and effectiveness in its operations."
RI048,Nepali,दफा ४(२) अन्तर्गत सार्वजनिक निकायका चार विशिष्ट जिम्मेवारीहरू के-के हुन्?,"सूचना वर्गीकरण तथा अद्यावधिक गरी सार्वजनिक, प्रकाशन तथा प्रसारण गर्ने; नागरिकको पहुँच सरल र सहज बनाउने; कार्य खुला र पारदर्शी रूपमा सञ्चालन गर्ने; तथा कर्मचारीलाई उपयुक्त तालिम र अभिमुखीकरण दिने।","दफा ४(२) अन्तर्गत सार्वजनिक निकायका चार विशिष्ट जिम्मेवारीहरू हुन्:

१. सूचनाको हकदारी सुनिश्चित गर्ने
२. सार्वजनिक सूचनाको प्रकाशन गर्ने
३. सार्वजनिक सूचनाको हकदारी सुनिश्चित गर्ने
४. सूचना सम्बन्धित कुरामा जनतासँग परामर्श गर्ने"
RI049,English,"What may a Public Body use when publishing, broadcasting, or making information public under the Act?",Different national languages and mass media.,"The Act allows a public body to use any means of publication, broadcasting, or making information public."
RI049,Nepali,"ऐनअनुसार सूचना प्रकाशन, प्रसारण वा सार्वजनिक गर्दा सार्वजनिक निकायले के प्रयोग गर्न सक्छ?",विभिन्न राष्ट्रिय भाषाहरू र आमसञ्चारका माध्यमहरू।,सत्यापित तथ्य
RI050,English,What is the general requirement concerning the information held by a Public Body?,A Public Body shall keep its information updated.,Public bodies must hold information openly and accountably.
RI050,Nepali,सार्वजनिक निकायमा रहेको सूचनासम्बन्धी सामान्य आवश्यकता के हो?,सार्वजनिक निकायले आफ्नो सूचना अद्यावधिक राख्नुपर्छ।,"सूचनाको उपलब्धता, पहुँच, र स्पष्टता।"
RI051,English,"How old may information be that a Public Body should update, as far as possible, from the commencement of the Act?",At least 20 years old.,No more than six years.
RI051,Nepali,ऐन प्रारम्भ भएको समयदेखि सार्वजनिक निकायले सम्भव भएसम्म कति वर्ष पुरानो सूचनासम्म अद्यावधिक गर्नुपर्छ?,कम्तीमा २० वर्ष पुरानो।,तीन वर्ष
RI052,English,What information concerning the structure and nature of a Public Body must it enlist and publish?,The structure and nature of the Public Body.,"A Public Body must enlist and publish its membership, constitution, rules, powers, and functions, as well as information about its financial transactions and decision-making processes."
RI052,Nepali,सार्वजनिक निकायको संरचना र स्वरूपसम्बन्धी कुन सूचना सूचीबद्ध गरी प्रकाशन गर्नुपर्छ?,सार्वजनिक निकायको संरचना र स्वरूप।,"सार्वजनिक निकायको संरचना, सदस्यता, कार्यद่วน र गठनको स्वरूप।"
RI053,English,Which information about a Public Body's functions and authority must be enlisted and published?,"Its functions, duties, and powers.",The functions and authority of a Public Body.
RI053,Nepali,सार्वजनिक निकायका कार्य र अधिकारसम्बन्धी कुन सूचना सूचीबद्ध गरी प्रकाशन गर्नुपर्छ?,"यसका कार्य, कर्तव्य र अधिकार।",सार्वजनिक निकायको कार्य र अधिकारको बारेमा सूचना।
RI054,English,"What information about services must a Public Body enlist and publish, including information about service delivery?","The services to be rendered, the branch and responsible officer providing the service, and the fee and time limit required for the service.","A public body must enlist and publish information about:

*   The services offered
*   How those services are delivered
*   Relevant fees and charges
*   Any limitations or eligibility criteria"
RI054,Nepali,सेवा प्रवाहसम्बन्धी सार्वजनिक निकायले कुन-कुन सूचना सूचीबद्ध गरी प्रकाशन गर्नुपर्छ?,"प्रदान गरिने सेवा, सेवा प्रदान गर्ने शाखा तथा जिम्मेवार अधिकारी, र सेवाका लागि लाग्ने शुल्क तथा समयसीमा।","सेवा प्रवाहको बारेमा मखुला, प्रक्रिया, शुल्क, समयसीमा, सम्पर्क व्यक्ति, र आवश्यक कागजातहरू।"
RI055,English,What information concerning decision-making and accountability must a Public Body enlist and publish?,"The decision-making process and authority, the authority to hear appeals against decisions, and a description of functions performed.","Public bodies must enlist and publish information relating to:

*   Decision-making processes
*   Reasons for decisions
*   Accountability for decisions
*   Conflicts of interest
*   Relevant documents and records."
RI055,Nepali,निर्णय प्रक्रिया र जवाफदेहितासम्बन्धी सार्वजनिक निकायले कुन सूचना सूचीबद्ध गरी प्रकाशन गर्नुपर्छ?,"निर्णय गर्ने प्रक्रिया र अधिकार, निर्णयविरुद्ध पुनरावेदन सुन्ने अधिकार, तथा सम्पादन गरिएका कार्यहरूको विवरण।","निर्णय प्रक्रिया, कार्यसम्บัติ, र जवाफदेहिता सम्बन्धित जानकारी।"
RI056,English,"What institutional, legal, and financial information must a Public Body enlist and publish?","The name and designation of the Chief and Information Officer; a list of Acts, Rules, By-laws, or Guidelines; and an updated description of income, expenditures, and financial transactions.","Financial statements, audit reports, membership lists, meeting minutes, contracts, and asset registers."
RI056,Nepali,"सार्वजनिक निकायले संस्थागत, कानुनी र वित्तीय पक्षसँग सम्बन्धित कुन सूचना सूचीबद्ध गरी प्रकाशन गर्नुपर्छ?","प्रमुख तथा सूचना अधिकारीको नाम र पद; ऐन, नियम, विनियम वा निर्देशिकाको सूची; तथा आय, खर्च र वित्तीय कारोबारको अद्यावधिक विवरण।","संस्थागत, कानुनी र वित्तीय जानकारी"
RI057,English,"In addition to the specifically listed categories, what other information must a Public Body enlist and publish?",Other particulars as prescribed.,Any information reasonably necessary to ensure transparency and accountability.
RI057,Nepali,स्पष्ट रूपमा सूचीबद्ध गरिएका वर्गबाहेक सार्वजनिक निकायले अरू कुन सूचना सूचीबद्ध गरी प्रकाशन गर्नुपर्छ?,तोकिएबमोजिमका अन्य विवरणहरू।,संविधानले प्रत्यायोजित सूचना
RI058,English,"How many categories of information are expressly listed in Section 5(3) for a Public Body to enlist and publish, and within what time must the information be updated and published initially?","Thirteen categories, within three months from the commencement of the Act.",Six categories; within one month.
RI058,Nepali,दफा ५(३) मा सार्वजनिक निकायले सूचीबद्ध गरी प्रकाशन गर्नुपर्ने स्पष्ट रूपमा उल्लिखित सूचना वर्गहरू कति छन् र सुरुमा ती सूचना कति समयभित्र अद्यावधिक तथा प्रकाशन गर्नुपर्छ?,"तेह्र वर्ग, ऐन प्रारम्भ भएको मितिले तीन महिनाभित्र।",दफा ५(३) मा पाँच सूचना वर्गहरू छन्। ती सुरुमा ७ दिनभित्र अद्यावधिक तथा प्रकाशन गर्नुपर्छ।
RI059,English,"After the initial three-month period, how frequently must a Public Body update and publish the information listed under Section 5(3)?",Every three months.,Annually
RI059,Nepali,प्रारम्भिक तीन महिनाको अवधिपछि दफा ५(३) अन्तर्गतको सूचना सार्वजनिक निकायले कति-कति अवधिमा अद्यावधिक तथा प्रकाशन गर्नुपर्छ?,प्रत्येक तीन महिनामा।,प्रत्येक १५ दिनमा।
RI060,English,What is the complete publication cycle for the information listed under Section 5(3)?,The information must first be updated and published within three months from the commencement of the Act and then updated and published every three months thereafter.,Annual.
RI060,Nepali,दफा ५(३) अन्तर्गत सूचीबद्ध सूचनाको पूर्ण प्रकाशन चक्र के हो?,सूचना ऐन प्रारम्भ भएको मितिले तीन महिनाभित्र पहिलोपटक अद्यावधिक तथा प्रकाशन गर्नुपर्छ र त्यसपछि प्रत्येक तीन महिनामा अद्यावधिक तथा प्रकाशन गर्नुपर्छ।,सूचना प्रकाशनको लागि कुल सात चरणहरू छन्।
RI061,English,What arrangement must a Public Body make for disseminating information held in its office?,It must arrange for an Information Officer.,"A public body must make information available in a timely manner, in a language readily accessible to the public, and in a way that maximizes its availability."
RI061,Nepali,सूचना प्रसार गर्न सार्वजनिक निकायले आफ्नो कार्यालयमा कस्तो व्यवस्था गर्नुपर्छ?,सूचना अधिकारीको व्यवस्था गर्नुपर्छ।,"सूचना प्रसारका लागि सार्वजनिक निकायले सूचनाको सहज पहुँच, समयसीमा, कर्मचारीहरूको तयारी, र मूल्याङ्कनको व्यवस्था गर्नुपर्छ।"
RI062,English,What must the Chief regularly provide to the Information Officer for the purpose of disseminating information?,Information held in the office.,Updates
RI062,Nepali,सूचना प्रसार गर्ने प्रयोजनका लागि प्रमुखले सूचना अधिकारीलाई नियमित रूपमा के उपलब्ध गराउनुपर्छ?,कार्यालयमा रहेको सूचना।,सूचना योजना
RI063,English,Who may submit an application to obtain information under the Act and what must the application state?,A Nepali citizen interested in obtaining information may apply to the concerned Information Officer and must state the reason for requesting the information.,Any person. The application must state the specific information sought.
RI063,Nepali,ऐनअनुसार सूचना प्राप्त गर्न कसले निवेदन दिन सक्छ र निवेदनमा के उल्लेख गर्नुपर्छ?,सूचना प्राप्त गर्न इच्छुक नेपाली नागरिकले सम्बन्धित सूचना अधिकारीसमक्ष निवेदन दिन सक्छ र सूचना माग्नुको कारण उल्लेख गर्नुपर्छ।,"ऐन अनुसार सूचना प्राप्त गर्न निवेदन सम्बन्धित व्यक्ति वा संस्थाले दिन सक्छ। निवेदनमा सूचनाको विषय, प्राप्त गर्न चाहेको तरिका र स्वतः सूचना प्राप्त गर्न पाउने कारण उल्लेख गर्नुपर्छ।"
RI064,English,When must an Information Officer provide information that can be provided immediately by its nature?,Immediately.,When requested and immediately available.
RI064,Nepali,सूचनाको प्रकृतिअनुसार तुरुन्तै उपलब्ध गराउन सकिने सूचना सूचना अधिकारीले कहिले उपलब्ध गराउनुपर्छ?,तुरुन्तै।,तत्काल।
RI065,English,Within how many days must an Information Officer provide information that cannot be provided immediately by its nature?,Within fifteen days from the date of application.,Seven days
RI065,Nepali,सूचनाको प्रकृतिअनुसार तुरुन्तै उपलब्ध गराउन नसकिने सूचना सूचना अधिकारीले कति दिनभित्र उपलब्ध गराउनुपर्छ?,निवेदन दिएको मितिले पन्ध्र दिनभित्र।,तीन दिन।
RI066,English,"If requested information cannot be provided immediately and is related to the security of a person's life, within what maximum period must the Information Officer provide it?",Within twenty-four hours of the request.,Within 24 hours.
RI066,Nepali,माग गरिएको सूचना तुरुन्तै उपलब्ध गराउन नसकिने भए पनि व्यक्तिको जीवनको सुरक्षासँग सम्बन्धित भएमा सूचना अधिकारीले अधिकतम कति समयभित्र सूचना उपलब्ध गराउनुपर्छ?,निवेदन परेको चौबीस घण्टाभित्र।,24 घण्टा
RI067,English,What are the three different time limits for providing information under Section 7 depending on the nature and circumstances of the request?,Immediately if the information can be provided immediately; within fifteen days if it cannot be provided immediately; and within twenty-four hours if it relates to the security of a person's life.,"1.  Immediate – if the information is readily available.
2.  Within 30 days – for routine requests.
3.  Within 60 days – for complex or voluminous requests."
RI067,Nepali,निवेदनको प्रकृति र परिस्थितिअनुसार दफा ७ अन्तर्गत सूचना उपलब्ध गराउने तीन फरक समयसीमा के-के हुन्?,सूचना तुरुन्तै उपलब्ध गराउन सकिने भए तुरुन्तै; तुरुन्तै उपलब्ध गराउन नसकिने भए पन्ध्र दिनभित्र; र व्यक्तिको जीवनको सुरक्षासँग सम्बन्धित भए चौबीस घण्टाभित्र।,"*   तत्काल
*   १५ दिन
*   ६० दिन"
RI068,English,What must the Information Officer do if information cannot be provided immediately?,The Information Officer must immediately give the applicant a notice stating the reason.,Notify the appropriate authority and explain the reason for the delay.
RI068,Nepali,तुरुन्तै सूचना उपलब्ध गराउन नसकिने भए सूचना अधिकारीले के गर्नुपर्छ?,सूचना अधिकारीले कारण उल्लेख गरी आवेदकलाई तुरुन्तै सूचना दिनुपर्छ।,"सूचना जारी गर्न नसकिने भए, सूचना अधिकारीले कारण उल्लेख गरी सूचना जारी गर्न नसकिने बताउनु पर्छ।"
RI069,English,In what format must an Information Officer provide information to an applicant?,In the format demanded by the applicant as much as possible.,Electronic format.
RI069,Nepali,सूचना अधिकारीले आवेदकलाई कुन ढाँचामा सूचना उपलब्ध गराउनुपर्छ?,सम्भव भएसम्म आवेदकले माग गरेको ढाँचामा।,इलेक्ट्रोनिक ढाँचा
RI070,English,When may an Information Officer provide information in a format different from the format requested by the applicant?,"When providing the information in the requested format may damage, destroy, or spoil the source of the information, and the Information Officer states the reason for using the appropriate format.","When necessary to ensure the information’s clarity, accuracy, or usability."
RI070,Nepali,आवेदकले माग गरेको भन्दा फरक ढाँचामा सूचना अधिकारीले कहिले सूचना उपलब्ध गराउन सक्छ?,"आवेदकले माग गरेको ढाँचामा सूचना दिँदा सूचनाको स्रोतमा क्षति पुग्ने, नष्ट हुने वा बिग्रने सम्भावना भएमा र उपयुक्त ढाँचा प्रयोग गर्नुको कारण उल्लेख गरेमा।",आवेदकले माग गरेको ढाँचामा सूचना उपलब्ध गराउन नसकेसम्म।
RI071,English,On what basis must the fee for providing information generally be determined?,The actual cost of providing the information.,Reasonableness and the cost of providing the information.
RI071,Nepali,सूचना उपलब्ध गराउँदा लाग्ने शुल्क सामान्यतः कुन आधारमा निर्धारण हुनुपर्छ?,सूचना उपलब्ध गराउने वास्तविक लागतका आधारमा।,सेवाको प्रकृति र मागको आधारमा।
RI072,English,What may a concerned person do if the prescribed fee for information is considered higher than the actual cost?,The person may file a petition before the Commission.,Appeal the fee to the appropriate authority.
RI072,Nepali,सूचनाका लागि तोकिएको शुल्क वास्तविक लागतभन्दा बढी भएको लागेमा सम्बन्धित व्यक्तिले के गर्न सक्छ?,सम्बन्धित व्यक्तिले आयोगसमक्ष निवेदन दिन सक्छ।,शुल्कको समीक्षा गर्न अनुरोध गर्नुहोस्।
RI073,English,"Within how many days must a person complain to the Chief after information is denied, partially provided, provided incorrectly, or denied on the ground that the applicant is not a stakeholder?",Within seven days from the date the information was denied or partially received.,30 days
RI073,Nepali,"सूचना अस्वीकार गरिएको, आंशिक रूपमा दिइएको, गलत सूचना दिइएको वा आवेदक सरोकारवाला नभएको आधारमा सूचना नदिइएको अवस्थामा सम्बन्धित व्यक्तिले कति दिनभित्र प्रमुखसमक्ष उजुरी गर्नुपर्छ?",सूचना अस्वीकार गरिएको वा आंशिक सूचना प्राप्त भएको मितिले सात दिनभित्र।,7 दिन
RI074,English,"Within how many days must an aggrieved individual appeal to the Commission against the Chief's decision, and within how many days must the Commission give its final verdict?","The appeal must be filed within thirty-five days of receiving notice of the decision, and the Commission must give its final verdict within sixty days of the appeal.","Within 30 days of receiving the decision, the individual must appeal. Within 60 days of receiving the appeal, the Commission must give its final verdict."
RI074,Nepali,प्रमुखको निर्णयबाट मर्का परेको व्यक्तिले आयोगसमक्ष कति दिनभित्र पुनरावेदन गर्नुपर्छ र आयोगले अन्तिम निर्णय कति दिनभित्र दिनुपर्छ?,निर्णयको सूचना प्राप्त भएको मितिले पैंतीस दिनभित्र पुनरावेदन गर्नुपर्छ र आयोगले पुनरावेदन परेको मितिले साठी दिनभित्र अन्तिम निर्णय दिनुपर्छ।,"मर्का परेको व्यक्तिले ७ दिन, आयोगले १५ दिन।"
RI075,English,"What independent body is established for the protection, promotion, and practice of the right to information?",An independent National Information Commission.,The Office of the Ombudsman
RI075,Nepali,"सूचनाको हकको संरक्षण, प्रवर्द्धन तथा अभ्यासका लागि कुन स्वतन्त्र निकायको व्यवस्था गरिएको छ?",स्वतन्त्र राष्ट्रिय सूचना आयोग।,सूचना आयोग
RI076,English,"How many members comprise the National Information Commission, and what are their positions?",One Chief Information Commissioner and two Information Commissioners.,"The National Information Commission has five members.

1.  A Chairperson
2.  A Deputy Chairperson
3.  Four Members"
RI076,Nepali,राष्ट्रिय सूचना आयोगमा कति जना सदस्य हुन्छन् र उनीहरूका पदहरू के-के हुन्?,एक जना मुख्य सूचना आयुक्त र दुई जना सूचना आयुक्त।,"राष्ट्रिय सूचना आयोगमा कुल ७ जना सदस्य हुन्छन्।

पदहरू:
*   अध्यक्ष
*   सदस्य (७ जना)"
RI077,English,Who serves as the Chairperson of the committee responsible for recommending the appointment of the Chief Information Commissioner and Information Commissioners?,The Speaker.,The Public Appointments Committee
RI077,Nepali,मुख्य सूचना आयुक्त तथा सूचना आयुक्तहरूको नियुक्तिका लागि सिफारिस गर्ने समितिको अध्यक्ष को हुन्छ?,सभामुख।,राष्ट्रपति
RI078,English,Which two government positions may serve as the government representative on the recommendation committee for appointing Information Commissioners?,The Minister or State Minister for Information and Communication.,The Prime Minister and the Leader of the Opposition
RI078,Nepali,सूचना आयुक्तहरूको नियुक्तिका लागि सिफारिस गर्ने समितिमा सरकारी प्रतिनिधिका रूपमा कुन दुईमध्ये कुनै एक पद रहन सक्छ?,सूचना तथा सञ्चार मन्त्री वा राज्यमन्त्री।,कानुन सचिव र सूचना अधिकारी।
RI079,English,Who serves as the journalist-sector representative on the recommendation committee for appointing the Chief Information Commissioner and Information Commissioners?,The President of the Federation of Nepalese Journalists.,The Editors Guild of India
RI079,Nepali,मुख्य सूचना आयुक्त तथा सूचना आयुक्तहरूको नियुक्तिका लागि सिफारिस गर्ने समितिमा पत्रकारिता क्षेत्रबाट प्रतिनिधित्व गर्ने व्यक्ति को हो?,नेपाल पत्रकार महासंघका अध्यक्ष।,प्रदीप कुमार
RI080,English,"Who appoints the Chief Information Commissioner and Information Commissioners, and on whose recommendation are they appointed?",The Government of Nepal appoints them on the recommendation of the committee formed under Section 11(3).,"The Prime Minister, on the advice of the Cabinet."
RI080,Nepali,मुख्य सूचना आयुक्त तथा सूचना आयुक्तहरूको नियुक्ति कसले गर्छ र कसको सिफारिसमा नियुक्त गरिन्छ?,नेपाल सरकारले दफा ११(३) बमोजिम गठित समितिको सिफारिसमा उनीहरूको नियुक्ति गर्छ।,"राष्ट्रपति, राष्ट्रिय सूचना आयोगको सिफारिसमा।"
RI081,English,What minimum gender representation requirement applies when appointing the Chief Information Commissioner and Information Commissioners?,At least one female must be included in the appointment.,At least one half.
RI081,Nepali,मुख्य सूचना आयुक्त तथा सूचना आयुक्तहरूको नियुक्तिमा न्यूनतम लैङ्गिक प्रतिनिधित्वसम्बन्धी के व्यवस्था छ?,कम्तीमा एक जना महिला समावेश हुनुपर्छ।,कुनैपटकै नियुक्तिमा मुख्य सूचना आयुक्त तथा सूचना आयुक्तहरू मध्ये कम्तिमा ४०% महिलाहरू समावेश हुने व्यवस्था छ।
RI082,English,What principle should the recommendation committee follow as much as possible when recommending candidates for appointment to the Commission?,The inclusive principle.,Merit.
RI082,Nepali,आयोगमा नियुक्तिका लागि उम्मेदवार सिफारिस गर्दा सिफारिस समितिले सम्भव भएसम्म कुन सिद्धान्त अपनाउनुपर्छ?,समावेशी सिद्धान्त।,"शीर्षक, योग्यता, अनुभव, र विविधता।"
RI083,English,How does the Act distinguish between the mandatory gender requirement and the broader recommendation principle for appointments to the Commission?,"At least one female must be included in the appointment, while the recommendation committee should follow the inclusive principle as much as possible.","The Act mandates a gender quota of at least half of appointments, but allows for broader recommendations based on merit and expertise."
RI083,Nepali,आयोगमा नियुक्तिसम्बन्धी अनिवार्य लैङ्गिक आवश्यकता र व्यापक सिफारिस सिद्धान्तबीच ऐनले कसरी भिन्नता गर्छ?,नियुक्तिमा कम्तीमा एक जना महिला समावेश हुनुपर्छ भने सिफारिस समितिले सम्भव भएसम्म समावेशी सिद्धान्त अपनाउनुपर्छ।,"ऐनले आयोगमा नियुक्तिको लागि अनिवार्य लैङ्गिक आवश्यकता तोक्दैन, तर व्यापक सिफारिस सिद्धान्तलाई प्राथमिकता दिन्छ।"
RI084,English,What citizenship qualification is required to be appointed as the Chief Information Commissioner or an Information Commissioner?,The person must be a Nepali citizen.,Citizenship of Australia.
RI084,Nepali,मुख्य सूचना आयुक्त वा सूचना आयुक्तमा नियुक्त हुन नागरिकतासम्बन्धी कस्तो योग्यता आवश्यक हुन्छ?,व्यक्ति नेपाली नागरिक हुनुपर्छ।,मुख्य सूचना आयुक्त वा सूचना आयुक्तमा नियुक्त हुन नागरिकताको रूपमा नेपाल नागरिकता ऐन २०६३ को धारा ९(२) बमोज्य नेपाल नागरिकताको हकदार हुनु आवश्यक हुन्छ।
RI085,English,What minimum educational qualification is required for appointment as the Chief Information Commissioner or an Information Commissioner?,At least a Bachelor's Degree from a recognized university.,A first-class honours degree in law or information studies.
RI085,Nepali,मुख्य सूचना आयुक्त वा सूचना आयुक्तमा नियुक्त हुन न्यूनतम शैक्षिक योग्यता के हो?,मान्यता प्राप्त विश्वविद्यालयबाट कम्तीमा स्नातक तहको उपाधि।,कलामा स्नातकोत्तर डिग्री।
RI086,English,How many years of work experience must a person have to qualify for appointment as the Chief Information Commissioner or an Information Commissioner?,At least fifteen years.,Seven years
RI086,Nepali,मुख्य सूचना आयुक्त वा सूचना आयुक्तमा नियुक्त हुन व्यक्तिसँग कति वर्षको कार्य अनुभव हुनुपर्छ?,कम्तीमा पन्ध्र वर्ष।,सामान्यतः कम्तिमा १० वर्षको कार्य अनुभव हुनुपर्छ।
RI087,English,In which fields must the required fifteen years of work experience be obtained for appointment to the Commission?,"Mass communication, law justice, public administration, information technology, or management.","Law, accounting, finance, or insurance."
RI087,Nepali,आयोगमा नियुक्तिका लागि आवश्यक पन्ध्र वर्षको कार्य अनुभव कुन-कुन क्षेत्रमा हुनुपर्छ?,"आमसञ्चार, कानून न्याय, सार्वजनिक प्रशासन, सूचना प्रविधि वा व्यवस्थापन।",न्यायिक क्षेत्र।
RI088,English,What is the effect of not possessing the qualifications prescribed under Section 12 on appointment to the Commission?,The person is disqualified for appointment.,It renders a person ineligible for appointment.
RI088,Nepali,दफा १२ मा तोकिएका योग्यता नभएमा आयोगमा नियुक्तिका सम्बन्धमा के प्रभाव पर्छ?,त्यस्तो व्यक्ति नियुक्तिका लागि अयोग्य हुन्छ।,उम्मेद्वारको आवेदन पत्र अस्वीकार गरिन्छ।
RI089,English,Which categories of persons are disqualified from appointment as Chief Information Commissioner or Information Commissioner under Section 13?,A person lacking the qualifications under Section 12; a person convicted by a court of a criminal offence involving moral turpitude; an incumbent employee of the Government or a Public institution; a person holding a political position; or a person disqualified under prevailing laws.,"Persons disqualified include:

*   Any person who has ever been a member of Parliament.
*   Any person who has ever been a judge of a court.
*   Any person who has ever been a government employee.
*   Any person who is a partner in, or an employee of, a business.
*   Any person who is a member of a political party."
RI089,Nepali,दफा १३ अन्तर्गत मुख्य सूचना आयुक्त वा सूचना आयुक्तमा नियुक्तिका लागि कुन-कुन व्यक्ति अयोग्य हुन्छन्?,दफा १२ बमोजिमको योग्यता नभएको व्यक्ति; नैतिक पतन देखिने फौजदारी कसुरमा अदालतबाट दोषी ठहरिएको व्यक्ति; सरकार वा सार्वजनिक संस्थाको बहालवाला कर्मचारी; राजनीतिक पदमा बहाल रहेको व्यक्ति; वा प्रचलित कानूनबमोजिम नियुक्तिका लागि अयोग्य व्यक्ति।,"दफा १३ अन्तर्गत मुख्य सूचना आयुक्त वा सूचना आयुक्तमा नियुक्तिका लागि निम्न व्यक्तिहरू अयोग्य हुन्छन्:

*   हाल कुनै судमा न्यायाधीश भएर रहेका व्यक्ति
*   हाल कुनै राजनीतिक दलको सदस्य भएर रहेका व्यक्ति
*   हाल कुनै सरकारीemployed भएर रहेका व्यक्ति
*   अदालत वा उच्च न्यायालयको न्यायाधीश भएर रहेका व्यक्ति (पदबाट अवकाश भएपछि अयोग्य हुँदैनन्)
*   नेपालको संविधानको धारा २१२(१) मा उल्लिखित व्यक्तिहरू"
RI090,English,What is the tenure of office of the Chief Information Commissioner and Information Commissioners?,Five years.,Five years
RI090,Nepali,मुख्य सूचना आयुक्त तथा सूचना आयुक्तहरूको पदावधि कति हुन्छ?,पाँच वर्ष।,६ वर्ष
RI091,English,May the Chief Information Commissioner or an Information Commissioner be re-appointed to the same post after completing a five-year tenure?,"No, they cannot be re-appointed to the same post.",No.
RI091,Nepali,पाँच वर्षको पदावधि पूरा गरेपछि मुख्य सूचना आयुक्त वा सूचना आयुक्तलाई सोही पदमा पुनः नियुक्त गर्न सकिन्छ?,"सकिँदैन, सोही पदमा पुनः नियुक्त गर्न सकिँदैन।",दाहिँ।
RI092,English,What exception allows an Information Commissioner to be appointed again to another position within the Commission?,"An Information Commissioner may be re-appointed as the Chief Information Commissioner, subject to the applicable tenure provision.",Section 47(1)(c) of the Information Commissioner Act 2004
RI092,Nepali,आयोगभित्र सूचना आयुक्तलाई अर्को पदमा पुनः नियुक्त गर्न सकिने अपवाद के हो?,सूचना आयुक्तलाई लागू हुने पदावधिसम्बन्धी प्रावधानको अधीनमा मुख्य सूचना आयुक्तमा पुनः नियुक्त गर्न सकिन्छ।,कार्यसम्पादनमा कमजोर नभएको खण्डमा।
RI093,English,How long before the expiry of the tenure must the recommendation committee recommend new appointments of the Chief Information Commissioner and Information Commissioners?,One month before the expiry of the tenure.,Within 30 days.
RI093,Nepali,मुख्य सूचना आयुक्त तथा सूचना आयुक्तहरूको पदावधि समाप्त हुनुभन्दा कति समयअघि सिफारिस समितिले नयाँ नियुक्तिका लागि सिफारिस गर्नुपर्छ?,पदावधि समाप्त हुनुभन्दा एक महिनाअघि।,६० दिन
RI094,English,At what age is the post of the Chief Information Commissioner or Information Commissioner considered vacant?,Upon completing 65 years of age.,65 years old
RI094,Nepali,मुख्य सूचना आयुक्त वा सूचना आयुक्तले कुन उमेर पूरा गरेपछि पद रिक्त भएको मानिन्छ?,६५ वर्ष उमेर पूरा गरेपछि।,६० वर्ष
RI095,English,What are the grounds specified in the Act for the post of Chief Information Commissioner or Information Commissioner to become vacant?,Death; completion of 65 years of age; resignation to the Prime Minister; completion of the term of office; conviction by a court for a criminal offence involving moral turpitude; or removal from office under Section 16.,"Section 13(1) of the Right to Information Act, 2005 specifies grounds for vacancy, including:

*   Death
*   Resignation
*   Removal by the President"
RI095,Nepali,मुख्य सूचना आयुक्त वा सूचना आयुक्तको पद रिक्त हुने ऐनमा उल्लिखित अवस्थाहरू के-के हुन्?,मृत्यु; ६५ वर्ष उमेर पूरा हुनु; प्रधानमन्त्रीसमक्ष राजीनामा दिनु; पदावधि पूरा हुनु; नैतिक पतन देखिने फौजदारी कसुरमा अदालतबाट दोषी ठहरिनु; वा दफा १६ बमोजिम पदबाट हटाइनु।,"अनुच्छेद ४(२) बमोज्य, यदि मुख्य सूचना आयुक्त वा सूचना आयुक्तको पद रिक्त हुने अवस्था निम्न हुन्:

*   मुख्य सूचना आयुक्त वा सूचना आयुक्तको पदावधि सकिँदा।
*   मुख्य सूचना आयुक्त वा सूचना आयुक्तको विरुद्धमा शक्तिहीनताको अभियोग दर्ज भएर छानबीनको क्रममा उसको दोष देखिएको खण्डमा।
*   मुख्य सूचना आयुक्त वा सूचना आयुक्तको मन्त्री पदमा नियुक्ति भएर आएको खण्डमा।
*   मुख्य सूचना आयुक्त वा सूचना आयुक्तको निलम्बन भएर आएको खण्डमा।"
RI096,English,What majority is required in the meeting of the Legislature-Parliament to remove the Chief Information Commissioner or an Information Commissioner after the prescribed recommendation?,"A two-thirds majority of the meeting, with at least two-thirds of the total members present.",A two-thirds majority.
RI096,Nepali,निर्धारित सिफारिसपछि मुख्य सूचना आयुक्त वा सूचना आयुक्तलाई पदबाट हटाउन व्यवस्थापिका–संसद्को बैठकमा कस्तो बहुमत आवश्यक हुन्छ?,कुल सदस्यको कम्तीमा दुई तिहाइ उपस्थित भएको बैठकको दुई तिहाइ बहुमत।,दोसको तीन चौChange थप।
RI097,English,On what grounds may the Chief Information Commissioner or an Information Commissioner be removed from office under Section 16?,"Incompetence, misbehavior, or failure to carry out duties honestly.",Upon the recommendation of the Central Vigilance Commissioner.
RI097,Nepali,दफा १६ अन्तर्गत मुख्य सूचना आयुक्त वा सूचना आयुक्तलाई कुन आधारमा पदबाट हटाउन सकिन्छ?,"अयोग्यता, दुर्व्यवहार वा इमानदारीपूर्वक कर्तव्य निर्वाह नगर्नु।",मुख्य सूचना आयुक्त वा सूचना आयुक्तलाई राष्ट्रपतिले हटाउन सक्छन्।
RI098,English,What procedural protection must be provided to a Chief Information Commissioner or Information Commissioner facing accusations under Section 16?,A reasonable opportunity to provide clarification.,Independent inquiry.
RI098,Nepali,दफा १६ अन्तर्गत आरोप लागेका मुख्य सूचना आयुक्त वा सूचना आयुक्तलाई कुन प्रक्रियागत संरक्षण प्रदान गर्नुपर्छ?,उचित स्पष्टीकरणको अवसर।,अस्थायी अवकाश।
RI099,English,Before whom does the Chief Information Commissioner take the oath of office before assuming office?,The Prime Minister.,The President
RI099,Nepali,पदभार ग्रहण गर्नुअघि मुख्य सूचना आयुक्तले कसको समक्ष पद तथा गोपनीयताको शपथ लिन्छ?,प्रधानमन्त्री।,न्यायाधीश समक्ष
RI100,English,Before whom does an Information Commissioner take the oath of office before assuming office?,The Chief Information Commissioner.,The Sovereign
RI100,Nepali,पदभार ग्रहण गर्नुअघि सूचना आयुक्तले कसको समक्ष पद तथा गोपनीयताको शपथ लिन्छ?,मुख्य सूचना आयुक्त।,राष्ट्रपति/प्रधानमन्त्री समक्ष।
RI101,English,What types of actions may the Commission take regarding information held by Public Bodies?,"It may observe and study records and documents of public importance, order Public Bodies to enlist and manage information-related records and materials, order information to be made public, prescribe a timeframe for providing requested information, order parties to fulfill liabilities under the Act, provide suggestions and recommendations, and issue appropriate orders for protecting, promoting, and exercising the right to information.","The Commission may:

*   Require disclosure of information
*   Order the correction of inaccurate information
*   Issue a direction to a public body to comply with the Act"
RI101,Nepali,सार्वजनिक निकायमा रहेको सूचनाका सम्बन्धमा आयोगले कस्ता कार्य गर्न सक्छ?,"आयोगले सार्वजनिक महत्वका अभिलेख तथा दस्तावेजको अवलोकन र अध्ययन गर्न, सार्वजनिक निकायलाई सूचनासम्बन्धी अभिलेख तथा सामग्री सूचीबद्ध र व्यवस्थापन गर्न आदेश दिन, सूचना सार्वजनिक गर्न आदेश दिन, माग गरिएको सूचना उपलब्ध गराउने समयसीमा तोक्न, ऐनबमोजिमको दायित्व पूरा गर्न सम्बन्धित पक्षलाई आदेश दिन, सुझाव तथा सिफारिस दिन र सूचनाको हकको संरक्षण, प्रवर्द्धन तथा अभ्याससम्बन्धी उपयुक्त आदेश जारी गर्न सक्छ।","आयोग सूचनाको पहुँच सुनिश्चित गर्न, सूचनाको प्रकाशन सम्बन्धी नियमाधान जाँच गर्न र जानकारीको अभावमा दुखेști भएका व्यक्तिहरूको दाबी सम्बोधन गर्न सक्छ।"
RI102,English,Which power of the Commission may not be delegated under Section 20?,The power to hear and decide an appeal under Section 9.,The power to make rules.
RI102,Nepali,दफा २० अन्तर्गत आयोगको कुन अधिकार प्रत्यायोजन गर्न सकिँदैन?,दफा ९ अन्तर्गत पुनरावेदन सुन्ने र निर्णय गर्ने अधिकार।,आयोगको अन्तिम फैसलाको अधिकार।
RI103,English,"Where is the central office of the National Information Commission located, and where else may it open offices?","The central office is in Kathmandu Valley, and offices may be opened in various places of the country as necessary.","New Delhi, and other locations as needed."
RI103,Nepali,राष्ट्रिय सूचना आयोगको केन्द्रीय कार्यालय कहाँ रहनेछ र आयोगले अन्यत्र कहाँ कार्यालय खोल्न सक्छ?,केन्द्रीय कार्यालय काठमाडौं उपत्यकामा रहनेछ र आवश्यकताअनुसार देशका विभिन्न स्थानमा कार्यालय खोल्न सकिन्छ।,काठमाडौं।
RI104,English,Who is responsible for managing the staff and arranging the necessary budget for the Commission?,The Government of Nepal.,The Executive Director.
RI104,Nepali,आयोगका लागि आवश्यक कर्मचारी र बजेटको व्यवस्था गर्ने जिम्मेवारी कसको हो?,नेपाल सरकार।,आर्थिक समिति।
RI105,English,"From what other sources may the Commission receive necessary financial resources, and what condition applies?",It may receive necessary financial resources from other sectors after obtaining prior permission from the Government of Nepal.,"Borrowing and grants, subject to budgetary approval."
RI105,Nepali,आयोगले अन्य क्षेत्रबाट आवश्यक आर्थिक स्रोत प्राप्त गर्न सक्छ भने त्यसमा कुन शर्त लागू हुन्छ?,नेपाल सरकारको पूर्व स्वीकृति लिएपछि अन्य क्षेत्रबाट आवश्यक आर्थिक स्रोत प्राप्त गर्न सक्छ।,आर्थिक स्रोत प्राप्त गर्नको लागि आयोगको राजस्व स्रोतको १०% भन्दा बढी नहुनु।
RI106,English,What are Public Bodies required to provide to the Commission in relation to its activities?,Necessary cooperation.,"Information relating to their activities, including reports, data, and documents."
RI106,Nepali,आयोगका गतिविधिहरूका सम्बन्धमा सार्वजनिक निकायहरूले के उपलब्ध गराउनुपर्छ?,आवश्यक सहयोग।,आयोगको कार्यसम्पादनको प्रतिवेदन।
RI107,English,"To whom and through whom must the Commission submit its annual report, and what must it subsequently do with the report?",It must submit the annual report of its activities to the Legislature-Parliament through the Prime Minister and publish the report publicly for public notice.,The Commission must submit its annual report to the President and through the Office of Management and Budget. The OMB must then review and publish the report.
RI107,Nepali,आयोगले आफ्नो वार्षिक प्रतिवेदन कसलाई र कसको माध्यमबाट पेश गर्नुपर्छ तथा त्यसपछि प्रतिवेदनका सम्बन्धमा के गर्नुपर्छ?,प्रधानमन्त्रीमार्फत व्यवस्थापिका–संसद्मा आफ्नो गतिविधिको वार्षिक प्रतिवेदन पेश गरी सार्वजनिक जानकारीका लागि प्रतिवेदन सार्वजनिक गर्नुपर्छ।,"आयोगले आफ्नो वार्षिक प्रतिवेदन राष्ट्रपति तथा उपराष्ट्रपतिलाई पेश गर्छ। प्रतिवेदन पेश गरिसकेपछि, राष्ट्रपति/उपराष्ट्रपतिले त्यसको प्रमाणीकरण र स्वीकृति दिन्छन्।"
RI108,English,Through which ministry must the Commission contact the Government of Nepal?,The Ministry of Information and Communication.,Ministry of Foreign Affairs
RI108,Nepali,आयोगले नेपाल सरकारसँग कुन मन्त्रालयमार्फत सम्पर्क गर्नुपर्छ?,सूचना तथा सञ्चार मन्त्रालय।,गृह मन्त्रालय।
RI109,English,Who chairs the committee responsible for classifying information held by Public Bodies at the policy level?,The Chief Secretary of the Government of Nepal.,The Information Committee
RI109,Nepali,सार्वजनिक निकायमा रहेको सूचनालाई नीतिगत तहमा वर्गीकरण गर्ने समितिको अध्यक्ष को हुन्छ?,नेपाल सरकारका मुख्य सचिव।,सूचना वर्गीकरण समिति संयोजक
RI110,English,Who are the other two members of the committee responsible for classifying information at the policy level?,The Secretary of the concerned Ministry and an expert in the concerned subject assigned by the Chief of Office or Chairperson.,Dr. Alistair Croll and Dr. Sarah Williams
RI110,Nepali,नीतिगत तहमा सूचना वर्गीकरण गर्ने समितिका अन्य दुई सदस्यहरू को-को हुन्छन्?,सम्बन्धित मन्त्रालयका सचिव र कार्यालय प्रमुख वा अध्यक्षले तोकेको सम्बन्धित विषयको विशेषज्ञ।,राष्ट्रपति र कानुन मन्त्री।
RI111,English,What two matters must the information-classification committee determine and report to the Commission regarding classified information?,The number of years the information should remain confidential and the method for protecting the information.,"1.  Whether the information is appropriately classified.
2.  The recommended classification level."
RI111,Nepali,सूचना वर्गीकरण समितिले वर्गीकृत सूचनाका सम्बन्धमा कुन दुई विषय निर्धारण गरी आयोगलाई जानकारी गराउनुपर्छ?,सूचना कति वर्ष गोप्य राख्ने र सूचनाको संरक्षण गर्ने विधि।,"* सूचनाको विषयवस्तु
* सूचनाको वर्गीकरण"
RI112,English,What remedy is available to a person dissatisfied with the classification of information by the committee?,The person may file a review petition before the Commission to make the information public.,Appeal to a higher authority.
RI112,Nepali,समितिले गरेको सूचना वर्गीकरणबाट असन्तुष्ट व्यक्तिले कुन उपचारको माग गर्न सक्छ?,व्यक्तिले सूचना सार्वजनिक गराउन आयोगसमक्ष पुनरावलोकनको निवेदन दिन सक्छ।,शिकायत
RI113,English,"What may the Commission do if, during its review, it finds that classified information no longer needs to remain confidential?",It may issue an order to make the information public.,Release the information.
RI113,Nepali,पुनरावलोकनका क्रममा वर्गीकृत सूचना गोप्य राखिरहन आवश्यक छैन भन्ने आयोगलाई लागेमा आयोगले के गर्न सक्छ?,सूचनालाई सार्वजनिक गर्न आदेश दिन सक्छ।,"आयोगले पुनरावलोकनको क्रममा वर्गीकृत सूचना गोप्य राखिरहनु आवश्यक छैन भन्ने निष्कर्ष निकालेसम्म, आयोगले सो सूचनाको अनुसन्धान जारी राख्न सक्छ।"
RI114,English,What is the maximum period for which information classified as confidential may be kept confidential under Section 28?,Thirty years.,Seven years
RI114,Nepali,दफा २८ अन्तर्गत गोप्य रूपमा वर्गीकृत सूचना अधिकतम कति अवधिसम्म गोप्य राख्न सकिन्छ?,तीस वर्ष।,सात वर्ष।
RI115,English,How frequently must the committee review whether information classified as confidential still needs to remain confidential?,Every ten years.,Annually.
RI115,Nepali,गोप्य रूपमा वर्गीकृत सूचना अझै गोप्य राख्न आवश्यक छ वा छैन भनेर समितिले कति अवधिमा पुनरावलोकन गर्नुपर्छ?,प्रत्येक दस वर्षमा।,दुई महिना।
RI116,English,How do the maximum confidentiality period and the mandatory review period differ under Section 28?,"Information may be kept confidential for a maximum of thirty years, but the committee must review the need for continued confidentiality every ten years.","The maximum confidentiality period is 6 years, while the mandatory review period is 3 years."
RI116,Nepali,दफा २८ अन्तर्गत अधिकतम गोपनीयता अवधि र अनिवार्य पुनरावलोकन अवधिबीच के भिन्नता छ?,"सूचना अधिकतम तीस वर्षसम्म गोप्य राख्न सकिन्छ, तर गोपनीयता कायम राख्न आवश्यक छ वा छैन भनेर समितिले प्रत्येक दस वर्षमा पुनरावलोकन गर्नुपर्छ।","अधिकतम गोपनीयता अवधिमा सुरक्षा मूल्याङ्कनको लागि समयसीमा निर्धारण गरिन्छ, तर अनिवार्य पुनरावलोकन अवधिमा सुरक्षा आवश्यकताहरू नियमित रूपमा समीक्षा र मूल्याङ्कन गरिन्छ।"
RI117,English,"After a ten-year review, what options does the committee have if it determines that continued confidentiality is necessary or unnecessary?","It may determine an additional confidentiality period and continue classification as confidential, or classify the information as non-confidential if continued confidentiality is unnecessary.","The committee can recommend continued confidentiality or, if deemed unnecessary, recommend declassification."
RI117,Nepali,दस वर्षको पुनरावलोकनपछि सूचना थप समय गोप्य राख्न आवश्यक वा अनावश्यक ठहरिएमा समितिले के-कस्ता निर्णय गर्न सक्छ?,थप गोपनीयता अवधि तोकी सो अवधिका लागि गोप्य वर्गीकरण कायम राख्न वा गोप्य राख्न आवश्यक नभएमा गैर-गोप्य रूपमा वर्गीकरण गर्न सक्छ।,"समिति सूचना थप समय गोप्य राख्न आवश्यक वा अनावश्यक ठहरिएमा, त्यसको पुनरावलोकनपछि निर्णय गर्न सक्छ:

*   सूचनाको अवधि निर्धारण गर्न
*   सूचनाको गोप्यता तोडनसक्ने
*   सूचना सम्बन्धमा अनुसन्धान गर्न"
RI118,English,"If a person challenges the classification of information and the Commission determines during review that confidentiality is unnecessary, what procedural sequence follows?","The person files a review petition before the Commission, the Commission reviews the classification, and if it finds confidentiality unnecessary, it orders the information to be made public.",The Commission may order the information to be declassified.
RI118,Nepali,कुनै व्यक्तिले सूचना वर्गीकरणलाई चुनौती दिएपछि पुनरावलोकनका क्रममा गोपनीयता आवश्यक छैन भन्ने आयोगले ठहर गरेमा के प्रक्रियागत क्रम लागू हुन्छ?,"व्यक्तिले आयोगसमक्ष पुनरावलोकनको निवेदन दिन्छ, आयोगले वर्गीकरणको पुनरावलोकन गर्छ र गोपनीयता आवश्यक नभएमा सूचना सार्वजनिक गर्न आदेश दिन्छ।",गोपनीयता आवश्यक छैन भېन आयोगले ठहर गरेपछि सूचना वर्गीकरणको चुनौतीको पुनरावलोकन प्रक्रिया रोकिनेछ।
RI119,English,What responsibility does a Public Body have regarding personal information held by it?,It must protect the information from unauthorized publication and broadcasting.,"Public bodies have a responsibility to protect personal information and use it only for specified purposes, in accordance with applicable laws and regulations, primarily the Data Protection Act 2018 and the GDPR."
RI119,Nepali,सार्वजनिक निकायले आफूसँग रहेको व्यक्तिगत सूचनाका सम्बन्धमा के जिम्मेवारी वहन गर्नुपर्छ?,अनधिकृत प्रकाशन तथा प्रसारणबाट सूचनाको संरक्षण गर्नुपर्छ।,"सार्वजनिक निकायले व्यक्तिगत सूचनाको सुरक्षा, गोपनीयता र उचित प्रयोग सुनिश्चित गर्नुपर्छ।"
RI120,English,What is generally required before personal information held by a Public Body may be used?,The written consent of the concerned person.,Consent.
RI120,Nepali,सार्वजनिक निकायमा रहेको व्यक्तिगत सूचना प्रयोग गर्न सामान्यतया के आवश्यक हुन्छ?,सम्बन्धित व्यक्तिको लिखित सहमति।,सहमति।
RI121,English,Under what three circumstances may personal information be used without the written consent of the concerned person?,To prevent a serious threat to a person's life or body or to public health or security; when disclosure is required by prevailing laws; or when required to control corruption offences.,"1.  For national security
2.  For law enforcement purposes
3.  For judicial proceedings"
RI121,Nepali,सम्बन्धित व्यक्तिको लिखित सहमतिबिना व्यक्तिगत सूचना कुन तीन अवस्थामा प्रयोग गर्न सकिन्छ?,व्यक्तिको जीवन वा शरीर वा सार्वजनिक स्वास्थ्य वा सुरक्षामा गम्भीर खतरा रोक्न; प्रचलित कानूनबमोजिम खुलासा गर्न आवश्यक भएमा; वा भ्रष्टाचारसम्बन्धी अपराध नियन्त्रण गर्न आवश्यक भएमा।,"१. सूचनाको उद्देश्यको लागि
२. कानुन द्वारा आवश्यक छ भनेर
३. व्यक्तिलाई सूचित गरिसकेको छ भनेर।"
RI122,English,"What duty does an employee of a Public Body have regarding ongoing or probable corruption, irregularities, or acts constituting offences?",The employee must provide information about them.,"An employee of a public body has a duty to report ongoing or probable corruption, irregularities, or acts constituting offences to the appropriate authorities."
RI122,Nepali,"सार्वजनिक निकायका कर्मचारीले भइरहेको वा सम्भावित भ्रष्टाचार, अनियमितता वा कसुर हुने कार्यका सम्बन्धमा के कर्तव्य पूरा गर्नुपर्छ?",त्यस्ता विषयमा सूचना उपलब्ध गराउनुपर्छ।,"सार्वजनिक निकायका कर्मचारीले तत्काल भ्रष्टाचार, अनियमितता वा कसुरको सूचना छानबिन गर्नुपर्छ र सम्बन्धित निकायलाई रिपोर्ट गर्नुपर्छ।"
RI123,English,What duty does the recipient of information have regarding the identity of a whistleblower?,The recipient must keep the whistleblower's identity confidential.,To maintain confidentiality of the whistleblower.
RI123,Nepali,सूचना प्राप्त गर्ने व्यक्तिले सूचनादाताको पहिचानका सम्बन्धमा के कर्तव्य पूरा गर्नुपर्छ?,सूचनादाताको पहिचान गोप्य राख्नुपर्छ।,सूचनादाताको पहिचान जान्न सोध्न।
RI124,English,What forms of retaliation against a whistleblower are prohibited for providing information under Section 30?,"The whistleblower may not be terminated, punished with legal responsibility, or caused loss or harm.","Discrimination, harassment, demotion, termination, or any other adverse action."
RI124,Nepali,दफा ३० अन्तर्गत सूचना दिएको कारण सूचनादातामाथि कस्ता प्रतिशोधात्मक कार्य गर्न निषेध गरिएको छ?,"सूचनादातालाई सेवाबाट हटाउन, कानूनी जिम्मेवारीसहित दण्डित गर्न वा कुनै हानि वा क्षति पुर्‍याउन पाइँदैन।",प्रतिशोधात्मक कार्य
RI125,English,"If a whistleblower is removed from office or otherwise harmed in violation of the protection under Section 30, what remedies may the whistleblower seek?",The whistleblower may complain to the Commission and demand revocation of the decision and compensation.,"Monetary damages, reinstatement, and attorney’s fees."
RI125,Nepali,दफा ३० अन्तर्गतको संरक्षणविपरीत सूचनादातालाई पदबाट हटाइएमा वा अन्यथा हानि पुर्‍याइएमा सूचनादाताले कुन उपचार माग्न सक्छ?,सूचनादाताले आयोगसमक्ष उजुरी गरी निर्णय बदर र क्षतिपूर्तिको माग गर्न सक्छ।,दावा पेठाउन सक्ने।
RI126,English,What may the Commission order if its investigation finds that a whistleblower was removed from office or suffered damage in violation of Section 30(3)?,It may order revocation of the removal decision and compensation for any damage caused to the whistleblower.,"The Commission may order reinstatement, back pay, and other relief."
RI126,Nepali,दफा ३०(३) को उल्लङ्घन गरी सूचनादातालाई पदबाट हटाइएको वा क्षति पुर्‍याइएको पाइएमा आयोगले के आदेश दिन सक्छ?,पदबाट हटाउने निर्णय बदर गर्न र सूचनादातालाई भएको क्षतिको क्षतिपूर्ति दिन आदेश गर्न सक्छ।,आयोग छानबीन गरी दोषपूर्णलाई कार्वाही लगाउन सक्छ।
RI127,English,How does the Act protect a whistleblower's identity differently from protecting the whistleblower against retaliation?,"The recipient must keep the whistleblower's identity confidential, while the whistleblower is protected from termination, legal punishment, loss, or harm for providing information.","The Act primarily protects the whistleblower’s identity through confidentiality provisions, while it protects against retaliation through specific remedies and enforcement mechanisms."
RI127,Nepali,ऐनले सूचनादाताको पहिचानको गोपनीयता र प्रतिशोधबाट संरक्षणलाई कसरी फरक रूपमा व्यवस्था गरेको छ?,"सूचना प्राप्तकर्ताले सूचनादाताको पहिचान गोप्य राख्नुपर्छ भने सूचना दिएको कारण सूचनादातालाई सेवाबाट हटाउने, कानूनी दण्ड दिने वा हानि पुर्‍याउने कार्यबाट संरक्षण गरिन्छ।",ऐनमा सूचनादाताको पहिचानको गोपनीयता र प्रतिशोधबाट संरक्षणलाई छुट्टाछुट्टै व्यवस्था गरिएको छ।
RI128,English,What restriction applies to a person who obtains information from a Public Body?,The person must not misuse the information or use it for a purpose different from the purpose for which it was obtained.,The information must not be disclosed without authorization.
RI128,Nepali,सार्वजनिक निकायबाट सूचना प्राप्त गर्ने व्यक्तिमाथि कस्तो प्रतिबन्ध लागू हुन्छ?,व्यक्तिले सूचनाको दुरुपयोग गर्न वा जुन प्रयोजनका लागि प्राप्त गरेको हो त्यसबाहेक अन्य प्रयोजनका लागि प्रयोग गर्न हुँदैन।,सूचनाको दुरुपयोग नहुँदा प्रतिबन्ध लाग्न सक्छ।
RI129,English,Who may complain to the Commission when information obtained from a Public Body is misused?,The concerned Public Body.,Any member of the public.
RI129,Nepali,सार्वजनिक निकायबाट प्राप्त सूचना दुरुपयोग भएमा आयोगसमक्ष कसले उजुरी गर्न सक्छ?,सम्बन्धित सार्वजनिक निकाय।,नागरिक।
RI130,English,How does the protection of personal information under Section 29 differ from the prohibition on misuse of information under Section 31?,"Section 29 restricts unauthorized use and disclosure of personal information, while Section 31 restricts a recipient's misuse of information or use for a purpose different from the purpose for which it was obtained.","Section 29 protects the *collection* and *use* of personal information, while Section 31 prohibits *misuse* of information already held."
RI130,Nepali,दफा २९ अन्तर्गत व्यक्तिगत सूचनाको संरक्षण र दफा ३१ अन्तर्गत सूचनाको दुरुपयोग निषेधबीच के भिन्नता छ?,दफा २९ ले व्यक्तिगत सूचनाको अनधिकृत प्रयोग तथा प्रकाशनलाई सीमित गर्छ भने दफा ३१ ले प्राप्तकर्ताले सूचनाको दुरुपयोग गर्ने वा प्राप्तिको उद्देश्यभन्दा फरक उद्देश्यमा प्रयोग गर्ने कार्यलाई निषेध गर्छ।,"दफा २९ व्यक्तिगत सूचनाको संरक्षणमा केन्द्रित छ, जबकि दफा ३१ सूचनाको दुरुपयोग निषेधमा केन्द्रित छ।"
RI131,English,"If a person lawfully obtains information from a Public Body but later uses it for a different purpose from the purpose for which it was obtained, which provision is potentially violated and who may complain?","Section 31 may be violated, and the concerned Public Body may complain to the Commission.",Freedom of Information Act (FOIA) – the original recipient of the information.
RI131,Nepali,कुनै व्यक्तिले सार्वजनिक निकायबाट सूचना कानूनी रूपमा प्राप्त गरे पनि पछि प्राप्त गरेको उद्देश्यभन्दा फरक उद्देश्यमा प्रयोग गरेमा कुन प्रावधान सम्भावित रूपमा उल्लङ्घन हुन्छ र कसले उजुरी गर्न सक्छ?,दफा ३१ उल्लङ्घन हुन सक्छ र सम्बन्धित सार्वजनिक निकायले आयोगसमक्ष उजुरी गर्न सक्छ।,"फास्ट ट्रयाकिंग एक्ट, २०७४ को धारा १६ अनुसार, सार्वजनिक निकायबाट सूचना प्राप्त गरेको उद्देश्यभन्दा फरक उद्देश्यमा प्रयोग गर्दा उल्लङ्घन हुन्छ। यसको उजुरी सूचनाको अधिकारको प्रयोगकर्ता कस पनि गर्न सक्छ।"
RI132,English,"A person reports probable corruption by a Public Body employee, the recipient discloses the person's identity, and the person is then removed from employment. Which protections under the Act are implicated?",The duty to keep the whistleblower's identity confidential and the protection against removal or other harm for providing information.,Section 48(1) – Protection for disclosure by a witness.
RI132,Nepali,कुनै व्यक्तिले सार्वजनिक निकायका कर्मचारीको सम्भावित भ्रष्टाचारबारे सूचना दिएपछि सूचना प्राप्तकर्ताले उसको पहिचान सार्वजनिक गर्छ र त्यसपछि उसलाई सेवाबाट हटाइन्छ भने ऐनअन्तर्गत कुन संरक्षणहरू प्रभावित हुन्छन्?,सूचनादाताको पहिचान गोप्य राख्ने कर्तव्य तथा सूचना दिएको कारण सेवाबाट हटाउने वा अन्य हानि पुर्‍याउने कार्यविरुद्धको संरक्षण।,संरक्षाको अधिकार र सूचनाको गोपनीयता।
RI133,English,"What fine may the Commission impose on the Chief of a Public Body or Information Officer who, without valid reason, withholds, refuses, partially provides, or provides wrong information, or destroys information?","A fine from NPR 1,000 to NPR 25,000.","€10,000"
RI133,Nepali,"कुनै वैध कारणबिना सूचना लुकाउने, दिन अस्वीकार गर्ने, आंशिक वा गलत सूचना दिने वा सूचना नष्ट गर्ने सार्वजनिक निकायको प्रमुख वा सूचना अधिकारीलाई आयोगले कति जरिवाना गर्न सक्छ?","रु. १,००० देखि रु. २५,००० सम्म जरिवाना।",५० हजार रुपैयाँसम्म।
RI134,English,"Which two officials may be fined under Section 32(1) for unjustifiably withholding, refusing, partially providing, or providing wrong information, or destroying information?",The Chief of the Public Body and the Information Officer.,A police officer and a customs officer.
RI134,Nepali,"सूचना लुकाउने, दिन अस्वीकार गर्ने, आंशिक वा गलत सूचना दिने वा सूचना नष्ट गर्ने कार्यका लागि दफा ३२(१) अन्तर्गत कुन दुई पदाधिकारीलाई जरिवाना गर्न सकिन्छ?",सार्वजनिक निकायको प्रमुख र सूचना अधिकारी।,न्याय सचिव र प्रहरी उपकमिisar।
RI135,English,What is the daily fine for unjustified delay in providing information that should have been provided within the prescribed time?,NPR 200 per day of delay.,$100 per day.
RI135,Nepali,निर्धारित समयमा उपलब्ध गराउनुपर्ने सूचना बिना कारण ढिला गरी उपलब्ध गराएमा दैनिक कति जरिवाना लाग्छ?,ढिलाइ भएको प्रत्येक दिन रु. २००।,"१,००० रुपैयाँ"
RI136,English,How does the penalty for unjustified delay in providing information differ from the penalty for withholding or improperly handling information?,"Unjustified delay attracts NPR 200 per day of delay, while withholding, refusal, partial or wrong disclosure, or destruction of information may attract a fine of NPR 1,000 to NPR 25,000.","Unjustified delay primarily incurs administrative sanctions, while withholding/improper handling can lead to criminal charges."
RI136,Nepali,सूचना उपलब्ध गराउन अनुचित ढिलाइ गरेको जरिवाना र सूचना लुकाउने वा अनुचित रूपमा व्यवस्थापन गरेको जरिवानाबीच के भिन्नता छ?,"अनुचित ढिलाइमा ढिलाइ भएको प्रत्येक दिन रु. २०० जरिवाना लाग्छ भने सूचना लुकाउने, अस्वीकार गर्ने, आंशिक वा गलत सूचना दिने वा सूचना नष्ट गर्नेलाई रु. १,००० देखि रु. २५,००० सम्म जरिवाना हुन सक्छ।","पहिलोमा, सूचना नदिन ढिलाइको जरिवाना सूचनाको ढिलाइको सजाय हो, तर दोस्रोमा, सूचना लुकाउने वा गलत बनाउनेको जरिवाना व्यवस्थापनको दुरुपयोग वा फसावटको सजाय हो।"
RI137,English,What may the Commission do if the Chief of a Public Body or Information Officer is eligible for departmental action under Section 32(1)?,It may write to the concerned Public Body for departmental action.,The Commission may take departmental action.
RI137,Nepali,दफा ३२(१) अन्तर्गत सार्वजनिक निकायको प्रमुख वा सूचना अधिकारीमाथि विभागीय कारबाही गर्नुपर्ने अवस्था भएमा आयोगले के गर्न सक्छ?,सम्बन्धित सार्वजनिक निकायलाई विभागीय कारबाहीका लागि लेख्न सक्छ।,"आयोग सञ्चालनको लागि नियम बनाउन, अनुगमन गर्न र कारबाही गर्न सक्छ।"
RI138,English,Within how long must a Public Body take departmental action after the Commission writes to it under Section 32(1)?,Within three months.,Within 6 weeks.
RI138,Nepali,दफा ३२(१) बमोजिम आयोगले लेखेपछि सार्वजनिक निकायले कति समयभित्र विभागीय कारबाही गर्नुपर्छ?,तीन महिनाभित्र।,तीन महिना।
RI139,English,"After a Public Body takes departmental action following a recommendation from the Commission, what additional obligation does the Public Body have?",It must notify the Commission of the departmental action.,To report the action to the Commission.
RI139,Nepali,आयोगको सिफारिसपछि सार्वजनिक निकायले विभागीय कारबाही गरेपछि उसको थप दायित्व के हुन्छ?,आयोगलाई विभागीय कारबाहीबारे जानकारी गराउनुपर्छ।,आ комиссииको सिफारिश कार्यान्वयन गरिन्छ।
RI140,English,What fine may the Commission impose on a person who misuses information obtained from a Public Body instead of using it for the purpose for which it was obtained?,"A fine from NPR 5,000 to NPR 25,000, considering the seriousness of the misuse.","€10,000"
RI140,Nepali,सार्वजनिक निकायबाट प्राप्त सूचना जुन प्रयोजनका लागि प्राप्त गरिएको हो त्यसको सट्टा दुरुपयोग गर्ने व्यक्तिलाई आयोगले कति जरिवाना गर्न सक्छ?,"दुरुपयोगको गम्भीरता हेरी रु. ५,००० देखि रु. २५,००० सम्म।",५० हजार रुपैयाँ
RI141,English,What is the maximum fine the Commission may impose on a person who does not comply with a decision or order issued under the Act?,"Up to NPR 10,000.","$1,000,000"
RI141,Nepali,ऐनबमोजिम जारी गरिएको आयोगको निर्णय वा आदेश पालना नगर्ने व्यक्तिलाई आयोगले अधिकतम कति जरिवाना गर्न सक्छ?,"रु. १०,००० सम्म।",१ रकम
RI142,English,"Which penalty applies specifically to misuse of information, and which penalty applies to failure to comply with a Commission decision or order?","Misuse attracts NPR 5,000 to NPR 25,000, while failure to comply with a Commission decision or order may attract up to NPR 10,000.","Misuse of information: Fines.
Failure to comply with a Commission decision or order: Referral to the courts."
RI142,Nepali,सूचनाको दुरुपयोग र आयोगको निर्णय वा आदेश पालना नगरेमा क्रमशः कुन-कुन जरिवाना लागू हुन्छ?,"दुरुपयोगमा रु. ५,००० देखि रु. २५,००० सम्म र आयोगको निर्णय वा आदेश पालना नगरेमा रु. १०,००० सम्म।","*   पहिलो चरणको लागि: रु. 5,000
*   दोस्रो चरणको लागि: रु. 10,000
*   निरन्तरको लागि: रु. 25,000"
RI143,English,"A Chief of a Public Body unjustifiably delays providing information for five days, while another person misuses information obtained from a Public Body. What penalties may apply in the two cases?","The Chief may be fined NPR 1,000 for the five-day delay, while the person misusing the information may be fined NPR 5,000 to NPR 25,000 depending on the seriousness of the misuse.","**Case 1 (Chief Delay):**

*   Potential breach of public duty, possible disciplinary action, and/or legal action for negligence or breach of trust.

**Case 2 (Misuse of Information):**

*   Criminal charges (e.g., unauthorized disclosure, misuse of information), civil claims for damages, and/or disciplinary action."
RI143,Nepali,सार्वजनिक निकायको प्रमुखले सूचना उपलब्ध गराउन पाँच दिनसम्म बिना कारण ढिलाइ गरेमा र अर्को व्यक्तिले सार्वजनिक निकायबाट प्राप्त सूचना दुरुपयोग गरेमा दुवै अवस्थामा कस्ता जरिवाना लागू हुन सक्छन्?,"प्रमुखलाई पाँच दिनको ढिलाइका लागि रु. १,००० जरिवाना हुन सक्छ भने सूचना दुरुपयोग गर्ने व्यक्तिलाई दुरुपयोगको गम्भीरताअनुसार रु. ५,००० देखि रु. २५,००० सम्म जरिवाना हुन सक्छ।",अनुचित सूचना प्रकाशनका कारणको जरिवाना र सूचना दुरुपयोगको जरिवाना।
RI144,English,"What are the four distinct monetary penalty structures under Section 32 for improper information handling, unjustified delay, misuse of information, and non-compliance with a Commission decision or order?","NPR 1,000–25,000 for unjustified withholding, refusal, partial or wrong information, or destruction; NPR 200 per day for unjustified delay; NPR 5,000–25,000 for misuse; and up to NPR 10,000 for non-compliance with a Commission decision or order.","1.  **Financial Penalty:** A monetary sum determined by the Commission.
2.  **Suspension:** Temporary cessation of activities.
3.  **Disqualification:** Loss of rights and privileges.
4.  **Personal Undertaking:** Requirement for the respondent to undertake specific actions."
RI144,Nepali,"सूचना अनुचित रूपमा व्यवस्थापन गर्ने, बिना कारण ढिलाइ गर्ने, सूचना दुरुपयोग गर्ने र आयोगको निर्णय वा आदेश पालना नगर्ने कार्यका लागि दफा ३२ अन्तर्गतका चार फरक मौद्रिक दण्ड संरचना के-के हुन्?","अनुचित रूपमा सूचना लुकाउने, दिन अस्वीकार गर्ने, आंशिक वा गलत सूचना दिने वा सूचना नष्ट गर्नेमा रु. १,०००–२५,०००; बिना कारण ढिलाइमा दैनिक रु. २००; सूचनाको दुरुपयोगमा रु. ५,०००–२५,०००; र आयोगको निर्णय वा आदेश पालना नगरेमा रु. १०,००० सम्म।","दफा ३२ अन्तर्गतका चार मौद्रिक दण्ड संरचना:

१.  ५०,००० रुपैयाँ
२.  १,००,००० रुपैयाँ
३.  २,००,००० रुपैयाँ
४.  ५,००,००० रुपैयाँ"
RI145,English,Who may file a petition for compensation under Section 33?,A person who has suffered loss or damage due to the specified failure or improper handling of information.,"A widow, widower, or child of a deceased employee of a foreign mission."
RI145,Nepali,दफा ३३ अन्तर्गत क्षतिपूर्तिका लागि कसले निवेदन दिन सक्छ?,तोकिएको सूचना उपलब्ध नगराउने वा अनुचित रूपमा व्यवस्थापन गर्ने कार्यबाट हानि वा क्षति व्यहोरेको व्यक्ति।,दुर्भावित व्यक्ति वा उनका प्रतिनिधि।
RI146,English,What actions by a Chief or Information Officer may give rise to a person's right to seek compensation under Section 33?,"Failure to provide information, refusal to provide information, providing partial or wrong information, or destroying information, where the person suffers loss or damage.","Actions constituting a breach of fiduciary duty, including misuse of confidential information, self-dealing, and conflicts of interest."
RI146,Nepali,प्रमुख वा सूचना अधिकारीका कुन कार्यबाट व्यक्तिलाई दफा ३३ अन्तर्गत क्षतिपूर्ति माग्ने अधिकार उत्पन्न हुन सक्छ?,"सूचना उपलब्ध नगराउनु, सूचना दिन अस्वीकार गर्नु, आंशिक वा गलत सूचना दिनु वा सूचना नष्ट गर्नु, जसबाट व्यक्तिलाई हानि वा क्षति भएको अवस्थामा।",पदमाथि उत्प्रेरित दुर्व्यवहार।
RI147,English,Within what period must a person file a compensation petition before the Commission under Section 33?,Within three months.,Six months
RI147,Nepali,दफा ३३ अन्तर्गत व्यक्तिले आयोगसमक्ष क्षतिपूर्तिको निवेदन कति अवधिभित्र दिनुपर्छ?,तीन महिनाभित्र।,तीन महिना।
RI148,English,On what basis may the Commission award compensation after investigating a compensation petition?,It may award a reasonable amount based on the actual loss suffered.,Based on evidence of a violation of the relevant law or regulation.
RI148,Nepali,क्षतिपूर्तिको निवेदनमाथि छानबिन गरेपछि आयोगले कुन आधारमा क्षतिपूर्ति दिन सक्छ?,भएको वास्तविक क्षतिको आधारमा उचित रकम।,आगोuktikan証 र सत्यता।
RI149,English,From whom may the Commission order compensation to be paid when a compensation petition is found reasonable?,From the concerned Public Body.,The Commission may order compensation to be paid from the funds of the state.
RI149,Nepali,क्षतिपूर्तिको निवेदन उचित ठहरिएमा आयोगले क्षतिपूर्ति कसबाट उपलब्ध गराउन आदेश दिन सक्छ?,सम्बन्धित सार्वजनिक निकायबाट।,श्रमिक वा कर्मचारी वा उनी/उही संस्थाबाट।
RI150,English,What is the difference between the remedy for loss caused by failure to provide information and the remedy against a decision of the Commission under Section 32?,"A person suffering loss or damage may file a compensation petition before the Commission within three months under Section 33, while a person dissatisfied with a Commission decision under Section 32 may appeal to the Appellate Court within thirty-five days under Section 34.","Failure to provide information remedies focus on compensating for losses due to lack of data, while Section 32 remedies address challenges to Commission decisions through judicial review."
RI150,Nepali,सूचना उपलब्ध नगराउँदा भएको क्षतिका लागि उपलब्ध उपचार र दफा ३२ अन्तर्गत आयोगले गरेको निर्णयविरुद्धको उपचारबीच के भिन्नता छ?,हानि वा क्षति व्यहोरेको व्यक्तिले दफा ३३ अन्तर्गत तीन महिनाभित्र आयोगसमक्ष क्षतिपूर्तिको निवेदन दिन सक्छ भने दफा ३४ अन्तर्गत आयोगको निर्णयबाट असन्तुष्ट व्यक्तिले पैंतीस दिनभित्र पुनरावेदन अदालतमा पुनरावेदन गर्न सक्छ।,"उपचार तथा दफा ३२ अन्तर्गत आयोगले गरेको निर्णयविरुद्धको उपचारबीच मुख्य भिन्नता के छ भने, उपचारले व्यक्तिगत स्वास्थ्य सम्बन्धी समस्या समाधान गर्छ भने आयोगले गरेको निर्णयविरुद्धको उपचार कानुनको पालना भएन भन्ने विषयमा केन्द्रित हुन्छ।"
RI151,English,Who may apply for the correction of information held by a Public Body that they believe is wrong?,Any person who believes that the information is wrong.,Any person.
RI151,Nepali,सार्वजनिक निकायमा रहेको सूचना गलत छ भन्ने विश्वास भएमा त्यसको सुधारका लागि कसले आवेदन दिन सक्छ?,सूचना गलत छ भन्ने विश्वास भएको कुनै पनि व्यक्ति।,कुस्ती परेको व्यक्ति।
RI152,English,"To whom must an application for correction of wrong information be submitted, and what must accompany the application?",It must be submitted to the concerned Chief together with necessary evidence.,"The application must be submitted to the court that issued the original judgment, and it must be accompanied by a certified copy of the judgment and a statement of the error."
RI152,Nepali,गलत सूचना सच्याउनको लागि आवेदन कसलाई दिनुपर्छ र आवेदनसँगै के पेश गर्नुपर्छ?,सम्बन्धित प्रमुखसमक्ष आवश्यक प्रमाणसहित पेश गर्नुपर्छ।,"भ्रष्टाचार निवारण आयोगलाई आवेदन दिनुपर्छ। आवेदनसँग मूल कागजात, फोटोकपि र अन्य आवश्यक कागजात पेश गर्नुपर्छ।"
RI153,English,What must the Chief do after investigating an application for correction and finding that the information is wrong?,The Chief must correct the information and inform the applicant within seven days from the date of the application.,The Chief must issue a notice of deficiency.
RI153,Nepali,सूचना सच्याउन दिइएको आवेदनमाथि छानबिन गर्दा सूचना गलत पाइएमा प्रमुखले के गर्नुपर्छ?,प्रमुखले सूचना सच्याई आवेदन दिएको मितिले सात दिनभित्र आवेदकलाई जानकारी गराउनुपर्छ।,"सूचना गलत पाइएमा, प्रमुखले आवेदन रद्द गर्नुपर्छ।"
RI154,English,What protection does Section 36 provide to a Chief or Information Officer who performs information-dissemination work in good faith?,No case may be filed and no punishment may be imposed against them for such work.,Section 36 protects a Chief or Information Officer who performs information dissemination work in good faith from liability for disclosing or procuring information.
RI154,Nepali,दफा ३६ ले सद्भावनापूर्वक सूचना प्रसारसम्बन्धी काम गर्ने प्रमुख वा सूचना अधिकारीलाई कस्तो संरक्षण प्रदान गर्छ?,त्यस्तो कामका लागि उनीहरूविरुद्ध मुद्दा चलाउन वा सजाय गर्न पाइँदैन।,दफा ३६ ले सूचना अधिकारीलाई सद्भावनापूर्वक सूचना प्रसारसम्बन्धी काम गर्ने क्रममा हुने आलोचना र जवादारीबाट संरक्षण प्रदान गर्छ।
RI155,English,How does the Act determine which law applies to matters covered by the Act and matters not covered by it?,"Matters covered by the Act must be dealt with under this Act, while other matters must be dealt with under the prevailing laws.","The Act determines which law applies based on whether the matter falls within its scope of regulation. If a matter is covered by the Act, the Act’s provisions apply. If a matter is not covered, general law applies."
RI155,Nepali,ऐनमा समेटिएका र ऐनमा नसमेटिएका विषयमा कुन कानून लागू हुने व्यवस्था ऐनले गरेको छ?,ऐनमा उल्लिखित विषयहरू यसै ऐनबमोजिम र अन्य विषयहरू प्रचलित कानूनबमोजिम कार्यान्वयन गर्नुपर्छ।,"कुनै पनि विषयमा ऐन नसमेटिएको खण्डमा, अन्य कानून लागू हुने व्यवस्था ऐनले गरेको छ।"
RI156,English,"Who makes the Rules necessary to implement the objectives of the Act, and what procedural requirement applies before doing so?",The Government of Nepal makes the Rules after consultation with the Commission.,"The Environmental Protection Agency (EPA) makes the rules, and they must follow a notice-and-comment process."
RI156,Nepali,ऐनका उद्देश्य कार्यान्वयन गर्न आवश्यक नियम कसले बनाउँछ र नियम बनाउनुअघि कुन प्रक्रियागत आवश्यकता पूरा गर्नुपर्छ?,आयोगसँग परामर्श गरी नेपाल सरकारले नियम बनाउँछ।,"कानून निर्माण समितिले ऐनका उद्देश्य कार्यान्वयन गर्न आवश्यक नियम बनाउँछ। नियम बनाउनुअघि कानुन निर्माण समितिले परामर्श, छलफल र सुझाव आह्वान गर्ने प्रक्रियागत आवश्यकता पूरा गर्नुपर्छ।"
CL001,English,What is the fundamental law of Nepal?,The Constitution of Nepal,The Constitution of Nepal
