row_id,english_dialogue,english_dataset_summary,english_dataset_topic,english_llm_summary,english_llm_topic,english_summary_result,english_topic_result,english_overall_result,english_score,english_judge_reason,nepali_dialogue,nepali_dataset_summary,nepali_dataset_topic,nepali_llm_summary,nepali_llm_topic,nepali_summary_result,nepali_topic_result,nepali_overall_result,nepali_score,nepali_judge_reason,Judge EN,Judge NE
train_6719,"#Person1#: How about another beer?
 #Person2#: No, thanks. I've had more than enough. In fact, I must be running along.
 #Person1#: Stay around for a while. The party is warming up.
 #Person2#: I'm afraid I have to leave. I have to be up early tomorrow.",#Person2# has to leave the party and #Person1# asks #Person2# to stay.,leaving the party,"Person1 offers Person2 another beer, but Person2 declines, stating they have had enough and need to leave early the next day.",conversation about leaving a party,Same Meaning,Same Meaning,Same Meaning,0.98,"The generated summary accurately captures the main idea of Person1 offering a beer and Person2 declining while explaining their need to leave early. The generated topic correctly refers to the same main topic of leaving a party. Both preserve the important facts, entities (Person1, Person2), and the core meaning of the dialogue without introducing or omitting critical information.","#व्यक्ति१#: अर्को बियर कस्तो होला?
#व्यक्ति२#: होइन, धन्यवाद। मैले पर्याप्तभन्दा धेरै पिइसकेको छु। वास्तवमा, अब मैले हिँड्नै पर्छ।
#व्यक्ति१#: केही समय यतै बस न। पार्टी अझ रमाइलो हुँदैछ।
#व्यक्ति२#: माफ गर्नुहोस्, मैले जानै पर्छ। भोलि बिहान चाँडै उठ्नुपर्छ।",#व्यक्ति२# ले पार्टी छोड्नुपर्छ र #व्यक्ति१# ले #व्यक्ति२# लाई केही समय अझै बस्न आग्रह गर्छ।,leaving the party,व्यक्ति१ले अर्को बियर खाने प्रस्ताव गरेपछि व्यक्ति२ले पर्याप्त पिएको र अब जानुपर्ने बताए। व्यक्ति१ले अलि बसेर पार्टी रमाइलो गर्न आग्रह गरे तर व्यक्ति२ले भोलि बिहान चाँडै उठ्नुपर्ने भएकाले माफी माग्दै जानुपर्ने जवाफ दिए।,मद्यपान र सामाजिक जमघटमा व्यक्तिको सीमा र निर्णय,Same Meaning,Different Meaning,Different Meaning,0.85,"The generated summary accurately represents the main idea, facts, and entities of the dialogue, preserving the same meaning as the reference summary. However, the generated topic introduces additional concepts ('मद्यपान र सामाजिक जमघटमा व्यक्तिको सीमा र निर्णय') that are not explicitly present in the dialogue or the reference topic ('leaving the party'). While the generated topic is thematically related, it expands beyond the core subject of leaving the party, making it a different meaning.",C,PC
train_3132,"#Person1#: This historian is famous in the field of Tang Dynasty.
 #Person2#: So he always sits above the salt when there is a seminar about it.
 #Person1#: Right, to be famous to be respectable in some way.
 #Person2#: You got it.",#Person1# and #Person2# talk about a famous historian.,historian,"Person1 and Person2 discuss a historian renowned for their expertise on the Tang Dynasty, noting that their reputation grants them high respect in seminars about the topic.",discussion about a historian's reputation in Tang Dynasty seminars,Same Meaning,Different Meaning,Different Meaning,0.85,"The generated summary accurately captures the main idea of the dialogue, mentioning the historian's fame and respect in seminars. However, the generated topic introduces a new concept ('reputation') that is not explicitly stated in the dialogue or reference topic ('historian'). While the dialogue implies respect, the topic explicitly frames it as 'reputation,' which slightly alters the focus. The summary is correct, but the topic's additional detail changes the meaning slightly.","#व्यक्ति१#: यो इतिहासकार ताङ वंशको क्षेत्रमा प्रसिद्ध छन्।
#व्यक्ति२#: त्यसैले यस विषयमा सेमिनार हुँदा उनी सधैं सम्मानित स्थानमा बस्छन्।
#व्यक्ति१#: हो, प्रसिद्ध हुनु भनेको कुनै न कुनै रूपमा सम्मानित हुनु हो।
#व्यक्ति२#: ठिक भन्यौ।",#व्यक्ति१# र #व्यक्ति२# एक प्रसिद्ध इतिहासकारको बारेमा कुरा गर्छन्।,historian,संवादमा इतिहासकार र ताङ वंशको प्रसिद्धिको बारेमा चर्चा गरिएको छ। प्रसिद्ध इतिहासकारलाई सेमिनारमा सम्मानित स्थान दिइन्छ र प्रसिद्धिको अर्थ सम्मानित हुनु पनि हो भन्ने कुरामा दुवै व्यक्तिको सहमति छ।,इतिहासकार र ताङ वंशको प्रसिद्धिको सम्बन्ध तथा सम्मान,Same Meaning,Same Meaning,Same Meaning,0.98,"The generated summary accurately captures the main idea of the dialogue, including the discussion about a famous historian, their respect in seminars, and the agreement on the meaning of fame. The generated topic correctly identifies the relationship between the historian and Tang dynasty fame, as well as the aspect of respect, which aligns with the dialogue's content. No contradictions or omissions of important facts are present.",PC,C
train_311,"#Person1#: Hi. I just lost my purse when I was shopping on the street. I guess somebody stole it from me.
 #Person2#: Sorry to hear that. Could you tell me what were in your purse?
 #Person1#: My mobile phone, passport and some cash.
 #Person2#: When did you come to America?
 #Person1#: Just a couple of days ago.
 #Person2#: Could you recall when and where you lost it?
 #Person1#: I have no idea.
 #Person2#: OK. I have written it down. Who is your emergency contact person in America?
 #Person1#: That is my friend Tim who lives nearby.
 #Person2#: OK. We will contact you as soon as we have any clues.",#Person1# reports to #Person2# that #Person1# lost a purse. #Person2# asks for #Person1#'s emergency contact person to contact her if any clues are found.,lost a purse,"Person1 reports losing their purse containing a mobile phone, passport, and cash while shopping in America. Person2 asks for details about the loss and Person1's emergency contact in America.",Reporting a lost purse and providing details for investigation,Same Meaning,Same Meaning,Same Meaning,0.98,"The generated summary accurately captures the main idea of the dialogue, including the loss of the purse, its contents (mobile phone, passport, cash), the location (America), and the request for an emergency contact. The generated topic correctly reflects the main subject of the dialogue, which is reporting a lost purse and providing details for investigation. Both the summary and topic preserve all important facts and entities without introducing contradictions or omissions that alter the meaning.","#व्यक्ति१#: नमस्कार। मैले सडकमा किनमेल गर्ने क्रममा मेरो पर्स हराएँ। मलाई लाग्छ कसैले चोरेको हुनुपर्छ।
#व्यक्ति२#: यो सुनेर दुःख लाग्यो। तपाईंको पर्सभित्र के–के थियो बताउन सक्नुहुन्छ?
#व्यक्ति१#: मेरो मोबाइल फोन, राहदानी र केही नगद पैसा थियो।
#व्यक्ति२#: तपाईं अमेरिका कहिले आउनुभएको हो?
#व्यक्ति१#: केही दिनअघि मात्र।
#व्यक्ति२#: तपाईंले कहिले र कहाँ हराउनुभयो भनेर सम्झन सक्नुहुन्छ?
#व्यक्ति१#: मलाई थाहा छैन।
#व्यक्ति२#: ठीक छ। मैले लेखेँ। अमेरिकामा तपाईंको आपत्कालीन सम्पर्क व्यक्ति को हुनुहुन्छ?
#व्यक्ति१#: मेरो साथी टिम, जो नजिकै बस्छ।
#व्यक्ति२#: ठीक छ। कुनै जानकारी भेटिएमा हामी तपाईंलाई सम्पर्क गर्नेछौँ।",#व्यक्ति१# ले आफ्नो पर्स हराएको कुरा #व्यक्ति२# लाई बताउँछ। #व्यक्ति२# ले कुनै जानकारी भेटिएमा सम्पर्क गर्न #व्यक्ति१# को आपत्कालीन सम्पर्क व्यक्तिको विवरण माग्छ।,lost a purse,"एक व्यक्तिले सडक किनमेल गर्ने क्रममा आफ्नो पर्स हराएको र त्यसभित्र मोबाइल फोन, राहदानी तथा नगद रहेको बताए। उनले अमेरिका केही दिनअघि मात्र आएको र हराएको स्थान तथा समय थाहा नभएको जनाए। प्रहरीले आपत्कालीन सम्पर्क व्यक्ति सोधेकोमा साथी टिम रहेको बताए।",पर्स हराएको बारेमा प्रहरीलाई गरिएको उजुरी,Same Meaning,Different Meaning,Same Meaning,0.98,"The generated summary accurately represents the main idea of the dialogue, preserving important facts (lost purse, contents, emergency contact), people (Tim), and events. The topic 'पर्स हराएको बारेमा प्रहरीलाई गरिएको उजुरी' (police report about lost purse) is semantically close but slightly more specific than the reference topic 'lost a purse'. The reference topic is broader, while the generated topic implies a formal report to police, which is not explicitly stated in the dialogue. However, the core meaning remains the same as the dialogue's context.",C,C
train_6505,"#Person1#: Good morning, Mr. Bell. How are you today? Are you here to sort out your L / C documents?
 #Person2#: Yes. I've been through them and there's a problem, a rather major discrepancy actually. You see? It should be KN509.
 #Person1#: I see, here it says KM509.
 #Person2#: Exactly, if we accept these it could cause a lot of problems in our record and our accounts system because the numbers don't match.
 #Person1#: Yes, I see what you mean. You need to reject these documents.",Mr. Bell finds a problem in the L/C documents. #Person1# suggests he reject them.,discrepancy,"Person1 and Person2 discuss a discrepancy in L/C documents where the number should be KN509 but is listed as KM509. Person2 highlights potential issues in records and accounts if the documents are accepted, and Person1 agrees to reject them.",Discrepancy in L/C documents,Same Meaning,Same Meaning,Same Meaning,0.98,"The generated summary accurately captures the main idea of the dialogue, including the discrepancy in the L/C documents (KN509 vs. KM509), the potential issues in records and accounts, and the decision to reject the documents. The generated topic correctly identifies the main topic as the discrepancy in L/C documents, matching the reference topic. No contradictions, omissions of critical facts, or introductions of unrelated entities are present.","#व्यक्ति१#: शुभ प्रभात, मिस्टर बेल। आज तपाईं कस्तो हुनुहुन्छ? के तपाईं आफ्नो एल/सी कागजात मिलाउन आउनुभएको हो?
#व्यक्ति२#: हो। मैले ती कागजात हेरेँ र एउटा समस्या भेटियो, वास्तवमा ठूलो असमानता छ। हेर्नुहोस्, यो केएन५०९ हुनुपर्ने हो।
#व्यक्ति१#: मैले बुझें, यहाँ त केएम५०९ लेखिएको छ।
#व्यक्ति२#: ठ्याक्कै। यदि हामीले यी कागजात स्वीकार गर्‍यौँ भने हाम्रो अभिलेख र हिसाब प्रणालीमा धेरै समस्या आउन सक्छ, किनकि नम्बरहरू मिल्दैनन्।
#व्यक्ति१#: हो, मैले तपाईंको कुरा बुझें। तपाईंले यी कागजात अस्वीकार गर्नुपर्छ।",मिस्टर बेलले एल/सी कागजातमा समस्या भेट्टाउँछन्। #व्यक्ति१# ले उनलाई ती कागजात अस्वीकार गर्न सुझाव दिन्छ।,discrepancy,व्यक्ति१ र व्यक्ति२ बीच एल/सी कागजात मिलाउने क्रममा केएन५०९ र केएम५०९ बीच असमानता पाइएको र यसले अभिलेख प्रणालीमा समस्या निम्त्याउन सक्ने भएकाले व्यक्ति२ ले ती कागजात अस्वीकार गर्नुपर्ने निष्कर्ष निकालिएको छ।,एल/सी कागजातमा देखिएको नम्बर असमानता र त्यसको समाधान,Same Meaning,Same Meaning,Same Meaning,0.98,"The generated summary accurately reflects the main idea of the dialogue, mentioning the discrepancy between KN509 and KM509 in the LC documents, the potential problems for the record system, and the conclusion that the documents should be rejected. The generated topic correctly identifies the main topic as the number discrepancy in the LC documents and its resolution. Both preserve all key facts, entities (e.g., KN509, KM509, LC documents, record system), and the subject of the dialogue without introducing or omitting critical information.",C,C
train_10287,"#Person1#: Daniel, you can't spit the gum everywhere. 
 #Person2#: Come on, just a little piece. 
 #Person1#: Do you know how many people chew gum everyday? 
 #Person2#: I have no idea. 
 #Person1#: Just in Beijing, people consume 300, 000 pieces of gum every day. 
 #Person2#: That's amazing. 
 #Person1#: If all the people spit out the gum like you, the whole world would become a big trash can. 
 #Person2#: Come on, you are making too big deal out of this. 
 #Person1#: I just want to remind you to behave yourself. 
 #Person2#: OK, dear sister, I see. This kind of thing will not happen again.",#Person1# asks Daniel not to spit gums everywhere and behave himself. Daniel promises not to do that again.,family,"Person1 scolds Person2 for spitting gum carelessly, citing that 300,000 pieces of gum are consumed daily in Beijing. Person2 initially dismisses the concern but eventually agrees to behave better.",proper disposal of chewing gum,Same Meaning,Different Meaning,Different Meaning,0.9,"The generated summary accurately represents the main idea and important facts of the dialogue, preserving the key entities (Person1, Person2, Daniel, gum consumption in Beijing) and the core message about proper behavior. However, the generated topic ('proper disposal of chewing gum') is more specific than the reference topic ('family'), which is a broader context implied by the dialogue's tone (e.g., Person1 acting as a sister). The dialogue does not explicitly mention disposal methods or environmental concerns, making the generated topic a slight misrepresentation of the main topic.","#व्यक्ति१#: ड्यानियल, तिमीले जताततै चुइङगम थुक्न हुँदैन।
#व्यक्ति२#: ए, अलिकति मात्र त हो।
#व्यक्ति१#: के तिमीलाई थाहा छ हरेक दिन कति मानिसले चुइङगम चपाउँछन्?
#व्यक्ति२#: मलाई थाहा छैन।
#व्यक्ति१#: बेइजिङमा मात्र मानिसहरूले हरेक दिन ३ लाख टुक्रा चुइङगम प्रयोग गर्छन्।
#व्यक्ति२#: त्यो त अचम्मको कुरा हो।
#व्यक्ति१#: यदि सबै मानिसले तिमीले जस्तै चुइङगम थुके भने संसार नै ठूलो फोहोरको डब्बा बन्नेछ।
#व्यक्ति२#: ए, तिमी यसलाई धेरै ठूलो कुरा बनाइरहेकी छौ।
#व्यक्ति१#: म केवल तिमीलाई राम्रो व्यवहार गर्न सम्झाइरहेकी छु।
#व्यक्ति२#: ठीक छ, प्रिय दिदी, मैले बुझें। यस्तो फेरि हुने छैन।",#व्यक्ति१# ले ड्यानियललाई जताततै चुइङगम नथुक्न र राम्रो व्यवहार गर्न भन्छ। ड्यानियलले फेरि त्यसो नगर्ने वाचा गर्छ।,family,व्यक्ति१ ले व्यक्ति२ लाई सार्वजनिक ठाउँमा चुइङगम थुक्न नहुने र यसले फोहोर बढाउने कुरा बताए। व्यक्ति२ ले सुरुमा अलिकति मात्र थुक्ने भन्दै जवाफ दिए पनि व्यक्ति१ ले बेइजिङमा हरेक दिन ३ लाख टुक्रा चुइङगम प्रयोग हुने र सबैले त्यसरी थुक्दा संसार नै फोहोर हुने बताए। अन्ततः व्यक्ति२ ले आफ्नो गल्ती स्वीकार गरे।,सार्वजनिक ठाउँमा चुइङगम थुक्ने व्यवहार र यसको असर,Same Meaning,Different Meaning,Different Meaning,0.85,"The generated summary accurately represents the main idea, important facts, and entities from the dialogue, preserving the same meaning as the reference summary. However, the generated topic ('सार्वजनिक ठाउँमा चुइङगम थुक्ने व्यवहार र यसको असर') introduces a more specific focus on public places and the impact of the behavior, which is not explicitly stated in the reference topic ('family'). While the dialogue involves family-like interaction between two individuals, the reference topic does not limit the context to family, making the generated topic a narrower interpretation.",PC,PC
train_4205,"#Person1#: It's well known that Abraham Lincoln was the greatest American, you know.
 #Person2#: Yes, many American people do think so, and they feel proud of Lincoln. He rose from the lowest to the highest position in the United States.
 #Person1#: DO you know how he was killed?
 #Person2#: Yes. It was on April 14, 1865. After a very busy day, Lincoln and his wife went to see a play at a theatre in Washington. A 25-year-old man, who was from the South, suddenly shot Lincoln through the head.
 #Person1#: Did he die immediately when he was shot?
 #Person2#: No, he didn't. He died early the next morning in the hospital.",#Person1# and #Person2# think Abraham Lincoln was the greatest American. #Person2# tells #Person1# Lincoln was shot and later died in hospital.,Abraham Lincoln,"Person1 and Person2 discuss Abraham Lincoln's greatness and his assassination. Person2 explains that Lincoln was shot on April 14, 1865, by a 25-year-old man from the South while attending a play at a Washington theatre. Lincoln did not die immediately but succumbed to his injuries the next morning.",Abraham Lincoln's assassination,Same Meaning,Different Meaning,Different Meaning,0.9,"The generated summary accurately represents the main ideas, facts, and entities from the dialogue, preserving the same meaning as the reference summary. However, the generated topic ('Abraham Lincoln's assassination') is more specific than the reference topic ('Abraham Lincoln'), which is broader and includes his greatness and assassination. While the generated topic is factually correct, it does not fully align with the reference topic's scope, making it a different meaning in terms of conceptual coverage.","#व्यक्ति१#: अब्राहम लिंकन सबैभन्दा महान अमेरिकी थिए भन्ने कुरा प्रसिद्ध छ, हैन?
#व्यक्ति२#: हो, धेरै अमेरिकी मानिसहरू पनि त्यस्तै सोच्छन् र उनीहरू लिंकनप्रति गर्व गर्छन्। उनी अमेरिकाको सबैभन्दा तल्लो अवस्थाबाट सबैभन्दा उच्च पदसम्म पुगेका थिए।
#व्यक्ति१#: के तपाईंलाई थाहा छ उनको हत्या कसरी भयो?
#व्यक्ति२#: हो। यो अप्रिल १४, १८६५ मा भएको थियो। धेरै व्यस्त दिनपछि लिंकन र उनकी पत्नी वासिङ्टनको एउटा थिएटरमा नाटक हेर्न गएका थिए। दक्षिण क्षेत्रका २५ वर्षीय एक व्यक्तिले अचानक उनको टाउकोमा गोली हाने।
#व्यक्ति१#: गोली लाग्नेबित्तिकै उनको मृत्यु भयो?
#व्यक्ति२#: भएन। भोलिपल्ट बिहान अस्पतालमा उनको मृत्यु भयो।",#व्यक्ति१# र #व्यक्ति२# अब्राहम लिंकनलाई महान अमेरिकी मान्छन्। #व्यक्ति२# ले लिंकनलाई गोली हानेर पछि अस्पतालमा मृत्यु भएको कुरा बताउँछन्।,Abraham Lincoln,"संवादमा अब्राहम लिंकन अमेरिकाका महान राष्ट्रपति थिए भन्ने कुरा उठाइएको छ। उनको जीवनको सफलता, अमेरिकीहरूको उनप्रति गर्व, र उनको हत्याको विवरण (मिति, स्थान, र कारण) प्रस्तुत गरिएको छ। हत्या अप्रिल १४, १८६५ मा भएको थियो, जब लिंकन र उनकी पत्नी थिएटरमा नाटक हेर्दै थिए। दक्षिण क्षेत्रका एक व्यक्तिले गोली हानेपछि भोलिपल्ट उनको मृत्यु भयो।","अब्राहम लिंकनको जीवन, सफलता, र हत्याको विवरण",Same Meaning,Same Meaning,Same Meaning,0.98,"The generated summary accurately captures the main ideas of the dialogue, including Abraham Lincoln's greatness, his rise to power, and the details of his assassination (date, location, perpetrator, and outcome). The generated topic correctly identifies the subject as Abraham Lincoln's life, success, and assassination details, which aligns with the reference topic. No contradictions, omissions of critical facts, or introductions of extraneous information are present.",PC,C
train_8615,"#Person1#: Welcome to China, Mr. Martin.
 #Person2#: Thank you so much. I have been expecting to come to China.
 #Person1#: I am very glad that you say so. We have prepared a typical Chinese dinner this evening.
 #Person2#: Oh, you needn't do that.
 #Person1#: My pleasure.",#Person1# welcomes Mr. Martin to China with a typical Chinese dinner.,China,"Person1 welcomes Person2 to China and informs them that a typical Chinese dinner has been prepared for the evening, to which Person2 expresses gratitude and declines the offer, but Person1 insists it is their pleasure.",Welcome and dinner arrangement,Same Meaning,Different Meaning,Different Meaning,0.85,"The generated summary accurately represents the main idea and preserves important facts, people, and actions from the dialogue. However, the generated topic 'Welcome and dinner arrangement' is more specific than the reference topic 'China' and does not fully capture the main topic of the dialogue, which is centered around welcoming someone to China and arranging a dinner.","#व्यक्ति१#: चीनमा स्वागत छ, मिस्टर मार्टिन।
#व्यक्ति२#: धेरै धन्यवाद। म चीन आउन धेरै समयदेखि उत्सुक थिएँ।
#व्यक्ति१#: तपाईंले त्यसो भन्नुभएकोमा मलाई खुसी लाग्यो। हामीले आज साँझ परम्परागत चिनियाँ खाना तयार गरेका छौँ।
#व्यक्ति२#: ओहो, तपाईंले यस्तो गर्न आवश्यक थिएन।
#व्यक्ति१#: यो मेरो खुसी हो।",#व्यक्ति१# ले मिस्टर मार्टिनलाई चीनमा स्वागत गर्दै परम्परागत चिनियाँ खानाको व्यवस्था गर्छन्।,China,व्यक्ति१ ले व्यक्ति२ (मिस्टर मार्टिन) लाई चीनमा स्वागत गर्दै परम्परागत चिनियाँ खाना तयार गरेको बताए। व्यक्ति२ ले यसको लागि धन्यवाद व्यक्त गरे।,स्वागत र सम्मानको भाव व्यक्त गर्दै परम्परागत चिनियाँ खानाको व्यवस्था,Same Meaning,Different Meaning,Different Meaning,0.85,"The generated summary accurately represents the main idea of the dialogue, preserving important facts, entities (व्यक्ति१, व्यक्ति२, मिस्टर मार्टिन, चीन, परम्परागत चिनियाँ खाना), and the subject (स्वागत र परम्परागत खानाको व्यवस्था). However, the generated topic ('स्वागत र सम्मानको भाव व्यक्त गर्दै परम्परागत चिनियाँ खानाको व्यवस्था') introduces additional concepts ('सम्मानको भाव व्यक्त गर्दै') that are not explicitly present in the dialogue or the reference topic ('China'). While the core idea is related, the topic is not as concise or aligned with the reference as the summary.",PC,PC
train_5532,"#Person1#: Hello, 8520388 2.
 #Person2#: Hi, this is Maria. Is that Shirley?
 #Person1#: Hi, Maria, this is Shirley.
 #Person2#: Shirley, do you know today's homework from our economic law class? I have written it on a piece of paper but I can't find it now.
 #Person1#: Hold on for a moment please. I'm fetching my textbook.
 #Person2#: OK.
 #Person1#: Oh, the homework is to explain what economic law is both in broad sense and in narrow sense.
 #Person2#: Explain the economic law? An essay question again?
 #Person1#: Yes. You can use your textbook for your reference.
 #Person2#: Are there any clear answers in the book to this question?
 #Person1#: I don't think so, Maria, but I think you can look for information on the Internet.
 #Person2#: OK, thank you, Shirley. You are very helpful. I have another question. When does the Economic Law of China come into effect?
 #Person1#: Oh, there isn't such a code called economic law. The Economic Law of China is a general concept for several laws.
 #Person2#: There isn't such a code?
 #Person1#: Yes, it's a general name for several laws related to economics, like Commercial Law, and Law of Central Bank.
 #Person2#: Got it. Thank you, Shirley.",Maria calls Shirley to ask about today's homework from the economic law class. Maria also asks about the Economic Law of China but Shirley says there isn't such a code.,homework,"Shirley helps Maria by explaining today's homework from their economic law class, which is to define economic law in broad and narrow senses. They also discuss that there is no single 'Economic Law of China' code but rather a general concept covering multiple related laws.",Discussion about economic law homework and the concept of Economic Law of China,Same Meaning,Same Meaning,Same Meaning,0.98,"The generated summary accurately captures the main ideas of the dialogue, including the homework topic (defining economic law in broad and narrow senses) and the clarification about the 'Economic Law of China' not being a single code but a general concept. The generated topic correctly refers to the same main topic as the reference topic ('homework' and its broader context). No important facts, entities, or meaning are altered, omitted, or contradicted.","#व्यक्ति१#: नमस्कार, ८५२०३८८२।
#व्यक्ति२#: नमस्कार, म मारिया बोल्दै छु। के म शर्लीसँग कुरा गर्दैछु?
#व्यक्ति१#: नमस्कार मारिया, म शर्ली हुँ।
#व्यक्ति२#: शर्ली, के तिमीलाई आजको आर्थिक कानुन कक्षाको गृहकार्य थाहा छ? मैले कागजमा लेखेकी थिएँ तर अहिले भेटिनँ।
#व्यक्ति१#: एकछिन पर्ख है। म मेरो पाठ्यपुस्तक हेर्छु।
#व्यक्ति२#: हुन्छ।
#व्यक्ति१#: ओहो, गृहकार्य भनेको आर्थिक कानुनलाई व्यापक अर्थ र सीमित अर्थ दुवैमा व्याख्या गर्नु हो।
#व्यक्ति२#: आर्थिक कानुन व्याख्या गर्ने? फेरि निबन्ध लेख्ने प्रश्न हो?
#व्यक्ति१#: हो। सन्दर्भका लागि पाठ्यपुस्तक प्रयोग गर्न सक्छौ।
#व्यक्ति२#: के पुस्तकमा यसको स्पष्ट उत्तर छ?
#व्यक्ति१#: मलाई लाग्दैन, मारिया। तर इन्टरनेटमा जानकारी खोज्न सक्छौ।
#व्यक्ति२#: ठीक छ, धन्यवाद शर्ली। तिमी धेरै सहयोगी छौ। मेरो अर्को प्रश्न छ। चीनको आर्थिक कानुन कहिले लागू भयो?
#व्यक्ति१#: ओहो, आर्थिक कानुन नामको कुनै एउटा कानुन संहिता छैन। यो धेरै कानुनहरूको सामान्य अवधारणा हो।
#व्यक्ति२#: त्यस्तो कुनै संहिता छैन?
#व्यक्ति१#: हो, यो व्यापारिक कानुन र केन्द्रीय बैंकसम्बन्धी कानुन जस्ता अर्थतन्त्रसँग सम्बन्धित धेरै कानुनहरूको सामान्य नाम हो।
#व्यक्ति२#: बुझें। धन्यवाद शर्ली।",मारियाले आर्थिक कानुन कक्षाको गृहकार्यबारे शर्लीसँग सोध्छिन्। मारियाले चीनको आर्थिक कानुनबारे पनि सोध्छिन् तर शर्लीले त्यस्तो एउटै कानुन संहिता नभएको बताउँछिन्।,homework,"मारिया र शर्ली बीचको फोन संवादमा, मारियाले आर्थिक कानुन विषयको गृहकार्यका बारेमा सोध्छिन्। शर्लीले गृहकार्यको विषय 'आर्थिक कानुनलाई व्यापक र सीमित अर्थमा व्याख्या गर्नु' रहेको बताउँछिन्। मारियाले यसलाई निबन्ध लेख्ने प्रश्न भएको ठान्छिन् र पुस्तक तथा इन्टरनेटबाट जानकारी खोज्न सुझाव लिन्छिन्। त्यसपछि मारियाले चीनको आर्थिक कानुन कहिले लागू भयो भनेर सोध्छिन्, जसमा शर्लीले आर्थिक कानुन एउटा संहिता नभई व्यापारिक कानुन र केन्द्रीय बैंकसम्बन्धी कानुनहरूको सामान्य अवधारणा रहेको बताउँछिन्।",आर्थिक कानुन सम्बन्धी गृहकार्य र यसको परिभाषाको छलफल,Same Meaning,Different Meaning,Same Meaning,0.98,"The generated summary accurately represents the main ideas, facts, entities, and subject of the dialogue, preserving all important details without contradiction or omission. The generated topic ('आर्थिक कानुन सम्बन्धी गृहकार्य र यसको परिभाषाको छलफल') is semantically aligned with the reference topic ('homework') as it captures the core theme of discussing homework related to economic law, though the phrasing differs. The topic is not identical but conveys the same main concept.",C,C
train_1068,"#Person1#: Show me a smaller pair of trousers, sir. I am not that fat, you see.
 #Person2#: You've come to the right place. We've got various styles and sizes recently. How much do you measure around your waist?
 #Person1#: I have no idea. Measure me, please.
 #Person2#: OK! 2 Chi round. Try this one. Maybe it's of your size.
 #Person1#: ( After trying ) I'm afraid it's still too fight around the stomach.
 #Person2#: Let me check the stock. How about this one?
 #Person1#: ( After trying ) Mm, a perfect fit. How much?
 #Person2#: 150 Yuan.
 #Person1#: A little expensive. But I'll buy it anyway. It's hard for me to get a perfect one. Here is 200 Yuan.
 #Person2#: Here's your change, 50 Yuan. Welcome back again.",#Person2# measures #Person1#'s waist and assists #Person1# in trying on trousers. #Person1# finally finds a perfectly-fit one and he will buy it.,a perfect fit,"Person1 asks for a smaller pair of trousers and has their waist measured at 2 Chi. Person2 suggests a pair, but it is too tight around the stomach. After trying another pair, Person1 finds a perfect fit and buys it for 150 Yuan, paying with 200 Yuan and receiving 50 Yuan in change.",purchasing trousers,Same Meaning,Different Meaning,Different Meaning,0.85,"The generated summary accurately represents the main idea, facts, and entities of the dialogue, preserving all key details. However, the generated topic 'purchasing trousers' is too narrow compared to the reference topic 'a perfect fit', which captures the core focus of the dialogue on finding a well-fitting pair of trousers rather than just the act of purchasing.","#व्यक्ति१#: मलाई सानो आकारको पाइन्ट देखाउनुहोस्, सर। म त्यति मोटी छैन नि।
#व्यक्ति२#: तपाईं सही ठाउँमा आउनुभएको छ। हामीसँग अहिले विभिन्न शैली र आकारका पाइन्टहरू छन्। तपाईंको कम्मरको नाप कति छ?
#व्यक्ति१#: मलाई थाहा छैन। कृपया नापिदिनुहोस्।
#व्यक्ति२#: ठीक छ! तपाईंको कम्मर २ ची छ। यो लगाएर हेर्नुहोस्, सायद तपाईंलाई मिल्छ।
#व्यक्ति१#: (लगाएर हेरेपछि) अझै पेटतिर अलि कस्सिएको छ।
#व्यक्ति२#: म भण्डार जाँच गर्छु। यो कस्तो हुन्छ?
#व्यक्ति१#: (लगाएर हेरेपछि) हम्म, एकदम मिल्यो। यसको मूल्य कति हो?
#व्यक्ति२#: १५० युआन।
#व्यक्ति१#: अलि महँगो छ। तर पनि किन्छु। मलाई ठ्याक्कै मिल्ने पाइन्ट पाउन गाह्रो हुन्छ। यहाँ २०० युआन छ।
#व्यक्ति२#: तपाईंको बाँकी ५० युआन फिर्ता। फेरि आउनुहोला।",#व्यक्ति२# ले #व्यक्ति१# को कम्मर नापेर पाइन्ट छनोट गर्न सहयोग गर्छ। अन्ततः #व्यक्ति१# लाई राम्रोसँग मिल्ने पाइन्ट भेटिन्छ र उसले किन्छ।,a perfect fit,व्यक्ति १ ले पाइन्ट किन्ने क्रममा आफ्नो कम्मरको नाप २ ची भएको र मिल्ने पाइन्ट खोजिरहेको बताउँछन्। व्यक्ति २ ले विभिन्न शैली र आकारका पाइन्टहरू देखाउँछन् र व्यक्ति १ ले लगाएर हेर्दा मिल्ने पाइन्ट फेला पार्छन्। अन्ततः व्यक्ति १ ले १५० युआनमा पाइन्ट किन्छन् र २०० युआन दिएपछि ५० युआन फिर्ता पाउँछन्।,पाइन्ट किनबेचको क्रममा मिल्ने कपडा खोज्ने र मूल्य निर्धारण,Same Meaning,Different Meaning,Same Meaning,0.98,"The generated summary accurately represents the main idea, preserves important facts (waist measurement, fitting process, price negotiation, and change), and maintains the same subject (pants shopping). The generated topic 'पाइन्ट किनबेचको क्रममा मिल्ने कपडा खोज्ने र मूल्य निर्धारण' (Finding suitable clothes during pants buying and pricing) captures the essence of the dialogue but is broader than the reference topic 'a perfect fit'. The reference topic focuses specifically on the fitting aspect, while the generated topic includes additional elements (buying/selling process and pricing). However, the core meaning remains aligned with the dialogue.",PC,C
train_3425,"#Person1#: Next please! Hello sir, may I see your passport please?
 #Person2#: Yes, here you go.
 #Person1#: Will you be checking any bags today.
 #Person2#: Yes, I'd like to check three pieces.
 #Person1#: I'm sorry, sir. Airline policy allows only two pieces of checked luggage, at twenty kilograms each, plus one piece of carry-on luggage. I will have to charge you extra for the additional suitcase.
 #Person2#: What? Why! I am taking an intercontinental flight! I'm flying sixteen thousand CMS! How am I supposed to only take two, twenty kilo bags? That's absurd!
 #Person1#: I am sorry, sir, there's nothing I can do. You cannot board the flight with that large bag either. Carry - on bags must fit in the over-head compartment or under your seat. That bag is clearly too big.
 #Person2#: Now I see. You charge next to nothing for an international ticket, but when it comes to charging for any other small thing, you charge an arm and a leg! So tell me, miss, how much will I have to pay for all of this.
 #Person1#: Let's see. . . six hundred and twenty-five US dollars.
 #Person2#: That's more than my round-trip ticket!","#Person2# wants to check three pieces of bags but #Person1# tells #Person2# only two pieces are allowed so the additional suitcase must be charged, which will cost more than #Person2#'s round-trip ticket. #Person2# gets enraged.",airline policy,"A passenger at an airport check-in counter is informed that they can only check two bags (20 kg each) and one carry-on bag due to airline policy. They are charged an additional fee for a third checked bag and are told their large carry-on bag is not allowed. The passenger expresses frustration, noting the high fees compared to the ticket price.",Airline baggage policy and additional fees,Same Meaning,Same Meaning,Same Meaning,0.98,"The generated summary accurately captures the main idea of the dialogue, including the key points: the passenger wanting to check three bags, the airline policy allowing only two, the additional fee for the third bag, the carry-on bag restriction, and the passenger's frustration. The generated topic correctly identifies the main subject as airline baggage policy and fees, which aligns with the reference topic. No important facts, entities, or meaning were omitted, altered, or contradicted.","#व्यक्ति१#: अर्को व्यक्ति आउनुहोस्! नमस्कार सर, कृपया आफ्नो राहदानी देखाउनुहोस्।
#व्यक्ति२#: हुन्छ, लिनुहोस्।
#व्यक्ति१#: आज तपाईं कुनै सामान जाँच गराउँदै हुनुहुन्छ?
#व्यक्ति२#: हो, म तीनवटा सामान जाँच गराउन चाहन्छु।
#व्यक्ति१#: माफ गर्नुहोस् सर। विमान कम्पनीको नियमअनुसार प्रत्येक यात्रुले बढीमा दुईवटा २० किलोसम्मका सामान र एउटा हातमा बोक्ने झोला मात्र लैजान पाउँछन्। थप झोलाको अतिरिक्त शुल्क लाग्नेछ।
#व्यक्ति२#: के? किन? म अन्तरमहादेशीय उडान गर्दैछु! म १६ हजार किलोमिटर यात्रा गर्दैछु! दुईवटा २० किलोका झोला मात्र कसरी पुग्छ? यो त हास्यास्पद हो!
#व्यक्ति१#: माफ गर्नुहोस् सर, मैले केही गर्न सक्दिनँ। त्यो ठूलो झोला पनि तपाईं विमानमा लैजान सक्नुहुन्न। हातमा बोक्ने झोला माथिको ठाउँ वा सिटमुनि अट्नुपर्छ। त्यो झोला स्पष्ट रूपमा धेरै ठूलो छ।
#व्यक्ति२#: अब मैले बुझें। अन्तर्राष्ट्रिय टिकटमा केही शुल्क लिँदैनन् जस्तो गर्छन्, तर साना कुरामा पनि धेरै महँगो शुल्क लिन्छन्! भन्नुहोस्, मैले कति तिर्नुपर्छ?
#व्यक्ति१#: हेरौँ... ६२५ अमेरिकी डलर।
#व्यक्ति२#: त्यो त मेरो आउने-जाने टिकटभन्दा पनि महँगो भयो!",#व्यक्ति२# ले तीनवटा झोला जाँच गराउन खोज्छन् तर #व्यक्ति१# ले दुईवटा मात्र अनुमति भएको बताउँछन्। थप झोलाको शुल्क तिर्नुपर्छ र #व्यक्ति२# रिसाउँछन्।,airline policy,एक यात्रुले अन्तरमहादेशीय उडानका लागि तीनवटा सामान लिएर विमानस्थल पुग्दा विमान कम्पनीको नियम अनुसार दुईवटा २० किलोसम्मका सामान र एउटा हातमा बोक्ने झोलाको मात्र अनुमति रहेको र थप झोलाको लागि ६२५ अमेरिकी डलर अतिरिक्त शुल्क लाग्ने बताइएको छ। यात्रुले यसलाई अन्यायपूर्ण र महँगो भनी प्रतिक्रिया दिएका छन्।,विमान कम्पनीको सामान सम्बन्धी नियम र अतिरिक्त शुल्कको विवाद,Same Meaning,Same Meaning,Same Meaning,0.98,"The generated summary accurately captures the main idea of the dialogue, preserving all important facts (three bags, two allowed, extra fee of $625, passenger's reaction) and entities (passenger, airline policy, extra fee). The generated topic correctly refers to the same main topic (airline baggage policy and additional fees) without introducing or omitting critical information. The minor differences in phrasing (e.g., 'intercontinental flight' vs. 'international ticket') do not alter the meaning.",C,C
train_8520,"#Person1#: Are you feeling OK?
 #Person2#: My stomach is bothering me.
 #Person1#: What have you been eating?
 #Person2#: I had a ham sandwich with mayonnaise for lunch.
 #Person1#: Maybe the food had something wrong with it.
 #Person2#: It could be bad food, but I didn't feel so well yesterday, either.
 #Person1#: Have you been under a lot of pressure lately?
 #Person2#: I haven't been under any more stress than usual.
 #Person1#: Perhaps you have caught that bug that is going around.
 #Person2#: I feel like maybe I am coming down with the flu.",#Person2# has a stomachache and #Person1# helps to analyse the reason. #Person2# thinks #Person2# may catch the flu.,reasons for illness,Person2 is experiencing stomach discomfort and suspects it may be due to a ham sandwich with mayonnaise they ate for lunch. They also mention feeling unwell the previous day. Person1 suggests it could be a bug going around or the flu.,discussion about Person2's stomach discomfort and possible causes,Same Meaning,Same Meaning,Same Meaning,0.98,"The generated summary accurately captures the main idea of the dialogue, including Person2's stomach discomfort, the ham sandwich with mayonnaise as a potential cause, Person2's mention of feeling unwell the previous day, and Person1's suggestions about a bug or flu. The generated topic correctly refers to the discussion about Person2's stomach discomfort and possible causes, aligning with the reference topic 'reasons for illness'. No contradictions, omissions of critical facts, or introductions of unrelated information are present.","#व्यक्ति१#: के तिमी ठीक महसुस गरिरहेका छौ?
#व्यक्ति२#: मेरो पेट दुखिरहेको छ।
#व्यक्ति१#: तिमीले के खाएका थियौ?
#व्यक्ति२#: मैले दिउँसो ह्याम स्यान्डविच र मेयोनेज खाएको थिएँ।
#व्यक्ति१#: सायद खानामा केही खराबी भएको हुन सक्छ।
#व्यक्ति२#: खाना खराब भएको हुन सक्छ, तर हिजो पनि मलाई राम्रो लागेको थिएन।
#व्यक्ति१#: पछिल्लो समय तिमी धेरै तनावमा थियौ?
#व्यक्ति२#: सामान्यभन्दा बढी तनावमा त थिइनँ।
#व्यक्ति१#: सायद अहिले फैलिरहेको रोगको जीवाणु लागेको हुन सक्छ।
#व्यक्ति२#: मलाई लाग्छ सायद मलाई फ्लु हुन लागेको छ।",#व्यक्ति२# को पेट दुख्छ र #व्यक्ति१# ले यसको कारण पत्ता लगाउन सहयोग गर्छन्। #व्यक्ति२# लाई आफूलाई फ्लु लागेको हुन सक्ने लाग्छ।,reasons for illness,व्यक्ति २ ले पेट दुखेको बताएपछि व्यक्ति १ ले खानाको कारण सोध्दा व्यक्ति २ ले दिउँसो ह्याम स्यान्डविच र मेयोनेज खाएको बताए। व्यक्ति १ ले खानामा खराबी हुन सक्ने र हाल फैलिरहेको रोगको जीवाणु लागेको हुन सक्ने अनुमान गरे। व्यक्ति २ ले भने हिजो पनि राम्रो नलागेको र आफूलाई फ्लु हुन लागेको हुन सक्ने बताए।,व्यक्ति २ को पेट दुख्ने कारण र स्वास्थ्य अवस्थाको छलफल,Same Meaning,Same Meaning,Same Meaning,0.98,"The generated summary accurately captures the main idea of the dialogue, including the key points: #व्यक्ति२#'s stomach pain, #व्यक्ति१#'s inquiry about food, #व्यक्ति२# mentioning the ham sandwich and mayonnaise, the suspicion of spoiled food or infection, and #व्यक्ति२#'s belief they might have the flu. The generated topic correctly identifies the main subject as the discussion about #व्यक्ति२#'s stomach pain and health condition, aligning with the reference topic 'reasons for illness'. No contradictions, omissions of critical facts, or introductions of unrelated entities are present.",C,C
train_3773,"#Person1#: Can I try this dress on?
 #Person2#: Sure. the fitting room is right behind you.
 #Person1#: Well, I like the styte, but I don't think the color fits me. Could you bring me a green one?
 #Person2#: Sure, wait a moment.",#Person2# serves #Person1# to try the dress on.,try a dress,Person1 asks to try on a dress but finds the color unsuitable and requests a green one. Person2 agrees to bring the alternative.,Trying on and selecting a dress,Same Meaning,Same Meaning,Same Meaning,0.98,"The generated summary accurately captures the main idea of the dialogue, including Person1's request to try on a dress, their dissatisfaction with the color, and Person2's agreement to bring an alternative. The generated topic 'Trying on and selecting a dress' correctly represents the main topic of the dialogue, which is about trying on and choosing a dress. Both preserve the important entities (Person1, Person2, dress) and the core actions without introducing or omitting critical information.","#व्यक्ति१#: के म यो पोसाक लगाएर हेर्न सक्छु?
#व्यक्ति२#: अवश्य। परीक्षण गर्ने कोठा तपाईंको पछाडि छ।
#व्यक्ति१#: मलाई यसको शैली मन पर्यो, तर रङ मलाई सुहाउँदैन जस्तो लाग्यो। के तपाईं हरियो रङको एउटा ल्याइदिन सक्नुहुन्छ?
#व्यक्ति२#: अवश्य, एकछिन पर्खनुहोस्।",#व्यक्ति२# ले #व्यक्ति१# लाई पोसाक लगाएर हेर्न सहयोग गर्छन्।,try a dress,व्यक्ति१ ले एउटा पोसाक लगाएर हेर्न चाहन्छ र त्यसको शैली मन पराउँछ तर रङ मन नपरेपछि हरियो रङको पोसाक ल्याइदिन आग्रह गर्छ। व्यक्ति२ ले परीक्षण कोठाको व्यवस्था मिलाउँछ र हरियो रङको पोसाक ल्याउन सहमत हुन्छ।,पोसाकको शैली मन परे पनि रङ मन नपरेपछि अर्को रङको पोसाकको व्यवस्था मिलाउनु,Same Meaning,Different Meaning,Different Meaning,0.85,"The generated summary accurately represents the main idea, facts, and entities of the dialogue, preserving the same meaning as the reference summary. However, the generated topic is overly specific and introduces additional details (e.g., 'रङ मन नपरेपछि अर्को रङको पोसाकको व्यवस्था मिलाउनु') that are not the primary focus of the dialogue. The reference topic 'try a dress' is a general and concise representation of the dialogue's main topic, while the generated topic adds unnecessary elaboration, making it a different meaning.",C,PC
train_10481,"#Person1#: What's wrong with it? 
 #Person2#: It's broken . I just bought it yesterday, you know, it costs me $556. 
 #Person1#: It sounds too bad. What will you do? 
 #Person2#: Mike suggests me to return it. 
 #Person1#: That's what I want to say.",The item #Person2# bought is broken. Mike suggests returning it and #Person1# agrees with that.,sales return,Person2 explains that a recently purchased item for $556 is broken and Person1 agrees with Mike's suggestion to return it.,discussion about returning a broken item,Same Meaning,Same Meaning,Same Meaning,0.98,"The generated summary accurately captures the main idea of the dialogue, including the broken item, its cost, Mike's suggestion to return it, and Person1's agreement. The generated topic correctly identifies the main subject as a discussion about returning a broken item, which aligns with the reference topic 'sales return'. No contradictions, omissions of critical facts, or introductions of extraneous information are present.","#व्यक्ति१#: यसमा के समस्या भयो?
#व्यक्ति२#: यो बिग्रिएको छ। मैले हिजो मात्र किनेको थिएँ, यसको मूल्य ५५६ डलर परेको थियो।
#व्यक्ति१#: त्यो त नराम्रो भयो। अब के गर्ने विचार छ?
#व्यक्ति२#: माइकले मलाई फिर्ता गर्न सुझाव दिएको छ।
#व्यक्ति१#: मैले पनि यही भन्न खोजेको थिएँ।",#व्यक्ति२# ले किनेको सामान बिग्रिएको छ। माइकले फिर्ता गर्न सुझाव दिन्छ र #व्यक्ति१# सहमत हुन्छ।,sales return,व्यक्ति२ ले हिजो मात्र किनेको ५५६ डलर पर्ने सामान बिग्रिएको बताए। व्यक्ति१ ले त्यो समस्याको बारेमा सोधेपछि व्यक्ति२ ले माइकले फिर्ता गर्न सुझाव दिएको र व्यक्ति१ ले पनि त्यही सुझाव दिएको बताए।,बिग्रिएको सामान फिर्ता गर्ने बारेमा छलफल,Same Meaning,Same Meaning,Same Meaning,0.98,"The generated summary accurately captures the main idea of the dialogue, preserving important facts (broken item, purchase price, Mike's suggestion, and Person1's agreement). The generated topic correctly identifies the main subject as a discussion about returning a broken item, which aligns with the reference topic 'sales return'. No contradictions or omissions of critical information are present.",C,C
train_4192,"#Person1#: Welcome. How can we be of service today?
 #Person2#: Hello. My aunt in the US has sent me $ 500. She sent it yesterday, using the standard service. It's my birthday today, you see.
 #Person1#: Well, happy birthday. If it was sent yesterday using the usual service, it should be here already. You do have an account with us, right?
 #Person2#: Yes. Here's my card. Do you need my ID?
 #Person1#: Please. Just to double check all the details.
 #Person2#: There you go.",#Person2# asks for #Person1#'s help to check whether the $500 has arrived. #Person1#'ll double check the details.,money service,Person2 visits a service center to inquire about a $500 transfer sent by their aunt in the US the previous day. Person1 checks if the transfer has arrived and verifies Person2's account details using their card and ID.,inquiry about a money transfer,Same Meaning,Same Meaning,Same Meaning,0.98,"The generated summary accurately captures the main idea of the dialogue, including the $500 transfer from the US, the inquiry about its arrival, and the verification of account details. The generated topic 'inquiry about a money transfer' aligns with the reference topic 'money service' as both refer to the same core concept of checking a financial transfer. No contradictions, omissions of critical facts, or introductions of extraneous information are present.","#व्यक्ति१#: स्वागत छ। आज हामी तपाईंलाई कसरी सहयोग गर्न सक्छौँ?
#व्यक्ति२#: नमस्कार। अमेरिकामा बस्ने मेरी काकीले मलाई ५०० डलर पठाउनुभएको छ। उहाँले हिजो सामान्य सेवामार्फत पठाउनुभएको हो। आज मेरो जन्मदिन हो।
#व्यक्ति१#: जन्मदिनको शुभकामना। यदि हिजो सामान्य सेवाबाट पठाइएको हो भने यो अहिलेसम्म आइपुग्नुपर्ने हो। तपाईंको हामीसँग खाता छ नि, हैन?
#व्यक्ति२#: छ। यो मेरो कार्ड हो। मेरो परिचयपत्र चाहिन्छ?
#व्यक्ति१#: कृपया दिनुहोस्। सबै विवरण फेरि जाँच गर्नका लागि।
#व्यक्ति२#: लिनुहोस्।",#व्यक्ति२# ले ५०० डलर आइपुगेको छ कि छैन भनेर जाँच गर्न #व्यक्ति१# को सहयोग माग्छन्। #व्यक्ति१# विवरण जाँच गर्छन्।,money service,अमेरिकामा बस्ने एक व्यक्तिको काकीले सामान्य सेवामार्फत ५०० डलर पठाएको र आज जन्मदिन भएको हुँदा त्यो रकम प्राप्त गर्न चाहेको कुरा बताइएको छ। बैंक कर्मचारीले खाता भएको र परिचयपत्र आवश्यक भएको बताई विवरण जाँच गरेको छ।,बैंकिङ सेवा मार्फत रेमिट्यान्स प्राप्त गर्ने प्रक्रिया,Same Meaning,Different Meaning,Same Meaning,0.98,"The generated summary accurately represents the main idea, facts, entities (e.g., $500, aunt, bank staff, account), and subject of the dialogue, preserving all key details without contradiction or omission. The generated topic ('बैंकिङ सेवा मार्फत रेमिट्यान्स प्राप्त गर्ने प्रक्रिया') is a broader interpretation of the dialogue's core concept (money transfer via banking service) but aligns with the reference topic ('money service') in meaning. The slight shift in specificity does not alter the fundamental concept.",C,C
train_4049,"#Person1#: Excuse me. Do you know where I can find the nearest ICCC?
 #Person2#: Yes, but it's quite a ways.
 #Person1#: Do I need to take a bus?
 #Person2#: This bus doesn't take you directly there. You'd have to change buses twice. I suggest you walk. It'll take you less than 20 minutes.
 #Person1#: How do I get there on foot?
 #Person2#: Go straight ahead through the intersection.
 #Person1#: Wait, let me write this down. . . Alright, I'm ready.
 #Person2#: Keep walking till ou pass the square, then turn right. Walk past two lights and turn left at the third.
 #Person1#: Square. . . turn right. . . traffic lights. . . And then?
 #Person2#: Keep walking and look for a tall building.
 #Person1#: Tall building. . . Which side is the building on?
 #Person2#: The right side. ICCC should be on the first floor.
 #Person1#: Thank you very much.
 #Person2#: You're welcome.",#Person2# suggests #Person1# walk to the nearest ICCC and tells #Person1# the right direction.,ask for directions,"Person1 asks Person2 for directions to the nearest ICCC. Person2 advises walking, providing step-by-step instructions: go straight through the intersection, pass the square, turn right, walk past two lights, turn left at the third, and look for a tall building on the right side where the ICCC is located on the first floor.",directions to the nearest ICCC,Same Meaning,Same Meaning,Same Meaning,0.98,"The generated summary accurately captures the main idea of the dialogue, preserving all key facts (walking directions, step-by-step instructions, ICCC location) and entities (Person1, Person2, ICCC). The generated topic correctly identifies the main subject as directions to the ICCC, matching the reference topic 'ask for directions' in intent. No contradictions, omissions of critical details, or introductions of extraneous facts are present.","#व्यक्ति१#: माफ गर्नुहोस्। नजिकको आईसीसीसी कहाँ पर्छ भनेर बताउन सक्नुहुन्छ?
#व्यक्ति२#: सक्छु, तर त्यो अलि टाढा छ।
#व्यक्ति१#: के मैले बस लिनुपर्छ?
#व्यक्ति२#: यो बसले तपाईंलाई सिधै त्यहाँ पुर्‍याउँदैन। तपाईंले दुईपटक बस फेर्नुपर्छ। मेरो सुझाव छ, पैदल जानुहोस्। २० मिनेटभन्दा कम लाग्छ।
#व्यक्ति१#: पैदल कसरी जाने?
#व्यक्ति२#: सिधा अगाडि चोक पार गर्दै जानुहोस्।
#व्यक्ति१#: एकछिन, म लेख्दैछु... ठीक छ, तयार छु।
#व्यक्ति२#: चोक पार गरेर हिँडिरहनुहोस्, त्यसपछि दायाँ मोड्नुहोस्। दुईवटा ट्राफिक बत्ती पार गरेर तेस्रोमा बायाँ मोड्नुहोस्।
#व्यक्ति१#: चोक... दायाँ... ट्राफिक बत्ती... त्यसपछि?
#व्यक्ति२#: हिँडिरहनुहोस् र एउटा अग्लो भवन खोज्नुहोस्।
#व्यक्ति१#: भवन कुनतिर हुन्छ?
#व्यक्ति२#: दायाँतिर। आईसीसीसी पहिलो तलामा हुनेछ।
#व्यक्ति१#: धेरै धन्यवाद।
#व्यक्ति२#: स्वागत छ।",#व्यक्ति२# ले #व्यक्ति१# लाई नजिकको आईसीसीसीसम्म पैदल जाने बाटो बताउँछन्।,ask for directions,"व्यक्ति१ ले नजिकको आईसीसीसी को स्थान सोधेका छन्। व्यक्ति२ ले पैदल जाने सुझाव दिएका छन्, जसमा चोक पार गरेर, दायाँ मोडेर, र ट्राफिक बत्तीहरू पार गरेर एउटा अग्लो भवनको पहिलो तलामा आईसीसीसी रहेको बताएका छन्।",आईसीसीसी को स्थान पत्ता लगाउन पैदल मार्गनिर्देशन,Same Meaning,Same Meaning,Same Meaning,0.98,"The generated summary accurately represents the main idea of the dialogue by stating that Person1 asked for the location of the nearest ICCC and Person2 provided walking directions involving a chowk, right turn, traffic lights, and a tall building. The generated topic correctly identifies the main topic as asking for walking directions to locate the ICCC, matching the reference topic. Both preserve all key entities (ICCC, walking directions, chowk, right turn, traffic lights, tall building) and facts without introducing or omitting critical information.",C,C
train_2453,"#Person1#: Guess what came in the mail today?
 #Person2#: What?
 #Person1#: My acceptance letter to Yale!
 #Person2#: Wow! Congratulation! When do classes start?
 #Person1#: Freshman orientation is the last week of august, but I want to go two weeks before that to get settled in.
 #Person2#: You're so lucky! Do you have to do many things before you leave?
 #Person1#: Yes. I'll be very busy! I have to get a visa, buy a plane ticket, and pack my things. But first, I want to register for classes.
 #Person2#: When can you do that?
 #Person1#: Well, they sent me their prospectus, so I can start looking now. do you want to help me decide which classed to take?
 #Person2#: Sure. What can you choose from?
 #Person1#: Well, I have to take all the fundamental course, plus a few from my major.
 #Person2#: What is your major?
 #Person1#: I hope to major in English literature, but the admissions counselor told me that many people change their major many times in their first year, so we'll see.
 #Person2#: What are the fundamental course?
 #Person1#: In order to graduate, every student must take a certain amount of classes in history, math, English, philosophy, science and art.
 #Person2#: Interesting. That's very different from the Chinese education system.
 #Person1#: Yes, it is. It's also very different from the British education system.
 #Person2#: Really?
 #Person1#: oh, sure. In British, students don't have to take the foundation course.
 #Person2#: why not?
 #Person1#: maybe because they think they know everything already! ha ha.","#Person1#'s acceptance letter to Yale arrived and #Person1# asks #Person2#'s help to choose classes. #Person1# has to take fundamental courses because every student must take some classes in history, English, science, etc, which is different from the Chinese and British education system.",choose courses,"Person1 shares their excitement about receiving an acceptance letter to Yale and discusses their plans for freshman orientation, visa, plane ticket, packing, and class registration. They mention their intended major in English literature and the required fundamental courses for graduation. Person2 expresses interest in helping with class selection and compares the American education system with the Chinese and British systems.",Discussion about Yale acceptance and university preparation,Same Meaning,Different Meaning,Different Meaning,0.85,"The generated summary accurately represents the main ideas, facts, and entities from the dialogue, preserving the same meaning as the reference summary. However, the generated topic ('Discussion about Yale acceptance and university preparation') is more specific and narrower than the reference topic ('choose courses'), which focuses solely on the class selection aspect. While the generated topic is related to the dialogue, it does not fully capture the core subject of course selection, which is central to the dialogue and reference topic.","#व्यक्ति१#: अनुमान गर त आज हुलाकबाट के आयो?
#व्यक्ति२#: के आयो?
#व्यक्ति१#: येल विश्वविद्यालयको मेरो स्वीकृति पत्र!
#व्यक्ति२#: वाह! बधाई छ! कक्षा कहिलेदेखि सुरु हुन्छ?
#व्यक्ति१#: नयाँ विद्यार्थी परिचय कार्यक्रम अगस्टको अन्तिम हप्ता हुन्छ, तर म त्यसभन्दा दुई हप्ता अगाडि गएर त्यहाँ मिलाउन चाहन्छु।
#व्यक्ति२#: तिमी त धेरै भाग्यमानी छौ! जानुअघि धेरै कुरा गर्नुपर्छ?
#व्यक्ति१#: हो, म धेरै व्यस्त हुनेछु! मैले भिसा लिनुपर्छ, विमानको टिकट किन्नुपर्छ र आफ्ना सामान प्याक गर्नुपर्छ। तर पहिले म कक्षामा दर्ता गर्न चाहन्छु।
#व्यक्ति२#: त्यो कहिले गर्न सक्छौ?
#व्यक्ति१#: उनीहरूले पाठ्यक्रम विवरण पठाएका छन्, त्यसैले म अहिलेबाट हेर्न सुरु गर्न सक्छु। कुन कक्षा लिने भनेर निर्णय गर्न मलाई सहयोग गर्छौ?
#व्यक्ति२#: अवश्य। तिमीले के–के रोज्न सक्छौ?
#व्यक्ति१#: मैले सबै आधारभूत पाठ्यक्रम लिनुपर्छ, साथै मेरो मुख्य विषयसँग सम्बन्धित केही कक्षाहरू पनि।
#व्यक्ति२#: तिम्रो मुख्य विषय के हो?
#व्यक्ति१#: म अंग्रेजी साहित्य पढ्न चाहन्छु, तर भर्ना सल्लाहकारले पहिलो वर्षमा धेरै विद्यार्थीहरूले आफ्नो विषय धेरैपटक परिवर्तन गर्ने बताए। त्यसैले हेरौँ।
#व्यक्ति२#: आधारभूत पाठ्यक्रमहरू के–के हुन्?
#व्यक्ति१#: स्नातक हुनका लागि हरेक विद्यार्थीले इतिहास, गणित, अंग्रेजी, दर्शन, विज्ञान र कलाका निश्चित कक्षाहरू लिनुपर्छ।
#व्यक्ति२#: रोचक छ। यो चिनियाँ शिक्षा प्रणालीभन्दा धेरै फरक रहेछ।
#व्यक्ति१#: हो, यो बेलायती शिक्षा प्रणालीभन्दा पनि फरक छ।
#व्यक्ति२#: साँच्चै?
#व्यक्ति१#: हो। बेलायतमा विद्यार्थीहरूले आधारभूत पाठ्यक्रम लिनुपर्दैन।
#व्यक्ति२#: किन?
#व्यक्ति१#: सायद उनीहरूलाई लाग्छ कि उनीहरूलाई पहिले नै सबै कुरा थाहा छ! हा हा।","#व्यक्ति१# को येल विश्वविद्यालयको स्वीकृति पत्र आउँछ र उसले #व्यक्ति२# सँग कक्षा छनोट गर्न सहयोग माग्छ। #व्यक्ति१# ले इतिहास, अंग्रेजी, विज्ञान आदि आधारभूत विषयहरू लिनुपर्ने बताउँछ, जुन चिनियाँ र बेलायती शिक्षा प्रणालीभन्दा फरक छ।",choose courses,"व्यक्ति१ले येल विश्वविद्यालयको स्वीकृति पत्र प्राप्त गरेको र अध्ययन सुरु गर्न तयारी गरिरहेको बताएका छन्। उनले नयाँ विद्यार्थी परिचय कार्यक्रम अगस्ट अन्तिम हप्तामा हुने र आफू त्यसभन्दा दुई हप्ता अगाडि पुग्न चाहेको जनाए। साथै, उनले भिसा, विमान टिकट र सामान प्याकिङ गर्नुपर्ने कुरा पनि बताए। व्यक्ति२ले उनलाई पाठ्यक्रम छनोटमा सहयोग गर्ने प्रस्ताव राखे, जसमा व्यक्ति१ले अंग्रेजी साहित्य मुख्य विषय राख्ने इच्छा व्यक्त गरे। आधारभूत पाठ्यक्रमहरूमा इतिहास, गणित, अंग्रेजी, दर्शन, विज्ञान र कलाका कक्षाहरू पर्ने बताए।",येल विश्वविद्यालयमा अध्ययन सुरु गर्ने तयारी र पाठ्यक्रम छनोट सम्बन्धी संवाद,Same Meaning,Same Meaning,Same Meaning,0.98,"The generated summary accurately captures the main idea of the dialogue, including the receipt of the Yale University acceptance letter, preparation for studies, course selection discussions, and the mention of basic courses. It preserves all important facts, entities (Yale University, visa, flight ticket, etc.), and the subject (course selection and study preparation). The generated topic correctly refers to the main topic of the dialogue (study preparation and course selection at Yale University) without introducing or omitting critical information. The minor differences in phrasing and structure do not alter the meaning.",PC,C
train_5497,"#Person1#: Hi, Anna. I haven't seen you for ages. Where have you been? 
 #Person2#: I've been away on holidays for sometime. 
 #Person1#: No wonder I haven't seen you recently. Where did you spend your holidays? 
 #Person2#: I went with my husband. Our first stop was Bangkok. We stayed there for 5 days. Then we flew to Hong Kong, stopover for 3 days. Our last stop was China. We visited the Great Wall. 
 #Person1#: You must have a wonderful time. 
 #Person2#: Yes. We enjoyed ourselves very much. Have you traveled much, Luke? 
 #Person1#: No, my wife doesn't like traveling. We haven't been traveling for more than ten years. The first time we traveled together was in 1978 when we just got married. We spent our honeymoon in the Alps.",Anna tells Luke she and her husband went to Bangkok and China on holiday. Luke tells Anna he doesn't travel much.,traveling,"Anna describes her recent holiday trip with her husband to Bangkok, Hong Kong, and China, including visiting the Great Wall. Luke mentions that he hasn't traveled much due to his wife's preferences and recalls their honeymoon in the Alps in 1978.",travel experiences and holiday trips,Same Meaning,Same Meaning,Same Meaning,0.98,"The generated summary accurately captures the main points of the dialogue, including Anna's holiday destinations (Bangkok, Hong Kong, China), the Great Wall visit, and Luke's lack of travel due to his wife's preferences, as well as his honeymoon in the Alps. The generated topic ('travel experiences and holiday trips') aligns with the reference topic ('traveling') and the dialogue's focus on travel experiences. No contradictions, omissions of critical facts, or introductions of extraneous information are present.","#व्यक्ति१#: नमस्ते, अन्ना। धेरै समयदेखि भेट भएको थिएन। तिमी कहाँ गएकी थियौ?
#व्यक्ति२#: म केही समय बिदामा गएकी थिएँ।
#व्यक्ति१#: त्यसैले मैले तिमीलाई पछिल्लो समय देखिनँ। तिमी बिदामा कहाँ गएकी थियौ?
#व्यक्ति२#: म मेरो श्रीमानसँग गएकी थिएँ। हाम्रो पहिलो गन्तव्य बैंकक थियो। हामी त्यहाँ ५ दिन बस्यौँ। त्यसपछि हामी हङकङ गयौँ र ३ दिन रोकियौँ। हाम्रो अन्तिम गन्तव्य चीन थियो। हामीले महान् पर्खाल पनि हेर्‍यौँ।
#व्यक्ति१#: तिमीहरूले पक्कै पनि धेरै रमाइलो गर्‍यौ होला।
#व्यक्ति२#: हो, हामीले धेरै रमाइलो गर्‍यौँ। तिमीले धेरै यात्रा गरेका छौ, लुक?
#व्यक्ति१#: छैन, मेरी श्रीमतीलाई यात्रा मन पर्दैन। हामीले १० वर्षभन्दा बढी समयदेखि यात्रा गरेका छैनौँ। हामीले विवाह गरेपछि पहिलोपटक सन् १९७८ मा यात्रा गरेका थियौँ। हाम्रो हनिमुन आल्प्समा बिताएका थियौँ।",अन्नाले लुकलाई आफू र आफ्नो श्रीमानले बैंकक र चीन भ्रमण गरेको बताउँछिन्। लुकले आफू धेरै यात्रा नगर्ने बताउँछन्।,traveling,"अन्नाले आफ्नो श्रीमानसँग बिदामा बैंकक, हङकङ र चीन गएको बताइन्। उनले त्यहाँ ५ दिन बैंककमा, ३ दिन हङकङमा र अन्तिममा चीनमा महान् पर्खाल हेर्न गएको बताइन्। लुकले भने उनले र उनकी श्रीमतीले १० वर्षभन्दा बढी समयदेखि यात्रा नगरेको र सन् १९७८ मा मात्र हनिमुनका लागि आल्प्स गएको बताए।",दुई व्यक्तिबीचको यात्रा अनुभवको संवाद,Same Meaning,Same Meaning,Same Meaning,0.98,"The generated summary accurately captures the main ideas, important facts (destinations, durations, travel history), and entities (Anna, Luk, their spouses, Bangkok, Hong Kong, China, Great Wall, Alps) from the dialogue. It preserves the meaning of the reference summary without introducing contradictions or omissions. The generated topic ('दुई व्यक्तिबीचको यात्रा अनुभवको संवाद') correctly represents the main topic of the dialogue ('traveling') as it focuses on the travel experiences discussed between the two individuals.",C,C
train_12427,"#Person1#: I don't understand why you always look so happy, so energetic. It seems like you'Ve got good news everyday.
 #Person2#: Really? Do I look happy all the time?
 #Person1#: All I know is you look quite differently from other teachers.
 #Person2#: Oh, do you know why? Actually, it's easy. Because I always exercise. My exercise, I think, is very hard. I often feel very good after conquering these difficulties. I feel alive!
 #Person1#: Oh, I know. I saw you doing pull-ups one time on the campus and some students trying to imitate you.
 #Person2#: Yeah, they are doing it for fun. Seldom would people like my exercise. It's difficult and boring.
 #Person1#: It's true. Many students do the exercise when they have to. We have P. E. once a week.
 #Person2#: But I think Chinese students need to exercise more. Besides exercise will help them learn new things better. Don't students want to have a good memory?
 #Person1#: Of course. I didn't know that. I only know exercise makes bodies stronger. I should take some exercise then. Do you have any suggestions?
 #Person2#: Well, do what you like to do. It can be anything. Jogging, doing aerobics, going bicycling, and playing ping-pong. Absolutely anything. Doing three or more workouts a week is good for you. But remember to do some stretches first.
 #Person1#: Oh, I know. Thank you.","#Person1# asks the secrets of #Person2# looking energetic and happy. #Person2# suggests #Person1# doing exercises like jogging, doing aerobics, and so on and reminds #Person1# to do some stretches first.",doing exercise,"Person1 observes that Person2, a teacher, always appears energetic and happy, which Person2 attributes to regular exercise. Person2 explains that exercise makes them feel alive and suggests it benefits learning and memory. Person1 agrees to start exercising and asks for advice, which Person2 provides, recommending various activities and a weekly workout routine.",Discussion about exercise habits and their benefits,Same Meaning,Same Meaning,Same Meaning,0.98,"The generated summary accurately captures the main idea of the dialogue, including Person1's observation of Person2's energy, Person2's explanation of exercise habits, the benefits of exercise (feeling alive, learning/memory), and the advice given. The generated topic correctly reflects the main topic of the dialogue (exercise habits and their benefits). No contradictions, omissions of critical facts, or introductions of unrelated information are present. Minor phrasing differences do not alter the meaning.","#व्यक्ति१#: तिमी सधैं यति खुसी र ऊर्जावान किन देखिन्छौ? हरेक दिन राम्रो समाचार पाएको जस्तो लाग्छ।
#व्यक्ति२#: साँच्चै? के म सधैं खुसी देखिन्छु?
#व्यक्ति१#: मलाई यति मात्र थाहा छ कि तिमी अरू शिक्षकभन्दा फरक देखिन्छौ।
#व्यक्ति२#: ओहो, किन थाहा छ? वास्तवमा यो सजिलो छ। किनकि म सधैं व्यायाम गर्छु। मेरो व्यायाम निकै कठिन हुन्छ। कठिनाइ पार गरेपछि मलाई धेरै राम्रो महसुस हुन्छ। म आफूलाई जीवित महसुस गर्छु।
#व्यक्ति१#: ओहो, मलाई याद छ, मैले एकपटक क्याम्पसमा तिमीलाई पुल-अप गरिरहेको देखेको थिएँ र केही विद्यार्थीहरूले पनि नक्कल गरिरहेका थिए।
#व्यक्ति२#: हो, उनीहरू रमाइलोका लागि गरिरहेका थिए। मेरो जस्तो व्यायाम धेरै मानिसलाई मन पर्दैन। यो कठिन र बोरिङ हुन्छ।
#व्यक्ति१#: सही हो। धेरै विद्यार्थीहरू बाध्यता हुँदा मात्र व्यायाम गर्छन्। हाम्रो शारीरिक शिक्षा हप्तामा एकपटक हुन्छ।
#व्यक्ति२#: तर मलाई लाग्छ चिनियाँ विद्यार्थीहरूले अझ बढी व्यायाम गर्नुपर्छ। व्यायामले नयाँ कुरा सिक्न पनि सहयोग गर्छ। के विद्यार्थीहरू राम्रो स्मरण शक्ति चाहँदैनन् र?
#व्यक्ति१#: अवश्य चाहन्छन्। मलाई यो थाहा थिएन। मलाई त व्यायामले शरीर बलियो बनाउँछ मात्र थाहा थियो। अब मैले पनि व्यायाम गर्नुपर्छ। केही सुझाव छ?
#व्यक्ति२#: आफूलाई मन पर्ने कुरा गर। त्यो जे पनि हुन सक्छ। दौडिनु, एरोबिक्स गर्नु, साइकल चलाउनु वा टेबल टेनिस खेल्नु। हप्तामा तीन वा बढी पटक व्यायाम गर्नु राम्रो हुन्छ। तर पहिले स्ट्रेचिङ गर्न नबिर्स।
#व्यक्ति१#: ओहो, बुझें। धन्यवाद।","#व्यक्ति१# ले #व्यक्ति२# सधैं ऊर्जावान देखिनुको रहस्य सोध्छन्। #व्यक्ति२# ले दौड, एरोबिक्स आदि व्यायाम गर्न र पहिले स्ट्रेचिङ गर्न सुझाव दिन्छन्।",doing exercise,व्यक्ति१ ले व्यक्ति२ लाई खुसी र ऊर्जावान देखिनुको कारण सोध्छन्। व्यक्ति२ ले नियमित कठिन व्यायाम गर्नु नै यसको कारण भएको बताउँछन्। व्यक्ति१ ले विद्यार्थीहरूले व्यायाम गर्ने बानी नभएको र शारीरिक शिक्षा मात्र हप्तामा एकपटक हुने बताउँछन्। व्यक्ति२ ले व्यायामले स्मरण शक्ति पनि बढाउने र नियमित व्यायाम गर्न सुझाव दिन्छन्।,व्यायामको महत्व र नियमित व्यायाम गर्ने बानी,Same Meaning,Same Meaning,Same Meaning,0.98,"The generated summary accurately captures the main idea of the dialogue, including the discussion about why person2 appears energetic, the role of regular exercise, the lack of exercise habits among students, and the benefits of exercise (including memory improvement). The generated topic ('व्यायामको महत्व र नियमित व्यायाम गर्ने बानी') aligns with the reference topic ('doing exercise') and the dialogue's focus on exercise and its importance. No contradictions, omissions of critical facts, or introductions of unrelated entities are present.",C,C
train_4344,"#Person1#: Good morning, can I help you?
 #Person2#: Yes, I'd like to join the library. We're new to the district, you see.
 #Person1#: Well, all we need is some sort of identification with your name and address on it.
 #Person2#: Oh dear. We just moved, you see, and everything has my old address.
 #Person1#: A driving license, perhaps?
 #Person2#: No, I don't drive.
 #Person1#: Your husband would do.
 #Person2#: Yes, but his license will still have the old address on it.
 #Person1#: Perhaps you have a letter addressed to you at your new house?
 #Person2#: No,I'm afraid not. We've only been there a few days, you see, and no one's written to us yet.
 #Person1#: What about your bankbook?
 #Person2#: That's just the same. Oh dear, and I did want to get some books out this weekend. We're going on holiday after the move, you see, and I wanted to take something with me to read.
 #Person1#: Well, I'm sorry. What about your passport?
 #Person2#: What? Oh yes, how silly of me. I've got a new one and it does have our new address. I've just been to book our tickets so I have it on me. Just a minute. Here you are.
 #Person1#: Thank you. Well, that's all right.",#Person2# wants to join the library and #Person1# needs #Person2#'s identification with #Person2#'s name and address on it. #Person2# just moved and everything has her old address. #Person1# advises #Person2# to use the passport and it works.,join the library,"Person2 wants to join the library but lacks identification with their new address. Person1 suggests alternatives like a driving license, husband's license, or a letter, but Person2 has none. Person2 then remembers their passport with the new address and provides it, resolving the issue.",joining a library with new address identification,Same Meaning,Same Meaning,Same Meaning,0.98,"The generated summary accurately represents the main idea of the dialogue, preserving all important facts, entities (Person1, Person2, passport, library), and the resolution. The generated topic correctly refers to the same main topic as the reference topic, with only minor phrasing differences that do not alter the meaning.","#व्यक्ति१#: शुभ प्रभात, म तपाईंलाई कसरी सहयोग गर्न सक्छु?
#व्यक्ति२#: म पुस्तकालयको सदस्य बन्न चाहन्छु। हामी यो क्षेत्रमा नयाँ आएका हौँ।
#व्यक्ति१#: ठीक छ, हामीलाई तपाईंको नाम र ठेगाना भएको कुनै परिचयपत्र मात्र चाहिन्छ।
#व्यक्ति२#: ओहो, हामी भर्खरै सरेका छौँ र सबै कागजातमा पुरानो ठेगाना छ।
#व्यक्ति१#: ड्राइभिङ लाइसेन्स होला?
#व्यक्ति२#: छैन, म गाडी चलाउँदिनँ।
#व्यक्ति१#: तपाईंको श्रीमानको भए हुन्छ।
#व्यक्ति२#: हुन्छ, तर उहाँको लाइसेन्समा पनि पुरानै ठेगाना छ।
#व्यक्ति१#: नयाँ घरको ठेगानामा आएको कुनै चिठी छ?
#व्यक्ति२#: छैन। हामी त्यहाँ गएको केही दिन मात्र भयो, कसैले अझै चिठी पठाएको छैन।
#व्यक्ति१#: बैंकको किताब?
#व्यक्ति२#: त्यो पनि उस्तै छ। ओहो, म यो हप्ताको अन्त्यमा किताब लैजान चाहन्थेँ। हामी सरेपछि बिदामा जाँदैछौँ, त्यसैले पढ्न केही किताब लैजान चाहन्थेँ।
#व्यक्ति१#: तपाईंको राहदानी के छ?
#व्यक्ति२#: के? ओहो हो, मैले बिर्सेछु। मेरो नयाँ राहदानी छ र त्यसमा नयाँ ठेगाना पनि छ। म टिकट बुक गर्न गएको थिएँ, त्यसैले मसँगै छ। एकछिन। लिनुहोस्।
#व्यक्ति१#: धन्यवाद। ठीक छ, सबै मिल्यो।",#व्यक्ति२# पुस्तकालयको सदस्य बन्न चाहन्छिन् तर नयाँ ठेगानाको परिचयपत्र समस्या हुन्छ। अन्ततः राहदानी प्रयोग गरेर सदस्य बन्न सफल हुन्छिन्।,join the library,व्यक्ति२ पुस्तकालयको सदस्य बन्न चाहन्छन् तर उनीहरूको कागजातहरूमा पुरानो ठेगाना रहेको कारण समस्या भएको थियो। अन्ततः नयाँ राहदानीमा रहेको नयाँ ठेगानाको आधारमा पुस्तकालय सदस्यता पूरा भयो।,पुस्तकालय सदस्यता प्राप्त गर्ने प्रक्रिया र आवश्यक कागजातहरू,Same Meaning,Different Meaning,Different Meaning,0.9,"The generated summary accurately represents the main idea, preserves important facts (new address issue, passport as solution), and maintains the same entities (person2, library membership, passport). However, the generated topic ('process and required documents for library membership') is broader than the reference topic ('join the library') and introduces additional concepts not explicitly mentioned in the dialogue or reference topic. The reference topic focuses solely on the act of joining, while the generated topic describes the process and requirements, which is a slightly different emphasis.",C,PC
train_5701,"#Person1#: I want to buy a parking permit, please. 
 #Person2#: Are you a full-time student or do you attend part-time in the evenings? 
 #Person1#: I attend both day and evening classes. 
 #Person2#: Will you be riding a motorcycle or do you drive a car? 
 #Person1#: I ride a motorcycle. 
 #Person2#: That permit will run twenty-five dollars; will that be cash or credit card? 
 #Person1#: I'll use a credit card, thank you. 
 #Person2#: Do you need a second permit for a car? 
 #Person1#: No, just the motorcycle permit. 
 #Person2#: Fine, here it is and have a great semester!",#Person2# helps #Person1# buy a parking permit for #Person1#'s motorcycle.,parking permit,"Person1 requests a parking permit for a motorcycle, confirms they are a full-time student attending both day and evening classes, and pays $25 with a credit card. Person2 issues the permit and wishes them a good semester.",purchasing a motorcycle parking permit,Same Meaning,Same Meaning,Same Meaning,0.98,"The generated summary accurately captures the main idea of the dialogue, including Person1's request for a parking permit, their status as a full-time student attending both day and evening classes, the motorcycle permit, the $25 cost paid by credit card, and the issuance of the permit by Person2. The generated topic 'purchasing a motorcycle parking permit' correctly reflects the main topic of the dialogue, which is about obtaining a parking permit for a motorcycle. Both the summary and topic preserve all important facts, entities, and the same subject without introducing contradictions or omissions that alter the meaning.","#व्यक्ति१#: मलाई पार्किङ अनुमति पत्र किन्नु छ।
#व्यक्ति२#: तपाईं पूर्णकालीन विद्यार्थी हुनुहुन्छ कि साँझको समयमा आंशिक कक्षा लिनुहुन्छ?
#व्यक्ति१#: म दिन र साँझ दुवै समयमा कक्षा लिन्छु।
#व्यक्ति२#: तपाईं मोटरसाइकल चलाउनुहुन्छ कि कार?
#व्यक्ति१#: म मोटरसाइकल चलाउँछु।
#व्यक्ति२#: त्यो अनुमति पत्रको शुल्क २५ डलर पर्छ। नगद तिर्नुहुन्छ कि कार्डबाट?
#व्यक्ति१#: म क्रेडिट कार्ड प्रयोग गर्छु, धन्यवाद।
#व्यक्ति२#: के तपाईंलाई कारका लागि अर्को अनुमति पत्र पनि चाहिन्छ?
#व्यक्ति१#: चाहिँदैन, केवल मोटरसाइकलको अनुमति पत्र चाहिन्छ।
#व्यक्ति२#: ठीक छ, यो लिनुहोस् र तपाईंको सेमेस्टर राम्रो रहोस्।",#व्यक्ति२# ले #व्यक्ति१# लाई मोटरसाइकलका लागि पार्किङ अनुमति पत्र किन्न सहयोग गर्छन्।,parking permit,"व्यक्ति १ ले पार्किङ अनुमति पत्र किन्न चाहेको र त्यो मोटरसाइकलको लागि हो भन्ने कुरा व्यक्त गरे। व्यक्ति २ ले अनुमति पत्रको शुल्क २५ डलर रहेको र क्रेडिट कार्डबाट तिर्न सकिने बताए। साथै, व्यक्ति १ ले केवल मोटरसाइकलको अनुमति पत्र मात्र चाहेको बताए।",पार्किङ अनुमति पत्रको लागि गरिएको सोधपुछ र प्रक्रिया,Same Meaning,Same Meaning,Same Meaning,0.98,"The generated summary accurately captures the main idea of the dialogue, including the request for a parking permit for a motorcycle, the fee of $25, the payment method (credit card), and the confirmation that only a motorcycle permit is needed. The generated topic correctly refers to the main topic of the dialogue, which is the parking permit process. No contradictions, omissions of critical facts, or introductions of unrelated entities are present.",C,C
train_3069,"#Person1#: . . . I knew it. I always knew you were a lesbian! 
 #Person2#: She's my roommate, not my date. [to Yi-jun] The D-man, as in dork. 
 #Person1#: Haha. Still got that great sense of humor, I see. Here's my card. I sell used cars. A car from us is a car you can trust! 
 #Person2#: Alrighty then. Didn't you use to date Sheryl? 
 #Person1#: Sweet little lassie. Yep, broke her heart when the D-man told her he couldn't be a one-woman guy. 
 #Person2#: Oh? I heard she dumped you. Anyway, she's right over there. Oh, Sheryl!",#Person1# thinks #Person2# is a lesbian. #Person2# explains she is not. #Person1# then introduces himself while #Person2# finds Sheryl.,lesbian and date,"Person1 confronts Person2 about being a lesbian, but Person2 clarifies that their roommate is not their date. Person1 then hands out a business card for a used car dealership. Person2 asks if Person1 used to date Sheryl, and Person1 admits he broke her heart. Person2 mentions Sheryl is nearby and calls out to her.","A casual conversation involving misunderstandings, past relationships, and a used car sales pitch",Same Meaning,Different Meaning,Different Meaning,0.85,"The generated summary accurately captures the main ideas and facts from the dialogue, including the misunderstanding about Person2's sexuality, the clarification about the roommate, the introduction of Person1's used car business, and the mention of Sheryl. However, the generated topic ('A casual conversation involving misunderstandings, past relationships, and a used car sales pitch') introduces additional elements (e.g., 'casual conversation') and omits the core topic of 'lesbian and date' from the reference topic, which changes the focus. While the summary is correct, the topic does not align with the reference topic's meaning.","#व्यक्ति१#: मैले थाहा पाइसकेँ। मलाई सधैं थाहा थियो तिमी समलिङ्गी महिला हौ!
#व्यक्ति२#: उनी मेरी साथी बस्ने कोठाकी साथी हुन्, मेरो प्रेमिका होइनन्। (यी-जुनतिर) डी-म्यान भनेको डर्क अर्थात् अलि अनौठो मान्छे हो।
#व्यक्ति१#: हा हा। तिम्रो हास्य भावना अझै राम्रो रहेछ। यो मेरो कार्ड हो। म पुराना कारहरू बेच्ने काम गर्छु। हामीबाट किनेको कार भनेको विश्वास गर्न मिल्ने कार हो!
#व्यक्ति२#: ठीक छ। के तिमी पहिले शेरिलसँग डेट गर्दैनथ्यौ?
#व्यक्ति१#: त्यो प्यारी केटी। हो, मैले उसको मन दुखाएँ, किनकि डी-म्यानले एउटै महिलासँग मात्र सम्बन्ध राख्न सक्दिनँ भनेको थियो।
#व्यक्ति२#: ए? मैले त सुनेको थिएँ उसैले तिमीलाई छोडेकी हो। जे होस्, ऊ त्यहीँ छ। ओहो, शेरिल!",#व्यक्ति१# ले #व्यक्ति२# लाई समलिङ्गी महिला ठान्छन्। #व्यक्ति२# ले आफू त्यस्तो नभएको बताउँछन्। त्यसपछि #व्यक्ति१# ले आफ्नो परिचय दिन्छन् र #व्यक्ति२# ले शेरिललाई भेट्छिन्।,lesbian and date,व्यक्ति१ ले व्यक्ति२ लाई समलिङ्गी महिला भएको आरोप लगाउँछन् र डी-म्यान बारे गलत धारणा राख्छन्। व्यक्ति२ ले डी-म्यान र शेरिलबारे स्पष्ट पार्छन् र व्यक्ति१ ले शेरिललाई मन दुखाएको कुरा बताउँछन्।,"गलत धारणा, गलत सूचना र सम्बन्धमा रहेका असमझदारी",Same Meaning,Different Meaning,Different Meaning,0.85,"The generated summary accurately represents the main idea of the dialogue, preserving important facts, entities (व्यक्ति१, व्यक्ति२, डी-म्यान, शेरिल), and the subject (misunderstandings about relationships and sexual orientation). However, the generated topic ('गलत धारणा, गलत सूचना र सम्बन्धमा रहेका असमझदारी') introduces additional concepts ('गलत सूचना', 'असमझदारी') not explicitly present in the reference topic ('lesbian and date') or the dialogue. While the topic captures some themes, it is not a direct representation of the reference topic or the core dialogue topic.",PC,PC
train_4347,"#Person1#: What are you doing?
 #Person2#: I'm parking my car here.
 #Person1#: No, I'm sorry. It's impossible.
 #Person2#: Why not? I don't see a 'No Parking' sign.
 #Person1#: This is my parking place.
 #Person2#: I don't see a sign with your name.
 #Person1#: I park here every day.
 #Person2#: Well, I'm parking here today.",#Person2# is parking but #Person1# says that's #Person1#'s parking place.,parking,"Person1 stops Person2 from parking in a spot, claiming it is their designated parking place. Person2 argues there is no 'No Parking' sign and insists on parking there.",dispute over a parking spot,Same Meaning,Same Meaning,Same Meaning,0.98,"The generated summary accurately captures the main idea of the dialogue, including the conflict over the parking spot and the key arguments from both parties. The generated topic 'dispute over a parking spot' correctly represents the main topic of the dialogue, which is about parking. Both the summary and topic preserve the important facts, entities (Person1, Person2), and the core subject without introducing contradictions or omissions that alter the meaning.","#व्यक्ति१#: तिमी के गर्दैछौ?
#व्यक्ति२#: म यहाँ मेरो कार पार्क गर्दैछु।
#व्यक्ति१#: होइन, माफ गर्नुहोस्। यो सम्भव छैन।
#व्यक्ति२#: किन? यहाँ ""पार्किङ निषेध"" को संकेत त छैन।
#व्यक्ति१#: यो मेरो पार्किङ गर्ने ठाउँ हो।
#व्यक्ति२#: तपाईंको नाम लेखिएको संकेत पनि त छैन।
#व्यक्ति१#: म यहाँ हरेक दिन पार्क गर्छु।
#व्यक्ति२#: तर आज म यहाँ पार्क गर्दैछु।",#व्यक्ति२# कार पार्क गर्दैछन् तर #व्यक्ति१# ले त्यो आफ्नो पार्किङ स्थान भएको बताउँछन्।,parking,व्यक्ति१ ले व्यक्ति२ लाई आफ्नो पार्किङ ठाउँ भएको र त्यहाँ पार्किङ निषेधको संकेत नभएको बताएपछि व्यक्ति२ ले त्यही ठाउँमा पार्क गर्न खोजेको संवाद।,अनधिकृत पार्किङको विवाद,Same Meaning,Different Meaning,Different Meaning,0.85,"The generated summary accurately represents the main idea of the dialogue, preserving important facts, entities, and the subject. However, the generated topic 'अनधिकृत पार्किङको विवाद' introduces a concept ('unauthorized parking dispute') that is not explicitly mentioned in the dialogue or reference topic ('parking'). While the topic is related, it is not a direct representation of the dialogue's main topic.",C,PC
train_5250,"#Person1#: Next is a ballet performance, but who is the dancer?
 #Person2#: I'd swear that's Eddy from circulation.
 #Person1#: Since when did Eddy start doing ballet? !
 #Person2#: Not very long from the looks of it!
 #Person1#: Look! He has a partner!
 #Person2#: He's dancing with Jack!
 #Person1#: Gross!
 #Person2#: The wei-ya is the one time a year you can make fun of the boss.
 #Person1#: But I think Eddy is going too far!
 #Person2#: You're right. They are spinning pretty fast. Aren't they getting dizzy? What if they fall. . .
 #Person1#: Oh! Ouch! That must've hurt!
 #Person2#: How embarrassing!",#Person1# and #Person2# are watching the ballet performance given by Eddy and Jack. They think it'll be embarrassing if the two fall.,the company's wei-ya,"Person1 and Person2 discuss a ballet performance featuring Eddy, who is dancing with Jack. They express surprise at Eddy's participation in ballet and concern about the fast spinning movements, which leads to a fall.",Observation and reaction to a ballet performance,Same Meaning,Different Meaning,Different Meaning,0.85,"The generated summary accurately represents the main idea, facts, and entities from the dialogue, preserving the same meaning as the reference summary. However, the generated topic ('Observation and reaction to a ballet performance') is too generic and does not specifically refer to the 'company's wei-ya' as mentioned in the reference topic, which is a key detail from the dialogue.","#व्यक्ति१#: अब ब्याले नृत्य प्रदर्शन छ, तर नर्तक को हो?
#व्यक्ति२#: म पक्का भन्छु, त्यो सर्कुलेसन विभागको एडी हो।
#व्यक्ति१#: एडीले कहिलेदेखि ब्याले गर्न थालेछ?!
#व्यक्ति२#: हेर्दा धेरै लामो समय भएको जस्तो लाग्दैन!
#व्यक्ति१#: हेर! उसको साथी पनि छ!
#व्यक्ति२#: ऊ ज्याकसँग नाचिरहेको छ!
#व्यक्ति१#: छ्या!
#व्यक्ति२#: कम्पनीको वेइ-या भनेको वर्षमा एकपटक मालिकको मजाक गर्ने समय हो।
#व्यक्ति१#: तर मलाई लाग्छ एडी धेरै अगाडि बढिरहेको छ!
#व्यक्ति२#: तिमी सही छौ। उनीहरू धेरै छिटो घुमिरहेका छन्। चक्कर आउँदैन होला? यदि लडे भने के होला...
#व्यक्ति१#: ओहो! आहा! त्यसले त दुख्यो होला!
#व्यक्ति२#: कति लाजमर्दो कुरा!",#व्यक्ति१# र #व्यक्ति२# एडी र ज्याकले गरेको ब्याले प्रदर्शन हेरिरहेका छन्। उनीहरू लड्यो भने लाजमर्दो हुने सोचिरहेका छन्।,the company's wei-ya,"दुई व्यक्तिबीच ब्याले नृत्य प्रदर्शन हेर्दै गरेको संवादमा, नर्तकहरू एडी र ज्याक रहेको बताइएको छ। उनीहरू सर्कुलेसन विभागका भएको र प्रदर्शनमा तीव्र गतिका कारण चक्कर लाग्न सक्ने चिन्ता व्यक्त गरिएको छ। साथै, कम्पनीको वार्षिक कार्यक्रममा मालिकको मजाक गरिने परम्परा पनि उल्लेख गरिएको छ।",ब्याले नृत्य प्रदर्शनमा सहभागी नर्तकहरू र प्रदर्शनको विशेषता,Same Meaning,Different Meaning,Same Meaning,0.98,"The generated summary accurately captures the main idea of the dialogue, including the key entities (ADI and Jack), their roles (dancers from the circulation department), the context (ballet performance), concerns (dizziness due to fast movements), and the tradition of the company's wei-ya event. The generated topic, however, is broader and less specific than the reference topic ('the company's wei-ya'), focusing more on the general characteristics of the ballet performance rather than the specific cultural event mentioned in the dialogue. The overall meaning is preserved, but the topic diverges slightly in specificity.",PC,C
train_218,"#Person1#: How about your study at college?
 #Person2#: I was doing quite well at college. I completed my MBA degree in international trade with first-class honors.
 #Person1#: Why did you select your college?
 #Person2#: I selected my college because it had an excellent academic reputation.
 #Person1#: What do you like doing in your spare time?
 #Person2#: My favorite recreation is cooking. I learned to cook Chinese dishes and western style dishes as well. It keeps me busy and makes me happy.","#Person1# asks #Person2# some questions, like #Person2#'study, why choosing the college and recreations in his spare time. #Person2# answered.",ask some questions,"Person2 shares their academic achievement of completing an MBA in international trade with first-class honors and explains their college choice due to its excellent reputation. They also mention that cooking, including Chinese and Western dishes, is their favorite hobby.",Academic achievements and personal interests,Same Meaning,Different Meaning,Different Meaning,0.85,"The generated summary accurately captures the main ideas, facts, and entities from the dialogue, preserving the meaning of the reference summary. However, the generated topic ('Academic achievements and personal interests') is broader than the reference topic ('ask some questions') and does not directly match the main topic of the dialogue, which is about Person1 asking Person2 questions about their study, college choice, and hobbies.","#व्यक्ति१#: कलेजमा तिम्रो पढाइ कस्तो चलिरहेको छ?
#व्यक्ति२#: मेरो कलेजको पढाइ राम्रो भइरहेको थियो। मैले अन्तर्राष्ट्रिय व्यापारमा एमबीए प्रथम श्रेणी सम्मानसहित पूरा गरेँ।
#व्यक्ति१#: तिमीले आफ्नो कलेज किन रोज्यौ?
#व्यक्ति२#: मैले त्यो कलेज रोजेँ किनकि त्यसको शैक्षिक प्रतिष्ठा राम्रो थियो।
#व्यक्ति१#: खाली समयमा के गर्न मन पराउँछौ?
#व्यक्ति२#: मेरो मनपर्ने मनोरञ्जन खाना पकाउनु हो। मैले चिनियाँ र पश्चिमी शैलीका खाना बनाउन सिकेको छु। यसले मलाई व्यस्त र खुसी राख्छ।","#व्यक्ति१# ले #व्यक्ति२# लाई पढाइ, कलेज छनोट र खाली समयका गतिविधिबारे प्रश्न गर्छन्। #व्यक्ति२# ले उत्तर दिन्छन्।",ask some questions,#व्यक्ति२# ले अन्तर्राष्ट्रिय व्यापारमा एमबीए प्रथम श्रेणी सम्मानसहित पूरा गरेका छन्। उनले राम्रो शैक्षिक प्रतिष्ठा भएको कलेज रोजेका हुन्। खाली समयमा खाना पकाउन मन पराउँछन् र चिनियाँ तथा पश्चिमी शैलीका खाना बनाउन जान्दछन्।,"व्यक्तिको शैक्षिक उपलब्धि, कलेज छनोटको कारण, र मनोरञ्जनात्मक गतिविधिहरू",Same Meaning,Different Meaning,Same Meaning,0.98,"The generated summary accurately represents the main ideas, facts, and entities from the dialogue, preserving the meaning of the original conversation. The generated topic ('व्यक्तिको शैक्षिक उपलब्धि, कलेज छनोटको कारण, र मनोरञ्जनात्मक गतिविधिहरू') is more specific than the reference topic ('ask some questions') but still refers to the same main topic of the dialogue (questions about education, college selection, and hobbies). The reference topic is overly broad and does not capture the actual content of the dialogue, while the generated topic correctly identifies the key themes discussed.",PC,C
train_2054,"#Person1#: What time is our connecting flight? 
 #Person2#: Let me check. Oh, oh!It's at 3:25. 
 #Person1#: Wow, that's cutting it close! That means we only have 25 minutes to make the connection! What gate is it at? 
 #Person2#: It's at... gate 14. 
 #Person1#: Oh, great! That's at the other end of the terminal! 
 #Person2#: OK, so here's the plan; When we land, run to gate 14! 
 #Person1#: I'm be right behind ya!",#Person1# and #Person2# are rushing to catch their connecting flight.,catch the flight,"Person1 and Person2 discuss their connecting flight details after landing. Person2 informs that the flight is at 3:25 PM from gate 14, which is far from their current location, leaving only 25 minutes to make the connection. They decide to run to gate 14 upon landing.",Discussion about a tight connecting flight schedule and gate location,Same Meaning,Same Meaning,Same Meaning,0.98,"The generated summary accurately captures the main idea of the dialogue, including the urgency of the connecting flight, the time (3:25 PM), gate (14), and the short connection time (25 minutes). The generated topic correctly reflects the main topic of the dialogue, which is about the tight connecting flight schedule and gate location. Both preserve all important facts, entities, and meaning without introducing contradictions or omissions that alter the core message.","#व्यक्ति१#: हाम्रो जोडिने उडान कति बजे छ?
#व्यक्ति२#: म हेर्छु। ओहो! यो ३:२५ बजे रहेछ।
#व्यक्ति१#: वाह, समय निकै कम रहेछ! यसको अर्थ जोडिने उडान समात्न हामीसँग केवल २५ मिनेट छ! गेट कुन हो?
#व्यक्ति२#: यो... गेट १४ हो।
#व्यक्ति१#: ओहो, राम्रो! त्यो त टर्मिनलको अर्को छेउमा छ।
#व्यक्ति२#: ठीक छ, योजना यस्तो हो; हामी अवतरण भएपछि गेट १४ तर्फ दौडनेछौँ।
#व्यक्ति१#: म तिम्रो पछिपछि आउँछु।",#व्यक्ति१# र #व्यक्ति२# जोडिने उडान समात्न हतार गरिरहेका छन्।,catch the flight,"व्यक्ति १ र व्यक्ति २ ले जोडिने उडान समात्न केवल २५ मिनेट बाँकी रहेको थाहा पाउँछन्। उनीहरूको जोडिने उडान ३:२५ बजे गेट १४ बाट हुने र गेट १४ टर्मिनलको अर्को छेउमा रहेको थाहा पाएपछि, उनीहरूले अवतरण भएपछि गेट १४ तर्फ दौडने योजना बनाउँछन्।",जोडिने उडान समात्न समय व्यवस्थापन र गेटसम्म पुग्ने तयारी,Same Meaning,Different Meaning,Same Meaning,0.98,"The generated summary accurately captures the main idea of the dialogue, preserving all important facts (time remaining, flight time, gate location, and plan to run to the gate). The generated topic, while related, is more specific ('time management and preparation to reach the gate') and does not directly match the reference topic ('catch the flight'). However, the topic still refers to the same main topic (catching the flight) and does not contradict or omit critical information.",C,C
train_4490,"#Person1#: Hi, darling! I have a one-month vacation saved up. How about a trip to Europe?
 #Person2#: I could go for that. But I'm afraid our budget is a little tight this year.
 #Person1#: Oh, but I really need to leave this town for a change. Working day after day has worn me out. Do you have any other suggestions?
 #Person2#: We should probably think about going somewhere that isn't too far away. How about the countryside? There must be many interesting places, and we could enjoy the fresh air.
 #Person1#: Wonderful! I think that's a great idea How soon until we can make this happen? I can't wait!
 #Person2#: Tomorrow I have an appointment with my dentist. What about next Monday?
 #Person1#: Perfect. I'II start preparing tomorrow. If we re going to drive, l'II need to fill up the tank.
 #Person2#: No need. I think it's still plenty full. Even so, I'd rather travel by bus or train. It would cost much less than driving. Oil prices are soaring nowadays, you know.
 #Person1#: We can take the train, that will be faster. I'II book the tickets tomorrow morning.
 #Person2#: Great! Oh, one more thing, don't forget to check the weather before we go. I'd hate to get caught in the rain.
 #Person1#: No problem. I'm really looking forward to the coming week.
 #Person2#: Me, too. Now let's make a list for what we need to with us.",#Person1# and #Person2# are planning their vacation. #Person1# wants a trip to Europe but #Person2# disagrees because their budget is tight. They finally agree on taking the train to the countryside next Monday. #Person2# reminds #Person1# to check the weather.,vacation plan,"Person1 suggests a trip to Europe for a one-month vacation due to exhaustion from work, but Person2 mentions their tight budget. They agree on a countryside trip instead, planning to travel by train next Monday. Person1 will book tickets and check the weather, while Person2 reminds them to prepare a packing list.",planning a countryside trip to relax and escape work,Same Meaning,Different Meaning,Same Meaning,0.98,"The generated summary accurately reflects the main ideas, facts, entities, and subject of the dialogue, preserving all key details. The generated topic ('planning a countryside trip to relax and escape work') is semantically aligned with the reference topic ('vacation plan') as it describes the same core concept (planning a trip for relaxation), though phrased differently. The minor difference in phrasing does not alter the meaning.","#व्यक्ति१#: प्रिय, म फर्किएँ। तिमी के गर्दैछौ?
#व्यक्ति२#: म लुगा धोइरहेको छु। के तिमीलाई भोक लागेको छ? एकछिन पर्ख, म तिम्रो लागि खाना पकाउँछु। (स्टिभनले निधार खुम्च्याउँछन्।)
#व्यक्ति१#: बी, के हामीले एउटा काम गर्ने मान्छे राख्ने?
#व्यक्ति२#: म सबै घरको काम गर्न सक्छु। हामीलाई काम गर्ने मान्छे चाहिँदैन।
#व्यक्ति१#: तिमीले कार्यालयमा धेरै मेहनत गरेकी छौ। यदि कसैले तिमीलाई सहयोग गर्‍यो भने तिमीले अझ बढी आराम गर्न सक्छौ।
#व्यक्ति२#: हामीलाई साँच्चै आवश्यक छैन।
#व्यक्ति१#: तिमी असल श्रीमती हौ, जुलिया। तर तिमीले आफ्नो ख्याल राख्नुपर्छ।
#व्यक्ति२#: मलाई यसबारे सोच्न केही समय देऊ।",#व्यक्ति१# ले धेरै काम गर्ने जुलियाका लागि घरको काम गर्न सहयोगी राख्ने सुझाव दिन्छन्। जुलियाले सोच्ने बताउँछिन्।,vacation plan,"व्यक्ति१ घर फर्किएपछि व्यक्ति२ (जुलिया) लुगा धोइरहेको अवस्थामा भेट्छन्। व्यक्ति१ले घरको काममा सहयोग गर्ने मान्छे राख्न सुझाव दिन्छन्, तर व्यक्ति२ले आफै सबै काम गर्न सक्ने बताउँछिन्। व्यक्ति१ले जुलियाको मेहनत र आरामको आवश्यकतामा जोड दिन्छन्, र उनलाई श्रीमतीको रूपमा प्रशंसा गर्छन्।",घरायसी काममा सहयोगको प्रस्ताव र पारिवारिक भूमिकाको चर्चा,Same Meaning,Different Meaning,Different Meaning,0.85,"The generated summary accurately represents the main idea, facts, and entities from the dialogue, preserving the meaning of the reference summary. However, the generated topic ('घरायसी काममा सहयोगको प्रस्ताव र पारिवारिक भूमिकाको चर्चा') does not match the reference topic ('vacation plan'). The dialogue does not discuss vacation plans, making the topic incorrect. The overall result is marked as 'Different Meaning' due to the topic mismatch.",C,PC
train_12166,"#Person1#: I'd like to congratulate you on your wonderful performance.
 #Person2#: Thank you very much.
 #Person1#: I read about you in the newspaper and decided to come and hear you play. I have traveled many miles and I'm very glad I made the effort. You played the piano beautifully. What are your next plans?
 #Person2#: At present, I'm giving a lot of concerts. Fortunately, people want to come and hear me play. But I'm getting very tired of traveling.
 #Person1#: Why are you working so hard?
 #Person2#: I'm planning to start a school, so I'm trying to save as much money as possible.
 #Person1#: What kind of school?
 #Person2#: A music school for disabled children. I think they have the right to receive an education, just like any other children. At the moment, there are very few such schools in my country. Unfortunately, it will cost a lot of money to start one.
 #Person1#: But I'm sure a lot of people will support you. I hope you will be able to realize your dream.",#Person1# admires #Person2#'s piano performance. #Person2# tells #Person1# that #Person2#'s giving lots of concerts to save money to start a music school for disabled children.,piano concert,"Person1 congratulates Person2 on their piano performance and expresses admiration after reading about them in the newspaper. Person2 shares their busy concert schedule, fatigue from traveling, and plans to start a music school for disabled children to provide them with education, noting the financial challenges involved. Person1 encourages Person2, expressing hope that their dream will be realized.",Plans to establish a music school for disabled children,Same Meaning,Different Meaning,Same Meaning,0.98,"The generated summary accurately captures the main ideas, facts, and entities from the dialogue, preserving the meaning of the reference summary. The generated topic ('Plans to establish a music school for disabled children') is more specific than the reference topic ('piano concert') but still refers to a key aspect of the dialogue. While the reference topic focuses on the piano concert context, the generated topic highlights the central plan discussed, which is a valid interpretation of the dialogue's main subject.","#व्यक्ति१#: तपाईंको उत्कृष्ट प्रदर्शनका लागि बधाई दिन चाहन्छु।
#व्यक्ति२#: धेरै धन्यवाद।
#व्यक्ति१#: मैले तपाईंको बारेमा पत्रिकामा पढेको थिएँ र तपाईंको प्रस्तुति सुन्न यहाँ आएको हुँ। मैले धेरै टाढाको यात्रा गरेँ र यहाँ आउन पाउँदा खुसी छु। तपाईंले पियानो धेरै सुन्दर बजाउनुभयो। तपाईंको आगामी योजना के छ?
#व्यक्ति२#: अहिले म धेरैवटा कन्सर्ट गर्दैछु। भाग्यवश मानिसहरू मेरो पियानो सुन्न आउन चाहन्छन्। तर धेरै यात्रा गर्दा म थाक्दै गएको छु।
#व्यक्ति१#: तपाईं यति धेरै मेहनत किन गर्दै हुनुहुन्छ?
#व्यक्ति२#: म एउटा विद्यालय सुरु गर्ने योजना बनाउँदैछु, त्यसैले सकेसम्म धेरै पैसा बचत गर्दैछु।
#व्यक्ति१#: कस्तो विद्यालय?
#व्यक्ति२#: अपाङ्गता भएका बालबालिकाका लागि संगीत विद्यालय। मलाई लाग्छ उनीहरूले पनि अरू बालबालिकाजस्तै शिक्षा पाउने अधिकार राख्छन्। अहिले मेरो देशमा यस्ता विद्यालय धेरै कम छन्। दुर्भाग्यवश, एउटा सुरु गर्न धेरै पैसा लाग्छ।
#व्यक्ति१#: तर म पक्का छु धेरै मानिसहरूले तपाईंलाई सहयोग गर्नेछन्। आशा छ तपाईं आफ्नो सपना पूरा गर्न सक्नुहुनेछ।",#व्यक्ति१# ले #व्यक्ति२# को पियानो प्रदर्शनको प्रशंसा गर्छन्। #व्यक्ति२# ले अपाङ्गता भएका बालबालिकाका लागि संगीत विद्यालय खोल्न पैसा बचत गर्न धेरै कन्सर्ट गरिरहेको बताउँछन्।,piano concert,#व्यक्ति१# ले #व्यक्ति२# लाई उनको उत्कृष्ट पियानो प्रस्तुतिका लागि बधाई दिए र पत्रिकामा पढेको कुरा बताए। #व्यक्ति२# ले आफ्नो कन्सर्ट यात्राको थकान र अपाङ्गता भएका बालबालिकाका लागि संगीत विद्यालय स्थापना गर्ने योजनाको बारेमा बताए। उनले यसका लागि पैसा बचत गरिरहेको र धेरै मानिसहरूले सहयोग गर्ने आशा व्यक्त गरे।,अपाङ्गता भएका बालबालिकाका लागि संगीत विद्यालय स्थापना गर्ने योजना र त्यसका लागि गरिएको प्रयास,Same Meaning,Different Meaning,Different Meaning,0.9,"The generated summary accurately represents the main ideas, facts, and entities from the dialogue, preserving the meaning of the reference summary. However, the generated topic ('अपाङ्गता भएका बालबालिकाका लागि संगीत विद्यालय स्थापना गर्ने योजना र त्यसका लागि गरिएको प्रयास') introduces additional details ('त्यसका लागि गरिएको प्रयास') and shifts focus from the primary topic ('piano concert') to a secondary aspect, making it different from the reference topic which directly refers to the piano concert.",C,PC
train_4989,"#Person1#: What were you thinking? You nearly hit me.
 #Person2#: What are you talking about? You saw my signal and when I turned left, you sped up and blocked me.
 #Person1#: I was just driving through a yellow light, so I couldn't stop.
 #Person2#: You are lucky there were no police around. Or you would have gotten a ticket for sure. Hits drivers like you that give the rest of us a bad name.",#Person1# and #Person2# argue for who's wrong in the car accident.,car accident,"Person1 accuses Person2 of nearly hitting them, while Person2 claims Person1 sped up and blocked them despite seeing their signal. Person1 explains they were driving through a yellow light and couldn't stop, and Person2 warns that Person1 would have received a ticket if police were present.",traffic dispute after a near-collision,Same Meaning,Same Meaning,Same Meaning,0.98,"The generated summary accurately captures the main idea of the dialogue, including the accusations, explanations, and warnings between the two people involved in the near-collision. The generated topic ('traffic dispute after a near-collision') correctly represents the main topic of the dialogue ('car accident') as it refers to the same event and context, with slightly more descriptive phrasing that does not alter the meaning. Both preserve all important facts, entities, and the subject of the discussion.","#व्यक्ति१#: तिमी के सोचिरहेका थियौ? तिमीले मलाई लगभग ठक्कर दिएको थियौ।
#व्यक्ति२#: तिमी के कुरा गर्दैछौ? तिमीले मेरो संकेत देखेका थियौ र म बायाँ मोड्दा तिमीले गति बढाएर मेरो बाटो छेकेका थियौ।
#व्यक्ति१#: म पहेँलो बत्तीमा गाडी चलाइरहेको थिएँ, त्यसैले रोक्न सकिनँ।
#व्यक्ति२#: भाग्यले त्यहाँ प्रहरी थिएनन्। नभए तिमीले पक्कै जरिवाना पाउने थियौ। तिमीजस्ता चालकहरूले हामी सबै चालकहरूको नाम खराब बनाउँछन्।",#व्यक्ति१# र #व्यक्ति२# कार दुर्घटनामा कसको गल्ती थियो भनेर बहस गर्छन्।,car accident,"व्यक्ति १ ले व्यक्ति २ लाई लगभग ठक्कर दिएको आरोप लगाउँछन्। व्यक्ति २ ले व्यक्ति १ ले आफ्नो संकेत नदेखी बायाँ मोड्दा गति बढाएर बाटो छेकेको बताउँछन्। व्यक्ति १ ले पहेँलो बत्तीमा गाडी चलाइरहेको हुँदा रोक्न नसकेको जवाफ दिन्छन्। व्यक्ति २ ले त्यसबेला प्रहरी नभएको र व्यक्ति १ ले जरिवाना पाउन सक्ने बताउँछन्, साथै त्यस्ता चालकहरूले सबै चालकहरूको नाम खराब बनाउने आरोप लगाउँछन्।",गलत तरिकाले गाडी चलाउने र ट्राफिक नियम उल्लङ्घन गर्ने चालकहरूको व्यवहार तथा त्यसको असर,Same Meaning,Different Meaning,Different Meaning,0.85,"The generated summary accurately represents the main idea of the dialogue, preserving important facts, entities (व्यक्ति१, व्यक्ति२, गाडी, संकेत, प्रहरी, जरिवाना), and the subject (car accident dispute). However, the generated topic ('गलत तरिकाले गाडी चलाउने र ट्राफिक नियम उल्लङ्घन गर्ने चालकहरूको व्यवहार तथा त्यसको असर') is broader and more generalized than the reference topic ('car accident'), which specifically refers to the dispute over fault in the accident. The generated topic introduces additional concepts (ट्राफिक नियम उल्लङ्घन, व्यवहार तथा त्यसको असर) not explicitly present in the dialogue or reference topic, altering the focus.",C,PC
train_4833,"#Person1#: The baby is crying again. 
 #Person2#: Leave him alone, he'll soon stop. 
 #Person1#: How can you do so? Perhaps something is wrong with him. Let's go and see him. 
 #Person2#: OK. Nothing serious. He just wants us to be with him.",#Person1# worries about the crying baby. #Person2# thinks it's nothing serious.,baby is crying,"Person1 is concerned about a crying baby and suggests checking on him, while Person2 believes the baby just wants attention and will stop crying on his own.",discussion about a crying baby,Same Meaning,Same Meaning,Same Meaning,0.98,"The generated summary accurately captures the main idea of Person1's concern and Person2's reassurance about the crying baby. The generated topic correctly identifies the main subject as a discussion about a crying baby, matching the reference topic. Both preserve the key entities (Person1, Person2, baby) and the core meaning of the dialogue without introducing or omitting critical information.","#व्यक्ति१#: बच्चा फेरि रोइरहेको छ।
#व्यक्ति२#: उसलाई छोडिदेऊ, ऊ चाँडै रोकिनेछ।
#व्यक्ति१#: तिमी यस्तो कसरी भन्न सक्छौ? सायद उसलाई केही समस्या भएको छ। जाऔँ, हेरौँ।
#व्यक्ति२#: ठीक छ। केही गम्भीर छैन। ऊ केवल हामी उसको साथमा रहोस् भन्ने चाहन्छ।",#व्यक्ति१# रोइरहेको बच्चाको चिन्ता गर्छन्। #व्यक्ति२# ले केही गम्भीर समस्या नभएको सोच्छन्।,baby is crying,एक बच्चा रोइरहेको अवस्थामा दुई व्यक्तिबीच संवाद भएको छ। पहिलो व्यक्तिले बच्चालाई हेर्नुपर्ने सुझाव दिएपछि दुवै मिलेर बच्चाको अवस्था हेर्ने निर्णय गरेका छन्। दोस्रो व्यक्तिले बच्चा सामान्य अवस्थामा रहेको र उसको साथमा बस्न चाहेको बताएका छन्।,बच्चाको रोइरहेको अवस्था र त्यसको कारण पत्ता लगाउन गरिएको संवाद,Same Meaning,Different Meaning,Same Meaning,0.98,"The generated summary accurately reflects the main idea of the dialogue, preserving important facts (child crying, concern, checking the baby's condition) and entities (two people, baby). The topic 'baby is crying' is directly represented in the generated topic, though the generated topic adds extra context ('reason for crying') which is not explicitly in the dialogue or reference topic. However, the core meaning remains the same, and no critical information is omitted or contradicted.",C,C
train_11460,"#Person1#: Jenny, you look terrible. What's eating you?
 #Person2#: Don't brother me!
 #Person1#: Hey, chill out, I'm just trying to help.
 #Person2#: Sorry, Sally, it's not your fault.
 #Person1#: So, what's the problem?
 #Person2#: I drew a blank on the algebra test.
 #Person1#: No kidding! Didn't you study for it?
 #Person2#: Yeah, but nothing was clear during the test.
 #Person1#: That's too bad, anyway, I'm sure things will turn around next semester.
 #Person2#: I'm thinking of dropping out.
 #Person1#: You can't do that, Jenny!
 #Person2#: I'm dead serious about this, Sally.
 #Person1#: Come on, let's talk about it.",Jenny tells Sally her terrible algebra test. Sally comforts her and tries to stop her ideas from dropping out.,school life,"Person1 (Sally) notices Person2 (Jenny) looking upset and asks about the problem. Jenny reveals she performed poorly on an algebra test and is considering dropping out, but Sally encourages her to reconsider.",Jenny's academic struggles and consideration of dropping out,Same Meaning,Different Meaning,Different Meaning,0.9,"The generated summary accurately reflects the main idea of the dialogue, preserving important facts (Jenny's poor test performance, consideration of dropping out, and Sally's encouragement). However, the generated topic ('Jenny's academic struggles and consideration of dropping out') is more specific than the reference topic ('school life'), which is broader and encompasses the dialogue's context. While the generated topic is correct, it does not match the reference topic's level of generality, making it a different meaning in terms of scope.","#व्यक्ति१#: जेनी, तिमी निकै नराम्रो देखिरहेकी छौ। के भयो?
#व्यक्ति२#: मलाई दुःख नदेऊ!
#व्यक्ति१#: ए, शान्त होऊ, म त सहयोग गर्न खोज्दैछु।
#व्यक्ति२#: माफ गर, स्याली, यो तिम्रो गल्ती होइन।
#व्यक्ति१#: त्यसो भए समस्या के हो?
#व्यक्ति२#: मैले बीजगणितको परीक्षामा केही सम्झनै सकिनँ।
#व्यक्ति१#: साँच्चै? तिमीले पढेकी थिइनौ?
#व्यक्ति२#: पढेकी थिएँ, तर परीक्षाको बेला केही पनि स्पष्ट भएन।
#व्यक्ति१#: त्यो नराम्रो भयो। जे होस्, अर्को सेमेस्टरमा सबै ठीक हुनेछ भन्ने मलाई विश्वास छ।
#व्यक्ति२#: म पढाइ छोड्ने सोच्दैछु।
#व्यक्ति१#: तिमी यस्तो गर्न सक्दैनौ, जेनी!
#व्यक्ति२#: म साँच्चै गम्भीर छु, स्याली।
#व्यक्ति१#: आउ, यसबारे कुरा गरौँ।",जेनीले स्यालीलाई आफ्नो खराब बीजगणित परीक्षाबारे बताउँछिन्। स्यालीले उनलाई सान्त्वना दिन्छिन् र पढाइ छोड्ने विचार रोक्न प्रयास गर्छिन्।,school life,व्यक्ति१ ले व्यक्ति२ (जेनी) लाई उसको खराब देखिने अवस्था र बीजगणितको परीक्षामा असफल भएको बारे सोध्छ। जेनीले आफ्नो असफलताको कारण बताउँछ र पढाइ छोड्ने सोचाइ व्यक्त गर्छ। व्यक्ति१ ले उसलाई हौसला दिन्छ र समस्याको बारेमा कुरा गर्न प्रस्ताव गर्छ।,बीजगणितको परीक्षामा असफल भएपछि उत्पन्न निराशा र समाधानको खोजी,Same Meaning,Different Meaning,Different Meaning,0.9,"The generated summary accurately represents the main idea, facts, and entities from the dialogue, preserving the same meaning as the reference summary. However, the generated topic ('बीजगणितको परीक्षामा असफल भएपछि उत्पन्न निराशा र समाधानको खोजी') introduces a more specific focus on algebra failure and despair, which is not explicitly stated in the reference topic ('school life'). While the dialogue is about school life, the generated topic narrows it down to a specific academic failure scenario, making it different in scope from the reference topic.",PC,PC
train_12284,"#Person1#: I'll help you, Lucy. Look at what I've got here. In this small bottle, there's a magic love potion.
 #Person2#: A magic love potion?
 #Person1#: Yes. If you put a few drops on someone's eyelids while he's asleep, he'll fall in love with the first person he sees when he wakes up.
 #Person2#: It can't be true.
 #Person1#: Take my word for it.
 #Person2#: So what am I going to do?
 #Person1#: Just come to our house and stay over. You'll sit by his bed and greet him like a beautiful red rose, 'Good morning!'
 #Person2#: That sounds like a blue rose! My sitting by his bed?
 #Person1#: Don't be so shy, Lucy.",#Person2# gives Lucy a magic love potion and teaches Lucy how to make someone fall in love with Lucy.,magic love potion,Person1 offers Person2 a magic love potion that causes the target to fall in love with the first person they see upon waking. Person1 suggests Person2 use it on someone by applying the potion while they sleep and greeting them the next morning.,discussion about using a magic love potion,Same Meaning,Same Meaning,Same Meaning,0.98,"The generated summary accurately represents the main idea of the dialogue, including the magic love potion's effect and Person1's instructions to Person2. The generated topic correctly identifies the discussion about using a magic love potion, matching the reference topic. No contradictions, omissions of critical facts, or introductions of extraneous information are present.","#व्यक्ति१#: म तिमीलाई सहयोग गर्नेछु, लुसी। हेर, मसँग यहाँ एउटा सानो बोतल छ। यसमा जादुई प्रेम औषधि छ।
#व्यक्ति२#: जादुई प्रेम औषधि?
#व्यक्ति१#: हो। यदि तिमीले कोही सुतिरहेको बेला उसको आँखाको पलकमा केही थोपा हाल्यौ भने, ऊ उठेपछि पहिलो पटक देख्ने व्यक्तिसँग प्रेम गर्नेछ।
#व्यक्ति२#: यो सत्य हुन सक्दैन।
#व्यक्ति१#: मेरो कुरा विश्वास गर।
#व्यक्ति२#: त्यसो भए मैले के गर्नुपर्छ?
#व्यक्ति१#: केवल हाम्रो घरमा आएर बस। तिमी उसको ओछ्यान छेउमा बसेर सुन्दर रातो गुलाबजस्तै बनेर ""शुभ प्रभात!"" भन्नू।
#व्यक्ति२#: त्यो त नीलो गुलाब जस्तो सुनिन्छ! म उसको ओछ्यान छेउमा बस्ने?
#व्यक्ति१#: यति लजालु नबन, लुसी।",#व्यक्ति२# लाई जादुई प्रेम औषधि दिइन्छ र कसैलाई प्रेममा पार्ने तरिका सिकाइन्छ।,magic love potion,व्यक्ति१ ले व्यक्ति२ (लुसी) लाई जादुई प्रेम औषधि प्रयोग गरेर कसैलाई प्रेममा पार्ने तरिका बताउँछ। औषधिको प्रयोग गरी सुतिरहेको व्यक्तिको आँखाको पलकमा थोपा हाल्दा उठेपछि पहिलो देखेको व्यक्तिप्रति प्रेम हुने बताइन्छ। व्यक्ति१ ले व्यक्ति२ लाई घरमा गएर बस्न र सुन्दर गुलाबजस्तै बनेर 'शुभ प्रभात' भन्न सुझाव दिन्छ।,जादुई प्रेम औषधिको प्रयोग र त्यसको प्रभाव,Same Meaning,Same Meaning,Same Meaning,0.98,"The generated summary accurately captures the main idea of the dialogue, including the use of the magical love potion, the method of application, and the suggestion to use it. The generated topic correctly refers to the same main topic as the reference topic. No important facts, entities, or meaning are altered, omitted, or contradicted in either the summary or the topic.",C,C
train_8621,"#Person1#: I have to talk to you!
 #Person2#: What, Hilary? I'm really in a hurry!
 #Person1#: I know, Blake. But you'Ve been avoiding me all morning, and we have got to talk about this deal with the Mc Kinsey Food Company.
 #Person2#: I'Ve been busy, Hilary. We can set up a meeting to talk about the deal, but I still feel the same way. I don't think it's worth it.","Hilary wants to talk with Blake about the deal with a food company, but Blake is busy.",deal,"Hilary insists on discussing a deal with the McKinsey Food Company with Blake, who is in a hurry and avoids the conversation, stating he still believes the deal is not worth it.",Discussion about a potential deal with the McKinsey Food Company,Same Meaning,Same Meaning,Same Meaning,0.98,"The generated summary accurately captures the main idea of Hilary wanting to discuss a deal with Blake, who is busy and avoids the conversation while expressing his negative stance on the deal. The generated topic correctly identifies the main subject as a discussion about a potential deal with the McKinsey Food Company, aligning with the dialogue and reference. Both preserve all key entities (Hilary, Blake, McKinsey Food Company, deal) and facts without introducing contradictions or omissions that alter meaning.","#व्यक्ति१#: मैले तिमीसँग कुरा गर्नै पर्छ!
#व्यक्ति२#: के भयो, हिलारी? म साँच्चै हतारमा छु!
#व्यक्ति१#: मलाई थाहा छ, ब्लेक। तर तिमी बिहानभरि मलाई बेवास्ता गरिरहेका छौ, र हामीले म्याकिन्से फुड कम्पनीसँगको यो सम्झौताबारे कुरा गर्नैपर्छ।
#व्यक्ति२#: म व्यस्त थिएँ, हिलारी। हामी सम्झौताबारे कुरा गर्न एउटा बैठक राख्न सक्छौँ, तर मेरो विचार अझै उस्तै छ। मलाई लाग्दैन यो यसको लायक छ।","हिलारी ब्लेकसँग एउटा खाद्य कम्पनीसँगको सम्झौताबारे कुरा गर्न चाहन्छिन्, तर ब्लेक व्यस्त छन्।",deal,"हिलारीले ब्लेकलाई म्याकिन्से फुड कम्पनीसँगको सम्झौताबारे तुरुन्तै कुरा गर्नुपर्ने बताए, तर ब्लेक व्यस्त भएको र बैठक राख्न सकिने बताए। ब्लेकले भने कि उनलाई सम्झौताको मूल्यमा शंका छ।",म्याकिन्से फुड कम्पनीसँगको सम्झौताबारे छलफल गर्नुपर्ने आवश्यकता,Same Meaning,Same Meaning,Same Meaning,0.98,"The generated summary accurately captures the main idea of the dialogue, including the urgency of the discussion about the McKinsey Food Company deal, Hillary's frustration, and Blake's busy schedule and skepticism about the deal's worth. The generated topic correctly identifies the main subject as the need to discuss the deal with McKinsey Food Company. Both preserve all important facts, entities (Hillary, Blake, McKinsey Food Company), and the core meaning without introducing contradictions or omitting critical details.",C,C
train_2020,"#Person1#: Hi! Is that the new laptop you brought last week? It looks very nice.
 #Person2#: Yes, it is. Thanks. I ' m just surfing on the internet.
 #Person1#: Here? In this cafe? How can you do that?
 #Person2#: This cafe offers a wireless internet connection. That means I can get on the net for free while I ' m here. Of course, I have to buy a cup of coffee!
 #Person1#: That ' s great. Can you do it anywhere?
 #Person2#: No. you can only do it when the cafe offers a wireless connection. There are only about 10 or 12 places that offer it in this city.
 #Person1#: So, what programs do you have on your laptop?
 #Person2#: I ' Ve got all the usual ones for word processing and then I have a few for creating and editing photographs.
 #Person1#: I know you are keen on photography. It ' s very useful for you to be able to download photos from your digital camera. Then you attach the picture files to emails and send them to anyone, anywhere, at a
 #Person2#: It ' s wonderful, isn ' t it? Would you like to see some photos that I took recently?",#Person2#'s surfing on the internet with #Person2#'s new laptop through a wireless internet connection offered by the cafe. #Person2# tells #Person1# what programs #Person2# has and invites #Person1# to see some photos #Person2# took recently.,new laptop,"Person1 compliments Person2 on their new laptop and asks about using it in the cafe. Person2 explains that the cafe offers free wireless internet for customers who buy coffee, and mentions there are only a few such places in the city. They then discuss Person2's laptop programs, including photography software, and Person1 expresses interest in seeing recent photos.","Discussion about a new laptop, wireless internet access in cafes, and photography",Same Meaning,Same Meaning,Same Meaning,0.98,"The generated summary accurately captures the main ideas of the dialogue, including Person1 complimenting Person2's new laptop, the discussion about free wireless internet in the cafe, the limited number of such places in the city, and the conversation about Person2's laptop programs and photography. The generated topic correctly identifies the main subject as the new laptop and includes the additional relevant topics discussed (wireless internet access in cafes and photography). No contradictions, omissions of critical facts, or introductions of extraneous information are present.","#व्यक्ति१#: नमस्ते! के यो तिमीले गएको हप्ता किनेको नयाँ ल्यापटप हो? यो निकै राम्रो देखिन्छ।
#व्यक्ति२#: हो, यही हो। धन्यवाद। म अहिले इन्टरनेट चलाइरहेको छु।
#व्यक्ति१#: यहाँ? यो क्याफेमा? तिमीले कसरी गर्न सक्छौ?
#व्यक्ति२#: यो क्याफेले ताररहित इन्टरनेट सुविधा दिन्छ। यसको अर्थ म यहाँ हुँदा निःशुल्क इन्टरनेट चलाउन सक्छु। तर मैले एउटा कप कफी किन्नुपर्छ।
#व्यक्ति१#: त्यो त राम्रो रहेछ। के तिमी जहाँसुकै यसो गर्न सक्छौ?
#व्यक्ति२#: सक्दिनँ। क्याफेमा ताररहित इन्टरनेट सुविधा भएको बेला मात्र गर्न सकिन्छ। यो सहरमा त्यस्तो सुविधा दिने ठाउँ करिब १० वा १२ वटा मात्र छन्।
#व्यक्ति१#: तिम्रो ल्यापटपमा कुन–कुन कार्यक्रम छन्?
#व्यक्ति२#: सामान्य लेखनसम्बन्धी कार्यक्रमहरू छन् र फोटो बनाउने तथा सम्पादन गर्ने केही कार्यक्रमहरू पनि छन्।
#व्यक्ति१#: मलाई थाहा छ तिमीलाई फोटोग्राफी मन पर्छ। डिजिटल क्यामेराबाट फोटो डाउनलोड गर्न सक्नु तिम्रो लागि धेरै उपयोगी छ। त्यसपछि तिमी फोटो फाइलहरू इमेलमा राखेर जहाँसुकै जोसुकैलाई पठाउन सक्छौ।
#व्यक्ति२#: यो अद्भुत छैन र? के तिमीले मैले हालै खिचेका केही फोटोहरू हेर्न चाहन्छौ?",#व्यक्ति२# ले क्याफेले दिएको ताररहित इन्टरनेट प्रयोग गरेर नयाँ ल्यापटपमा इन्टरनेट चलाइरहेको छ। #व्यक्ति२# ले आफ्नो ल्यापटपका कार्यक्रमहरूबारे बताउँछ र खिचेका फोटोहरू देखाउने प्रस्ताव गर्छ।,new laptop,"व्यक्ति २ ले गएको हप्ता किनेको नयाँ ल्यापटपमा क्याफेको ताररहित इन्टरनेट सुविधाको प्रयोग गरी इन्टरनेट चलाइरहेको छ। उनले फोटोग्राफी सम्बन्धी कार्यक्रमहरू भएको ल्यापटपमा फोटोहरू डाउनलोड गर्न, सम्पादन गर्न र इमेलमार्फत पठाउन सक्ने बताए। साथै, उनले हालै खिचेका केही फोटोहरू देखाउन चाहेको बताए।",ल्यापटप र ताररहित इन्टरनेट सुविधाको प्रयोग तथा फोटोग्राफी सम्बन्धी कार्यक्रमहरू,Same Meaning,Different Meaning,Same Meaning,0.98,"The generated summary accurately represents the main ideas, facts, entities (e.g., #व्यक्ति२#, ल्यापटप, ताररहित इन्टरनेट सुविधा, फोटोग्राफी सम्बन्धी कार्यक्रमहरू), and preserves the meaning of the dialogue. The topic is broader than the reference topic ('new laptop') but still aligns with the dialogue's content. The reference topic focuses solely on the laptop, while the generated topic includes additional context (ताररहित इन्टरनेट सुविधाको प्रयोग तथा फोटोग्राफी सम्बन्धी कार्यक्रमहरू), which is relevant but not the primary subject. However, the overall meaning remains consistent with the dialogue.",C,C
train_9225,"#Person1#: So what are you going to do for the coming holiday, Jessica? Do you have any plans?
 #Person2#: Yes, I really hope I could make a short trip with my husband and kids. But I doubt if it can come true.
 #Person1#: How come?
 #Person2#: Tom's boss is going out of town on business. So he has to go with her for the business, and he will spend most time for this. We have few days left to travel.
 #Person1#: Perhaps you can have a picnic with your kids at the park instead. I believe you will have fun together.
 #Person2#: Sounds good.","Jessica wants to travel with her family, but it may not come true. #Person1# suggests having a picnic.",holiday,"Jessica expresses her desire to take a short trip with her husband and kids during the upcoming holiday, but her husband has to go on a business trip with his boss, leaving little time for travel. Person1 suggests a picnic at the park as an alternative.",Holiday plans and alternative activities,Same Meaning,Same Meaning,Same Meaning,0.98,"The generated summary accurately captures the main idea of the dialogue, including Jessica's desire for a short trip with her family, the obstacle of her husband's business trip, and Person1's suggestion of a picnic as an alternative. The generated topic 'Holiday plans and alternative activities' correctly reflects the main topic of the dialogue, which is about holiday plans and potential alternatives. The meaning is preserved without contradictions, omissions of critical facts, or introductions of unrelated information.","#व्यक्ति१#: त्यसो भए आगामी बिदामा के गर्ने योजना छ, जेसिका? केही योजना छ?
#व्यक्ति२#: हो, म साँच्चै मेरो श्रीमान् र बच्चाहरूसँग छोटो यात्रा गर्न चाहन्छु। तर यो पूरा हुन्छ कि हुँदैन भन्ने शंका छ।
#व्यक्ति१#: किन त्यस्तो?
#व्यक्ति२#: टमको मालिक व्यापारको कामले बाहिर जाँदै हुनुहुन्छ। त्यसैले उसले उहाँसँग जानुपर्छ र धेरै समय काममै बिताउनेछ। हामीसँग यात्रा गर्न केही दिन मात्र बाँकी छ।
#व्यक्ति१#: सायद तिमी बच्चाहरूसँग पार्कमा पिकनिक गर्न सक्छौ। मलाई विश्वास छ तिमीहरूले रमाइलो गर्नेछौ।
#व्यक्ति२#: राम्रो विचार रहेछ।","जेसिका परिवारसँग यात्रा गर्न चाहन्छिन्, तर त्यो सम्भव नहुन सक्छ। #व्यक्ति१# ले पार्कमा पिकनिक गर्न सुझाव दिन्छन्।",holiday,"जेसिकाले आफ्नो श्रीमान् र बच्चाहरूसँग छोटो यात्रा गर्ने योजना बनाएकी छिन्, तर उनको श्रीमान्को मालिक व्यापारको कामले बाहिर जाने भएकाले समय मिल्नेमा शंका व्यक्त गरेकी छिन्। उनको साथीले पार्कमा पिकनिक गर्न सुझाव दिएको छ।",परिवारसँगको छोटो यात्राको योजना र त्यसमा देखा परेको चुनौती,Same Meaning,Different Meaning,Same Meaning,0.98,"The generated summary accurately represents the main idea, important facts, and entities from the dialogue, matching the reference summary in meaning. The generated topic refers to a related but slightly broader concept (family trip planning and challenges) compared to the reference topic 'holiday', which is narrower. However, the overall meaning aligns closely with the dialogue's context.",C,C
train_4747,"#Person1#: What were you like when you were my age?
 #Person2#: That was a long time ago, I was a lot like you actually. I loved art and I took dance lessons.
 #Person1#: I like art, too.
 #Person2#: I know you do. I have hung a lot of your paintings up in the living room. I was also very shy and I didn't make friends very easily. Do you want to see some photos of me when I was little?
 #Person1#: Yeah.
 #Person2#: Here I am on Easter Sunday. Look at my silly hat and here I am with the family dog Buttons. He was so sweet. Oh, look this is me with your mother when she was little. She looks just like you.
 #Person1#: I think she looks like you.
 #Person2#: She does look like me. I'm her mother after all.
 #Person1#: When did you meet me?
 #Person2#: When you were born, I was at the hospital when your mother had you and I was the third person to hold you. Your grandfather was the fourth. He would be very proud of you if he were still with us today. You're a wonderful little boy.",#Person2# shows her grandson some pictures of her own when she was young. #Person2# tells her grandson she was the third person to hold him.,past memories,"Person2 shares memories of their childhood, mentioning their love for art and dance, shyness, and showing photos of themselves and family members, including Person1's mother and grandfather. They also recall meeting Person1 at birth and express pride in them.",Childhood memories and family connections,Same Meaning,Same Meaning,Same Meaning,0.98,"The generated summary accurately captures the main ideas of the dialogue, including Person2's childhood interests (art and dance), shyness, showing photos, family connections (mother and grandfather), and meeting Person1 at birth. The generated topic 'Childhood memories and family connections' aligns with the reference topic 'past memories' and the dialogue's content. No contradictions, omissions of critical facts, or introductions of extraneous information are present.","#व्यक्ति१#: म तिम्रो उमेरको हुँदा तिमी कस्तो थियौ?
#व्यक्ति२#: त्यो धेरै पुरानो कुरा हो। वास्तवमा म तिमीजस्तै थिएँ। मलाई कला मन पर्थ्यो र म नृत्य सिक्थेँ।
#व्यक्ति१#: मलाई पनि कला मन पर्छ।
#व्यक्ति२#: मलाई थाहा छ। मैले तिम्रा धेरै चित्रहरू बैठक कोठामा झुन्ड्याएकी छु। म सानैमा धेरै लजालु पनि थिएँ र साथी बनाउन सजिलो थिएन। के तिमी म सानो हुँदा खिचिएका फोटोहरू हेर्न चाहन्छौ?
#व्यक्ति१#: चाहन्छु।
#व्यक्ति२#: यहाँ म इस्टर आइतबारमा छु। मेरो यो रमाइलो टोपी हेर। अनि यहाँ म परिवारको कुकुर बटन्ससँग छु। ऊ धेरै मायालु थियो। ओहो, यो तिम्री आमासँग सानो हुँदा खिचेको फोटो हो। उनी तिमी जस्तै देखिन्छिन्।
#व्यक्ति१#: मलाई लाग्छ उनी तिमीजस्तै देखिन्छिन्।
#व्यक्ति२#: उनी म जस्तै देखिन्छिन्। आखिर उनी मेरी छोरी हुन्।
#व्यक्ति१#: तिमीले मलाई कहिले भेटेकी थियौ?
#व्यक्ति२#: तिमी जन्मिँदा। तिम्री आमा अस्पतालमा हुँदा म त्यहाँ थिएँ र तिमीलाई समात्ने तेस्रो व्यक्ति म थिएँ। तिम्रो हजुरबुबा चौथो व्यक्ति हुनुहुन्थ्यो। उहाँ अहिले हामीसँग हुनुहुन्थ्यो भने तिमीमाथि धेरै गर्व गर्नुहुन्थ्यो। तिमी अद्भुत सानो छोरा हौ।",#व्यक्ति२# ले आफ्नो नातिलाई आफू सानो हुँदा खिचिएका फोटोहरू देखाउँछिन् र आफूले जन्मिएको बेला उसलाई तेस्रो पटक समातेको बताउँछिन्।,past memories,"व्यक्ति२ ले व्यक्ति१ लाई आफ्नो बाल्यकालका फोटाहरू देखाउँदै आफ्नो र व्यक्ति१ को आमाको बाल्यकालको समानता, व्यक्ति१ को जन्म हुँदा आफू उपस्थित रहेको र व्यक्ति१ प्रति आफ्नो माया व्यक्त गर्छन्।",बाल्यकालका स्मरणहरू र व्यक्तिगत सम्बन्धहरू,Same Meaning,Different Meaning,Same Meaning,0.98,"The generated summary accurately captures the main idea of the dialogue, preserving important facts (e.g., showing childhood photos, mentioning being present at the birth, expressing affection for व्यक्ति१), entities (व्यक्ति१, व्यक्ति२, आमाको बाल्यकाल, फोटोहरू), and the subject (व्यक्ति२'s childhood memories and relationship with व्यक्ति१). The generated topic 'बाल्यकालका स्मरणहरू र व्यक्तिगत सम्बन्धहरू' is broader than the reference topic 'past memories' but still aligns with the dialogue's focus on past memories and personal relationships. The reference topic is a subset of the generated topic, so the meaning is not contradictory but slightly expanded.",C,C
train_7248,"#Person1#: I find it really hard to express myself in class. I have lots of ideas, but they never seem to come out of my mouth.
 #Person2#: let me give you a little advice. You know what the topics are going to be, so prepares what you would like to say in advance.
 #Person1#: I often do, but I ' m worried about the responses from other people.
 #Person2#: you have to be realistic. Not everyone is going to agree with you, but people will respect your opinion and they will respect the fact that you have contributed something to the discussion.
 #Person1#: I ' m worried that what I say will not make sense.
 #Person2#: we could chat about the topic before class. I could check that what you want to say is logical and it would also give you a chance to practice speaking.
 #Person1#: that ' s a good idea. What should I do if I am in two minds about a topic?
 #Person2#: that ' s easy. Express possibilities. People will think that you are pretty smart to be able to look at the topic from more than one angle.
 #Person1#: I didn ' t realize that speaking in class could be so easy.
 #Person2#: the most difficult thing is being able to predict what other people will say. They will reply to your statements, but you can ' t be sure how.",#Person1# finds it really hard to express the ideas in class because #Person1# worries about the responses from others. #Person2# gives #Person1# some suggestions and offers to chat about the topic with #Person1# before class.,express ideas,"Person1 struggles to express ideas in class due to fear of judgment and lack of confidence in their statements. Person2 advises preparing in advance, accepting differing opinions, and practicing with them beforehand. They also suggest considering multiple perspectives to appear thoughtful and smart.",overcoming fear of speaking in class,Same Meaning,Different Meaning,Different Meaning,0.9,"The generated summary accurately captures the main ideas and important facts from the dialogue, including Person1's struggle with expressing ideas, Person2's advice (preparing in advance, accepting differing opinions, practicing beforehand), and the suggestion to consider multiple perspectives. However, the generated topic 'overcoming fear of speaking in class' is narrower than the reference topic 'express ideas' and does not fully encompass the dialogue's focus on expressing ideas and preparing for class discussions. The dialogue includes broader advice about expressing ideas and handling responses, not just overcoming fear.","#व्यक्ति१#: मलाई कक्षामा आफ्ना विचार व्यक्त गर्न निकै गाह्रो हुन्छ। मसँग धेरै विचारहरू हुन्छन्, तर ती मुखबाट निस्कँदैनन्।
#व्यक्ति२#: मलाई तिमीलाई एउटा सानो सुझाव दिन देऊ। तिमीलाई विषयहरू पहिले नै थाहा हुन्छ, त्यसैले भन्न चाहेको कुरा पहिल्यै तयार गर।
#व्यक्ति१#: म प्रायः त्यसो गर्छु, तर अरू मानिसहरूले दिने प्रतिक्रियाको चिन्ता लाग्छ।
#व्यक्ति२#: वास्तविकता बुझ्नुपर्छ। सबै मानिस तिमीसँग सहमत हुँदैनन्, तर उनीहरूले तिम्रो विचार र छलफलमा दिएको योगदानको सम्मान गर्नेछन्।
#व्यक्ति१#: मलाई डर लाग्छ मैले भनेको कुरा अर्थपूर्ण नहुन सक्छ।
#व्यक्ति२#: कक्षा अघि हामी त्यस विषयमा कुरा गर्न सक्छौँ। म तिमीले भन्न चाहेको कुरा तार्किक छ कि छैन हेर्न सक्छु र तिमीलाई बोल्ने अभ्यास पनि हुन्छ।
#व्यक्ति१#: त्यो राम्रो विचार हो। यदि म कुनै विषयमा दोधारमा परेँ भने के गर्ने?
#व्यक्ति२#: सजिलो छ। सम्भावनाहरू व्यक्त गर। मानिसहरूले सोच्नेछन् कि तिमी विषयलाई धेरै कोणबाट हेर्न सक्छौ।
#व्यक्ति१#: मैले त कक्षामा बोल्नु यति सजिलो हुन सक्छ भन्ने सोचेको थिइनँ।
#व्यक्ति२#: सबैभन्दा गाह्रो कुरा अरू मानिसहरूले के भन्नेछन् भनेर अनुमान गर्न नसक्नु हो। उनीहरूले तिम्रो कुराको जवाफ दिनेछन्, तर कसरी भन्ने निश्चित हुँदैन।",#व्यक्ति१# लाई कक्षामा विचार व्यक्त गर्न गाह्रो हुन्छ किनकि उसलाई अरूको प्रतिक्रियाको चिन्ता हुन्छ। #व्यक्ति२# ले सुझाव दिन्छ र अभ्यास गर्न सहयोग गर्ने प्रस्ताव गर्छ।,express ideas,"व्यक्ति१ ले कक्षामा आफ्ना विचार व्यक्त गर्न गाह्रो महसुस गर्छन्, तर व्यक्ति२ ले उनीहरूलाई तयारी गर्न, अभ्यास गर्न र अरूको प्रतिक्रियाको डर नमानी बोल्न सुझाव दिन्छन्। व्यक्ति२ ले विषयमा अघि नै छलफल गरेर र सम्भावनाहरू व्यक्त गरेर आत्मविश्वास बढाउन मद्दत गर्ने प्रस्ताव राख्छन्।",कक्षामा आत्मविश्वासका साथ विचार व्यक्त गर्ने तरिका र चुनौतीहरू,Same Meaning,Different Meaning,Same Meaning,0.98,"The generated summary accurately captures the main idea of the dialogue, preserving important facts such as #व्यक्ति१#'s difficulty expressing ideas, #व्यक्ति२#'s suggestions (preparation, practice, and overcoming fear of reactions), and the offer to discuss topics beforehand. The topic 'express ideas' is correctly represented by the generated topic 'कक्षामा आत्मविश्वासका साथ विचार व्यक्त गर्ने तरिका र चुनौतीहरू', which conveys the same core concept of expressing ideas in class with challenges and methods, though phrased differently. The minor difference in topic phrasing does not alter the meaning.",PC,C
train_4629,"#Person1#: Hey, Bobby, how long have you been here?
 #Person2#: Oh, hi, Judy. I started swimming this morning at six.
 #Person1#: Goodness! That's early! I got here at six.
 #Person2#: Do you have any class right after you finish?
 #Person1#: No, I don't go to class until 10:00. How about you?
 #Person2#: I'll have a class at 11:00, I usually go out for breakfast after I swim. Would you like to join me today?
 #Person1#: See, that sounds like fun. Let me finish and I'll meet you outside.
 #Person2#: OK, see you then.",Bobby and Judy talk about their class schedules and decide to go swimming together.,daily casual talk,"Judy and Bobby discuss their morning routines at the pool. Bobby mentions he started swimming at 6 AM and will have a class at 11 AM, inviting Judy to join him for breakfast afterward. Judy confirms she has a class at 10 AM and agrees to meet Bobby after swimming.",Morning routines and plans for breakfast,Same Meaning,Different Meaning,Same Meaning,0.98,"The generated summary accurately captures the main ideas, facts, and entities from the dialogue, preserving the same meaning as the reference summary. The generated topic ('Morning routines and plans for breakfast') is a valid interpretation of the dialogue's content but differs slightly from the reference topic ('daily casual talk'). The overall meaning remains consistent with the dialogue.","#व्यक्ति१#: ए, बबी, तिमी यहाँ कति समयदेखि छौ?
#व्यक्ति२#: ओहो, नमस्ते जुडी। मैले आज बिहान ६ बजे पौडी खेल्न सुरु गरेको थिएँ।
#व्यक्ति१#: हे भगवान्! यति चाँडै! म पनि ६ बजे यहाँ आएको थिएँ।
#व्यक्ति२#: तिमी पौडी सकेपछि तुरुन्तै कक्षा छ?
#व्यक्ति१#: छैन, मेरो कक्षा १० बजे मात्र सुरु हुन्छ। तिम्रो नि?
#व्यक्ति२#: मेरो कक्षा ११ बजे छ। म प्रायः पौडी खेलेपछि बिहानको खाना खान बाहिर जान्छु। के आज तिमी पनि मसँग आउन चाहन्छौ?
#व्यक्ति१#: त्यो त रमाइलो हुने रहेछ। मलाई सक्न देऊ, अनि म बाहिर भेट्छु।
#व्यक्ति२#: ठीक छ, भेटौँला।",बबी र जुडी आफ्नो कक्षाको समयबारे कुरा गर्छन् र सँगै पौडी खेल्न जाने निर्णय गर्छन्।,daily casual talk,व्यक्ति१ र व्यक्ति२ ले बिहान ६ बजेदेखि पौडी खेल्न सुरु गरेको र व्यक्ति२ ले पौडी सकेपछि बिहानको खाना खान बाहिर जाने प्रस्ताव गरेको बताएका छन्। व्यक्ति१ ले पनि सो प्रस्ताव स्वीकार गरेको र पछि भेट्ने सहमति गरेका छन्।,बिहानको पौडी अभ्यास र खाना खान बाहिर जाने योजना,Same Meaning,Different Meaning,Same Meaning,0.98,"The generated summary accurately captures the main idea of the dialogue, including the key actions (starting swimming at 6 AM, discussing class times, proposing and accepting to go out for breakfast after swimming, and agreeing to meet later). The reference topic 'daily casual talk' is a broad category that fits the dialogue, while the generated topic 'बिहानको पौडी अभ्यास र खाना खान बाहिर जाने योजना' (Morning swimming practice and plan to go out for breakfast) is more specific but still aligns with the dialogue's content. The generated topic does not contradict the dialogue or introduce unrelated facts, though it is narrower than the reference topic.",C,C
train_5643,"#Person1#: Well, here is your breakfast!
 #Person2#: Thanks so much. Miss, I believe I ordered my eggs scrambled, and these are fried.
 #Person1#: Sorry, your friend over there ordered fried eggs, and I gave you his by mistake.
 #Person2#: Oh yeah. Here, I will just trade with him.
 #Person1#: Here are your pancakes, madam.
 #Person2#: But I ordered waffles!
 #Person1#: Oh, I am so sorry!
 #Person2#: That's OK. I will eat my eggs and bacon, and you can take my pancakes back.
 #Person1#: Good, sir. I will take care of that right away.
 #Person2#: Thank you so much!",#Person1# serves #Person2# with #Person2#'s friend's breakfast and then serves the pancakes instead of waffles #Person2# ordered.,make a mistake,Person1 mistakenly serves Person2 fried eggs instead of scrambled eggs and pancakes instead of waffles. Person2 agrees to eat the eggs and bacon while Person1 corrects the order.,Order mix-up at a restaurant,Same Meaning,Same Meaning,Same Meaning,0.98,"The generated summary accurately captures the main events of the dialogue (mistakenly served fried eggs instead of scrambled, pancakes instead of waffles, and the subsequent correction) while preserving all important facts and entities. The generated topic 'Order mix-up at a restaurant' correctly reflects the reference topic 'make a mistake' as it describes the same core concept of an error in ordering at a restaurant. No contradictions, omissions of critical details, or introductions of unrelated facts are present.","#व्यक्ति१#: ल, तपाईंको बिहानको खाना यहाँ छ!
#व्यक्ति२#: धेरै धन्यवाद। म्याम, मलाई लाग्छ मैले अण्डा फेटेर पकाएको मागेको थिएँ, तर यो त तारेर पकाएको रहेछ।
#व्यक्ति१#: माफ गर्नुहोस्, तपाईंको छेउमा बस्ने साथीले तारेर पकाएको अण्डा माग्नुभएको थियो, मैले गल्तीले तपाईंलाई उहाँको खाना दिएछु।
#व्यक्ति२#: ओहो, ठीक छ। म उहाँसँग साट्छु।
#व्यक्ति१#: तपाईंको प्यानकेक यहाँ छ, म्याम।
#व्यक्ति२#: तर मैले त वाफल मागेको थिएँ!
#व्यक्ति१#: ओहो, म धेरै माफी चाहन्छु!
#व्यक्ति२#: ठीक छ। म मेरो अण्डा र बेकन खान्छु, तपाईं मेरो प्यानकेक फिर्ता लैजानुहोस्।
#व्यक्ति१#: ठीक छ सर। म तुरुन्तै मिलाइदिन्छु।
#व्यक्ति२#: धेरै धन्यवाद।",#व्यक्ति१# ले गल्तीले #व्यक्ति२# लाई साथीको खाना दिन्छन् र पछि वाफलको सट्टा प्यानकेक दिन्छन्।,make a mistake,व्यक्ति१ ले व्यक्ति२ लाई गल्तिले अर्काको अण्डा र свाई व्यक्तिको प्यानकेक दिएपछि व्यक्ति२ ले ती खानेकुराहरू साट्न खोज्छन्। व्यक्ति१ ले माफी माग्दै गल्ति सच्याउन प्रयास गर्छन्।,गल्तिले दिएको खाना साट्ने प्रयास र माफी,Same Meaning,Same Meaning,Same Meaning,0.98,"The generated summary accurately represents the main idea of the dialogue by mentioning the mistake (गल्तिले दिएको खाना), the attempt to swap food (खानेकुराहरू साट्न खोज्छन्), and the apology (माफी माग्दै गल्ति सच्याउन प्रयास गर्छन्). The generated topic correctly captures the essence of the dialogue as a mistake involving food swapping and apology. Both align closely with the reference summary and topic while using different phrasing.",C,C
train_12001,"#Person1#: Did you see the woman that just left my office?
 #Person2#: Yes.
 #Person1#: She's another applicant, and a leading contender, but I didn't want to hire her. She's qualified, but she doesn't quite fit the profile. We're looking for an accountant, and part of the job requires interacting with clients. Well, our clients want conservative people to handle their money. And green hair with ripped jeans doesn't exactly fill them with trust.
 #Person2#: But it's the style now.
 #Person1#: I realize that, but our business is serving clients and giving them what they want.
 #Person2#: Of course.
 #Person1#: Well, they don't want to deal with people who look like that. They want people who look more like yourself.
 #Person2#: Why is that?
 #Person1#: Well, they're older, and they don't understand today's fashions. When they see someone dressed like that, warning bells go off. They don't like that style at all, and they don't like dealing with people who dress like that at work.
 #Person2#: Oh, I see.
 #Person1#: We used to have a woman here who dressed like that and she was good, very good. But, the clients reacted very negatively when they saw her. Some asked that their account be given to someone who dressed more conservatively.
 #Person2#: What happened to her?
 #Person1#: Well, she was a very good employee and we wanted to keep her, so her supervisor called her in for a chat and laid it on the line for her. She got the idea and now she saves the trendy styles for evenings and weekends.
 #Person2#: I see.",#Person1# tells that the way that the applicant dressed doesn't fill the clients with trust so #Person1# didn't want to hire her. #Person1# gives an example that the clients reacted negatively when they saw the woman who dressed like the applicant. The clients want those who dress more conservatively to handle their money.,conservative,"Person1 discusses a job applicant with green hair and ripped jeans who was highly qualified but not hired due to her appearance not fitting the conservative client expectations for an accountant role. Person1 explains that clients prefer employees who dress conservatively, citing past negative reactions to a similarly dressed employee who later adapted her style to meet workplace expectations.",Hiring decisions based on client preferences and workplace appearance,Same Meaning,Different Meaning,Different Meaning,0.9,"The generated summary accurately represents the main idea, important facts, and entities from the dialogue, matching the reference summary's meaning. However, the generated topic ('Hiring decisions based on client preferences and workplace appearance') introduces additional concepts ('workplace appearance') not explicitly present in the reference topic ('conservative'), which focuses narrowly on the conservative aspect. While the generated topic is thematically related, it is not a direct match to the reference topic's scope.","#व्यक्ति१#: मेरो कार्यालयबाट भर्खरै बाहिरिएकी महिलालाई देख्यौ?
#व्यक्ति२#: देखेँ।
#व्यक्ति१#: उनी अर्को आवेदक हुन् र मुख्य प्रतिस्पर्धी पनि हुन्, तर म उनलाई काममा राख्न चाहन्नँ। उनी योग्य छिन्, तर हाम्रो आवश्यकतासँग ठ्याक्कै मिल्दिनन्। हामी लेखापाल खोजिरहेका छौँ र यो कामको एउटा भाग ग्राहकहरूसँग कुराकानी गर्नु पनि हो। हाम्रा ग्राहकहरू आफ्नो पैसा सम्हाल्ने व्यक्तिहरूलाई परम्परागत देखिने चाहन्छन्। हरियो कपाल र च्यातिएको जिन्सले उनीहरूलाई विश्वास दिलाउँदैन।
#व्यक्ति२#: तर अहिले त यो फेसन हो।
#व्यक्ति१#: मलाई थाहा छ, तर हाम्रो व्यवसाय ग्राहकलाई सेवा दिने र उनीहरूको चाहना पूरा गर्ने हो।
#व्यक्ति२#: अवश्य।
#व्यक्ति१#: उनीहरू त्यस्तो देखिने मानिससँग काम गर्न चाहँदैनन्। उनीहरू तिमी जस्तै देखिने मानिस चाहन्छन्।
#व्यक्ति२#: किन त्यस्तो?
#व्यक्ति१#: उनीहरू उमेरमा ठूला छन् र आजको फेसन बुझ्दैनन्। जब उनीहरूले त्यस्तो पहिरन देख्छन्, उनीहरूलाई शंका लाग्छ। उनीहरूलाई त्यो शैली मन पर्दैन र काम गर्ने ठाउँमा त्यस्तो पहिरन भएका मानिससँग व्यवहार गर्न चाहँदैनन्।
#व्यक्ति२#: ओहो, मैले बुझें।
#व्यक्ति१#: पहिले हामीसँग यस्तै पहिरन लगाउने एक महिला कर्मचारी थिइन् र उनी धेरै राम्रो काम गर्थिन्। तर ग्राहकहरूले उनलाई देख्दा नकारात्मक प्रतिक्रिया दिए। केही ग्राहकहरूले आफ्नो खाता परम्परागत पहिरन लगाउने व्यक्तिलाई दिन आग्रह गरे।
#व्यक्ति२#: त्यसपछि उनको के भयो?
#व्यक्ति१#: उनी राम्रो कर्मचारी थिइन् र हामी उनलाई राख्न चाहन्थ्यौँ। त्यसैले उनको व्यवस्थापकले उनलाई बोलाएर कुरा गरे। उनले कुरा बुझिन् र अहिले फेसनदार कपडा बेलुका र सप्ताहन्तमा मात्र लगाउँछिन्।
#व्यक्ति२#: बुझें।",#व्यक्ति१# ले आवेदकको पहिरनले ग्राहकलाई विश्वास नदिलाउने भएकाले काममा नराख्ने बताउँछन्। ग्राहकहरू पैसा सम्हाल्ने व्यक्तिहरू परम्परागत देखिने चाहन्छन्।,conservative,व्यक्ति१ ले कार्यालय बाहिरिएकी महिलालाई मुख्य प्रतिस्पर्धी र योग्य आवेदक भए पनि ग्राहकहरूको चाहनाअनुसार परम्परागत पहिरन नलगाउने भएकाले काममा राख्न नचाहेको बताए। उनले ग्राहकहरूले हरियो कपाल र च्यातिएको जिन्स लगाउने व्यक्तिलाई विश्वास नगर्ने र परम्परागत पहिरन भएका व्यक्तिलाई मन पराउने बताए। यसअघि पनि एउटी महिला कर्मचारीलाई उस्तै समस्याका कारण परम्परागत पहिरन लगाउन सुझाव दिइएको थियो।,ग्राहकहरूको विश्वास र अपेक्षाअनुसार कर्मचारीको पहिरनको महत्व,Same Meaning,Different Meaning,Different Meaning,0.9,"The generated summary accurately captures the main idea, important facts, entities, and meaning of the dialogue, closely matching the reference summary. However, the generated topic ('ग्राहकहरूको विश्वास र अपेक्षाअनुसार कर्मचारीको पहिरनको महत्व') introduces additional concepts (e.g., 'विश्वास र अपेक्षाअनुसार') that are not explicitly stated in the reference topic ('conservative'). While the generated topic is thematically related, it does not directly align with the reference topic's concise focus on 'conservative' values.",PC,PC
train_7337,"#Person1#: Hi, Megan. You look terrible. What's up?
 #Person2#: Something terrible happened this morning. Well, I was playing ball with Tenny, the girl next door, and Bonzo in the garden and the ball went into the road. And ...
 #Person1#: Yes?
 #Person2#: And Bonzo jumped over the fence after it and he got hit by a car.
 #Person1#: Oh, no. And is he?
 #Person2#: Yes. We took him to the vet's immediately but nothing could help.
 #Person1#: Oh, poor Bonzo and poor you.
 #Person2#: He was just like my brother. We'd had him since he was a tiny puppy.
 #Person1#: I'm really sorry to hear that.",Megan tells #Person1# that her dog Bonzo was hit by a car and #Person1# feels sorry about it.,car accident,Person2 (Megan) shares that their dog Bonzo was hit by a car while playing in the road and died despite being taken to the vet immediately. Person1 expresses sympathy.,Death of a pet after being hit by a car,Same Meaning,Same Meaning,Same Meaning,0.98,"The generated summary accurately captures the main events: Bonzo being hit by a car while playing, Megan's emotional attachment to Bonzo, and the vet's inability to save him, along with Person1's sympathy. The generated topic correctly identifies the core event (death of a pet after a car accident) and aligns with the reference topic's focus on a car accident. Both preserve all important facts, entities (Bonzo, Megan, Person1, the car), and the emotional context without introducing contradictions or omissions that alter the meaning.","#व्यक्ति१#: नमस्ते, मेगन। तिमी निकै नराम्रो देखिन्छौ। के भयो?
#व्यक्ति२#: आज बिहान एउटा भयानक घटना भयो। म छिमेकी केटी टेनी र बोन्जोसँग बगैँचामा खेलिरहेको थिएँ र बल सडकमा गयो। अनि...
#व्यक्ति१#: अनि?
#व्यक्ति२#: बोन्जो बल लिन बार नाघेर सडकमा गयो र कारले ठक्कर दियो।
#व्यक्ति१#: ओहो, होइन! अनि ऊ...?
#व्यक्ति२#: हो। हामीले तुरुन्तै उसलाई पशु चिकित्सककहाँ लग्यौँ तर केही गर्न सकिएन।
#व्यक्ति१#: बेचारा बोन्जो र बेचरी तिमी।
#व्यक्ति२#: ऊ मेरो दाजुभाइजस्तै थियो। ऊ सानो कुकुर हुँदादेखि नै हामीसँग थियो।
#व्यक्ति१#: यो सुनेर मलाई धेरै दुःख लाग्यो।",मेगनले आफ्नो कुकुर बोन्जोलाई कारले ठक्कर दिएको कुरा बताउँछिन् र #व्यक्ति१# ले दुःख व्यक्त गर्छन्।,car accident,"व्यक्ति२ ले आफ्नो छिमेकी कुकुर बोन्जोको मृत्युको बारेमा बताउँछन्, जुन आज बिहान सडकमा कारले ठक्कर दिएर भएको थियो। बोन्जो खेलिरहेको बेला बल सडकमा गएपछि उसले लिन बार नाघेर दुर्घटनामा परेको थियो। पशु चिकित्सकले पनि बचाउन सकेनन्। बोन्जो व्यक्ति२ को परिवारको सदस्यझैं थियो।",बोन्जो नामक कुकुरको सडक दुर्घटनामा परी मृत्यु,Same Meaning,Same Meaning,Same Meaning,0.98,"The generated summary accurately represents the main idea of the dialogue, preserving important facts (car accident, Bonjo's death, animal doctor's inability to save), entities (Bonjo, Megan, Person1), and the emotional context. The generated topic correctly identifies the main topic as Bonjo's death in a road accident, matching the reference topic 'car accident' in meaning. No contradictions or omissions of critical information are present.",C,C
train_3958,"#Person1#: Egg, this bathroom is a pigsty!
 #Person2#: Helen, why do you keep flushing the toilet? What's wrong?
 #Person1#: I just can't stand it. It's really gross in here! There's a stain on the toilet seat, and the floor was wet and slippery. So I cleaned it!
 #Person2#: You did what? Helen, I know it's gross, but I've seen many public washrooms that are much worse. Why are you cleaning the counter top? are you out of your mind?
 #Person1#: I can't help myself ; it's just so disgusting in here!
 #Person2#: Helen, this is not like your own bathroom. Just leave it to the cleaners, okay?
 #Person1#: Hang on. I'm just gonna quickly wipe the sink and sweep the floor.
 #Person2#: You're such a neat freak! I'm outta here!",Helen cannot stand the mess of the public bathroom and keeps cleaning it. Egg tries to stop her but Helen won't listen.,public bathroom,"Person1 (Helen) is upset about the unclean state of a public bathroom and repeatedly cleans it despite Person2's objections, who finds her behavior excessive and advises her to leave it to the cleaners.",Helen's excessive cleaning of a public bathroom despite objections,Same Meaning,Same Meaning,Same Meaning,0.98,"The generated summary accurately captures the main idea of Helen's distress over the public bathroom's unclean state and her persistent cleaning despite Person2's objections. The generated topic correctly identifies the main subject as Helen's excessive cleaning of the public bathroom despite objections, which aligns with the reference topic. Both preserve all key entities (Helen, Person2, public bathroom, cleaning) and facts from the dialogue without contradiction or omission of critical details.","#व्यक्ति१#: एग, यो बाथरुम त सुँगुर बस्ने ठाउँ जस्तै फोहोर छ!
#व्यक्ति२#: हेलेन, तिमी किन बारम्बार शौचालय फ्लस गरिरहेकी छौ? के समस्या छ?
#व्यक्ति१#: म यसलाई सहन सक्दिनँ। यहाँ धेरै फोहोर छ! शौचालयको सिटमा दाग छ र भुइँ भिजेको तथा चिप्लो छ। त्यसैले मैले सफा गरेँ!
#व्यक्ति२#: तिमीले के गर्‍यौ? हेलेन, मलाई थाहा छ यो फोहोर छ, तर मैले यसभन्दा धेरै खराब सार्वजनिक शौचालयहरू पनि देखेको छु। तिमी काउन्टर किन सफा गर्दैछौ? के तिमी पागल भएकी छौ?
#व्यक्ति१#: म आफूलाई रोक्न सक्दिनँ; यहाँ यति घिनलाग्दो छ!
#व्यक्ति२#: हेलेन, यो तिम्रो आफ्नै बाथरुम होइन। सफाइ गर्ने मानिसहरूलाई गर्न देऊ, हुन्छ?
#व्यक्ति१#: एकछिन पर्ख। म छिट्टै सिङ्क पुछ्छु र भुइँ पनि बुहार्छु।
#व्यक्ति२#: तिमी त साँच्चै सफाइमा धेरै ध्यान दिने मान्छे रहिछौ! म यहाँबाट जाँदैछु।",हेलेन सार्वजनिक बाथरुमको फोहोर सहन सक्दिनन् र सफा गर्न थाल्छिन्। एगले रोक्न खोजे पनि हेलेन मान्दिनन्।,public bathroom,व्यक्ति१ (हेलेन) ले आफ्नो बाथरुम अत्यन्त फोहोर भएको भन्दै बारम्बार शौचालय फ्लस गर्ने र सफाइ गर्न थालेपछि व्यक्ति२ ले त्यसलाई रोकेर सफाइ कर्मचारीलाई काम गर्न दिन सुझाव दिए।,फोहोर बाथरुमको सफाइ र व्यक्तिगत व्यवहारको विवाद,Same Meaning,Different Meaning,Same Meaning,0.98,"The generated summary accurately represents the main idea of the dialogue, preserving important facts (Helen's cleaning actions, disagreement with Eg, and Eg's suggestion to let cleaning staff handle it). The generated topic ('फोहोर बाथरुमको सफाइ र व्यक्तिगत व्यवहारको विवाद') is more specific than the reference topic ('public bathroom') but still aligns with the dialogue's core subject. The summary does not introduce or omit critical facts, and the topic, while more detailed, does not contradict the dialogue.",C,C
train_2239,"#Person1#: Can you help me pick out a gift for my daughter? 
 #Person2#: She might like a laptop computer. 
 #Person1#: Yes, that sounds like a good idea. 
 #Person2#: Might I suggest a Mac? 
 #Person1#: Okay. How much? 
 #Person2#: Well, a 15-inch Pro is $2, 100. 
 #Person1#: Oh, that sounds great. I'll take it. 
 #Person2#: Great. How would you like to pay for it? 
 #Person1#: Here's my VISA. 
 #Person2#: Let me ring you up. Okay, sign here, please. 
 #Person1#: Everything I need is in this box? 
 #Person2#: It'll take her only a few minutes to get online. 
 #Person1#: Thank you for your help. 
 #Person2#: So long. Thank you for shopping here.",#Person2# recommends a Mac computer to #Person1# as #Person1#'s daughter's gift. #Person1# buys it by card.,gift shopping,Person1 asks Person2 for help selecting a gift for their daughter and decides to purchase a MacBook Pro laptop after discussing the price and payment method.,purchasing a laptop as a gift,Same Meaning,Different Meaning,Same Meaning,0.98,"The generated summary accurately captures the main idea of the dialogue, preserving important facts (purchasing a MacBook Pro for a daughter's gift, payment method) and entities (Person1, Person2, MacBook Pro, VISA). The topic 'purchasing a laptop as a gift' is semantically close to 'gift shopping' but slightly more specific, focusing on the act of purchasing rather than the broader shopping activity. The overall meaning remains consistent with the dialogue and reference.","#व्यक्ति१#: के तपाईं मेरी छोरीका लागि उपहार छान्न मलाई सहयोग गर्न सक्नुहुन्छ?
#व्यक्ति२#: उनलाई ल्यापटप मन पर्न सक्छ।
#व्यक्ति१#: हो, त्यो राम्रो विचार हो।
#व्यक्ति२#: के म म्याक कम्प्युटर सुझाव दिन सक्छु?
#व्यक्ति१#: हुन्छ। यसको मूल्य कति हो?
#व्यक्ति२#: १५ इन्चको प्रो मोडलको मूल्य २१०० डलर हो।
#व्यक्ति१#: ओहो, राम्रो रहेछ। म यही लिन्छु।
#व्यक्ति२#: राम्रो। तपाईं कसरी भुक्तानी गर्न चाहनुहुन्छ?
#व्यक्ति१#: यहाँ मेरो भिसा कार्ड छ।
#व्यक्ति२#: म बिल तयार गर्छु। ठीक छ, कृपया यहाँ हस्ताक्षर गर्नुहोस्।
#व्यक्ति१#: यो बाकसभित्र मलाई चाहिने सबै कुरा छन्?
#व्यक्ति२#: यसलाई इन्टरनेटमा जोडिन केवल केही मिनेट लाग्छ।
#व्यक्ति१#: सहयोगका लागि धन्यवाद।
#व्यक्ति२#: फेरि भेटौँला। यहाँ किनमेल गर्नुभएकोमा धन्यवाद।",#व्यक्ति२# ले #व्यक्ति१# लाई छोरीको उपहारका लागि म्याक कम्प्युटर सुझाव दिन्छन्। #व्यक्ति१# ले कार्डबाट किन्छन्।,gift shopping,"व्यक्ति१ ले आफ्नी छोरीका लागि ल्यापटप उपहार किन्न व्यक्ति२ सँग सहयोग माग्छन्। व्यक्ति२ ले म्याक कम्प्युटर सुझाव दिन्छन्, जसको मूल्य २१०० डलर रहेको र १५ इन्चको प्रो मोडल रहेको बताउँछन्। व्यक्ति१ ले सो ल्यापटप किन्ने निर्णय गर्छन् र भिसा कार्डमार्फत भुक्तानी गर्छन्। अन्त्यमा, व्यक्ति२ ले ल्यापटप सेटअप गर्न केवल केही मिनेट लाग्ने र आवश्यक सबै सामान बाकसमा रहेको बताउँछन्।",ल्यापटप किनमेल र भुक्तानी प्रक्रिया,Same Meaning,Different Meaning,Different Meaning,0.9,"The generated summary accurately represents the main idea, important facts, entities, and subject of the dialogue, preserving all key details. However, the generated topic ('ल्यापटप किनमेल र भुक्तानी प्रक्रिया') focuses on 'laptop shopping and payment process,' which is more specific than the reference topic ('gift shopping'). While the generated topic is related and correct, it does not fully match the broader concept of 'gift shopping' as the reference topic does, as the dialogue also includes the suggestion of a laptop (not just a Mac computer) and the context of gift-giving.",C,PC
train_11119,"#Person1#: Darling, I am back. What are you doing?
 #Person2#: I am washing clothes. Are you hungry now? Wait for a moment, I'll cook dinner for you. ( Steven bends his brows )
 #Person1#: B, should we get a maid?
 #Person2#: I can do all the housework. We don't need a maid.
 #Person1#: You have worked very hard in the office. If we can get someone to help you, you can have more rest.
 #Person2#: We really don't need to.
 #Person1#: You are a good wife, Julia. But you must take care of yourself.
 #Person2#: Give me some time to think about it.",#Person1# suggests getting a maid for Julia has worked hard in the office. Julia'll think about it.,get a maid,"Person1 returns home and suggests hiring a maid to help Person2 with housework, as Person2 has been working hard. Person2 declines, stating she can manage alone, but agrees to consider the suggestion.",Discussion about hiring a maid to assist with household chores,Same Meaning,Same Meaning,Same Meaning,0.98,"The generated summary accurately captures the main idea of the dialogue, including Person1's suggestion to hire a maid due to Person2's hard work, Person2's initial refusal, and her eventual consideration of the idea. The generated topic correctly identifies the main subject as a discussion about hiring a maid for household assistance, aligning with the reference topic 'get a maid'. No contradictions, omissions of critical facts, or introductions of extraneous information are present.","#व्यक्ति१#: प्रिय, म फर्किएँ। तिमी के गर्दैछौ?
#व्यक्ति२#: म लुगा धोइरहेको छु। के तिमीलाई भोक लागेको छ? एकछिन पर्ख, म तिम्रो लागि खाना पकाउँछु। (स्टिभनले निधार खुम्च्याउँछन्।)
#व्यक्ति१#: बी, के हामीले काम गर्ने मान्छे राख्नुपर्छ?
#व्यक्ति२#: म सबै घरको काम गर्न सक्छु। हामीलाई काम गर्ने मान्छे चाहिँदैन।
#व्यक्ति१#: तिमीले कार्यालयमा धेरै मेहनत गरेकी छौ। यदि कसैले तिमीलाई सहयोग गर्‍यो भने तिमीले अझ बढी आराम गर्न सक्छौ।
#व्यक्ति२#: हामीलाई वास्तवमै आवश्यक छैन।
#व्यक्ति१#: तिमी असल श्रीमती हौ, जुलिया। तर तिमीले आफ्नो ख्याल राख्नुपर्छ।
#व्यक्ति२#: मलाई यसबारे सोच्न केही समय देऊ।",#व्यक्ति१# ले धेरै काम गर्ने जुलियाका लागि घरको काममा सहयोग गर्ने मान्छे राख्ने सुझाव दिन्छन्। जुलियाले सोच्ने बताउँछिन्।,get a maid,"#व्यक्ति१# घर फर्किएपछि #व्यक्ति२# लुगा धोइरहेको अवस्थामा भेट्छन्। #व्यक्ति१# ले घरको काममा सहयोग गर्न मान्छे राख्न सुझाव दिन्छन्, तर #व्यक्ति२# ले आफैं सबै काम गर्न सक्ने बताउँछिन्। #व्यक्ति१# ले उनको मेहनतको प्रशंसा गर्दै आराम गर्न सुझाव दिन्छन्, तर #व्यक्ति२# ले यसबारे सोच्न समय माग्छिन्।",घरायसी काममा सहयोग र व्यक्तिगत आरामको विषयमा भएको संवाद,Same Meaning,Different Meaning,Different Meaning,0.85,"The generated summary accurately represents the main idea of the dialogue, preserving important facts, entities (e.g., #व्यक्ति१#, #व्यक्ति२#, जुलिया), and the core discussion about hiring a maid for household chores and Julia's refusal. However, the generated topic ('घरायसी काममा सहयोग र व्यक्तिगत आरामको विषयमा भएको संवाद') introduces additional concepts ('व्यक्तिगत आराम') not present in the reference topic ('get a maid') or the original dialogue. While the topic is related, it expands beyond the main topic of hiring a maid, making it a different meaning.",C,PC
train_4954,"#Person1#: Hi, I would like to send this package to China, and these postcards as well.
 #Person2#: Very well. You will need some stamps for the postcards and I need to weigh that package, too.
 #Person1#: Great. How much is this going to cost?
 #Person2#: Well, it depends. Do you want to send it via priority, express or standard mail?
 #Person1#: What's the difference?
 #Person2#: Well, standard mail can take up to fifteen working days. Priority is a bit faster and will arrive in about five to eight working days. Express is the fastest, but it's also the most expensive. It only takes three days and you can track your package online.
 #Person1#: I see. Well, there's no rush. Please send it via priority mail. Please be extra careful, the contents of the package are fragile.","#Person1# wants to send something to China. As for the price, #Person2# introduces differences of priority, express, and standard mail. #Person1# chooses priority mail.",mailing,"Person1 asks Person2 to send a package to China along with some postcards. Person2 explains the mailing options (standard, priority, express) with their respective delivery times and costs. Person1 chooses priority mail for the package due to no rush and requests extra care as the contents are fragile.",Mailing options and selection for sending a package to China,Same Meaning,Same Meaning,Same Meaning,0.98,"The generated summary accurately captures the main idea of the dialogue, including the mailing options discussed, the choice of priority mail, and the fragile contents of the package. The generated topic correctly identifies the main subject as mailing options and selection for sending a package to China, which aligns with the reference topic 'mailing'. No important facts, entities, or meaning are altered, omitted, or contradicted in either the summary or topic.","#व्यक्ति१#: नमस्कार, म यो प्याकेज चीन पठाउन चाहन्छु र यी पोस्टकार्डहरू पनि।
#व्यक्ति२#: ठीक छ। पोस्टकार्डका लागि टिकट चाहिन्छ र म त्यो प्याकेजको तौल पनि नाप्नुपर्छ।
#व्यक्ति१#: राम्रो। यसको खर्च कति लाग्छ?
#व्यक्ति२#: त्यो निर्भर गर्छ। तपाईं प्राथमिक, छिटो वा सामान्य हुलाकमध्ये कुन प्रयोग गर्न चाहनुहुन्छ?
#व्यक्ति१#: फरक के हो?
#व्यक्ति२#: सामान्य हुलाकलाई १५ कार्य दिनसम्म लाग्न सक्छ। प्राथमिक हुलाक अलि छिटो हुन्छ र लगभग ५ देखि ८ कार्य दिनमा पुग्छ। छिटो हुलाक सबैभन्दा छिटो हुन्छ तर महँगो पनि हुन्छ। यसले ३ दिन मात्र लिन्छ र तपाईं अनलाइनबाट आफ्नो प्याकेज हेर्न सक्नुहुन्छ।
#व्यक्ति१#: बुझें। हतार छैन। कृपया प्राथमिक हुलाकबाट पठाइदिनुहोस्। कृपया विशेष ध्यान दिनुहोस्, प्याकेजभित्रका सामानहरू नाजुक छन्।",#व्यक्ति१# चीनमा सामान पठाउन चाहन्छन्। #व्यक्ति२# ले विभिन्न हुलाक सेवाको फरक बताउँछन् र #व्यक्ति१# ले प्राथमिक हुलाक रोज्छन्।,mailing,"व्यक्ति १ ले चीन पठाउन प्याकेज र पोस्टकार्डहरू पोस्ट अफिसमा दिएका छन्। व्यक्ति २ ले प्याकेजको तौल नापेर हुलाक सेवा (सामान्य, प्राथमिक, छिटो) को बारेमा जानकारी दिएका छन्। व्यक्ति १ ले प्राथमिक हुलाक सेवा रोजेका छन् र प्याकेजभित्रका सामानहरू नाजुक भएकोले विशेष ध्यान दिन आग्रह गरेका छन्।",पोस्ट अफिसमा प्याकेज र पोस्टकार्ड पठाउन सम्बन्धी सेवा तथा शुल्कको विवरण र विशेष निर्देशन,Same Meaning,Different Meaning,Same Meaning,0.98,"The generated summary accurately represents the main idea, important facts, entities (व्यक्ति१, व्यक्ति२, चीन, प्याकेज, पोस्टकार्ड, हुलाक सेवा), and preserves the meaning of the dialogue. The topic, however, introduces additional details ('सेवा तथा शुल्कको विवरण र विशेष निर्देशन') that are not explicitly mentioned in the reference topic 'mailing', though it is still conceptually related. The core topic of mailing/postal services is preserved.",C,C
train_4412,"#Person1#: Ok, let ' s go through this one more time. I don ' t want anymore ruined or dyed blouses!
 #Person2#: I know, I know. OK, so I have to separate the colors from the whites and put them in this strange looking contraption so called washing machine.
 #Person1#: Right. You have to turn it on and program it depending on what type of clothes you are washing. For example for delicates, you should set a shorter washing cycle. Also, be sure to use fabric softener and this detergent when washing.
 #Person2#: So complicated! Ok, what about this red wine stain? How do I get it out?
 #Person1#: Since this is a white t-shirt, you can just pour a little bit of bleach on it and it will do the trick.
 #Person2#: Cool. Then I can just throw everything in the dryer for an hour and it ' s all set right?
 #Person1#: No! Since you are washing delicates and cotton, you should set the dryer to medium heat and for twenty minutes.
 #Person2#: You know what? I ' ll just have everything dry cleaned.",#Person1# tells #Person2# how to use the washing machine to wash different kinds of clothes and have them dried. #Person2# finds it complicated and difficult.,wash clothes,"Person1 instructs Person2 on how to properly wash and dry clothes, emphasizing separating colors from whites, using the washing machine with appropriate settings for different fabrics, and avoiding high heat in the dryer. They also discuss treating a red wine stain on a white t-shirt with bleach.",instructions for washing and drying clothes,Same Meaning,Same Meaning,Same Meaning,0.98,"The generated summary accurately captures the main ideas of the dialogue, including separating colors from whites, using appropriate washing machine settings for different fabrics, treating a red wine stain with bleach, and avoiding high heat in the dryer. The generated topic ('instructions for washing and drying clothes') aligns with the reference topic ('wash clothes') and the dialogue's focus on washing and drying clothes. No contradictions or omitted critical facts were found.","#व्यक्ति१#: ठीक छ, फेरि एकपटक हेरौँ। अब म कुनै पनि ब्लाउज बिग्रिएको वा रङ उडेको देख्न चाहन्नँ!
#व्यक्ति२#: मलाई थाहा छ, मलाई थाहा छ। ठीक छ, मैले सेतो कपडालाई रङ भएका कपडाबाट छुट्याएर यो अनौठो देखिने मेसिन अर्थात् वासिङ मेसिनमा राख्नुपर्छ।
#व्यक्ति१#: हो। कपडा कस्तो प्रकारको हो भन्ने आधारमा मेसिन चलाएर कार्यक्रम मिलाउनुपर्छ। उदाहरणका लागि, नाजुक कपडाका लागि छोटो धुने चक्र राख्नुपर्छ। साथै, धुँदा कपडा नरम बनाउने पदार्थ र यो डिटर्जेन्ट प्रयोग गर्न नबिर्स।
#व्यक्ति२#: कति जटिल रहेछ! ठीक छ, यो रातो रक्सीको दाग कसरी हटाउने?
#व्यक्ति१#: यो सेतो टी–सर्ट हो, त्यसैले अलिकति ब्लीच हाल्दा ठीक हुन्छ।
#व्यक्ति२#: राम्रो। त्यसपछि सबै कपडा ड्रायरमा एक घण्टा राखेपछि तयार हुन्छ नि, हैन?
#व्यक्ति१#: होइन! तिमी नाजुक कपडा र सुती कपडा दुवै धुँदैछौ, त्यसैले ड्रायरलाई मध्यम तापक्रममा २० मिनेटका लागि राख्नुपर्छ।
#व्यक्ति२#: थाहा छ के? म सबै कपडा ड्राइ क्लिनिङमै पठाउँछु।",#व्यक्ति१# ले #व्यक्ति२# लाई विभिन्न प्रकारका कपडा वासिङ मेसिनमा कसरी धुने र सुकाउने भनेर सिकाउँछन्। #व्यक्ति२# लाई यो गाह्रो लाग्छ।,wash clothes,"व्यक्ति१ र व्यक्ति२ ले कपडा धुने प्रक्रिया र सावधानिहरू बारे छलफल गरेका छन्। व्यक्ति१ ले कपडाको प्रकार अनुसार वासिङ मेसिनको कार्यक्रम मिलाउन, डिटर्जेन्ट र कपडा नरम बनाउने पदार्थ प्रयोग गर्न, रातो रक्सीको दाग हटाउन ब्लीच प्रयोग गर्न, र कपडा सुकाउँदा ड्रायरको तापक्रम र समय मिलाउन सुझाव दिएका छन्। व्यक्ति२ ले सबै कपडा ड्राइ क्लिनिङमा पठाउने विचार व्यक्त गरेका छन्।",कपडा धुने र सुकाउने प्रक्रिया तथा सावधानिहरू,Same Meaning,Same Meaning,Same Meaning,0.98,"The generated summary accurately captures the main idea of the dialogue, including the key points about washing clothes, using detergent, adjusting washing machine settings, removing stains, and drying clothes. It also mentions the alternative suggestion of dry cleaning, which is present in the dialogue. The generated topic correctly refers to the main topic of washing clothes, including additional details about the process and precautions, which aligns with the dialogue's content. No contradictions, omissions of critical facts, or introductions of unrelated entities are found.",C,C
train_4872,"#Person1#: Hi, Lily, are you still at Jane's house?
 #Person2#: Yeah, why? We're just playing some games.
 #Person1#: Computer games? I've been looking for my notebook computer.
 #Person2#: Oh, sorry. I've just borrowed it for the evening. Hope you don't mind.
 #Person1#: Oh, honestly! You're always using my things without asking me, and I've got this really important homework project! Now what am I going to do?
 #Person2#: Use Dad's computer instead. He won't mind.
 #Person1#: Look, I can't do that - I've got everything saved on mine.",Lily borrowed #Person1#'s computer without asking. #Person1# needs the computer urgently to do the homework project because #Person1# has got everything saved on it.,computer,Person1 asks if Person2 is at Jane's house and learns that Person2 has borrowed Person1's notebook computer for playing games. Person1 expresses frustration because they need the computer for an important homework project and everything is saved on it.,borrowing a notebook computer without permission,Same Meaning,Different Meaning,Different Meaning,0.9,"The generated summary accurately represents the main idea, important facts, and entities from the dialogue, matching the reference summary's meaning. However, the generated topic ('borrowing a notebook computer without permission') is more specific than the reference topic ('computer'), which is broader. While the generated topic is still relevant, it does not fully align with the reference topic's generality, making it a different meaning in terms of scope and specificity.","#व्यक्ति१#: नमस्ते, लिली। तिमी अझै जेनको घरमा छौ?
#व्यक्ति२#: हो, किन? हामी त खेल खेलिरहेका छौँ।
#व्यक्ति१#: कम्प्युटर खेल? म मेरो नोटबुक कम्प्युटर खोजिरहेको छु।
#व्यक्ति२#: ओहो, माफ गर। मैले आज बेलुका मात्रका लागि उधारो लिएको हुँ। आशा छ तिमीलाई आपत्ति छैन।
#व्यक्ति१#: ओहो, साँच्चै! तिमी सधैँ मलाई नसोधी मेरा सामानहरू प्रयोग गर्छौ, अनि मेरो महत्त्वपूर्ण गृहकार्य परियोजना पनि छ! अब म के गरूँ?
#व्यक्ति२#: बुबाको कम्प्युटर प्रयोग गर न। उहाँलाई आपत्ति हुँदैन।
#व्यक्ति१#: हेर, म त्यसो गर्न सक्दिनँ। मेरो सबै कुरा यही कम्प्युटरमा सुरक्षित छ।",लिलीले नसोधी #व्यक्ति१# को कम्प्युटर लग्छिन्। #व्यक्ति१# लाई गृहकार्य परियोजनाका लागि कम्प्युटर तुरुन्त चाहिएको छ।,computer,"व्यक्ति१ ले व्यक्ति२ लाई आफ्नो नोटबुक कम्प्युटर खोजिरहेको बेला व्यक्ति२ ले सोही कम्प्युटर उधारो लिएको र खेलिरहेको बताउँछ। व्यक्ति१ ले आपत्ति जनाउँदा व्यक्ति२ ले बुबाको कम्प्युटर प्रयोग गर्न सुझाव दिन्छ, तर व्यक्ति१ ले अस्वीकार गर्दै आफ्नो कम्प्युटरमा सबै महत्वपूर्ण डाटा रहेको बताउँछ।",नोटबुक कम्प्युटरको अनधिकृत प्रयोग र त्यसले सिर्जना गरेको समस्या,Same Meaning,Different Meaning,Different Meaning,0.85,"The generated summary accurately represents the main idea, facts, and entities from the dialogue, preserving the same meaning as the reference summary. However, the generated topic ('नोटबुक कम्प्युटरको अनधिकृत प्रयोग र त्यसले सिर्जना गरेको समस्या') introduces a more specific concept ('unauthorized use') and shifts focus slightly from the reference topic ('computer'), which is too broad to be considered the same meaning. The overall result is marked as 'Different Meaning' due to the topic mismatch.",PC,PC
train_12037,"#Person1#: What happened to that girl you were seeing?
 #Person2#: Oh Jackie? We broke up last week.
 #Person1#: That was a short relationship. You only started dating 2 months ago.
 #Person2#: It was actually a long two months. She was a psycho.
 #Person1#: What do you mean?
 #Person2#: She would be laughing one moment, and if I said something insensitive, she would start crying. I didn't want to deal with that.
 #Person1#: She sounds very emotional.
 #Person2#: She was a psycho, man. One time we were suppose to get together. I was waiting for her call, and when she finally called, she was screaming why I wasn't at her place.
 #Person1#: Were you suppose to be there?
 #Person2#: I thought she was going to call when she was done shopping. It was a misunderstanding. She was literally screaming on the phone over this.
 #Person1#: Ok. You're right. She's a psycho.
 #Person2#: I'm just glad it's over.",#Person2# tells #Person1# that he broke up with Jackie because he thinks Jackie is too hard to deal with.,Break up,"Person2 ended a two-month relationship with Jackie last week, describing her as emotionally unstable and difficult to deal with due to her extreme reactions, including screaming over misunderstandings.",Ending a short but troubled relationship,Same Meaning,Same Meaning,Same Meaning,0.98,"The generated summary accurately captures the main idea that Person2 ended the relationship with Jackie due to her emotional instability and difficult behavior, preserving all key facts (two-month duration, breakup last week, extreme reactions like screaming). The generated topic 'Ending a short but troubled relationship' correctly reflects the reference topic 'Break up' and the dialogue's focus on a troubled short-term relationship. No contradictions, omissions of critical facts, or introductions of unsupported information are present.","#व्यक्ति१#: तिमीले भेटिरहेको त्यो केटीको के भयो?
#व्यक्ति२#: ओहो, ज्याकी? हामी गएको हप्ता छुट्टियौँ।
#व्यक्ति१#: त्यो त छोटो सम्बन्ध रहेछ। तिमीहरूले त दुई महिनाअघि मात्र डेटिङ सुरु गरेका थियौ।
#व्यक्ति२#: वास्तवमा ती दुई महिना निकै लामो जस्तो लाग्यो। ऊ धेरै गाह्रो स्वभावकी थिई।
#व्यक्ति१#: तिमीले के भन्न खोजेको?
#व्यक्ति२#: एकछिन हाँसिरहेकी हुन्थी, अनि मैले केही संवेदनशील नभएको कुरा भनेँ भने तुरुन्तै रुन थाल्थी। म यस्तो व्यवहार सम्हाल्न चाहन्नथेँ।
#व्यक्ति१#: ऊ निकै भावुक रहिछ।
#व्यक्ति२#: ऊ धेरै गाह्रो थिई। एकपटक हामी भेट्ने योजना बनाएका थियौँ। म उसको फोन पर्खिरहेको थिएँ, अनि उसले फोन गर्दा ऊ कराउँदै थिई कि म किन उसको घरमा थिइनँ।
#व्यक्ति१#: के तिमी त्यहाँ जानुपर्ने थियो?
#व्यक्ति२#: मलाई लागेको थियो ऊ किनमेल सकेपछि फोन गर्छे। यो गलत बुझाइ थियो। तर ऊ फोनमै चिच्याइरहेकी थिई।
#व्यक्ति१#: ठीक छ। तिमी सही रहेछौ। ऊसँग व्यवहार गर्न गाह्रो रहेछ।
#व्यक्ति२#: सम्बन्ध सकियो भनेर म खुसी छु।",#व्यक्ति२# ले ज्याकीसँग सम्बन्ध टुटेको बताउँछन् किनकि उनलाई ज्याकीको व्यवहार सम्हाल्न गाह्रो लाग्थ्यो।,Break up,"व्यक्ति१ र व्यक्ति२ बीचको संवादमा व्यक्ति२ ले ज्याकी नाम गरेकी केटीसँग दुई महिनाको छोटो सम्बन्ध अन्त्य गरेको बताएका छन्। ज्याकी निकै भावुक र गाह्रो स्वभावकी थिइन्, जसले गर्दा व्यक्ति२ ले सम्बन्ध तोड्नु परेको थियो।",भावुक र गाह्रो स्वभावकी साथीसँगको छोटो सम्बन्ध अन्त्य गर्नु,Same Meaning,Same Meaning,Same Meaning,0.98,"The generated summary accurately reflects the main idea of the dialogue, mentioning the breakup with Jackie due to her emotional and difficult nature. The generated topic also correctly captures the essence of the dialogue by describing the end of a short relationship with a sensitive and difficult person. Both preserve the key entities (person1, person2, Jackie) and the core concept of the breakup without introducing contradictions or omitting critical details.",C,C
train_9170,"#Person1#: How was the airplane ride yesterday?
 #Person2#: It couldn't be worse. It was a 12-hour flight and the couple sitting next to me kept talking all the time.
 #Person1#: That was really annoying! Why didn't you listen to some music?
 #Person2#: My ears ached when I listen to music, so I had to stop listening to music.
 #Person1#: Why didn't you watch a movie?
 #Person2#: The same problem. I couldn't use my earphones or my ears ached.
 #Person1#: Have you seen a doctor about this problem?
 #Person2#: I went to see a doctor this morning. He said I had listened to loud music too much. He suggested I do that less often.
 #Person1#: I like listening to loud music too.
 #Person2#: You'd better do that less often too.",#Person2# felt bad because the couple sitting next to #Person1# kept talking. #Person2# could not listen to music or watch a movie because of earache and went to see a doctor.,airplane ride,"Person2 describes a terrible 12-hour flight where they couldn't use earphones due to ear pain, caused by excessive loud music listening. Person1 advises Person2 to reduce loud music to protect their hearing.",hearing damage from loud music and travel discomfort,Same Meaning,Different Meaning,Same Meaning,0.97,"The generated summary accurately represents the main idea of the dialogue, preserving important facts (12-hour flight, ear pain, doctor's advice, loud music) and entities (Person1, Person2). The topic 'hearing damage from loud music and travel discomfort' is closely related to the dialogue's focus on ear pain and loud music but introduces 'travel discomfort' as an additional concept not explicitly mentioned in the reference topic 'airplane ride'. However, the core meaning remains aligned with the dialogue.","#व्यक्ति१#: हिजोको विमान यात्रा कस्तो भयो?
#व्यक्ति२#: त्योभन्दा खराब हुनै सक्दैनथ्यो। १२ घण्टाको उडान थियो र मेरो छेउमा बसेको जोडी लगातार कुरा गरिरह्यो।
#व्यक्ति१#: त्यो त निकै झर्को लाग्ने कुरा रहेछ! तिमीले केही संगीत किन सुनेनौ?
#व्यक्ति२#: संगीत सुन्दा मेरो कान दुख्थ्यो, त्यसैले मैले सुन्न छोडेँ।
#व्यक्ति१#: चलचित्र किन हेरेनौ?
#व्यक्ति२#: उस्तै समस्या भयो। मैले इयरफोन प्रयोग गर्न सकिनँ किनकि कान दुख्थ्यो।
#व्यक्ति१#: के तिमीले यो समस्याका लागि डाक्टर देखायौ?
#व्यक्ति२#: हो, म आज बिहान डाक्टरकहाँ गएँ। उहाँले धेरै ठूलो आवाजमा संगीत सुनेको कारण यस्तो भएको बताउनुभयो। उहाँले कम सुन्न सुझाव दिनुभयो।
#व्यक्ति१#: मलाई पनि ठूलो आवाजमा संगीत सुन्न मन पर्छ।
#व्यक्ति२#: तिमीले पनि त्यसो कम गर्नु राम्रो हुन्छ।",#व्यक्ति२# लाई विमान यात्रामा समस्या भयो किनकि छेउमा बसेका मानिसहरू लगातार कुरा गरिरहेका थिए र कान दुखेका कारण संगीत वा चलचित्र प्रयोग गर्न सकेनन्।,airplane ride,"व्यक्ति२ ले १२ घण्टाको विमान यात्रामा आफूसँगै बसेको व्यक्तिको लगातार कुराले गर्दा अत्यन्तै झर्को लागेको बताए। कान दुख्ने समस्याका कारण संगीत र चलचित्र हेर्न पनि सकेनन्। त्यसपछि उनी डाक्टरकहाँ गए, जसले ठूलो आवाजमा संगीत सुन्ने कारण यस्तो भएको र कम सुन्न सुझाव दिए।",ठूलो आवाजमा संगीत सुन्ने कारणले कानमा हुने समस्याको अनुभव र त्यसको समाधान,Same Meaning,Different Meaning,Different Meaning,0.85,"The generated summary accurately represents the main idea, facts, and entities from the dialogue, preserving the same meaning as the reference summary. However, the generated topic focuses on 'ठूलो आवाजमा संगीत सुन्ने कारणले कानमा हुने समस्याको अनुभव र त्यसको समाधान' (experience of hearing problems due to loud music and its solution), which is a more specific and narrower interpretation compared to the reference topic 'airplane ride' (which is the main subject of the dialogue). While the generated topic is related to the dialogue, it does not directly refer to the same main topic as the reference.",C,PC
train_5733,"#Person1#: Have you started cleaning up your room yet?
 #Person2#: I haven't gotten started on my room yet.
 #Person1#: When exactly do you plan on cleaning it?
 #Person2#: I have every intention of cleaning my room later.
 #Person1#: I thought I asked you to clean your room earlier.
 #Person2#: I already told you that I'm going to do it.
 #Person1#: Remember to vacuum the floor and dust everything.
 #Person2#: I'll remember to do that.
 #Person1#: Make sure that you don't go anywhere until you clean your room.
 #Person2#: I'll clean my room before I leave.",#Person2# hasn't started cleaning up #Person2#'s room though #Person1# asked earlier. #Person2# promises to clean it before leaving.,clean the room,Person1 asks Person2 if they have started cleaning their room. Person2 admits they haven't started yet but plans to do it later. Person1 reminds them of their earlier request and instructs them to vacuum and dust. Person2 agrees and promises to clean the room before leaving.,cleaning a room,Same Meaning,Same Meaning,Same Meaning,0.98,"The generated summary accurately captures the main idea of the dialogue, including Person1's request, Person2's delayed response, and the agreed-upon cleaning tasks. The generated topic 'cleaning a room' is semantically equivalent to the reference topic 'clean the room'. Both preserve all key facts, entities (Person1, Person2), and the core subject without introducing or omitting critical information.","#व्यक्ति१#: के तिमीले आफ्नो कोठा सफा गर्न सुरु गरिसक्यौ?
#व्यक्ति२#: मैले अझै आफ्नो कोठा सफा गर्न सुरु गरेको छैन।
#व्यक्ति१#: आखिर कहिले सफा गर्ने योजना छ?
#व्यक्ति२#: म पछि मेरो कोठा सफा गर्ने सोचमा छु।
#व्यक्ति१#: मैले तिमीलाई पहिले नै कोठा सफा गर्न भनेको थिएँ जस्तो लाग्छ।
#व्यक्ति२#: मैले तिमीलाई पहिले नै म गर्नेछु भनेर भनेको छु।
#व्यक्ति१#: भुइँ भ्याकुमले सफा गर्न र सबै ठाउँको धुलो पुछ्न नबिर्स।
#व्यक्ति२#: म त्यसो गर्न सम्झन्छु।
#व्यक्ति१#: कोठा सफा नगरेसम्म कतै नजानु।
#व्यक्ति२#: म बाहिर जानुअघि मेरो कोठा सफा गरिसक्छु।",#व्यक्ति२# ले पहिले भनिए पनि कोठा सफा गर्न सुरु गरेको छैन। #व्यक्ति२# ले बाहिर जानुअघि कोठा सफा गर्ने वाचा गर्छ।,clean the room,"व्यक्ति१ ले व्यक्ति२ लाई आफ्नो कोठा सफा गर्न बारम्बार सम्झाउँछन्। व्यक्ति२ ले भने आफ्नो कोठा पछि सफा गर्ने बताउँछन्। व्यक्ति१ ले कोठा सफा गर्ने तरिका र समयबारे निर्देशन दिन्छन्, र व्यक्ति२ ले बाहिर जानुअघि सफा गर्ने वाचा गर्छन्।",कोठा सफा गर्ने बारेको कुराकानी,Same Meaning,Same Meaning,Same Meaning,0.98,"The generated summary accurately captures the main idea of the dialogue, including the repeated reminders to clean the room, the postponement of cleaning by person2, the instructions on how to clean, and the promise to clean before going out. The generated topic correctly refers to the same main topic as the reference topic. No important facts, entities, or meaning are altered, omitted, or contradicted.",C,C
train_200,"#Person1#: What do you want to know about me?
 #Person2#: How about your academic records at college?
 #Person1#: The average grade of all my courses is above 85.
 #Person2#: In which subject did you get the highest marks?
 #Person1#: In mathematics I got a 98.
 #Person2#: Have you received any scholarships?
 #Person1#: Yes, I have, and three times in total.
 #Person2#: Have you been a class leader?
 #Person1#: I have been a class commissary in charge of studies for two years.
 #Person2#: Did you join in any club activities?
 #Person1#: I was an aerobics team member in college.
 #Person2#: What sport are you good at?
 #Person1#: I am good at sprint and table tennis.
 #Person2#: You are excellent.","#Person2# asks #Person1# several questions, like academic records, the highest marks, scholarships, club activities, and skilled sports.",ask questions,"Person1 shares their academic achievements, including an average grade above 85, a highest mark of 98 in mathematics, three scholarships, and a role as a class commissary for studies. They also mention participation in aerobics team activities and proficiency in sprint and table tennis.",Academic and extracurricular achievements,Same Meaning,Different Meaning,Different Meaning,0.9,"The generated summary accurately captures all key points from the dialogue, including academic records, scholarships, club activities, and sports skills. However, the generated topic 'Academic and extracurricular achievements' is broader than the reference topic 'ask questions' and does not directly reflect the dialogue's focus on Person2 asking questions to Person1. The reference topic is too narrow to fully represent the dialogue's content.","#व्यक्ति१#:	तपाईं मेरो बारेमा के जान्न चाहनुहुन्छ?
#व्यक्ति२#:	कलेजमा तपाईंको शैक्षिक अभिलेखबारे के भन्नुहुन्छ?
#व्यक्ति१#:	मेरा सबै पाठ्यक्रमहरूको औसत ग्रेड ८५ भन्दा माथि छ।
#व्यक्ति२#:	तपाईंले कुन विषयमा सबैभन्दा उच्च अङ्क प्राप्त गर्नुभयो?
#व्यक्ति१#:	गणितमा मैले ९८ प्राप्त गरेँ।
#व्यक्ति२#:	के तपाईंले कुनै छात्रवृत्ति प्राप्त गर्नुभएको छ?
#व्यक्ति१#:	हो, प्राप्त गरेको छु, र जम्मा तीन पटक।
#व्यक्ति२#:	के तपाईं कक्षा नेता बन्नुभएको छ?
#व्यक्ति१#:	म दुई वर्षसम्म अध्ययनको जिम्मेवारीमा रहेको कक्षा समितिको सदस्य भएको छु।
#व्यक्ति२#:	के तपाईं कुनै क्लबका गतिविधिहरूमा सहभागी हुनुभयो?
#व्यक्ति१#:	म कलेजमा एरोबिक्स टोलीको सदस्य थिएँ।
#व्यक्ति२#:	तपाईं कुन खेलमा राम्रो हुनुहुन्छ?
#व्यक्ति१#:	म छोटो दूरीको दौड र टेबलटेनिसमा राम्रो छु।
#व्यक्ति२#:	तपाईं उत्कृष्ट हुनुहुन्छ।","#व्यक्ति२# ले #व्यक्ति१# लाई शैक्षिक अभिलेख, सबैभन्दा बढी अंक, छात्रवृत्ति, क्लब गतिविधि र आफू दक्ष भएका खेलकुदजस्ता विषयमा धेरै प्रश्नहरू सोध्छन्।",ask questions,"व्यक्ति१ ले आफ्नो शैक्षिक र अतिरिक्त क्रियाकलापहरूको बारेमा बताएका छन्। उनको औसत ग्रेड ८५ भन्दा माथि रहेको, गणितमा ९८ अङ्क प्राप्त गरेको, तीन पटक छात्रवृत्ति प्राप्त गरेको, दुई वर्षसम्म कक्षा समितिको सदस्य भएको, कलेजको एरोबिक्स टोलीमा सहभागी भएको र छोटो दूरीको दौड तथा टेबलटेनिसमा राम्रो प्रदर्शन गरेको बताएका छन्।",व्यक्ति१ को शैक्षिक र अतिरिक्त क्रियाकलापहरूको विवरण,Same Meaning,Different Meaning,Same Meaning,0.98,"The generated summary accurately represents the main ideas, facts, entities, and subjects from the dialogue, preserving all important details without contradiction or omission. The topic, however, is more specific than the reference topic ('ask questions'), which is too broad. While the generated topic ('व्यक्ति१ को शैक्षिक र अतिरिक्त क्रियाकलापहरूको विवरण') is correct and meaningful, it does not match the reference topic's scope, making it a different meaning in terms of alignment with the provided reference.",PC,C
train_10115,"#Person1#: Steve. Is that you?
 #Person2#: Yeah. What's going on?
 #Person1#: Not much. What a surprise to see you here.
 #Person2#: Yeah. It's been a couple of months since I saw you.
 #Person1#: What have you been up to?
 #Person2#: I just started working out.
 #Person1#: Really? Where do you work out at?
 #Person2#: I joined the Samsung Health Club last month.
 #Person1#: What do you mostly do during your workout?
 #Person2#: I concentrate mostly on my legs, chest, arms and stomach.
 #Person1#: I should start exercising more.
 #Person2#: It's hard work while exercising, but it is a great feeling when I get done.
 #Person1#: I have a running machine at home. I used to use it, but I already got sick of it.
 #Person2#: Exercising at home is hard. The environment is not suited for exercising.
 #Person1#: If I want to exercise, I will need to join a gym.
 #Person2#: I have a couple of guest passes. You want to check out my health club?
 #Person1#: That's a good idea. Let's go over the weekend.
 #Person2#: Great. I'll call you Saturday morning.
 #Person1#: Aright. I'll talk to you later.
 #Person2#: Ok. Bye.",Steve joined a health club to work out. #Person1# had a running machine at home but already got sick of it. Steve tells #Person1# exercising at home is hard and invites #Person1# to check out his health club Saturday morning.,exercise,"Person1 unexpectedly meets Person2, who reveals they have started working out at the Samsung Health Club. Person2 invites Person1 to visit the gym using guest passes over the weekend.",planning to visit a gym together,Same Meaning,Different Meaning,Different Meaning,0.85,"The generated summary accurately captures the main idea of the dialogue, preserving important facts (e.g., Person2 joining Samsung Health Club, inviting Person1 to visit with guest passes). However, the generated topic ('planning to visit a gym together') is more specific than the reference topic ('exercise') and does not fully align with the broader concept of the dialogue, which is about exercise habits and invitations rather than just planning a visit. The summary is correct, but the topic introduces a narrower focus not fully represented in the reference.","#व्यक्ति१#:        स्टीभ। के त्यो तपाईं हो?
#व्यक्ति२#:        हो। के भइरहेको छ?
#व्यक्ति१#:        धेरै केही होइन। तपाईंलाई यहाँ देख्दा कस्तो अचम्म लाग्यो।
#व्यक्ति२#:        हो। मैले तपाईंलाई देखेको केही महिना भइसक्यो।
#व्यक्ति१#:        तपाईं के गर्दै हुनुहुन्थ्यो?
#व्यक्ति२#:        मैले भर्खरै व्यायाम गर्न सुरु गरेको छु।
#व्यक्ति१#:        साँच्चै? तपाईं कहाँ व्यायाम गर्नुहुन्छ?
#व्यक्ति२#:        मैले गत महिना सामसुङ स्वास्थ्य क्लबमा सदस्यता लिएँ।
#व्यक्ति१#:        तपाईं आफ्नो व्यायामको समयमा मुख्यतः के गर्नुहुन्छ?
#व्यक्ति२#:        म मुख्यतः आफ्ना खुट्टा, छाती, पाखुरा र पेटमा ध्यान दिन्छु।
#व्यक्ति१#:        मैले पनि बढी व्यायाम गर्न सुरु गर्नुपर्छ।
#व्यक्ति२#:        व्यायाम गर्दा गाह्रो काम हो, तर सकिएपछि निकै राम्रो महसुस हुन्छ।
#व्यक्ति१#:        मसँग घरमा दौडने यन्त्र छ। म पहिले त्यसलाई प्रयोग गर्थें, तर मलाई त्यसबाट दिक्क लागिसकेको छ।
#व्यक्ति२#:        घरमा व्यायाम गर्न गाह्रो हुन्छ। वातावरण व्यायाम गर्न उपयुक्त हुँदैन।
#व्यक्ति१#:        यदि म व्यायाम गर्न चाहन्छु भने, मैले व्यायामशालाको सदस्यता लिनुपर्नेछ।
#व्यक्ति२#:        मसँग केही अतिथि प्रवेशपत्रहरू छन्। तिमी मेरो स्वास्थ्य क्लब हेर्न चाहन्छौ?
#व्यक्ति१#:        त्यो राम्रो विचार हो। सप्ताहान्तमा जाऔँ।
#व्यक्ति२#:        राम्रो। म शनिबार बिहान तिमीलाई फोन गर्छु।
#व्यक्ति१#:        ठीक छ। पछि कुरा गर्छु।
#व्यक्ति२#:        ठीक छ। बिदा।",स्टीभ व्यायाम गर्न स्वास्थ्य क्लबमा सहभागी भए। #व्यक्ति१# सँग घरमा दौडने यन्त्र थियो तर त्यसबाट पहिले नै दिक्क भइसकेका थिए। स्टीभले #व्यक्ति१# लाई घरमा व्यायाम गर्नु गाह्रो हुने बताउँछन् र शनिबार बिहान आफ्नो स्वास्थ्य क्लब हेर्न निम्तो दिन्छन्।,exercise,व्यक्ति १ ले स्टीभलाई लामो समयपछि भेट्दा अचम्म लागेको बताउँछन्। स्टीभले व्यायाम सुरु गरेको र सामसुङ स्वास्थ्य क्लबमा सदस्यता लिएको बताउँछन्। दुवै जनाले व्यायामको महत्व र व्यायामशालाको वातावरणका बारेमा कुरा गर्छन्। स्टीभले व्यक्ति १ लाई आफ्नो स्वास्थ्य क्लब हेर्न अतिथि प्रवेशपत्र दिन्छन् र शनिबार भेट्ने योजना बनाउँछन्।,व्यायाम सुरु गर्ने र स्वास्थ्य क्लबको सदस्यता लिने विषयमा भएको संवाद,Same Meaning,Same Meaning,Same Meaning,0.98,"The generated summary accurately captures the main ideas of the dialogue, including Steve's new exercise routine at the Samsung health club, Person 1's treadmill at home, the discussion about the difficulty of home exercise, and the invitation to visit the health club on Saturday. The generated topic correctly identifies the main subject as exercise and health club membership, matching the reference topic. No contradictions, omissions of critical facts, or introductions of unrelated entities are present.",PC,C
train_9329,"#Person1#: Let's go to the animal shelter.
 #Person2#: What do you want to do?
 #Person1#: I want to get a puppy for my son.
 #Person2#: That will make him so happy.
 #Person1#: I'll get him one of those little dogs.
 #Person2#: One that won't grow up too big.
 #Person1#: And eat too much.
 #Person2#: Do you know which one he would like?
 #Person1#: Oh, yes, I took him there yesterday. He showed me one that he really liked.
 #Person2#: I bet you had to drag him away.
 #Person1#: He wanted to take it home yesterday.
 #Person2#: I wonder what he'll name it.","#Person1# will get a puppy for #Person1#'s son which he showed the love yesterday, and #Person2# wonder the puppy's name.",get a puppy,"Person1 plans to adopt a small puppy from an animal shelter for their son, who has already chosen a specific dog. Person2 expresses enthusiasm and curiosity about the son's reaction and potential name for the puppy.",Adopting a puppy from an animal shelter,Same Meaning,Same Meaning,Same Meaning,0.98,"The generated summary accurately captures the main idea of the dialogue, including Person1's plan to adopt a puppy for their son, the son's prior selection of a specific dog, and Person2's curiosity about the puppy's name. The generated topic correctly reflects the main subject of the dialogue, which is adopting a puppy from an animal shelter. Both the summary and topic preserve the important facts, entities, and meaning of the original dialogue without introducing contradictions or omissions that alter the meaning.","#व्यक्ति१#:	पशु आश्रयमा जाऔँ।
#व्यक्ति२#:	तपाईं के गर्न चाहनुहुन्छ?
#व्यक्ति१#:	म मेरो छोराको लागि एउटा कुकुरको बच्चा लिन चाहन्छु।
#व्यक्ति२#:	त्यसले उसलाई धेरै खुसी बनाउनेछ।
#व्यक्ति१#:	म उसलाई ती साना कुकुरहरूमध्ये एउटा दिनेछु।
#व्यक्ति२#:	जुन धेरै ठूलो भएर हुर्किनेछैन।
#व्यक्ति१#:	र धेरै खानेछैन।
#व्यक्ति२#:	तपाईंलाई थाहा छ उसलाई कुन मन पर्छ?
#व्यक्ति१#:	ओहो, हो, म हिजो उसलाई त्यहाँ लिएर गएको थिएँ। उसले मलाई आफूलाई साँच्चै मन परेको एउटा देखायो।
#व्यक्ति२#:	म शर्त लगाउँछु तपाईंले उसलाई त्यहाँबाट तानेर लैजानुपरेको थियो।
#व्यक्ति१#:	उसले हिजो त्यसलाई घर लैजान चाहेको थियो।
#व्यक्ति२#:	मलाई अचम्म लाग्छ उसले त्यसको नाम के राख्नेछ।","#व्यक्ति१# ले #व्यक्ति१# को छोराका लागि एउटा कुकुरको बच्चा लिन चाहन्छन्, जसलाई उसले हिजो मन पराएको थियो, र #व्यक्ति२# ले कुकुरको बच्चाको नाम के राख्ने हो भनेर आश्चर्य गर्छन्।",get a puppy,व्यक्ति१ ले पशु आश्रयबाट आफ्नो छोराको लागि एउटा सानो कुकुरको बच्चा लिने विचार गरेका छन्। हिजो पशु आश्रय गएको बेला उनको छोराले मन पराएको कुकुरको बच्चा छनोट गरेका थिए। व्यक्ति२ ले पनि यस निर्णयलाई सकारात्मक रूपमा लिएका छन्।,पशु आश्रयबाट कुकुरको बच्चा लिने निर्णय,Same Meaning,Same Meaning,Same Meaning,0.98,"The generated summary accurately represents the main idea of the dialogue, preserving important facts such as the intention to get a puppy for the son, the visit to the animal shelter, and the son's preference for a specific puppy. The generated topic correctly refers to the main topic of getting a puppy from an animal shelter. No contradictions or omissions of critical information are present.",C,C
train_10464,"#Person1#: If you can choose, will you marry a foreigner or a Chinese?
 #Person2#: Why? Did tom pop the question?
 #Person1#: Not yet. But I wonder if I can get my parents'consent.
 #Person2#: Let me guess, your parents want you to marry a Chinese man, right?
 #Person1#: You are right. It is giving me a real headache. I feel like I'm between a rock and a hard place.
 #Person2#: I used to have the same problem when I was with my ex.
 #Person1#: Oh, how did you deal with it?
 #Person2#: I just let it go and continued dating with my Korean boyfriend. But finally we broke up.
 #Person1#: Oh, it's a pity. What was the matter?
 #Person2#: Simple. We had personality clashes and there were too many cultural differences.
 #Person1#: Like what?
 #Person2#: He hoped to live in the Korean way and asked me to give up working and stay at home to take care of the family.
 #Person1#: Oh, I see. In their culture women should put family first.
 #Person2#: Yes, he said it would be better for me and for the whole family. But I simply can not quit working.
 #Person1#: So that's why it's hard to have a happy marriage with a foreigner.
 #Person2#: Not really. There are many successful mixed marriage around us.",#Person1# wonders if #Person2# will marry a foreign person and #Person2# tells #Person1# her own story with the Korean ex-boyfriend and the cultural differences between them. #Person1# then thinks it's hard to have a happy marriage with a foreigner.,marry foreigners,"Person1 is concerned about their parents' approval if they marry a foreigner, while Person2 shares their past experience with a Korean boyfriend who wanted them to conform to traditional Korean gender roles, leading to their breakup due to cultural and personality differences.",Cultural and familial challenges in interethnic relationships,Same Meaning,Different Meaning,Different Meaning,0.85,"The generated summary accurately represents the main idea, important facts, and entities from the dialogue, preserving the same meaning as the reference summary. However, the generated topic ('Cultural and familial challenges in interethnic relationships') is broader and less specific than the reference topic ('marry foreigners'), introducing additional concepts (familial challenges) that are not explicitly the main focus of the dialogue. While related, the generated topic does not refer to the same main topic as the reference.","#व्यक्ति१#:	यदि तपाईंले रोज्न सक्नुहुन्छ भने, तपाईं विदेशी वा चिनियाँसँग विवाह गर्नुहुन्छ?
#व्यक्ति२#:	किन? के टमले विवाहको प्रस्ताव राख्यो?
#व्यक्ति१#:	अहिलेसम्म होइन। तर मलाई अचम्म लाग्छ कि म मेरा आमाबुबाको सहमति पाउन सक्छु कि सक्दिनँ।
#व्यक्ति२#:	म अनुमान गरूँ, तपाईंका आमाबुबा तपाईंले चिनियाँ पुरुषसँग विवाह गरोस् भन्ने चाहनुहुन्छ, हैन?
#व्यक्ति१#:	तपाईं सही हुनुहुन्छ। यसले मलाई साँच्चै टाउको दुखाइरहेको छ। मलाई लाग्छ म दुई अप्ठ्याराबीच परेको छु।
#व्यक्ति२#:	म मेरो पूर्वप्रेमीसँग हुँदा पनि यस्तै समस्या थियो।
#व्यक्ति१#:	ओहो, तपाईंले त्यसलाई कसरी सम्हाल्नुभयो?
#व्यक्ति२#:	मैले त्यसलाई त्यत्तिकै छोडिदिएँ र मेरो कोरियाली प्रेमीसँग डेटिङ जारी राखेँ। तर अन्ततः हामी छुट्टियौँ।
#व्यक्ति१#:	ओहो, दुःख लाग्यो। के भएको थियो?
#व्यक्ति२#:	सरल कुरा हो। हाम्रो व्यक्तित्व मिल्दैनथ्यो र धेरै सांस्कृतिक भिन्नताहरू थिए।
#व्यक्ति१#:	जस्तै के?
#व्यक्ति२#:	उनी कोरियाली तरिकाले जीवन बिताउन चाहन्थे र मलाई काम छोडेर घरमै बसेर परिवारको हेरचाह गर्न भने।
#व्यक्ति१#:	ओहो, मैले बुझेँ। उनीहरूको संस्कृतिमा महिलाहरूले परिवारलाई पहिलो प्राथमिकता दिनुपर्छ।
#व्यक्ति२#:	हो, उनले त्यसो गर्नु मेरो र सम्पूर्ण परिवारका लागि राम्रो हुने बताए। तर म काम छोड्न सक्दिनँ।
#व्यक्ति१#:	त्यसो भए विदेशी व्यक्तिसँग सुखी वैवाहिक जीवन बिताउन गाह्रो हुने कारण यही हो।
#व्यक्ति२#:	त्यस्तो होइन। हाम्रो वरिपरि धेरै सफल अन्तरसांस्कृतिक विवाहहरू छन्।",#व्यक्ति१# ले #व्यक्ति२# ले विदेशी व्यक्तिसँग विवाह गर्छिन् कि भनेर आश्चर्य गर्छन् र #व्यक्ति२# ले आफ्नो कोरियाली पूर्वप्रेमीसँगको कथा तथा उनीहरूबीचका सांस्कृतिक भिन्नताहरूबारे #व्यक्ति१# लाई बताउँछिन्। त्यसपछि #व्यक्ति१# ले विदेशी व्यक्तिसँग सुखी वैवाहिक जीवन बिताउन गाह्रो हुने सोच्दछन्।,marry foreigners,व्यक्ति१ ले विदेशी वा चिनियाँसँग विवाह गर्ने विषयमा आफ्ना आमाबुबाको सहमति र आफ्नो मनोभावना व्यक्त गरेका छन्। व्यक्ति२ ले आफ्नो पूर्वप्रेमिको अनुभव सुनाउँदै अन्तरसांस्कृतिक विवाहमा आइपर्ने चुनौतीहरू र व्यक्तित्व तथा सांस्कृतिक भिन्नताका कारण सम्बन्धविच्छेद भएको बताएका छन्।,अन्तरसांस्कृतिक विवाहमा आइपर्ने चुनौतीहरू र पारिवारिक सहमतिको महत्व,Same Meaning,Different Meaning,Same Meaning,0.98,"The generated summary accurately represents the main idea of the dialogue, preserving important facts, entities (e.g., foreigner, Chinese, Korean ex-boyfriend, cultural differences), and the subject of inter-cultural marriage challenges. The topic, while related, introduces additional elements ('family consent importance') not explicitly emphasized in the reference topic ('marry foreigners'). However, the core concept of inter-cultural marriage challenges is preserved, and the summary aligns closely with the dialogue.",PC,C
train_11202,"#Person1#: Hi, Mike. Haven't seen you for a while. How's Cathy? 
 #Person2#: We are not seeing each other any more. 
 #Person1#: What happened? Did you break up? 
 #Person2#: Yeah. I got sick and tired of her nagging all the time. 
 #Person1#: Oh, I am sorry. Maybe you were just emotional at that moment. Do you think you guys can get back together? 
 #Person2#: I don't know. There's plenty of fish out there in the sea! 
 #Person1#: Oh, you are such a dog!",Mike broke up with Cathy but he thinks there's plenty of fish out there in the sea. #Person1# feels angry about it.,break up,"Person1 asks Person2 about Cathy, and Person2 reveals they broke up due to her nagging. Person1 expresses sympathy and asks if they might reconcile, but Person2 dismisses the idea and jokes about moving on.",breakup and moving on,Same Meaning,Same Meaning,Same Meaning,0.98,"The generated summary accurately captures the main idea of the dialogue, including the breakup, the reason (nagging), Person1's sympathy and question about reconciliation, and Person2's dismissive response. The generated topic 'breakup and moving on' aligns with the reference topic 'break up' by expanding on the concept without altering the meaning. Both preserve all important facts, entities (Mike, Cathy, Person1, Person2), and the core subject of the dialogue.","#व्यक्ति१#:	नमस्ते, माइक। धेरै समयदेखि भेट भएको छैन। क्याथी कस्ती छ?
#व्यक्ति२#:	हामी अब एकअर्कालाई भेटिरहेका छैनौँ।
#व्यक्ति१#:	के भयो? तिमीहरू छुट्टियौ?
#व्यक्ति२#:	हो। उसको सधैँको गनगनबाट म बिरक्तिएँ।
#व्यक्ति१#:	ओहो, मलाई दुःख लाग्यो। सायद त्यतिबेला तिमी भावुक भएका थियौ। के तिमीहरू फेरि सँगै हुन सक्छौ जस्तो लाग्छ?
#व्यक्ति२#:	मलाई थाहा छैन। संसारमा अरू धेरै माछा छन्!
#व्यक्ति१#:	ओहो, तिमी त कस्तो केटीबाज रहेछौ!",माइक क्याथीसँग छुट्टिए तर उनी समुद्रमा धेरै माछा छन् भन्ने सोच्छन्। #व्यक्ति१# यस कुरामा रिसाउँछन्।,break up,#व्यक्ति१# ले #व्यक्ति२# लाई सोध्छन् कि क्याथी कस्ती छिन् र #व्यक्ति२# ले उनीहरु अब एकअर्कालाई भेटिरहेका छैनन् भन्ने जवाफ दिन्छन्। #व्यक्ति१# ले कारण सोध्दा #व्यक्ति२# ले क्याथीको गनगनबाट बिरक्तिएको बताउँछन्। #व्यक्ति१# ले फेरि सँगै हुन सक्ने सम्भावनाबारे सोध्दा #व्यक्ति२# ले अरू विकल्प रहेको जवाफ दिन्छन्। अन्त्यमा #व्यक्ति१# ले #व्यक्ति२# लाई केटीबाज भन्छन्।,प्रेम सम्बन्ध विच्छेद र नयाँ सम्बन्धको खोजी,Same Meaning,Same Meaning,Same Meaning,0.98,"The generated summary accurately captures the main idea, important facts, and entities (e.g., Mike, Cathy, breakup, Mike's frustration) from the dialogue. The generated topic ('प्रेम सम्बन्ध विच्छेद र नयाँ सम्बन्धको खोजी') correctly represents the main topic of the dialogue ('break up') while expanding it to include the theme of seeking new relationships, which is implied in the dialogue (e.g., 'अरू धेरै माछा छन्'). No contradictions, omissions of critical facts, or introductions of unrelated entities are present.",C,C
train_8762,"#Person1#: hello, this is the International Student Office. My name is Leah. How may I help you?
 #Person2#: I'd like to speak to the Ms. Collins, please.
 #Person1#: ok. Can I ask who is calling, please?
 #Person2#: this is Nathaniel Brown.
 #Person1#: and what is your call regarding?
 #Person2#: I'd like to talk to her about my accommodation situation.
 #Person1#: ok, I'll try and put you through. Please hold.
 #Person2#: ok.
 #Person1#: . . . sorry, her line is busy at the moment. Can I take a message?
 #Person2#: sure. Can you have her call me back on my cell phone number?
 #Person1#: ok. What's your number?
 #Person2#: it's 0-7- 7-8- 7-3- 6-7- 6-8- 8.
 #Person1#: let me repeat that back to you. That's zero, double seven, eight, seven, three, six, seven, double six, double eight.
 #Person2#: no, there's no double six at the of the number. It's just zero, double seven, eight, seven, three, six, seven, six, double eight.
 #Person1#: I got it. When should I have her call you back?
 #Person2#: anytime before 6 pm tonight.
 #Person1#: ok, Nathaniel. I'll have Ms. Collins call you back sometime tonight before 6 pm.
 #Person2#: thank you!
 #Person1#: bye!
 #Person2#: bye!",Nathaniel wants to talk to Ms. Collins but she is busy. Leah takes Nathaniel's number and will have Ms. Collins call back before 6 pm.,phone call,"Leah from the International Student Office assists Nathaniel Brown in connecting with Ms. Collins regarding his accommodation situation. Since Ms. Collins is busy, Leah takes a message and agrees to have Ms. Collins call Nathaniel back before 6 PM on his provided cell phone number.",Requesting a callback regarding accommodation issues,Same Meaning,Different Meaning,Same Meaning,0.98,"The generated summary accurately represents the main idea, facts, entities (Leah, Nathaniel Brown, Ms. Collins, International Student Office, accommodation situation), and preserves the meaning of the dialogue. The generated topic 'Requesting a callback regarding accommodation issues' is a valid interpretation of the main topic but differs slightly from the reference topic 'phone call'. However, the overall meaning remains consistent with the dialogue.","#व्यक्ति१#:	नमस्ते, यो अन्तर्राष्ट्रिय विद्यार्थी कार्यालय हो। मेरो नाम लिआ हो। म तपाईंलाई कसरी सहयोग गर्न सक्छु?
#व्यक्ति२#:	म सुश्री कोलिन्ससँग कुरा गर्न चाहन्छु।
#व्यक्ति१#:	ठीक छ। म को बोल्दै हुनुहुन्छ भनेर सोध्न सक्छु?
#व्यक्ति२#:	म नाथानियल ब्राउन बोल्दै छु।
#व्यक्ति१#:	र तपाईंको फोनको विषय के हो?
#व्यक्ति२#:	म उहाँसँग मेरो आवासको अवस्थाबारे कुरा गर्न चाहन्छु।
#व्यक्ति१#:	ठीक छ, म तपाईंलाई उहाँसँग जोड्ने प्रयास गर्छु। कृपया पर्खनुहोस्।
#व्यक्ति२#:	ठीक छ।
#व्यक्ति१#:	... माफ गर्नुहोस्, उहाँको लाइन अहिले व्यस्त छ। के म सन्देश लिन सक्छु?
#व्यक्ति२#:	पक्कै। के तपाईं उहाँलाई मेरो मोबाइल फोन नम्बरमा मलाई फिर्ता फोन गर्न भन्न सक्नुहुन्छ?
#व्यक्ति१#:	ठीक छ। तपाईंको नम्बर कति हो?
#व्यक्ति२#:	यो ०-७-७-८-७-३-६-७-६-८-८ हो।
#व्यक्ति१#:	म तपाईंलाई फेरि दोहोर्‍याएर सुनाउँछु। त्यो शून्य, डबल सात, आठ, सात, तीन, छ, सात, डबल छ, डबल आठ हो।
#व्यक्ति२#:	होइन, नम्बरको अन्त्यमा डबल छ छैन। त्यो केवल शून्य, डबल सात, आठ, सात, तीन, छ, सात, छ, डबल आठ हो।
#व्यक्ति१#:	मैले बुझें। मैले उहाँलाई तपाईंलाई कहिले फिर्ता फोन गर्न लगाऊँ?
#व्यक्ति२#:	आज बेलुका ६ बजेसम्म जुनसुकै समयमा।
#व्यक्ति१#:	ठीक छ, नाथानियल। म सुश्री कोलिन्सलाई आज बेलुका ६ बज्नुअघि तपाईंलाई फिर्ता फोन गर्न लगाउँछु।
#व्यक्ति२#:	धन्यवाद!
#व्यक्ति१#:	बिदा!
#व्यक्ति२#:	बिदा!",नाथानिएल मिस कोलिन्ससँग कुरा गर्न चाहन्छन् तर उनी व्यस्त छिन्। लियाले नाथानिएलको नम्बर लिन्छिन् र मिस कोलिन्सलाई साँझ ६ बजुअघि फोन फिर्ता गर्न लगाउनेछिन्।,phone call,"अन्तर्राष्ट्रिय विद्यार्थी कार्यालयमा नाथानियल ब्राउनले सुश्री कोलिन्सलाई आवासको अवस्थाबारे कुराकानी गर्न फोन गरेका थिए। कार्यालयकी कर्मचारी लिआले उनलाई जोड्ने प्रयास गरेकी थिइन्, तर सुश्री कोलिन्सको लाइन व्यस्त भएकाले उनले सन्देश लिने र नाथानियलको मोबाइल नम्बर लिएर फिर्ता फोन गर्ने बताइन्। नाथानियलले आज बेलुका ६ बजेभित्र फोन गर्न अनुरोध गरेका थिए।",अन्तर्राष्ट्रिय विद्यार्थी कार्यालयमा आवास सम्बन्धी कुराकानी र फोन सन्देश व्यवस्थापन,Same Meaning,Different Meaning,Different Meaning,0.85,"The generated summary accurately represents the main idea, facts, entities, and subject of the dialogue, preserving all important details. However, the generated topic ('अन्तर्राष्ट्रिय विद्यार्थी कार्यालयमा आवास सम्बन्धी कुराकानी र फोन सन्देश व्यवस्थापन') introduces additional concepts ('आवास सम्बन्धी कुराकानी' and 'फोन सन्देश व्यवस्थापन') that are not explicitly the main topic of the dialogue. The dialogue primarily focuses on a phone call to discuss housing conditions and a message request, not a broader topic about housing-related conversations or phone message management. The reference topic 'phone call' is more accurate as it captures the core subject of the dialogue.",C,PC
train_12267,"#Person1#: I don't know what to do. I start off studying, but I always end up doing something else.
 #Person2#: I'll help you, but please listen to me. Now first turn off your music. Music doesn't help you study.
 #Person1#: OK, no music.
 #Person2#: Have an Apple and a glass of water on your desk before you start. Here you are.
 #Person1#: Why?
 #Person2#: Because then you don't need to go to the kitchen for something to eat or drink.
 #Person1#: OK.
 #Person2#: Turn off your phone.
 #Person1#: No way.
 #Person2#: Yes, it stops you working. If you turn it out, it's easier to concentrate. You can read your messages later.
 #Person1#: OK. But I can't turn off the internet on my computer. I need it to look up information.
 #Person2#: OK. But you can turn off your instant messages.
 #Person1#: I know, mom.
 #Person2#: Yes.
 #Person1#: Thanks.","#Person1# cannot concentrate on the study. #Person1#'s mom tells #Person1# to turn off the music, phone, and instant message and then asks #Person1# to get an apple and water before starts.",studying distraction,"Person2 advises Person1 on how to improve focus while studying by removing distractions such as music, phone, and instant messages, and suggests keeping an apple and water nearby to avoid leaving the desk.",improving study habits and reducing distractions,Same Meaning,Same Meaning,Same Meaning,0.98,"The generated summary accurately captures the main idea of the dialogue, including the advice given by Person2 to remove distractions (music, phone, instant messages) and the suggestion to keep an apple and water nearby. The generated topic correctly reflects the focus on improving study habits and reducing distractions, which aligns with the dialogue's content. No important facts, entities, or meaning are altered, omitted, or contradicted.","#व्यक्ति१#:	मलाई के गर्ने थाहा छैन। म पढ्न सुरु गर्छु, तर अन्ततः सधैँ अरू केही गर्न थाल्छु।
#व्यक्ति२#:	म तिमीलाई सहयोग गर्छु, तर कृपया मेरो कुरा सुन। अब पहिले आफ्नो सङ्गीत बन्द गर। सङ्गीतले तिमीलाई पढ्न सहयोग गर्दैन।
#व्यक्ति१#:	ठीक छ, सङ्गीत छैन।
#व्यक्ति२#:	सुरु गर्नुअघि आफ्नो टेबलमा एउटा स्याउ र एक गिलास पानी राख। यहाँ छ।
#व्यक्ति१#:	किन?
#व्यक्ति२#:	किनभने त्यसपछि तिमीलाई केही खान वा पिउन भान्सामा जानुपर्दैन।
#व्यक्ति१#:	ठीक छ।
#व्यक्ति२#:	आफ्नो फोन बन्द गर।
#व्यक्ति१#:	हुँदै हुँदैन।
#व्यक्ति२#:	हुन्छ, यसले तिमीलाई काम गर्नबाट रोक्छ। यदि तिमीले यसलाई बन्द गर्‍यौ भने, ध्यान केन्द्रित गर्न सजिलो हुन्छ। तिमी आफ्ना सन्देशहरू पछि पढ्न सक्छौ।
#व्यक्ति१#:	ठीक छ। तर म आफ्नो कम्प्युटरको इन्टरनेट बन्द गर्न सक्दिनँ। जानकारी खोज्न मलाई यसको आवश्यकता पर्छ।
#व्यक्ति२#:	ठीक छ। तर तिमी आफ्ना तत्काल सन्देशहरू बन्द गर्न सक्छौ।
#व्यक्ति१#:	मलाई थाहा छ, आमा।
#व्यक्ति२#:	हो।
#व्यक्ति१#:	धन्यवाद।","#व्यक्ति१# पढाइमा ध्यान केन्द्रित गर्न सक्दैनन्। #व्यक्ति१# की आमाले #व्यक्ति१# लाई संगीत, फोन र तत्काल सन्देश बन्द गर्न भन्छिन् र त्यसपछि सुरु गर्नुअघि एउटा स्याउ र पानी लिन भन्छिन्।",studying distraction,"व्यक्ति१ ले पढ्न सुरु गर्ने प्रयास गर्दा बारम्बार अन्य काममा व्यस्त हुने गरेको र व्यक्ति२ ले उसलाई ध्यान केन्द्रित गर्न मद्दत गर्ने प्रयास गरेको। व्यक्ति२ ले व्यक्ति१ लाई सङ्गीत बन्द गर्न, टेबलमा स्याउ र पानी राख्न, फोन बन्द गर्न, र तत्काल सन्देशहरू बन्द गर्न सुझाव दिएको। व्यक्ति१ ले भने अनुसार फोन बन्द गरे पनि इन्टरनेट र कम्प्युटर प्रयोग गर्न चाहेको बताएको।",ध्यान केन्द्रित गरी पढ्न मद्दत गर्ने उपायहरू,Same Meaning,Same Meaning,Same Meaning,0.98,"The generated summary accurately captures the main idea of the dialogue, including the key points: Person1's difficulty focusing on studies, Person2's advice to remove distractions (music, phone, immediate messages), and the suggestion to keep a snack and water on the table. The generated topic ('ध्यान केन्द्रित गरी पढ्न मद्दत गर्ने उपायहरू') correctly represents the main topic of the dialogue ('studying distraction'). The minor differences in phrasing and structure do not alter the meaning or omit any critical details.",C,C
train_10987,"#Person1#: Would you like to travel?
 #Person2#: Oh, yes. I often went on business trips in the past six years.
 #Person1#: How many languages can you speak in addition to your mother tongue?
 #Person2#: I speak English and French in addition to my mother tongue, Chinese.
 #Person1#: That's fine. What salary do you get at your present position?
 #Person2#: My present monthly salary is $ 1, 500.
 #Person1#: We'll start you off with a base salary of $ 20, 000 a year, with bonuses that can add up to $ 40, 000. A company car, and a company pension scheme. Is that acceptable to you?
 #Person2#: I think so.
 #Person1#: Excellent. Well, thank you very much, Mr. B, and you'll be hearing from us in the next few days, either way.
 #Person2#: Thank you. Mr. A, and I certainly hope the answer will be favorable. Goodbye.",Mr. B negotiates with Mr. A about his mastery of foreign languages and the salary of the new position in Mr. A's company.,Job package,"Person1 offers Person2 a job with a base salary of $20,000 per year, potential bonuses up to $40,000, a company car, and a pension scheme. Person2, who speaks English, French, and Chinese and previously earned $1,500 monthly, accepts the offer.",job offer and salary negotiation,Same Meaning,Same Meaning,Same Meaning,0.98,"The generated summary accurately captures the main ideas of the dialogue, including Person1's job offer details (salary, bonuses, car, pension), Person2's language skills (English, French, Chinese), previous salary ($1,500 monthly), and acceptance of the offer. The generated topic 'job offer and salary negotiation' correctly reflects the reference topic 'Job package' and the dialogue's focus on job-related discussions. No contradictions, omissions of critical facts, or introductions of unsupported information are present.","#व्यक्ति१#:	तपाईंलाई यात्रा गर्न मन पर्छ?
#व्यक्ति२#:	ओहो, हो। मैले विगत छ वर्षमा प्रायः व्यावसायिक यात्राहरू गरेको छु।
#व्यक्ति१#:	तपाईं आफ्नो मातृभाषाबाहेक कति वटा भाषा बोल्न सक्नुहुन्छ?
#व्यक्ति२#:	म आफ्नो मातृभाषा चिनियाँबाहेक अङ्ग्रेजी र फ्रेन्च बोल्छु।
#व्यक्ति१#:	त्यो राम्रो हो। तपाईं आफ्नो वर्तमान पदमा कति तलब पाउनुहुन्छ?
#व्यक्ति२#:	मेरो वर्तमान मासिक तलब १,५०० डलर हो।
#व्यक्ति१#:	हामी तपाईंलाई वर्षको २०,००० डलरको आधारभूत तलबबाट सुरु गर्नेछौँ, जसमा ४०,००० डलरसम्म थपिन सक्ने बोनसहरू हुनेछन्। कम्पनीको गाडी र कम्पनीको पेन्सन योजना पनि हुनेछ। के त्यो तपाईंलाई स्वीकार्य छ?
#व्यक्ति२#:	मलाई लाग्छ, हुन्छ।
#व्यक्ति१#:	उत्कृष्ट। धन्यवाद, श्री बी, र जे भए पनि तपाईंले आगामी केही दिनमा हामीबाट खबर पाउनुहुनेछ।
#व्यक्ति२#:	धन्यवाद। श्री ए, र म निश्चित रूपमा आशा गर्छु कि उत्तर सकारात्मक हुनेछ। बिदा।",श्री बीले श्री ए को कम्पनीमा नयाँ पदका लागि विदेशी भाषाहरूको दक्षता र तलबबारे श्री एसँग छलफल गर्छन्।,Job package,"व्यक्ति १ र व्यक्ति २ बीचको संवादमा व्यक्ति २ ले आफ्नो यात्रा अनुभव, भाषा कौशल (चिनियाँ, अङ्ग्रेजी, फ्रेन्च), र हालको १,५०० डलर मासिक तलब बारे बताए। व्यक्ति १ ले व्यक्ति २ लाई २०,००० डलर आधारभूत तलब, ४०,००० डलरसम्म बोनस, कम्पनी गाडी र पेन्सन योजनासहितको प्रस्ताव गरे, जसलाई व्यक्ति २ ले स्वीकार गरे। अन्त्यमा, व्यक्ति १ ले आगामी केही दिनमा निर्णयको खबर दिने बताए।",नयाँ पदको प्रस्ताव र स्वीकार,Same Meaning,Same Meaning,Same Meaning,0.98,"The generated summary accurately captures the main idea of the dialogue, including the discussion about job package details (salary, bonus, benefits) and the acceptance of the offer. The generated topic 'नयाँ पदको प्रस्ताव र स्वीकार' correctly reflects the core subject of the dialogue, which aligns with the reference topic 'Job package'. Both preserve all key entities (people, salary figures, benefits) and facts without introducing contradictions or omissions that alter meaning.",C,C
train_7349,"#Person1#: My goodness! You're kidding!
 #Person2#: No. I'm serious. I'm going to quit my job.
 #Person1#: That's amazing! You got a good pay here, didn't you?
 #Person2#: It's true. But I can't show my abilities.
 #Person1#: Come on! Don't be silly!
 #Person2#: Your present job is something better. Why do you change?
 #Person1#: Well. How do you know?","#Person2#'s going to quit the job, and #Person1# persuades #Person2#.",quit the job,"Person2 announces their decision to quit their job, citing dissatisfaction with their current role despite good pay. Person1 expresses surprise and questions the decision.",decision to quit a job,Same Meaning,Same Meaning,Same Meaning,0.98,"The generated summary accurately reflects the main idea of the dialogue, including Person2's decision to quit and Person1's surprise and questioning. The generated topic ('decision to quit a job') aligns with the reference topic ('quit the job') and the dialogue's core concept. No contradictions, omissions of critical facts, or introductions of extraneous information are present.","#व्यक्ति१#:	हे भगवान्! तपाईं मजाक गर्दै हुनुहुन्छ!
#व्यक्ति२#:	होइन। म गम्भीर छु। म आफ्नो जागिर छोड्न लागेको छु।
#व्यक्ति१#:	त्यो अचम्मको कुरा हो! तपाईंले यहाँ राम्रो तलब पाउनुहुन्थ्यो, हैन?
#व्यक्ति२#:	त्यो सत्य हो। तर म आफ्ना क्षमताहरू देखाउन सक्दिनँ।
#व्यक्ति१#:	छोड्नुहोस्! मूर्ख नबन्नुहोस्!
#व्यक्ति२#:	तपाईंको वर्तमान जागिर केही राम्रो छ। तपाईं किन परिवर्तन गर्नुहुन्छ?
#व्यक्ति१#:	खैर। तपाईंलाई कसरी थाहा?",#व्यक्ति२# जागिर छोड्न लागेका छन् र #व्यक्ति१# ले #व्यक्ति२# लाई सम्झाउँछन्।,quit the job,व्यक्ति२ ले आफ्नो राम्रो तलब भएको जागिर छोड्न लागेको बताएपछि व्यक्ति१ ले उनलाई त्यसो नगर्न आग्रह गरे। व्यक्ति२ ले आफ्ना क्षमताहरू देखाउन नसकेको कारण जागिर छोड्न लागेको बताए।,जागिर परिवर्तन गर्ने निर्णय र त्यसमा व्यक्तिको असन्तुष्टि,Same Meaning,Different Meaning,Same Meaning,0.98,"The generated summary accurately represents the main idea of the dialogue, preserving important facts (person2 quitting job, person1's persuasion, person2's dissatisfaction with current job). The generated topic ('जागिर परिवर्तन गर्ने निर्णय र त्यसमा व्यक्तिको असन्तुष्टि') is broader than the reference topic ('quit the job') but still refers to the same main topic (job change decision). The summary is more detailed than the reference summary but does not contradict or alter the meaning.",C,C
train_4721,"#Person1#: Shall we share a taxi?
 #Person2#: Where are you heading now?
 #Person1#: I want to go back to my college on the Huanghe road. It is very close to your house.
 #Person2#: Is that the university next to the Teachers'College?
 #Person1#: That's the one.
 #Person2#: You mean we'll share the taxi?
 #Person1#: Yeah. If we share the cab, it'll be cheaper. Besides that your Chinese is better than mine. The drivers usually have difficulty understanding me even though I practice my pronunciation carefully.
 #Person2#: Well. Don't worry about it, I will be happy to share the taxi with you.",#Person1# wants to share the taxi with #Person2#. #Person2# agrees after noticing the destination and advantages.,share a taxi,"Person1 suggests sharing a taxi to go to their college on Huanghe Road, which is near Person2's house. Person2 agrees, noting that sharing the taxi will be cheaper and that their better Chinese will help with communication with the driver.",sharing a taxi to college,Same Meaning,Same Meaning,Same Meaning,0.98,"The generated summary accurately captures the main idea of the dialogue, including the suggestion to share a taxi, the destination (college on Huanghe Road), the proximity to Person2's house, and the advantages mentioned (cost savings and better Chinese for communication). The generated topic ('sharing a taxi to college') is a concise and accurate representation of the main topic in the dialogue. Both the summary and topic preserve the same meaning as the reference without introducing or omitting critical facts.","#व्यक्ति१#:	के हामी ट्याक्सी साझा गरौँ?
#व्यक्ति२#:	तपाईं अहिले कहाँ जाँदै हुनुहुन्छ?
#व्यक्ति१#:	म ह्वाङ्हे सडकमा रहेको आफ्नो कलेजमा फर्कन चाहन्छु। यो तपाईंको घरको धेरै नजिक छ।
#व्यक्ति२#:	के त्यो शिक्षक कलेजको छेउमा रहेको विश्वविद्यालय हो?
#व्यक्ति१#:	हो, त्यही हो।
#व्यक्ति२#:	तपाईंको मतलब हामी ट्याक्सी साझा गर्ने?
#व्यक्ति१#:	हो। यदि हामी ट्याक्सी साझा गर्‍यौँ भने, यो सस्तो हुनेछ। त्यसबाहेक तपाईंको चिनियाँ भाषा मेरोभन्दा राम्रो छ। मैले आफ्नो उच्चारण ध्यानपूर्वक अभ्यास गरे पनि चालकहरूलाई सामान्यतया मलाई बुझ्न गाह्रो हुन्छ।
#व्यक्ति२#:	खैर। चिन्ता नगर्नुहोस्, म तपाईंसँग ट्याक्सी साझा गर्न खुसी हुनेछु।",#व्यक्ति१# #व्यक्ति२# सँग ट्याक्सी बाँड्न चाहन्छन्। #व्यक्ति२# ले गन्तव्य र फाइदाहरू थाहा पाएपछि सहमत हुन्छन्।,share a taxi,"व्यक्ति१ ले व्यक्ति२ लाई ट्याक्सी साझा गरेर कलेज पुग्न प्रस्ताव गरेका छन्। व्यक्ति२ ले स्वीकार गरेका छन्, किनकि व्यक्ति१ को उच्चारण राम्रो नभएको र व्यक्ति२ को चिनियाँ भाषा राम्रो भएको कारणले गर्दा।",ट्याक्सी साझा गरेर यात्रा गर्ने प्रस्ताव र स्वीकार,Same Meaning,Same Meaning,Same Meaning,0.98,"The generated summary accurately captures the main idea of the dialogue, including the proposal to share a taxi, the destination (college near Huanghe Road), and the reasons for agreement (Person1's pronunciation issues and Person2's better Chinese language skills). The generated topic correctly reflects the main topic of sharing a taxi and the proposal/acceptance aspect. No contradictions, omissions of critical facts, or introductions of unrelated entities are present.",C,C
train_5943,"#Person1#: Rose, Christmas is coming soon. What presents shall we buy for the children?
 #Person2#: What about a bike for John? He's been asking for one for a long time.
 #Person1#: But I don't think he's old enough to ride a bike to school. Let's buy him a football instead alright?
 #Person2#: OK, what should we buy for Jane?
 #Person1#: Well, she likes music very much. Shall we buy her a guitar?
 #Person2#: I think an MP3 player will be better. It can help her learn Chinese.
 #Person1#: Then let's buy one for her. Now what about little Jack?
 #Person2#: Well, he's still a young baby. I think a toy car is best for him.
 #Person1#: I couldn't agree more. When shall we go and buy the presents?
 #Person2#: Well, tomorrow is Sunday. Let's go shopping tomorrow afternoon after we see the film.
 #Person1#: But we mustn't let the children know about the presents before Christmas.
 #Person2#: I'm sure they won't know. I'll take them to the McDonald's while you were doing the shopping.","#Person1# and Rose talk about buying a football for John, an MP3 player for Jane, and a toy for Jack as Christmas presents. They plan to go shopping tomorrow secretly.",gift preparation,"Person1 and Person2 discuss Christmas presents for their children: John (football), Jane (MP3 player), and little Jack (toy car). They plan to shop the next Sunday after a film, keeping the gifts a secret until Christmas.",Choosing Christmas presents for children and planning the shopping trip,Same Meaning,Same Meaning,Same Meaning,0.98,"The generated summary accurately represents the main ideas of the dialogue, including the gifts for John (football), Jane (MP3 player), and Jack (toy car), as well as the planned shopping trip and secrecy until Christmas. The generated topic correctly captures the essence of the dialogue as gift preparation and planning. Minor phrasing differences (e.g., 'little Jack' vs. 'Jack', 'next Sunday' vs. 'tomorrow') do not alter the meaning.","#व्यक्ति१#:	रोज, क्रिसमस चाँडै आउँदैछ। हामीले बच्चाहरूका लागि के उपहार किन्नुपर्छ?
#व्यक्ति२#:	जोनका लागि साइकल कस्तो हुन्छ? उसले लामो समयदेखि एउटा मागिरहेको छ।
#व्यक्ति१#:	तर मलाई लाग्दैन ऊ साइकल चढेर विद्यालय जान पर्याप्त ठूलो भइसकेको छ। बरु उसको लागि फुटबल किनौँ, हुन्छ?
#व्यक्ति२#:	हुन्छ, जेनका लागि हामीले के किन्नुपर्छ?
#व्यक्ति१#:	खैर, उसलाई सङ्गीत धेरै मन पर्छ। उसको लागि गितार किनौँ?
#व्यक्ति२#:	मलाई लाग्छ सङ्गीत बजाउने यन्त्र अझ राम्रो हुनेछ। यसले उसलाई चिनियाँ भाषा सिक्न मद्दत गर्न सक्छ।
#व्यक्ति१#:	त्यसो भए उसको लागि एउटा किनौँ। अब सानो ज्याकको लागि के गर्ने?
#व्यक्ति२#:	खैर, ऊ अझै सानो बच्चा हो। मलाई लाग्छ उसको लागि खेलौना गाडी सबैभन्दा राम्रो हुन्छ।
#व्यक्ति१#:	म यसमा पूर्ण रूपमा सहमत छु। हामी कहिले गएर उपहारहरू किन्ने?
#व्यक्ति२#:	खैर, भोलि आइतबार हो। भोलि दिउँसो चलचित्र हेरेपछि किनमेल गर्न जाऔँ।
#व्यक्ति१#:	तर हामीले क्रिसमसभन्दा अघि बच्चाहरूलाई उपहारबारे थाहा दिनु हुँदैन।
#व्यक्ति२#:	म निश्चित छु उनीहरूलाई थाहा हुनेछैन। तिमी किनमेल गरिरहँदा म उनीहरूलाई म्याकडोनाल्ड्समा लैजानेछु।","#व्यक्ति१# र रोजले जोनका लागि फुटबल, जेनका लागि एमपी३ बजाउने यन्त्र र ज्याकका लागि खेलौना क्रिसमस उपहारका रूपमा किन्नेबारे कुरा गर्छन्। उनीहरू भोलि गोप्य रूपमा किनमेल गर्न जाने योजना बनाउँछन्।",gift preparation,"दुई व्यक्तिले क्रिसमसको उपहारका लागि बच्चाहरू जोन, जेन र सानो ज्याकका लागि उपयुक्त वस्तुहरू छलफल गरे। जोनलाई फुटबल, जेनलाई सङ्गीत बजाउने यन्त्र र ज्याकलाई खेलौना गाडी किन्ने निर्णय गरे। साथै, उनीहरूले उपहारहरू क्रिसमसअघि नै किनेर लुकाउने र भोलि आइतबार उपहार किन्ने योजना बनाए।",क्रिसमस उपहारको लागि बच्चाहरूका लागि उपयुक्त वस्तुहरूको चयन र किनमेलको योजना,Same Meaning,Same Meaning,Same Meaning,0.98,"The generated summary accurately reflects the main idea of the dialogue, preserving all important facts (gifts for John, Jane, and Jack, the decision to buy them, the plan to shop secretly before Christmas, and the timing of shopping). The generated topic correctly represents the main topic of gift preparation for Christmas. No contradictions, omissions of critical facts, or introductions of unrelated entities are present. Minor phrasing differences (e.g., 'एमपी३ बजाउने यन्त्र' vs. 'सङ्गीत बजाउने यन्त्र') do not alter the meaning.",C,C
train_2288,"#Person1#: Good afternoon! Dr. Perkins' office.
 #Person2#: Good afternoon. I'd like to speak to the doctor. Is he in?
 #Person1#: Who is that calling, please?
 #Person2#: My name is Li Hong. I'm from China.
 #Person1#: I'm sorry. Dr. Perkins is now at an important meeting and can't answer your call.
 #Person2#: I'm an exchange scholar. Dr. Perkins asked me to give a lecture. There are some details I want to discuss with him.
 #Person1#: I see, but you must speak to himself about that. Oh, well, if you leave your number, I'll tell him to ring you as soon as he is available.
 #Person2#: Thanks. My number is 7838298.",Li Hong phones to discuss the details of a lecture with Dr. Perkins. #Person1# says Perkins isn't available and will let him call Li back.,phone call,"Person2, Li Hong, calls Dr. Perkins' office to speak with the doctor about lecture details they were asked to discuss. Person1, the office staff, informs Li that Dr. Perkins is in a meeting and cannot take the call but offers to have him return the call later.",A phone call to Dr. Perkins' office regarding scheduling a discussion about a lecture,Same Meaning,Same Meaning,Same Meaning,0.98,"The generated summary accurately captures the main idea of the dialogue, including the purpose of the call (discussing lecture details), the unavailability of Dr. Perkins, and the offer to return the call. The generated topic correctly identifies the context as a phone call to Dr. Perkins' office regarding scheduling a discussion about a lecture, which aligns with the reference topic. Both preserve all important facts, entities (Li Hong, Dr. Perkins, Person1), and the core meaning without contradictions or omissions.","#व्यक्ति१#:	शुभ अपराह्न! डाक्टर पर्किन्सको कार्यालय।
#व्यक्ति२#:	शुभ अपराह्न। म डाक्टरसँग कुरा गर्न चाहन्छु। उहाँ हुनुहुन्छ?
#व्यक्ति१#:	कृपया को बोल्दै हुनुहुन्छ?
#व्यक्ति२#:	मेरो नाम ली होङ हो। म चीनबाट हुँ।
#व्यक्ति१#:	माफ गर्नुहोस्। डाक्टर पर्किन्स अहिले एउटा महत्त्वपूर्ण बैठकमा हुनुहुन्छ र तपाईंको फोनको जवाफ दिन सक्नुहुन्न।
#व्यक्ति२#:	म आदानप्रदानका लागि आएको विद्वान हुँ। डाक्टर पर्किन्सले मलाई एउटा व्याख्यान दिन भन्नुभएको थियो। म उहाँसँग छलफल गर्न चाहेका केही विवरणहरू छन्।
#व्यक्ति१#:	बुझेँ, तर त्यसबारे तपाईंले उहाँसँग आफैँ कुरा गर्नुपर्छ। ओहो, यदि तपाईंले आफ्नो नम्बर छोड्नुभयो भने, उहाँ उपलब्ध हुनासाथ तपाईंलाई फोन गर्न म उहाँलाई भन्छु।
#व्यक्ति२#:	धन्यवाद। मेरो नम्बर ७८३८२९८ हो।",ली होङले डा. पर्किन्ससँग व्याख्यानका विवरणहरूबारे छलफल गर्न फोन गर्छिन्। #व्यक्ति१# ले पर्किन्स उपलब्ध नभएको बताउँछन् र उनलाई लीलाई पछि फोन गर्न लगाउनेछन्।,phone call,"व्यक्ति२ (ली होङ) ले डाक्टर पर्किन्ससँग कुरा गर्न चाहेका थिए, तर डाक्टर पर्किन्स अहिले महत्त्वपूर्ण बैठकमा भएकाले फोन उठाउन सकेनन्। ली होङ चीनबाट आएका विद्वान हुन् र डाक्टर पर्किन्सले दिएको व्याख्यानका विवरणहरूमा छलफल गर्न चाहन्थे। व्यक्तित्व१ ले ली होङलाई उनको फोन नम्बर (७८३८२९८) छोड्न सुझाव दिए, ताकि डाक्टर पर्किन्स उपलब्ध हुनासाथ फोन गर्न सकून्।",डाक्टर पर्किन्ससँग फोनमार्फत सम्पर्क गर्ने प्रयास र वैकल्पिक सञ्चार माध्यम,Same Meaning,Different Meaning,Same Meaning,0.98,"The generated summary accurately represents the main idea, preserves all important facts (Lee Hong's identity, Dr. Perkins' unavailability, the purpose of the call, and the phone number exchange), and maintains the same meaning as the dialogue and reference summary. The generated topic ('डाक्टर पर्किन्ससँग फोनमार्फत सम्पर्क गर्ने प्रयास र वैकल्पिक सञ्चार माध्यम') introduces the concept of 'alternative communication methods' which is not present in the dialogue or reference topic ('phone call'). However, the core topic (contacting Dr. Perkins via phone) is preserved, so the overall meaning remains the same.",C,C
train_2614,"#Person1#: Who are we going to play with today?
 #Person2#: We are playing against Hainan.
 #Person1#: Oh, the basketball team from No. 1 College? I know they're a tough team.
 #Person2#: Sure they are.
 #Person1#: Who's winning?
 #Person2#: We are, 27 to 26.
 #Person1#: Really? I thought that they'd been killing us by now.
 #Person2#: How can it be? We are a tough team as well.","#Person1# and #Person2# are playing basketball against the team of Hainan, and they win.",basketball,"Person1 and Person2 discuss an ongoing basketball game against Hainan, a team from No. 1 College. Person2 reports that their team is leading 27 to 26, surprising Person1 who expected Hainan to be dominating.",discussion about a basketball game against Hainan,Same Meaning,Same Meaning,Same Meaning,0.98,"The generated summary accurately represents the main idea of the dialogue, preserving important facts (playing against Hainan, leading score 27-26, Person1's surprise), entities (Person1, Person2, Hainan, No. 1 College), and the subject (basketball game). The generated topic correctly refers to the same main topic (discussion about a basketball game against Hainan) without introducing or omitting critical information. The slight difference in phrasing ('discuss an ongoing game' vs. 'are playing') does not alter the meaning.","#व्यक्ति१#:	आज हामी कोसँग खेल्न जानेछौँ?
#व्यक्ति२#:	हामी हाइनानविरुद्ध खेल्दैछौँ।
#व्यक्ति१#:	ओहो, नम्बर १ कलेजको बास्केटबल टोली? मलाई थाहा छ उनीहरू कठिन टोली हुन्।
#व्यक्ति२#:	पक्कै पनि हुन्।
#व्यक्ति१#:	कसले जितिरहेको छ?
#व्यक्ति२#:	हामी, २७ विरुद्ध २६।
#व्यक्ति१#:	साँच्चै? मैले सोचेको थिएँ उनीहरूले अहिलेसम्म हामीलाई नराम्ररी हराइसकेका होलान्।
#व्यक्ति२#:	त्यस्तो कसरी हुन सक्छ? हामी पनि कठिन टोली हौँ।",#व्यक्ति१# र #व्यक्ति२# हाइनानको टोलीविरुद्ध बास्केटबल खेलिरहेका छन् र उनीहरू जित्छन्।,basketball,व्यक्ति १ र व्यक्ति २ बीच भएको संवादमा व्यक्ति २ ले हाइनानविरुद्ध खेल्न लागेको र हाल खेलमा आफ्नो टोली २७ विरुद्ध २६ ले अगाडि रहेको बताएका छन्। व्यक्ति १ ले हाइनानलाई बलियो टोली भएको बताएका छन्।,हाइनानविरुद्धको बास्केटबल खेलको तयारी र खेलको वर्तमान अवस्था,Same Meaning,Same Meaning,Same Meaning,0.98,"The generated summary accurately captures the main idea of the dialogue, including the teams playing (हाइनानविरुद्ध), the sport (बास्केटबल), the current score (२७ विरुद्ध २६), and the participants' perspectives on the game's difficulty. The generated topic correctly identifies the main subject as a basketball game against Hainan with a focus on preparation and current status, which aligns with the dialogue's content. No contradictions, omissions of critical facts, or introductions of unrelated entities are present.",C,C
train_8211,"#Person1#: Hi, Maria, what are you up to?
 #Person2#: I'm just trying to plan my trip to Southeast Asia.
 #Person1#: Where are you planning to go?
 #Person2#: Well, I'm going to start by flying to Hong Kong. I have a friend there, who I haven't seen for a long time. Then I'll fly to Vietnam and take a bus down to Ho Chi Minh City.
 #Person1#: And then where will you go?
 #Person2#: Well, from there, I'll take the boat up River to Seam Reap, and see the famous temples. From there, I'll fly to Bangkok and try to get to the Chatuchak Market. I hear it's really great for shopping.
 #Person1#: And then?
 #Person2#: I was thinking of just staying on a beach in the South.
 #Person1#: Where are you going to stay in those places?
 #Person2#: Um, I don't have much money, so I'll just stay in small guest houses rather than big hotels.","#Person1# asks Maria about her trip to Southeast Asia. Maria says she will mainly visit Hong Kong, Vietnam, Cambodia and Thailand, and stay in small guest houses to save money.",trip plan,"Maria discusses her travel plans for Southeast Asia with Person1. She will fly to Hong Kong to visit a friend, then travel to Vietnam, take a bus to Ho Chi Minh City, and proceed by boat to Siem Reap to visit temples. From there, she plans to fly to Bangkok for shopping at Chatuchak Market before ending her trip at a beach in the south. She mentions staying in small guest houses due to budget constraints.",Maria's travel itinerary for Southeast Asia,Same Meaning,Same Meaning,Same Meaning,0.98,"The generated summary accurately captures all key destinations (Hong Kong, Vietnam, Ho Chi Minh City, Siem Reap, Bangkok, and a beach in the south), activities (visiting a friend, temples, shopping at Chatuchak Market), and lodging details (small guest houses due to budget constraints) from the dialogue. The generated topic correctly identifies the main subject as Maria's travel itinerary for Southeast Asia, matching the reference topic 'trip plan'. No contradictions, omissions of critical facts, or introductions of extraneous information were found.","#व्यक्ति१#:	नमस्ते, मारिया, तिमी के गर्दैछौ?
#व्यक्ति२#:	म दक्षिणपूर्वी एसियाको आफ्नो यात्राको योजना बनाउने प्रयास गर्दैछु।
#व्यक्ति१#:	तिमी कहाँ जाने योजना बनाउँदैछौ?
#व्यक्ति२#:	खैर, म पहिले हङकङ उडेर जानेछु। त्यहाँ मेरो एकजना साथी छ, जसलाई मैले लामो समयदेखि भेटेकी छैनँ। त्यसपछि म भियतनाम उडेर जानेछु र हो ची मिन्ह सिटीसम्म बसमा जानेछु।
#व्यक्ति१#:	अनि त्यसपछि तिमी कहाँ जानेछौ?
#व्यक्ति२#:	खैर, त्यहाँबाट म डुङ्गामा नदी हुँदै सीम रीप जानेछु र प्रसिद्ध मन्दिरहरू हेर्नेछु। त्यहाँबाट म बैंकक उडेर जानेछु र चातुचक बजार पुग्ने प्रयास गर्नेछु। मैले सुनेकी छु त्यहाँ किनमेल गर्न साँच्चै राम्रो हुन्छ।
#व्यक्ति१#:	अनि त्यसपछि?
#व्यक्ति२#:	म दक्षिणतर्फको कुनै समुद्रकिनारमा मात्र बसिरहने सोचमा थिएँ।
#व्यक्ति१#:	तिमी ती ठाउँहरूमा कहाँ बस्नेछौ?
#व्यक्ति२#:	उम्, मसँग धेरै पैसा छैन, त्यसैले म ठूला होटलहरूको सट्टा साना अतिथिगृहहरूमा बस्नेछु।","#व्यक्ति१# ले मारियासँग दक्षिणपूर्वी एसियाको यात्राबारे सोध्छन्। मारियाले आफू मुख्य रूपमा हङकङ, भियतनाम, कम्बोडिया र थाइल्यान्ड जाने र पैसा बचाउन साना अतिथिगृहहरूमा बस्ने बताउँछिन्।",trip plan,"मारिया दक्षिणपूर्वी एसियाको यात्राको योजना बनाउँदैछिन्। उनले पहिले हङकङ जाने, त्यसपछि भियतनाम हुँदै हो ची मिन्ह सिटी पुग्ने, त्यसपछि सीम रीपको मन्दिरहरू हेर्न जाने, बैंकक पुगेर चातुचक बजारमा किनमेल गर्ने र अन्तमा समुद्रकिनारमा बस्ने योजना बनाएकी छिन्। उनले साना अतिथिगृहहरूमा बस्ने सोच बनाएकी छिन्।",मारियाको दक्षिणपूर्वी एसियाको यात्रा योजना,Same Meaning,Same Meaning,Same Meaning,0.98,"The generated summary accurately captures all key destinations (हङकङ, भियतनाम, हो ची मिन्ह सिटी, सीम रीप, बैंकक), activities (मन्दिरहरू हेर्ने, किनमेल गर्ने, समुद्रकिनारमा बस्ने), and accommodation plans (साना अतिथिगृहहरूमा बस्ने) from the dialogue. The generated topic correctly identifies the main subject as मारियाको दक्षिणपूर्वी एसियाको यात्रा योजना, matching the reference topic 'trip plan'. No contradictions or omissions of important facts were found.",C,C
train_10939,"#Person1#: Thank you, 175 yuan.
 #Person2#: Here you go.
 #Person1#: Here is your change and your receipt. Do you have goods unpaid on you, sir
 #Person2#: No, I don't think so.
 #Person1#: I'm sorry I need to call the security to have a look.
 #Person2#: There must be a mistake.
 #Person1#: Sorry, sir, it's my job to make sure the goods are paid.
 #Person2#: Wait, can you check these sunglasses I bought it in the second floor. I think they forgot to demagnetize it.
 #Person1#: Sure. Ah. . . That's the problem. Have you paid for it
 #Person2#: Of course I did. Here is the receipt.
 #Person1#: Let me see. . . Oh, I am awfully sorry sir.
 #Person2#: That's all right.",#Person1# checks if #Person2# has anything unpaid. #Person2# thinks they forgot to demagnetize a pair of sunglasses and shows #Person1# the receipt. #Person1# feel sorry.,check shopping goods,"A store employee checks a customer for unpaid goods, initially suspects the customer but later discovers the issue was an un-demagnetized pair of sunglasses purchased on the second floor. The employee apologizes for the mistake.",Store security check for unpaid goods,Same Meaning,Same Meaning,Same Meaning,0.98,"The generated summary accurately captures the main idea of the dialogue, including the initial check for unpaid goods, the discovery of the un-demagnetized sunglasses, and the employee's apology. The generated topic correctly reflects the context of the dialogue, focusing on a store security check for unpaid goods. Both preserve all important facts, entities (e.g., sunglasses, receipt, employee, customer), and the sequence of events without contradiction or omission of critical details.","#व्यक्ति१#:	धन्यवाद, १७५ युआन।
#व्यक्ति२#:	लिनुहोस्।
#व्यक्ति१#:	यहाँ तपाईंको फिर्ता पैसा र रसिद छ। श्रीमान्, के तपाईंसँग भुक्तानी नगरिएका सामान छन्?
#व्यक्ति२#:	छैन, मलाई त्यस्तो लाग्दैन।
#व्यक्ति१#:	माफ गर्नुहोस्, मैले सुरक्षा कर्मचारीलाई बोलाएर जाँच गराउनुपर्छ।
#व्यक्ति२#:	पक्कै कुनै गल्ती भएको हुनुपर्छ।
#व्यक्ति१#:	माफ गर्नुहोस्, श्रीमान्, भुक्तानी गरिएका सामानहरू सुनिश्चित गर्नु मेरो काम हो।
#व्यक्ति२#:	पर्खनुहोस्, मैले दोस्रो तलामा किनेका यी घामबाट बचाउने चस्माहरू जाँच गर्न सक्नुहुन्छ? मलाई लाग्छ उनीहरूले त्यसको सुरक्षा चुम्बक हटाउन बिर्सेछन्।
#व्यक्ति१#:	पक्कै। आह... समस्या यही रहेछ। के तपाईंले यसको भुक्तानी गर्नुभएको छ?
#व्यक्ति२#:	अवश्य गरेको छु। यहाँ रसिद छ।
#व्यक्ति१#:	मलाई हेर्न दिनुहोस्... ओहो, म अत्यन्तै माफी चाहन्छु, श्रीमान्।
#व्यक्ति२#:	ठीकै छ।",#व्यक्ति१# ले #व्यक्ति२# सँग भुक्तानी नगरिएका कुनै सामान छन् कि भनेर जाँच गर्छन्। #व्यक्ति२# ले आफूले किनेको सनग्लासको चुम्बकीय सुरक्षा नहटाइएको हुन सक्ने ठान्छन् र #व्यक्ति१# लाई रसिद देखाउँछन्। #व्यक्ति१# माफी माग्छन्।,check shopping goods,"एक ग्राहकले पसलबाट किनेका सामानहरूको भुक्तानी गरेको थियो तर सुरक्षा कर्मचारीले उनलाई फिर्ता पैसा र रसिद दिए। पछि पत्ता लाग्यो कि उनले दोस्रो तल्लाबाट किनेका घामबाट बचाउने चस्माको भुक्तानी गरेका रहेछन्, तर सुरक्षा चुम्बक हटाउन बिर्सिएको थियो।",ग्राहक र पसलबीचको भुक्तानी तथा सामानको जाँच सम्बन्धी समस्या,Same Meaning,Same Meaning,Same Meaning,0.98,"The generated summary accurately captures the main idea of the dialogue, including the key facts about the payment check, the forgotten security magnet on the sunglasses, and the apology. The generated topic correctly refers to the same main topic of payment and goods verification between a customer and a shop. No contradictions, omissions of critical facts, or introductions of unrelated entities are present.",C,C
train_7073,"#Person1#: Hello, this is 5735647 5.
 #Person2#: Hello, this is John. I wanna speak to Linda, please.
 #Person1#: This is Linda.
 #Person2#: Hi, Linda. I want to invite you to a dinner tomorrow evening.
 #Person1#: Really? What time and which restaurant?
 #Person2#: At seven thirty pm, Longing Chinese restaurant. And I'll go to your home and pick you up at 7.
 #Person1#: Ok, I'll wait for you at 7pm at home. Anything else?
 #Person2#: No, have a nice day!
 #Person1#: Thank you. Bye.
 #Person2#: See you.",John invites Linda to dinner at a Chinese restaurant through a call. Linda accepts it.,Invitation,Person2 invites Person1 (Linda) to dinner at Longing Chinese restaurant tomorrow at 7:30 PM and offers to pick her up at 7 PM from her home. Person1 accepts the invitation.,invitation to dinner,Same Meaning,Same Meaning,Same Meaning,0.98,"The generated summary accurately captures the main idea of the dialogue, including the key details such as the invitation to dinner at Longing Chinese restaurant, the time (7:30 PM), the pickup time (7 PM), and Linda's acceptance. The generated topic 'invitation to dinner' correctly represents the main topic of the dialogue. Both the summary and topic preserve the same meaning as the reference without introducing or omitting important facts.","#व्यक्ति१#:	नमस्ते, यो ५७३५६४७५ हो।
#व्यक्ति२#:	नमस्ते, म जोन हुँ। म लिन्डासँग कुरा गर्न चाहन्छु।
#व्यक्ति१#:	म लिन्डा हुँ।
#व्यक्ति२#:	नमस्ते, लिन्डा। म तपाईंलाई भोलि बेलुका खानाका लागि निम्तो दिन चाहन्छु।
#व्यक्ति१#:	साँच्चै? कति बजे र कुन रेस्टुरेन्टमा?
#व्यक्ति२#:	बेलुका साढे सात बजे, लङ्गिङ चिनियाँ रेस्टुरेन्टमा। र म सात बजे तपाईंको घरमा आएर तपाईंलाई लिन जानेछु।
#व्यक्ति१#:	हुन्छ, म बेलुका सात बजे घरमा तपाईंलाई पर्खिरहनेछु। अरू केही?
#व्यक्ति२#:	छैन, तपाईंको दिन राम्रो रहोस्!
#व्यक्ति१#:	धन्यवाद। बिदा।
#व्यक्ति२#:	फेरि भेटौँला।",जोनले लिन्डालाई फोन गरेर चिनियाँ भोजनालयमा रात्रीभोजका लागि निम्तो दिन्छन्। लिन्डा स्वीकार गर्छिन्।,Invitation,व्यक्ति२ (जोन) ले व्यक्ति१ (लिन्डा) लाई भोलि बेलुका साढे सात बजे लङ्गिङ चिनियाँ रेस्टुरेन्टमा खानाका लागि निम्तो दिन्छन्। जोनले सात बजे लिन्डाको घरमा आएर लिने बताउँछन्। लिन्डाले यसलाई स्वीकार गर्दै बेलुका सात बजे घरमा पर्खिरहने बताउँछिन्।,खानाका लागि निम्तो र भेटघाटको व्यवस्था,Same Meaning,Same Meaning,Same Meaning,0.98,"The generated summary accurately captures the main idea of the dialogue, including the invitation details (time, place, and arrangement for pickup), and preserves all important entities (Jhon, Linda, Ling's Chinese Restaurant, time). The generated topic correctly reflects the main topic of the dialogue (invitation and meeting arrangement) without introducing or omitting critical information. The minor difference in phrasing (e.g., 'खानाका लागि निम्तो र भेटघाटको व्यवस्था' vs. 'Invitation') does not alter the core meaning.",C,C
train_8217,"#Person1#: Unfortunately, according to our regulations I have to confiscate these counterfeit notes.
 #Person2#: So, this 500 RMB is worthless?
 #Person1#: I'm sorry but it is our regulation, so I must follow it. We will issue you with a receipt to show that the notes you presented us with are counterfeit and have been confiscated. Then, if you wish to pay in some more cash, you are free to do so.
 #Person2#: Right, I see. Let me give you another 500 RIB.
 #Person1#: Here's your Passbook back and the receipt to say we confiscated the 500 RMB worth of counterfeit notes.
 #Person2#: Thanks. Now can I make the full deposit?
 #Person1#: Yes. Please fill in a new deposit slip and we can continue.",#Person1# confiscates the counterfeit notes and will issue #Person2# with a receipt. #Person2#'ll pay in some more cash to make the full deposit.,counterfeit notes,"Person1 confiscates counterfeit 500 RMB notes from Person2, issues a receipt, and allows Person2 to make a new deposit with valid cash.",confiscation of counterfeit currency during a deposit transaction,Same Meaning,Same Meaning,Same Meaning,0.98,"The generated summary accurately captures the main idea of the dialogue, including the confiscation of counterfeit notes, the issuance of a receipt, and the allowance for Person2 to make a new deposit with valid cash. The generated topic correctly identifies the main subject as the confiscation of counterfeit currency during a deposit transaction, which aligns with the reference topic 'counterfeit notes' and the dialogue's context. No important facts, entities, or meaning are altered, omitted, or contradicted.","#व्यक्ति१#:	दुर्भाग्यवश, हाम्रो नियमअनुसार मैले यी नक्कली नोटहरू जफत गर्नुपर्छ।
#व्यक्ति२#:	त्यसो भए यो ५०० युआन बेकार भयो?
#व्यक्ति१#:	माफ गर्नुहोस्, तर यो हाम्रो नियम हो, त्यसैले मैले यसलाई पालना गर्नुपर्छ। तपाईंले हामीलाई प्रस्तुत गर्नुभएको नोटहरू नक्कली हुन् र जफत गरिएका छन् भनेर देखाउन हामी तपाईंलाई एउटा रसिद दिनेछौँ। त्यसपछि, यदि तपाईं थप नगदबाट भुक्तानी गर्न चाहनुहुन्छ भने, तपाईं त्यसो गर्न स्वतन्त्र हुनुहुन्छ।
#व्यक्ति२#:	ठीक छ, बुझेँ। मलाई अर्को ५०० युआन दिन दिनुहोस्।
#व्यक्ति१#:	यहाँ तपाईंको बचत पुस्तिका फिर्ता र हामीले ५०० युआन बराबरका नक्कली नोटहरू जफत गरेको भन्ने रसिद छ।
#व्यक्ति२#:	धन्यवाद। अब के म पूरा रकम जम्मा गर्न सक्छु?
#व्यक्ति१#:	हुन्छ। कृपया नयाँ जम्मा पर्चा भर्नुहोस् र हामी अगाडि बढ्न सक्छौँ।",#व्यक्ति१# ले नक्कली नोटहरू जफत गर्छन् र #व्यक्ति२# लाई रसिद दिनेछन्। #व्यक्ति२# ले पूरा जम्मा गर्न थप नगद तिर्नेछन्।,counterfeit notes,व्यक्ति१ ले व्यक्ति२ बाट नक्कली नोटहरू जफत गरेको र त्यसको बदला अर्को ५०० युआन दिनुपर्ने स्थिति सिर्जना भएको छ। व्यक्ति१ ले नियम अनुसार नक्कली नोटहरू जफत गर्दै रसिद प्रदान गरेको र व्यक्ति२ ले बचत पुस्तिका फिर्ता पाएको छ। अब व्यक्ति२ ले पूरा रकम जम्मा गर्न सक्ने बताइएको छ।,नक्कली नोटहरूको जफत र त्यसको कानुनी प्रक्रिया तथा समाधान,Same Meaning,Same Meaning,Same Meaning,0.98,"The generated summary accurately represents the main idea of the dialogue, preserving important facts such as the confiscation of counterfeit notes, the issuance of a receipt, the return of the savings book, and the option to deposit additional cash. The generated topic correctly identifies the main subject as 'counterfeit notes' and includes the legal process aspect, which aligns with the dialogue's context. No contradictions or omissions of critical information are present.",C,C
train_3772,"#Person1#: Hmm. You have three cameras. Are you a photographer?
 #Person2#: No, my company makes cameras. Well, I'm also a photographer, but two of these are for our display.
 #Person1#: I see. And what's in this bag?
 #Person2#: Egg tarts.
 #Person1#: I thought you said you didn't have any food with you today.
 #Person2#: I thought you meant vegetables and meat when you asked me. Things like that. I don't have any vegetables.
 #Person1#: I'm sorry, Mr. Lee. Egg tarts are food too. We will have to confiscate these.
 #Person2#: Confiscate?
 #Person1#: Yes, we will have to dispose of them.
 #Person2#: It's too bad. They are very delicious.
 #Person1#: I know. One out of every three travelers from Taiwan seems to be carrying them. They are being smuggled in by the thousands.
 #Person2#: Oh, well. Not by me.
 #Person1#: No, not today at least. Enjoy your visit to the United States, Mr. Lee.
 #Person2#: Thank you.",Mr. Lee is checked when entering the USA and he has egg tarts in his bag. #Person1# will have to confiscate and dispose them.,egg tarts,"Person1 questions Person2 about the contents of his bag, which contains egg tarts. Person2 explains they are for display and consumption, not smuggling. Person1 confiscates the egg tarts, citing smuggling concerns, and Person2 laments the loss of the delicious pastries.",Confiscation of egg tarts due to smuggling concerns,Same Meaning,Different Meaning,Same Meaning,0.98,"The generated summary accurately represents the main idea, facts, and entities from the dialogue, preserving the meaning of the reference summary. The generated topic ('Confiscation of egg tarts due to smuggling concerns') is a valid interpretation of the dialogue's main topic but differs slightly in phrasing from the reference topic ('egg tarts'). The difference is acceptable as it captures the core subject and context.","#व्यक्ति१#:	हम्म। तपाईंसँग तीनवटा क्यामेरा छन्। के तपाईं फोटोग्राफर हुनुहुन्छ?
#व्यक्ति२#:	होइन, मेरो कम्पनीले क्यामेरा बनाउँछ। खैर, म पनि फोटोग्राफर हुँ, तर यीमध्ये दुईवटा हाम्रो प्रदर्शनका लागि हुन्।
#व्यक्ति१#:	बुझेँ। अनि यो झोलामा के छ?
#व्यक्ति२#:	अण्डाका टार्टहरू।
#व्यक्ति१#:	तपाईंले आज आफूसँग कुनै खाना छैन भन्नुभएको थियो जस्तो मलाई लागेको थियो।
#व्यक्ति२#:	तपाईंले मलाई सोध्दा तपाईंले तरकारी र मासुको कुरा गर्नुभएको हो भन्ने मैले सोचेँ। त्यस्ता चीजहरू। मसँग कुनै तरकारी छैन।
#व्यक्ति१#:	माफ गर्नुहोस्, श्री ली। अण्डाका टार्टहरू पनि खाना हुन्। हामीले यी जफत गर्नुपर्नेछ।
#व्यक्ति२#:	जफत गर्ने?
#व्यक्ति१#:	हो, हामीले यी नष्ट गर्नुपर्नेछ।
#व्यक्ति२#:	दुःखको कुरा हो। यी धेरै स्वादिष्ट छन्।
#व्यक्ति१#:	मलाई थाहा छ। ताइवानबाट आउने प्रत्येक तीन यात्रुमध्ये एकजनाले यी बोकेको देखिन्छ। हजारौँको सङ्ख्यामा यी तस्करी गरेर ल्याइँदैछन्।
#व्यक्ति२#:	ओहो, जे होस्। मबाट चाहिँ होइन।
#व्यक्ति१#:	होइन, कम्तीमा आज त होइन। संयुक्त राज्य अमेरिकाको तपाईंको भ्रमण रमाइलो होस्, श्री ली।
#व्यक्ति२#:	धन्यवाद।",श्री लीलाई संयुक्त राज्य अमेरिका प्रवेश गर्दा जाँच गरिन्छ र उनको झोलामा अण्डाको टार्ट हुन्छ। #व्यक्ति१# ले ती जफत गरेर नष्ट गर्नुपर्ने हुन्छ।,egg tarts,व्यक्ति१ र व्यक्ति२ बीचको संवादमा व्यक्ति२ ले आफूसँग तीनवटा क्यामेरा र अण्डाका टार्टहरू रहेको बताएका छन्। व्यक्ति१ ले ती टार्टहरू खाना भएको र तस्करी गरेर ल्याइएको हुन सक्ने भन्दै नष्ट गर्नुपर्ने बताएका छन्। व्यक्ति२ ले आफूले तस्करी नगरेको बताए पनि व्यक्ति१ ले अमेरिकाको भ्रमणमा रमाइलो होस् भन्ने शुभकामना दिएका छन्।,तस्करी गरिएका खाद्य वस्तुहरूको नियन्त्रण र नष्ट गर्नुपर्ने अवस्था,Same Meaning,Different Meaning,Different Meaning,0.85,"The generated summary accurately represents the main idea, important facts, and entities from the dialogue, preserving the same meaning as the reference summary. However, the generated topic ('तस्करी गरिएका खाद्य वस्तुहरूको नियन्त्रण र नष्ट गर्नुपर्ने अवस्था') is broader than the reference topic ('egg tarts') and introduces additional concepts (e.g., 'control of smuggled food items') not explicitly mentioned in the dialogue or reference topic. While related, it does not strictly match the specific focus of the dialogue.",C,PC
train_3742,"#Person1#: Excuse me. Where is Martin Luther King School?
 #Person2#: What?
 #Person1#: Where is Martin...?
 #Person2#: Wait a minute. Let me turn off my car. Now, what were you saying?
 #Person1#: Where is Martin Luther King School?
 #Person2#: Hum...Go along the road and turn right.
 #Person1#: Wait. I have a map.
 #Person2#: Good. Look, we're here and there's the school.
 #Person1#: I see. I just go along the road.
 #Person2#: Then turn right.
 #Person1#: Turn right and go straight.
 #Person2#: Martin Luther King School is next to the bank.
 #Person1#: Wonderful, thank you.
 #Person2#: You're welcome.",#Person2# tells #Person1# how to get to Martin Luther King School.,ask for directions,"Person1 asks Person2 for directions to Martin Luther King School. Person2 provides instructions, mentioning that the school is next to a bank. Person1 confirms understanding and thanks Person2.",Asking for and giving directions to Martin Luther King School,Same Meaning,Same Meaning,Same Meaning,0.98,"The generated summary accurately captures the main idea of the dialogue, including the key entities (Person1, Person2, Martin Luther King School, bank) and the fact that directions were given. The generated topic correctly identifies the main topic as asking for and giving directions to a specific location, matching the reference topic 'ask for directions' in meaning. No contradictions, omissions of critical facts, or introductions of unrelated entities are present.","#व्यक्ति१#:	माफ गर्नुहोस्। मार्टिन लुथर किङ विद्यालय कहाँ छ?
#व्यक्ति२#:	के?
#व्यक्ति१#:	मार्टिन...?
#व्यक्ति२#:	एक मिनेट पर्खनुहोस्। मलाई आफ्नो गाडी बन्द गर्न दिनुहोस्। अब, तपाईं के भन्दै हुनुहुन्थ्यो?
#व्यक्ति१#:	मार्टिन लुथर किङ विद्यालय कहाँ छ?
#व्यक्ति२#:	हम्म... सडकमा अगाडि जानुहोस् र दायाँ मोडिनुहोस्।
#व्यक्ति१#:	पर्खनुहोस्। मसँग नक्सा छ।
#व्यक्ति२#:	राम्रो। हेर्नुहोस्, हामी यहाँ छौँ र विद्यालय त्यहाँ छ।
#व्यक्ति१#:	मैले देखेँ। म सडकमा अगाडि मात्र जान्छु।
#व्यक्ति२#:	त्यसपछि दायाँ मोडिनुहोस्।
#व्यक्ति१#:	दायाँ मोडेर सिधा जानुहोस्।
#व्यक्ति२#:	मार्टिन लुथर किङ विद्यालय बैंकको छेउमा छ।
#व्यक्ति१#:	उत्कृष्ट, धन्यवाद।
#व्यक्ति२#:	स्वागत छ।",#व्यक्ति२# ले #व्यक्ति१# लाई मार्टिन लुथर किङ विद्यालयमा कसरी पुग्ने भनेर बताउँछन्।,ask for directions,व्यक्ति१ ले मार्टिन लुथर किङ विद्यालयको बाटो सोधेका छन्। व्यक्ति२ ले विद्यालयको स्थान बताउँदै सडकमा अगाडि गएर दायाँ मोड्न निर्देशन दिएका छन्। व्यक्ति१ ले नक्साको मद्दत लिएर विद्यालयको स्थान पहिचान गरेका छन्।,मार्टिन लुथर किङ विद्यालयको बाटो सोध्ने र निर्देशन दिने संवाद,Same Meaning,Same Meaning,Same Meaning,0.98,"The generated summary accurately represents the main idea of the dialogue by describing how Person 1 asks for directions to Martin Luther King School and Person 2 provides instructions, including the use of a map to identify the location. The generated topic correctly identifies the dialogue as a conversation about asking for and giving directions to the school, matching the reference topic. No contradictions or omissions of important facts are present.",C,C
train_4884,"#Person1#: Hi, I'm Benjamin. Nice to meet you here. You look great. 
 #Person2#: Thank you. Nice to meet you too. I'm John. Is this your first time to take a long-distance trip on plane. 
 #Person1#: No, this is the second time. But I also feel bad because of the lower pressure and the jet lag. 
 #Person2#: Oh, I am sorry to hear that. Take it easy. It will be OK soon. You see, I take this long-hour plane frequently, but the jet lag still makes me uneasy. 
 #Person1#: Oh, that's too bad. Do you get a good knowledge of China? 
 #Person2#: Yes, whenever I think about China, I'd see the Tian'an Men Square. China is a very beautiful country. And I've seen many landmarks in China but I like the Great Wall most. 
 #Person1#: All of the Chinese are proud of the Great Wall. And it was built before the Qin dynasty near Shan Haiguan-the First Pass in the World. 
 #Person2#: Was it built before the Qin dynasty? I thought it was in the Ming dynasty. 
 #Person1#: No, before the Qin dynasty. 
 #Person2#: Oh, yeah. Thought I am an American, I know quite a lot about China and I like Chinese tea very well. 
 #Person1#: Both the green tea and the black tea are good for our health. And I usually refresh myself with a cup of tea.","John meets Benjamin. Benjamin feels bad because of the jet lag, then they begin to talk about the knowledge of China, including the Grea Wall and Chinese tea.",social meeting,"Benjamin and John meet during a long-distance flight. Benjamin mentions feeling unwell due to jet lag and lower cabin pressure, while John shares his frequent travel experiences and jet lag struggles. They discuss China, with John expressing admiration for landmarks like Tian'an Men Square and the Great Wall, which Benjamin notes was built before the Qin dynasty. John also mentions his knowledge of China and preference for Chinese tea, to which Benjamin responds by praising the health benefits of green and black tea.","Conversation between two travelers discussing jet lag, China's landmarks, and Chinese tea",Same Meaning,Same Meaning,Same Meaning,0.98,"The generated summary accurately reflects the main ideas of the dialogue, including Benjamin and John meeting, their discussion about jet lag, China's landmarks (Tian'an Men Square and the Great Wall), the historical note about the Great Wall being built before the Qin dynasty, and the mention of Chinese tea. The generated topic correctly identifies the main subject as a conversation between travelers discussing jet lag, China's landmarks, and Chinese tea, which aligns with the reference topic of a social meeting. No contradictions, omissions of critical facts, or introductions of extraneous information were found.","#व्यक्ति१#:	नमस्ते, म बेन्जामिन हुँ। यहाँ तपाईंलाई भेटेर खुसी लाग्यो। तपाईं राम्रो देखिनुहुन्छ।
#व्यक्ति२#:	धन्यवाद। तपाईंलाई पनि भेटेर खुसी लाग्यो। म जोन हुँ। के यो तपाईंले विमानमा लामो दूरीको यात्रा गर्न लागेको पहिलो पटक हो?
#व्यक्ति१#:	होइन, यो दोस्रो पटक हो। तर न्यून वायुदाब र समयको फरकका कारण मलाई पनि नराम्रो लाग्छ।
#व्यक्ति२#:	ओहो, यो सुन्दा मलाई दुःख लाग्यो। चिन्ता नगर्नुहोस्। चाँडै ठीक हुनेछ। हेर्नुहोस्, म यो लामो समय लाग्ने विमानमा बारम्बार यात्रा गर्छु, तर समयको फरकले अझै पनि मलाई असहज बनाउँछ।
#व्यक्ति१#:	ओहो, त्यो त नराम्रो भयो। के तपाईंलाई चीनबारे राम्रो ज्ञान छ?
#व्यक्ति२#:	हो, जब-जब म चीनबारे सोच्छु, म थ्यानआनमेन चोक देख्छु। चीन धेरै सुन्दर देश हो। र मैले चीनका धेरै प्रसिद्ध स्थलहरू देखेको छु, तर मलाई सबैभन्दा धेरै चीनको महान् पर्खाल मन पर्छ।
#व्यक्ति१#:	सबै चिनियाँहरू महान् पर्खालप्रति गर्व गर्छन्। र यो छिन वंशभन्दा अघि विश्वको पहिलो प्रवेशद्वार सान हाइग्वाननजिकै बनाइएको थियो।
#व्यक्ति२#:	के यो छिन वंशभन्दा अघि बनाइएको थियो? मलाई त यो मिङ वंशमा बनाइएको हो भन्ने लागेको थियो।
#व्यक्ति१#:	होइन, छिन वंशभन्दा अघि।
#व्यक्ति२#:	ओहो, हो। म अमेरिकी भए पनि, मलाई चीनबारे निकै धेरै थाहा छ र मलाई चिनियाँ चिया धेरै मन पर्छ।
#व्यक्ति१#:	हरियो चिया र कालो चिया दुवै हाम्रो स्वास्थ्यका लागि राम्रो छन्। र म सामान्यतया एक कप चियाले आफूलाई ताजा बनाउँछु।","जोनले बेन्जामिनलाई भेट्छन्। बेन्जामिनलाई समय क्षेत्र परिवर्तनका कारण असहज महसुस हुन्छ, त्यसपछि उनीहरू चीनबारेको ज्ञान, जसमा ग्रेट वाल र चिनियाँ चिया पनि समावेश छन्, बारे कुरा गर्न थाल्छन्।",social meeting,दुई व्यक्तिबीचको संवादमा उनीहरूले आफ्नो परिचय दिएका छन् र लामो दूरीको विमान यात्राको अनुभव तथा चीनको बारेमा कुराकानी गरेका छन्। व्यक्ति१ ले न्यून वायुदाब र समय फरकका कारण विमान यात्रामा हुने असहजता र चीनको महान् पर्खालबारे जानकारी दिएका छन्। व्यक्ति२ ले चीनको बारेमा свय ज्ञान व्यक्त गरेका छन् र चिनियाँ चिया मन पराउने कुरा बताएका छन्।,दुई व्यक्तिबीचको परिचयात्मक संवाद तथा चीन र विमान यात्राको अनुभव,Same Meaning,Same Meaning,Same Meaning,0.98,"The generated summary accurately captures the main ideas of the dialogue, including introductions, discomfort due to time zone changes, and discussions about China (Great Wall and Chinese tea). The generated topic correctly reflects the social meeting context and the key topics discussed (introductions, China, and flight experience). Minor differences in phrasing and structure do not alter the meaning.",C,C
train_5762,"#Person1#: Tom, aren't you a little too old to be trick-or - treating?
 #Person2#: What are you talking about? Where is your Halloween spirit? Didn't you ever dress up in a costume and go around the neighborhood trick-or-treating with your friends?
 #Person1#: Of course, I did, but when I was ten! Trick - or-treating is for kids, plus, I'm sure people will think you're a kidnapper or something, running around with kids NCP at night.
 #Person2#: Whatever, I'm going next door I heard Mrs. Robinson is giving out big bags of M & Ms!",#Person1# thinks Tom is too old to be trick-or-treating but Tom insists on doing it.,trick-or-treat,"Person1 questions Person2's age for trick-or-treating, arguing it's for kids, while Person2 dismisses the concern and mentions going to Mrs. Robinson's house for M&Ms.",Halloween trick-or-treating and age appropriateness,Same Meaning,Same Meaning,Same Meaning,0.98,"The generated summary accurately captures the main idea of the dialogue, including Person1's concern about age appropriateness for trick-or-treating and Person2's dismissal of the concern while mentioning the plan to visit Mrs. Robinson's house for candy. The generated topic correctly identifies the main topic as Halloween trick-or-treating and its age appropriateness, which aligns with the reference topic 'trick-or-treat'. No contradictions, omissions of critical facts, or introductions of unrelated entities are present.","#व्यक्ति१#: टम, के तपाईं चालचलन गरेर मिठाई माग्नका लागि अलि धेरै बूढो हुनुभएको छैन?
#व्यक्ति२#: तपाईं के कुरा गर्दै हुनुहुन्छ? तपाईंको हेलोविनको भावना कहाँ छ? के तपाईंले कहिल्यै पोसाक लगाएर आफ्ना साथीहरूसँग छिमेकमा घरघर गएर मिठाई माग्नुभएको थिएन?
#व्यक्ति१#: अवश्य, मागेको थिएँ, तर म दस वर्षको हुँदा! घरघर गएर मिठाई माग्नु बच्चाहरूका लागि हो, त्यसबाहेक, राति बच्चाहरूसँग एनसीपी गर्दै वरिपरि दौडिँदा मानिसहरूले तपाईंलाई अपहरणकर्ता वा त्यस्तै केही ठान्नेछन् भन्नेमा म पक्का छु।
#व्यक्ति२#: जे भए पनि, म छेउको घरमा जाँदैछु। मैले श्रीमती रोबिन्सनले एम एन्ड एमका ठूला झोला बाँडिरहेकी छिन् भन्ने सुनेँ!",#व्यक्ति१# लाई टम ट्रिक-अर-ट्रिट गर्नका लागि धेरै बूढो भएको लाग्छ तर टम त्यसो गर्न जोड दिन्छन्।,trick-or-treat,व्यक्ति१ ले व्यक्ति२ लाई चालचलन गरेर मिठाई माग्ने कार्यलाई बच्चाहरूको खेल भएको र त्यसले सुरक्षा जोखिम उत्पन्न गर्न सक्ने बताएका छन्। व्यक्ति२ ले भने यसलाई हेलोविनको परम्परा भएको र श्रीमती रोबिन्सनले मिठाई बाँडिरहेकी हुनाले आफू मिठाई लिन जाने बताएका छन्।,हेलोविनको परम्परा र यस सम्बन्धी विवाद,Same Meaning,Different Meaning,Different Meaning,0.85,"The generated summary accurately represents the main idea of the dialogue, preserving important facts, entities (e.g., व्यक्ति१, व्यक्ति२, श्रीमती रोबिन्सन), and the core conflict about trick-or-treating. However, the generated topic ('हेलोविनको परम्परा र यस सम्बन्धी विवाद') is broader than the reference topic ('trick-or-treat') and introduces additional concepts (e.g., विवाद) not explicitly present in the dialogue. While the topic is thematically related, it does not directly match the reference topic's focus.",C,PC
train_2680,"#Person1#: Tom, you promised to cut the lung. You won't forget, will you? 
 #Person2#: No, I assure you. 
 #Person1#: And you'll repair the television, won't you? 
 #Person2#: Ok. 
 #Person1#: Do you promise? 
 #Person2#: Of course. 
 #Person1#: And Tom, you will help Johnny with his homework, won't you? 
 #Person2#: I'll see. I will if I can but I won't promise. 
 #Person1#: But you'll promise not to be late for dinner tonight, won't you? 
 #Person2#: Yes. But only if you ask me nicely. 
 #Person1#: Tom, darling. You'll try not to be late for dinner tonight, won't you? Please! 
 #Person2#: Ok. I'll keep my promise.",#Person1# lists several things to ask Tom for his promises.,promise,"Person1 asks Tom (Person2) to perform several tasks, including cutting the lung, repairing the television, helping Johnny with homework, and not being late for dinner. Tom agrees to some requests but hesitates or refuses others, eventually promising not to be late for dinner.",Requests and promises for various tasks,Same Meaning,Same Meaning,Same Meaning,0.98,"The generated summary accurately captures the main idea of the dialogue, listing the tasks Person1 asks Tom to perform and noting Tom's varying responses (agreement, hesitation, refusal, and eventual promise). The generated topic 'Requests and promises for various tasks' correctly reflects the dialogue's focus on promises and requests, aligning with the reference topic 'promise' in meaning. No contradictions, omissions of critical facts, or introductions of extraneous information are present.","#व्यक्ति१#: टम, तपाईंले घाँस काट्ने वाचा गर्नुभएको थियो। तपाईं बिर्सनुहुने छैन, हैन?
#व्यक्ति२#: छैन, म तपाईंलाई आश्वस्त पार्छु।
#व्यक्ति१#: अनि तपाईं टेलिभिजन मर्मत गर्नुहुनेछ, हैन?
#व्यक्ति२#: हुन्छ।
#व्यक्ति१#: तपाईं वाचा गर्नुहुन्छ?
#व्यक्ति२#: अवश्य।
#व्यक्ति१#: अनि टम, तपाईं जोनीलाई उसको गृहकार्यमा मद्दत गर्नुहुनेछ, हैन?
#व्यक्ति२#: म हेर्छु। यदि मैले सकेँ भने गर्नेछु, तर वाचा गर्दिनँ।
#व्यक्ति१#: तर तपाईं आज राति बेलुकाको खानाका लागि ढिलो नहुने वाचा गर्नुहुनेछ, हैन?
#व्यक्ति२#: हुन्छ। तर तपाईंले मलाई राम्रोसँग अनुरोध गर्नुभयो भने मात्र।
#व्यक्ति१#: टम, प्रिय। तपाईं आज राति बेलुकाको खानाका लागि ढिलो नहुने प्रयास गर्नुहुनेछ, हैन? कृपया!
#व्यक्ति२#: हुन्छ। म आफ्नो वाचा पूरा गर्नेछु।",#व्यक्ति१# ले टमसँग केही कुराहरूको वाचा लिन चाहन्छन्।,promise,"#व्यक्ति१# ले #व्यक्ति२# (टम) लाई घाँस काट्ने, टेलिभिजन मर्मत गर्ने, जोनीलाई गृहकार्यमा मद्दत गर्ने, र आज रातिको खानाका लागि ढिलो नहुने वाचा गर्न आग्रह गरेका छन्। #व्यक्ति२# ले अधिकांश कामहरू पूरा गर्ने सहमति जनाए पनि जोनीलाई गृहकार्यमा मद्दत गर्ने कुरामा भने निश्चित रूपमा वाचा गरेनन्। अन्तमा, #व्यक्ति१# को अनुरोधमा #व्यक्ति२# ले आज रातिको खानाका लागि ढिलो नहुने वाचा गरे।",वाचा र सहमतिका लागि गरिएको आग्रह र त्यसको प्रतिक्रिया,Same Meaning,Different Meaning,Same Meaning,0.98,"The generated summary accurately captures all the key promises and requests made in the dialogue, preserving the main idea, important facts, and entities. The generated topic ('वाचा र सहमतिका लागि गरिएको आग्रह र त्यसको प्रतिक्रिया') aligns closely with the reference topic ('promise') but is more detailed. While the reference topic is concise, the generated topic still refers to the same core concept of promises and agreements, making it semantically equivalent.",C,C
train_1498,"#Person1#: Hello, Sir. What can I do for you today?
 #Person2#: I need to find a new way of getting my insurance.
 #Person1#: We've just started a new business at this bank, Bank-Insurance Link.
 #Person2#: Could you give me some details about that?
 #Person1#: Certainly. It could really benefit someone like you. Besides insurance for you, you can also get more or less dividends from the insurance company.
 #Person2#: That sounds great. More dividends if I want to purchase them!
 #Person1#: There are two different types that we are offering at the moment, Dividend Deposit and Dividend Participated Deposit.
 #Person2#: I'll go through the materials that you have given me and return shortly. Thanks.",#Person1# wants to purchase a insurance. #Person2# introduces the new insurance with dividends. #Person1# will go through the materials and decide later.,insurance,"Person1 introduces a new insurance-linked service at the bank called 'Bank-Insurance Link' to Person2, explaining that it offers insurance and potential dividends. Person2 expresses interest and requests details about the two types of deposits available: Dividend Deposit and Dividend Participated Deposit.",Introduction and details of a new insurance-linked banking service,Same Meaning,Different Meaning,Different Meaning,0.85,"The generated summary accurately represents the main idea, facts, and entities from the dialogue, matching the reference summary's meaning. However, the generated topic ('Introduction and details of a new insurance-linked banking service') introduces additional concepts ('banking service') not explicitly mentioned in the dialogue or reference topic ('insurance'). While the core topic is preserved, the expansion alters the focus slightly, making it a different meaning.","#व्यक्ति१#: नमस्कार, महोदय। म आज तपाईंका लागि के गर्न सक्छु?
#व्यक्ति२#: मलाई मेरो बीमा प्राप्त गर्ने नयाँ तरिका खोज्न आवश्यक छ।
#व्यक्ति१#: हामीले भर्खरै यस बैंकमा एउटा नयाँ व्यवसाय सुरु गरेका छौँ, बैंक–बीमा सम्बन्ध।
#व्यक्ति२#: के तपाईं मलाई त्यसबारे केही विवरण दिन सक्नुहुन्छ?
#व्यक्ति१#: अवश्य। यसले तपाईं जस्तो व्यक्तिलाई साँच्चै फाइदा पुर्‍याउन सक्छ। तपाईंका लागि बीमाबाहेक, तपाईंले बीमा कम्पनीबाट कम वा बढी लाभांश पनि प्राप्त गर्न सक्नुहुन्छ।
#व्यक्ति२#: त्यो राम्रो सुनिन्छ। यदि म तिनीहरू किन्न चाहन्छु भने अझ धेरै लाभांश!
#व्यक्ति१#: अहिले हामीले प्रस्ताव गरिरहेका दुई फरक प्रकार छन्, लाभांश निक्षेप र लाभांश सहभागी निक्षेप।
#व्यक्ति२#: तपाईंले मलाई दिनुभएको सामग्री म हेर्छु र छिट्टै फर्कन्छु। धन्यवाद।",#व्यक्ति१# ले एउटा बीमा खरिद गर्न चाहन्छन्। #व्यक्ति२# ले लाभांशसहितको नयाँ बीमाबारे जानकारी दिन्छन्। #व्यक्ति१# ले सामग्रीहरू हेरेर पछि निर्णय गर्नेछन्।,insurance,व्यक्ति १ ले व्यक्ति २ लाई बैंक–बीमा सम्बन्ध नामक नयाँ व्यवसायको बारेमा जानकारी गराउँछन्। यस अन्तर्गत बीमाबाहेक थप लाभांश प्राप्त गर्न सकिने र दुई प्रकारका निक्षेपहरू (लाभांश निक्षेप र लाभांश सहभागी निक्षेप) उपलब्ध रहेको बताइन्छ। व्यक्ति २ ले सामग्री हेरेर फर्कने बताउँछन्।,बैंक–बीमा सम्बन्ध मार्फत बीमा र लाभांश प्राप्त गर्ने नयाँ अवसर,Same Meaning,Same Meaning,Same Meaning,0.98,"The generated summary accurately captures the main idea of the dialogue, including the introduction of the new bank-insurance business, the types of deposits with dividends, and the customer's intention to review materials. The generated topic correctly identifies the main subject as the new opportunity to obtain insurance and dividends through the bank-insurance relationship, which aligns with the dialogue's content. The reference summary and topic are also correctly represented.",PC,C
train_10022,"#Person1#: What can I do for you, madam?
 #Person2#: I'd like to buy a toy car for my son.
 #Person1#: How about this one?
 #Person2#: It looks nice. How much is it?
 #Person1#: They're three hundred dollars.
 #Person2#: Oh, I'm afraid it's too expensive. Can you show me something cheaper?
 #Person1#: OK, This one is one hundred and twenty. It's the cheapest here.
 #Person2#: OK, I'll take it. Here's the money.
 #Person1#: Thank you very much.",#Person1# assists #Person2# in buying a toy car for #Person2#'s son.,Buying toys,"A customer asks to buy a toy car for her son. The salesperson shows her a car priced at $300, but the customer finds it too expensive and requests a cheaper option. The salesperson then offers a $120 car, which the customer purchases.",purchasing a toy car,Same Meaning,Different Meaning,Different Meaning,0.9,"The generated summary accurately represents the main idea and important facts of the dialogue, preserving entities and meaning. However, the generated topic 'purchasing a toy car' is more specific than the reference topic 'Buying toys', which is broader and includes all types of toys, not just toy cars. The overall result is marked as different because the topic does not fully align with the reference topic's scope.","#व्यक्ति१#: म तपाईंका लागि के गर्न सक्छु, महोदया?
#व्यक्ति२#: म मेरो छोराका लागि खेलौना गाडी किन्न चाहन्छु।
#व्यक्ति१#: यो चाहिँ कस्तो छ?
#व्यक्ति२#: यो राम्रो देखिन्छ। यसको मूल्य कति हो?
#व्यक्ति१#: यसको मूल्य तीन सय डलर हो।
#व्यक्ति२#: ओहो, मलाई डर छ यो धेरै महँगो छ। के तपाईं मलाई केही सस्तो देखाउन सक्नुहुन्छ?
#व्यक्ति१#: हुन्छ, यो चाहिँ एक सय बीस हो। यहाँको सबैभन्दा सस्तो यही हो।
#व्यक्ति२#: हुन्छ, म यही लिन्छु। यहाँ पैसा छ।
#व्यक्ति१#: धेरै धेरै धन्यवाद।",#व्यक्ति१# ले #व्यक्ति२# लाई #व्यक्ति२# को छोराका लागि खेलौना गाडी किन्न सहयोग गर्छन्।,Buying toys,व्यक्ति १ ले व्यक्ति २ लाई आफ्नो छोराका लागि खेलौना गाडी किन्न सहयोग गरेको संवाद। व्यक्ति २ ले सुरुमा तीन सय डलर पर्ने गाडी हेरेपछि महँगो भएकोले एक सय बीस डलर पर्ने सस्तो गाडी रोजेको र त्यही गाडी किनेको बताइएको छ।,खेलौना गाडी खरिद सम्बन्धी संवाद,Same Meaning,Same Meaning,Same Meaning,0.98,"The generated summary accurately captures the main idea of the dialogue, including the key facts (seeking a toy car for a child, price negotiation, and final purchase of a cheaper option). It preserves all important entities (person 1, person 2, toy car, prices) and does not introduce or omit any critical information. The generated topic ('खेलौना गाडी खरिद सम्बन्धी संवाद') correctly represents the main topic of the dialogue, which is about buying a toy car. The slight differences in phrasing and sentence structure do not alter the meaning.",PC,C
train_11986,"#Person1#: I was wondering whether you could ship the tennis racket overseas to Taiwan.
 #Person2#: I'm sorry we don't ship overseas. It's too much trouble.
 #Person1#: I understand you don't have a history of shipping overseas, but I am willing to pay extra for shipping.
 #Person2#: Maybe we could make an exception for you if you win the bid.
 #Person1#: Thanks so much! By the way, is the racket really Serena Williams'?
 #Person2#: Yes. You'll get a picture of Serena playing with the racket and a document from her.",#Person2# tells #Person1# #Person2# can ship the tennis racket overseas to Taiwan if #Person1# wins the bid.,win the bid,"Person1 asks Person2 to ship a tennis racket to Taiwan, but Person2 declines due to lack of overseas shipping experience. Person1 offers to pay extra, and Person2 agrees to make an exception if Person1 wins the bid. Person1 also asks if the racket is Serena Williams', and Person2 confirms it, mentioning that it comes with a photo and a document signed by her.",Discussion about shipping a tennis racket overseas and its authenticity,Same Meaning,Different Meaning,Different Meaning,0.85,"The generated summary accurately preserves all key facts, entities, and the main idea of the dialogue, matching the reference summary's meaning. However, the generated topic ('Discussion about shipping a tennis racket overseas and its authenticity') introduces additional concepts (authenticity) not present in the reference topic ('win the bid'), which is a core part of the dialogue. While the summary is correct, the topic diverges significantly from the reference topic's focus.","#व्यक्ति१#: म सोचिरहेको थिएँ कि तपाईंले टेनिसको र्‍याकेट विदेशमा ताइवान पठाउन सक्नुहुन्छ कि सक्नुहुन्न।
#व्यक्ति२#: माफ गर्नुहोस्, हामी विदेशमा सामान पठाउँदैनौँ। यो धेरै झन्झटिलो हुन्छ।
#व्यक्ति१#: म बुझ्छु कि तपाईंको विदेशमा सामान पठाउने इतिहास छैन, तर म पठाउने शुल्कका लागि अतिरिक्त पैसा तिर्न इच्छुक छु।
#व्यक्ति२#: यदि तपाईंले बोलकबोल जित्नुभयो भने हामी तपाईंका लागि अपवाद बनाउन सक्छौँ।
#व्यक्ति१#: धेरै धेरै धन्यवाद! त्यसैबीच, के त्यो र्‍याकेट वास्तवमै सेरेना विलियम्सको हो?
#व्यक्ति२#: हो। तपाईंले सेरेनाले र्‍याकेटसँग खेलिरहेको एउटा तस्बिर र उहाँबाट एउटा कागजात पाउनुहुनेछ।",#व्यक्ति२# ले #व्यक्ति१# लाई #व्यक्ति१# ले बोलपत्र जितेमा टेनिस र्याकेट ताइवानसम्म विदेशमा पठाउन सक्ने बताउँछन्।,win the bid,"व्यक्ति१ ले विदेशमा टेनिसको र्‍याकेट (सेरेना विलियम्सको) पठाउन सहयोग गर्न #व्यक्ति२#लाई सोध्छन्। #व्यक्ति२# ले विदेशमा सामान पठाउन नसकिने बताउँछन्, तर बोलकबोल जितेमा अपवाद बनाउन सक्ने बताउँछन्। साथै, र्‍याकेट सेरेना विलियम्सकै भएको र प्रमाणका रूपमा तस्बिर तथा कागजात उपलब्ध हुने जानकारी दिन्छन्।",विदेशमा टेनिस र्‍याकेट पठाउने विषयमा गरिएको संवाद,Same Meaning,Different Meaning,Same Meaning,0.98,"The generated summary accurately represents the main idea, preserves important facts (e.g., foreign shipment, exception for winning bid, Serena Williams' racket, and proof documents), and maintains the same entities (person1, person2, tennis racket, Taiwan, Serena Williams). The topic 'विदेशमा टेनिस र्‍याकेट पठाउने विषयमा गरिएको संवाद' (Dialogue about sending a tennis racket abroad) captures the core subject, though it is phrased more broadly than the reference topic 'win the bid'. The reference topic is overly narrow as it only mentions 'winning the bid', which is a sub-topic rather than the main topic. The generated topic is more comprehensive and aligns better with the dialogue's main idea.",PC,C
train_6407,"#Person1#: We are on our way. I think our first stop is Buckingham Palace.
 #Person2#: That's right. I can already see the Palace Garden on the left.
 #Person1#: And here is Buckingham Palace! Look, isn't it beautiful? It is much bigger than I imagined.
 #Person2#: The bus is turning right to Buckingham Gate. And now we are joining Victoria Street.
 #Person1#: Yes we are going towards Westminster Abbey. I can see it now! Look to your right.
 #Person2#: I can see it. The bus is stopping. I think we will be able to go inside.
 #Person1#: This is amazing. I'm glad we decided to take this bus tour. So where next?
 #Person2#: I guess we should see Big Ben soon.
 #Person1#: Yes. It is just round the corner. Oh, can you see the London Eye? Look straight and to your right.
 #Person2#: Look at this bridge. We will soon be crossing the Thames.
 #Person1#: This is Lambeth Bridge. We will then loop back and cross the river again on Westminster Bridge.
 #Person2#: Wonderful.","#Person1# and #Person2# are taking a bus tour. They see Buckingham Palace, Westminster Abbey, Big Ben, London Eye, and Lambeth Bridge. They think the tour is wonderful.",a bus tour,"Two people are on a bus tour in London, observing landmarks such as Buckingham Palace, Westminster Abbey, Big Ben, the London Eye, and crossing the Thames via Lambeth Bridge and Westminster Bridge.",London bus tour sightseeing,Same Meaning,Same Meaning,Same Meaning,0.98,"The generated summary accurately captures the main idea of the dialogue, preserving all important landmarks (Buckingham Palace, Westminster Abbey, Big Ben, London Eye, Lambeth Bridge, Westminster Bridge) and the context of a bus tour in London. The generated topic ('London bus tour sightseeing') correctly represents the main topic of the dialogue ('a bus tour') while adding relevant context about the location (London) and activity (sightseeing). No contradictions, omissions of critical facts, or introductions of extraneous information are present.","#व्यक्ति१#: हामी आफ्नो बाटोमा छौँ। मलाई लाग्छ हाम्रो पहिलो रोक्ने ठाउँ बकिङ्घम दरबार हो।
#व्यक्ति२#: ठीक हो। म पहिले नै बायाँतिर दरबारको बगैँचा देख्न सक्छु।
#व्यक्ति१#: अनि यहाँ बकिङ्घम दरबार छ! हेर्नुहोस्, के यो सुन्दर छैन? मैले कल्पना गरेको भन्दा यो धेरै ठूलो छ।
#व्यक्ति२#: बस बकिङ्घम गेटतिर दायाँ मोडिँदैछ। अनि अब हामी भिक्टोरिया सडकमा प्रवेश गर्दैछौँ।
#व्यक्ति१#: हो, हामी वेस्टमिन्स्टर एबे तर्फ जाँदैछौँ। म अहिले देख्न सक्छु! आफ्नो दायाँतिर हेर्नुहोस्।
#व्यक्ति२#: म देख्न सक्छु। बस रोकिँदैछ। मलाई लाग्छ हामी भित्र जान सक्नेछौँ।
#व्यक्ति१#: यो अचम्मको छ। हामीले यो बस भ्रमण गर्ने निर्णय गरेकोमा म खुसी छु। त्यसो भए अब कहाँ?
#व्यक्ति२#: मलाई लाग्छ हामीले चाँडै बिग बेन हेर्नुपर्छ।
#व्यक्ति१#: हो। यो कुनाको ठीक वरिपरि छ। ओहो, के तपाईं लन्डन आई देख्न सक्नुहुन्छ? सिधा र आफ्नो दायाँतिर हेर्नुहोस्।
#व्यक्ति२#: यो पुल हेर्नुहोस्। हामी चाँडै टेम्स नदी पार गर्नेछौँ।
#व्यक्ति१#: यो ल्याम्बेथ पुल हो। त्यसपछि हामी घुमेर फर्कनेछौँ र वेस्टमिन्स्टर पुलबाट फेरि नदी पार गर्नेछौँ।
#व्यक्ति२#: अद्भुत।","#व्यक्ति१# र #व्यक्ति२# बस यात्रामा छन्। उनीहरू बकिङ्घम दरबार, वेस्टमिन्स्टर एबे, बिग बेन, लन्डन आई र ल्याम्बेथ पुल देख्छन्। उनीहरूलाई यात्रा अद्भुत लाग्छ।",a bus tour,"दुई व्यक्तिले लन्डनको प्रसिद्ध पर्यटकीय स्थलहरूको अवलोकन गर्दै बस भ्रमण गरिरहेका छन्। उनीहरूले बकिङ्घम दरबार, वेस्टमिन्स्टर एबे, बिग बेन, लन्डन आई, र टेम्स नदीका पुलहरू (ल्याम्बेथ पुल र वेस्टमिन्स्टर पुल) देखेका छन्।",लन्डनको बस भ्रमणमा गरिएको पर्यटकीय स्थलहरूको अवलोकन,Same Meaning,Same Meaning,Same Meaning,0.98,"The generated summary accurately represents the main idea of the dialogue by mentioning the bus tour and the key tourist attractions (Buckingham Palace, Westminster Abbey, Big Ben, London Eye, and the Thames bridges). It preserves all important entities and facts from the dialogue without introducing contradictions or omissions. The generated topic correctly identifies the main topic as a bus tour in London, matching the reference topic's intent. Minor differences in phrasing (e.g., 'टेम्स नदीका पुलहरू' vs. 'ल्याम्बेथ पुल र वेस्टमिन्स्टर पुल') do not alter the meaning.",C,C
train_3025,"#Person1#: Where on earth is it, John? I hope we're going the right way.
 #Person2#: Uhm, judging by the traffic, I think we are near the heart of the downtown area.
 #Person1#: Oh, no, we should be heading for the village. Did I make a wrong turn?
 #Person2#: I'm not sure. But I guess that you turned right when you should have turned left.
 #Person1#: Well, now the problem is how to get back on to the main highway. It's too bad that we will be late for the party.
 #Person2#: Don't worry. There is still enough time. Why don't we stop and ask someone?
 #Person1#: OK. Let's stop along the next block. I think I see a police man up there in front of the bank.
 #Person2#: OK.",#Person1# drives in the wrong direction and feels anxious. #Person2# comforts #Person1# and suggests asking someone.,get lost,Person1 and Person2 are lost while driving and realize they took a wrong turn. They are trying to get back on the main highway to reach a village and fear being late for a party. They decide to stop and ask a police officer for directions.,Getting lost while driving and seeking directions,Same Meaning,Same Meaning,Same Meaning,0.98,"The generated summary accurately captures the main idea of the dialogue, including the fact that Person1 and Person2 are lost, took a wrong turn, and are trying to get back on track to reach a village while fearing being late for a party. It also mentions their decision to ask for directions, which aligns with the dialogue. The generated topic correctly reflects the main topic of getting lost while driving and seeking directions, matching the reference topic 'get lost' in meaning. No contradictions, omissions of critical facts, or introductions of unrelated entities are present.","#व्यक्ति१#: यो आखिर कहाँ छ, जोन? मलाई आशा छ हामी सही बाटोमा जाँदैछौँ।
#व्यक्ति२#: हम्म, यातायात हेर्दा, मलाई लाग्छ हामी सहरको केन्द्रको मुटु नजिक छौँ।
#व्यक्ति१#: ओहो, होइन, हामी गाउँतिर जाँदै हुनुपर्थ्यो। के मैले गलत मोड लिएँ?
#व्यक्ति२#: म निश्चित छैन। तर मलाई लाग्छ तपाईंले बायाँ मोड्नुपर्ने ठाउँमा दायाँ मोड्नुभयो।
#व्यक्ति१#: अब समस्या मुख्य राजमार्गमा कसरी फर्किने भन्ने हो। हामी पार्टीका लागि ढिलो हुने कुरा नराम्रो भयो।
#व्यक्ति२#: चिन्ता नगर्नुहोस्। अझै पर्याप्त समय छ। हामी किन रोकिएर कसैलाई नसोध्ने?
#व्यक्ति१#: हुन्छ। अर्को खण्डमा रोकौँ। मलाई लाग्छ म त्यहाँ अगाडि बैंकको अगाडि एक जना प्रहरी देख्दैछु।
#व्यक्ति२#: हुन्छ।",#व्यक्ति१# गलत दिशामा गाडी चलाउँछन् र चिन्तित महसुस गर्छन्। #व्यक्ति२# ले #व्यक्ति१# लाई सान्त्वना दिन्छन् र कसैलाई सोध्ने सुझाव दिन्छन्।,get lost,व्यक्ति१ र व्यक्ति२ यात्रा गर्दै गर्दा गन्तव्यभन्दा विपरीत दिशामा गएको थाहा पाउँछन्। व्यक्ति२ ले व्यक्ति१ ले बायाँ मोड्नुपर्ने ठाउँमा दायाँ मोडेको बताउँछन्। अब राजमार्गमा फर्किने उपाय खोज्दै गर्दा व्यक्ति१ ले बाटोमा प्रहरी देखेको बताउँछन् र रोकिएर बाटो सोध्ने निर्णय गर्छन्।,गलत बाटो लागेर गन्तव्यमा पुग्न ढिलो हुने अवस्था र बाटो सोध्ने प्रयास,Same Meaning,Same Meaning,Same Meaning,0.98,"The generated summary accurately reflects the main idea of the dialogue, preserving key facts such as the wrong turn, the suggestion to ask for directions, and the mention of the police officer. The generated topic correctly identifies the core concept of getting lost and seeking help to reach the destination. Minor phrasing differences do not alter the meaning.",C,C
train_1513,"#Person1#: May I speak to Marry?
 #Person2#: Marry is not in right now, she went shopping with her mum.
 #Person1#: Will it be too late if I call around ten this evening?
 #Person2#: That's all right. We don't go to bed early.",#Person2# allows #Person1# to call Marry again around ten.,phone call,"Person1 asks to speak to Marry, but Person2 informs that Marry is out shopping with her mother. Person1 then asks if calling at 10 PM would be too late, and Person2 reassures that it is fine since they do not go to bed early.",Inquiry about contacting Marry and her availability,Same Meaning,Different Meaning,Different Meaning,0.85,"The generated summary accurately represents the main idea and important facts of the dialogue, preserving entities (Person1, Person2, Marry, her mother) and the key events (request to speak to Marry, her absence, inquiry about calling at 10 PM, and Person2's reassurance). However, the generated topic ('Inquiry about contacting Marry and her availability') introduces a new concept ('availability') not explicitly mentioned in the dialogue or reference topic ('phone call'). While the topic is related, it slightly deviates from the core focus of the dialogue, which is about a phone call inquiry rather than general availability.","#व्यक्ति१#: के म मेरीसँग कुरा गर्न सक्छु?
#व्यक्ति२#: मेरी अहिले घरमा छैनन्, उनी आफ्नी आमासँग किनमेल गर्न गएकी छिन्।
#व्यक्ति१#: यदि मैले आज साँझ करिब दस बजे फोन गरेँ भने धेरै ढिलो हुन्छ?
#व्यक्ति२#: त्यो ठीक छ। हामी चाँडै सुत्न जाँदैनौँ।",#व्यक्ति२# ले #व्यक्ति१# लाई करिब दस बजे फेरि फोन गर्न अनुमति दिन्छन्।,phone call,व्यक्ति१ ले व्यक्ति२ मार्फत मेरीलाई फोन गर्न खोजेको तर मेरी घरमा नभएको र उनी आफ्नी आमासँग किनमेल गर्न गएको थाहा पाए। व्यक्ति१ ले आज साँझ करिब १० बजे फोन गर्दा हुन्छ कि भनेर सोधे र व्यक्ति२ ले त्यो समय ठीक हुने बताए।,फोन मार्फत मेरीलाई सम्पर्क गर्ने प्रयास र समय मिलान,Same Meaning,Same Meaning,Same Meaning,0.98,"The generated summary accurately captures the main idea of the dialogue, including the attempt to call, the reason for unavailability, the time inquiry, and the confirmation. The generated topic correctly refers to the same main topic of contacting Mary via phone and time coordination. No contradictions, omissions of critical facts, or introductions of unrelated entities are present.",PC,C
train_2588,"#Person1#: May I help you?
 #Person2#: Yes, today is my first day. Do you know where the photo copier is?
 #Person1#: Of course, I'll show you. My name is David. I'm the sales manager. Nice to meet you.
 #Person2#: Me too. I'm working in the sales office. How long have you been working here?
 #Person1#: About 6 years so far.
 #Person2#: You must like it then.
 #Person1#: Yes, it's a good company to work for. The staff is friendly and the benefits are great.
 #Person2#: What do you think about the boss? Is he really strict? I hear that sometimes he loses his temper easily.
 #Person1#: No, he's quite the opposite. He's easygoing. Sometimes he gets angry, but usually forgets about it later.
 #Person2#: Oh, I guess he is a nice person. I see the photo copier. Thanks for your help.",#Person2# asks #Person1# where the photocopier is. They introduce each other and talk about the company and the boss.,freshman,"Person1 (David, a sales manager) greets Person2 on their first day and offers to show them the photocopier. They introduce themselves, discuss Person1's 6 years of experience, and Person2 asks about the boss's temperament. Person1 describes the boss as easygoing despite occasional anger.",Introduction and workplace orientation,Same Meaning,Different Meaning,Different Meaning,0.9,"The generated summary accurately captures the main ideas, facts, and entities from the dialogue, preserving the same meaning as the reference summary. However, the generated topic 'Introduction and workplace orientation' is broader and less specific than the reference topic 'freshman', which directly reflects the context of a first-day introduction. While related, the generated topic does not match the reference topic's precise meaning.","#व्यक्ति१#: के म तपाईंलाई मद्दत गर्न सक्छु?
#व्यक्ति२#: हुन्छ, आज मेरो पहिलो दिन हो। तस्बिर प्रतिलिपि बनाउने यन्त्र कहाँ छ भनेर तपाईंलाई थाहा छ?
#व्यक्ति१#: अवश्य, म तपाईंलाई देखाउँछु। मेरो नाम डेभिड हो। म बिक्री प्रबन्धक हुँ। तपाईंलाई भेटेर खुसी लाग्यो।
#व्यक्ति२#: मलाई पनि। म बिक्री कार्यालयमा काम गर्दैछु। तपाईं यहाँ कति समयदेखि काम गर्दै हुनुहुन्छ?
#व्यक्ति१#: अहिलेसम्म करिब ६ वर्ष।
#व्यक्ति२#: त्यसो भए तपाईंलाई यो मन पर्नुपर्छ।
#व्यक्ति१#: हो, यो काम गर्नका लागि राम्रो कम्पनी हो। कर्मचारीहरू मिलनसार छन् र सुविधाहरू उत्कृष्ट छन्।
#व्यक्ति२#: तपाईं मालिकबारे के सोच्नुहुन्छ? के उहाँ साँच्चै कडा हुनुहुन्छ? मैले सुनेको छु कि कहिलेकाहीँ उहाँ सजिलै आफ्नो रिस गुमाउनुहुन्छ।
#व्यक्ति१#: होइन, उहाँ ठ्याक्कै विपरीत हुनुहुन्छ। उहाँ सहज स्वभावको हुनुहुन्छ। कहिलेकाहीँ उहाँ रिसाउनुहुन्छ, तर सामान्यतया पछि त्यसलाई बिर्सनुहुन्छ।
#व्यक्ति२#: ओहो, मलाई लाग्छ उहाँ राम्रो व्यक्ति हुनुहुन्छ। मैले तस्बिर प्रतिलिपि बनाउने यन्त्र देखेँ। तपाईंको सहयोगका लागि धन्यवाद।",#व्यक्ति२# ले #व्यक्ति१# लाई छापाखाना कहाँ छ भनेर सोध्छन्। उनीहरू एकअर्कासँग परिचित हुन्छन् र कम्पनी तथा प्रमुखबारे कुरा गर्छन्।,freshman,"व्यक्ति२ पहिलो दिनको काममा आएको हुँदा व्यक्ति१ले तस्बिर प्रतिलिपि बनाउने यन्त्र कहाँ छ भनेर सोध्छन्। व्यक्ति१ले आफ्नो परिचय दिँदै यन्त्रको स्थान देखाउन सहयोग गर्छन्। उनीहरूले आफ्नो काम, कम्पनी र मालिकबारे कुराकानी गर्छन्। व्यक्ति१ले मालिकलाई सहज स्वभावको बताउँछन्। व्यक्ति२ले धन्यवाद दिएर संवाद अन्त्य गर्छन्।",नयाँ कर्मचारीलाई कार्यालयमा स्वागत र सहयोग,Same Meaning,Different Meaning,Different Meaning,0.85,"The generated summary accurately represents the main ideas, facts, and entities from the dialogue, preserving the meaning despite different phrasing. However, the generated topic 'नयाँ कर्मचारीलाई कार्यालयमा स्वागत र सहयोग' (welcoming and assisting a new employee in the office) is a broader interpretation that does not directly match the reference topic 'freshman' (which implies a new employee or beginner). While related, the generated topic introduces a more specific context not explicitly present in the dialogue's core theme.",PC,PC
train_2459,"#Person1#: Hi, I am afraid that the fax machine in my room won't be working till tomorrow. A technician has just come and checked it. He will bring me a new one tomorrow. It seems there is a big problem with mine and it will take some days for repairing. Can I use the one in your office?
 #Person2#: Of course you can. I am sure this one works very well. I just sent dozens of pages. How many pages are you sending? Are you familiar with my fax machine?
 #Person1#: Yes, I think you have the same model as I have. Does your fax machine print out immediately a transmission protocol?
 #Person2#: Yes, it will print immediately.","#Person1#'s fax machine stops working, so #Person1# asks to use #Person2#'s. #Person2#'s fax machine can print out immediately.",fax machine,"Person1 informs Person2 that their fax machine is broken and will be replaced tomorrow, asking to use Person2's fax machine in the meantime. Person2 agrees and asks about the number of pages to be sent and if Person1 is familiar with the machine. Person1 confirms familiarity and asks if the fax machine prints a transmission protocol immediately, which Person2 confirms.",Request to use a working fax machine due to a broken one,Same Meaning,Different Meaning,Different Meaning,0.9,"The generated summary accurately captures the main idea, facts, and entities from the dialogue, preserving the same meaning as the reference summary. However, the generated topic ('Request to use a working fax machine due to a broken one') introduces additional context ('due to a broken one') not explicitly stated in the dialogue or reference topic ('fax machine'). While the core topic is correct, the added detail changes the specificity, making it a different meaning.","#व्यक्ति१#: नमस्कार, मलाई डर छ कि मेरो कोठाको फ्याक्स यन्त्र भोलिसम्म काम गर्ने छैन। एक जना प्राविधिक भर्खरै आएर त्यसलाई जाँच गरेर गएका छन्। उहाँले भोलि मलाई नयाँ एउटा ल्याउनुहुनेछ। मेरो यन्त्रमा ठूलो समस्या भएको जस्तो देखिन्छ र यसलाई मर्मत गर्न केही दिन लाग्नेछ। के म तपाईंको कार्यालयमा भएको यन्त्र प्रयोग गर्न सक्छु?
#व्यक्ति२#: अवश्य सक्नुहुन्छ। मलाई पक्का छ यो राम्रोसँग काम गर्छ। मैले भर्खरै दर्जनौँ पृष्ठ पठाएँ। तपाईं कति पृष्ठ पठाउँदै हुनुहुन्छ? के तपाईं मेरो फ्याक्स यन्त्रसँग परिचित हुनुहुन्छ?
#व्यक्ति१#: हो, मलाई लाग्छ तपाईंसँग मसँग भएको जस्तै नमुना छ। के तपाईंको फ्याक्स यन्त्रले प्रसारण विवरण तुरुन्तै छाप्छ?
#व्यक्ति२#: हो, यसले तुरुन्तै छाप्छ।","#व्यक्ति१# को फ्याक्स यन्त्रले काम गर्न छोड्छ, त्यसैले #व्यक्ति१# ले #व्यक्ति२# को फ्याक्स यन्त्र प्रयोग गर्न माग गर्छन्। #व्यक्ति२# को फ्याक्स यन्त्रले तुरुन्तै छाप्न सक्छ।",fax machine,व्यक्ति१ ले आफ्नो फ्याक्स यन्त्रमा समस्या आएको र भोलि नयाँ यन्त्र ल्याइने बताए। उनले व्यक्ति२ को कार्यालयको फ्याक्स यन्त्र प्रयोग गर्ने अनुमति मागे। व्यक्ति२ ले свयम्को फ्याक्स यन्त्र राम्रोसँग काम गर्ने र प्रसारण विवरण तुरुन्तै छाप्ने बताए।,फ्याक्स यन्त्रको प्रयोग तथा समस्याको समाधान,Same Meaning,Different Meaning,Different Meaning,0.9,"The generated summary accurately represents the main idea, facts, and entities of the dialogue, preserving the meaning of the reference summary. However, the generated topic ('फ्याक्स यन्त्रको प्रयोग तथा समस्याको समाधान') introduces additional concepts ('समस्याको समाधान') not present in the reference topic ('fax machine'), altering the focus. While the dialogue discusses a problem and its solution, the reference topic is strictly about the fax machine itself.",PC,PC
train_3784,"#Person1#: Now, can anyone summarize the main idea of the passage? Yes, Jessie, please?
 #Person2#: I'm sorry.
 #Person1#: You look pale, Jessie. Are you all right?
 #Person2#: No, I'm not feeling well. Mr. Brown.
 #Person1#: What seems to be the problem?
 #Person2#: I guess I ate something bad at lunch.
 #Person1#: And you have a stomachache now?
 #Person2#: Yes, I think so.
 #Person1#: Can you walk to the school clinic? Or shall I send for the doctor?
 #Person2#: No, thanks. It doesn't matter too much. I will go to the doctor after class.
 #Person1#: Ok. I'll finish the class in a minute. Then I'll send you to the clinic.
 #Person2#: Thank you so much. Mr. Brown.
 #Person1#: Don't mention it.",Jessie isn't feeling well because she may ate something bad. Mr. Brown will finish the class in minutes and send her to the clinic.,have a stomachache,"Jessie feels unwell after eating something bad at lunch and has a stomachache. Mr. Brown offers to send her to the school clinic, but Jessie insists she will go after class.",Jessie's illness and Mr. Brown's concern,Same Meaning,Different Meaning,Different Meaning,0.85,"The generated summary accurately represents the main idea of the dialogue, preserving important facts (Jessie's illness, eating something bad, stomachache, Mr. Brown's offer to send her to the clinic, and Jessie's insistence on going after class). However, the generated topic ('Jessie's illness and Mr. Brown's concern') introduces a broader interpretation not explicitly stated in the dialogue or reference topic ('have a stomachache'). While the topic is related, it is not a direct representation of the main topic as per the reference.","#व्यक्ति१#: अब, कसैले यस पाठको मुख्य विचारको सारांश दिन सक्छ? हो, जेसी, भन।
#व्यक्ति२#: माफ गर्नुहोस्।
#व्यक्ति१#: जेसी, तिमी फिक्का देखिन्छौ। तिमी ठीक छौ?
#व्यक्ति२#: होइन, मलाई सन्चो छैन, श्रीमान् ब्राउन।
#व्यक्ति१#: समस्या के जस्तो देखिन्छ?
#व्यक्ति२#: मलाई लाग्छ मैले दिउँसोको खानामा केही बिग्रिएको कुरा खाएँ।
#व्यक्ति१#: अनि अहिले तिम्रो पेट दुखिरहेको छ?
#व्यक्ति२#: हो, मलाई त्यस्तै लाग्छ।
#व्यक्ति१#: के तिमी विद्यालयको स्वास्थ्य केन्द्रसम्म हिँडेर जान सक्छौ? कि म डाक्टरलाई बोलाइदिऊँ?
#व्यक्ति२#: होइन, धन्यवाद। त्यति धेरै समस्या छैन। म कक्षा सकिएपछि डाक्टरकहाँ जान्छु।
#व्यक्ति१#: ठीक छ। म एक मिनेटमा कक्षा समाप्त गर्छु। त्यसपछि म तिमीलाई स्वास्थ्य केन्द्रमा पठाउँछु।
#व्यक्ति२#: धेरै धेरै धन्यवाद, श्रीमान् ब्राउन।
#व्यक्ति१#: केही भन्नुपर्दैन।",जेसीलाई आफूले खराब खाना खाएको हुन सक्ने भएकाले सन्चो छैन। श्री ब्राउन केही मिनेटमा कक्षा समाप्त गरेर उनलाई स्वास्थ्य केन्द्रमा लैजानेछन्।,have a stomachache,"श्रीमान् ब्राउनले कक्षा पढाउँदै गर्दा जेसीले बिरामी भएको बताउँछन्। उनलाई दिउँसोको खानामा केही बिग्रिएको कारण पेट दुखेको छ। श्रीमान् ब्राउनले उनलाई स्वास्थ्य केन्द्रमा पठाउने प्रस्ताव गर्छन्, तर जेसीले आफैं डाक्टरकहाँ जाने बताउँछन्। अन्त्यमा, श्रीमान् ब्राउनले कक्षा सकेपछि उनलाई स्वास्थ्य केन्द्रमा पठाउने निर्णय गर्छन्।",विद्यालयमा शिक्षक र विद्यार्थीबीचको संवाद तथा विद्यार्थीको स्वास्थ्य समस्याको चर्चा,Same Meaning,Different Meaning,Different Meaning,0.85,"The generated summary accurately represents the main idea, facts, and entities of the dialogue, preserving the same meaning as the reference summary. However, the generated topic is broader than the reference topic ('have a stomachache'). While it includes the health problem, it also introduces additional elements (teacher-student interaction) that are not the primary focus of the dialogue, making it a different meaning compared to the reference topic which strictly refers to the stomachache.",PC,PC
train_4441,"#Person1#: Excuse me, what did you say you would like to do, Mr. Green?
 #Person2#: I said I'd better go back to the hotel. I'm meeting someone this evening.
 #Person1#: OK, how are you going back? By bus or taxi?
 #Person2#: I think I'd take a taxi. Do you know where I can get one?
 #Person1#: Oh, just wait by the roadside. I'll wait with you.
 #Person2#: OK, thanks. Are the taxis in London all black?
 #Person1#: Well, some of them are. Is this your first time in London?
 #Person2#: Yes, it is. Do you give extra money to the taxi drivers here?
 #Person1#: Oh, yes. Look, here's one. Taxi!
 #Person2#: Thanks. See you tomorrow.",Mr. Green tells #Person1# he'd better go back to the hotel by taxi. #Person1# offers to wait with him.,social casual talk,"Person1 asks Person2 about his plans to return to the hotel, and Person2 mentions he has a meeting in the evening. They discuss transportation options, with Person2 deciding to take a taxi. Person1 offers to wait with him and provides information about taxis in London, including their color and tipping customs.",Discussion about transportation and travel arrangements in London,Same Meaning,Different Meaning,Same Meaning,0.98,"The generated summary accurately captures the main ideas, facts, and entities from the dialogue, including the transportation discussion, waiting together, and details about taxis in London. The topic is related but more specific (focusing on transportation and travel arrangements) compared to the reference topic (social casual talk), which is broader but still contextually relevant. The overall meaning aligns well with the dialogue.","#व्यक्ति१#: माफ गर्नुहोस्, श्रीमान् ग्रीन, तपाईंले के गर्न चाहनुहुन्छ भन्नुभएको थियो?
#व्यक्ति२#: मैले आज साँझ कसैलाई भेट्नुपर्ने भएकाले होटलमा फर्कनु राम्रो हुन्छ भनेको थिएँ।
#व्यक्ति१#: ठीक छ, तपाईं कसरी फर्कनुहुन्छ? बसबाट कि ट्याक्सीबाट?
#व्यक्ति२#: मलाई लाग्छ म ट्याक्सी लिन्छु। कहाँबाट ट्याक्सी पाउन सक्छु, तपाईंलाई थाहा छ?
#व्यक्ति१#: ओहो, सडकको छेउमा पर्खनुहोस्। म तपाईंसँगै पर्खन्छु।
#व्यक्ति२#: ठीक छ, धन्यवाद। लन्डनका सबै ट्याक्सीहरू कालो हुन्छन्?
#व्यक्ति१#: खैर, केही हुन्छन्। के यो लन्डनमा तपाईंको पहिलो पटक हो?
#व्यक्ति२#: हो। यहाँ ट्याक्सी चालकहरूलाई अतिरिक्त पैसा दिनुहुन्छ?
#व्यक्ति१#: ओहो, हो। हेर्नुहोस्, एउटा आयो। ट्याक्सी!
#व्यक्ति२#: धन्यवाद। भोलि भेटौँला।",श्री ग्रिनले #व्यक्ति१# लाई आफू ट्याक्सीबाट होटल फर्कनु राम्रो हुने बताउँछन्। #व्यक्ति१# ले उनीसँगै पर्खने प्रस्ताव गर्छन्।,social casual talk,व्यक्ति १ ले व्यक्ति २ (श्रीमान् ग्रीन) लाई ट्याक्सी चढ्न सहयोग गर्दैछन्। व्यक्ति २ ले ट्याक्सी लिने र होटल फर्कने कुरा गरेका छन्। व्यक्ति १ ले ट्याक्सी पाउने ठाउँ बताउँदै सँगै पर्खने प्रस्ताव गरेका छन्। व्यक्ति २ ले लन्डनका ट्याक्सीहरू कालो हुन्छन् कि भनेर सोध्दा व्यक्ति १ ले केही ट्याक्सी कालो हुन्छन् भनेका छन्। व्यक्ति २ ले लन्डनमा पहिलो पटक आएको र ट्याक्सी चालकलाई अतिरिक्त पैसा दिनुपर्छ कि भनेर सोध्दा व्यक्ति १ ले दिनुपर्छ भनेका छन्। अन्त्यमा एउटा ट्याक्सी आएपछि व्यक्ति २ ले धन्यवाद व्यक्त गर्दै भोलि भेट्ने बताएका छन्।,ट्याक्सी चढ्ने र लन्डनका ट्याक्सी सम्बन्धी जानकारी,Same Meaning,Different Meaning,Different Meaning,0.85,"The generated summary accurately represents the main idea, facts, entities, and subject of the dialogue, preserving all important details. However, the generated topic ('ट्याक्सी चढ्ने र लन्डनका ट्याक्सी सम्बन्धी जानकारी') is more specific and narrower than the reference topic ('social casual talk'), which captures the broader context of a casual conversation. While the generated topic is not incorrect, it does not fully align with the reference topic's scope.",C,PC
train_7770,"#Person1#: Management is going through a big turnover these days. With Bill's retirement, and department realignment, we have lost about 1/3 of our managerial staff. They've been dropping like flies... 
 #Person2#: Isn't that a good thing? Having fewer bosses means having less stress, don't you think? 
 #Person1#: Actually, I don't think so. Supervisors are really important to make sure everything goes smoothly in the workplace. They are necessary for divvying up work and disciplining employees. If there is no one to keep an eye on us, no one would get any work done. You know what they say, when the cat's away, the mice play. 
 #Person2#: You're right, we do need leadership. But what we don't need is too many people to lead us. You know what they say about too many chiefs and not enough Indians... 
 #Person1#: Alright... I get your point.",#Person1# says 1/3 of the managerial staff are lost but #Person2# thinks it's good. #Person1# says the supervisors are good for efficiency but #Person2# thinks there are too many supervisors.,discuss managerial staff,"Person1 expresses concern about significant managerial turnover in the workplace due to Bill's retirement and department realignment, highlighting the importance of supervisors for work distribution and discipline. Person2 argues that fewer managers could reduce stress but acknowledges the need for leadership, referencing the idiom about too many chiefs and not enough Indians.",Impact of managerial turnover and the necessity of leadership in the workplace,Same Meaning,Same Meaning,Same Meaning,0.98,"The generated summary accurately captures the main ideas and key points from the dialogue, including the turnover of managerial staff, Person1's argument for the necessity of supervisors, and Person2's counterpoint about stress and the idiom. The generated topic correctly reflects the main subject of the dialogue, which is the impact of managerial turnover and the need for leadership. No contradictions, omissions of critical facts, or introductions of extraneous information are present.","#व्यक्ति१#: आजकल व्यवस्थापनमा ठूलो मात्रामा कर्मचारी परिवर्तन भइरहेको छ। बिलको अवकाश र विभागको पुनर्संरचनाका कारण हामीले व्यवस्थापकीय कर्मचारीको करिब एक तिहाइ गुमाएका छौँ। उनीहरू झिँगा मरेझैँ लगातार घटिरहेका छन्।
#व्यक्ति२#: के त्यो राम्रो कुरा होइन? कम हाकिम हुनु भनेको कम तनाव हुनु हो, होइन र?
#व्यक्ति१#: वास्तवमा, मलाई त्यस्तो लाग्दैन। कार्यस्थलमा सबै कुरा सहज रूपमा चलिरहेको सुनिश्चित गर्न पर्यवेक्षकहरू अत्यन्त महत्त्वपूर्ण हुन्छन्। काम बाँडफाँड गर्न र कर्मचारीलाई अनुशासनमा राख्न उनीहरू आवश्यक हुन्छन्। हामीमाथि नजर राख्ने कोही नभएमा कसैले पनि काम गर्ने थिएन। भनाइ नै छ, बिरालो नहुँदा मुसाले खेल्छन्।
#व्यक्ति२#: तपाईं सही हुनुहुन्छ, हामीलाई नेतृत्व चाहिन्छ। तर हामीलाई नेतृत्व गर्न धेरै मानिस भने चाहिँदैन। धेरै मुखिया र थोरै अनुयायी हुनु राम्रो होइन भन्ने भनाइ छ।
#व्यक्ति१#: ठीक छ, म तिम्रो कुरा बुझें।",#व्यक्ति१# ले व्यवस्थापकीय कर्मचारीमध्ये एक तिहाइ गुमेको बताउँछन् तर #व्यक्ति२# लाई यो राम्रो लाग्छ। #व्यक्ति१# ले पर्यवेक्षकहरू कार्यक्षमताका लागि राम्रो हुने बताउँछन् तर #व्यक्ति२# लाई धेरै पर्यवेक्षकहरू भएको लाग्छ।,discuss managerial staff,व्यवस्थापकीय कर्मचारीको कमीले कार्यालयमा समस्या उत्पन्न भएको छ। पर्यवेक्षकहरूको भूमिका महत्वपूर्ण हुने भएकाले कम कर्मचारी हुँदा काममा असर पर्न सक्ने र अनुशासनहीनता बढ्न सक्ने चिन्ता व्यक्त गरिएको छ।,व्यवस्थापकीय कर्मचारीको कमी र कार्यालयमा पर्ने असर,Same Meaning,Same Meaning,Same Meaning,0.98,"The generated summary accurately reflects the main idea of the dialogue, preserving the key points about the reduction in managerial staff, the importance of supervisors, and the concerns raised. The generated topic correctly identifies the main subject as the reduction in managerial staff and its impact on the office, aligning with the reference topic. Both outputs maintain the same meaning without introducing contradictions or omitting critical information.",C,C
train_4127,"#Person1#: Thank your for calling World Airline. What can I do for you?
 #Person2#: I need to book a plane ticket to London.
 #Person1#: Round-trip or one-way?
 #Person2#: One-way.
 #Person1#: What date would you like to fly?
 #Person2#: Saturday, July 25.
 #Person1#: How many people will be traveling?
 #Person2#: Just one adult.
 #Person1#: Which class?
 #Person2#: Economy, please. Economy class is the cheapest, right?
 #Person1#: Right. Ok, the fare is $ 700.",#Person2# calls World Airline to book a plane ticket to London and #Person1# helps #Person2# to book.,booking a ticket,"Person2 contacts World Airline to book a one-way economy class ticket to London for July 25 for one adult, with a fare of $700.",booking a flight ticket,Same Meaning,Same Meaning,Same Meaning,0.98,"The generated summary accurately captures all key details from the dialogue (one-way ticket, economy class, date, passenger count, fare, and destination) without introducing or omitting important facts. The generated topic ('booking a flight ticket') is semantically equivalent to the reference topic ('booking a ticket') as it refers to the same main concept, with only minor phrasing differences that do not alter meaning.","#व्यक्ति१#: विश्व वायुसेवामा फोन गर्नुभएकोमा धन्यवाद। म तपाईंलाई कसरी सहयोग गर्न सक्छु?
#व्यक्ति२#: मलाई लन्डन जाने विमानको टिकट बुक गर्नुपर्छ।
#व्यक्ति१#: आउने-जाने कि एकतर्फी?
#व्यक्ति२#: एकतर्फी।
#व्यक्ति१#: तपाईं कुन मितिमा उड्न चाहनुहुन्छ?
#व्यक्ति२#: जुलाई २५, शनिबार।
#व्यक्ति१#: कति जना यात्रा गर्नेछन्?
#व्यक्ति२#: केवल एक जना वयस्क।
#व्यक्ति१#: कुन श्रेणी?
#व्यक्ति२#: कृपया साधारण श्रेणी। साधारण श्रेणी सबैभन्दा सस्तो हो, हैन?
#व्यक्ति१#: हो। ठीक छ, भाडा ७०० डलर हो।",#व्यक्ति२# ले लन्डनका लागि हवाई टिकट बुक गर्न विश्व वायुसेवालाई फोन गर्छन् र #व्यक्ति१# ले #व्यक्ति२# लाई टिकट बुक गर्न सहयोग गर्छन्।,booking a ticket,"व्यक्ति २ ले विश्व वायुसेवा मार्फत लन्डन जाने एकतर्फी साधारण श्रेणीको विमान टिकट बुक गर्न चाहेको बताए। उडानको मिति जुलाई २५, शनिबार थियो र यात्रा एक जना वयस्कले गर्ने थियो। टिकटको भाडा ७०० डलर रहेको थियो।",विश्व वायुसेवा मार्फत लन्डन जाने विमान टिकट बुकिङ सम्बन्धी संवाद,Same Meaning,Same Meaning,Same Meaning,0.98,"The generated summary accurately captures all key details from the dialogue: the booking of a one-way ticket to London via World Airways, the travel date (July 25, Saturday), the number of travelers (one adult), the ticket class (economy), and the fare ($700). The generated topic correctly identifies the main subject as the booking of a flight ticket to London through World Airways. Both the summary and topic preserve the same meaning as the original dialogue and reference without introducing or omitting critical information.",C,C
train_12183,"#Person1#: it seems the department still has some money left in the budget. Do you have any suggestions how to use it before the budget is renewed?
 #Person2#: what about renting a restaurant and treating the employees to a nice dinner?
 #Person1#: but we've done that many times. We want something fresh this time.
 #Person2#: okay, let me think. What about a party-and-movie night? We can rearrange our reference room, invite a band to play some music, order in some food and watch a movie later.
 #Person1#: sounds like a good idea, but a band sounds too expensive.
 #Person2#: well, we can ask people to make small contributions.
 #Person1#: I don't think so. I don't think people are going to like it if they have to pay to come. But we certainly can cut costs in other ways, such as make the party BYOB.
 #Person2#: BYOB? What's that?
 #Person1#: bring your own beverage. We can provide food, but people have to bring their own drinks.
 #Person2#: so we're just going to have a party where they bring their own drinks and we just give them some snacks? I don't know how well that will go over.
 #Person1#: maybe you have a point. How about having a party on a Friday afternoon? We'll stop early, order some pizza, and serve drinks. There'll be music but no band. Having the party in the office will make
 #Person2#: oh, that sounds like fun!","#Person1# and #Person2# are discussing how to spend money left in the budget of the department. They finally decide to have a party on a Friday afternoon with pizza, drinks, and music but no band in the office.",have a party,"Person1 and Person2 discuss how to use the remaining department budget before renewal. They consider various ideas like renting a restaurant, a party-and-movie night, and eventually settle on a Friday afternoon party in the office with pizza, drinks, and music, avoiding additional costs like a band.",Budget utilization for employee event planning,Same Meaning,Different Meaning,Same Meaning,0.98,"The generated summary accurately reflects the main ideas, facts, and entities from the dialogue, including the budget discussion, the rejected ideas, and the final decision for a Friday afternoon party with pizza, drinks, and music. The generated topic, while related to the dialogue, introduces a broader concept ('Budget utilization for employee event planning') that is not explicitly stated in the dialogue or reference topic ('have a party'). The reference topic is more concise and directly aligned with the final decision in the dialogue.","#व्यक्ति१#: विभागको बजेटमा अझै केही पैसा बाँकी रहेको देखिन्छ। बजेट नवीकरण हुनुअघि त्यसलाई कसरी प्रयोग गर्ने भन्ने कुनै सुझाव छ?
#व्यक्ति२#: रेस्टुरेन्ट भाडामा लिएर कर्मचारीहरूलाई राम्रो खाना खुवाउने कस्तो हुन्छ?
#व्यक्ति१#: तर हामीले त्यो धेरै पटक गरिसकेका छौँ। यस पटक हामी केही नयाँ चाहन्छौँ।
#व्यक्ति२#: ठीक छ, मलाई सोच्न दिनुहोस्। पार्टी र चलचित्रको साँझ कस्तो हुन्छ? हामी आफ्नो बैठक कोठा मिलाउन सक्छौँ, एउटा सङ्गीत समूहलाई सङ्गीत बजाउन बोलाउन सक्छौँ, केही खाना मगाउन सक्छौँ र पछि चलचित्र हेर्न सक्छौँ।
#व्यक्ति१#: राम्रो विचार जस्तो लाग्छ, तर सङ्गीत समूह धेरै महँगो पर्छ।
#व्यक्ति२#: त्यसो भए हामी मानिसहरूलाई थोरै रकम योगदान गर्न भन्न सक्छौँ।
#व्यक्ति१#: मलाई त्यस्तो लाग्दैन। आउनका लागि पैसा तिर्नुपरेमा मानिसहरूलाई मन पर्दैन। तर हामी अन्य तरिकाले खर्च घटाउन सक्छौँ, जस्तै पार्टीमा सबैले आफ्नै पेय पदार्थ ल्याउने।
#व्यक्ति२#: आफ्नै पेय पदार्थ ल्याउने? त्यो के हो?
#व्यक्ति१#: आफ्नै पेय पदार्थ ल्याउने। हामी खाना उपलब्ध गराउन सक्छौँ, तर मानिसहरूले आफ्नै पेय पदार्थ ल्याउनुपर्छ।
#व्यक्ति२#: त्यसो भए उनीहरूले आफ्नै पेय पदार्थ ल्याउने र हामीले उनीहरूलाई केही खाजा मात्र दिने पार्टी गर्ने हो? त्यो कत्तिको राम्रो हुन्छ, मलाई थाहा छैन।
#व्यक्ति१#: सायद तिम्रो कुरा सही हो। शुक्रबार दिउँसो पार्टी गर्ने कस्तो हुन्छ? हामी काम चाँडै रोक्छौँ, केही पिज्जा मगाउँछौँ र पेय पदार्थ दिन्छौँ। सङ्गीत हुनेछ तर सङ्गीत समूह हुनेछैन। कार्यालयमै पार्टी गर्दा खर्च कम हुनेछ।
#व्यक्ति२#: ओहो, त्यो रमाइलो हुन्छ जस्तो लाग्छ।","#व्यक्ति१# र #व्यक्ति२# विभागको बजेटमा बाँकी रहेको पैसा कसरी खर्च गर्ने भनेर छलफल गर्छन्। अन्ततः उनीहरूले शुक्रबार दिउँसो कार्यालयमा पिज्जा, पेय पदार्थ र संगीतसहित तर कुनै सङ्गीत टोलीबिना भोज गर्ने निर्णय गर्छन्।",have a party,"दुई व्यक्तिबीच विभागको बाँकी बजेटलाई कसरी उपयोग गर्ने भन्ने विषयमा छलफल भएको छ। कर्मचारीलाई खाना खुवाउने पुरानो तरिका छोडेर नयाँ विचार प्रस्ताव गरिएको थियो, जस्तै पार्टी तथा चलचित्रको साँझ। तर खर्चका कारण त्यो विचार त्यागियो। अन्ततः कार्यालयमै शुक्रबार दिउँसो पार्टी गर्ने निर्णय भयो, जहाँ पिज्जा तथा पेय पदार्थ उपलब्ध गराइने र सङ्गीत बजाइने तर सङ्गीत समूह भने नराखिने भयो। यसबाट खर्च कम हुने र रमाइलो पनि हुने विश्वास गरिएको छ।",विभागीय बजेटको उपयोग र कर्मचारी मनोरञ्जनका लागि उपयुक्त कार्यक्रमको छनोट,Same Meaning,Different Meaning,Same Meaning,0.98,"The generated summary accurately represents the main idea, important facts, entities, and subject of the dialogue, preserving all key details (e.g., remaining budget, party idea, pizza, drinks, music without a band, Friday afternoon). The generated topic ('विभागीय बजेटको उपयोग र कर्मचारी मनोरञ्जनका लागि उपयुक्त कार्यक्रमको छनोट') is broader than the reference topic ('have a party') but still aligns with the dialogue's core concept of budget utilization for employee entertainment. The topic does not contradict the dialogue but extends beyond its specific focus.",C,C
train_6957,"#Person1#: Look, mom has left a note with housework for us to do while she and dad are away this weekend.
 #Person2#: Let's see. Tidy up the garage and clean up the backyard.
 #Person1#: She doesn't say which we should do first.
 #Person2#: Hey, we're not robots. We can make our own plan as long as everything gets done. Read the weather report in the newspaper.
 #Person1#: Em, sunny today, cloudy tonight, probably heavy rain tomorrow. Well, that makes it easy. We work outside today and inside tomorrow.
 #Person2#: Yep, let's get started. I want to go to the supermarket this afternoon.",#Person1# and #Person2# are reading the notes their mother left with housework for them to do. They decide to work outside today and inside tomorrow.,housework,"Person1 and Person2 discuss their housework tasks left by their parents, deciding to do outdoor chores today due to sunny weather and indoor chores tomorrow because of expected heavy rain.",planning housework tasks based on weather conditions,Same Meaning,Different Meaning,Same Meaning,0.98,"The generated summary accurately captures the main idea, important facts, and entities from the dialogue, matching the reference summary. The generated topic ('planning housework tasks based on weather conditions') is a valid interpretation of the dialogue's content but differs slightly from the reference topic ('housework'). The core meaning remains consistent, as the topic still revolves around housework planning influenced by weather.","#व्यक्ति१#: हेर, आमा र बुबा यस सप्ताहन्तमा बाहिर हुँदा हामीले गर्नुपर्ने घरायसी कामको सूची छोडेर जानुभएको छ।
#व्यक्ति२#: हेरौँ। ग्यारेज सफा गर्ने र पछाडिको आँगन सफा गर्ने।
#व्यक्ति१#: हामीले पहिले कुन गर्नुपर्छ भनेर उहाँले भन्नुभएको छैन।
#व्यक्ति२#: अरे, हामी रोबोट होइनौँ। सबै काम सकिएसम्म हामी आफ्नै योजना बनाउन सक्छौँ। पत्रिकामा मौसमको विवरण पढ।
#व्यक्ति१#: ए, आज घाम लाग्नेछ, आज राति बादल लाग्नेछ, भोलि सम्भवतः ठूलो वर्षा हुनेछ। त्यसो भए सजिलो भयो। आज बाहिरको काम गर्छौँ र भोलि भित्रको काम गर्छौँ।
#व्यक्ति२#: हुन्छ, सुरु गरौँ। म आज दिउँसो सुपरमार्केट जान चाहन्छु।",#व्यक्ति१# र #व्यक्ति२# आमाले उनीहरूका लागि गर्न छोडेको घरायसी कामको सूची पढिरहेका छन्। उनीहरूले आज बाहिरको काम र भोलि भित्रको काम गर्ने निर्णय गर्छन्।,housework,"दुई व्यक्तिले आमाबुबाले छोडेको घरायसी कामको सूची हेर्दै, मौसमको जानकारीका आधारमा कामको योजना बनाउँछन्। उनीहरूले बाहिरको काम आज र भित्रको काम भोलि गर्ने निर्णय गर्छन्। साथै, एक जनाले दिउँसो सुपरमार्केट जाने इच्छा व्यक्त गर्छ।",घरायसी कामको योजना र मौसम अनुसारको कार्यतालिका,Same Meaning,Different Meaning,Same Meaning,0.98,"The generated summary accurately represents the main idea, important facts, and entities from the dialogue, including the decision to do outdoor work today and indoor work tomorrow, as well as the mention of going to the supermarket. The topic 'घरायसी कामको योजना र मौसम अनुसारको कार्यतालिका' is broader than the reference topic 'housework' but still aligns with the dialogue's content. The reference topic is more general, while the generated topic includes additional context (weather-based schedule), which is present in the dialogue but not in the reference topic.",C,C
train_11220,"#Person1#: Hello, this is Helen speaking.
 #Person2#: Hello, Helen. This is John. How are you?
 #Person1#: Fine, thank you. And you?
 #Person2#: Fine, thanks. I'll have a party next Sunday at home. I'm calling to ask whether you can come or not.
 #Person1#: Oh, how wonderful. I'll be glad to.
 #Person2#: Okay, now you are a famous star.
 #Person1#: Hum, don't say that. Maybe you can do something useful for me.
 #Person2#: What's wrong with you?
 #Person1#: I'll tell you at the party.
 #Person2#: Okay.",John phones Helen to invite her to his party next Sunday and Helen agrees.,party invitation,"Helen and John have a phone conversation where John invites Helen to a party at his home next Sunday. Helen accepts the invitation and John jokingly refers to her as a 'famous star,' to which Helen responds modestly and hints at sharing something important at the party.",Invitation to a party,Same Meaning,Same Meaning,Same Meaning,0.98,"The generated summary accurately captures the main idea of the dialogue, including John's invitation to Helen for his party next Sunday, her acceptance, and the playful exchange about Helen being a 'famous star.' The generated topic 'Invitation to a party' correctly represents the main topic of the dialogue. Both the summary and topic preserve all important facts, entities (Helen, John), and the subject without introducing contradictions or omissions that alter the meaning.","#व्यक्ति१#: नमस्कार, म हेलेन बोल्दै छु।
#व्यक्ति२#: नमस्कार, हेलेन। म जोन बोल्दै छु। तिमीलाई कस्तो छ?
#व्यक्ति१#: ठीक छु, धन्यवाद। अनि तिमीलाई?
#व्यक्ति२#: ठीक छु, धन्यवाद। म अर्को आइतबार घरमा पार्टी गर्दै छु। तिमी आउन सक्छौ कि सक्दैनौ भनेर सोध्न फोन गरेको हुँ।
#व्यक्ति१#: ओहो, कति राम्रो। म खुसीसाथ आउँछु।
#व्यक्ति२#: ठीक छ, अब तिमी प्रसिद्ध तारा हौ।
#व्यक्ति१#: हम्म, त्यसो नभन। सायद तिमीले मेरो लागि केही उपयोगी काम गर्न सक्छौ।
#व्यक्ति२#: तिमीलाई के भयो?
#व्यक्ति१#: पार्टीमा बताउँछु।
#व्यक्ति२#: ठीक छ।",जोनले हेलेनलाई फोन गरेर अर्को आइतबार आफ्नो घरमा हुने भोजमा निम्तो दिन्छन् र हेलेन सहमत हुन्छिन्।,party invitation,हेलेन र जोन बीचको फोन संवादमा जोनले आफ्नो घरमा पार्टी आयोजना गर्ने र हेलेनलाई निम्तो दिने कुरा बताए। हेलेनले पार्टीमा उपस्थित हुने सहमति जनाइन् तर जोनले उनलाई प्रसिद्ध तारा भनेकोमा हेलेनले त्यसो नभनी आफ्नो लागि केही उपयोगी काम गर्न सक्ने संकेत दिएकी छन्।,फोन मार्फत पार्टीको निम्तो र संवाद,Same Meaning,Same Meaning,Same Meaning,0.98,"The generated summary accurately captures the main idea of the dialogue, including the key facts (Joon inviting Helen to a party at his home, Helen agreeing to attend, and the subtle hint about future assistance). The generated topic correctly identifies the core subject as a party invitation via phone conversation, matching the reference topic. No contradictions, omissions of critical details, or introductions of unrelated facts are present.",C,C
train_9381,"#Person1#: What date is today?
 #Person2#: Why?
 #Person1#: Didn't you notice the roses everywhere?
 #Person2#: I hear it's Chinese Valentine's Day! Don't you know?
 #Person1#: Oh, God. I just forgot it. I should have brought roses for my girlfriend.
 #Person2#: It's not too late. Go to buy some now.",#Person2# reminds #Person1# to buy roses for girlfriend on Chinese Valentine's Day.,special date,"Person1 asks for today's date, and Person2 mentions it is Chinese Valentine's Day. Person1 realizes they forgot to buy roses for their girlfriend and considers doing so now.",Chinese Valentine's Day,Same Meaning,Different Meaning,Same Meaning,0.98,"The generated summary accurately captures the main idea of the dialogue, including the key facts about the date, Chinese Valentine's Day, and the need to buy roses for the girlfriend. The generated topic 'Chinese Valentine's Day' is more specific than the reference topic 'special date' but still refers to the same main topic in the dialogue. The reference topic is broader, but the generated topic does not contradict the dialogue or introduce incorrect information.","#व्यक्ति१#: आज कति गते हो?
#व्यक्ति२#: किन?
#व्यक्ति१#: तिमीले चारैतिर गुलाफ देखेनौ?
#व्यक्ति२#: मैले यो चिनियाँ प्रणय दिवस हो भनेर सुनेको छु। तिमीलाई थाहा छैन?
#व्यक्ति१#: हे भगवान्। मैले त बिर्सिएँ। मैले मेरी प्रेमिकाका लागि गुलाफ ल्याउनुपर्ने थियो।
#व्यक्ति२#: अझै ढिला भएको छैन। अहिले गएर केही किन।",#व्यक्ति२# ले चिनियाँ प्रेम दिवसमा प्रेमिकाका लागि गुलाब किन्न #व्यक्ति१# लाई सम्झाउँछन्।,special date,व्यक्ति१ ले आज चिनियाँ प्रणय दिवस हो र प्रेमिकालाई गुलाफ दिनुपर्ने कुरा बिर्सिएको थाहा पाउँछन्। व्यक्ति२ ले अझै ढिला नभएको र गुलाफ किनेर जाने सुझाव दिन्छन्।,चिनियाँ प्रणय दिवस र प्रेमिकालाई गुलाफ दिने तयारी,Same Meaning,Same Meaning,Same Meaning,0.98,"The generated summary accurately captures the main idea of the dialogue, including the key facts about the Chinese Valentine's Day, the need to buy roses for the girlfriend, and Person 2's suggestion to go buy them. The generated topic correctly refers to the same main topic as the reference topic, focusing on the Chinese Valentine's Day and the preparation of giving roses to the girlfriend. No important facts, entities, or meaning are omitted, added, or contradicted.",C,C
train_4639,"#Person1#: Let's program your courses. Since you have had English literature, you should take American literature and American prose and fiction. You transcript indicate that your English background is strong, so I don't think you have any problem with it. 
 #Person2#: How many credits for each course? 
 #Person1#: Three, you also should take two three-credit-course in education department. 
 #Person2#: Thank you, sir, I'm sure I will.",#Person1# helps #Person2# program #Person2#'s courses and introduces the credits for each course.,course advice,"Person1 suggests Person2's course schedule, recommending American literature and American prose and fiction courses (3 credits each) based on Person2's strong English background, along with two 3-credit education courses. Person2 asks about the credit hours and expresses gratitude.",Course scheduling and credit requirements,Same Meaning,Same Meaning,Same Meaning,0.98,"The generated summary accurately captures the main idea of the dialogue, including the courses recommended, their credit values, and the interaction between Person1 and Person2. The generated topic ('Course scheduling and credit requirements') aligns with the reference topic ('course advice') as both refer to the same main topic of course planning and credit details. No contradictions, omissions of critical facts, or introductions of extraneous information are present.","#व्यक्ति१#: तिम्रा विषयहरूको योजना बनाऔँ। तिमीले अङ्ग्रेजी साहित्य पढिसकेकाले अमेरिकी साहित्य तथा अमेरिकी गद्य र कथा लिनुपर्छ। तिम्रो शैक्षिक विवरणले तिम्रो अङ्ग्रेजी पृष्ठभूमि बलियो रहेको देखाउँछ, त्यसैले यसमा तिमीलाई कुनै समस्या हुनेछ जस्तो मलाई लाग्दैन।
#व्यक्ति२#: प्रत्येक विषयका लागि कति श्रेयाङ्क छन्?
#व्यक्ति१#: तीन। तिमीले शिक्षा विभागमा तीन-तीन श्रेयाङ्क भएका दुईवटा विषय पनि लिनुपर्छ।
#व्यक्ति२#: धन्यवाद, सर। म पक्कै लिन्छु।",#व्यक्ति१# ले #व्यक्ति२# लाई #व्यक्ति२# का पाठ्यक्रमहरू मिलाउन सहयोग गर्छन् र प्रत्येक पाठ्यक्रमका लागि आवश्यक श्रेयाङ्कबारे जानकारी दिन्छन्।,course advice,व्यक्ति१ ले व्यक्ति२ लाई उनको शैक्षिक पृष्ठभूमि र रुचिको आधारमा अमेरिकी साहित्य तथा गद्य र कथा विषय लिन सुझाव दिन्छन्। दुवै विषयमा तीन-तीन श्रेयाङ्क रहेको र शिक्षा विभागबाट पनि दुई विषय तीन-तीन श्रेयाङ्कका लागि लिनुपर्ने जानकारी गराउँछन्। व्यक्ति२ ले धन्यवाद व्यक्त गर्दै विषयहरू लिने प्रतिबद्धता जनाउँछन्।,शैक्षिक विषय चयनमा मार्गदर्शन तथा विषयहरूको श्रेयाङ्क सम्बन्धी छलफल,Same Meaning,Different Meaning,Same Meaning,0.98,"The generated summary accurately represents the main idea, important facts, entities (व्यक्ति१, व्यक्ति२, अमेरिकी साहित्य, गद्य र कथा, शिक्षा विभाग), and preserves the meaning of the dialogue. The topic 'शैक्षिक विषय चयनमा मार्गदर्शन तथा विषयहरूको श्रेयाङ्क सम्बन्धी छलफल' is related but broader than the reference topic 'course advice'. However, it does not contradict the dialogue and maintains the core concept of academic subject selection and credit discussion.",C,C
train_8947,"#Person1#: The band is pretty good. How do you like the music?
 #Person2#: It's very nice. I haven't heard live music in a while. This is fun.
 #Person1#: Well, then, may I invite you for the next dance?
 #Person2#: Of course. But I'm afraid I'm not much of a dancer. . .
 #Person1#: Don't worry. I'm not much of a dancer myself.
 #Person2#: You're dancing so well.
 #Person1#: You dance beautifully too.
 #Person2#: When did you learn to dance?
 #Person1#: In college. But I don't dance very often. What's your favourite dance?
 #Person2#: It's hard to say. It depends. But I love the waltz.
 #Person1#: How about tango?
 #Person2#: Oh, I like it. It's such a beautiful dance, but I can't do it well. What about you?
 #Person1#: Tango is my favorite. Anything but hip-hop or the foxtrot. ( the music has stopped )
 #Person2#: Thank you for the dance.
 #Person1#: My pleasure. Let's go and have a drink.
 #Person2#: OK.","#Person1# invites #Person2# to dance, then they talk about dancing. They compliment each other's dance moves. #Person2# loves the waltz, while #Person1#'s favorite is tango. They'll have a drink together.",social meeting,"Person1 and Person2 discuss their enjoyment of live music and dancing together. They share that neither is an experienced dancer but find the experience fun. They talk about their dance preferences, with Person1 favoring tango and Person2 liking the waltz. They then decide to get a drink together.",Conversation about dancing and music preferences,Same Meaning,Same Meaning,Same Meaning,0.98,"The generated summary accurately captures the main ideas of the dialogue, including the invitation to dance, the discussion of dance preferences (tango and waltz), the mutual compliments on dancing, and the decision to have a drink. The generated topic correctly reflects the social and conversational nature of the dialogue, focusing on dancing and music preferences. No important facts, entities, or meanings are altered, omitted, or contradicted.","#व्यक्ति१#: सङ्गीत समूह निकै राम्रो छ। तिमीलाई सङ्गीत कस्तो लागिरहेको छ?
#व्यक्ति२#: धेरै राम्रो छ। मैले केही समयदेखि प्रत्यक्ष सङ्गीत सुनेको थिइनँ। यो रमाइलो छ।
#व्यक्ति१#: त्यसो भए, म तिमीलाई अर्को नृत्यका लागि निम्तो दिन सक्छु?
#व्यक्ति२#: अवश्य। तर म राम्रो नर्तक होइन।
#व्यक्ति१#: चिन्ता नगर। म पनि राम्रो नर्तक होइन।
#व्यक्ति२#: तिमी धेरै राम्रो नाचिरहेका छौ।
#व्यक्ति१#: तिमी पनि सुन्दर नाच्छौ।
#व्यक्ति२#: तिमीले नाच्न कहिले सिक्यौ?
#व्यक्ति१#: महाविद्यालयमा। तर म धेरै नाच्दिनँ। तिम्रो मनपर्ने नृत्य कुन हो?
#व्यक्ति२#: भन्न गाह्रो छ। परिस्थितिअनुसार फरक हुन्छ। तर मलाई वाल्ट्ज मन पर्छ।
#व्यक्ति१#: ट्याङ्गो कस्तो लाग्छ?
#व्यक्ति२#: ओहो, मलाई मन पर्छ। यो निकै सुन्दर नृत्य हो, तर म यसलाई राम्रोसँग गर्न सक्दिनँ। अनि तिमीलाई?
#व्यक्ति१#: ट्याङ्गो मेरो मनपर्ने हो। हिपहप वा फक्सट्रटबाहेक अरू सबै।
#व्यक्ति२#: नृत्यका लागि धन्यवाद।
#व्यक्ति१#: मेरो खुसी। जाऔँ, केही पेय पदार्थ पिऔँ।
#व्यक्ति२#: हुन्छ।","#व्यक्ति१# ले #व्यक्ति२# लाई नाच्न निम्तो दिन्छन्, त्यसपछि उनीहरू नाच्नेबारे कुरा गर्छन्। उनीहरू एकअर्काको नृत्य कौशलको प्रशंसा गर्छन्। #व्यक्ति२# लाई वाल्ट्ज मन पर्छ भने #व्यक्ति१# को मनपर्ने ट्याङ्गो हो। उनीहरू सँगै पेय पदार्थ पिउन जानेछन्।",social meeting,"दुई व्यक्तिबीच प्रत्यक्ष सङ्गीत सुन्ने र नृत्य गर्ने विषयमा कुराकानी भएको छ। उनीहरूले एकअर्कालाई नृत्यका लागि निम्तो दिएका छन्, आफ्नो नृत्य सीपबारे खुलासा गरेका छन्, र विभिन्न नृत्य शैलीहरूको बारेमा छलफल गरेका छन्। अन्त्यमा, उनीहरूले पेय पदार्थ पिउन जाने निर्णय गरेका छन्।",प्रत्यक्ष सङ्गीत र नृत्यको आनन्द लिने तथा साथीहरूसँग नाच्ने अनुभव,Same Meaning,Different Meaning,Same Meaning,0.98,"The generated summary accurately represents the main idea, important facts, entities, and meaning of the dialogue, closely matching the reference summary. The generated topic ('प्रत्यक्ष सङ्गीत र नृत्यको आनन्द लिने तथा साथीहरूसँग नाच्ने अनुभव') conveys the core theme of the dialogue (social meeting involving live music and dancing) but uses slightly different phrasing and adds 'आनन्द लिने' (enjoying) which is not explicitly stated in the dialogue. However, the core concept remains the same, so it is considered 'Same Meaning' in spirit. The overall evaluation is 'Same Meaning' as the summary is perfectly aligned and the topic, while not identical, preserves the essential meaning.",C,C
train_10218,"#Person1#: so, your friend's getting married on Saturday. What have you bought her as a wedding gift. I find is so hard to choose the right gift.
 #Person2#: my friend and her fiance had a really good idea. They have cut out pictures from catalogues and pasted them in a notebook. The picture are of things they want. People sign their name b
 #Person1#: that's clever! Then everyone knows that they are buying something the couple really want and there's no chance of two people buying the same gift. What things were in the notebook?
 #Person2#: most of the things were household appliance. You know, everything from an iron through a vacuum cleaner to a cooker. I think it's an excellent way for everyone who knows the couple to help
 #Person1#: so, what did you get them?
 #Person2#: I bought a sewing machine. I know that my friend likes making her own clothes, but her current sewing machine is quite old and has some problems.
 #Person1#: what's wrong with is?
 #Person2#: she says that after several years of use, it's not working properly. When she uses it, it makes a funny noise.
 #Person1#: household appliance don't seem to last for a long time nowadays.
 #Person2#: I think it's because the manufactures are constantly bringing out new models. Because they know that we will buy the new models, the appliances don't need to last more than five or ten year",#Person2# tells #Person1# that #Person2#'s friend and her fiance had a good idea about wedding gifts. They got a notebook in which there are pictures of the household appliance they want. #Person2# bought them a sewing machine.,choose wedding gifts,"Person2 explains that their friend and her fiancé created a wish list by pasting pictures of desired household appliances into a notebook for guests to reference when buying wedding gifts. Person1 approves of the idea, and Person2 reveals they bought a sewing machine for the friend, who enjoys sewing but has an old, malfunctioning one that makes noise.",wedding gift ideas and the couple's wish list,Same Meaning,Same Meaning,Same Meaning,0.98,"The generated summary accurately captures the main idea of the dialogue, including the wish list notebook, the household appliances, and the sewing machine gift. The generated topic correctly reflects the main topic of choosing wedding gifts and the couple's wish list. Both preserve all important facts, entities (Person1, Person2, friend, fiancé, sewing machine), and the core concept without introducing or omitting critical information.","#व्यक्ति१#: त्यसो भए, तिम्रो साथी शनिबार विवाह गर्दै छ। तिमीले उनलाई विवाहको उपहारका रूपमा के किनेकी छौ? सही उपहार छनोट गर्न मलाई निकै गाह्रो लाग्छ।
#व्यक्ति२#: मेरी साथी र उनका हुनेवाला श्रीमान्ले निकै राम्रो विचार निकालेका थिए। उनीहरूले सूचीपत्रबाट तस्बिरहरू काटेर एउटा कापीमा टाँसेका छन्। ती तस्बिरहरू उनीहरूलाई चाहिएका सामानका हुन्। मानिसहरूले आफ्नो नाम लेख्छन्।
#व्यक्ति१#: त्यो चलाखीपूर्ण रहेछ। त्यसपछि सबैलाई जोडीलाई वास्तवमै चाहिएको सामान किन्दै छन् भन्ने थाहा हुन्छ र दुई जनाले एउटै उपहार किन्ने सम्भावना हुँदैन। कापीमा कस्ता सामान थिए?
#व्यक्ति२#: धेरैजसो घरायसी उपकरणहरू थिए। तिमीलाई थाहा छ, इस्त्रीदेखि धुलो तान्ने यन्त्र र खाना पकाउने यन्त्रसम्म। जोडीलाई चिन्ने सबैले सहयोग गर्ने यो उत्कृष्ट तरिका हो।
#व्यक्ति१#: त्यसो भए, तिमीले उनीहरूलाई के दियौ?
#व्यक्ति२#: मैले सिलाइ मेसिन किनेँ। मेरी साथीलाई आफ्नै लुगा बनाउन मन पर्छ, तर उनको अहिलेको सिलाइ मेसिन निकै पुरानो छ र त्यसमा केही समस्या छन्।
#व्यक्ति१#: त्यसमा के समस्या छ?
#व्यक्ति२#: उनले धेरै वर्ष प्रयोग गरेपछि त्यो राम्रोसँग काम गर्न छोडेको बताउँछिन्। प्रयोग गर्दा त्यसले अनौठो आवाज निकाल्छ।
#व्यक्ति१#: आजकल घरायसी उपकरणहरू धेरै लामो समयसम्म टिक्दैनन् जस्तो लाग्छ।
#व्यक्ति२#: मलाई लाग्छ, यसको कारण उत्पादकहरूले लगातार नयाँ नमुना निकालिरहनु हो। उनीहरूलाई हामीले नयाँ नमुना किन्छौँ भन्ने थाहा भएकाले उपकरणहरू पाँच वा दस वर्षभन्दा बढी टिक्न आवश्यक ठान्दैनन्।",#व्यक्ति२# ले #व्यक्ति१# लाई #व्यक्ति२# का साथी र उनका मंगेतरले विवाह उपहारबारे राम्रो विचार निकालेको बताउँछन्। उनीहरूले आफूले चाहेका घरायसी उपकरणका तस्बिरहरू भएको एउटा कापी बनाएका थिए। #व्यक्ति२# ले उनीहरूलाई एउटा सिलाइ मेसिन किनेका थिए।,choose wedding gifts,व्यक्ति १ ले व्यक्ति २ लाई विवाह उपहारका लागि किनेको सामान सोध्दा व्यक्ति २ ले विवाह गर्ने जोडीले चाहेका सामानहरूको सूचीबाट सिलाइ मेसिन किनेको बताए। व्यक्ति २ ले पुरानो सिलाइ मेसिनले राम्रोसँग काम नगरेको र अनौठो आवाज निकाल्ने गरेको बताए।,विवाह उपहारका लागि उपयुक्त सामानको छनोट र आधुनिक घरायसी उपकरणहरूको टिकाउपन सम्बन्धी चर्चा,Same Meaning,Different Meaning,Different Meaning,0.85,"The generated summary accurately represents the main idea of the dialogue, preserving important facts (e.g., the couple's wishlist, the sewing machine gift, and the issue with the old sewing machine). However, the generated topic is broader and introduces additional concepts (e.g., 'modern household appliances' durability') that are not explicitly discussed in the dialogue or reference topic. The reference topic is strictly about 'choosing wedding gifts,' while the generated topic expands beyond this scope.",C,PC
train_5424,"#Person1#: Oh, my god! I look so old. I look as if I were 40. I think it's time for some plastic surgeries. I'm tired of these wrinkles and sagging skin.
 #Person2#: I don't see any wrinkles or sagging skin! You'd better stop being so ridiculous.
 #Person1#: Anyway I think I need a nose job and some breast implants as well.
 #Person2#: I think you need to get a brain surgery. Honestly speaking, you look charming.
 #Person1#: I know what you mean. I just want to make myself more attractive.
 #Person2#: You are fine the way you are. Besides, plastic surgery hurts.
 #Person1#: Really?
 #Person2#: Sure it is. So you'd better get rid of this idea.",#Person1# wants to have plastic surgeries because #Person1# thinks #Person1# looks old. #Person2# prevents #Person1# to do that.,plastic surgeries,"Person1 expresses dissatisfaction with their appearance, mentioning wrinkles, sagging skin, and considering plastic surgeries like a nose job and breast implants. Person2 disagrees, finds Person1 charming, and advises against plastic surgery due to the pain involved.",Discussion about appearance dissatisfaction and the idea of plastic surgery,Same Meaning,Same Meaning,Same Meaning,0.98,"The generated summary accurately captures the main idea of Person1's dissatisfaction with their appearance and desire for plastic surgery, as well as Person2's disagreement and advice against it. The generated topic correctly reflects the discussion about appearance dissatisfaction and plastic surgery, aligning with the reference topic while expanding slightly to include the broader context. No contradictions, omissions of critical facts, or introductions of unrelated entities are present.","#व्यक्ति१#: हे भगवान्! म निकै बूढी देखिन्छु। म चालीस वर्षकी भएजस्तो देखिन्छु। मलाई लाग्छ अब सौन्दर्य शल्यक्रिया गर्ने समय भयो। यी चाउरी र झोलिएको छालाबाट म दिक्क भइसकेँ।
#व्यक्ति२#: मलाई कुनै चाउरी वा झोलिएको छाला देखिँदैन। यस्तो मूर्खतापूर्ण कुरा गर्न छोड्नु राम्रो हुन्छ।
#व्यक्ति१#: जे भए पनि, मलाई नाकको शल्यक्रिया र स्तन प्रत्यारोपण पनि चाहिन्छ जस्तो लाग्छ।
#व्यक्ति२#: मलाई लाग्छ तिमीलाई मस्तिष्कको शल्यक्रिया चाहिन्छ। साँचो भन्नुपर्दा, तिमी आकर्षक देखिन्छौ।
#व्यक्ति१#: तिमीले के भन्न खोजेको म बुझ्छु। म आफूलाई अझ आकर्षक बनाउन चाहन्छु।
#व्यक्ति२#: तिमी जस्ती छौ, त्यस्तै ठीक छौ। त्यसमाथि सौन्दर्य शल्यक्रिया दुख्छ।
#व्यक्ति१#: साँच्चै?
#व्यक्ति२#: अवश्य। त्यसैले यो विचार त्याग्नु राम्रो हुन्छ।",#व्यक्ति१# ले आफू बूढो देखिन्छु भन्ने सोचेर सौन्दर्य शल्यक्रिया गराउन चाहन्छन्। #व्यक्ति२# ले #व्यक्ति१# लाई त्यसो गर्नबाट रोक्छन्।,plastic surgeries,एक व्यक्तिले आफू बूढी देखिने र चाउरी परेको छालाको कारण सौन्दर्य शल्यक्रिया गर्न चाहेको बताउँछन्। अर्को व्यक्तिले यसलाई मूर्खतापूर्ण भन्दै आलोचना गर्छन् र शल्यक्रिया दुखाइलाग्ने तथा अनावश्यक रहेको बताउँछन्।,सौन्दर्य शल्यक्रियाको आवश्यकता र यसको औचित्यमाथिको बहस,Same Meaning,Different Meaning,Different Meaning,0.85,"The generated summary accurately captures the main idea of the dialogue, preserving the key facts, entities, and meaning. However, the generated topic ('सौन्दर्य शल्यक्रियाको आवश्यकता र यसको औचित्यमाथिको बहस') introduces a broader concept ('necessity and justification of cosmetic surgery') that is not explicitly present in the dialogue or the reference topic ('plastic surgeries'). While related, it is not a direct representation of the dialogue's focus on the desire for cosmetic surgery and the other person's discouragement.",C,PC
train_4226,"#Person1#: May I help you find something, sir?
 #Person2#: I'm looking for an engagement ring for my girlfriend. I have an idea of what she likes, but I want to surprise her with something special, too.
 #Person1#: We have all shapes, sizes, qualities and price ranges, do you know about the four Cs of picking a diamond?
 #Person2#: I think so. Aren't the four Cs, cut, clarity, carat and color.
 #Person1#: You've got it. Tell me a little bit about what you might be wanted.
 #Person2#: Well, my price range is a 5, 000 dollars to 7, 000 dollars, I'm looking for a marquise cut on the wide band.
 #Person1#: You have good taste. Let my show you what I have.",#Person2# is looking for an engagement ring with marquise cut and between $5000 and $7000. #Person2# shows the rings.,Engagement Ring,"A customer asks for help finding an engagement ring within a $5,000 to $7,000 budget, preferring a marquise cut on a wide band. The salesperson explains the four Cs of diamonds (cut, clarity, carat, color) and offers to show available options.",Selecting an engagement ring,Same Meaning,Same Meaning,Same Meaning,0.98,"The generated summary accurately captures the main idea of the dialogue, including the customer's budget ($5,000 to $7,000), preference for a marquise cut on a wide band, and the salesperson's explanation of the four Cs of diamonds. The generated topic ('Selecting an engagement ring') correctly represents the main topic of the dialogue ('Engagement Ring') with a slightly broader phrasing that still aligns with the context. No contradictions, omissions of critical facts, or introductions of extraneous information are present.","#व्यक्ति१#: महोदय, म तपाईंलाई केही खोज्न सहयोग गरूँ?
#व्यक्ति२#: म मेरी प्रेमिकाका लागि विवाह प्रस्तावको औँठी खोज्दै छु। उनलाई के मन पर्छ भन्ने मलाई केही विचार छ, तर म उनलाई विशेष कुराले अचम्मित पार्न पनि चाहन्छु।
#व्यक्ति१#: हामीसँग सबै आकार, नाप, गुणस्तर र मूल्यका औँठी छन्। हीरा छान्ने चारवटा मुख्य गुणबारे तपाईंलाई थाहा छ?
#व्यक्ति२#: मलाई लाग्छ थाहा छ। ती चारवटा गुण काटाइ, पारदर्शिता, तौल र रङ हुन्, हैन?
#व्यक्ति१#: तपाईंले सही भन्नुभयो। तपाईंलाई कस्तो चाहिएको हो, त्यसबारे मलाई अलि बताउनुहोस्।
#व्यक्ति२#: मेरो मूल्य सीमा पाँच हजारदेखि सात हजार डलरसम्म हो। म चौडा धातुको घेरामा लामो पात आकारको काटाइ चाहन्छु।
#व्यक्ति१#: तपाईंको रुचि राम्रो रहेछ। मसँग भएका सामान देखाउँछु।",#व्यक्ति२# ले पाँच हजारदेखि सात हजार डलरसम्मको मूल्य पर्ने लामो अण्डाकार काट भएको विवाहको औँठी खोजिरहेका छन्। #व्यक्ति२# ले औँठीहरू देखाउँछन्।,Engagement Ring,"व्यक्ति२ ले आफ्नी प्रेमिकाका लागि विवाह प्रस्तावको औँठी खोज्दै गर्दा व्यक्ति१ ले विभिन्न आकार, नाप, गुणस्तर र मूल्यका औँठीहरू प्रस्तुत गर्दै हीरा छान्ने चारवटा मुख्य गुण (काटाइ, पारदर्शिता, तौल र रङ) बारे जानकारी दिए। व्यक्ति२ ले पाँच हजारदेखि सात हजार डलरसम्मको मूल्य सीमा, चौडा धातुको घेरामा लामो पात आकारको काटाइ भएको औँठी चाहेको बताए।",विवाह प्रस्तावको औँठी खरिद गर्ने प्रक्रिया र हीराको गुणस्तर बारेको छलफल,Same Meaning,Different Meaning,Different Meaning,0.85,"The generated summary accurately represents the main idea, important facts, and entities from the dialogue, preserving the same meaning as the reference summary. However, the generated topic ('विवाह प्रस्तावको औँठी खरिद गर्ने प्रक्रिया र हीराको गुणस्तर बारेको छलफल') introduces additional elements ('खरिद गर्ने प्रक्रिया' and 'हीराको गुणस्तर') that are not explicitly the main topic of the dialogue. The dialogue primarily focuses on the selection of an engagement ring, not the entire purchasing process or diamond quality discussion as a broader topic.",C,PC
train_429,"#Person1#: Did you watch TV last night, Rose? 
 #Person2#: Yeah. I saw a science program. It was quite interesting. 
 #Person1#: What was it about? 
 #Person2#: Mars. Scientists say there might be water on it. 
 #Person1#: If so, we may live there someday. 
 #Person2#: I hope so. Did you know the US successfully sent two robotic explorers to Mars last month? 
 #Person1#: Sure. I heard about this on the TV. On January 3rd , 2004, Explorer Spirit landed near the so-called Gusev Crater. And three weeks later, Spirit's twin explorer, Opportunity, landed on Meridiani Planum named by scientists. 
 #Person2#: Yes. Both have sent back pictures of the planet. And the latter did a better job.",Rose saw an interesting science program last night and tells #Person1# the program content.,science program,"Person1 and Person2 discuss a science program about Mars they watched on TV. Person2 mentions that scientists believe there might be water on Mars, and Person1 speculates that humans could live there someday. Person2 also shares details about two robotic explorers, Spirit and Opportunity, sent to Mars by the US, including their landing dates and locations, and notes that both have sent back pictures.",Discussion about a science program on Mars and recent Mars exploration missions,Same Meaning,Same Meaning,Same Meaning,0.98,"The generated summary accurately captures the main ideas of the dialogue, including the discussion of a science program about Mars, the mention of potential water on Mars, the speculation about future human habitation, and the details about the Spirit and Opportunity rovers. The generated topic correctly identifies the focus on a science program about Mars and recent exploration missions. Both preserve all important facts, entities (e.g., Spirit, Opportunity, Gusev Crater, Meridiani Planum), and the main subject without contradiction or omission of critical information.","#व्यक्ति१#: रोज, हिजो राति तिमीले टेलिभिजन हेर्यौ?
#व्यक्ति२#: हो। मैले एउटा विज्ञानसम्बन्धी कार्यक्रम हेरेँ। निकै रोचक थियो।
#व्यक्ति१#: त्यो के बारेमा थियो?
#व्यक्ति२#: मङ्गलबारे। वैज्ञानिकहरू त्यहाँ पानी हुन सक्ने बताउँछन्।
#व्यक्ति१#: त्यसो भए, कुनै दिन हामी त्यहाँ बस्न सक्छौँ।
#व्यक्ति२#: आशा गर्छु। के तिमीलाई थाहा छ, संयुक्त राज्य अमेरिकाले गत महिना मङ्गल ग्रहमा दुईवटा रोबोटिक अन्वेषक सफलतापूर्वक पठाएको थियो?
#व्यक्ति१#: अवश्य। मैले यसको बारेमा टेलिभिजनमा सुनेँ। सन् २००४ जनवरी ३ मा अन्वेषक स्पिरिट कथित गुसेभ खाडलनजिक अवतरण गरेको थियो। तीन हप्तापछि स्पिरिटको जुम्ल्याहा अन्वेषक अपर्च्युनिटी वैज्ञानिकहरूले नाम दिएको मेरिडियानी प्लानममा अवतरण गरेको थियो।
#व्यक्ति२#: हो। दुवैले ग्रहका तस्बिरहरू पठाएका छन्। पछिल्लोले अझ राम्रो काम गरेको थियो।",रोजले हिजो राति एउटा रोचक विज्ञान कार्यक्रम हेरिन् र #व्यक्ति१# लाई कार्यक्रमको विषयवस्तु बताउँछिन्।,science program,व्यक्ति १ ले व्यक्ति २ लाई सोध्छन् कि उनले हिजो राति टेलिभिजन हेरेकी थिइन् कि भनेर। व्यक्ति २ ले विज्ञानसम्बन्धी कार्यक्रम हेरेको र त्यो मङ्गल ग्रह बारेको भएको बताउँछन्। वैज्ञानिकहरूले मङ्गल ग्रहमा पानी हुन सक्ने बताएको र भविष्यमा त्यहाँ बस्न सकिने सम्भावना रहेको उल्लेख गर्छन्। व्यक्ति १ ले अमेरिकाले गत महिना मङ्गल ग्रहमा दुईवटा रोबोटिक अन्वेषक पठाएको र ती अन्वेषकहरू स्पिरिट र अपर्च्युनिटी रहेको बताउँछन्।,मङ्गल ग्रह सम्बन्धी वैज्ञानिक अनुसन्धान र अन्वेषण,Same Meaning,Different Meaning,Same Meaning,0.98,"The generated summary accurately represents the main idea of the dialogue, preserving important facts (e.g., the science program about Mars, the mention of robotic explorers Spirit and Opportunity, and the discussion about future habitation). The topic 'मङ्गल ग्रह सम्बन्धी वैज्ञानिक अनुसन्धान र अन्वेषण' (Scientific research and exploration related to Mars) is closely aligned with the dialogue's focus on Mars and scientific exploration, though it is more specific than the reference topic 'science program'. The reference topic is broader, but the generated topic does not contradict the dialogue or introduce unrelated facts. The minor difference in specificity does not alter the core meaning.",C,C
train_11379,"#Person1#: May I help you?
 #Person2#: Yes. I'm looking for some perfume. Do you have perfumes with a light scent?
 #Person1#: How about this one? It smells like green tea and is our best seller. Try it.
 #Person2#: It does smell good, How much is it?
 #Person1#: It goes for $ 40.
 #Person2#: OK. I'll take this one.",#Person1# helps #Person2# buy a kind of perfume smiling like green tea.,shopping,"Person2 asks for a light-scented perfume, and Person1 recommends a green tea-scented perfume priced at $40. Person2 decides to purchase it.",purchasing perfume,Same Meaning,Same Meaning,Same Meaning,0.98,"The generated summary accurately captures the main idea of the dialogue, including Person2's request for a light-scented perfume, Person1's recommendation of a green tea-scented perfume priced at $40, and Person2's decision to purchase it. The generated topic 'purchasing perfume' aligns with the reference topic 'shopping' as both refer to the act of buying perfume. No important facts, entities, or meaning were omitted, added, or contradicted.","#व्यक्ति१#: म तपाईंलाई सहयोग गरूँ?
#व्यक्ति२#: हो। म केही अत्तर खोज्दै छु। तपाईंसँग हल्का सुगन्ध भएका अत्तर छन्?
#व्यक्ति१#: यो कस्तो हुन्छ? यसमा हरियो चियाको सुगन्ध छ र यो हाम्रो सबैभन्दा बढी बिक्री हुने अत्तर हो। यसलाई प्रयोग गरेर हेर्नुहोस्।
#व्यक्ति२#: यसको सुगन्ध राम्रो छ। यसको मूल्य कति हो?
#व्यक्ति१#: यसको मूल्य ४० डलर हो।
#व्यक्ति२#: ठीक छ। म यही लिन्छु।",#व्यक्ति१# ले #व्यक्ति२# लाई हरियो चियाजस्तो सुगन्ध आउने एक प्रकारको अत्तर किन्न सहयोग गर्छन्।,shopping,व्यक्ति१ले व्यक्ति२लाई अत्तर खोज्न मद्दत गर्दैछन्। व्यक्ति२ले हल्का सुगन्ध भएको अत्तर खोजेको र व्यक्ति१ले हरियो चियाको सुगन्ध भएको सबैभन्दा बिक्री हुने अत्तर प्रस्ताव गरेका छन्। व्यक्ति२ले त्यो अत्तर मन पराएर ४० डलरमा किनेका छन्।,अत्तर खरिद सम्बन्धी संवाद,Same Meaning,Same Meaning,Same Meaning,0.98,"The generated summary accurately captures the main idea of the dialogue, including the key entities (person1, person2, perfume, green tea scent, price) and the transaction details. The generated topic correctly identifies the subject as a shopping-related conversation about perfume purchase. Minor differences in phrasing and structure do not alter the meaning.",C,C
train_5391,"#Person1#: Miss Gray, would you please type this report for me?
 #Person2#: Of course, Mr. Green.
 #Person1#: Can you print it out before 12 o'clock? I need it this afternoon.
 #Person2#: No problem. I will do it immediately.
 #Person1#: Please double space it and print it out on the laser printer so I can read it easily.
 #Person2#: OK. Would you like this report done in a formal or informal style?
 #Person1#: Please type it in a formal style.
 #Person2#: I see. Anything else?
 #Person1#: No, thanks.",Mr. Green asks Miss Gray to type the report and print it double-spaced.,printing requirement,"Mr. Green asks Miss Gray to type a report, print it before 12 o'clock, double-space it, and use the laser printer in a formal style.",Requesting a typed and printed report,Same Meaning,Same Meaning,Same Meaning,0.98,"The generated summary accurately captures all key details from the dialogue (typing the report, printing before 12 o'clock, double-spacing, using the laser printer, and formal style), which aligns with the reference summary's main idea. The generated topic ('Requesting a typed and printed report') correctly reflects the dialogue's focus on the request for a report to be typed and printed, matching the reference topic ('printing requirement') in meaning. No contradictions, omissions of critical facts, or introductions of extraneous information are present.","#व्यक्ति१#: मिस ग्रे, कृपया यो प्रतिवेदन मेरो लागि टाइप गरिदिनुहुन्छ?
#व्यक्ति२#: अवश्य, श्रीमान् ग्रीन।
#व्यक्ति१#: के तपाईं यसलाई १२ बज्नुअघि छाप्न सक्नुहुन्छ? मलाई यो दिउँसो चाहिन्छ।
#व्यक्ति२#: कुनै समस्या छैन। म यसलाई तुरुन्तै गर्छु।
#व्यक्ति१#: कृपया यसमा दुई हरफको खाली ठाउँ राखेर छाप्नुहोस् र सजिलै पढ्न सकूँ भनेर लेजर मुद्रकमा छाप्नुहोस्।
#व्यक्ति२#: ठीक छ। तपाईं यो प्रतिवेदन औपचारिक वा अनौपचारिक शैलीमा चाहनुहुन्छ?
#व्यक्ति१#: कृपया यसलाई औपचारिक शैलीमा टाइप गर्नुहोस्।
#व्यक्ति२#: बुझें। अरू केही?
#व्यक्ति१#: होइन, धन्यवाद।",श्री ग्रिनले मिस ग्रेलाई प्रतिवेदन टाइप गरेर दुई लाइनको दूरीमा छाप्न भन्छन्।,printing requirement,"व्यक्ति१ ले व्यक्ति२ (मिस ग्रे) लाई एक प्रतिवेदन टाइप गरी १२ बज्नुअघि छाप्न अनुरोध गर्छन्। व्यक्ति२ ले यसलाई तुरुन्तै गर्ने र औपचारिक शैलीमा, दुई हरफको खाली ठाउँ राखेर लेजर मुद्रकमा छाप्ने बताउँछन्।",प्रतिवेदन टाइप र छाप्ने सम्बन्धी अनुरोध,Same Meaning,Same Meaning,Same Meaning,0.98,"The generated summary accurately captures the main idea of the dialogue, including the request to type and print a report with specific formatting (two-line spacing, laser printer) before noon in an official style. The generated topic correctly identifies the main subject as a request related to typing and printing a report. Both preserve all key entities (person1, person2, report, typing, printing, formatting) and facts without introducing contradictions or omissions that alter the meaning.",C,C
train_8478,"#Person1#: Kata! You've got a beautiful singing voice. You hit the high notes perfectly.
 #Person2#: Thank you for your compliment. But you are exaggerating. I think you are destined to be a singer. You have the best voice!
 #Person1#: Thank you. Maybe we can sing a song together. Would you like to sing with me?
 #Person2#: Yes, I'd like to. It's my honor. Let's pick a song.
 #Person1#: How about this one?
 #Person2#: Sorry, I can't sing the song.
 #Person1#: Er. . . How about this one?
 #Person2#: OK. But I'm not familiar. I don't know the beginning part.
 #Person1#: Never mind. You can follow me. I'll sing the first part.
 #Person2#: OK.",#Person1# thinks Kata gets a beautiful singing voice and suggests they sing a song together. Kata agrees.,sing a song,"Person1 compliments Person2 on her singing voice and suggests singing a song together. Person2 declines the first song offered but agrees to a second one, expressing unfamiliarity with it. Person1 reassures her and offers to lead the singing.",Discussion about singing together,Same Meaning,Same Meaning,Same Meaning,0.98,"The generated summary accurately reflects the main idea of the dialogue, preserving important facts such as Person1's compliment, the suggestion to sing together, Person2's initial decline and subsequent agreement, and Person1's reassurance. The generated topic 'Discussion about singing together' correctly represents the main topic of the dialogue, which is about singing together. No contradictions, omissions of critical details, or introductions of unrelated facts are present.","#व्यक्ति१#: काटा! तिम्रो गायन आवाज निकै सुन्दर छ। तिमीले उच्च स्वरहरू एकदमै राम्रोसँग निकाल्छौ।
#व्यक्ति२#: तपाईंको प्रशंसाका लागि धन्यवाद। तर तपाईं बढाइचढाइ गर्दै हुनुहुन्छ। मलाई लाग्छ तपाईं गायक बन्नका लागि जन्मिनुभएको हो। तपाईंको आवाज सबैभन्दा राम्रो छ।
#व्यक्ति१#: धन्यवाद। सायद हामी सँगै एउटा गीत गाउन सक्छौँ। के तिमी मसँग गाउन चाहन्छौ?
#व्यक्ति२#: हो, म चाहन्छु। यो मेरो सम्मानको कुरा हो। एउटा गीत छानौँ।
#व्यक्ति१#: यो कस्तो हुन्छ?
#व्यक्ति२#: माफ गर्नुहोस्, म यो गीत गाउन सक्दिनँ।
#व्यक्ति१#: ए... यो कस्तो हुन्छ?
#व्यक्ति२#: हुन्छ। तर म यससँग परिचित छैन। मलाई सुरुवाती भाग थाहा छैन।
#व्यक्ति१#: केही छैन। तिमी मलाई पछ्याउन सक्छौ। म पहिलो भाग गाउँछु।
#व्यक्ति२#: हुन्छ।",#व्यक्ति१# लाई काटाको गायन स्वर सुन्दर लाग्छ र उनीहरू सँगै गीत गाउने सुझाव दिन्छन्। काटा सहमत हुन्छिन्।,sing a song,व्यक्ति१ र व्यक्ति२ बीचको संवादमा व्यक्ति१ ले व्यक्ति२ को गायनको प्रशंसा गरेपछि सँगै गीत गाउने प्रस्ताव राख्छन्। व्यक्ति२ ले सुरुमा अस्वीकार गरे पनि पछि स्वीकार गर्छन् र व्यक्ति१ ले गीतको पहिलो भाग गाउने प्रस्ताव राख्छन्।,दुई व्यक्तिबीच गीत गाउने प्रस्ताव र सहकार्यको विषय,Same Meaning,Same Meaning,Same Meaning,0.98,"The generated summary accurately reflects the main idea of the dialogue, including the praise for singing, the proposal to sing together, and the eventual agreement. The generated topic correctly identifies the main subject as singing together between two people, matching the reference topic 'sing a song'. No contradictions, omissions of critical facts, or introductions of unrelated entities are present.",C,C
train_1713,"#Person1#: Are you sure you know where this bus goes?
 #Person2#: It should go to Altadena.
 #Person1#: What do you mean it should?
 #Person2#: I'm not completely sure if it really does.
 #Person1#: Dude, are we on the right bus?
 #Person2#: I'm almost positive that this is the right one.
 #Person1#: It doesn't look like we're on our way to Altadena.
 #Person2#: We have been riding this bus for a long time.
 #Person1#: What does that sign say?
 #Person2#: I think it says Temple City.
 #Person1#: Yup, I'm never trusting you with the bus schedules again.
 #Person2#: I'm sorry. But at least we know which bus to catch to get back where we started.
 #Person1#: Yeah, at least.",#Person1# and #Person2# should go to Altadena but take the wrong bus to Temple City.,wrong destination,"Person1 questions Person2 about the bus route to Altadena, suspecting they are on the wrong bus. Person2 admits uncertainty but insists it is the correct bus. After riding for a long time, they realize they are heading to Temple City instead. Person1 expresses frustration, and Person2 apologizes but notes they can use this experience to return to their starting point.",Discussion about being on the wrong bus route,Same Meaning,Same Meaning,Same Meaning,0.98,"The generated summary accurately captures the main idea of the dialogue, including the confusion about the bus route, the realization of heading to Temple City instead of Altadena, and the subsequent frustration and apology. The generated topic correctly identifies the main subject as being on the wrong bus route, aligning with the reference topic 'wrong destination'. No important facts, entities, or meaning are altered, omitted, or contradicted.","#व्यक्ति१#: यो बस कहाँ जान्छ भन्ने तिमीलाई पक्का थाहा छ?
#व्यक्ति२#: यो अल्टाडेनातिर जानुपर्ने हो।
#व्यक्ति१#: जानुपर्ने हो भन्नाले के भन्न खोजेको?
#व्यक्ति२#: वास्तवमै त्यहाँ जान्छ कि जाँदैन भन्नेमा म पूर्ण रूपमा निश्चित छैन।
#व्यक्ति१#: साथी, हामी सही बसमा छौँ?
#व्यक्ति२#: यो सही बस नै हो भन्नेमा म लगभग निश्चित छु।
#व्यक्ति१#: हामी अल्टाडेनातिर जाँदैछौँ जस्तो देखिँदैन।
#व्यक्ति२#: हामी यो बसमा धेरै लामो समयदेखि यात्रा गरिरहेका छौँ।
#व्यक्ति१#: त्यो सङ्केतमा के लेखिएको छ?
#व्यक्ति२#: मलाई लाग्छ त्यहाँ टेम्पल सिटी लेखिएको छ।
#व्यक्ति१#: हो, अब म बसको समयतालिकाका लागि तिमीलाई कहिल्यै विश्वास गर्नेछैनँ।
#व्यक्ति२#: माफ गर। तर कम्तीमा हामी जहाँबाट सुरु गरेका थियौँ, त्यहाँ फर्कन कुन बस समात्ने भन्ने हामीलाई थाहा भयो।
#व्यक्ति१#: हो, कम्तीमा त्यो त भयो।",#व्यक्ति१# र #व्यक्ति२# ले अल्टाडेनामा जानुपर्ने थियो तर टेम्पल सिटी जाने गलत बस चढ्छन्।,wrong destination,दुई व्यक्तिले बसको गन्तव्यबारे बहस गरेका छन्। पहिलो व्यक्तिले बस अल्टाडेनातिर जाने पक्का हो भन्ने विश्वास गरे पनि दोस्रो व्यक्तिले आफू पूर्ण निश्चित नभएको बताए। बसमा लामो समय यात्रा गरेपछि सङ्केतमा 'टेम्पल सिटी' लेखिएको थाहा पाएपछि पहिलो व्यक्तिले दोस्रो व्यक्तिको विश्वास गर्न छोडे। तर दोस्रो व्यक्तिले आफूहरू सुरु गरेको स्थानमा फर्कन कुन बस चढ्ने भन्ने थाहा पाएकोमा सान्त्वना दिए।,बसको सही गन्तव्य र विश्वासको विषयमा गरिएको बहस,Same Meaning,Different Meaning,Same Meaning,0.98,"The generated summary accurately captures the main idea of the dialogue, preserving important facts (wrong destination, 'टेम्पल सिटी' sign, uncertainty about the bus route, and the realization of the mistake). The topic 'बसको सही गन्तव्य र विश्वासको विषयमा गरिएको बहस' (Debate about the correct destination and trust) is broader than the reference topic 'wrong destination' but still aligns with the dialogue's core concept. The summary does not introduce or omit critical facts that alter the meaning.",C,C
train_5803,"#Person1#: Good afternoon, Lexington Software. Angelina Dawson, how can I help?
 #Person2#: Hello, this is Quinn from IBA.
 #Person1#: Ah, hello Quinn. Oh dear, you are calling to tell me there is a problem, aren't you?
 #Person2#: I'm afraid so, yes.
 #Person1#: Hmm... well, it was my first attempt! Is it a very big mistake, or can we just alter it?
 #Person2#: Unfortunately it's rather a big mistake.
 #Person1#: What do you recommend we do?
 #Person2#: I would recommend we scrap this one and you bring in another set as soon as possible.
 #Person1#: I trust your judgement. Thank you, Quinn. I'll be back tomorrow with a new set. Bye for now.",Quinn calls Angelina to inform Angelina of a big mistake and recommends Angelina to bring in another set as soon as possible.,problem reporting,Person1 (Angelina Dawson from Lexington Software) speaks with Person2 (Quinn from IBA) about a significant error in Person1's first attempt at a task. Quinn advises scrapping the current work and Person1 agrees to submit a new set the next day.,Discussion about correcting a major mistake in a submitted task,Same Meaning,Different Meaning,Different Meaning,0.9,"The generated summary accurately reflects the main idea, facts, and entities of the dialogue, preserving the same meaning as the reference summary. However, the generated topic ('Discussion about correcting a major mistake in a submitted task') is broader and less specific than the reference topic ('problem reporting'), which focuses on the act of reporting a problem rather than the correction process. While related, the generated topic introduces a new concept (correction) not explicitly emphasized in the dialogue or reference topic.","#व्यक्ति१#: शुभ अपराह्न, लेक्सिङ्टन सफ्टवेयर। म एन्जेलिना डसन बोल्दै छु। म तपाईंलाई कसरी सहयोग गर्न सक्छु?
#व्यक्ति२#: नमस्कार, म आइबिएबाट क्विन बोल्दै छु।
#व्यक्ति१#: आह, नमस्कार क्विन। ओहो, तपाईं कुनै समस्या भएको बताउन फोन गर्नुभएको हो, हैन?
#व्यक्ति२#: दुर्भाग्यवश, हो।
#व्यक्ति१#: हम्म... खैर, यो मेरो पहिलो प्रयास थियो। गल्ती निकै ठूलो हो कि हामी यसलाई परिवर्तन मात्र गर्न सक्छौँ?
#व्यक्ति२#: दुर्भाग्यवश, यो निकै ठूलो गल्ती हो।
#व्यक्ति१#: हामीले के गर्नुपर्छ भनेर तपाईं के सुझाव दिनुहुन्छ?
#व्यक्ति२#: म यो हटाएर सकेसम्म चाँडो अर्को सेट ल्याउन सुझाव दिन्छु।
#व्यक्ति१#: म तपाईंको निर्णयमा विश्वास गर्छु। धन्यवाद, क्विन। म भोलि नयाँ सेट लिएर फर्कन्छु। अहिलेलाई बिदा।",क्विनले एन्जेलिनालाई ठूलो गल्ती भएको जानकारी दिन फोन गर्छन् र एन्जेलिनालाई सकेसम्म चाँडो अर्को समूह ल्याउन सुझाव दिन्छन्।,problem reporting,लेक्सिङ्टन सफ्टवेयरमा कार्यरत एन्जेलिना डसनले आइबिएबाट क्विन नामक व्यक्तिको फोनमा ठूलो गल्ती भएको थाहा पाउँछिन्। क्विनले सो गल्तीलाई सकेसम्म चाँडो हटाएर नयाँ सेट उपलब्ध गराउन सुझाव दिन्छन्। एन्जेलिना यसमा सहमत भई भोलि नयाँ सेट लिएर फर्कने बताउँछिन्।,सफ्टवेयर गल्तीको समाधान र सुधारात्मक कार्य,Same Meaning,Same Meaning,Same Meaning,0.98,"The generated summary accurately represents the main idea of the dialogue, preserving important facts (large mistake, urgent replacement, agreement to bring new set), entities (Angeline, Quinn, Lexington Software, IBAB), and the subject (reporting and resolving a software error). The generated topic correctly identifies the main topic as 'problem reporting' (software error resolution) without introducing contradictions or omissions that alter meaning. Minor phrasing differences (e.g., 'group' vs. 'set') do not affect the core concept.",PC,C
train_9459,"#Person1#: Sorry. What was that you said? 
 #Person2#: I'll meet you at the Gate round about seven. 
 #Person1#: Where? 
 #Person2#: At the Gate. 
 #Person1#: When, did you say? 
 #Person2#: Round about seven. 
 #Person1#: Who's coming? 
 #Person2#: Peter. Peter Brown, you know. Don't forget to bring the letter. 
 #Person1#: Sorry. I didn't quite catch what you said. There's a lot of noise outside. 
 #Person2#: I told you not to forget to bring the letter. 
 #Person1#: Loretta? No, she can't come, she's busy.","#Person2# tells #Person1# where and when they'll meet, but #Person1# didn't catch the information because of the noise.",noise interruption,Person2 asks Person1 to meet at the Gate around seven o'clock and reminds them to bring a letter. Person1 initially misunderstands the details due to noise but confirms that Loretta cannot come because she is busy.,"Arranging a meeting place, time, and bringing an item",Same Meaning,Different Meaning,Different Meaning,0.85,"The generated summary accurately captures the main idea of the dialogue, preserving important facts (meeting time, place, letter reminder, noise interruption, and Loretta's absence). However, the generated topic ('Arranging a meeting place, time, and bringing an item') is broader and less specific than the reference topic ('noise interruption'), which focuses on the disruption caused by noise. While the generated topic is not incorrect, it does not align as closely with the reference topic's emphasis on the noise interruption.","#व्यक्ति१#: माफ गर्नुहोस्। तपाईंले के भन्नुभयो?
#व्यक्ति२#: म करिब सात बजे ढोकामा तिमीलाई भेट्छु।
#व्यक्ति१#: कहाँ?
#व्यक्ति२#: ढोकामा।
#व्यक्ति१#: कहिले भन्नुभयो?
#व्यक्ति२#: करिब सात बजे।
#व्यक्ति१#: को आउँदैछ?
#व्यक्ति२#: पिटर। पिटर ब्राउन, तिमीलाई थाहा छ। पत्र ल्याउन नबिर्सनु।
#व्यक्ति१#: माफ गर्नुहोस्। तपाईंले भनेको कुरा मैले राम्ररी बुझिनँ। बाहिर धेरै हल्ला छ।
#व्यक्ति२#: मैले तिमीलाई पत्र ल्याउन नबिर्सन भनेको थिएँ।
#व्यक्ति१#: लोरेटा? होइन, ऊ आउन सक्दिनँ, ऊ व्यस्त छ।","#व्यक्ति२# ले #व्यक्ति१# लाई उनीहरू कहाँ र कहिले भेट्नेछन् भनेर बताउँछन्, तर बाहिरको आवाजका कारण #व्यक्ति१# ले त्यो जानकारी बुझ्न सक्दैनन्।",noise interruption,व्यक्ति२ ले व्यक्ति१ लाई करिब सात बजे ढोकामा पत्र ल्याउन पिटर ब्राउनलाई पठाउने कुरा बताएका छन्। तर व्यक्ति१ ले बाहिरको हल्लाका कारण राम्ररी सुन्न नसकेको र लोरेटाले पत्र ल्याउन नसक्ने बताएका छन्।,पत्र ल्याउने व्यवस्था र त्यसमा देखिएको असमझदारी,Same Meaning,Different Meaning,Same Meaning,0.9,"The generated summary accurately captures the main idea of the dialogue, preserving key facts (time, place, person, and the issue of misunderstanding due to noise). However, the generated topic ('पत्र ल्याउने व्यवस्था र त्यसमा देखिएको असमझदारी') introduces an additional concept ('व्यवस्था') not explicitly present in the reference topic ('noise interruption'), though it loosely aligns with the dialogue's content. The summary is correct, but the topic deviates slightly in focus.",PC,C
train_4031,"#Person1#: Hey, look out!
 #Person2#: What happened?
 #Person1#: You've just scratched my car. Oh, God, a paint was scratched off.
 #Person2#: Where? my car?
 #Person1#: No, mine!
 #Person2#: Thank goodness!
 #Person1#: I've just had it repainted.
 #Person2#: That's terrible.
 #Person1#: I am sorry to say this, sir, but you should've been more careful.
 #Person2#: I apologize for that. But the space is too small.
 #Person1#: What about the damage to my car? What are you gonna do about that?
 #Person2#: Can we solve this later? I am calling the insurance company.
 #Person1#: OK. I gotta call mine too.",#Person2# scratched #Person1#'s car by accident. They're calling their insurance companies to solve the problem.,accident,Person1 alerts Person2 that they have scratched Person1's newly repainted car. Person2 apologizes but mentions the parking space was too small. Person1 insists on resolving the damage and both agree to contact their insurance companies.,discussion about a car accident and insurance claims,Same Meaning,Same Meaning,Same Meaning,0.98,"The generated summary accurately captures the main idea of the dialogue, including the accidental scratching of Person1's newly repainted car, Person2's apology and mention of the small parking space, Person1's insistence on resolving the damage, and both parties agreeing to contact their insurance companies. The generated topic correctly refers to the same main topic of a car accident and insurance claims. No important facts, entities, or meaning were omitted, added, or contradicted.","#व्यक्ति१#: ए, होस गर!
#व्यक्ति२#: के भयो?
#व्यक्ति१#: तपाईंले भर्खरै मेरो गाडीमा कोतर्नुभयो। हे भगवान्, रंग उप्कियो।
#व्यक्ति२#: कहाँ? मेरो गाडीमा?
#व्यक्ति१#: होइन, मेरो गाडीमा!
#व्यक्ति२#: धन्न!
#व्यक्ति१#: मैले भर्खरै यसको फेरि रंग लगाएको थिएँ।
#व्यक्ति२#: त्यो त नराम्रो भयो।
#व्यक्ति१#: यसो भन्नुपर्दा माफ गर्नुहोस्, सर, तर तपाईं अझ सावधान हुनुपर्थ्यो।
#व्यक्ति२#: त्यसका लागि म माफी माग्छु। तर ठाउँ धेरै साँघुरो छ।
#व्यक्ति१#: मेरो गाडीमा भएको क्षतिको के हुन्छ? त्यसका लागि तपाईं के गर्नुहुन्छ?
#व्यक्ति२#: के हामी यसबारे पछि समाधान गर्न सक्छौँ? म बिमा कम्पनीमा फोन गर्दैछु।
#व्यक्ति१#: ठीक छ। मैले पनि मेरो बिमा कम्पनीमा फोन गर्नुपर्छ।",#व्यक्ति२# ले दुर्घटनावश #व्यक्ति१# को गाडीमा कोतरे। समस्या समाधान गर्न उनीहरू आफ्नो-आफ्नो बिमा कम्पनीमा फोन गर्दैछन्।,accident,व्यक्ति१ ले व्यक्ति२ लाई उनले आफ्नो गाडीमा कोतारेको र रंग उप्किएको बताए। व्यक्ति२ ले क्षमाको साथै क्षतिको समाधानका लागि बिमा कम्पनीमा फोन गर्ने प्रस्ताव गरे। व्यक्ति१ ले पनि आफ्नो बिमा कम्पनीमा फोन गर्ने बताए।,गाडीमा भएको क्षतिको समाधान र बिमाको प्रक्रिया,Same Meaning,Different Meaning,Different Meaning,0.85,"The generated summary accurately represents the main idea, facts, entities, and subject of the dialogue, preserving all key details. However, the generated topic ('गाडीमा भएको क्षतिको समाधान र बिमाको प्रक्रिया') introduces additional concepts ('समाधान' and 'बिमाको प्रक्रिया') that are not explicitly stated in the reference topic ('accident'). While the generated topic is contextually related, it is not a direct match to the reference topic's scope.",C,PC
train_8640,"#Person1#: I find it really hard to express myself in class. I have lots of ideas, but they never seem to come out of my mouth. 
 #Person2#: let me give you a little advice. You know what the topics are going to be, so prepares what you would like to say in advance. 
 #Person1#: I often do, but I'm worried about the responses from other people. 
 #Person2#: you have to be realistic. Not everyone is going to agree with you, but people will respect your opinion and they will respect the fact that you have contributed something to the discussion. 
 #Person1#: I'm worried that what I say will not make sense. 
 #Person2#: we could chat about the topic before class. I could check that what you want to say is logical and it would also give you a chance to practice speaking. 
 #Person1#: that's a good idea. What should I do if I am in two minds about a topic? 
 #Person2#: that's easy. Express possibilities. People will think that you are pretty smart to be able to look at the topic from more than one angle. 
 #Person1#: I didn't realize that speaking in class could be so easy. 
 #Person2#: the most difficult thing is being able to predict what other people will say. They will reply to your statements, but you can't be sure how.",#Person1# finds it hard to speak in class. #Person2# advises #Person1# to prepare what #Person1# would like to say in advance and express possibilities if #Person1# is in two minds about a topic.,speaking in class,"Person1 struggles to express their ideas in class due to fear of judgment and uncertainty about their statements. Person2 advises preparing in advance, accepting differing opinions, and practicing with them beforehand. They also suggest considering multiple perspectives to enhance confidence and clarity in discussions.",overcoming fear of speaking in class and improving communication,Same Meaning,Same Meaning,Same Meaning,0.98,"The generated summary accurately captures the main ideas from the dialogue, including Person1's difficulty expressing ideas, Person2's advice to prepare in advance, accept differing opinions, and practice, as well as the suggestion to consider multiple perspectives. The generated topic correctly reflects the focus on overcoming fear and improving communication in class, aligning with the reference topic 'speaking in class'. No contradictions or omissions of important facts or entities were found.","#व्यक्ति१#: मलाई कक्षामा आफूलाई व्यक्त गर्न निकै गाह्रो लाग्छ। मसँग धेरै विचारहरू छन्, तर ती मेरो मुखबाट निस्कँदैनन्।
#व्यक्ति२#: मलाई तपाईंलाई एउटा सानो सल्लाह दिन दिनुहोस्। तपाईंलाई विषयहरू के-के हुनेछन् भन्ने थाहा छ, त्यसैले तपाईंले पहिले नै के भन्न चाहनुहुन्छ भनेर तयारी गर्नुहोस्।
#व्यक्ति१#: म प्रायः त्यसो गर्छु, तर अरू मानिसहरूको प्रतिक्रियाको बारेमा चिन्तित हुन्छु।
#व्यक्ति२#: तपाईं यथार्थवादी हुनुपर्छ। सबैजना तपाईंसँग सहमत हुने छैनन्, तर मानिसहरूले तपाईंको विचारको सम्मान गर्नेछन् र छलफलमा तपाईंले केही योगदान गर्नुभएको तथ्यको पनि सम्मान गर्नेछन्।
#व्यक्ति१#: मलाई डर लाग्छ कि मैले भनेको कुराको अर्थ नलाग्न सक्छ।
#व्यक्ति२#: हामी कक्षाअघि विषयबारे कुरा गर्न सक्छौँ। तपाईंले भन्न चाहनुभएको कुरा तार्किक छ कि छैन भनेर म जाँच गर्न सक्छु र यसले तपाईंलाई बोल्ने अभ्यास गर्ने मौका पनि दिनेछ।
#व्यक्ति१#: त्यो राम्रो विचार हो। यदि म कुनै विषयमा दुईमतमा परेँ भने मैले के गर्नुपर्छ?
#व्यक्ति२#: त्यो सजिलो छ। सम्भावनाहरू व्यक्त गर्नुहोस्। मानिसहरूले तपाईंलाई विषयलाई एकभन्दा बढी कोणबाट हेर्न सक्ने भएकाले निकै बुद्धिमान् ठान्नेछन्।
#व्यक्ति१#: कक्षामा बोल्नु यति सजिलो हुन सक्छ भन्ने मलाई थाहा थिएन।
#व्यक्ति२#: सबैभन्दा गाह्रो कुरा अरू मानिसहरूले के भन्नेछन् भनेर अनुमान गर्न सक्नु हो। उनीहरूले तपाईंका भनाइहरूको जवाफ दिनेछन्, तर उनीहरूले कसरी जवाफ दिनेछन् भन्ने तपाईं निश्चित हुन सक्नुहुन्न।",#व्यक्ति१# लाई कक्षामा बोल्न गाह्रो लाग्छ। #व्यक्ति२# ले #व्यक्ति१# लाई आफूले भन्न चाहेको कुरा पहिले नै तयार गर्न र कुनै विषयमा दुईमतमा परे सम्भावनाहरू व्यक्त गर्न सल्लाह दिन्छन्।,speaking in class,"व्यक्ति१ ले कक्षामा आफ्नो विचार व्यक्त गर्न गाह्रो महसुस गर्छन् र अरूको प्रतिक्रियाको चिन्ता गर्छन्। व्यक्ति२ ले तयारी गर्न, यथार्थवादी हुन, र विषयमा छलफल गर्न सुझाव दिन्छन्। व्यक्ति१ ले कुनै विषयमा दुईमतमा परेमा सम्भावनाहरू व्यक्त गर्न सल्लाह पाउँछन्।",कक्षामा आफ्नो विचार प्रभावकारी रूपमा व्यक्त गर्ने तरिका र आत्मविश्वास बढाउने उपायहरू,Same Meaning,Different Meaning,Same Meaning,0.98,"The generated summary accurately represents the main ideas, facts, and entities from the dialogue, preserving the meaning of the reference summary. The generated topic, while related, is broader and more general than the reference topic 'speaking in class', focusing on methods and confidence-building rather than the specific act of speaking in class. However, it does not contradict the dialogue and maintains the core concept.",C,C
train_9699,"#Person1#: John, do you have a minute?
 #Person2#: Oh, hi, Leo. Sure, what's up?
 #Person1#: Well, I'Ve been meaning to talk to you about the situation in the office.
 #Person2#: I'm not in there very often. It's so noisy that I can't work.
 #Person1#: That's exactly what I'm getting at. We're supposed to be able to do our preparation and marking in that office, but have you noticed? Jack constantly has students coming in to get help with his course. A lot people are going in and out.
 #Person2#: Has anybody spoken to him about it?
 #Person1#: No, not yet, but someone's going to have to.
 #Person2#: We can't really ask him to stop having students come in for help, can we?
 #Person1#: No, of course not. But I'm not able to do my work and neither are you.
 #Person2#: How about recommending him to use the storage room down the hall?
 #Person1#: Oh, that would be too small.
 #Person2#: With the cabinets taken out, it might be bigger than it looks.
 #Person1#: Come to think of it, you may be on to something. Let's go have a look.
 #Person2#: Let's rock n'roll.",John and Leo discuss the noisy situation in the office because of Jack's students. They are going to check whether the storage room can be used for Jack.,noisy office,"Person1 (Leo) discusses with Person2 (John) the noise and disruption in their shared office caused by frequent student visits to Jack for course help, which hinders their work. They consider using the storage room down the hall as an alternative workspace.",Workplace disruption and potential solutions,Same Meaning,Different Meaning,Same Meaning,0.98,"The generated summary accurately captures the main idea, important facts, and entities from the dialogue, preserving the same meaning as the reference summary. The generated topic ('Workplace disruption and potential solutions') is a broader interpretation of the dialogue's main topic ('noisy office'), but it still aligns with the core concept of workplace issues and solutions discussed. The topic does not contradict the dialogue but is less specific than the reference topic.","#व्यक्ति१#: जोन, के तपाईंसँग एक मिनेट छ?
#व्यक्ति२#: ओहो, हाइ, लियो। पक्कै, के भयो?
#व्यक्ति१#: वास्तवमा, म केही समयदेखि कार्यालयको अवस्थाबारे तपाईंसँग कुरा गर्न चाहिरहेको थिएँ।
#व्यक्ति२#: म त्यहाँ धेरैजसो हुँदिनँ। त्यहाँ यति धेरै हल्ला हुन्छ कि म काम गर्न सक्दिनँ।
#व्यक्ति१#: मैले भन्न खोजेको कुरा ठ्याक्कै यही हो। हामीले त्यो कार्यालयमा आफ्नो तयारी र जाँचको काम गर्न सक्नुपर्ने हो, तर तपाईंले याद गर्नुभएको छ? ज्याककहाँ आफ्नो पाठ्यक्रमबारे सहयोग लिन विद्यार्थीहरू निरन्तर आइरहन्छन्। धेरै मानिसहरू भित्रबाहिर गरिरहेका हुन्छन्।
#व्यक्ति२#: के कसैले उससँग यसबारे कुरा गरेको छ?
#व्यक्ति१#: छैन, अहिलेसम्म छैन, तर कसैले उसलाई भन्नुपर्ने हुन्छ।
#व्यक्ति२#: हामी उसलाई सहयोगका लागि विद्यार्थीहरूलाई आउन बन्द गर्न भन्न सक्दैनौँ, हैन?
#व्यक्ति१#: होइन, पक्कै सक्दैनौँ। तर म आफ्नो काम गर्न सकिरहेको छैन र तपाईं पनि सकिरहनुभएको छैन।
#व्यक्ति२#: उसलाई गल्लीको तल रहेको भण्डारण कोठा प्रयोग गर्न सुझाव दिए कसो होला?
#व्यक्ति१#: ओहो, त्यो त धेरै सानो हुनेछ।
#व्यक्ति२#: दराजहरू हटाएपछि, देखिएभन्दा ठूलो हुन सक्छ।
#व्यक्ति१#: सोच्दा, तपाईंको कुरा सही हुन सक्छ। जाऔँ, गएर हेरौँ।
#व्यक्ति२#: जाऔँ, काम सुरु गरौँ।",जोन र लियोले ज्याकका विद्यार्थीहरूका कारण कार्यालयमा भएको हल्लाको अवस्थाबारे छलफल गर्छन्। उनीहरू भण्डारण कोठा ज्याकले प्रयोग गर्न मिल्छ कि मिल्दैन भनेर जाँच गर्न जाँदैछन्।,noisy office,दुई सहकर्मी जोन र लियोले कार्यालयको अवस्था र त्यहाँ उत्पन्न हुने व्यवधानका बारेमा कुराकानी गरे। लियोले कार्यालयमा धेरै हल्ला र विद्यार्थीहरूको भीडले गर्दा काम गर्न कठिनाइ भएको बताए। जोनले ज्याकलाई कार्यालयमा विद्यार्थीहरूको भीडले गर्दा आफ्नो काममा बाधा पुगेको बताए। उनीहरूले ज्याकलाई गल्लीको तल रहेको भण्डारण कोठा प्रयोग गर्न सुझाव दिए।,कार्यालयमा उत्पन्न हुने व्यवधान र त्यसको समाधान,Same Meaning,Same Meaning,Same Meaning,0.98,"The generated summary accurately captures the main idea of the dialogue, including the discussion about office noise caused by Jack's students, the difficulty in working, and the suggestion to use the storage room. The generated topic correctly represents the main subject of the dialogue as 'noisy office' and its solution. The minor differences in phrasing and structure do not alter the meaning.",C,C
train_8035,"#Person1#: What do you like to do with your free time?
 #Person2#: Study English.
 #Person1#: You mean you like to study English? Why?
 #Person2#: It gives me great satisfaction.
 #Person1#: Studying English wouldn't give me any satisfaction. It's hard work.
 #Person2#: I don't mind the work. I think it's worthwhile.",Studying English is a great satisfaction to #Person2# but hard work to #Person1#.,study English,"Person2 enjoys studying English in their free time because it gives them great satisfaction, while Person1 finds studying English to be hard work and not satisfying.",Discussion about studying English as a free-time activity,Same Meaning,Same Meaning,Same Meaning,0.98,"The generated summary accurately captures the main idea that Person2 finds studying English satisfying while Person1 finds it hard work, preserving all key facts and entities. The generated topic correctly identifies the main subject as studying English in the context of free-time activities, matching the reference topic's intent.","#व्यक्ति१#: तपाईं आफ्नो खाली समयमा के गर्न मन पराउनुहुन्छ?
#व्यक्ति२#: अंग्रेजी पढ्न।
#व्यक्ति१#: तपाईंलाई अंग्रेजी पढ्न मन पर्छ भन्नुभएको हो? किन?
#व्यक्ति२#: यसले मलाई ठूलो सन्तुष्टि दिन्छ।
#व्यक्ति१#: अंग्रेजी पढ्दा मलाई कुनै सन्तुष्टि मिल्दैन। यो निकै गाह्रो काम हो।
#व्यक्ति२#: मलाई कामसँग समस्या छैन। मलाई लाग्छ यो गर्न लायक छ।",अंग्रेजी पढ्नु #व्यक्ति२# का लागि ठूलो सन्तुष्टि हो तर #व्यक्ति१# का लागि गाह्रो काम हो।,study English,व्यक्ति२ ले आफ्नो खाली समयमा अंग्रेजी पढ्न मन पराउँछन् र यसले उनलाई सन्तुष्टि दिन्छ भने व्यक्ति१ ले अंग्रेजी पढ्न गाह्रो लाग्ने बताउँछन्।,अंग्रेजी पढ्ने बानी र यसप्रतिको धारणा,Same Meaning,Same Meaning,Same Meaning,0.98,"The generated summary accurately reflects the main idea of the dialogue, preserving the key facts about #व्यक्ति२# enjoying reading English for satisfaction and #व्यक्ति१# finding it difficult. The generated topic correctly identifies the main subject as studying English and the differing perspectives on it. No contradictions, omissions of critical facts, or introductions of unrelated entities are present.",C,C
train_2540,"#Person1#: So, how long have you been in the peace core?
 #Person2#: For about a year now.
 #Person1#: Do you enjoy it?
 #Person2#: Most of the time, the work can be very difficult sometimes.
 #Person1#: What's the most difficult thing about being in the peace core?
 #Person2#: For me, it's finding a way to fit into a community that's very different from my own.
 #Person1#: And what's the most exciting thing?
 #Person2#: That's easy. The most exciting thing about being in the peace core is learning about another culture.",#Person2# has been in the peace core for about a year and shares #Person2#'s experience there with #Person1#.,the peace core,"Person1 asks Person2 about their experience in the Peace Corps. Person2 mentions they have been in the Peace Corps for about a year, enjoys most of the work but finds it difficult to integrate into a different community. They also highlight learning about another culture as the most exciting aspect.",Experience in the Peace Corps,Same Meaning,Same Meaning,Same Meaning,0.98,"The generated summary accurately captures the main ideas from the dialogue, including Person2's duration in the Peace Corps, their mixed feelings about the work, the challenge of community integration, and the excitement of cultural learning. The generated topic correctly refers to the same main subject as the reference topic. No contradictions, omissions of critical facts, or introductions of unsupported information are present.","#व्यक्ति१#: त्यसोभए, तपाईं शान्ति सेवामा कति समयदेखि हुनुहुन्छ?
#व्यक्ति२#: अहिले करिब एक वर्ष भयो।
#व्यक्ति१#: तपाईंलाई यो मन पर्छ?
#व्यक्ति२#: धेरैजसो समय मन पर्छ, काम कहिलेकाहीँ निकै गाह्रो हुन सक्छ।
#व्यक्ति१#: शान्ति सेवामा हुनुको सबैभन्दा गाह्रो कुरा के हो?
#व्यक्ति२#: मेरो लागि, आफ्नै समुदायभन्दा निकै फरक समुदायमा घुलमिल हुने उपाय खोज्नु हो।
#व्यक्ति१#: अनि सबैभन्दा रोमाञ्चक कुरा के हो?
#व्यक्ति२#: त्यो सजिलो छ। शान्ति सेवामा हुनुको सबैभन्दा रोमाञ्चक कुरा अर्को संस्कृतिबारे सिक्नु हो।",#व्यक्ति२# करिब एक वर्षदेखि शान्ति सेवामा छन् र #व्यक्ति१# सँग त्यहाँको आफ्नो अनुभव साझा गर्छन्।,the peace core,व्यक्ति २ ले शान्ति सेवामा करिब एक वर्ष काम गरेको बताएका छन्। उनलाई काम सामान्यतया मन पर्ने भए पनि कहिलेकाहीँ गाह्रो हुन सक्छ। सबैभन्दा गाह्रो पक्ष आफ्नो समुदायभन्दा फरक समुदायमा घुलमिल हुनु रहेको र सबैभन्दा रोमाञ्चक पक्ष अर्को संस्कृतिबारे सिक्नु रहेको बताएका छन्।,शान्ति सेवामा काम गर्ने अनुभव र चुनौतीहरू,Same Meaning,Different Meaning,Same Meaning,0.98,"The generated summary accurately captures the main ideas, facts, and entities from the dialogue, including the duration of service, personal experiences, challenges, and exciting aspects. The generated topic 'शान्ति सेवामा काम गर्ने अनुभव र चुनौतीहरू' (Experiences and challenges of working in the peace corps) is closely related to the reference topic 'the peace core' but expands it to include additional context (experiences and challenges). While not identical, the generated topic still refers to the same main subject (peace corps) and does not contradict or omit critical information. The summary is fully aligned with the dialogue and reference summary.",C,C
train_9380,"#Person1#: Hey, Tom, I want to learn how to play golf.
 #Person2#: You're really sporty!
 #Person1#: I want to do everything I can.
 #Person2#: Do you have clubs?
 #Person1#: No. Can I rent clubs?
 #Person2#: There are clubs for beginners. It's cheaper to buy those rather than rent them a few times.
 #Person1#: What kinds of clubs?
 #Person2#: Like the seven-piece set. It's only $ 120.
 #Person1#: I'll buy a set. But you have to teach me.
 #Person2#: Okay.",#Person1# wants Tom to teach #Person1# golf. Tom recommends #Person1# to buy clubs and agrees.,teach golf,Person1 wants to learn golf and asks Person2 for advice. Person2 suggests buying a beginner-friendly seven-piece golf club set for $120 instead of renting. Person1 agrees to buy the set and asks Person2 to teach them.,Learning to play golf and purchasing equipment,Same Meaning,Same Meaning,Same Meaning,0.98,"The generated summary accurately captures the main idea of the dialogue, including Person1's desire to learn golf, Person2's advice to buy beginner clubs, and the agreement for Person2 to teach. The generated topic ('Learning to play golf and purchasing equipment') correctly represents the main subject of the dialogue, aligning with the reference topic ('teach golf') while expanding on the key elements (learning and equipment). No contradictions, omissions of critical facts, or introductions of extraneous information are present.","#व्यक्ति१#: ए, टम, म गल्फ खेल्न सिक्न चाहन्छु।
#व्यक्ति२#: तपाईं त साँच्चै खेलकुदप्रेमी हुनुहुन्छ!
#व्यक्ति१#: म सक्ने सबै कुरा गर्न चाहन्छु।
#व्यक्ति२#: तपाईंसँग गल्फ क्लबहरू छन्?
#व्यक्ति१#: छैन। के म क्लबहरू भाडामा लिन सक्छु?
#व्यक्ति२#: सुरुआती खेलाडीहरूका लागि क्लबहरू छन्। केही पटक भाडामा लिनुभन्दा ती किन्नु सस्तो हुन्छ।
#व्यक्ति१#: कस्ता क्लबहरू?
#व्यक्ति२#: सातवटा क्लबको सेटजस्तो। यसको मूल्य केवल १२० डलर हो।
#व्यक्ति१#: म एउटा सेट किन्छु। तर तपाईंले मलाई सिकाउनुपर्छ।
#व्यक्ति२#: ठीक छ।",#व्यक्ति१# टमले आफूलाई गल्फ सिकाइदियोस् भन्ने चाहन्छन्। टमले #व्यक्ति१# लाई गल्फ क्लबहरू किन्न सिफारिस गर्छन् र सहमत हुन्छन्।,teach golf,व्यक्ति १ ले गल्फ खेल्न सिक्न चाहेको र गल्फ क्लबहरू किन्ने निर्णय गरेको छ। व्यक्ति २ ले सुरुआती खेलाडीहरूका लागि उपयुक्त क्लबहरू भाडामा लिनुभन्दा किन्न सस्तो हुने सुझाव दिएको छ। व्यक्ति १ ले १२० डलरमा सातवटा क्लबको सेट किन्ने र व्यक्ति २ सँग गल्फ सिक्ने सहमति गरेको छ।,गल्फ खेल्न सुरु गर्ने र आवश्यक उपकरणहरूको व्यवस्था,Same Meaning,Same Meaning,Same Meaning,0.98,"The generated summary accurately captures the main idea of the dialogue, including the request to learn golf, the discussion about buying golf clubs (with the suggestion to buy a set for $120), and the agreement to teach. The generated topic ('गल्फ खेल्न सुरु गर्ने र आवश्यक उपकरणहरूको व्यवस्था') correctly represents the main topic of learning to play golf and arranging necessary equipment, aligning with the reference topic ('teach golf'). No contradictions, omissions of critical facts, or introductions of unrelated information are present.",C,C
train_7388,"#Person1#: You look depressed. What's on your mind?
 #Person2#: Well, I had a blood test last week. The doctor said that I have high blood pressure and my blood is thick and sticky. I'm very worried.
 #Person1#: Take it easy. When we last talked, you promised there would be more exercises in your life. But now you are putting on some weight.
 #Person2#: I have to admit it's easier said than done.
 #Person1#: Well, I think it's time for you to change your eating habits and develop a healthy lifestyle. Regular exercise will improve your health.
 #Person2#: But you know I'm just not into exercises. And I wouldn't have time for exercises, either.
 #Person1#: You can do some jogging. It's easy and it doesn't take much time.
 #Person2#: Actually, my doctor said the same thing.","#Person2# has high blood pressure. #Person1# suggests regular exercise and developing a healthy lifestyle, but #Person2# isn't into exercises.",take exercises,"Person2 shares concerns about high blood pressure and thick blood from a recent blood test, and Person1 advises adopting a healthier lifestyle with regular exercise and better eating habits. Person2 admits difficulty in following through but acknowledges the advice.",discussion about health concerns and lifestyle changes,Same Meaning,Different Meaning,Same Meaning,0.98,"The generated summary accurately captures the main idea, important facts, and entities from the dialogue, preserving the same meaning as the reference summary. The generated topic ('discussion about health concerns and lifestyle changes') is broader than the reference topic ('take exercises') but still refers to the same main topic of health and lifestyle changes discussed in the dialogue. The reference topic is overly narrow and does not fully capture the dialogue's content, while the generated topic better reflects the overall discussion.","#व्यक्ति१#: तपाईं उदास देखिनुहुन्छ। तपाईंको मनमा के छ?
#व्यक्ति२#: गत हप्ता मेरो रगत जाँच गरिएको थियो। डाक्टरले मेरो रक्तचाप उच्च रहेको र मेरो रगत बाक्लो तथा चिप्लो रहेको बताउनुभयो। म निकै चिन्तित छु।
#व्यक्ति१#: शान्त हुनुहोस्। हामीले पछिल्लो पटक कुरा गर्दा तपाईंले आफ्नो जीवनमा धेरै व्यायाम गर्ने वाचा गर्नुभएको थियो। तर अहिले तपाईंको तौल बढिरहेको छ।
#व्यक्ति२#: गर्न सजिलो भन्नुभन्दा गर्न गाह्रो हुन्छ भन्ने कुरा स्वीकार गर्नुपर्छ।
#व्यक्ति१#: मलाई लाग्छ अब तपाईंले आफ्नो खाने बानी परिवर्तन गरेर स्वस्थ जीवनशैली विकास गर्ने समय आएको छ। नियमित व्यायामले तपाईंको स्वास्थ्य सुधार गर्नेछ।
#व्यक्ति२#: तर तपाईंलाई थाहा छ, मलाई व्यायाम गर्न पटक्कै मन पर्दैन। अनि मसँग व्यायामका लागि समय पनि हुँदैन।
#व्यक्ति१#: तपाईं केही दौडिन सक्नुहुन्छ। यो सजिलो छ र धेरै समय पनि लाग्दैन।
#व्यक्ति२#: वास्तवमा, मेरो डाक्टरले पनि यही कुरा भन्नुभएको थियो।","#व्यक्ति२# को रक्तचाप उच्च छ। #व्यक्ति१# ले नियमित व्यायाम गर्न र स्वस्थ जीवनशैली विकास गर्न सुझाव दिन्छन्, तर #व्यक्ति२# लाई व्यायाम गर्न मन पर्दैन।",take exercises,व्यक्ति२ ले गत हप्ता गराएको रगत जाँचमा उच्च रक्तचाप र बाक्लो तथा चिप्लो रगत पाइएको बताउँदै चिन्तित भएको व्यक्तिले व्यक्त गरे। व्यक्ति१ ले व्यायाम र स्वस्थ खानपानको सुझाव दिए पनि व्यक्ति२ ले व्यायाम गर्न नमानेको र समय नभएको बताए।,स्वास्थ्य सुधारका लागि व्यायाम र स्वस्थ जीवनशैलीको आवश्यकता,Same Meaning,Different Meaning,Same Meaning,0.98,"The generated summary accurately represents the main idea, important facts, and entities from the dialogue, matching the reference summary's meaning despite different phrasing. The generated topic ('स्वास्थ्य सुधारका लागि व्यायाम र स्वस्थ जीवनशैलीको आवश्यकता') is a broader interpretation of the dialogue's core topic ('take exercises') but still aligns with the main subject of exercise and health improvement. The topic does not contradict the dialogue but expands on it slightly.",C,C
train_1275,"#Person1#: The government is going to organize a folk-custom activity at the end of the month. And our community is supposed to put on a performance.
 #Person2#: What kind of performance? A lion dance?
 #Person1#: Stuff like that but I think the lion dance is a bit too difficult and dangerous.
 #Person2#: Sure, you'll be dancing with lions. What do you expect? Then what about Range Dance which we did before.
 #Person1#: Good idea. Shall we get everyone in the community?
 #Person2#: Maybe not. I think we should just focus on the retired people.
 #Person1#: I know that they already have a Range Dance team and then what we need is just to do some rehearsals.
 #Person2#: What about the costumes?
 #Person1#: We can raise money in the community. You know each family 10 yuan maybe.
 #Person2#: Try something new. We can find a supporting agency.
 #Person1#: Great idea. There is a travel agency nearby who would love to be our sponsor. It's a perfect chance for them to promote ethnic tourism.",#Person1# and #Person2# decide to do Range Dance for the folk-custom activity. They will focus on the retired people and ask a travel agency to be their sponsor.,folk-custom activity,"Person1 and Person2 discuss organizing a folk-custom performance for a government event. They consider a lion dance but opt for the Range Dance instead, focusing on retired community members who already have a team. They plan rehearsals and propose raising funds either by collecting 10 yuan from each family or seeking sponsorship from a nearby travel agency that could promote ethnic tourism.",Planning a folk-custom performance for a community event,Same Meaning,Same Meaning,Same Meaning,0.98,"The generated summary accurately reflects the main ideas of the dialogue, including the decision to perform Range Dance instead of lion dance, focusing on retired people, planning rehearsals, and considering fundraising or sponsorship. The generated topic correctly identifies the main subject as a folk-custom performance for a community event, aligning with the reference topic. No contradictions, omissions of critical facts, or introductions of extraneous information are present.","#व्यक्ति१#: सरकारले महिनाको अन्त्यमा लोक-सांस्कृतिक गतिविधि आयोजना गर्न लागेको छ। अनि हाम्रो समुदायले एउटा प्रस्तुति दिनुपर्ने भएको छ।
#व्यक्ति२#: कस्तो प्रस्तुति? सिंह नाच?
#व्यक्ति१#: त्यस्तै केही, तर मलाई लाग्छ सिंह नाच अलि गाह्रो र खतरनाक छ।
#व्यक्ति२#: पक्कै, तपाईं सिंहहरूसँग नाच्नुहुनेछ। तपाईं के अपेक्षा गर्नुहुन्छ? त्यसो भए हामीले पहिले गरेको राँगे नाच कस्तो होला?
#व्यक्ति१#: राम्रो विचार। के हामी समुदायका सबैलाई सहभागी गराऔँ?
#व्यक्ति२#: सायद होइन। मलाई लाग्छ हामीले सेवानिवृत्त मानिसहरूमा मात्र ध्यान दिनुपर्छ।
#व्यक्ति१#: मलाई थाहा छ उनीहरूसँग पहिले नै राँगे नाचको टोली छ, त्यसैले हामीले केवल केही अभ्यास गर्नुपर्छ।
#व्यक्ति२#: पोसाकको के गर्ने?
#व्यक्ति१#: हामी समुदायमा पैसा उठाउन सक्छौँ। तपाईंलाई थाहा छ, प्रत्येक परिवारबाट १० युआन जति।
#व्यक्ति२#: केही नयाँ प्रयास गरौँ। हामी सहयोगी संस्था खोज्न सक्छौँ।
#व्यक्ति१#: राम्रो विचार। नजिकै एउटा यात्रा संस्था छ, जसले हाम्रो प्रायोजक बन्न खुसी हुनेछ। उनीहरूका लागि जातीय पर्यटनको प्रचार गर्ने यो उत्तम अवसर हो।",#व्यक्ति१# र #व्यक्ति२# ले लोक-सांस्कृतिक गतिविधिका लागि राँगे नाच गर्ने निर्णय गर्छन्। उनीहरूले सेवानिवृत्त मानिसहरूमा ध्यान केन्द्रित गर्नेछन् र एउटा यात्रा संस्थालाई आफ्नो प्रायोजक बन्न अनुरोध गर्नेछन्।,folk-custom activity,"सरकारले महिनाको अन्त्यमा आयोजना गर्न लागेको लोक-सांस्कृतिक गतिविधिमा सहभागी हुन समुदायले प्रस्तुति तयार गर्नुपर्ने भएको छ। सिंह नाचको सट्टामा राँगे नाच प्रस्ताव गरिएको छ, जसमा सेवानिवृत्त मानिसहरूलाई मात्र सहभागी गराउने र उनीहरूको पहिले नै रहेको राँगे नाच टोलीलाई थप अभ्यास गर्ने योजना छ। पोसाकका लागि समुदायमा पैसा उठाउने वा सहयोगी संस्था खोज्ने विचार गरिएको छ। नजिकैको यात्रा संस्था जातीय पर्यटनको प्रचार गर्ने उद्देश्यले प्रायोजक बन्न तयार रहेको बताइएको छ।",लोक-सांस्कृतिक गतिविधिमा प्रस्तुति तयारी र यसको व्यवस्थापन,Same Meaning,Different Meaning,Same Meaning,0.98,"The generated summary accurately represents the main ideas, facts, entities (e.g., 'राँगे नाच', 'सेवानिवृत्त मानिसहरू', 'यात्रा संस्था'), and decisions from the dialogue, preserving the meaning without contradictions or omissions of critical details. The generated topic ('लोक-सांस्कृतिक गतिविधिमा प्रस्तुति तयारी र यसको व्यवस्थापन') is a broader interpretation of the reference topic ('folk-custom activity') but still aligns with the dialogue's context. The reference topic is too generic compared to the dialogue's specific focus on cultural presentation preparation, making the generated topic a reasonable expansion rather than a different meaning.",C,C
train_724,"#Person1#: Good afternoon, I would like to speak with the manager, please.
 #Person2#: Why? What's your problem?
 #Person1#: Well, I just picked up a TV at your store yesterday afternoon. And when I was taking it out of the car. It sort of accidentally fell. It looks ok. But the picture is pretty unclear. Do you think I can have someone look at it or get it changed?
 #Person2#: Ok, I will talk to the manager about it right now, please wait a moment.
 #Person1#: Ok, thank you.
 #Person2#: Well, we can have someone repair it for you, but as it was caused by you. I'm afraid you have to pay for half of the repair cost and we will pay the other half
 #Person1#: That will be fine. Thank you.",#Person2# can have someone repair #Person1#'s TV but #Person1# has to pay for half of the repair cost because it was caused by #Person1#. #Person1# agrees.,repair,"Person1 reports to Person2 that a TV purchased the previous day was accidentally damaged during unloading, resulting in an unclear picture. Person2 agrees to arrange a repair but states Person1 must cover half of the repair cost since the damage was their fault.",Customer complaint about a damaged TV and discussion of repair cost responsibility,Same Meaning,Different Meaning,Different Meaning,0.9,"The generated summary accurately represents the main idea, facts, and entities of the dialogue, preserving the same meaning as the reference summary. However, the generated topic ('Customer complaint about a damaged TV and discussion of repair cost responsibility') introduces additional concepts ('customer complaint') and omits the core focus on 'repair' as the main topic, making it a different meaning compared to the reference topic ('repair').","#व्यक्ति१#: शुभ अपराह्न, डाक्टर।
#व्यक्ति२#: शुभ अपराह्न, श्रीमती ब्राउन। ल, यो सानो केटालाई के भएको छ?
#व्यक्ति१#: यो मेरो छोरा जिम हो। उसलाई खोकी लागेको छ।
#व्यक्ति२#: उसलाई यो कहिलेदेखि भएको हो?
#व्यक्ति१#: हिजो रातिदेखि नै।
#व्यक्ति२#: उसले आज केही खाएको छ?
#व्यक्ति१#: हो। उसले आज बिहान अलिकति दूध र एउटा अण्डा खायो।
#व्यक्ति२#: ल, श्रीमती ब्राउन, मलाई लाग्छ उसलाई रुघा लागेको छ।
#व्यक्ति१#: के यो गम्भीर छ?
#व्यक्ति२#: होइन, यो गम्भीर कुरा होइन, तर उसले घरमै बसेर आराम गर्नु राम्रो हुन्छ।
#व्यक्ति१#: धेरै धन्यवाद।
#व्यक्ति२#: स्वागत छ।","#व्यक्ति२# ले #व्यक्ति१# को टेलिभिजन कसैलाई मर्मत गर्न लगाउन सक्छन्, तर क्षति #व्यक्ति१# कै कारणले भएको हुनाले #व्यक्ति१# ले मर्मत खर्चको आधा तिर्नुपर्छ। #व्यक्ति१# सहमत हुन्छन्।",repair,एक आमा आफ्नो छोरा जिमलाई खोकी लागेको भन्दै डाक्टरलाई देखाउन आएकी छिन्। डाक्टरले जिमलाई रुघा लागेको बताए र घरमै आराम गर्न सल्लाह दिएका छन्।,बालकमा देखा परेको खोकी र रुघाको कारण तथा उपचार सम्बन्धी संवाद,Different Meaning,Different Meaning,Different Meaning,0.1,"The generated summary and topic do not represent the original dialogue. The dialogue is about a mother taking her son Jim to a doctor due to a cough, while the generated summary and topic incorrectly focus on a TV repair scenario and a general discussion about cough and cold in children, which are not present in the original dialogue.",PC,I
train_4532,"#Person1#: Good afternoon, doctor.
 #Person2#: Good afternoon, Mrs. Brown. Well, what's wrong with this little boy?
 #Person1#: He is my son, Jim. He's got a cough.
 #Person2#: How long has he had it?
 #Person1#: Ever since last night.
 #Person2#: Has he had anything to eat today?
 #Person1#: Yes. He had a little milk and an egg this morning.
 #Person2#: Well, Mrs. Brown, I think he's caught a cold.
 #Person1#: Is it serious?
 #Person2#: No, it's nothing serious, but he'd better stay at home and rest.
 #Person1#: Thank you very much.
 #Person2#: You're welcome.","Mrs. Brown takes her son Jim to see #Person2#, the doctor, as Jim got a cough. #Person2# says Jim has caught a cold.",a cold,"Mrs. Brown takes her son Jim to the doctor because he has had a cough since the previous night. The doctor examines Jim, asks about his diet, and diagnoses a cold. The doctor advises Jim to rest at home.",Medical consultation for a child's cough,Same Meaning,Different Meaning,Different Meaning,0.9,"The generated summary accurately represents the main idea, facts, and entities from the dialogue, preserving the same meaning as the reference summary. However, the generated topic 'Medical consultation for a child's cough' introduces additional specificity ('medical consultation') and shifts focus slightly from the reference topic 'a cold', which is the core diagnosis mentioned in the dialogue. While the generated topic is related, it does not directly match the reference topic's emphasis on the diagnosis of a cold.","#व्यक्ति१#: शुभ अपराह्न, डाक्टर।
#व्यक्ति२#: शुभ अपराह्न, श्रीमती ब्राउन। ल, यो सानो केटालाई के भएको छ?
#व्यक्ति१#: यो मेरो छोरा जिम हो। उसलाई खोकी लागेको छ।
#व्यक्ति२#: उसलाई यो कहिलेदेखि भएको हो?
#व्यक्ति१#: हिजो रातिदेखि नै।
#व्यक्ति२#: उसले आज केही खाएको छ?
#व्यक्ति१#: हो। उसले आज बिहान अलिकति दूध र एउटा अण्डा खायो।
#व्यक्ति२#: ल, श्रीमती ब्राउन, मलाई लाग्छ उसलाई रुघा लागेको छ।
#व्यक्ति१#: के यो गम्भीर छ?
#व्यक्ति२#: होइन, यो गम्भीर कुरा होइन, तर उसले घरमै बसेर आराम गर्नु राम्रो हुन्छ।
#व्यक्ति१#: धेरै धन्यवाद।
#व्यक्ति२#: स्वागत छ।","श्रीमती ब्राउन आफ्नो छोरा जिमलाई डाक्टर #व्यक्ति२# लाई देखाउन लैजान्छिन्, किनभने जिमलाई खोकी लागेको छ। #व्यक्ति२# ले जिमलाई रुघा लागेको बताउँछन्।",a cold,एक आमा आफ्नो छोरा जिमलाई लिएर डाक्टर कहाँ पुग्छिन्। जिमलाई हिजो रातिदेखि खोकी लागेको र आज बिहान अलिकति दूध र एउटा अण्डा खाएको बताउँछिन्। डाक्टरले जिमलाई रुघा लागेको बताउँदै घरमै आराम गर्न सुझाव दिन्छन्।,डाक्टरको परामर्शमा जिमलाई लागेको रुघाको बारेमा छलफल,Same Meaning,Same Meaning,Same Meaning,0.98,"The generated summary accurately represents the main idea of the dialogue, preserving important facts (e.g., Mrs. Brown taking Jim to the doctor, his cough since last night, eating milk and an egg, and the doctor diagnosing a cold with rest advice). The generated topic correctly identifies the main subject as a discussion about Jim's cold during a doctor's consultation. No contradictions, omissions of critical facts, or introductions of unrelated entities are present.",PC,C
train_2455,"#Person1#: Did you play football yesterday?
 #Person2#: Yes, I played with Tony and John.
 #Person1#: What did you do after you'd played football?
 #Person2#: We all went swimming.
 #Person1#: Are you going swimming again this afternoon?
 #Person2#: No, we aren't. We're going to help Mr. Smith to plant some flowers.
 #Person1#: Are you helping him all afternoon?
 #Person2#: Yes, we are. We can neither play football nor do our homework today.
 #Person1#: You're, going to be very busy.
 #Person2#: Yes, we certainly are. But Mr. Smith is going to pay us for all the work we'll do.",#Person2# played football and went swimming yesterday. #Person2#'ll help Mr. Smith plant flowers today and he'll pay #Person2#.,plan,"Person2 played football with Tony and John yesterday, then they all went swimming. Today, they are not going swimming again but will help Mr. Smith plant flowers all afternoon and will be paid for their work.","plans and activities involving sports, swimming, and helping Mr. Smith",Same Meaning,Different Meaning,Different Meaning,0.9,"The generated summary accurately preserves all key facts, entities, and events from the dialogue and matches the reference summary's meaning. However, the generated topic ('plans and activities involving sports, swimming, and helping Mr. Smith') is overly specific and introduces additional details (e.g., 'sports' as a general category) not explicitly present in the dialogue or reference topic ('plan'). While the topic is related, it does not precisely match the reference topic's concise representation of the main idea.","#व्यक्ति१#: के तपाईंले हिजो फुटबल खेल्नुभयो?
#व्यक्ति२#: हो, मैले टोनी र जोनसँग खेलेँ।
#व्यक्ति१#: फुटबल खेलेपछि तपाईंहरूले के गर्नुभयो?
#व्यक्ति२#: हामी सबै पौडी खेल्न गयौँ।
#व्यक्ति१#: के तपाईंहरू आज दिउँसो फेरि पौडी खेल्न जाँदै हुनुहुन्छ?
#व्यक्ति२#: होइन, जाँदैनौँ। हामी श्री स्मिथलाई केही फूल रोप्न सहयोग गर्न जाँदैछौँ।
#व्यक्ति१#: के तपाईंहरू उहाँलाई पूरै दिउँसो सहयोग गर्दै हुनुहुन्छ?
#व्यक्ति२#: हो। हामी आज न फुटबल खेल्न सक्छौँ न त गृहकार्य गर्न सक्छौँ।
#व्यक्ति१#: तपाईंहरू निकै व्यस्त हुने रहेछ।
#व्यक्ति२#: हो, पक्कै पनि हुनेछौँ। तर श्री स्मिथले हामीले गर्ने सबै कामको पैसा दिनुहुनेछ।",#व्यक्ति२# ले हिजो फुटबल खेले र पौडी खेले। आज #व्यक्ति२# ले श्री स्मिथलाई फूल रोप्न सहयोग गर्नेछन् र उनले #व्यक्ति२# लाई पैसा दिनेछन्।,plan,"व्यक्ति२ ले हिजो टोनी र जोनसँग फुटबल खेलेपछि सबै मिलेर पौडी खेल्न गए। आज उनीहरू श्री स्मिथलाई फूल रोप्न सहयोग गर्न जाने भएका छन्, जसका कारण उनीहरू फुटबल खेल्न वा गृहकार्य गर्न सक्दैनन्। श्री स्मिथले भने गरेको कामको पैसा दिने भएका छन्।",व्यक्ति२ को दैनिकी र श्री स्मिथलाई सहयोग गर्ने योजना,Same Meaning,Different Meaning,Same Meaning,0.98,"The generated summary accurately represents the main ideas, facts, entities (व्यक्ति२, टोनी, जोन, श्री स्मिथ, फुटबल, पौडी, फूल रोप्न, पैसा), and preserves the meaning of the dialogue. The topic 'व्यक्ति२ को दैनिकी र श्री स्मिथलाई सहयोग गर्ने योजना' is a valid interpretation of the dialogue's main subject (plans and activities of व्यक्ति२ involving श्री स्मिथ), though it is not identical to the reference topic 'plan'. The topic still correctly refers to the same main topic of planning and activities.",PC,C
train_7911,"#Person1#: Can I help you, sir? 
 #Person2#: I want to find a book called Gone with the Wind. But I can't find it. 
 #Person1#: Let me give you a hand. The author is. . . 
 #Person2#: Margaret Mitchell. 
 #Person1#: Oh, yes. Here it is . 
 #Person2#: Thank you very much. I have been looking for it for a long time. Is this the latest edition? 
 #Person1#: Yes, we have both the paperback and hardcover. which would you want to buy? 
 #Person2#: How about the price of the hardcover? 
 #Person1#: It's $25. 
 #Person2#: A little bit expensive, but I will buy one. This is $25 , here you are.",#Person2# is looking for the latest edition of Gone with the Wind and buys a hardcover with #Person1#'s assistance.,buy a book,"A customer asks a bookstore employee for help finding the book 'Gone with the Wind' by Margaret Mitchell. The employee locates the book, which is available in both paperback and hardcover editions priced at $25. The customer decides to purchase the hardcover edition.",Purchasing a book,Same Meaning,Same Meaning,Same Meaning,0.98,"The generated summary accurately captures the main idea of the dialogue, including the customer's request for 'Gone with the Wind,' the employee's assistance, the availability of both paperback and hardcover editions, the price ($25), and the customer's decision to buy the hardcover. The generated topic 'Purchasing a book' aligns with the reference topic 'buy a book' as both refer to the act of buying a book. No contradictions, omissions of critical facts, or introductions of extraneous information are present.","#व्यक्ति१#: के म तपाईंलाई सहयोग गर्न सक्छु, सर?
#व्यक्ति२#: म गोन विथ द विन्ड नामको पुस्तक खोज्दैछु। तर मैले भेट्टाउन सकिनँ।
#व्यक्ति१#: मलाई तपाईंलाई सहयोग गर्न दिनुहोस्। लेखक हुनुहुन्छ...
#व्यक्ति२#: मार्गरेट मिचेल।
#व्यक्ति१#: ओहो, हो। यहाँ रहेछ।
#व्यक्ति२#: धेरै धन्यवाद। म यसलाई धेरै समयदेखि खोजिरहेको थिएँ। के यो पछिल्लो संस्करण हो?
#व्यक्ति१#: हो, हामीसँग नरम आवरण र कडा आवरण दुवै छन्। तपाईं कुन किन्न चाहनुहुन्छ?
#व्यक्ति२#: कडा आवरणको मूल्य कति हो?
#व्यक्ति१#: २५ डलर हो।
#व्यक्ति२#: अलि महँगो छ, तर म एउटा किन्छु। यो २५ डलर, लिनुहोस्।",#व्यक्ति२# गोन विथ द विन्ड को पछिल्लो संस्करण खोजिरहेका छन् र #व्यक्ति१# को सहयोगमा कडा आवरण भएको पुस्तक किन्छन्।,buy a book,व्यक्ति १ ले पुस्तक पसलमा व्यक्ति २ लाई 'गोन विथ द विन्ड' नामक पुस्तक खोज्न मद्दत गर्दछन्। पुस्तक मार्गरेट मिचेलद्वारा लिखित रहेको थाहा पाएपछि व्यक्ति १ ले पुस्तकका दुई संस्करण (नरम र कडा आवरण) बारे जानकारी दिन्छन्। व्यक्ति २ ले कडा आवरणको पुस्तक २५ डलरमा किन्छन्।,पुस्तक खोज्न र किनमेल गर्ने प्रक्रिया,Same Meaning,Different Meaning,Same Meaning,0.98,"The generated summary accurately represents the main idea, important facts, entities (e.g., 'गोन विथ द विन्ड', मार्गरेट मिचेल, २५ डलर), and preserves the meaning of the dialogue. The topic 'पुस्तक खोज्न र किनमेल गर्ने प्रक्रिया' is broader than the reference topic 'buy a book' but still aligns with the dialogue's core concept of searching for and purchasing a book. The minor difference in topic specificity does not alter the overall meaning.",C,C
train_5820,"#Person1#: What's your schedule like this year?
 #Person2#: Pretty busy. I have to pick up a lot of credits this year.
 #Person1#: What's your major?
 #Person2#: I'm majoring in French literature.
 #Person1#: Oh, don't you have to take that class on 18th century poetry? It's really difficult. I hear the students in that class have to write a paper a hundred pages long.
 #Person2#: That's right. We got the assignment last week.
 #Person1#: When is it due?
 #Person2#: Next Monday.
 #Person1#: Remind me never to sign up for that course.",#Person1# asks #Person2# about #Person2#'s schedule and a course. #Person2# got an assignment to write a paper a hundred pages long for that course.,major and assignment,"Person1 asks Person2 about their busy schedule and major in French literature. Person2 mentions a challenging assignment in a 18th-century poetry class, due next Monday, which Person1 decides to avoid.",discussion about academic workload and a difficult course assignment,Same Meaning,Same Meaning,Same Meaning,0.98,"The generated summary accurately captures the main ideas of the dialogue, including Person1's inquiry about Person2's schedule and major, the challenging assignment in the 18th-century poetry class, and the due date. The generated topic correctly reflects the focus on academic workload and a difficult course assignment, aligning with the reference topic. No contradictions, omissions of critical facts, or introductions of extraneous information are present.","#व्यक्ति१#: यो वर्ष तपाईंको तालिका कस्तो छ?
#व्यक्ति२#: निकै व्यस्त छ। मैले यस वर्ष धेरै क्रेडिट पूरा गर्नुपर्छ।
#व्यक्ति१#: तपाईंको मुख्य विषय के हो?
#व्यक्ति२#: म फ्रेन्च साहित्यमा मुख्य विषय लिइरहेको छु।
#व्यक्ति१#: ओहो, तपाईंले अठारौँ शताब्दीको कविताको त्यो कक्षा लिनुपर्दैन? यो निकै गाह्रो छ। मैले सुनेको छु, त्यो कक्षाका विद्यार्थीहरूले सय पृष्ठ लामो शोधपत्र लेख्नुपर्छ।
#व्यक्ति२#: त्यही हो। हामीले गत हप्ता कार्य पाएका थियौँ।
#व्यक्ति१#: कहिलेसम्म बुझाउनुपर्छ?
#व्यक्ति२#: अर्को सोमबार।
#व्यक्ति१#: मलाई त्यो पाठ्यक्रममा कहिल्यै भर्ना नहुन सम्झाइराख्नु।",#व्यक्ति१# ले #व्यक्ति२# लाई #व्यक्ति२# को तालिका र एउटा पाठ्यक्रमबारे सोध्छन्। #व्यक्ति२# ले त्यस पाठ्यक्रमका लागि सय पृष्ठ लामो शोधपत्र लेख्ने कार्य पाएका थिए।,major and assignment,"#व्यक्ति२# ले यस वर्ष फ्रेन्च साहित्यमा मुख्य विषय लिएका छन् र धेरै क्रेडिट पूरा गर्नुपर्ने भएकाले व्यस्त रहेका छन्। उनले गत हप्ता अठारौँ शताब्दीको कविताको कक्षाका लागि सय पृष्ठ लामो शोधपत्र कार्य पाएका थिए, जुन अर्को सोमबार बुझाउनुपर्नेछ।",व्यक्तिको शैक्षिक तालिका र अध्ययनसम्बन्धी चुनौतीहरू,Same Meaning,Different Meaning,Same Meaning,0.98,"The generated summary accurately represents the main idea, preserves important facts (e.g., French literature major, 100-page research paper, deadline), and maintains the same meaning as the dialogue and reference summary. The generated topic 'व्यक्तिको शैक्षिक तालिका र अध्ययनसम्बन्धी चुनौतीहरू' (Personal academic schedule and study-related challenges) is a broader interpretation of the reference topic 'major and assignment' but still aligns with the dialogue's core concept of academic workload and challenges. The topic does not contradict the dialogue or introduce unrelated facts.",C,C
train_3130,"#Person1#: How is your new car?
 #Person2#: Perfect. Couldn't be better.
 #Person1#: Why do you say so? Can I see your new car?
 #Person2#: Of course you can. ( Lead Carl to his garage. )
 #Person1#: Wow, this new car is dynamite! It is a shiny, beautiful car.
 #Person2#: My car is simply a daisy. It drives smoothly.
 #Person1#: The car has very sleek lines. I love it.
 #Person2#: I am glad to hear that. I'm really pleased with it.
 #Person1#: You made a good choice.",Carl sees #Person2#'s new car and praises it.,new car,"Person1 asks Person2 about their new car, which Person2 describes as perfect and smooth-driving. Person1 admires the car's appearance, and Person2 expresses satisfaction with their purchase.",discussion about a new car,Same Meaning,Same Meaning,Same Meaning,0.98,"The generated summary accurately captures the main idea of the dialogue, including Person1 asking about the new car, Person2's positive description, and Person1's admiration. The generated topic correctly identifies the main subject as a discussion about a new car. Both preserve all important facts, entities (Person1, Person2, new car), and the overall meaning without contradictions or omissions.","#व्यक्ति१#: तपाईंको नयाँ गाडी कस्तो छ?
#व्यक्ति२#: उत्तम। यसभन्दा राम्रो हुनै सक्दैन।
#व्यक्ति१#: तपाईं त्यसो किन भन्नुहुन्छ? के म तपाईंको नयाँ गाडी हेर्न सक्छु?
#व्यक्ति२#: पक्कै सक्नुहुन्छ। (कार्ललाई उसको ग्यारेजतर्फ लैजान्छ।)
#व्यक्ति१#: वाह, यो नयाँ गाडी त शानदार छ! यो चम्किलो, सुन्दर गाडी हो।
#व्यक्ति२#: मेरो गाडी साँच्चै उत्कृष्ट छ। यो सहज रूपमा चल्छ।
#व्यक्ति१#: गाडीका रेखाहरू निकै आकर्षक छन्। मलाई मन पर्यो।
#व्यक्ति२#: यो सुनेर मलाई खुसी लाग्यो। म यसबाट साँच्चै खुसी छु।
#व्यक्ति१#: तपाईंले राम्रो छनोट गर्नुभयो।",कार्लले #व्यक्ति२# को नयाँ गाडी देख्छन् र त्यसको प्रशंसा गर्छन्।,new car,व्यक्ति१ ले व्यक्ति२ को नयाँ गाडीको बारेमा सोध्छन् र त्यसलाई हेर्ने अनुमति माग्छन्। व्यक्ति२ ले आफ्नो गाडी उत्कृष्ट भएको बताउँदै देखाउँछन्। व्यक्ति१ ले गाडीको सुन्दरता र सहजता प्रशंसा गर्छन् र व्यक्ति२ लाई राम्रो छनोट गरेकोमा बधाई दिन्छन्।,नयाँ गाडीको प्रशंसा र सकारात्मक अनुभव,Same Meaning,Different Meaning,Same Meaning,0.98,"The generated summary accurately represents the main idea, preserves important facts (e.g., asking to see the car, praising its features, and complimenting the choice), and maintains the same subject (the new car and the interaction between the two people). The generated topic 'नयाँ गाडीको प्रशंसा र सकारात्मक अनुभव' (Praise and positive experience of the new car) is semantically aligned with the reference topic 'new car' as it captures the essence of the dialogue's focus on the new car and the positive interaction around it. The minor difference in phrasing does not alter the core meaning.",C,C
train_6848,"#Person1#: When I got home last night I found a letter from the school I used to study in. The students there want me to go back and talk to them.
 #Person2#: Oh, really? And are you going?
 #Person1#: I don't know. I used to hate school, so I don't feel like going back.
 #Person2#: But it's different now.
 #Person1#: Yes, I know. But it's still a difficult situation. You see, when I was at school I used to be bad at studies and none of the teachers liked me.
 #Person2#: Well; I think you should go. When I was younger, I used to dream about meeting a famous pop star. You can't let them down.
 #Person1#: Maybe you are right. OK, I'll go.","The school #Person1# used to study in invites #Person1# to hold a talk. #Person1# doesn't feel like going back, but #Person2# suggests #Person1# go.",hold a talk,Person1 received a letter inviting them to return to their former school to speak with students. Person1 is hesitant due to past negative experiences but eventually decides to go after Person2 encourages them.,Invitation to return to a former school,Same Meaning,Same Meaning,Same Meaning,0.98,"The generated summary accurately captures the main idea of the dialogue, including Person1's hesitation due to past negative experiences and Person2's encouragement leading to Person1's decision to go. The generated topic correctly reflects the main subject of the dialogue, which is Person1's invitation to return to their former school. Both the summary and topic preserve all important facts, entities, and meaning without contradiction or omission of critical details.","#व्यक्ति१#: हिजो राति घर पुग्दा मैले पहिले पढेको विद्यालयबाट एउटा पत्र पाएँ। त्यहाँका विद्यार्थीहरू मलाई फर्केर आएर उनीहरूसँग कुरा गर्न चाहन्छन्।
#व्यक्ति२#: ओहो, साँच्चै? अनि तपाईं जाँदै हुनुहुन्छ?
#व्यक्ति१#: मलाई थाहा छैन। मलाई पहिले विद्यालय मन पर्दैनथ्यो, त्यसैले फर्केर जान मन लाग्दैन।
#व्यक्ति२#: तर अहिले फरक छ।
#व्यक्ति१#: हो, मलाई थाहा छ। तर अझै पनि यो कठिन अवस्था हो। तपाईंलाई थाहा छ, म विद्यालयमा हुँदा पढाइमा कमजोर थिएँ र कुनै पनि शिक्षकले मलाई मन पराउँदैनथे।
#व्यक्ति२#: ल, मलाई लाग्छ तपाईं जानुपर्छ। म सानो हुँदा एउटा प्रसिद्ध पप गायकलाई भेट्ने सपना देख्थेँ। तपाईंले उनीहरूलाई निराश पार्नु हुँदैन।
#व्यक्ति१#: सायद तपाईं सही हुनुहुन्छ। ठीक छ, म जान्छु।","#व्यक्ति१# ले पहिले पढेको विद्यालयले #व्यक्ति१# लाई आएर भाषण दिन निम्तो दिन्छ। #व्यक्ति१# लाई फर्केर जान मन लाग्दैन, तर #व्यक्ति२# ले #व्यक्ति१# लाई जान सुझाव दिन्छन्।",hold a talk,"व्यक्ति१ लाई आफूले पहिले पढेको विद्यालयबाट पत्र आएको थियो, जसमा विद्यार्थीहरूले उनलाई फर्केर आएर कुरा गर्न चाहेको बताइएको थियो। व्यक्ति१लाई विद्यालय फर्कन मन थिएन किनकि उनलाई विद्यालय मन पर्दैनथ्यो र पढाइमा कमजोर थिए। व्यक्ति२ले उनलाई जान प्रोत्साहन गरे, र व्यक्ति१ अन्ततः जान सहमत भए।",विद्यालय फर्कन र आफ्ना अनुभव साट्ने विषयमा गरिएको निर्णय,Same Meaning,Different Meaning,Different Meaning,0.85,"The generated summary accurately captures the main idea, facts, and entities from the dialogue, preserving the meaning of the reference summary. However, the generated topic ('विद्यालय फर्कन र आफ्ना अनुभव साट्ने विषयमा गरिएको निर्णय') introduces additional concepts ('आफ्ना अनुभव साट्ने') not present in the dialogue or reference topic ('hold a talk'). While the core idea of returning to school is correct, the added detail changes the focus slightly, making it different from the reference topic.",C,PC
train_2439,"#Person1#: Would you like some tea or coffee, dear?
 #Person2#: No, thanks. It's very late. They will keep me awake the whole night.
 #Person1#: Then what about some water?
 #Person2#: Yes, please.
 #Person1#: Don't work too late since you are not in good health. You should be careful with your health.
 #Person2#: I know, but I'll have to finish these reports tonight. Our manager will use them at the meeting tomorrow morning.
 #Person1#: You should have got someone to help you.
 #Person2#: Everyone is so busy in our company. They all have their own business to deal with.
 #Person1#: Sure, that's true. Can I help you with something?
 #Person2#: No, I'm afraid you can't. Just turn down the TV a little so that the songs won't interrupt me now and then.
 #Person1#: Yes, I will. I do hope that you will finish the report soon and get some sleep.
 #Person2#: Don't worry. It won't take me too long.",#Person1# prepares some water for #Person2# and asks #Person2# not to work too late. #Person2# has to finish the reports tonight and asks #Person1# to turn down the TV.,work,"Person1 offers Person2 tea, coffee, or water, but Person2 declines the caffeinated drinks and accepts water. Person1 advises Person2 to rest due to poor health, but Person2 explains they must finish reports for a meeting the next day. Person1 suggests getting help, but Person2 states everyone is busy. Person2 asks Person1 to lower the TV volume to avoid distractions.",A conversation about work responsibilities and health concerns,Same Meaning,Same Meaning,Same Meaning,0.98,"The generated summary accurately captures the main ideas of the dialogue, including Person1 offering drinks, Person2 declining caffeine but accepting water, Person1 advising rest due to health, Person2 explaining the need to finish reports for a meeting, the suggestion of getting help, and Person2 asking to lower the TV volume. The generated topic correctly identifies the main subject as work responsibilities and health concerns, which aligns with the dialogue's focus on work and health. No contradictions, omissions of critical facts, or introductions of extraneous information are present.","#व्यक्ति१#: प्रिय, तपाईंलाई चिया वा कफी चाहिन्छ?
#व्यक्ति२#: होइन, धन्यवाद। धेरै ढिलो भइसक्यो। त्यसले मलाई पूरै रात जागै राख्नेछ।
#व्यक्ति१#: त्यसो भए केही पानी?
#व्यक्ति२#: हुन्छ, कृपया।
#व्यक्ति१#: तपाईंको स्वास्थ्य राम्रो नभएकाले धेरै अबेरसम्म काम नगर्नुहोस्। तपाईंले आफ्नो स्वास्थ्यको ख्याल राख्नुपर्छ।
#व्यक्ति२#: मलाई थाहा छ, तर मैले यी प्रतिवेदनहरू आज राति नै सक्नुपर्छ। हाम्रो प्रबन्धकले भोलि बिहानको बैठकमा तिनीहरू प्रयोग गर्नुहुनेछ।
#व्यक्ति१#: तपाईंले कसैलाई सहयोग गर्न लगाउनुपर्थ्यो।
#व्यक्ति२#: हाम्रो कम्पनीमा सबैजना यति व्यस्त छन्। उनीहरू सबैसँग सम्हाल्नुपर्ने आफ्नै काम छ।
#व्यक्ति१#: पक्कै, त्यो सही हो। के म तपाईंलाई कुनै कुरामा सहयोग गर्न सक्छु?
#व्यक्ति२#: होइन, मलाई डर छ तपाईंले सक्नुहुन्न। टेलिभिजनको आवाज अलि कम गरिदिनुहोस् ताकि गीतहरूले मलाई बेला-बेलामा बाधा नपुर्‍याऊन्।
#व्यक्ति१#: हुन्छ, म गर्छु। मलाई आशा छ तपाईंले प्रतिवेदन चाँडै सक्नुहुनेछ र केही सुत्न पाउनुहुनेछ।
#व्यक्ति२#: चिन्ता नगर्नुहोस्। यसले मलाई धेरै समय लाग्ने छैन।",#व्यक्ति१# ले #व्यक्ति२# का लागि केही पानी तयार गर्छन् र #व्यक्ति२# लाई धेरै अबेरसम्म काम नगर्न भन्छन्। #व्यक्ति२# ले आज राति प्रतिवेदनहरू सक्नुपर्छ र #व्यक्ति१# लाई टेलिभिजनको आवाज कम गर्न भन्छन्।,work,"व्यक्ति१ ले व्यक्ति२ लाई चिया, कफी वा पानी खाने प्रस्ताव गर्छन्। व्यक्ति२ ले पानी लिन्छन् र आफ्नो स्वास्थ्यको ख्याल राख्न व्यक्ति१ ले दिएको सुझाव स्वीकार्छन्। व्यक्ति२ ले राति अबेरसम्म काम गर्नुपर्ने कारण बताउँछन्, किनकि उनीहरूले तयार पारेका प्रतिवेदनहरू भोलिको बैठकमा प्रयोग हुनेछन्। व्यक्ति१ ले सहयोग प्रस्ताव गर्छन्, तर व्यक्ति२ ले अस्वीकार गर्दै टेलिभिजनको आवाज कम गर्न अनुरोध गर्छन्। व्यक्ति१ ले आशा व्यक्त गर्छन् कि व्यक्ति२ चाँडै प्रतिवेदन सक्नेछन् र आराम गर्न पाउनेछन्।",स्वास्थ्यको ख्याल र कामको बोझ,Same Meaning,Different Meaning,Different Meaning,0.85,"The generated summary accurately represents the main ideas, facts, and entities from the dialogue, preserving the meaning of the reference summary. However, the generated topic 'स्वास्थ्यको ख्याल र कामको बोझ' (Health care and work burden) introduces a broader concept not explicitly stated in the dialogue or reference topic 'work'. While related, it is not the same as the reference topic, which focuses solely on work.",C,PC
train_4459,"#Person1#: There is a really good art competition in teens news.
 #Person2#: Isn't that the one that's on every year? You have to paint a picture of your family or your friends.
 #Person1#: This year it's a picture of the countryside.
 #Person2#: Can I enter then?
 #Person1#: Neither of us can. You're too old at 16.
 #Person2#: Isn't your younger sister good at art?
 #Person1#: Yes, she might like to enter.
 #Person2#: What does she draw with?
 #Person1#: Colored pencils mostly and sometimes oil paints. She hates using watercolors though.
 #Person2#: Look here, she won't be able to use oils in this competition.
 #Person1#: That's OK. She prefers colored pencils anyway.
 #Person2#: Oh, look at this. They're giving away some great prizes, a computer, a television and a camera among other things.
 #Person1#: Who gets the computer then? The winner?
 #Person2#: No, the computer and camera are the second prize. Strange! I thought the computer would be the best prize.
 #Person1#: Yes, but look at the size of this screen, 60 inches. That's much better than a computer.",#Person1# and #Person2# are too old for an art competition while #Person1#'s younger sister may have a try with colored pencils. Then they talk about the great prizes offered by the competition.,an art competition,"Person1 mentions a yearly art competition in teens news where participants must paint a picture of the countryside. Person2 asks if they can enter but learns they are too old (16). Person1 suggests their younger sister, who is good at art and uses colored pencils and oil paints, might enter. Person2 notes oils are not allowed, but Person1 confirms their sister prefers colored pencils. They then discuss the competition's prizes, including a computer, television, and camera, with the computer and camera being second prizes, while the best prize is a 60-inch television screen.","Discussion about an annual art competition and its rules, prizes, and eligibility",Same Meaning,Same Meaning,Same Meaning,0.98,"The generated summary accurately captures the main ideas, facts, and entities from the dialogue, including the art competition's rules (painting the countryside), eligibility (Person1 and Person2 are too old, but their sister may enter), materials (colored pencils, oil paints, watercolors), and prizes (computer, television, camera, with the television being the best prize). The generated topic correctly reflects the main subject of the dialogue, which is an annual art competition, and its additional aspects (rules, prizes, eligibility). No contradictions, omissions of critical facts, or introductions of extraneous information are present.","#व्यक्ति१#: किशोर समाचारमा एउटा निकै राम्रो कला प्रतियोगिता छ।
#व्यक्ति२#: के त्यो हरेक वर्ष हुने प्रतियोगिता होइन? तपाईंले आफ्नो परिवार वा साथीहरूको चित्र बनाउनुपर्छ।
#व्यक्ति१#: यस वर्ष यो ग्रामीण क्षेत्रको चित्र हो।
#व्यक्ति२#: त्यसो भए के म सहभागी हुन सक्छु?
#व्यक्ति१#: हामी दुवै सक्दैनौँ। तपाईं १६ वर्षको भएकाले धेरै उमेरको हुनुभयो।
#व्यक्ति२#: तपाईंकी कान्छी बहिनी चित्रकलामा राम्रो छैनिन्?
#व्यक्ति१#: हो, उनलाई सहभागी हुन मन पर्न सक्छ।
#व्यक्ति२#: उनी के प्रयोग गरेर चित्र बनाउँछिन्?
#व्यक्ति१#: प्रायः रंगीन पेन्सिल र कहिलेकाहीँ तेलरंग। तर उनलाई जलरंग प्रयोग गर्न मन पर्दैन।
#व्यक्ति२#: यहाँ हेर, उनले यो प्रतियोगितामा तेलरंग प्रयोग गर्न पाउने छैनिन्।
#व्यक्ति१#: त्यो ठीक छ। उनलाई रंगीन पेन्सिल नै मन पर्छ।
#व्यक्ति२#: ओहो, यो हेर। उनीहरूले कम्प्युटर, टेलिभिजन र क्यामेरालगायत केही उत्कृष्ट पुरस्कारहरू दिइरहेका छन्।
#व्यक्ति१#: त्यसो भए कम्प्युटर कसले पाउँछ? विजेताले?
#व्यक्ति२#: होइन, कम्प्युटर र क्यामेरा दोस्रो पुरस्कार हुन्। अनौठो! मैले कम्प्युटर नै सबैभन्दा राम्रो पुरस्कार होला भन्ने सोचेको थिएँ।
#व्यक्ति१#: हो, तर यो पर्दाको आकार हेर, ६० इन्च। त्यो कम्प्युटरभन्दा धेरै राम्रो छ।",#व्यक्ति१# र #व्यक्ति२# कला प्रतियोगिताका लागि धेरै उमेरका छन् भने #व्यक्ति१# की कान्छी बहिनीले रंगीन पेन्सिल प्रयोग गरेर सहभागी हुने प्रयास गर्न सक्छिन्। त्यसपछि उनीहरू प्रतियोगिताले दिने उत्कृष्ट पुरस्कारहरूबारे कुरा गर्छन्।,an art competition,,,Different Meaning,Different Meaning,Different Meaning,0,No summary generated.,C,I
train_6463,"#Person1#: What did you do over the weekend? 
 #Person2#: I went a global warming rally. It was fantastic to be around so many people who care about the environment. 
 #Person1#: Do you think there's anything we can do to reverse the damage that's been done already? 
 #Person2#: It might not be possible to fix the problems that we've created for ourselves, but there are lots of things we can do to prevent more damages from happening. 
 #Person1#: Like what? 
 #Person2#: Well, we can use public transport instead of taking our cars for a start. 
 #Person1#: What else can we do to protect the environment? 
 #Person2#: If you do have to drive, you should make sure that your car runs on unleaded petrol. Also, your home should use sources of renewable energy. 
 #Person1#: How about recycling? Does that actually help? 
 #Person2#: Yes. You should take your glass, paper, plastic, cardboard, and tin cans to a recycling center. 
 #Person1#: What do you think the biggest worry for our future is? 
 #Person2#: I think that the issue of greatest concern is having enough sources of clean water for everyone. 
 #Person1#: I had no idea you were such an environmentalist before! 
 #Person2#: To be honest, in order for the earth to continue to be a habitable place, we're all going to have to become more interested in the environment.","#Person2# thinks people need to do more, like using public transportation, using renewable energy, and recycling, to prevent more damages from happening so that the earth can continue to be a habitable place. #Person1# is surprised by #Person2#'s expertise.",protect the earth,"Person2 attended a global warming rally and discussed environmental concerns with Person1. They talked about actions to prevent further environmental damage, such as using public transport, using unleaded petrol, adopting renewable energy at home, and recycling. Person2 also expressed concern about the future lack of clean water sources.",Environmental conservation and actions to address global warming,Same Meaning,Same Meaning,Same Meaning,0.98,"The generated summary accurately captures the main ideas, actions discussed (public transport, unleaded petrol, renewable energy, recycling), and Person2's concern about clean water. The generated topic ('Environmental conservation and actions to address global warming') aligns with the reference topic ('protect the earth') and the dialogue's focus on environmental protection and global warming prevention. Minor differences in phrasing do not alter the meaning.","#व्यक्ति१#: तपाईंले सप्ताहन्तमा के गर्नुभयो?
#व्यक्ति२#: म विश्वव्यापी तापक्रम वृद्धिविरुद्धको र्‍यालीमा गएँ। वातावरणको ख्याल गर्ने यति धेरै मानिसहरूमाझ हुनु शानदार थियो।
#व्यक्ति१#: पहिले नै भइसकेको क्षतिलाई उल्टाउन हामीले केही गर्न सक्छौँ जस्तो लाग्छ?
#व्यक्ति२#: हामीले आफ्नै लागि सिर्जना गरेका समस्याहरू समाधान गर्न सम्भव नहुन सक्छ, तर थप क्षति हुनबाट रोक्न हामीले धेरै कुरा गर्न सक्छौँ।
#व्यक्ति१#: जस्तै के?
#व्यक्ति२#: सुरुमा, हामी आफ्नै गाडी चलाउनुको सट्टा सार्वजनिक यातायात प्रयोग गर्न सक्छौँ।
#व्यक्ति१#: वातावरण जोगाउन अरू के गर्न सक्छौँ?
#व्यक्ति२#: यदि गाडी चलाउनै पर्छ भने, तपाईंको गाडीमा सीसारहित पेट्रोल प्रयोग भएको सुनिश्चित गर्नुपर्छ। साथै, तपाईंको घरले नवीकरणीय ऊर्जाका स्रोतहरू प्रयोग गर्नुपर्छ।
#व्यक्ति१#: पुनर्चक्रणको बारेमा के? के त्यसले वास्तवमै सहयोग गर्छ?
#व्यक्ति२#: गर्छ। तपाईंले आफ्नो सिसा, कागज, प्लास्टिक, गत्ता र टिनका डब्बाहरू पुनर्चक्रण केन्द्रमा लैजानुपर्छ।
#व्यक्ति१#: हाम्रो भविष्यका लागि सबैभन्दा ठूलो चिन्ता के हो जस्तो लाग्छ?
#व्यक्ति२#: सबैका लागि पर्याप्त सफा पानीका स्रोतहरू हुनु नै सबैभन्दा ठूलो चिन्ताको विषय हो जस्तो लाग्छ।
#व्यक्ति१#: तपाईं वातावरणप्रेमी हुनुहुन्छ भन्ने मलाई पहिले थाहा नै थिएन!
#व्यक्ति२#: साँचो भन्नुपर्दा, पृथ्वीलाई बस्न योग्य स्थानको रूपमा निरन्तर राख्न हामी सबै वातावरणप्रति बढी चासो राख्ने हुनुपर्छ।","थप क्षति हुन नदिन र पृथ्वीलाई बस्न योग्य स्थानका रूपमा निरन्तर राख्न मानिसहरूले सार्वजनिक यातायात प्रयोग गर्ने, नवीकरणीय ऊर्जा प्रयोग गर्ने र पुनर्चक्रण गर्ने जस्ता थप कामहरू गर्न आवश्यक छ भन्ने #व्यक्ति२# को विचार छ। #व्यक्ति१# #व्यक्ति२# को विशेषज्ञताबाट आश्चर्यचकित हुन्छन्।",protect the earth,"व्यक्ति२ ले विश्वव्यापी तापक्रम वृद्धिविरुद्धको र्‍यालीमा सहभागिता जनाएको र वातावरण संरक्षणका लागि विभिन्न उपायहरू सुझाएको बताए। उनले सार्वजनिक यातायात प्रयोग, सीसारहित पेट्रोल प्रयोग, नवीकरणीय ऊर्जा प्रयोग, र पुनर्चक्रणलाई महत्वपूर्ण कदमका रूपमा प्रस्तुत गरे। साथै, सबैका लागि सफा पानीको उपलब्धता सबैभन्दा ठूलो चिन्ताको विषय रहेको बताए।",वातावरण संरक्षण र जलवायु परिवर्तन विरुद्धका उपायहरू,Same Meaning,Same Meaning,Same Meaning,0.98,"The generated summary accurately captures the main ideas from the dialogue, including the participation in the rally against global warming, the suggested measures for environmental protection (public transport, unleaded petrol, renewable energy, recycling), and the concern about clean water availability. The generated topic correctly reflects the focus on environmental conservation and measures against climate change, aligning with the dialogue's content. Minor differences in phrasing and structure do not alter the meaning.",C,C
train_1282,"#Person1#: OK, so are you ready to learn how to bake a cake?
 #Person2#: Almost, let me just put my apron on.
 #Person1#: OK, so the first thing we are going to do is pre-heat the oven, that way we have it at the desired temperature once we finish preparing everything. Set it to three hundred and seventy five degrees Fahrenheit.
 #Person2#: Got it.
 #Person1#: No we are gonna make the batter. Take some butter and sugar and mix it lightly until you have a nice consistency. Then add some vanilla extract and eggs and continue mixing.
 #Person2#: Do I have to use a whisk or can I use the electric mixer?
 #Person1#: Go ahead and use the mixer, but put it on medium speed. I'm gonna sift the flour and baking powder separately and then we can mix it with milk and the rest of the ingredients.
 #Person2#: OK, so now we need a baking pan right?
 #Person1#: Yeah, but grease and flour it first so the cake won't stick to it when it bakes.
 #Person2#: Done. So how long do we bake it for?
 #Person1#: We can leave it in there for about twenty five minutes. Then we let it cool for ten minutes before we remove the cake from the pan.
 #Person2#: Wow! This was a lot easier than I thought!","#Person1# teaches #Person2# how to bake a cake. The steps include pre-heating the oven, making the batter, mixing the ingredients, preparing the baking pan, and baking. #Person2# finds it was a lot easier than #Person2# thought.",bake a cake,"Person1 guides Person2 through the process of baking a cake, including preheating the oven to 375°F, preparing the batter by mixing butter, sugar, vanilla extract, and eggs, sifting flour and baking powder, and combining them with milk. They grease and flour a baking pan, bake the cake for 25 minutes, and let it cool for 10 minutes before removing it.",baking a cake,Same Meaning,Same Meaning,Same Meaning,0.98,"The generated summary accurately captures all key steps of baking a cake from the dialogue (preheating oven, preparing batter, mixing ingredients, preparing pan, baking time, cooling time) and maintains the same meaning as the reference summary. The generated topic 'baking a cake' is semantically identical to the reference topic 'bake a cake'. No important facts, entities, or steps were omitted or altered in meaning.","#व्यक्ति१#: ठीक छ, के तपाईं केक बनाउन सिक्न तयार हुनुहुन्छ?
#व्यक्ति२#: लगभग, मलाई एप्रोन लगाउन दिनुहोस्।
#व्यक्ति१#: ठीक छ, हामीले सबैभन्दा पहिले ओभनलाई पहिले नै तताउनुपर्छ, त्यसो गर्दा सबै कुरा तयार गरिसक्दा चाहिएको तापक्रममा पुगिसकेको हुन्छ। यसलाई ३७५ डिग्री फरेनहाइटमा राख्नुहोस्।
#व्यक्ति२#: बुझें।
#व्यक्ति१#: अब हामी घोल बनाउँछौँ। केही मक्खन र चिनी लिएर राम्रो स्थिरता नआउँदासम्म हल्का मिसाउनुहोस्। त्यसपछि भेनिला अर्क र अण्डा थपेर मिसाइरहनुहोस्।
#व्यक्ति२#: मैले फेट्ने उपकरण प्रयोग गर्नुपर्छ कि विद्युतीय मिक्सर प्रयोग गर्न सक्छु?
#व्यक्ति१#: मिक्सर प्रयोग गर्नुहोस्, तर मध्यम गतिमा राख्नुहोस्। म पिठो र बेकिङ पाउडर छुट्टाछुट्टै चाल्छु र त्यसपछि हामी त्यसलाई दूध र बाँकी सामग्रीसँग मिसाउन सक्छौँ।
#व्यक्ति२#: ठीक छ, अब हामीलाई केक पकाउने भाँडो चाहिन्छ, हैन?
#व्यक्ति१#: हो, तर पहिले त्यसमा घिउ लगाएर पिठो छर्कनुहोस् ताकि केक पाक्दा त्यसमा नटाँसियोस्।
#व्यक्ति२#: भयो। त्यसो भए हामीले कति समय पकाउने?
#व्यक्ति१#: हामी यसलाई करिब २५ मिनेट त्यहाँ राख्न सक्छौँ। त्यसपछि भाँडोबाट केक निकाल्नुअघि १० मिनेट चिसो हुन दिन्छौँ।
#व्यक्ति२#: वाह! मैले सोचेको भन्दा यो धेरै सजिलो रहेछ!","#व्यक्ति१# ले #व्यक्ति२# लाई केक कसरी बनाउने भनेर सिकाउँछन्। चरणहरूमा ओभन पहिले नै तताउने, घोल बनाउने, सामग्रीहरू मिसाउने, केक पकाउने भाँडो तयार गर्ने र पकाउने काम समावेश छन्। #व्यक्ति२# लाई यो आफूले सोचेको भन्दा धेरै सजिलो लागेको छ।",bake a cake,"दुई व्यक्तिबीच केक बनाउने प्रक्रिया सम्बन्धी संवाद भएको छ। पहिलो व्यक्तिले ओभन तताउने, घोल बनाउने, केक पकाउने भाँडो तयार गर्ने र पकाउने समय तथा विधि बताएका छन्। दोस्रो व्यक्तिले सोधेका प्रश्नहरूको जवाफ दिएका छन् र प्रक्रिया अवलोकन गरेका छन्।",केक बनाउने विधि र प्रक्रिया,Same Meaning,Same Meaning,Same Meaning,0.98,"The generated summary accurately captures the main idea of the dialogue, including the steps of baking a cake (preheating the oven, making the batter, preparing the baking pan, and baking time). It also correctly mentions the interaction between the two individuals and the second person's observation about the process being easier than expected. The generated topic 'केक बनाउने विधि र प्रक्रिया' correctly represents the main topic 'bake a cake' from the reference, as it refers to the method and process of making a cake. No contradictions, omissions of critical facts, or introductions of unrelated entities are present.",C,C
train_3421,"#Person1#: Hi, Mr. Smith. I'm Dr. Hawkins. Why are you here today?
 #Person2#: I thought it would be a good idea to get a check-up.
 #Person1#: Yes, well you haven't had one for. . . five years. You should have one every year.
 #Person2#: I know. I figure as long as there's nothing wrong, why go see the doctor?
 #Person1#: Well, the best way to avoid serious illnesses is to find out about them early. So, try to come at least once a year for your own good.
 #Person2#: O. K.
 #Person1#: Let me see here. Your eyes and ears look fine. Take a deep breath, please. Do you smoke, Mr. Smith?
 #Person2#: Yes.
 #Person1#: Smoking is the leading cause of lung cancer and heart disease, you know. You really should quit.
 #Person2#: I'Ve tried a hundred times, but I just can't seem to kick the habit.
 #Person1#: Well, we have classes and some medications that might help. I'll give you more information before you leave.
 #Person2#: O. K. , thanks, doctor.",Mr. Smith comes to have a check-up. Dr. Hawkins advises him to have one every year and recommends classes and some medications to help him quit smoking.,checking-up,"Dr. Hawkins advises Mr. Smith to get an annual medical check-up, as he hasn't had one in five years. During the examination, Dr. Hawkins notes that Mr. Smith's eyes and ears are fine but urges him to quit smoking, as it is the leading cause of lung cancer and heart disease. Mr. Smith admits to struggling with quitting and is offered help through classes and medications.",Medical check-up and smoking cessation advice,Same Meaning,Same Meaning,Same Meaning,0.98,"The generated summary accurately captures the main ideas of the dialogue, including Mr. Smith's delayed check-up, Dr. Hawkins' advice on annual check-ups, the discussion about smoking and its health risks, and the offer of help to quit. The generated topic correctly reflects the dual focus of the dialogue on medical check-ups and smoking cessation advice. No contradictions, omissions of critical facts, or introductions of extraneous information are present.","#व्यक्ति१#: नमस्कार, श्री स्मिथ। म डा. हकिन्स हुँ। तपाईं आज यहाँ किन आउनुभएको?
#व्यक्ति२#: स्वास्थ्य जाँच गराउनु राम्रो हुन्छ जस्तो लाग्यो।
#व्यक्ति१#: हो, तपाईंले... पाँच वर्षदेखि स्वास्थ्य जाँच गराउनुभएको छैन। तपाईंले हरेक वर्ष जाँच गराउनुपर्छ।
#व्यक्ति२#: मलाई थाहा छ। जबसम्म केही समस्या छैन, डाक्टरलाई भेट्न किन जानु भन्ने मलाई लाग्थ्यो।
#व्यक्ति१#: गम्भीर रोगबाट बच्ने उत्तम उपाय भनेको तिनलाई सुरुमै पत्ता लगाउनु हो। त्यसैले आफ्नो भलाइका लागि कम्तीमा वर्षमा एकपटक आउन प्रयास गर्नुहोस्।
#व्यक्ति२#: हुन्छ।
#व्यक्ति१#: ल, हेरौँ। तपाईंका आँखा र कान ठीक देखिन्छन्। कृपया गहिरो सास लिनुहोस्। श्री स्मिथ, तपाईं धूम्रपान गर्नुहुन्छ?
#व्यक्ति२#: हो।
#व्यक्ति१#: तपाईंलाई थाहा छ, धूम्रपान फोक्सोको क्यान्सर र मुटुरोगको प्रमुख कारण हो। तपाईंले साँच्चै छोड्नुपर्छ।
#व्यक्ति२#: मैले सयौँ पटक प्रयास गरेको छु, तर यो बानी छोड्न सकिरहेको छैन।
#व्यक्ति१#: ल, हामीसँग केही कक्षाहरू र केही औषधिहरू छन् जसले सहयोग गर्न सक्छन्। तपाईं जानुअघि म तपाईंलाई थप जानकारी दिनेछु।
#व्यक्ति२#: हुन्छ, धन्यवाद, डाक्टर।",श्री स्मिथ स्वास्थ्य जाँच गराउन आउँछन्। डा. हकिन्सले उनलाई हरेक वर्ष स्वास्थ्य जाँच गराउन सल्लाह दिन्छन् र धूम्रपान छोड्न सहयोग गर्न केही कक्षा तथा औषधिहरूको सिफारिस गर्छन्।,checking-up,"डा. हकिन्सले श्री स्मिथलाई पाँच वर्षपछि स्वास्थ्य जाँच गराउन आएको बताउँछन्। उनीहरूले नियमित स्वास्थ्य जाँचको महत्व, धूम्रपानका हानिकारक प्रभावहरू, र यसलाई छोड्ने उपायहरू बारे छलफल गर्छन्। डाक्टरले श्री स्मिथलाई धूम्रपान छोड्न सहयोग गर्ने कक्षाहरू र औषधिहरू बारे जानकारी दिने बताउँछन्।",स्वास्थ्य जाँच र धूम्रपान छोड्ने उपायहरू,Same Meaning,Same Meaning,Same Meaning,0.98,"The generated summary accurately reflects the main ideas of the dialogue, including the importance of regular health check-ups, the harmful effects of smoking, and the doctor's offer of assistance. The generated topic correctly identifies the main subject as health check-ups and smoking cessation methods, which aligns with the dialogue's content. No critical facts, entities, or meaning are altered or omitted.",C,C
train_11291,"#Person1#: How many holidays do you have in the U.S.?
 #Person2#: Er, I'm not quite sure. I just know some.
 #Person1#: For example?
 #Person2#: Mmm..., Mother's Day, National Day, Thanksgiving Day, Christmas Day, New Year's Day, and Valentine's Day.
 #Person1#: Not bad. When does its National Day come? And the Valentine's Day?
 #Person2#: The National Day comes on July 4th and the latter on February 14th.
 #Person1#: Talking of the National Day, who is the Father of the state? Benjamin Franklin or George Washington?
 #Person2#: George Washington, of course.
 #Person1#: Besides Washington, who else is regarded as a great president?
 #Person2#: Abraham Lincoln, I'm one hundred per cent sure.","#Person1# asks #Person2# some questions about the U.S., such as the holidays, the Father of the state, and the great president.",holidays,"Person1 asks Person2 about the number of holidays in the U.S. and requests examples. Person2 lists several holidays, including Mother's Day, National Day (July 4th), Thanksgiving Day, Christmas Day, New Year's Day, and Valentine's Day (February 14th). They also discuss U.S. presidents, identifying George Washington as the Father of the State and Abraham Lincoln as a great president.",Holidays and notable U.S. presidents,Same Meaning,Different Meaning,Same Meaning,0.98,"The generated summary accurately represents the main ideas, facts, entities, and subjects from the dialogue, preserving all important details. The generated topic ('Holidays and notable U.S. presidents') is broader than the reference topic ('holidays') but still correctly reflects the dialogue's content, as the dialogue discusses both holidays and U.S. presidents. The reference topic is overly narrow (only 'holidays'), while the generated topic captures the full scope of the dialogue.","#Person1#: अमेरिकामा कतिवटा बिदाहरू हुन्छन्? 
 #Person2#: अहँ, मलाई ठ्याक्कै थाहा छैन। मलाई केहीको मात्र जानकारी छ। 
 #Person1#: उदाहरणका लागि? 
 #Person2#: म्म... मदर्स डे (आमाको मुख हेर्ने दिन), राष्ट्रिय दिवस, थ्याङ्क्सगिभिङ डे, क्रिसमस डे, नयाँ वर्षको दिन र भ्यालेन्टाइन डे। 
 #Person1#: राम्रो छ। राष्ट्रिय दिवस कहिले पर्छ? अनि भ्यालेन्टाइन डे? 
 #Person2#: राष्ट्रिय दिवस जुलाई ४ मा पर्छ र भ्यालेन्टाइन डे फेब्रुअरी १४ मा। 
 #Person1#: राष्ट्रिय दिवसको कुरा गर्दा, राष्ट्रपिता (Father of the state) को हुन्? बेन्जामिन फ्र्याङ्कलिन कि जर्ज वासिङ्टन? 
 #Person2#: पक्कै पनि, जर्ज वासिङ्टन। 
 #Person1#: वासिङ्टनबाहेक अरू कसलाई महान् राष्ट्रपति मानिन्छ? 
 #Person2#: अब्राहम लिंकन; म यसमा शतप्रतिशत निश्चित छु।","#Person1# ले #Person2# लाई संयुक्त राज्य अमेरिकाबारे केही प्रश्नहरू सोध्छन्, जस्तै—चाडपर्वहरू, राष्ट्रपिता र महान् राष्ट्रपति।",holidays,"व्यक्तिहरू बीच अमेरिकामा मनाइने प्रमुख बिदाहरू र राष्ट्रिय दिवस तथा भ्यालेन्टाइन डे को मिति तथा अमेरिकाका महान् राष्ट्रपतिहरूबारे संवाद भएको छ। राष्ट्रिय दिवस जुलाई ४ मा पर्छ, भ्यालेन्टाइन डे फेब्रुअरी १४ मा, राष्ट्रपिता जर्ज वासिङ्टन हुन्, र अब्राहम लिंकनलाई पनि महान् राष्ट्रपति मानिन्छ।","अमेरिकाका प्रमुख बिदाहरू, राष्ट्रिय दिवस, राष्ट्रपतिहरू र तिनीहरूका महत्व",Same Meaning,Same Meaning,Same Meaning,0.98,"The generated summary accurately captures the main ideas of the dialogue, including the discussion about holidays in the US, their dates, and notable presidents like George Washington and Abraham Lincoln. The generated topic correctly refers to the same main topic (holidays) and includes related entities (national days, presidents, and their importance) without altering the meaning. The only minor difference is the expanded phrasing in the generated topic, which does not change the core concept.",C,C
train_9284,"#Person1#: Mr. Jones, shall we now discuss the packaging?
 #Person2#: Very well. You know, we have definite ways of packaging garments. As to blouses, we use a polythene wrapper for each article, all ready for window display.
 #Person1#: Good. A wrapping that catches the eye will certainly help push the sales. With competition from similar garments producers, the merchandise must not only be good value but also look attractive.
 #Person2#: Right you are. We'll see to it that the blouses appeal to the eye as well as to the purse.
 #Person1#: What about the outer packing?
 #Person2#: We'll pack them 10 dozens to one carton, gross weight around 25 kilos a carton.
 #Person1#: Cartons?
 #Person2#: Yes, corrugated cardboard boxes.
 #Person1#: Could you use wooden cases instead?
 #Person2#: Why use wooden cases?
 #Person1#: I'm afraid the cardboard boxes are not strong enough for such a heavy load.
 #Person2#: The cartons are comparatively light, and therefore easy to handle. They won't be stowed away with the heavy cargo. The stevedores will see to that. Besides, we'll reinforce the cartons with straps. Silk blouses are not fragile goods. They can stand a lot of jolting.
 #Person1#: Maybe you are right, but the goods are to be transhipped at Hamburg or London. If the boxes are moved about on an open wharf, the dampness or rain may get into them. This would make the blouses spotted or ruined.
 #Person2#: No need to worry about that. The cartons lined with plastic sheets are waterproof, and as the boxes are made of cardboard, they will be handled with care.
 #Person1#: Well, I don't want to take any chances. Besides, cartons are easy to cut open, and this increases the risk of pilferage.
 #Person2#: Tampering with cartons is easily detected. I should say that this rather discourages pilferage.
 #Person1#: Maybe so, but I'm afraid that in case of damage or pilferage, the insurance company will refuse compensation on the ground of improper packing, or packing unsuitable for sea voyage.
 #Person2#: But cartons are quite seaworthy. They are extensively used in our shipments to continental ports. There are never any complaints from our clients, and our insurance company has also approved such packing for W. P. A. and T. P. N. D.
 #Person1#: If you could guarantee compensation in case the insurance com - any refuses to honor a claim for faulty packing, we would be quite willing to accept cartons.
 #Person2#: I'm sorry, but we can't take on any responsibility that is beyond our functions and powers. We'll make sure that the packing is seaworthy, but we can't commit ourselves to being responsible for every kind of mishap.
 #Person1#: I can understand your position. Perhaps I'm asking too much.
 #Person2#: We'll use wooden cases if you insist, but the charge for packing will be considerably higher, and it also slows delivery.
 #Person1#: Well, I'll call you immediately for instructions on the matter.
 #Person2#: Please do. I'll be waiting for your reply.","#Person1# and #Person2# both think an attractive wrapping helps the sales. #Person2#'ll pack blouses in cartons but #Person1# is worried they might not be strong enough, might be pilfered, or can't be insured so #Person1# prefers wooden cases. #Person2# explains that cartons are quite seaworthy and discourages pilferage but #Person2# can't guarantee the compensation. #Person2# says wooden cases are more expensive and #Person1#'ll contact #Person2# soon.",discuss packing,"Person1 and Person2 discuss the packaging of blouses. Person2 explains their standard packaging methods, including polythene wrappers for individual blouses and corrugated cardboard cartons for outer packing (10 dozen per carton). Person1 expresses concerns about the strength, waterproofing, and security of cardboard cartons, suggesting wooden cases instead. Person2 argues that cartons are seaworthy, waterproof, and secure, with insurance approval, but cannot guarantee compensation for insurance claims. Person1 considers the options and agrees to decide later.",Discussion on packaging methods for blouses,Same Meaning,Same Meaning,Same Meaning,0.98,"The generated summary accurately captures the main ideas, facts, concerns, and entities from the dialogue, including the packaging methods, Person1's concerns (strength, waterproofing, security, insurance), Person2's arguments (seaworthiness, insurance approval, cost), and the agreement to decide later. The generated topic correctly reflects the main subject of the dialogue. No contradictions, omissions of critical facts, or introductions of extraneous information are present.","#Person1#: मिस्टर जोन्स, अब हामी प्याकेजिङको बारेमा छलफल गरौं?
 #Person2#: ठिकै छ। तपाईंलाई थाहा छ, हामीसँग लुगा प्याक गर्ने निश्चित तरिकाहरू छन्। ब्लाउजहरूको हकमा, हामी प्रत्येक वस्तुलाई पोलिथिन र्यापरमा राख्छौं, जुन झ्यालमा प्रदर्शन गर्न तयार हुन्छ।
 #Person1#: राम्रो। आँखामा पर्ने र्यापिङले अवश्य पनि बिक्री बढाउन मद्दत गर्छ। उस्तै खालका लुगा उत्पादकहरूसँग प्रतिस्पर्धा भएकाले, सामान राम्रो मूल्यको मात्र नभई आकर्षक पनि देखिनुपर्छ।
 #Person2#: तपाईं ठीक भन्नुहुन्छ। हामी सुनिश्चित गर्नेछौं कि ब्लाउजहरू आँखालाई मात्र होइन, खल्तीलाई पनि आकर्षक देखिऊन्।
 #Person1#: बाहिरी प्याकिङको बारेमा के भन्नुहुन्छ?
 #Person2#: हामी १० दर्जन ब्लाउज एउटा कार्टनमा प्याक गर्नेछौं, जसको कुल तौल करिब २५ किलो हुन्छ।
 #Person1#: कार्टन?
 #Person2#: हो, नालीदार कार्डबोर्ड बाकस।
 #Person1#: के तपाईं काठको बाकस प्रयोग गर्न सक्नुहुन्छ?
 #Person2#: काठको बाकस किन प्रयोग गर्ने?
 #Person1#: मलाई डर लाग्छ कि कार्डबोर्ड बाक्सहरू यति भारी भारका लागि पर्याप्त बलियो छैनन्।
 #Person2#: कार्टनहरू तुलनात्मक रूपमा हल्का हुन्छन्, त्यसैले चलाउन सजिलो हुन्छ। तिनीहरू भारी कार्गोसँगै राखिँदैनन्। स्टिभडोरहरूले त्यसको ध्यान राख्नेछन्। यसबाहेक, हामी कार्टनहरूलाई स्ट्र्यापले बलियो बनाउनेछौं। रेशमका ब्लाउजहरू नाजुक सामान होइनन्। तिनीहरू धेरै हल्लाइ-झुलाइ सहन सक्छन्।
 #Person1#: सायद तपाईं ठीक हुनुहुन्छ, तर सामानहरू ह्याम्बर्ग वा लन्डनमा ट्रान्ससिप हुनेछन्। यदि बाकसहरू खुला घाटमा सारिए भने, चिसोपन वा पानी पस्न सक्छ। यसले ब्लाउजहरूमा दाग लगाउन वा बिगार्न सक्छ।
 #Person2#: त्यसबारे चिन्ता लिनु पर्दैन। प्लास्टिक सिटले लाइन गरिएका कार्टनहरू पानी प्रतिरोधी हुन्छन्, र बाकसहरू कार्डबोर्डका भएकाले तिनीहरूलाई सावधानीपूर्वक ह्यान्डल गरिन्छ।
 #Person1#: खैर, म कुनै जोखिम लिन चाहन्न। यसबाहेक, कार्टनहरू सजिलै काट्न सकिन्छ, जसले चोरीको जोखिम बढाउँछ।
 #Person2#: कार्टनमा छेडछाड सजिलै पत्ता लाग्छ। म भन्छु कि यसले उल्टै चोरीलाई निरुत्साहित गर्छ।
 #Person1#: सायद त्यस्तै हो, तर मलाई डर लाग्छ कि क्षति वा चोरी भएमा बीमा कम्पनीले अनुचित प्याकिङ वा समुद्री यात्राका लागि अनुपयुक्त प्याकिङ भनेर क्षतिपूर्ति दिन अस्वीकार गर्न सक्छ।
 #Person2#: तर कार्टनहरू पूर्ण रूपमा समुद्री यात्राका लागि उपयुक्त छन्। हामीले युरोपेली बन्दरगाहहरूमा पठाउने धेरै सामानहरूमा यिनै प्रयोग गर्छौं। हाम्रा ग्राहकहरूबाट कहिल्यै कुनै गुनासो आएको छैन, र हाम्रो बीमा कम्पनीले पनि W.P.A. र T.P.N.D. का लागि यस्तो प्याकिङ स्वीकृत गरेको छ।
 #Person1#: यदि बीमा कम्पनीले खराब प्याकिङका कारण दाबी अस्वीकार गरेमा तपाईंले क्षतिपूर्तिको ग्यारेन्टी दिन सक्नुभयो भने, हामी कार्टन स्वीकार गर्न तयार छौं।
 #Person2#: माफ गर्नुहोस्, तर हामी हाम्रो अधिकार र जिम्मेवारीभन्दा बाहिरको कुनै जिम्मेवारी लिन सक्दैनौं। हामी प्याकिङ समुद्री यात्राका लागि उपयुक्त छ भनी सुनिश्चित गर्नेछौं, तर हरेक खालको दुर्घटनाका लागि जिम्मेवार हुन सक्दैनौं।
 #Person1#: म तपाईंको अवस्था बुझ्न सक्छु। सायद मैले धेरै मागेँ।
 #Person2#: यदि तपाईं जोड दिनुहुन्छ भने हामी काठको बाकस प्रयोग गर्नेछौं, तर प्याकिङको खर्च धेरै बढी हुनेछ, र डेलिभरी पनि ढिलो हुन्छ।
 #Person1#: ठिकै छ, म यसबारे निर्देशन लिन तुरुन्तै फोन गर्नेछु।
 #Person2#: कृपया गर्नुहोस्। म तपाईंको जवाफ पर्खिरहेको हुनेछु।","#Person1# र #Person2# दुवै आकर्षक र्यापिङले बिक्री बढाउँछ भन्ने सोच्छन्। #Person2# ब्लाउजहरू कार्टनमा प्याक गर्नेछन् तर #Person1# तिनीहरू पर्याप्त बलियो नहुन सक्ने, चोरी हुन सक्ने वा बीमा नहुन सक्ने चिन्ता गर्छन् त्यसैले काठको बाकस रुचाउँछन्। #Person2# कार्टनहरू समुद्री यात्राका लागि उपयुक्त छन् र चोरी निरुत्साहित गर्छन् भनी व्याख्या गर्छन् तर क्षतिपूर्तिको ग्यारेन्टी दिन सक्दैनन्। #Person2# काठको बाकस महँगो हुन्छ भन्छन् र #Person1# चाँडै सम्पर्क गर्नेछन्।",discuss packing,"व्यवसायीहरू बीच प्याकिङ विधिको बारेमा छलफल भएको छ। बाहिरी प्याकिङमा कार्टन प्रयोग गर्ने प्रस्ताव गरिएको थियो, तर भित्रि प्याकिङमा पारदर्शी र्यापिङ र बाहिरी कार्टनमा प्लास्टिक सिट प्रयोग गरिने बताइएको थियो। सुरक्षा, चोरीको जोखिम, र बीमा सम्बन्धी चिन्ताहरू उठाइएपछि अन्ततः काठको बाकस प्रयोग गर्ने निर्णय गरियो, तर यसले लागत र ढुवानी समय बढाउने भएकोले थप निर्देशनको लागि पर्खिने निर्णय भयो।",व्यापारिक प्याकिङ विधि र सुरक्षा सम्बन्धी छलफल,Same Meaning,Different Meaning,Same Meaning,0.98,"The generated summary accurately captures the main ideas, facts, entities (e.g., Person1, Person2, cartons, wooden boxes, plastic lining), and concerns (e.g., strength, theft, insurance) from the dialogue. The topic 'व्यापारिक प्याकिङ विधि र सुरक्षा सम्बन्धी छलफल' (Business packing methods and security discussion) is semantically close to 'discuss packing' but introduces additional focus on 'security' which is not explicitly the main topic of the dialogue (though security concerns are discussed). The reference topic is broader, while the generated topic is more specific.",C,C
train_3710,"#Person1#: How were things in the Tokyo branch when you were there?
 #Person2#: Good! They have expanded and are doing better than they were last quarter. It's nice to see some improvement for a change.
 #Person1#: Do you see the trend continuing over the next few months?
 #Person2#: Yes, especially with so many of our executives going back and forth from here to Japan. The only problem is, they may have trouble when they go to open up business here.
 #Person1#: Why would you say that?
 #Person2#: They aren't too familiar with doing business outside of Japan. There are a lot of cultural differences to account for.
 #Person1#: I'll say! Sometimes they just do things really differently. But one thing I can say, they are really hospitable.
 #Person2#: Have you ever been to Japan?
 #Person1#: Sure! I just got back yesterday. I'm still suffering from jet lag.","#Person2# tells #Person1# that the Tokyo branch #Person2# worked for has expanded and is doing better than before, but they have trouble doing business outside of Japan because of cultural differences.",the Tokyo branch,"Person1 asks Person2 about the situation in the Tokyo branch, to which Person2 responds positively, noting expansion and improvement. They discuss potential challenges for executives traveling to Japan due to cultural differences, despite Japan's hospitality. Person1 mentions recently visiting Japan and experiencing jet lag.",Discussion about the Tokyo branch's performance and cultural challenges for business in Japan,Same Meaning,Same Meaning,Same Meaning,0.98,"The generated summary accurately captures the main ideas of the dialogue, including the Tokyo branch's expansion, improvement, cultural challenges for business in Japan, and Person1's recent visit to Japan. The generated topic correctly identifies the main subject as the Tokyo branch's performance and cultural challenges, matching the reference topic. No contradictions, omissions of critical facts, or introductions of extraneous information are present.","#Person1#: तपाईं त्यहाँ हुँदा टोकियो शाखाको अवस्था कस्तो थियो? 
 #Person2#: राम्रो! उनीहरूले आफ्नो कार्यक्षेत्र विस्तार गरेका छन् र गत त्रैमासिकको तुलनामा अझ राम्रो गरिरहेका छन्। केही सुधार देख्न पाउनु सुखद कुरा हो। 
 #Person1#: के यो क्रम आगामी केही महिनासम्म पनि जारी रहने देख्नुहुन्छ? 
 #Person2#: हो, विशेष गरी हाम्रा धेरै कार्यकारीहरू यहाँ र जापानबीच ओहोरदोहोर गरिरहेकाले यस्तो देखिन्छ। एउटा मात्र समस्या के छ भने, यहाँ व्यवसाय सुरु गर्दा उनीहरूलाई कठिनाइ हुन सक्छ। 
 #Person1#: तपाईंले त्यसो किन भन्नुभयो? 
 #Person2#: उनीहरू जापानबाहिर व्यवसाय गर्ने कुरामा त्यति अभ्यस्त छैनन्। यसमा धेरै सांस्कृतिक भिन्नताहरूलाई ध्यानमा राख्नुपर्ने हुन्छ। 
 #Person1#: पक्कै पनि! कहिलेकाहीँ उनीहरू काम गर्ने तरिका साँच्चै फरक हुन्छ। तर एउटा कुरा भन्नैपर्छ, उनीहरू निकै आतिथ्यपूर्ण हुन्छन्। 
 #Person2#: के तपाईं कहिल्यै जापान जानुभएको छ? 
 #Person1#: अवश्य! म हिजो मात्र फर्किएँ। मलाई अझै 'जेट ल्याग' (लामो हवाई यात्रापछिको शारीरिक थकान) को असर महसुस भइरहेको छ।","#Person2# ले #Person1# लाई बताउँछन् कि आफूले काम गरेको टोकियो शाखा विस्तार भएको छ र पहिलेभन्दा राम्रो गरिरहेको छ, तर सांस्कृतिक भिन्नताका कारण जापानबाहिर व्यापार गर्न उनीहरूलाई कठिनाइ भइरहेको छ।",the Tokyo branch,"व्यक्तिहरूले टोकियो शाखाको हालको अवस्था र भविष्यको सम्भावनाबारे चर्चा गरेका छन्। टोकियो शाखाले कार्यक्षेत्र विस्तार गरेको र गत त्रैमासिकको तुलनामा राम्रो प्रदर्शन गरेको बताइएको छ। यसको मुख्य कारण जापान र यहाँका कार्यकारीहरूको ओहोरदोहोर रहेको छ। तर, जापानीहरू विदेशमा व्यवसाय गर्न कम अभ्यस्त भएकाले सांस्कृतिक भिन्नताका कारण केही कठिनाइ हुन सक्ने उल्लेख गरिएको छ। साथै, जापानीहरूको आतिथ्यपूर्ण व्यवहारको प्रशंसा गरिएको छ।","टोकियो शाखाको हालको अवस्था, सुधारका कारणहरू, र विदेशमा व्यवसाय गर्दा उत्पन्न हुन सक्ने चुनौतीहरू",Same Meaning,Same Meaning,Same Meaning,0.98,"The generated summary accurately captures the main ideas of the dialogue, including the expansion and improved performance of the Tokyo branch, the cultural challenges faced in international business, and the appreciation for Japanese hospitality. The generated topic correctly identifies the focus on the Tokyo branch's current status, reasons for improvement, and challenges in foreign business. Both the summary and topic preserve the original meaning without introducing contradictions or omitting critical information.",C,C
train_10881,"#Person1#: What a charming room! It faces south, and there's such a lovely view of the city.
 #Person2#: I'm glad you like it. The bell is on the bedside. Just ring if you want anything. The room attendant speaks a little English. So I don't think you'll have any trouble.
 #Person1#: No, I shouldn't think so. By the way, is there a socket for my razor?
 #Person2#: I think so. Here it is. It's by the basin.
 #Person1#: Is it a two-pin socket?
 #Person2#: Yes, it is.
 #Person1#: Good, I'Ve get a two-pin plug.",#Person1# arranges a well-equipped room for #Person2#. #Person2# likes it very much.,a charming room,"Person1 admires a south-facing hotel room with a city view. Person2 explains the room features, including a bell, English-speaking attendant, and a socket for Person1's razor. Person1 confirms the socket type matches their razor's plug.",Discussion about hotel room amenities and features,Different Meaning,Different Meaning,Different Meaning,0.3,"The generated summary incorrectly states that Person1 arranges a room for Person2, which contradicts the dialogue where Person2 is showing the room to Person1. The generated topic refers to hotel room amenities, which is a broader concept than the specific topic 'a charming room' in the reference. The summary omits key details like the room's charm and view, and introduces incorrect facts about who arranges the room.","#Person1#: कति राम्रो कोठा! यसको झ्याल दक्षिणतर्फ फर्केको छ र यहाँबाट सहरको दृश्य पनि निकै मनमोहक देखिन्छ। 
 #Person2#: तपाईंलाई यो मन परेकोमा मलाई खुसी लाग्यो। घण्टी ओछ्यानको छेउमा छ। केही चाहिएमा घण्टी बजाउनुहोला। कोठाको हेरचाह गर्ने कर्मचारीले अलि-अलि अंग्रेजी बोल्न जान्नुहुन्छ, त्यसैले तपाईंलाई कुनै समस्या नहोला। 
 #Person1#: हो, मलाई पनि त्यस्तै लाग्छ। एउटा कुरा, मेरो रेजरका लागि यहाँ सकेट छ? 
 #Person2#: छ जस्तो लाग्छ। ल हेर्नुहोस्, यहाँ बेसिनको छेउमा छ। 
 #Person1#: यो दुई-पिन (two-pin) भएको सकेट हो? 
 #Person2#: हो, त्यही हो। 
 #Person1#: राम्रो भयो, मसँग दुई-पिन भएको प्लग नै छ।",#Person1# ले #Person2# का लागि राम्रो सुविधायुक्त कोठा व्यवस्था गर्छन्। #Person2# लाई यो निकै मन पर्छ।,a charming room,"व्यक्तिले दक्षिणतर्फ फर्केको झ्याल र सहरको मनमोहक दृश्य भएको कोठा मन पराए। व्यक्तिले सो कोठाको सुविधाहरू (घण्टी, अंग्रेजी बोल्ने कर्मचारी, सकेट) बारे जानकारी लिए। साथै, व्यक्तिले свो रेजरका लागि सकेट उपलब्ध छ कि भनेर सोधे र दुई-पिन सकेट भएको पुष्टि गरे।",होटल वा आवासको कोठाको सुविधा र सुविधाहरूको बारेमा छलफल,Same Meaning,Different Meaning,Different Meaning,0.85,"The generated summary accurately captures the main idea, important facts, and entities from the dialogue, preserving the same meaning as the reference summary. However, the generated topic ('होटल वा आवासको कोठाको सुविधा र सुविधाहरूको बारेमा छलफल') is broader and less specific than the reference topic ('a charming room'), which focuses on the room's appeal rather than its facilities. The generated topic introduces additional context (hotel or accommodation) not explicitly mentioned in the dialogue, altering the core subject.",I,PC
train_4972,"#Person1#: What's on the box tonight, honey?
 #Person2#: Oh nothing much. There's Cartoon World at eight for an hour.
 #Person1#: Oh good.
 #Person2#: And then there's the football at nine twenty-five. I want to see that.
 #Person1#: Oh not again! Just a minute-what time does it finish? The last part of the detective play is on the other side at a quarter to eleven. I'd like to see that.
 #Person2#: Well, the football ends at eleven.
 #Person1#: You'll have to miss the last fifteen minutes then.
 #Person2#: You'll probably be asleep by then.
 #Person1#: No, I won't! Well, at least I can watch the news at nine.","#Person1# asks #Person2# what tonight's TV programs are. However, the two programs that they want to watch will clash.",TV programs,"Person1 and Person2 discuss their TV plans for the evening. Person2 mentions a cartoon show at 8 PM, a football match at 9:25 PM, and notes it will end at 11 PM. Person1 is interested in a detective play starting at 10:45 PM and checks the news at 9 PM.",TV schedule and viewing preferences,Same Meaning,Same Meaning,Same Meaning,0.98,"The generated summary accurately captures the main idea of the dialogue, including the TV programs mentioned (cartoon show, football match, detective play, and news) and the conflict between the programs. The generated topic ('TV schedule and viewing preferences') aligns with the reference topic ('TV programs') as it describes the same subject matter. No contradictions, omissions of critical facts, or introductions of extraneous information are present.","#Person1#: प्रिय, आज राति टिभीमा के छ?
 #Person2#: ओह, खासै केही छैन। आठ बजे एक घण्टाको कार्टुन वर्ल्ड छ।
 #Person1#: ओह राम्रो।
 #Person2#: अनि नव्वे पच्चीसमा फुटबल छ। म त्यो हेर्न चाहन्छु।
 #Person1#: ओह फेरि होइन! एक मिनेट—यो कहिले सकिन्छ? क्वार्टर टु इलेभेनमा अर्को च्यानलमा जासुसी नाटकको अन्तिम भाग छ। म त्यो हेर्न चाहन्छु।
 #Person2#: खैर, फुटबल एघार बजे सकिन्छ।
 #Person1#: त्यसपछि तपाईंले अन्तिम पन्ध्र मिनेट छुटाउनुपर्नेछ।
 #Person2#: तपाईं त्यसबेलासम्म सुतिसक्नुहुनेछ।
 #Person1#: होइन, म सुतिनँ! खैर, कम्तीमा म नव्वे बजे समाचार हेर्न सक्छु।",#Person1# ले #Person2# लाई आज रातिको टिभी कार्यक्रम सोध्छन्। तर उनीहरूले हेर्न चाहेका दुई कार्यक्रमहरू एकै समयमा पर्छन्।,TV programs,व्यक्तिहरूले रातिको टिभी कार्यक्रमको बारेमा कुराकानी गरेका छन्। एउटा व्यक्तिले कार्टुन र फुटबल हेर्न चाहेको बताए भने अर्को व्यक्तिले जासुसी नाटक हेर्न चाहेको बताए। फुटबल एघार बजे सकिने र जासुसी नाटक क्वार्टर टु इलेभेनमा सुरु हुने भएकाले कार्यक्रमहरूको समय मिलाउन गाह्रो भएको छ।,टिभी कार्यक्रमहरूको समय मिलान र रुचिको विषयमा भएको संवाद,Same Meaning,Same Meaning,Same Meaning,0.98,"The generated summary accurately reflects the main idea of the dialogue, mentioning the two conflicting TV programs (cartoon, football, and spy drama) and their timings. The generated topic correctly identifies the subject as TV program scheduling and preferences, which aligns with the reference topic 'TV programs' while adding relevant context. No contradictions or omissions of important facts are present.",C,C
train_247,"#Person1#: Excuse me. What should I wear if I want to go to an interview?
 #Person2#: You should wear a tie to go with your suit.
 #Person1#: I am afraid I would tense up during the interview.
 #Person2#: It doesn't matter. Just do your best to sell yourself.",#Person2# advises #Person1# to wear a tie with a suit and do the best in an interview.,an interview,"Person1 asks Person2 for advice on what to wear to an interview, and Person2 suggests wearing a tie with a suit, encouraging Person1 to do their best.",advice on interview attire and preparation,Same Meaning,Same Meaning,Same Meaning,0.98,"The generated summary accurately reflects the main idea of the dialogue, preserving important facts (wearing a tie with a suit, doing one's best) and entities (Person1, Person2). The generated topic correctly identifies the main subject (interview attire and preparation) without contradicting or omitting critical information. The slight expansion in the topic ('and preparation') aligns with the dialogue's context of encouragement and advice.","#Person1#: माफ गर्नुहोस्। यदि म अन्तर्वार्तामा जान चाहन्छु भने के लगाउनुपर्छ?
 #Person2#: तपाईंले सुटसँग टाइ लगाउनुपर्छ।
 #Person1#: मलाई डर लाग्छ कि अन्तर्वार्तामा म तनावमा पर्न सक्छु।
 #Person2#: कुनै कुरा छैन। आफूलाई बेच्न जति सक्नुहुन्छ उत्तिकै प्रयास गर्नुहोस्।",#Person2# ले #Person1# लाई सुटसँग टाइ लगाउन र अन्तर्वार्तामा उत्कृष्ट प्रयास गर्न सल्लाह दिन्छन्।,an interview,"व्यक्तिले अन्तर्वार्तामा जानका लागि कस्तो पोशाक लगाउनुपर्छ भनेर सोधेका छन्। जवाफमा सुट र टाइ लगाउन सुझाव दिइएको छ। साथै, अन्तर्वार्तामा तनाव नलिन र आफूलाई राम्रोसँग प्रस्तुत गर्न प्रोत्साहन गरिएको छ।",अन्तर्वार्तामा उपयुक्त पोशाक र आत्मविश्वासका साथ प्रस्तुत हुनुपर्ने महत्व,Same Meaning,Different Meaning,Different Meaning,0.85,"The generated summary accurately represents the main idea, important facts, and entities from the dialogue, matching the reference summary's meaning. However, the generated topic ('अन्तर्वार्तामा उपयुक्त पोशाक र आत्मविश्वासका साथ प्रस्तुत हुनुपर्ने महत्व') introduces additional concepts (e.g., 'आत्मविश्वास') not explicitly present in the dialogue or reference topic ('an interview'). While the topic is thematically related, it expands beyond the original scope, making it a different meaning.",C,PC
train_396,"#Person1#: Hello, is Jack there?
 #Person2#: Speaking.
 #Person1#: Jack! It's Rose here.
 #Person2#: Hi, Rose. How's everything?
 #Person1#: Fine, thanks. I'm having several friends over for dinner this Saturday. And I was wondering if you have the time to join us.
 #Person2#: Sounds good. What time do you want me to come?
 #Person1#: Is six o'clock okay?",Rose calls Jack and invites him for dinner this Saturday.,dinner invitation,Rose invites Jack to a dinner gathering at her place this Saturday at six o'clock.,invitation to a dinner gathering,Same Meaning,Same Meaning,Same Meaning,0.98,"The generated summary accurately captures the main idea of Rose inviting Jack to dinner this Saturday at six o'clock, preserving all key details (people, event, time). The generated topic ('invitation to a dinner gathering') aligns with the reference topic ('dinner invitation') and the dialogue's core concept. Minor phrasing differences (e.g., 'gathering at her place') do not alter the meaning.","#Person1#: हेलो, ज्याक त्यहाँ हुनुहुन्छ?
 #Person2#: बोल्दैछु।
 #Person1#: ज्याक! म रोज हुँ।
 #Person2#: हाइ, रोज। सबै ठिक छ?
 #Person1#: राम्रो छ, धन्यवाद। यो शनिबार म केही साथीहरूलाई डिनरमा बोलाउँदैछु। र म सोच्दै थिएँ कि तपाईंलाई हामीसँग सामेल हुने समय छ कि छैन।
 #Person2#: राम्रो लाग्छ। मलाई कति बजे आउन भन्नुहुन्छ?
 #Person1#: छ बजे ठिक छ?",रोजले ज्याकलाई फोन गरेर यो शनिबार डिनरमा निम्तो दिन्छिन्।,dinner invitation,रोजले ज्याकलाई शनिबार छ बजे आफ्नो घरमा डिनरमा सामेल हुन निम्तो दिएकी छिन्। ज्याकले पनि सहमत जनाएको छ।,डिनरमा सामेल हुनको लागि निम्तो,Same Meaning,Same Meaning,Same Meaning,0.98,"The generated summary accurately represents the main idea of the dialogue by stating that Roj invited Jack to dinner on Saturday at 6 PM and that Jack agreed. The generated topic correctly identifies the main topic as an invitation to join dinner. Both preserve all important facts, entities (Roj, Jack, Saturday, 6 PM, dinner), and the meaning of the dialogue without introducing or omitting critical information.",C,C
train_538,"#Person1#: Excuse me, is this the Auto Consumer Loan Center?
 #Person2#: Yes. Is there anything I can do for you?
 #Person1#: Could you tell me something about the terms and interest rates for personal automobile consumer loan?
 #Person2#: The deadline is normally no more than 5 years with the interest adopted according to the corresponding lending rates announced by the PBC.
 #Person1#: I plan to take the loan for 3 years.
 #Person2#: Well, the yearly interest rate is 5.49 % for 3 years. I'm sure you are qualified to apply for this loan.
 #Person1#: What about the loan repayment?
 #Person2#: You may choose a repayment pattern by consulting with our bank, for example, payment of equal amount of principal or of principal and interest on monthly installments.
 #Person1#: Does that mean I should deposit sufficient money to my account prior to the monthly payment date so that you can directly deduct the repayment of the principal and interest?
 #Person2#: Exactly. You are permitted to effect and early payment in part or in full with the consent of our bank.
 #Person1#: That's very thoughtful of you. Thank you so much.
 #Person2#: You're welcome.","#Person1# asks #Person2# the terms and interest rates for a personal automobile loan. #Person1# plans to take the loan for 3 years, and #Person2# explains the repayment pattern to #Person1#.",automobile consumer loan,"Person1 inquires about the terms and interest rates for a personal automobile consumer loan at the Auto Consumer Loan Center. Person2 explains that the loan term is up to 5 years, with interest rates based on PBC announcements. For a 3-year loan, the yearly interest rate is 5.49%. Person2 also details repayment options, including monthly installments of equal principal or principal and interest, and mentions the possibility of early repayment with bank consent.",Inquiry about personal automobile consumer loan terms and interest rates,Same Meaning,Same Meaning,Same Meaning,0.98,"The generated summary accurately captures the main ideas of the dialogue, including the inquiry about loan terms, interest rates, repayment options, and early payment possibilities. The generated topic correctly identifies the main subject as an inquiry about personal automobile consumer loan terms and interest rates, matching the reference topic 'automobile consumer loan' in meaning. No contradictions, omissions of critical facts, or introductions of extraneous information are present.","#Person1#: माफ गर्नुहोस्, के यो अटो कन्ज्युमर लोन सेन्टर हो?
 #Person2#: हो। म तपाईंलाई कसरी सहयोग गर्न सक्छु?
 #Person1#: के तपाईं मलाई व्यक्तिगत अटोमोबाइल कन्ज्युमर लोनको सर्त र ब्याजदरबारे केही बताउन सक्नुहुन्छ?
 #Person2#: सामान्यतया अवधि ५ वर्षभन्दा बढी हुँदैन र ब्याज पीबीसीले घोषणा गरेको सम्बन्धित ऋण दरअनुसार लागू हुन्छ।
 #Person1#: म ३ वर्षका लागि ऋण लिन चाहन्छु।
 #Person2#: खैर, ३ वर्षका लागि वार्षिक ब्याजदर ५.४९% छ। म पक्का छु कि तपाईं यो ऋणका लागि योग्य हुनुहुन्छ।
 #Person1#: ऋण भुक्तानीको बारेमा के भन्नुहुन्छ?
 #Person2#: तपाईं हाम्रो बैंकसँग परामर्श गरेर भुक्तानी तरिका छान्न सक्नुहुन्छ, जस्तै मासिक किस्तामा समान मूलधन वा मूलधन र ब्याज दुवैको भुक्तानी।
 #Person1#: के यसको मतलब म मासिक भुक्तानी मितिअघि आफ्नो खातामा पर्याप्त पैसा जम्मा गर्नुपर्छ ताकि तपाईंले सिधै मूलधन र ब्याज कट्टी गर्न सक्नुहोस्?
 #Person2#: बिल्कुल। तपाईं हाम्रो बैंकको सहमतिमा आंशिक वा पूर्ण रूपमा अग्रीम भुक्तानी गर्न पनि सक्नुहुन्छ।
 #Person1#: त्यो निकै विचारशील छ। धेरै धन्यवाद।
 #Person2#: स्वागत छ।","#Person1# ले #Person2# लाई व्यक्तिगत अटोमोबाइल ऋणको सर्त र ब्याजदर सोध्छन्। #Person1# ३ वर्षका लागि ऋण लिन चाहन्छन्, र #Person2# ले भुक्तानी तरिका व्याख्या गर्छन्।",automobile consumer loan,"व्यक्तिले अटो कन्ज्युमर लोन सेन्टरमा गएर व्यक्तिगत अटोमोबाइल कर्जाको सर्त र ब्याजदरबारे जानकारी लिए। ३ वर्षको अवधिको लागि वार्षिक ५.४९% ब्याजदर तोकिएको थियो। ऋण भुक्तानीको तरिका, मासिक किस्ता, र अग्रीम भुक्तानीको सुविधा पनि обговорित भयो।","व्यक्तिगत अटोमोबाइल कर्जाको सर्त, ब्याजदर, र भुक्तानी प्रक्रिया सम्बन्धी जानकारी",Same Meaning,Same Meaning,Same Meaning,0.98,"The generated summary accurately captures the main idea of the dialogue, including the query about loan terms and interest rates, the 3-year loan duration, the 5.49% annual interest rate, and the discussion on repayment methods (monthly installments, principal and interest payments, and prepayment options). The generated topic correctly identifies the subject as 'personal automobile loan terms, interest rates, and repayment process information,' which aligns with the reference topic 'automobile consumer loan' and the dialogue's content. No contradictions, omissions of critical facts, or introductions of extraneous information are present.",C,C
train_2210,"#Person1#: Hi, Anna. I haven't seen you for ages. Where have you been?
 #Person2#: I'Ve been away on holidays for sometime.
 #Person1#: No wonder I haven't seen you recently. Where did you spend your holidays?
 #Person2#: I went with my husband. Our first stop was Bangkok. We stayed there for 5 days. Then we flew to Hong Kong, stopover for 3 days. Our last stop was China. We visited the Great Wall.
 #Person1#: You must have a wonderful time.
 #Person2#: Yes. We enjoyed ourselves very much. Have you traveled much, Luke?
 #Person1#: No, my wife doesn't like traveling. We haven't been traveling for more than ten years. The first time we traveled together was in 1978 when we just got married. We spent our honeymoon in the Alps.
 #Person2#: Oh, I see. Yeah. Some people like traveling, some don't. My husband didn't like traveling at first, either. He said what's the use of traveling? A waste of money and a waste of time. At last I got him on the move. After all, he loved me. We went to Bali, Indonesia, one of the most beautiful places in the world. That trip left a very deep impression on him. Since then whenever we have holidays and money, we'd like to patronize the travel agency. Isn't it a bit dull to shut yourself at one place all your life?","Anna went to Bangkok, Hong Kong and China with her husband, while Luke hasn't traveled for long because his wife doesn't like traveling. Anna's husband doesn't like traveling at first but then the trips left a deep impression on him so he loves traveling now.",travel,"Person1 asks Person2 about her recent absence and holidays. Person2 describes her trip with her husband to Bangkok, Hong Kong, and China, including visiting the Great Wall. Person1 shares that he hasn't traveled much due to his wife's dislike for it, recalling their honeymoon in the Alps in 1978. Person2 mentions her husband initially disliked traveling but changed his mind after visiting Bali, and now they frequently travel together.",travel experiences and personal preferences regarding travel,Same Meaning,Different Meaning,Different Meaning,0.9,"The generated summary accurately preserves all key facts, entities (e.g., Bangkok, Hong Kong, China, Great Wall, Alps, Bali), and the main idea of the dialogue, including the contrast between Anna's and Luke's travel experiences. However, the generated topic ('travel experiences and personal preferences regarding travel') introduces additional concepts ('personal preferences regarding travel') not explicitly present in the reference topic ('travel') or the dialogue's primary focus. While the generated topic is semantically related, it is not a direct match to the reference topic's simplicity and specificity.","#Person1#: हाइ, आना। म तपाईंलाई धेरै दिनदेखि देखेको छैन। कहाँ हुनुहुन्थ्यो?
 #Person2#: म केही समय छुट्टीमा गएको थिएँ।
 #Person1#: अनि त मलाई हालसालै तपाईं देखिएन। तपाईंले छुट्टी कहाँ बिताउनुभयो?
 #Person2#: म श्रीमानसँग गएँ। हाम्रो पहिलो रोकाव ब्याङ्कक थियो। हामी त्यहाँ ५ दिन बस्यौं। त्यसपछि हङकङ उड्यौं, ३ दिन रोकियौं। अन्तिम रोकाव चीन थियो। हामीले ग्रेट वाल घुम्यौं।
 #Person1#: तपाईंहरूले अवश्य रमाइलो गर्नुभयो होला।
 #Person2#: हो। हामी धेरै रमाइलो गर्‍यौं। ल्युक, तपाईं धेरै यात्रा गर्नुभएको छ?
 #Person1#: होइन, मेरी श्रीमतीलाई यात्रा मन पर्दैन। हामी दस वर्षभन्दा बढी यात्रा गरेका छैनौं। हामीले पहिलो पटक १९७८ मा विवाह गरेलगत्तै यात्रा गरेका थियौं। हामीले हनिमुन आल्प्समा बितायौं।
 #Person2#: ओहो, बुझेँ। हो। कसैलाई यात्रा मन पर्छ, कसैलाई पर्दैन। मेरो श्रीमानलाई सुरुमा यात्रा मन पर्दैनथ्यो। उहाँ भन्नुहुन्थ्यो यात्राको के काम? पैसा र समयको बर्बादी। अन्तमा मैले उहाँलाई हिँडाएँ। आखिर उहाँले मलाई माया गर्नुहुन्थ्यो। हामी बाली, इन्डोनेसिया गयौं, संसारका सबैभन्दा सुन्दर ठाउँहरूमध्ये एक। त्यो यात्राले उहाँमा गहिरो छाप छोड्यो। त्यसपछि जब छुट्टी र पैसा हुन्छ, हामी ट्राभल एजेन्सी जान चाहन्छौं। जीवनभर एउटै ठाउँमा बसेर बस्नु अलि नीरस हुँदैन र?","आना श्रीमानसँग ब्याङ्कक, हङकङ र चीन गइन्, जबकि ल्युकको श्रीमतीलाई यात्रा मन नपर्ने भएकाले उनी लामो समयदेखि यात्रा गरेका छैनन्। आनाका श्रीमानलाई सुरुमा यात्रा मन पर्दैनथ्यो तर पछि यात्राले गहिरो छाप छोडेपछि उहाँलाई यात्रा मन पर्न थाल्यो।",travel,"व्यक्तिहरूले आफ्नो यात्रा अनुभव साटासाट गरेका छन्। पहिलो व्यक्तिले श्रीमतीलाई यात्रा मन नपर्ने र उनीहरूले १९७८ मा मात्रै हनिमुनमा आल्प्स गएको बताए। दोस्रो व्यक्तिले श्रीमानसँग ब्याङ्कक, हङकङ र चीनको यात्रा गरेको र ग्रेट वाल घुमेको बताइन्। उनले श्रीमानलाई सुरुमा यात्रा मन नपरे पनि पछि बालीको यात्राले उनलाई परिवर्तन गरेको बताइन्।",यात्रा अनुभव र व्यक्तिको यात्राप्रतिको धारणामा परिवर्तन,Same Meaning,Same Meaning,Same Meaning,0.98,"The generated summary accurately captures the main ideas of the dialogue, including Anna's travel to Bangkok, Hong Kong, and China with her husband, Luke's lack of travel due to his wife's disinterest, and the change in Anna's husband's attitude toward travel after visiting Bali. The generated topic 'यात्रा अनुभव र व्यक्तिको यात्राप्रतिको धारणामा परिवर्तन' correctly reflects the main topic of travel and changing perceptions about it. Minor differences in phrasing and structure do not alter the meaning.",PC,C
train_11405,"#Person1#: Welcome to IBA. Can I help you?
 #Person2#: Yes, please. I'm here for an International Settlement. Our company has to effect payment, and it needs to be done today. Here's the advice slip for the payment.
 #Person1#: Thanks. I'm sorry to say that you need to get this stamped. There is no stamp on this slip and it is essential before I can process it for you.
 #Person2#: I see. So, I need to stamp it. And sign it too?
 #Person1#: Yes, that's right. Down here, at the bottom right hand corner to show that you agree to pay the printed amount.
 #Person2#: I'll go back to the office and get it sorted and pop back later. Thanks, bye for now.",#Person1# tells #Person2# #Person2# needs a stamp and a sign on the advice slip to make the payment so #Person2# will come back later with everything sorted.,International Settlement,Person2 visits IBA to process an International Settlement payment but is informed by Person1 that the payment slip requires a stamp and their signature before it can be processed. Person2 agrees to return after getting the slip stamped and signed.,Processing an International Settlement payment at IBA,Same Meaning,Same Meaning,Same Meaning,0.98,"The generated summary accurately captures the main idea of the dialogue, including the need for a stamp and signature on the payment slip, and Person2's intention to return later. The generated topic correctly identifies the main subject as the processing of an International Settlement payment at IBA. Both the summary and topic preserve all important facts, entities, and meaning from the original dialogue and reference.","#Person1#: आईबीएमा स्वागत छ। म तपाईंलाई सहयोग गर्न सक्छु?
 #Person2#: हो, कृपया। म अन्तर्राष्ट्रिय सेटलमेन्टका लागि आएको छु। हाम्रो कम्पनीले भुक्तानी गर्नुपर्छ, र आजै गर्नुपर्छ। यहाँ भुक्तानीको एडभाइस स्लिप छ।
 #Person1#: धन्यवाद। माफ गर्नुहोस्, यसमा छाप लगाउनुपर्छ। यस स्लिपमा छाप छैन र म यसलाई प्रोसेस गर्नुअघि यो आवश्यक छ।
 #Person2#: बुझेँ। त्यसैले मलाई छाप लगाउनुपर्छ। र साइन पनि?
 #Person1#: हो, ठीक छ। तल दायाँ कुनामा, छापिएको रकम तिर्न सहमत भएको देखाउन।
 #Person2#: म अफिस फर्केर मिलाएर पछि आउँछु। धन्यवाद, अहिलेलाई बाइ।",#Person1# ले #Person2# लाई भुक्तानीका लागि एडभाइस स्लिपमा छाप र साइन चाहिन्छ भन्छन् त्यसैले #Person2# सबै मिलाएर पछि आउनेछन्।,International Settlement,आईबीएमा आएका व्यक्तिले अन्तर्राष्ट्रिय सेटलमेन्टका लागि भुक्तानीको एडभाइस स्लिप प्रस्तुत गरे। आईबीएका कर्मचारीले स्लिपमा छाप र हस्ताक्षर आवश्यक रहेको बताए। व्यक्तिले अफिस गएर मिलाएर फर्कने र त्यसपछि प्रक्रिया अगाडि बढाउने बताए।,अन्तर्राष्ट्रिय भुक्तानी प्रक्रिया सम्बन्धी सहयोग र आवश्यक कागजी प्रक्रिया,Same Meaning,Same Meaning,Same Meaning,0.98,"The generated summary accurately captures the main idea of the dialogue, including the need for a stamp and signature on the advice slip for international settlement payment, as well as the person's plan to return after fixing it. The generated topic correctly identifies the main subject as 'International Settlement' and expands it to include related processes, which aligns with the dialogue's context. No contradictions, omissions of critical facts, or introductions of unrelated entities are present.",C,C
train_10362,"#Person1#: Hey, Jane. . . are you familiar with our company's insurance policies?
 #Person2#: Umm. . . I think so. What's up?
 #Person1#: I've never really paid attention to the fine print of our insurance policies. . . but it looks like I'm going to need to make a claim.
 #Person2#: Really? Are you OK?
 #Person1#: I have a slipped disc in my lower back and the doctor says surgery is probably the best option. Does our worker insurance cover this kind of thing?
 #Person2#: If the injury is workplace related I'm sure it's completely covered.
 #Person1#: Hummum. . . I think I'll have to talk to the doctor again about that. Anyway. . . now that I'm going to have to make some claims, I think I'd better try and understand how the system works. Would you mind breaking it down for me?
 #Person2#: Sure. Basically we have two insurance policies for employees. . . workman's compensation and medical insurance. The company pays the premiums for workman's compensation, and for a significant part of the medical coverage, but you pay part of that premium, too.
 #Person1#: That's the charge for insurance I see on my pay slip each month, right?
 #Person2#: Yep. Every country in the world has a different system, but here we buy insurance from a private provider.
 #Person1#: So workman's compensation is if I slip and break my arm while working in the office or on the job, right?
 #Person2#: That's right. The company pays for all your medical bills and there is also some financial compensation if you have to take days off to see doctors or spend time recuperating.","#Person1# has a slipped disc in #Person1#'s lower back so #Person1# asks Jane about their company's insurance policies. Jane introduces the insurance system and tells #Person1# if #Person1#'s injury is workplace related, then it's completely covered.",company's insurance policies,"Person1 asks Person2 about the company's insurance policies after discovering they need to make a claim due to a slipped disc injury. Person2 explains that workman's compensation covers workplace injuries, while medical insurance covers other medical expenses, with the company paying most premiums but Person1 contributing to medical insurance costs.",Discussion about company insurance policies and making a claim for a workplace-related injury,Same Meaning,Same Meaning,Same Meaning,0.98,"The generated summary accurately captures the main idea of the dialogue, including Person1's slipped disc injury, the need to make a claim, and Person2's explanation of workman's compensation covering workplace injuries while medical insurance covers other expenses. The generated topic correctly identifies the discussion about company insurance policies and making a claim for a workplace-related injury, matching the reference topic's core concept. No contradictions, omissions of critical facts, or introductions of extraneous information are present.","#Person1#: हे, जेन... के तपाईं हाम्रो कम्पनीको बीमा नीतिहरूसँग परिचित हुनुहुन्छ?
 #Person2#: उम्म... मलाई लाग्छ। के भयो?
 #Person1#: मैले वास्तवमा हाम्रो बीमा नीतिको साना अक्षर कहिल्यै ध्यान दिएको थिइनँ... तर मलाई दाबी गर्न आवश्यक देखिन्छ।
 #Person2#: साँच्चै? तपाईं ठिक हुनुहुन्छ?
 #Person1#: मेरो तल्लो ढाडमा डिस्क सर्लिएको छ र डाक्टर भन्छन् शल्यक्रिया नै उत्तम विकल्प हुनसक्छ। के हाम्रो वर्कर इन्स्योरेन्सले यस्तो कुरा कभर गर्छ?
 #Person2#: यदि चोट कामसँग सम्बन्धित छ भने म पक्का छु कि पूर्ण रूपमा कभर हुन्छ।
 #Person1#: हम्म... मलाई लाग्छ म त्यसबारे डाक्टरसँग फेरि कुरा गर्नुपर्नेछ। जे होस्... अब म दाबी गर्नुपर्ने भएकाले, म प्रणाली कसरी काम गर्छ बुझ्न चाहन्छु। के तपाईं मलाई व्याख्या गर्न सक्नुहुन्छ?
 #Person2#: अवश्य। मूलतः कर्मचारीहरूका लागि दुई बीमा नीति छन्... वर्कम्यान कम्पेन्सेसन र मेडिकल इन्स्योरेन्स। कम्पनीले वर्कम्यान कम्पेन्सेसनको प्रिमियम तिर्छ, र मेडिकल कभरेजको ठूलो भाग पनि, तर तपाईं पनि त्यस प्रिमियमको केही भाग तिर्नुहुन्छ।
 #Person1#: त्यो नै मेरो पे स्लिपमा हरेक महिना देखिने बीमाको शुल्क हो, होइन?
 #Person2#: हो। संसारका हरेक देशमा फरक प्रणाली छ, तर यहाँ हामी निजी प्रदायकबाट बीमा किन्छौं।
 #Person1#: त्यसैले वर्कम्यान कम्पेन्सेसन भनेको यदि म अफिसमा वा काम गर्दा चिप्लिएर हात भाँचें भने हो, होइन?
 #Person2#: ठीक छ। कम्पनीले तपाईंको सबै मेडिकल बिल तिर्छ र यदि तपाईंले डाक्टर भेट्न वा आराम गर्न दिन छुटाउनुपर्‍यो भने केही आर्थिक क्षतिपूर्ति पनि हुन्छ।",#Person1# को तल्लो ढाडमा डिस्क सर्लिएको छ त्यसैले उनी जेनलाई कम्पनीको बीमा नीतिबारे सोध्छन्। जेनले बीमा प्रणाली परिचय गराउँछिन् र यदि चोट कामसँग सम्बन्धित छ भने पूर्ण रूपमा कभर हुन्छ भन्छिन्।,company's insurance policies,"व्यक्तिले आफ्नो कम्पनीको बीमा नीतिको बारेमा जानकारी लिन खोजेका छन्। उनलाई ढाडको चोट लागेको र शल्यक्रिया आवश्यक भएकोले बीमा दाबी गर्नुपर्ने अवस्था आएको छ। सहकर्मीले वर्कर इन्स्योरेन्स अन्तर्गत कामसँग सम्बन्धित चोट पूर्ण रूपमा कभर हुने बताएका छन्। साथै, बीमा प्रणाली (वर्कम्यान कम्पेन्सेसन र मेडिकल इन्स्योरेन्स) र यसको प्रिमियम भुक्तानी बारे पनि व्याख्या गरिएको छ।",कम्पनीको बीमा नीतिको बारेमा जानकारी र कामसँग सम्बन्धित चोटको दाबी प्रक्रिया,Same Meaning,Same Meaning,Same Meaning,0.98,"The generated summary accurately represents the main idea of the dialogue, preserving important facts such as the person's back injury, the need for surgery, the claim process, and the explanation of the insurance policies (Workman's Compensation and Medical Insurance). The generated topic correctly refers to the same main topic as the reference topic, which is the company's insurance policies and the claim process for work-related injuries. No contradictions, omissions of critical information, or introductions of unrelated facts are present.",C,C
train_6022,"#Person1#: I'm not sure if I can find work this summer. There aren't many jobs out there for inexperienced workers, and I can't just sit around all day.
 #Person2#: Have you ever heard about house-sitting? Tom is going to house sit for Mary's family this summer when they travel to China.
 #Person1#: What exactly is house-sitting?
 #Person2#: It's kind of like baby-sitting except that you're watching a house instead of kids.
 #Person1#: It sounds too good to be true. But I guess it won't be that simple. Anyhow, I'd like to have a try.",#Person1# can't find a job. #Person2# suggests #Person1# try house-sitting. #Person1# would like to have a try.,house-sitting,"Person1 expresses concern about finding summer work due to lack of experience, while Person2 suggests house-sitting as an option and explains it involves watching a house instead of kids. Person1 finds the idea appealing and decides to try it.",discussion about summer work opportunities and house-sitting,Same Meaning,Same Meaning,Same Meaning,0.98,"The generated summary accurately captures the main ideas of the dialogue: Person1's concern about finding summer work, Person2's suggestion of house-sitting, the explanation of house-sitting, and Person1's decision to try it. The generated topic correctly identifies the main subject as a discussion about summer work opportunities and house-sitting, which aligns with the dialogue's focus. No important facts, entities, or meanings are altered, omitted, or contradicted.","#Person1#: म यो गर्मीमा काम पाउन सक्छु कि सक्दिनँ थाहा छैन। अनुभवहीन कामदारहरूका लागि धेरै जागिर छैनन्, र म दिनभर बसिरहन सक्दिनँ।
 #Person2#: के तपाईंले हाउस-सिटिङबारे सुन्नुभएको छ? टम यो गर्मीमा मेरीको परिवार चीन जाँदा उनीहरूको घर हेर्नेछन्।
 #Person1#: हाउस-सिटिङ भनेको ठ्याक्कै के हो?
 #Person2#: यो बेबी-सिटिङजस्तै हो तर बच्चाको सट्टा घर हेर्ने हो।
 #Person1#: यो साँचो हुन नसक्नेजस्तो लाग्छ। तर मलाई लाग्छ त्यति सजिलो हुँदैन। जे होस्, म प्रयास गर्न चाहन्छु।",#Person1# ले जागिर पाउन सक्दैनन्। #Person2# ले हाउस-सिटिङ प्रयास गर्न सुझाउँछन्। #Person1# प्रयास गर्न चाहन्छन्।,house-sitting,"व्यक्तिले गर्मीमा कामको खोजी गरिरहेको बेला साथीले हाउस-सिटिङको अवसर प्रस्ताव गरेको छ। हाउस-सिटिङ भनेको घर हेर्ने काम हो, जसरी बेबी-सिटिङमा बच्चा हेर्ने गरिन्छ। व्यक्तिले यसलाई असम्भव जस्तो लागे पनि प्रयास गर्ने इच्छा व्यक्त गरेको छ।",गर्मीमा कामको खोजी र हाउस-सिटिङको अवसर,Same Meaning,Different Meaning,Different Meaning,0.85,"The generated summary accurately represents the main idea, important facts, and entities from the dialogue, preserving the same meaning as the reference summary. However, the generated topic ('गर्मीमा कामको खोजी र हाउस-सिटिङको अवसर') introduces additional elements ('गर्मीमा कामको खोजी') that are not the primary focus of the dialogue, which is specifically about house-sitting. The reference topic ('house-sitting') is more precise and directly aligned with the dialogue's main subject.",C,PC
train_8169,"#Person1#: Come in and sit down, Jack. Now, what's the trouble?
 #Person2#: I've got a terrible pain in my stomach, Doctor.
 #Person1#: I see. When did it start?
 #Person2#: It started yesterday. I didn't eat any supper.
 #Person1#: Have you got a temperature?
 #Person2#: I think so. I feel very hot.
 #Person1#: Let's see. Yes. You'Ve got quite a high temperature.
 #Person2#: I've got an awful headache, too, and my throat hurts.
 #Person1#: Hm. . I think you'Ve got the flu.
 #Person2#: Is it serious?
 #Person1#: No, not at all, but you must stay in bed for three days and take this medicine.
 #Person2#: How often must I take it?
 #Person1#: Three times a day after meals.
 #Person2#: Thank you, Doctor.","Jack feels sick so he goes to the doctor. After examining, the doctor thinks he's got the flu and gives him medicine.",seeing doctor,"Jack visits the doctor complaining of severe stomach pain, fever, headache, and sore throat that started the previous day. The doctor diagnoses him with the flu, advises rest for three days, and prescribes medication to be taken three times daily after meals.",Medical consultation for flu symptoms,Same Meaning,Same Meaning,Same Meaning,0.98,"The generated summary accurately captures the main idea of the dialogue, including Jack's symptoms (stomach pain, fever, headache, sore throat), the doctor's diagnosis (flu), and the prescribed treatment (rest and medication). The generated topic 'Medical consultation for flu symptoms' correctly reflects the main topic of the dialogue, which is a medical consultation for flu-like symptoms. No important facts, entities, or meanings are omitted, added, or contradicted.","#Person1#: भित्र आउनुहोस् र बस्नुहोस्, ज्याक। अब, के समस्या छ?
 #Person2#: डाक्टर, मेरो पेटमा भयानक दुखाइ छ।
 #Person1#: बुझेँ। कहिले सुरु भयो?
 #Person2#: हिजो सुरु भयो। मैले बेलुकाको खाना खाएको थिइनँ।
 #Person1#: ज्वरो छ?
 #Person2#: मलाई लाग्छ। मलाई धेरै तातो महसुस भइरहेको छ।
 #Person1#: हेरौं। हो। तपाईंलाई निकै उच्च ज्वरो छ।
 #Person2#: मेरो टाउको पनि निकै दुखिरहेको छ, र घाँटी दुख्छ।
 #Person1#: हम्म... मलाई लाग्छ तपाईंलाई फ्लू भएको छ।
 #Person2#: गम्भीर हो?
 #Person1#: होइन, बिलकुल होइन, तर तपाईं तीन दिन ओछ्यानमा बस्नुपर्छ र यो औषधि खानुपर्छ।
 #Person2#: कति पटक खानुपर्छ?
 #Person1#: खानापछि दिनको तीन पटक।
 #Person2#: धन्यवाद, डाक्टर।",ज्याक बिरामी भएकाले डाक्टरकहाँ जान्छन्। जाँचपछि डाक्टरले फ्लू भएको ठान्छन् र औषधि दिन्छन्।,seeing doctor,"व्यक्तिलाई पेट दुख्ने, ज्वरो आउने, टाउको दुख्ने र घाँटी दुख्ने समस्या भएपछि डाक्टरले उनलाई फ्लू भएको बताए। डाक्टरले तीन दिन आराम गर्न र औषधि खान सल्लाह दिए। औषधि खानाको पछि दिनको तीन पटक खानुपर्ने सुझाव दिए।",फ्लूको लक्षण र उपचार सम्बन्धी चिकित्सकीय परामर्श,Same Meaning,Different Meaning,Same Meaning,0.98,"The generated summary accurately represents the main idea of the dialogue, preserving important facts (symptoms, diagnosis, treatment advice) and entities (Jack, doctor, flu, medication). The generated topic refers to a broader medical consultation context but does not contradict the dialogue. The reference topic 'seeing doctor' is a subset of the generated topic 'फ्लूको लक्षण र उपचार सम्बन्धी चिकित्सकीय परामर्श', which is more specific but still aligned with the dialogue's core topic of medical consultation for flu symptoms.",C,C
train_4560,"#Person1#: What are you reading?
 #Person2#: Oh, it ' s the latest novel by Ray Blue. It ' s a sic-fi thriller.
 #Person1#: I thought he usually wrote horror books.
 #Person2#: He does. He ' s good at this genre too. It ' s a captivating read.
 #Person1#: We ' re going to the bookshop. Would you like to join us?
 #Person2#: Yes, I would. I need to buy a textbook for my course and, as you know, I love browsing through the latest paperbacks.
 #Person1#: Me too. I need something to read on the flight to New York. I can never sleep on planes. Sarah wants to pick up some children ' s books for her daughter.
 #Person2#: I want to look at nelson Mandela ' s autobiography.
 #Person1#: This is sure to be a worthwhile read.",#Person2# is reading a sic-fi thriller by Ray Blue. #Person1# invites #Person2# to the book store and #Person2# agrees.,go to bookstore,"Person2 is reading a new science fiction thriller novel by Ray Blue, an author known for horror. Person1 invites Person2 to join them at the bookshop to buy textbooks, paperbacks, children's books, and Nelson Mandela's autobiography.",Book shopping and reading preferences,Same Meaning,Different Meaning,Same Meaning,0.97,"The generated summary accurately captures the main ideas and entities from the dialogue, including Person2 reading a sci-fi thriller by Ray Blue, Person1 inviting Person2 to the bookshop, and Person2 agreeing. The generated topic 'Book shopping and reading preferences' broadly aligns with the reference topic 'go to bookstore' but is more general, hence marked as different meaning for the topic while the summary and overall meaning remain the same.","#Person1#: तपाईं के पढ्दै हुनुहुन्छ?
 #Person2#: ओह, यो रे ब्लूको पछिल्लो उपन्यास हो। यो साइ-फाइ थ्रिलर हो।
 #Person1#: मलाई लाग्यो उहाँ सामान्यतया हॉरर किताब लेख्नुहुन्छ।
 #Person2#: उहाँ त्यही गर्नुहुन्छ। उहाँ यो विधामा पनि राम्रा हुनुहुन्छ। यो आकर्षक पढाइ हो।
 #Person1#: हामी किताब पसल जाँदैछौं। तपाईं हामीसँग आउन चाहनुहुन्छ?
 #Person2#: हो, चाहन्छु। मलाई मेरो कोर्सका लागि पाठ्यपुस्तक किन्नुपर्छ र, तपाईंलाई थाहा छ, मलाई पछिल्ला पेपरब्याकहरू हेर्न मन पर्छ।
 #Person1#: मलाई पनि। मलाई न्युयोर्कको उडानमा पढ्न केही चाहिन्छ। म प्लेनमा कहिल्यै सुत्न सक्दिनँ। सारा आफ्नी छोरीका लागि केही बालकथा किताब किन्न चाहन्छिन्।
 #Person2#: म नेल्सन मण्डेलाको आत्मकथा हेर्न चाहन्छु।
 #Person1#: यो अवश्य उपयोगी पढाइ हुनेछ।",#Person2# रे ब्लूको साइ-फाइ थ्रिलर पढ्दैछन्। #Person1# ले किताब पसल जान निम्तो दिन्छन् र #Person2# सहमत हुन्छन्।,go to bookstore,"व्यक्तिहरू बीचको संवादमा, पहिलो व्यक्तिले दोस्रो व्यक्तिलाई के पढ्दै हुनुहुन्छ भनेर सोध्छन्। दोस्रो व्यक्तिले रे ब्लूको नयाँ साइ-फाइ थ्रिलर उपन्यास पढ्दै गरेको बताउँछन्। पहिलो व्यक्तिले रे ब्लू सामान्यतया हॉरर किताब लेख्ने भएको बताउँछन्। दोस्रो व्यक्तिले रे ब्लू सबै विधामा राम्रो हुने बताउँछन्। त्यसपछि उनीहरू किताब पसल जाने कुरा गर्छन्, जहाँ दोस्रो व्यक्तिले आफ्नो कोर्सका लागि पाठ्यपुस्तक र पेपरब्याक किताबहरू किन्ने बताउँछन्। पहिलो व्यक्तिले प्लेनमा पढ्ने किताब र आफ्नी छोरीका लागि बालकथा किताब किन्ने बताउँछन्। दोस्रो व्यक्तिले नेल्सन मण्डेलाको आत्मकथा किन्ने बताउँछन्।",किताबहरूको बारेमा संवाद र किताब पसल जाने योजना,Same Meaning,Same Meaning,Same Meaning,0.98,"The generated summary accurately represents the main idea of the dialogue, preserving important facts such as the discussion about Ray Blue's new sci-fi thriller, the invitation to the bookstore, and the mention of purchasing books for different purposes. The generated topic correctly refers to the main topic of the dialogue (going to the bookstore) and the broader context of discussing books. No contradictions, omissions of critical information, or introductions of unrelated facts are present.",C,C
train_9987,"#Person1#: Hello, sir. Have you anything to declare?
 #Person2#: This is my first tourism. I don't know what should be declared.
 #Person1#: OK. Please open your luggage, and I'll tell you what you should declare.
 #Person2#: All right. Here you are.
 #Person1#: You should declare the camera and the film. Do you have alcohol?
 #Person2#: Yes, I have got some special local product, I want to take them for my friends.
 #Person1#: How many bottles have you got with you?
 #Person2#: Four bottles.
 #Person1#: I'm sorry. According to the regulations, a passenger can only take two bottles on to the aircraft. So you cannot take so many.
 #Person2#: What shall I do with my two more bottles?
 #Person1#: You may give them to your friends who come to see you off. This is the Customs Declaration Form. Please fill in it. And then you can go through the other formalities. Be sure to keep the form safe.
 #Person2#: All right, thank you, see you.
 #Person1#: See you. Have a good journey.",#Person2# doesn't know what should be declared. #Person1# asks #Person2# to open the luggage and tells #Person2# the camera and the film should be declared and #Person2# can only take two bottles of alcohol.,declare,"A customs officer checks a traveler's luggage before departure. The officer informs the traveler that they must declare a camera, film, and alcohol. The traveler has four bottles of local alcohol but is only allowed to take two on the aircraft, so the officer suggests giving the extra bottles to friends seeing them off. The traveler is then directed to fill out a Customs Declaration Form before proceeding with other formalities.",Customs declaration process for international travel,Same Meaning,Different Meaning,Same Meaning,0.98,"The generated summary accurately represents the main ideas, facts, entities, and subject of the dialogue, preserving all critical details. The generated topic ('Customs declaration process for international travel') is a broader interpretation of the reference topic ('declare') but still aligns with the dialogue's core concept. The reference topic is overly minimal, while the generated topic provides a more descriptive and contextually accurate label.","#Person1#: हेलो, सर। के तपाईंसँग घोषणा गर्नुपर्ने केही छ?
 #Person2#: यो मेरो पहिलो पर्यटन हो। मलाई थाहा छैन के घोषणा गर्नुपर्छ।
 #Person1#: ठिकै छ। कृपया आफ्नो सामान खोल्नुहोस्, म तपाईंलाई के घोषणा गर्नुपर्छ भन्छु।
 #Person2#: ठिकै छ। यहाँ छ।
 #Person1#: तपाईंले क्यामेरा र फिल्म घोषणा गर्नुपर्छ। के तपाईंसँग रक्सी छ?
 #Person2#: हो, मसँग केही विशेष स्थानीय उत्पादन छ, म साथीहरूलाई लैजान चाहन्छु।
 #Person1#: तपाईंसँग कति बोतल छन्?
 #Person2#: चार बोतल।
 #Person1#: माफ गर्नुहोस्। नियमअनुसार, यात्रुले विमानमा दुई बोतल मात्र लैजान सक्छ। त्यसैले तपाईं यति धेरै लैजान सक्नुहुन्न।
 #Person2#: बाँकी दुई बोतलको के गर्ने?
 #Person1#: तपाईं बिदाइ गर्न आउने साथीहरूलाई दिन सक्नुहुन्छ। यो भन्सार घोषणा फारम हो। कृपया भर्नुहोस्। त्यसपछि अरू औपचारिकता पूरा गर्न सक्नुहुन्छ। फारम सुरक्षित राख्नुहोला।
 #Person2#: ठिकै छ, धन्यवाद, फेरि भेटौंला।
 #Person1#: फेरि भेटौंला। शुभ यात्रा।",#Person2# लाई के घोषणा गर्नुपर्छ थाहा छैन। #Person1# ले सामान खोल्न भन्छन् र क्यामेरा तथा फिल्म घोषणा गर्नुपर्ने र रक्सी दुई बोतल मात्र लैजान मिल्ने बताउँछन्।,declare,"एक पर्यटकले विमान यात्रा गर्दा के घोषणा गर्नुपर्छ भन्ने बारेमा भन्सार अधिकारीसँग संवाद गरेको छ। अधिकारीले क्यामेरा, फिल्म र रक्सी (चार बोतल मध्ये दुई बोतल मात्र) घोषणा गर्नुपर्ने बताएका छन्। बाँकी दुई बोतल साथीहरूलाई दिन सुझाव दिएका छन्।",विमान यात्रामा सामान घोषणा सम्बन्धी नियम र प्रक्रिया,Same Meaning,Same Meaning,Same Meaning,0.98,"The generated summary accurately captures the main idea of the dialogue, including the key points about what needs to be declared (camera, film, and alcohol with a limit of two bottles), the interaction between the customs officer and the tourist, and the suggestion to give the remaining bottles to friends. The generated topic correctly reflects the main subject of the dialogue, which is about declaration rules and procedures during air travel. Both the summary and topic align with the reference and the original dialogue without introducing or omitting critical information.",C,C
train_5804,"#Person1#: Hello Mr. Jones, please have a seat. Thank you for coming in today. I have read your resume. You completed University in England?
 #Person2#: Yes, I went to Cambridge. After graduation, I started right away into the advertising industry. Later, I made a bit of a switch to focus on marketing research.
 #Person1#: So, what experience do you have?
 #Person2#: I have ten years marketing experience. This includes both entry level and management positions. In my last position, I worked my way up to being director of the marking department.
 #Person1#: I can see that from your resume.Your last position was marketing director for a pharmaceutical company, is that right? Later, why did you decide to leave your former post?
 #Person2#: I felt after five years in one place, I was ready for something new. I would like to have a job that is challenging, something that I can see and do new things every day. I loved many things about my former job, and I left with amiable feelings on both sides. I was just ready for something new.
 #Person1#: I see. Do you want to work full-time or part-time?
 #Person2#: I would rather work full-time.
 #Person1#: I'll make note of that. Now, what are your salary expectations?
 #Person2#: I am willing to negotiate, but I expect at least $ 40, 000 a year.",#Person1# interviews Mr. Jones. Mr. Jones introduces his educational background and previous career experience and tells #Person1# why he left his former post and his salary expectations.,job interview,"Person1 interviews Person2 (Mr. Jones) for a job position. Person2 has 10 years of marketing experience, including a role as marketing director at a pharmaceutical company, which they left to seek new challenges. Person2 prefers a full-time position and expects a salary of at least $40,000 per year.",Job interview discussion,Same Meaning,Same Meaning,Same Meaning,0.98,"The generated summary accurately captures the main ideas of the dialogue, including Mr. Jones' educational background (Cambridge), 10 years of marketing experience, his role as marketing director at a pharmaceutical company, his reason for leaving (seeking new challenges), his preference for full-time work, and salary expectations ($40,000). The generated topic 'Job interview discussion' correctly reflects the main topic of the dialogue, which is a job interview. No contradictions, omissions of critical facts, or introductions of extraneous information are present.","#Person1#: हेलो मिस्टर जोन्स, कृपया बस्नुहोस्। आज आउनुभएकोमा धन्यवाद। मैले तपाईंको रिज्युमे पढेँ। तपाईंले इङ्ल्यान्डमा विश्वविद्यालय पूरा गर्नुभयो?
 #Person2#: हो, म क्याम्ब्रिज गएँ। स्नातकपछि म सिधै विज्ञापन उद्योगमा प्रवेश गरें। पछि, म मार्केटिङ रिसर्चमा केन्द्रित हुन अलिकति स्विच गरें।
 #Person1#: त्यसैले, तपाईंसँग कस्तो अनुभव छ?
 #Person2#: मसँग दस वर्षको मार्केटिङ अनुभव छ। यसमा इन्ट्री लेभल र व्यवस्थापन दुवै पदहरू समावेश छन्। मेरो अन्तिम पदमा, म मार्केटिङ विभागको निर्देशकसम्म पुगेँ।
 #Person1#: म तपाईंको रिज्युमेबाट देख्न सक्छु। तपाईंको अन्तिम पद फार्मास्युटिकल कम्पनीको मार्केटिङ निर्देशक थियो, होइन? पछि, तपाईंले अघिल्लो पद किन छोड्ने निर्णय गर्नुभयो?
 #Person2#: मलाई लाग्यो पाँच वर्ष एउटै ठाउँमा बसेपछि, म नयाँ कुराका लागि तयार थिएँ। म चुनौतीपूर्ण जागिर चाहन्छु, जसमा म हरेक दिन नयाँ कुरा देख्न र गर्न सकूँ। मलाई मेरो अघिल्लो जागिरका धेरै कुरा मन परेका थिए, र हामी दुवै पक्षबाट राम्रो सम्बन्धमा छोडेँ। म केवल नयाँ कुराका लागि तयार थिएँ।
 #Person1#: बुझेँ। तपाईं पूर्णकालीन वा अंशकालीन काम गर्न चाहनुहुन्छ?
 #Person2#: म पूर्णकालीन काम गर्न चाहन्छु।
 #Person1#: म त्यसको नोट राख्छु। अब, तपाईंको तलब अपेक्षा के छ?
 #Person2#: म वार्ता गर्न तयार छु, तर म वर्षमा कम्तीमा $४०,००० अपेक्षा गर्छु।",#Person1# ले मिस्टर जोन्सको अन्तर्वार्ता लिन्छन्। मिस्टर जोन्सले आफ्नो शैक्षिक पृष्ठभूमि र अघिल्लो करियर अनुभव परिचय गराउँछन् र किन अघिल्लो पद छोडे तथा तलब अपेक्षा बताउँछन्।,job interview,"व्यक्तिगत १ ले व्यक्तिगत २ लाई रोजगारी अन्तर्वार्तामा सोध्छन् कि उनले क्याम्ब्रिज विश्वविद्यालयबाट स्नातक गरेका हुन् र उनको मार्केटिङ क्षेत्रको १० वर्षे अनुभव बारे जानकारी लिन्छन्। व्यक्तिगत २ ले आफ्नो अनुभव, अन्तिम पद (फार्मास्युटिकल कम्पनीको मार्केटिङ निर्देशक), पद छोड्नुको कारण (नयाँ चुनौतीको खोजी), र पूर्णकालीन काम गर्ने इच्छा व्यक्त गर्छन्। अन्तर्वार्ताकर्ताले तलब अपेक्षा ($४०,००० वार्षिक) बारे पनि सोध्छन्।",मार्केटिङ क्षेत्रमा १० वर्ष अनुभव भएका व्यक्तिको रोजगारी अन्तर्वार्ता,Same Meaning,Different Meaning,Different Meaning,0.9,"The generated summary accurately represents the main ideas, facts, entities, and subject of the dialogue, preserving all key details (education, experience, reason for leaving, job preference, and salary expectation). However, the generated topic is overly specific ('मार्केटिङ क्षेत्रमा १० वर्ष अनुभव भएका व्यक्तिको रोजगारी अन्तर्वार्ता') compared to the reference topic ('job interview'), which is more general. While the generated topic is not incorrect, it introduces unnecessary specificity that slightly deviates from the reference. The summary is fully aligned with the dialogue and reference summary.",C,PC
train_10857,"#Person1#: I want to go to the concert tonight, but it starts at 7, and I have to work until 5. There won't be enough time to go home for dinner.
 #Person2#: I've got an idea. I'll pick you up after work and we'll eat downtown. That'll give us plenty of time to get to the concert.",#Person1# and #Person2# will eat downtown so they can save time for the concert.,concert,Person1 wants to attend a concert starting at 7 PM but is concerned about not having enough time after work to go home for dinner. Person2 suggests picking Person1 up after work and eating downtown to ensure they arrive at the concert on time.,planning to attend a concert after work,Same Meaning,Same Meaning,Same Meaning,0.98,"The generated summary accurately captures the main idea of the dialogue, including Person1's concern about time constraints and Person2's solution to eat downtown after work. The generated topic correctly identifies the main subject as planning to attend a concert after work, which aligns with the dialogue's focus on the concert and the post-work arrangements. Both preserve all important facts, entities, and meaning without contradictions or omissions.","#Person1#: म आज राति कन्सर्ट जान चाहन्छु, तर यो ७ बजे सुरु हुन्छ, र म ५ बजेसम्म काम गर्नुपर्छ। घर गएर खाना खाने समय हुँदैन।
 #Person2#: मसँग एउटा विचार छ। म तपाईंलाई कामपछि लिनेछु र हामी डाउनटाउन खानेछौं। त्यसले कन्सर्ट पुग्न पर्याप्त समय दिनेछ।",#Person1# र #Person2# डाउनटाउन खानेछन् ताकि कन्सर्टका लागि समय बचत होस्।,concert,व्यक्ति १ ले राति ७ बजे हुने कन्सर्टमा जान चाहेको तर ५ बजेसम्म काम गर्नुपर्ने र खाना खाने समय नहुने बताए। व्यक्ति २ ले कामपछि लिने र डाउनटाउन खाना खाने व्यवस्था मिलाउने प्रस्ताव गरे। यसले गर्दा कन्सर्ट पुग्न पर्याप्त समय मिल्नेछ।,कन्सर्टमा जानका लागि समय व्यवस्थापन र खाना खाने योजना,Same Meaning,Different Meaning,Different Meaning,0.85,"The generated summary accurately represents the main idea, facts, and entities from the dialogue, matching the reference summary. However, the generated topic ('कन्सर्टमा जानका लागि समय व्यवस्थापन र खाना खाने योजना') introduces additional concepts ('समय व्यवस्थापन', 'खाना खाने योजना') not explicitly present in the reference topic ('concert'). While the generated topic is related, it is not a direct representation of the reference topic.",C,PC
train_937,"#Person1#: What kind of person do you think you are?
 #Person2#: Well, I am always energetic and enthusiastic. That's my strongest personality.
 #Person1#: What are your strengths and weaknesses?
 #Person2#: Em, as I have said, I'm diligent and industrious. On the other hand, sometimes I'm too hard-working and I put myself under too much pressure to make things perfect.
 #Person1#: What qualities would you expect of persons working as a team?
 #Person2#: To work in a team, in my opinion, two characteristics are necessary for a person. That is, the person must be cooperative and aggressive.
 #Person1#: How do you spend your leisure time?
 #Person2#: I like playing games and having sports. They are my favourite hobbies.
 #Person1#: So, what kind of sport do you like most?
 #Person2#: Oh, it's hard to narrow it down to just one. I mean, I like all kinds of sports, basketball, swimming, bike riding and so on. Maybe it is just the reason why I am so energetic and vigorous.","#Person1# interviews #Person2# on personality, teamwork, and hobbies. #Person2# is energetic, enthusiastic but sometimes too exacting. #Person2# thinks cooperative and aggressive are necessary for teamwork. #Person2# likes playing sports in leisure time.",interview,"Person2 describes their personality traits, strengths, and weaknesses, emphasizing their diligence and tendency to overwork. They discuss qualities needed for teamwork, their hobbies involving games and sports, and their preference for various sports like basketball, swimming, and bike riding.","Personality traits, strengths, weaknesses, and hobbies",Same Meaning,Different Meaning,Different Meaning,0.9,"The generated summary accurately captures the main ideas, facts, and entities from the dialogue, preserving the same meaning as the reference summary. However, the generated topic ('Personality traits, strengths, weaknesses, and hobbies') is broader and less specific than the reference topic ('interview'), which directly reflects the context of the dialogue as an interview. While the generated topic is not incorrect, it does not match the reference topic's focus on the interview setting.","#Person1#: तपाईं आफूलाई कस्तो व्यक्ति ठान्नुहुन्छ?
 #Person2#: खैर, म सधैं ऊर्जावान र उत्साही हुन्छु। त्यो मेरो सबैभन्दा बलियो व्यक्तित्व हो।
 #Person1#: तपाईंका बल र कमजोरीहरू के हुन्?
 #Person2#: एम्, मैले भनेझैं, म मेहनती र परिश्रमी छु। अर्कोतिर, कहिलेकाहीँ म धेरै कडा काम गर्छु र चीजहरू पूर्ण बनाउन आफूलाई धेरै दबाब दिन्छु।
 #Person1#: टिममा काम गर्ने व्यक्तिबाट तपाईं कस्ता गुणहरू अपेक्षा गर्नुहुन्छ?
 #Person2#: टिममा काम गर्न, मेरो विचारमा, व्यक्तिमा दुई विशेषता आवश्यक छन्। अर्थात्, व्यक्ति सहयोगी र आक्रामक हुनुपर्छ।
 #Person1#: तपाईं आफ्नो फुर्सदको समय कसरी बिताउनुहुन्छ?
 #Person2#: मलाई खेल खेल्न र खेलकुद गर्न मन पर्छ। ती मेरा मनपर्ने शौक हुन्।
 #Person1#: त्यसैले, तपाईंलाई कुन खेल सबैभन्दा मन पर्छ?
 #Person2#: ओह, एउटैमा सीमित गर्न गाह्रो छ। मेरो मतलब, मलाई सबै खालका खेल मन पर्छ, बास्केटबल, पौडी, साइकल चलाउने आदि। सायद त्यसैले म यति ऊर्जावान र बलियो छु।","#Person1# ले #Person2# लाई व्यक्तित्व, टिमवर्क र शौकबारे अन्तर्वार्ता लिन्छन्। #Person2# ऊर्जावान, उत्साही तर कहिलेकाहीँ धेरै कठोर हुन्छन्। #Person2# टिमवर्कका लागि सहयोगी र आक्रामक आवश्यक ठान्छन्। #Person2# लाई फुर्सदमा खेलकुद मन पर्छ।",interview,"व्यक्तित्व, बल र कमजोरी, टिममा काम गर्ने गुण, र फुर्सदका गतिविधिहरूबारे कुराकानी गरिएको छ। पहिलो व्यक्तिले ऊर्जावान र उत्साही हुने बताएको छ भने दोस्रो व्यक्तिले परिश्रमी भए पनि आफूलाई धेरै दबाब दिने कमजोरी रहेको बताएको छ। टिममा काम गर्न सहयोगी र आक्रामक गुण आवश्यक रहेको र फुर्सदमा खेलकुद मनपर्ने बताएको छ।","व्यक्तित्व विशेषता, टिम कार्यशैली र फुर्सदका गतिविधिहरू",Same Meaning,Same Meaning,Same Meaning,0.98,"The generated summary accurately captures the main ideas of the dialogue, including Person2's personality traits (energetic, enthusiastic, hardworking, but sometimes overly pressured), expectations for teamwork (helpful and assertive), and hobbies (sports). The generated topic correctly identifies the main subject as an interview discussing personality traits, teamwork style, and leisure activities. The only minor difference is the phrasing of the summary, but the meaning remains identical to the reference.",PC,C
train_1421,"#Person1#: So that will be one teddy, two terry cloth robes, three pairs of satin slippers, and two pairs of pajamas.
 #Person2#: Does all that come to 10, 000 NT?
 #Person1#: Let me see. . . yes, more. That will be 15, 880 NT in total. And after the discount, your total comes to 12, 704 NT. Here's your free teddy bear, free panties and your card application.
 #Person2#: Where do I sign?
 #Person1#: Right here. And write your address. You'll get the card in the mail within a week.
 #Person2#: OK.
 #Person1#: I know your friend will like the gift set, especially the teddy bear.
 #Person2#: Well, the teddy bear is for me!
 #Person1#: Remember to keep your receipt in case your friend needs to make any exchanges. There are no refunds on sale items.",#Person2# is buying presents for a friend and #Person1# tells #Person1# to keep the receipt in case of any exchange.,buying gifts,"Person1 assists Person2 with a purchase of multiple items, calculates the total cost including a discount, and processes a card application. Person2 signs up for the card and receives a free teddy bear and panties. Person1 mentions the gift set is for Person2's friend, but Person2 clarifies the teddy bear is for themselves. Person1 advises keeping the receipt for potential exchanges, noting no refunds on sale items.",purchase transaction and card application,Same Meaning,Different Meaning,Different Meaning,0.85,"The generated summary accurately represents the main idea, facts, and entities of the dialogue, preserving the same meaning as the reference summary. However, the generated topic 'purchase transaction and card application' introduces additional elements (card application) not explicitly mentioned in the reference topic 'buying gifts', which changes the focus. While the dialogue involves a purchase, the core topic is about buying gifts, not the transaction process itself.","#Person1#: त्यसैले त्यो एक टेडी, दुई टेरी क्लथ रोब, तीन जोडी साटिन स्लिपर, र दुई जोडी पजामाले हुनेछ।
 #Person2#: के यो सबै १०,००० एनटी हुन्छ?
 #Person1#: हेरौं... हो, बढी। जम्मा १५,८८० एनटी हुनेछ। र छुटपछि, तपाईंको कुल १२,७०४ एनटी हुन्छ। यहाँ तपाईंको निःशुल्क टेडी बियर, निःशुल्क प्यान्टी र कार्ड आवेदन छ।
 #Person2#: म कहाँ साइन गर्ने?
 #Person1#: ठीक यहाँ। र आफ्नो ठेगाना लेख्नुहोस्। तपाईंलाई एक हप्ताभित्र मेलबाट कार्ड आउनेछ।
 #Person2#: ठिकै छ।
 #Person1#: मलाई थाहा छ तपाईंको साथीलाई उपहार सेट मन पर्नेछ, विशेष गरी टेडी बियर।
 #Person2#: खैर, टेडी बियर मेरो लागि हो!
 #Person1#: रसिद राख्नुहोला यदि तपाईंको साथीलाई कुनै साटासाट गर्नुपरेमा। सेल आइटममा फिर्ता हुँदैन।",#Person2# साथीका लागि उपहार किन्दैछन् र #Person1# ले साटासाटका लागि रसिद राख्न भन्छन्।,buying gifts,"व्यक्तिले साथीलाई उपहार दिने उद्देश्यले विभिन्न कपडा तथा सामानहरू (टेडी बियर, रोब, साटिन स्लिपर, पजामा, प्यान्टी) किन्ने निर्णय गर्छन्। कुल लागत १५,८८० एनटी हुन्छ, तर छुटपछि १२,७०४ एनटी पर्छ। निःशुल्क टेडी बियर, प्यान्टी र कार्ड आवेदन पनि प्रदान गरिन्छ। व्यक्तिले साथीलाई उपहार सेट मन पर्ने विश्वास व्यक्त गर्छन्, तर व्यक्तिले टेडी बियर आफ्नै लागि लिने बताउँछन्।",उपहारको लागि सामान खरिद र कार्ड आवेदन प्रक्रिया,Same Meaning,Same Meaning,Same Meaning,0.98,"The generated summary accurately captures the main idea of the dialogue, including the purchase of gifts for a friend, the total cost before and after discount, the free items provided, and the mention of the friend liking the gift set. The generated topic correctly reflects the main topic of buying gifts, with additional context about the application process for a card, which is present in the dialogue. No important facts, entities, or meaning are altered, omitted, or contradicted.",PC,C
train_9112,"#Person1#: I heard you got a new roommate. What's he like?
 #Person2#: Yeah, Bob moved in last week. He is a nice guy and so far everything is cool except his girlfriend.
 #Person1#: Oh? What's wrong with his girlfriend?
 #Person2#: She came to see him last weekend. She is a nice girl but there's something wrong with her voice. I tried to smile and be polite, but the whole time all I could think was 'what's wrong with her voice'.
 #Person1#: Well, I guess it might take some time to get used to.
 #Person2#: I doubt it. Listening to her talk is terrible.
 #Person1#: Oh, come on, it's not that bad.
 #Person2#: No, it's so much bad. And they invited me out to dinner tonight. I really have no idea how I'm going to pull it off.",#Person2# tells #Person1# #Person2#'s roommate Bob is good but his girlfriend's voice is terrible. #Person2# wants to pull off the invitation from them for the dinner.,New roommate,"Person2 complains about Bob's girlfriend's voice after meeting her, finding it unpleasant, and expresses discomfort about an upcoming dinner invitation with them.",Complaints about a roommate's girlfriend and social discomfort,Same Meaning,Same Meaning,Same Meaning,0.98,"The generated summary accurately captures the main idea of the dialogue, including Person2's complaints about Bob's girlfriend's voice and discomfort about the upcoming dinner. The generated topic correctly identifies the subject as complaints about a roommate's girlfriend and social discomfort, which aligns with the dialogue's focus. No important facts, entities, or meaning are altered or omitted.","#Person1#: मैले सुनेँ तपाईंलाई नयाँ रुममेट आयो। उनी कस्तो छन्?
 #Person2#: हो, बब गत हप्ता आए। उनी राम्रा केटा हुन् र अहिलेसम्म सबै ठिक छ उनीहरूकी गर्लफ्रेन्डबाहेक।
 #Person1#: ओहो? उनको गर्लफ्रेन्डमा के समस्या छ?
 #Person2#: उनी गत सप्ताहन्तमा उनलाई भेट्न आइन्। उनी राम्री केटी हुन् तर उनको आवाजमा केही समस्या छ। मैले मुस्कान र विनम्र हुने प्रयास गरें, तर पूरै समय म 'उनको आवाजमा के समस्या छ' भनेर सोचिरहेको थिएँ।
 #Person1#: खैर, मलाई लाग्छ बानी पर्न केही समय लाग्ला।
 #Person2#: मलाई शंका छ। उनको कुरा सुन्न भयानक छ।
 #Person1#: ओह, आउनुहोस्, त्यति नराम्रो छैन।
 #Person2#: होइन, त्यो धेरै नराम्रो छ। र उनीहरूले मलाई आज राति डिनरमा निम्तो दिएका छन्। मलाई साँच्चै थाहा छैन कसरी सामना गर्ने।",#Person2# ले #Person1# लाई आफ्नो रुममेट बब राम्रा छन् तर उनको गर्लफ्रेन्डको आवाज भयानक छ भन्छन्। #Person2# उनीहरूको डिनर निम्तो सामना गर्न चाहन्छन्।,New roommate,व्यक्तिले आफ्नो नयाँ रुममेट बब र उनको गर्लफ्रेन्डको बारेमा बताउँछन्। बब राम्रो केटा भए पनि उनको गर्लफ्रेन्डको आवाज निकै अप्ठ्यारो लाग्ने भएकाले उनीहरूको डिनरमा सामेल हुन डराएका छन्।,नयाँ रुममेट र उनको गर्लफ्रेन्डसँगको असहज अनुभव,Same Meaning,Different Meaning,Different Meaning,0.9,"The generated summary accurately captures the main idea, important facts, and entities from the dialogue, preserving the same meaning as the reference summary. However, the generated topic introduces additional context ('उनको गर्लफ्रेन्डसँगको असहज अनुभव') that is not explicitly stated in the dialogue or reference topic ('New roommate'). While the topic is related, it slightly alters the focus by emphasizing the uncomfortable experience with the girlfriend rather than just introducing the new roommate.",C,PC
train_10868,"#Person1#: It's a fine day today, isn't it? 
 #Person2#: Yes, it is. It's wonderful after the downpour. 
 #Person1#: How nice seeing the sun back again! The air is so fresh. 
 #Person2#: I hope it stays nice like this for a long period of time. 
 #Person1#: Well, the weather is so unpredictable this time of year. 
 #Person2#: You're right. We don't know what is going to be like tomorrow. 
 #Person1#: Look! It looks as if it is going to rain. 
 #Person2#: The weatherman predicts a fine day today. 
 #Person1#: The weather is often quite different from the weather forecast.",#Person1# and #Person2# enjoy current weather and talk about its unpredictability. They agree the weather is often different from the forecast.,weather,"Person1 and Person2 discuss the current pleasant weather after a recent downpour, expressing hope for it to last. They acknowledge the unpredictability of the weather at this time of year and note a discrepancy between the actual weather and the weather forecast.",Discussion about the weather and its unpredictability,Same Meaning,Same Meaning,Same Meaning,0.98,"The generated summary accurately captures the main ideas of the dialogue, including the pleasant weather after a downpour, the unpredictability of the weather, and the discrepancy between actual weather and forecasts. The generated topic correctly identifies the main subject as the weather and its unpredictability, matching the reference topic. No contradictions, omissions of critical facts, or introductions of unrelated entities are present.","#Person1#: आज राम्रो दिन छ, होइन?
 #Person2#: हो। मुसलधारे पानीपछि यो अद्भुत छ।
 #Person1#: फेरि घाम देख्नु कति राम्रो! हावा निकै ताजा छ।
 #Person2#: म आशा गर्छु यो लामो समयसम्म यस्तै रहोस्।
 #Person1#: खैर, यो समयको मौसम धेरै अप्रत्याशित हुन्छ।
 #Person2#: तपाईं ठीक हुनुहुन्छ। हामीलाई भोलि कस्तो हुनेछ थाहा छैन।
 #Person1#: हेर्नुहोस्! पानी पर्ने जस्तो देखिन्छ।
 #Person2#: मौसमविद्ले आज राम्रो दिन भविष्यवाणी गरेका छन्।
 #Person1#: मौसम प्रायः मौसम पूर्वानुमानभन्दा धेरै फरक हुन्छ।",#Person1# र #Person2# हालको मौसमको आनन्द लिन्छन् र यसको अप्रत्याशितताबारे कुरा गर्छन्। उनीहरू सहमत छन् कि मौसम प्रायः पूर्वानुमानभन्दा फरक हुन्छ।,weather,"दुई व्यक्तिबीच मौसमको बारेमा कुराकानी भइरहेको छ। मुसलधारे पानीपछिको सुन्दर दिन, हावाको ताजगी, र मौसमको अप्रत्याशित प्रकृतिबारे चर्चा गरिएको छ। मौसमविद्को भविष्यवाणी र वास्तविक मौसममा फरक हुन सक्ने कुरा पनि उठाइएको छ।",मौसमको बारेमा संवाद,Same Meaning,Same Meaning,Same Meaning,0.98,"The generated summary accurately captures the main idea of the dialogue, including the discussion about the current weather, its unpredictability, the mention of heavy rain followed by a beautiful day, the fresh air, and the difference between weather forecasts and reality. The generated topic ('मौसमको बारेमा संवाद') correctly refers to the main topic of the dialogue ('weather'). No important facts, entities, or meaning are altered, omitted, or contradicted.",C,C
train_3834,"#Person1#: Have you seen Dan the Bear?
 #Person2#: No, I haven't.
 #Person1#: Oh, well, he supposed to give his performance in 10 minutes. All the kids are waiting for him to sing.
 #Person2#: Maybe he's out by the fish tank, giving away balloons and talking with the dolphin trainers. Did you check there?
 #Person1#: Yes, I did, but they said they hadn't seen him. If you see him, please tell him that he's needed on the small stage as soon as possible.
 #Person2#: OK. I'll send a radio message out to all of the security officers and have them look for him. I'm sure he's on his way right now.
 #Person1#: Great. Thank you so much for your help. Will I see you at the bar after work tonight?
 #Person2#: Yes, but a bit later. I want to get a haircut and change clothes first.
 #Person1#: Great. I'll buy you a drink if you can get Dan the Bear on stage on time.
 #Person2#: OK. It's a deal.",#Person1# is looking for Dan the Bear because he's supposed to give his performance in 10 minutes. #Person2# promises to help to look for him.,look for someone,"Person1 is looking for Dan the Bear, who is supposed to perform in 10 minutes but is missing. Person2 offers to help by sending a radio message to security officers to find him and ensure he reaches the small stage on time. They also discuss meeting at the bar after work.",Searching for a missing performer before a scheduled show,Same Meaning,Same Meaning,Same Meaning,0.98,"The generated summary accurately captures the main idea of the dialogue: Person1 is searching for Dan the Bear who is missing before his scheduled performance. It preserves all key facts (10-minute delay, small stage, Person2's offer to help via radio message) and entities (Dan the Bear, security officers, bar meeting). The generated topic 'Searching for a missing performer before a scheduled show' correctly reflects the same main topic as the reference topic 'look for someone', with additional context that aligns with the dialogue. No contradictions, omissions of critical facts, or introductions of extraneous information are present.","#Person1#: के तपाईंले ड्यान द बियर देख्नुभएको छ?
 #Person2#: होइन, देखेको छैन।
 #Person1#: ओह, खैर, उनी १० मिनेटमा प्रदर्शन गर्नुपर्ने हो। सबै बच्चाहरू उनको गीत सुन्न पर्खिरहेका छन्।
 #Person2#: सायद उनी माछा ट्याङ्क नजिक छन्, बलुन बाँड्दै र डल्फिन प्रशिक्षकसँग कुरा गर्दै। तपाईंले त्यहाँ जाँच गर्नुभयो?
 #Person1#: हो, गरेँ, तर उनीहरूले देखेको छैनन् भने। यदि तपाईंले देख्नुभयो भने, कृपया उनलाई सानो स्टेजमा जतिसक्दो चाँडो चाहिन्छ भन्नुहोस्।
 #Person2#: ठिकै छ। म सबै सुरक्षा अधिकारीहरूलाई रेडियो सन्देश पठाएर खोज्न लगाउँछु। म पक्का छु उनी अहिले आउँदैछन्।
 #Person1#: राम्रो। तपाईंको सहयोगका लागि धेरै धन्यवाद। के म तपाईंलाई आज राति कामपछि बारमा भेट्नेछु?
 #Person2#: हो, तर अलि ढिलो। म पहिले कपाल काट्न र कपडा फेर्न चाहन्छु।
 #Person1#: राम्रो। यदि तपाईं ड्यान द बियरलाई समयमै स्टेजमा पुर्‍याउन सक्नुभयो भने म तपाईंलाई पेय किन्दिन्छु।
 #Person2#: ठिकै छ। सम्झौता भयो।",#Person1# ड्यान द बियर खोज्दैछन् किनकि उनी १० मिनेटमा प्रदर्शन गर्नुपर्ने हो। #Person2# खोज्न मद्दत गर्ने वाचा गर्छन्।,look for someone,एक व्यक्तिले अर्कोलाई 'ड्यान द बियर' नामक व्यक्तिलाई खोज्न मद्दत माग्छन् किनकि उनलाई १० मिनेटमा स्टेजमा प्रदर्शन गर्नुपर्ने थियो। अर्को व्यक्तिले उनलाई खोज्न सुरक्षा अधिकारीहरूलाई निर्देशन दिन्छन् र अन्त्यमा कामपछि बारमा भेट्ने र पेय खाने सहमति हुन्छ।,ड्यान द बियरको खोजी र समयमै स्टेजमा पुर्‍याउनुपर्ने आवश्यकता,Same Meaning,Same Meaning,Same Meaning,0.98,"The generated summary accurately captures the main idea of the dialogue, including the urgency of finding Dan the Bear for a performance, the assistance offered by the second person, and the agreement to meet later. The generated topic correctly identifies the main subject as the search for Dan the Bear and the need to bring him to the stage on time, matching the reference topic's intent. No contradictions, omissions of critical facts, or introductions of unrelated information are present.",C,C
train_6178,"#Person1#: Let's begin by having you tell me about yourself and your background. 
 #Person2#: I have been working as a paralegal for the last 10 months through an agency that specializes in the legal field. My experience has been supporting attorneys in the field of labor law, where I have been able to apply my paralegal education. I was commended on my ability to take information and break it down into usable facts. I really love research and analyzing facts. My major in college was English, and as a result, my writing skills are my major strength. I am looking for a position where my research and writing skills can be used. 
 #Person1#: What do you think are the key qualities needed to succeed in the paralegal profession? 
 #Person2#: Flexibility would certainly rank high in this type of job. In my last position, I supported four lawyers, and it was not unusual for them all to give me high-priority items to do in the same day or week. There were days when I had to stop and prioritize my work just to get a handle on everything. I would discuss the urgency of their work with each of them so I didn't drop the ball. At the same time, I made sure each of them felt like his or her project was important on my agenda. I think communication is probably the next key quality. It really worked well when I talked with each of them, explained my situation, and got their input. 
 #Person1#: Can you give me an example of a time when you had to work above and beyond your job description? 
 #Person2#: There was a very important project that had to be researched and completed by the end of the week. Even though I worked extra hours every night for almost two weeks, my boss and I stayed until 2 a. m. for two nights before the final wrap up. It was very rewarding to have put so much effort into a project and see the really great results. My boss gave me a bonus for my extra effort. 
 #Person1#: Tell me about a time when you had to research a case and encountered some obstacles you had to overcome. 
 #Person2#: I remember a case that was filled with obstacles. The first thing I did was research through documents and past cases that had similar circumstances. I assembled the facts and then tried to put them together and analyze the next step. I was able to get some input from another lawyer I happened to see at lunch. Through some hard work and fact digging, I was able to find a way to overcome most of the obstacles. I took my findings to my boss and made some recommendations, which she and I discussed and eventually resolved. My boss was impressed with the work I had done. 
 #Person1#: What are your strengths and weaknesses? 
 #Person2#: My strengths are my caring about getting the job done. I am very results-driven and have been able to meet all my deadlines in past jobs. As far as weaknesses, I really enjoy my work, and sometimes I put in too much time. But I am aware of my tendency to overwork and have learned to pace myself more. 
 #Person1#: Tell me about a time when you had a confrontation with a coworker or boss. 
 #Person2#: I did have an issue with someone who was getting on my nerves. I asked her if I could talk with her one day, and we had a good discussion. It turned out she was not aware of the impact of her actions and that she really needed an explanation of the procedure. I took the time to explain the procedures, and there haven't been any problems since that day. 
 #Person1#: When do you find a job satisfying? 
 #Person2#: My biggest satisfaction is when I experience growth in a job. When I first started as a paralegal, I had a lot to learn. But through hard work, advice from some good mentors and continuing education, I have come a long way. I've learned to be flexible when possible and to deal with difficult people in a positive manner. 
 #Person1#: How would your coworkers describe you? 
 #Person2#: First, they'll say I have a lot of energy and enthusiasm. I really enjoy working with people. Secondly, they'll say I had great customer service skills. I put the customer first. And thirdly, they'll say that I know the law. I put a lot of effort into my education as a paralegal and take it seriously. 
 #Person1#: Do you have any questions? 
 #Person2#: Yes, I do. On a scale of one to 10, what would you say morale was in this company?","#Person1# interviews #Person2#, who is looking for a position to use #Person2#'s research and writing skills. #Person2# majors in English and has been working as a paralegal for the last ten months. #Person2# thinks flexibility is the key quality of a paralegal. #Person2# gives examples of the time when #Person2# had to work above and beyond the job description, the time of encountering some obstacles when #Person2# had a confrontation with a coworker. #Person2# also talks about #Person2#'s strengths and weaknesses and how coworkers describe #Person2#. #Person2# finds a job satisfying when #Person2# experiences growth in it. #Person2# also asks #Person1# how #Person1# scales morale in the company.",interview,"The dialogue is an interview where Person2, a paralegal with 10 months of experience in labor law, discusses their background, skills, and approach to work. They highlight their research, writing, and communication abilities, as well as their flexibility and problem-solving in demanding situations. Person2 shares examples of going above and beyond, overcoming research obstacles, handling conflicts, and their satisfaction from professional growth. They also describe how coworkers would perceive them as energetic, customer-focused, and knowledgeable in law.","Interview about a paralegal's experience, skills, and work approach",Same Meaning,Same Meaning,Same Meaning,0.98,"The generated summary accurately captures the main ideas, facts, and entities from the dialogue, including Person2's background, skills, work examples, and coworker perceptions. The generated topic correctly identifies the interview context and the focus on a paralegal's experience and skills. Minor phrasing differences do not alter the meaning.","#Person1#: सुरुमा तपाईं आफ्नो बारेमा र पृष्ठभूमि बताउनुहोस्।
 #Person2#: म पछिल्लो १० महिनादेखि कानुनी क्षेत्रमा विशेषज्ञ एजेन्सीमार्फत प्यारालिगलका रूपमा काम गर्दैछु। मेरो अनुभव श्रम कानून क्षेत्रमा अधिवक्ताहरूलाई सहयोग गर्ने भएको छ, जहाँ मैले आफ्नो प्यारालिगल शिक्षा लागू गर्न सकें। मलाई जानकारी लिएर प्रयोगयोग्य तथ्यमा तोड्ने क्षमताका लागि प्रशंसा गरिएको थियो। मलाई अनुसन्धान र तथ्य विश्लेषण साँच्चै मन पर्छ। मेरो कलेज मेजर अंग्रेजी थियो, र त्यसैले, मेरो लेखन कौशल मेरो मुख्य बल हो। म त्यस्तो पद खोज्दैछु जहाँ मेरो अनुसन्धान र लेखन कौशल प्रयोग गर्न सकियोस्।
 #Person1#: प्यारालिगल पेशामा सफल हुन आवश्यक मुख्य गुणहरू के हुन् भन्ने तपाईंलाई लाग्छ?
 #Person2#: लचिलोपन यस प्रकारको जागिरमा अवश्य उच्च स्थानमा हुनेछ। मेरो अन्तिम पदमा, मैले चार वकिललाई सहयोग गरें, र उनीहरू सबैले एकै दिन वा हप्तामा उच्च प्राथमिकताका काम दिनु असामान्य थिएन। केही दिन मैले सबै कुरा सम्हाल्न कामलाई प्राथमिकता दिन रोक्नुपर्थ्यो। मैले उनीहरू प्रत्येकसँग कामको जरुरीताबारे छलफल गर्थें ताकि मैले कुनै कुरा नछुटाऊँ। साथै, मैले सुनिश्चित गर्थें कि प्रत्येकलाई आफ्नो परियोजना मेरो एजेन्डामा महत्वपूर्ण लागोस्। मलाई लाग्छ सञ्चार अर्को मुख्य गुण हो। जब मैले उनीहरूसँग कुरा गरेँ, आफ्नो अवस्था व्याख्या गरेँ, र उनीहरूको इनपुट लिएँ, त्यो राम्रोसँग काम गर्‍यो।
 #Person1#: के तपाईं मलाई त्यस्तो समयको उदाहरण दिन सक्नुहुन्छ जब तपाईंले आफ्नो जागिर विवरणभन्दा माथि काम गर्नुपरेको थियो?
 #Person2#: एउटा धेरै महत्वपूर्ण परियोजना थियो जुन हप्ताको अन्त्यसम्म अनुसन्धान र पूरा गर्नुपर्थ्यो। यद्यपि मैले झण्डै दुई हप्तासम्म हरेक रात अतिरिक्त घण्टा काम गरेँ, मेरो बोस र म अन्तिम र्याप अपअघि दुई रात २ बजेसम्म बस्यौं। यति धेरै प्रयास गरेर साँच्चै राम्रो नतिजा देख्नु धेरै पुरस्कृत थियो। मेरो बोसले मेरो अतिरिक्त प्रयासका लागि बोनस दिए।
 #Person1#: तपाईंले कुनै केस अनुसन्धान गर्दा सामना गर्नुपरेका बाधाहरूको बारेमा बताउनुहोस्।
 #Person2#: मलाई एउटा केस याद छ जुन बाधाहरूले भरिएको थियो। मैले पहिले कागजातहरू र समान परिस्थिति भएका विगतका केसहरू अनुसन्धान गरेँ। मैले तथ्यहरू जम्मा गरेँ र त्यसपछि तिनीहरूलाई जोडेर अर्को कदम विश्लेषण गर्ने प्रयास गरेँ। मैले लन्चमा भेटेको अर्को वकिलबाट केही इनपुट लिन सकें। कडा काम र तथ्य खोजीमार्फत, मैले अधिकांश बाधाहरू पार गर्ने तरिका फेला पारेँ। मैले आफ्ना निष्कर्षहरू बोसलाई दिएँ र केही सिफारिसहरू गरेँ, जुन उनी र मैले छलफल गरेर अन्ततः समाधान गर्‍यौं। मेरो बोस मेरो कामबाट प्रभावित भए।
 #Person1#: तपाईंका बल र कमजोरीहरू के हुन्?
 #Person2#: मेरा बल भनेको काम पूरा गर्ने हेरचाह हो। म नतिजा-केन्द्रित छु र विगतका जागिरहरूमा सबै डेडलाइन पूरा गर्न सक्षम भएको छु। कमजोरीको हकमा, मलाई आफ्नो काम साँच्चै मन पर्छ, र कहिलेकाहीँ म धेरै समय दिन्छु। तर म आफ्नो अति काम गर्ने प्रवृत्तिबारे सचेत छु र आफूलाई थप गति मिलाउन सिकेको छु।
 #Person1#: तपाईंलाई सहकर्मी वा बोससँग टकराव भएको समयको बारेमा बताउनुहोस्।
 #Person2#: मलाई एकजनासँग समस्या थियो जो मेरो नसामा लाग्दै थिए। मैले एक दिन उनीसँग कुरा गर्न सक्छु कि भनेर सोधेँ, र हामीले राम्रो छलफल गर्‍यौं। उनी आफ्ना कार्यहरूको प्रभावबारे सचेत थिएनन् र उनीलाई प्रक्रियाको व्याख्या चाहिन्थ्यो भन्ने देखियो। मैले प्रक्रियाहरू व्याख्या गर्न समय लिएँ, र त्यस दिनपछि कुनै समस्या भएको छैन।
 #Person1#: तपाईं जागिर कहिले सन्तुष्ट पाउनुहुन्छ?
 #Person2#: मेरो सबैभन्दा ठूलो सन्तुष्टि तब हुन्छ जब म जागिरमा वृद्धि अनुभव गर्छु। जब म पहिलो पटक प्यारालिगलका रूपमा सुरु गरेँ, मलाई धेरै सिक्नुपर्थ्यो। तर कडा काम, केही राम्रा गुरुहरूको सल्लाह र निरन्तर शिक्षामार्फत, म धेरै अगाडि आएको छु। मैले सम्भव हुँदा लचिलो हुन र कठिन व्यक्तिहरूलाई सकारात्मक तरिकाले व्यवहार गर्न सिकेको छु।
 #Person1#: तपाईंका सहकर्मीहरू तपाईंलाई कसरी वर्णन गर्नेछन्?
 #Person2#: पहिलो, उनीहरू भन्नेछन् मसँग धेरै ऊर्जा र उत्साह छ। मलाई मानिसहरूसँग काम गर्न साँच्चै मन पर्छ। दोस्रो, उनीहरू भन्नेछन् मसँग उत्कृष्ट ग्राहक सेवा कौशल छ। म ग्राहकलाई पहिलो राख्छु। र तेस्रो, उनीहरू भन्नेछन् म कानून जान्दछु। मैले प्यारालिगलका रूपमा आफ्नो शिक्षामा धेरै प्रयास गरेको छु र यसलाई गम्भीरतापूर्वक लिन्छु।
 #Person1#: के तपाईंसँग कुनै प्रश्न छ?
 #Person2#: हो, छ। एकदेखि दसको स्केलमा, तपाईं यस कम्पनीको मनोबल कति भन्नुहुन्छ?","#Person1# ले #Person2# को अन्तर्वार्ता लिन्छन्, जो आफ्नो अनुसन्धान र लेखन कौशल प्रयोग गर्ने पद खोज्दैछन्। #Person2# अंग्रेजी मेजर हुन् र पछिल्लो दस महिनादेखि प्यारालिगलका रूपमा काम गर्दैछन्। #Person2# लचिलोपनलाई प्यारालिगलको मुख्य गुण ठान्छन्। #Person2# ले जागिर विवरणभन्दा माथि काम गर्नुपरेको समय, बाधाहरू सामना गरेको समय र सहकर्मीसँग टकरावको उदाहरण दिन्छन्। #Person2# बल र कमजोरी तथा सहकर्मीहरूले कसरी वर्णन गर्छन् भन्ने पनि बताउँछन्। #Person2# जागिरमा वृद्धि अनुभव गर्दा सन्तुष्ट पाउँछन्। #Person2# ले कम्पनीको मनोबल कति छ भनेर पनि सोध्छन्।",interview,"व्यक्तिले पछिल्लो १० महिनादेखि कानुनी क्षेत्रमा प्यारालिगलका रूपमा काम गर्दै आएको र श्रम कानूनमा विशेषज्ञता हासिल गरेको बताए। उनले अनुसन्धान, तथ्य विश्लेषण र लेखन कौशललाई प्रमुख बलका रूपमा प्रस्तुत गरे। सफल प्यारालिगलका लागि लचिलोपन र सञ्चार मुख्य गुण हुन् भन्ने उनको धारणा थियो। उनले आफ्नो अतिरिक्त प्रयासले गर्दा बोनस प्राप्त गरेको र कठिन परियोजनाहरूमा सफलता हासिल गरेको उदाहरण दिए। आफ्ना बल र कमजोरीका बारेमा बताउँदै उनले नतिजा-केन्द्रित र ग्राहक सेवा कौशललाई जोड दिए।","प्यारालिगल पेशामा व्यक्तिको अनुभव, योग्यता र सफलताका गुणहरू",Same Meaning,Different Meaning,Different Meaning,0.9,"The generated summary accurately represents the main ideas, facts, and entities from the dialogue, preserving the meaning despite differences in wording and structure. However, the generated topic ('प्यारालिगल पेशामा व्यक्तिको अनुभव, योग्यता र सफलताका गुणहरू') is more specific and detailed than the reference topic ('interview'), which is too broad and does not capture the focus on the interview context. The reference topic is a general term, while the generated topic narrows it down to the specific aspects discussed in the dialogue.",C,PC
train_5566,"#Person1#: Hello, again. Did you discuss everything with your colleagues?
 #Person2#: Yes, yes. It seems that everything is settled.
 #Person1#: Have you decided how you would like the salaries paid?
 #Person2#: We have discussed it and decided that at the moment we would like the salaries to be paid into the employees's accounts, whether they are currently with this bank or not.
 #Person1#: That's not a problem.
 #Person2#: Of course, if we are happy with the service after the initial period we will recommend all employees either transfer their accounts to this bank, or open new accounts with you.
 #Person1#: Thank you very much. We always welcome new customers.",#Person2# tells #Person1# they decided to have salaries to be paid into the employees' account and they'll possibly become new customers of the bank.,salary payment,"Person1 asks Person2 if all matters were discussed with colleagues, to which Person2 confirms. Person1 inquires about salary payment preferences, and Person2 states they prefer salaries to be paid into employees' accounts, regardless of the bank. Person1 agrees, and Person2 mentions they may recommend transferring or opening new accounts if satisfied with the service.",Salary payment arrangements and potential account transfers,Same Meaning,Same Meaning,Same Meaning,0.98,"The generated summary accurately captures the main ideas, facts, and entities from the dialogue, including the discussion about salary payment preferences and the potential for future account transfers. The generated topic correctly reflects the main subject of salary payment arrangements, with a slight expansion that aligns with the dialogue's content. No contradictions, omissions of critical facts, or introductions of extraneous information are present.","#Person1#: फेरि हेलो। के तपाईंले आफ्ना सहकर्मीहरूसँग सबै कुरा छलफल गर्नुभयो?
 #Person2#: हो, हो। सबै कुरा मिलेको जस्तो देखिन्छ।
 #Person1#: तपाईंले तलब कसरी भुक्तानी गर्ने निर्णय गर्नुभयो?
 #Person2#: हामीले छलफल गरेर निर्णय गर्‍यौं कि अहिले हामी कर्मचारीहरूका खातामा तलब जम्मा गर्न चाहन्छौं, चाहे उनीहरू हाल यस बैंकसँग हुन् वा होइनन्।
 #Person1#: त्यो कुनै समस्या होइन।
 #Person2#: अवश्य, यदि हामी प्रारम्भिक अवधपछि सेवाबाट खुसी भयौं भने हामी सबै कर्मचारीहरूलाई या त यस बैंकमा खाता सार्न वा नयाँ खाता खोल्न सिफारिस गर्नेछौं।
 #Person1#: धेरै धन्यवाद। हामी सधैं नयाँ ग्राहकहरूलाई स्वागत गर्छौं।",#Person2# ले #Person1# लाई उनीहरूले कर्मचारीहरूका खातामा तलब जम्मा गर्ने निर्णय गरेको र सम्भवतः बैंकका नयाँ ग्राहक बन्ने बताउँछन्।,salary payment,"#Person1# ले #Person2# लाई सोध्छन् कि उनले आफ्ना सहकर्मीहरूसँग सबै कुरा छलफल गरेका छन् कि छैनन्। #Person2# ले सबै कुरा मिलेको जवाफ दिन्छन्। त्यसपछि #Person1# ले तलब भुक्तानीको तरिका बारे सोध्छन्। #Person2# ले कर्मचारीहरूको तलब उनीहरूको खातामा जम्मा गर्ने निर्णय गरेको बताउँछन्, चाहे उनीहरू हाल यस बैंकमा आवद्ध भए पनि नभए पनि। साथै, यदि सेवाबाट सन्तुष्ट भएमा कर्मचारीहरूलाई यस बैंकमा खाता सार्न वा नयाँ खाता खोल्न सिफारिस गरिने पनि बताउँछन्। अन्त्यमा, #Person1# ले नयाँ ग्राहकहरूलाई स्वागत गर्ने बताउँछन्।",कर्मचारीहरूको तलब भुक्तानी र बैंकिङ सेवा सम्बन्धी निर्णय तथा नीतिको छलफल,Same Meaning,Same Meaning,Same Meaning,0.98,"The generated summary accurately captures the main idea of the dialogue, including the key points about salary payment decisions and the bank's policy for employees. It preserves all important entities (Person1, Person2, employees, bank) and facts without introducing contradictions or omissions. The generated topic correctly reflects the main topic of salary payment and related banking decisions, though it is slightly more detailed than the reference topic. The meaning remains consistent with the dialogue and reference.",C,C
train_9415,"#Person1#: Look at this armchair, what do you think?
 #Person2#: Oh, I'm not sure I like the design. It's too heavy looking. Is it comfortable?
 #Person1#: Try it.
 #Person2#: Uhm, It's really comfortable. And I'd like to have something this size. Our old armchair is way too small. This size is perfect.
 #Person1#: What do you think of the color?
 #Person2#: Well, green isn't my favorite color, but it's better than that terrible brown one we have now. It's OK I guess. But blue would be perfect.
 #Person1#: How much is it?
 #Person2#: Oh no, it's $999. That's really too expensive. We can't afford it right now.
 #Person1#: I know. Why don't we wait till next month for their midyear sale? It might be cheaper then.
 #Person2#: Hey, that's a good idea.",#Person1# suggests waiting till midyear sale to buy the comfortable green armchair since #Person1# cannot afford it now.,shopping,"Person1 shows Person2 an armchair, who initially dislikes its heavy design but finds it comfortable and suitable in size. Person2 prefers a different color (blue) over the green one but notes it's better than their current brown armchair. They consider the $999 price too high and decide to wait for a potential sale next month.",Discussion about purchasing an armchair,Same Meaning,Same Meaning,Same Meaning,0.98,"The generated summary accurately captures the main ideas of the dialogue, including the armchair's initial dislike, comfort, size suitability, color preference, price concern, and the decision to wait for a sale. The generated topic ('Discussion about purchasing an armchair') correctly reflects the shopping context of the dialogue. No contradictions, omissions of critical facts, or introductions of extraneous information are present.","#Person1#: यो आर्मचेयर हेर्नुहोस्, तपाईंलाई के लाग्छ?
 #Person2#: ओह, मलाई डिजाइन मन परेको छैन जस्तो लाग्छ। यो धेरै भारी देखिन्छ। के यो आरामदायी छ?
 #Person1#: प्रयास गर्नुहोस्।
 #Person2#: उह्म, यो साँच्चै आरामदायी छ। र म यति आकारको चाहन्छु। हाम्रो पुरानो आर्मचेयर धेरै सानो छ। यो आकार उत्तम छ।
 #Person1#: रङको बारेमा के भन्नुहुन्छ?
 #Person2#: खैर, हरियो मेरो मनपर्ने रङ होइन, तर हामीसँग अहिले भएको भयानक खैरोभन्दा राम्रो छ। ठिकै छ जस्तो लाग्छ। तर नीलो उत्तम हुनेथ्यो।
 #Person1#: यसको मूल्य कति हो?
 #Person2#: ओह होइन, यो $९९९ छ। त्यो साँच्चै धेरै महँगो छ। हामी अहिले किन्न सक्दैनौं।
 #Person1#: मलाई थाहा छ। किन अर्को महिना उनीहरूको मध्यवर्ष सेलसम्म नपर्खने? त्यसबेला सस्तो हुनसक्छ।
 #Person2#: हे, त्यो राम्रो विचार हो।",#Person1# ले आरामदायी हरियो आर्मचेयर किन्न मध्यवर्ष सेलसम्म पर्खन सुझाउँछन् किनकि अहिले किन्न सक्दैनन्।,shopping,"दुई व्यक्तिले नयाँ आर्मचेयरको डिजाइन, आराम, रङ र मूल्यको बारेमा छलफल गरे। पहिलो व्यक्तिले प्रस्ताव गरेको आर्मचेयरलाई दोस्रो व्यक्तिले आरामदायी भए पनि मूल्य धेरै महँगो ($९९९) भएको बताए। दोस्रो व्यक्तिले हरियो रङ मन नपरे पनि खैरोभन्दा राम्रो भएको र नीलो रङ उत्तम हुने बताए। पहिलो व्यक्तिले मध्यवर्ष सेलमा सस्तो पर्न सक्ने सुझाव दिए।",नयाँ आर्मचेयरको खरिद सम्बन्धी छलफल,Same Meaning,Same Meaning,Same Meaning,0.98,"The generated summary accurately captures the main ideas of the dialogue, including the discussion about the armchair's design, comfort, color preferences, price ($999), and the suggestion to wait for the mid-year sale. The generated topic correctly identifies the main subject as a discussion related to purchasing a new armchair. No contradictions, omissions of critical facts, or introductions of unrelated information are present.",C,C
train_10631,"#Person1#: Are you ready for your business dinner?
 #Person2#: Yes, we're going to the Seafood Palace.
 #Person1#: Well, you'll have some nice ocean views. But are you sure you want to eat seafood during a business meeting?
 #Person2#: Oh yeah. I guess it is kind of messy. Maybe I should just stick to salad.
 #Person1#: Salad could be a problem there, too. They never cut the lettuce small enough and it served in a big bowl. You can't really cut the lettuce yourself without making a lot of noise.
 #Person2#: I guess you're right.
 #Person1#: Maybe you could order soup or steak.
 #Person2#: Well, I'm definitely going to have a glass of wine.","#Person2# prepares a business dinner at the Seafood Palace, and #Person1# suggests order soup or steak instead of seafood which is kind of messy.",business dinner change,"Person1 advises Person2 to reconsider eating seafood at a business dinner at the Seafood Palace due to messiness, suggesting alternatives like salad, soup, or steak. Person2 agrees seafood might be problematic and considers ordering wine instead.",Choosing appropriate food for a business dinner,Same Meaning,Same Meaning,Same Meaning,0.98,"The generated summary accurately reflects the main idea of the dialogue, preserving important facts (e.g., seafood being messy, suggestions for alternatives like salad/soup/steak, and Person2 considering wine). The generated topic ('Choosing appropriate food for a business dinner') aligns with the reference topic ('business dinner change') as it captures the core concept of selecting suitable food for the occasion. No contradictions, omissions of critical details, or introductions of unrelated facts are present.","#Person1#: तपाईं आफ्नो व्यावसायिक डिनरका लागि तयार हुनुहुन्छ?
 #Person2#: हो, हामी सीफूड प्यालेस जाँदैछौं।
 #Person1#: खैर, तपाईंलाई राम्रो समुद्री दृश्य हुनेछ। तर के तपाईं व्यावसायिक बैठकमा समुद्री खाना खान चाहनुहुन्छ पक्का?
 #Person2#: ओह हो। मलाई लाग्छ यो अलि फोहोर हुन्छ। सायद म सलादमात्रै खानुपर्छ।
 #Person1#: सलाद पनि त्यहाँ समस्या हुनसक्छ। उनीहरूले लेट्युस कहिल्यै पर्याप्त सानो काट्दैनन् र ठूलो कचौरामा दिन्छन्। तपाईं आफैंले धेरै आवाज नगरी लेट्युस काट्न सक्नुहुन्न।
 #Person2#: मलाई लाग्छ तपाईं ठीक हुनुहुन्छ।
 #Person1#: सायद तपाईं सूप वा स्टेक अर्डर गर्न सक्नुहुन्छ।
 #Person2#: खैर, म अवश्य एउटा गिलास वाइन खानेछु।","#Person2# सीफूड प्यालेसमा व्यावसायिक डिनर तयार गर्छन्, र #Person1# ले फोहोर हुने समुद्री खानाको सट्टा सूप वा स्टेक अर्डर गर्न सुझाउँछन्।",business dinner change,#Person1# र #Person2# बीचको व्यावसायिक डिनरको तयारी सम्बन्धी संवादमा #Person2# ले सीफूड प्यालेसमा जाने निर्णय गरेका छन्। #Person1# ले समुद्री खाना व्यावसायिक बैठकको लागि उपयुक्त नहुन सक्ने सुझाव दिएपछि #Person2# ले सलाद खाने विचार गरे तर त्यसमा पनि समस्या रहेको बताए। अन्ततः #Person1# ले सूप वा स्टेक र #Person2# ले वाइन अर्डर गर्ने निर्णय गरे।,व्यावसायिक डिनरको लागि उपयुक्त खाना छनोट सम्बन्धी छलफल,Same Meaning,Different Meaning,Different Meaning,0.9,"The generated summary accurately represents the main idea, important facts, and entities from the dialogue, preserving the same meaning as the reference summary. However, the generated topic ('व्यावसायिक डिनरको लागि उपयुक्त खाना छनोट सम्बन्धी छलफल') introduces a more specific focus on 'food selection' which is not explicitly stated in the reference topic ('business dinner change'). While the generated topic is related, it is not a direct match to the reference topic's meaning.",C,PC
train_6554,"#Person1#: Good afternoon. May I help you?
 #Person2#: Can you change some money for me, please?
 #Person1#: Certainly. What currency do you want to change?
 #Person2#: Here it is: some Hong Kong dollars, American dollars and Japanese yen. How much will they be in English pounds?
 #Person1#: Just a moment. Let me find out all the exchange rates.
 #Person2#: Thanks.
 #Person1#: Here we are. That'll be 456 pounds altogether. How would you like the money?
 #Person2#: I'd like to open an account. I want to deposit the money in it.
 #Person1#: If you could just complete this form, we'll be happy to arrange that for you.",#Person1#'s helping #Person2# change some money and open an account to deposit the money in it.,banking service,"Person2 asks Person1 to exchange Hong Kong dollars, American dollars, and Japanese yen into British pounds. Person1 calculates the total as 456 pounds and offers to help Person2 open a bank account to deposit the money.",currency exchange and opening a bank account,Same Meaning,Same Meaning,Same Meaning,0.98,"The generated summary accurately captures the main idea of the dialogue, including the exchange of currencies and the subsequent offer to open a bank account. The generated topic correctly reflects the dual focus on currency exchange and opening a bank account, which aligns with the dialogue's content. Both the summary and topic preserve all important facts, entities, and actions from the original dialogue without introducing contradictions or omissions that would alter the meaning.","#Person1#: शुभ दिउँसो। म तपाईंलाई सहयोग गर्न सक्छु?
 #Person2#: के तपाईं मलाई केही पैसा साट्न सक्नुहुन्छ, कृपया?
 #Person1#: अवश्य। तपाईं कुन मुद्रा साट्न चाहनुहुन्छ?
 #Person2#: यहाँ छ: केही हङकङ डलर, अमेरिकी डलर र जापानी येन। यी अंग्रेजी पाउन्डमा कति हुन्छन्?
 #Person1#: एक क्षण। म सबै विनिमय दर पत्ता लगाउँछु।
 #Person2#: धन्यवाद।
 #Person1#: यहाँ छ। जम्मा ४५६ पाउन्ड हुनेछ। तपाईं पैसा कसरी चाहनुहुन्छ?
 #Person2#: म खाता खोल्न चाहन्छु। म यो पैसा त्यसमा जम्मा गर्न चाहन्छु।
 #Person1#: यदि तपाईं यो फारम भर्नुभयो भने, हामी त्यसको व्यवस्था गर्न खुसी हुनेछौं।",#Person1# ले #Person2# लाई पैसा साट्न र जम्मा गर्न खाता खोल्न मद्दत गर्छन्।,banking service,"व्यक्तिले पैसा साट्न र खाता खोल्न चाहेको संवादमा, व्यक्तिले हङकङ डलर, अमेरिकी डलर र जापानी येनलाई अंग्रेजी पाउन्डमा परिवर्तन गराउन चाहेको र सो पैसा खातामा जम्मा गर्न चाहेको बताएको थियो। व्यक्तिले दिएको विनिमय दर अनुसार कुल ४५६ पाउन्ड हुने र फारम भरेपछि खाता खोल्न सकिने जानकारी दिएको थियो।",विदेशी मुद्रा विनिमय र बैङ्क खाता खोल्ने प्रक्रिया,Same Meaning,Same Meaning,Same Meaning,0.98,"The generated summary accurately captures the main idea of the dialogue, including the exchange of money (HKD, USD, JPY to GBP) and the intention to open a bank account for deposit. It preserves all important facts, entities (currencies, amounts, bank account), and the sequence of events. The generated topic 'विदेशी मुद्रा विनिमय र बैङ्क खाता खोल्ने प्रक्रिया' correctly represents the main topic of the dialogue, which is banking services involving foreign currency exchange and account opening. No contradictions or omissions of critical information are present.",C,C
train_6255,"#Person1#: Dad, you've been driving for three hours. Why don't we have a switch?
 #Person2#: There're a lot of chuckholes on this old highway. Driving on it is experience-demanding.
 #Person1#: Trust me. I've been driving for two years.
 #Person2#: Ok. You drive and do be careful.",#Person2# has been driving for 3 hours so #Person1# suggests a switch. #Person2# accepts and tells #Person1# to be careful.,driving,"Person1 asks to switch driving duties after three hours, but Person2 declines due to rough road conditions. Person1 insists on their driving experience, and Person2 eventually agrees to let them drive, cautioning them to be careful.",discussion about switching driving duties,Same Meaning,Different Meaning,Same Meaning,0.98,"The generated summary accurately represents the main idea, facts, and entities of the dialogue, preserving the meaning despite different phrasing. The generated topic ('discussion about switching driving duties') is a valid interpretation of the dialogue's main subject but differs slightly from the reference topic ('driving'). The overall meaning remains consistent with the dialogue.","#Person1#: बाबा, तपाईं तीन घण्टादेखि गाडी चलाउँदै हुनुहुन्छ। किन हामी साट्दैनौं?
 #Person2#: यो पुरानो राजमार्गमा धेरै खाडलहरू छन्। यसमा चलाउन अनुभव चाहिन्छ।
 #Person1#: ममाथि विश्वास गर्नुहोस्। म दुई वर्षदेखि गाडी चलाउँदैछु।
 #Person2#: ठिकै छ। तिमी चलाऊ र सावधान रह।",#Person2# तीन घण्टादेखि गाडी चलाउँदैछन् त्यसैले #Person1# साट्न सुझाउँछन्। #Person2# स्वीकार गर्छन् र सावधान रहन भन्छन्।,driving,"एक व्यक्तिले तीन घण्टादेखि गाडी चलाइरहेको बाबुलाई गाडी साट्न प्रस्ताव गर्छ। बाबुले पुरानो राजमार्गमा खाडलहरू भएकाले अनुभव आवश्यक पर्ने बताउँछन्, तर अन्ततः व्यक्तिले गाडी चलाउन पाउँछन्।",गाडी चलाउने अनुभव र सावधानी,Same Meaning,Different Meaning,Different Meaning,0.9,"The generated summary accurately represents the main idea, facts, and entities of the dialogue, preserving the meaning of the reference summary. However, the generated topic ('गाडी चलाउने अनुभव र सावधानी') introduces additional concepts ('अनुभव र सावधानी') not explicitly emphasized in the dialogue or reference topic ('driving'). While the topic is related, it is not a direct representation of the main topic, which is simply 'driving'.",C,PC
train_3660,"#Person1#: May I help you?
 #Person2#: I'm returning a book.
 #Person1#: Do you need anything else?
 #Person2#: I also need to check out this video.
 #Person1#: This is all you want to check out?
 #Person2#: Just the video.
 #Person1#: I'm going to need your library card.
 #Person2#: I have it right here.
 #Person1#: You'll need to take care of the video.
 #Person2#: I will.
 #Person1#: We will fine you if you damage it.
 #Person2#: I get it. Thank you.",#Person2# returns a book and checks out a video with #Person1#'s assistance.,library,"Person2 returns a book and checks out a video at the library. Person1 verifies the items, asks for Person2's library card, and reminds them of the responsibility to take care of the video, warning about potential fines for damage.",Library book return and video checkout process,Same Meaning,Same Meaning,Same Meaning,0.98,"The generated summary accurately captures the main idea of the dialogue, including the key actions (returning a book, checking out a video), the roles of Person1 and Person2, and the additional details about the library card and fines. The generated topic correctly identifies the main subject as the library-related process involving book return and video checkout, aligning with the reference topic.","#Person1#: म तपाईंलाई सहयोग गर्न सक्छु?
 #Person2#: म किताब फर्काउँदैछु।
 #Person1#: अरू केही चाहिन्छ?
 #Person2#: म यो भिडियो पनि चेक आउट गर्न चाहन्छु।
 #Person1#: यति नै चेक आउट गर्न चाहनुहुन्छ?
 #Person2#: भिडियो मात्र।
 #Person1#: मलाई तपाईंको लाइब्रेरी कार्ड चाहिन्छ।
 #Person2#: मसँग ठीक यहाँ छ।
 #Person1#: तपाईंले भिडियोको हेरचाह गर्नुपर्नेछ।
 #Person2#: म गर्नेछु।
 #Person1#: यदि तपाईंले बिगार्नुभयो भने हामी जरिवाना लगाउनेछौं।
 #Person2#: बुझेँ। धन्यवाद।",#Person2# ले किताब फर्काउँछन् र #Person1# को सहयोगमा भिडियो चेक आउट गर्छन्।,library,"व्यक्तिको पुस्तक फिर्ता गर्ने क्रममा उसले थप एउटा भिडियो पनि चेक आउट गर्न चाहेको र पुस्तकालय कर्मचारीले भिडियो चेक आउट गर्नका लागि लाइब्रेरी कार्ड मागेको, भिडियोको हेरचाह गर्नुपर्ने र बिगारेमा जरिवाना लाग्ने कुरा बताएको संवाद।",पुस्तकालयमा भिडियो चेक आउट गर्ने प्रक्रिया र नियम,Same Meaning,Same Meaning,Same Meaning,0.98,"The generated summary accurately captures the main idea of the dialogue, including the key actions (returning a book, checking out a video), the request for a library card, the care instructions for the video, and the penalty for damage. The generated topic correctly identifies the context as a library-related process involving video checkout. Both align closely with the reference summary and topic while using different phrasing.",C,C
train_5936,"#Person1#: How did you like the dishes, Sir?
 #Person2#: Delicious. Everything was excellent here. Thank you!
 #Person1#: Do you want some coffee, tea, sir?
 #Person2#: No. thanks, I'm fine. Ah, just have the bill, please. How much is your service charge?
 #Person1#: Fifteen percent and it's included in your bill. Thank you very much, sir. We look forward to seeing you again.
 #Person2#: Sure, good night.",#Person2# enjoys the meal and #Person1# tells him the service charge is 15%.,service charge,"A customer compliments the dishes and service at a restaurant, declines further drinks, requests the bill, and asks about the service charge before leaving.",Restaurant dining experience and bill inquiry,Same Meaning,Different Meaning,Different Meaning,0.85,"The generated summary accurately captures the main ideas of the dialogue, including the customer's compliments, request for the bill, and inquiry about the service charge. However, the generated topic ('Restaurant dining experience and bill inquiry') is broader and less specific than the reference topic ('service charge'), which focuses on a key detail from the dialogue. While the generated topic is related, it does not match the reference topic's emphasis on the service charge.","#Person1#: सर, खाना कस्तो लाग्यो?
 #Person2#: स्वादिष्ट। यहाँ सबै उत्कृष्ट थियो। धन्यवाद!
 #Person1#: सर, केही कफी, चिया चाहियो?
 #Person2#: होइन धन्यवाद, म ठिक छु। अह, बिल मात्र दिनुहोस्। तपाईंको सेवा शुल्क कति हो?
 #Person1#: पन्ध्र प्रतिशत र यो तपाईंको बिलमा समावेश छ। धेरै धन्यवाद, सर। हामी तपाईंलाई फेरि भेट्न आशा गर्छौं।
 #Person2#: अवश्य, शुभ रात्री।",#Person2# ले खानाको आनन्द लिन्छन् र #Person1# ले सेवा शुल्क १५% छ भन्छन्।,service charge,"एक ग्राहकले खाना खाएपछि सेवा र खानाको गुणस्तरको बारेमा सकारात्मक प्रतिक्रिया दिए। उनले बिल मागे र सेवा शुल्क बारे सोधे। कर्मचारीले सेवा शुल्क १५ प्रतिशत रहेको र बिलमा समावेश भएको बताए। अन्त्यमा, ग्राहकले धन्यवाद दिए र बिदा भए।",खानाको गुणस्तर र सेवा शुल्क सम्बन्धी संवाद,Same Meaning,Same Meaning,Same Meaning,0.98,"The generated summary accurately captures the main idea of the dialogue, including the customer's positive feedback on food and service, the inquiry about the service charge, and the employee's response confirming the 15% service charge included in the bill. The generated topic correctly identifies the subject as a dialogue about food quality and service charge, matching the reference topic's intent. No contradictions or omissions of important facts are present.",PC,C
train_7653,"#Person1#: Hi, can I help you?
 #Person2#: Yes, please. I'm looking for a sofa.
 #Person1#: What about this one?
 #Person2#: May it be used as a sofa in the day and a bed during the night?
 #Person1#: Oh, you want a convertible sofa. This way, please. Over there is the one you want.",#Person1# shows #Person2# a convertible sofa that #Person2# wants.,convertible sofa,Person2 asks Person1 for help finding a sofa that can also function as a bed. Person1 guides them to a convertible sofa.,conversation about purchasing a convertible sofa,Same Meaning,Different Meaning,Different Meaning,0.9,"The generated summary accurately represents the main idea of the dialogue, preserving important facts (Person2 looking for a convertible sofa, Person1 guiding them to it). However, the generated topic ('conversation about purchasing a convertible sofa') introduces the concept of 'purchasing,' which is not explicitly mentioned in the dialogue (only 'looking for' is implied). The dialogue does not confirm a purchase, so the topic slightly alters the meaning by adding this detail.","#Person1#: हाइ, म तपाईंलाई सहयोग गर्न सक्छु?
 #Person2#: हो, कृपया। म सोफा खोज्दैछु।
 #Person1#: यो कस्तो छ?
 #Person2#: के यसलाई दिनमा सोफा र राति ओछ्यानका रूपमा प्रयोग गर्न सकिन्छ?
 #Person1#: ओह, तपाईं कन्भर्टिबल सोफा चाहनुहुन्छ। यता आउनुहोस्। त्यहाँ तपाईंले चाहेको छ।",#Person1# ले #Person2# लाई चाहेको कन्भर्टिबल सोफा देखाउँछन्।,convertible sofa,व्यक्तिले सोफाको बारेमा सोध्दै सहयोग मागेको र अर्को व्यक्तिले कन्भर्टिबल सोफा खोजेको बताएको। पहिलो व्यक्तिले सोफा देखाउँदै कन्भर्टिबल सोफा भएको बताएको।,कन्भर्टिबल सोफाको बारेमा सोधपुछ,Same Meaning,Same Meaning,Same Meaning,0.98,"The generated summary accurately captures the main idea of the dialogue, mentioning that Person2 is seeking a convertible sofa and Person1 shows them the desired convertible sofa. The generated topic correctly refers to the same main topic as the reference topic, which is about convertible sofas. No important facts, entities, or meaning are altered, omitted, or contradicted.",PC,C
train_1766,"#Person1#: Do you have any seats available? 
 #Person2#: Yes. This way please. 
 #Person1#: What's the special today? 
 #Person2#: I recommend our New English Pizza. 
 #Person1#: Then give me a large one and an egg drop soup. 
 #Person2#: Okay. Wait a minute please.",#Person2# helps #Person1# to order #Person1#'s meal.,recommend a pizza,"Person1 asks about available seats and the special of the day at a restaurant. Person2 guides them to a seat, recommends the New English Pizza, and Person1 orders a large pizza and egg drop soup.",Ordering food at a restaurant,Same Meaning,Different Meaning,Different Meaning,0.85,"The generated summary accurately represents the main idea of the dialogue, preserving important facts (seats, special, order details) and entities (Person1, Person2, New English Pizza, egg drop soup). However, the generated topic 'Ordering food at a restaurant' is broader than the reference topic 'recommend a pizza' and does not fully capture the specific focus on pizza recommendation. The summary is correct, but the topic diverges in scope and specificity.","#Person1#: के कुनै सिट खाली छ?
 #Person2#: हो। यता आउनुहोस्।
 #Person1#: आजको विशेष के छ?
 #Person2#: म हाम्रो न्यू इंग्लिश पिज्जा सिफारिस गर्छु।
 #Person1#: त्यसपछि मलाई ठूलो एक र एग ड्रप सूप दिनुहोस्।
 #Person2#: ठिकै छ। एक मिनेट पर्खनुहोस्।",#Person2# ले #Person1# लाई खाना अर्डर गर्न मद्दत गर्छन्।,recommend a pizza,एक व्यक्तिले रेस्टुरेन्टमा सिट खाली भएको सोध्छन्। कर्मचारीले स्वागत गर्दै विशेष पिज्जाको सिफारिस गर्छन्। व्यक्तिले ठूलो न्यू इंग्लिश पिज्जा र एग ड्रप सुप अर्डर गर्छन्। कर्मचारीले एक मिनेट पर्खन आग्रह गर्छन्।,रेस्टुरेन्टमा खाना अर्डर गर्ने संवाद,Same Meaning,Same Meaning,Same Meaning,0.98,"The generated summary accurately captures the main idea of the dialogue, including the key actions (asking for a seat, recommending a pizza, ordering food) and entities (New English Pizza, Egg Drop Soup). The generated topic correctly identifies the main subject as a conversation about ordering food in a restaurant, aligning with the reference topic 'recommend a pizza' in essence. No contradictions, omissions of critical facts, or introductions of extraneous information are present.",PC,C
train_1383,"#Person1#: You don't look very well. 
 #Person2#: I'm not feeling too well. I've caught a cold. 
 #Person1#: Is it because of the bad weather? It's been really miserable for the past tew days. 
 #Person2#: Hasn't it! It's been cold and windy recently. Do you like the weather here? 
 #Person1#: Not really, but I've got used to it now. 
 #Person2#: Oh, I'm going for a trip to New York this autumn. What's the weather like in New York? 
 #Person1#: Not quite good. It's windy and dry. We have got continental climate there. It's dry all the year round. Usually autumn is the best season of the year In New York. 
 #Person2#: Is it cold in autumn there? Should I take any warm clothes with me? 
 #Person1#: No, it isn't very cold at that time. You'll only need some light wool clothing with somejackets and shirts.","#Person2# has caught a cold because of the bad weather. #Person2#'s going on a trip to New York, so #Person1# tells about the weather there and suggests bringing some light wool clothing.",weather,"Person1 notices Person2 is unwell and attributes it to the bad weather. Person2 confirms having a cold and mentions recent cold and windy conditions. They discuss the weather in their current location and New York, where Person1 describes the continental climate and advises Person2 to pack light wool clothing and jackets for an upcoming autumn trip.",Discussion about weather and health,Same Meaning,Different Meaning,Different Meaning,0.9,"The generated summary accurately preserves the main ideas, facts, and entities from the dialogue, matching the reference summary's meaning. However, the generated topic 'Discussion about weather and health' introduces an additional concept ('health') not present in the reference topic ('weather'), which changes the focus. While the summary is correct, the topic does not strictly align with the reference topic.","#Person1#: तपाईं राम्रो देखिनुहुन्न।
 #Person2#: म ठिक महसुस गरिरहेको छैन। मलाई रुघा लागेको छ।
 #Person1#: के खराब मौसमका कारण हो? पछिल्ला केही दिन धेरै नराम्रो छ।
 #Person2#: होइन र! हालसालै चिसो र हावा चल्ने भएको छ। तपाईंलाई यहाँको मौसम मन पर्छ?
 #Person1#: खासै होइन, तर म अब बानी परेको छु।
 #Person2#: ओह, म यो शरद ऋतुमा न्युयोर्क यात्रामा जाँदैछु। न्युयोर्कमा मौसम कस्तो छ?
 #Person1#: खासै राम्रो छैन। हावा चल्ने र सुख्खा छ। त्यहाँ महाद्वीपीय जलवायु छ। वर्षभरि सुख्खा हुन्छ। सामान्यतया शरद ऋतु न्युयोर्कको वर्षको उत्तम मौसम हो।
 #Person2#: त्यहाँ शरद ऋतुमा चिसो हुन्छ? मसँग न्यानो कपडा लैजानुपर्छ?
 #Person1#: होइन, त्यसबेला धेरै चिसो हुँदैन। तपाईंलाई केही हल्का ऊनी कपडा र केही ज्याकेट तथा सर्ट मात्र चाहिन्छ।","#Person2# लाई खराब मौसमका कारण रुघा लागेको छ। #Person2# न्युयोर्क यात्रामा जाँदैछन्, त्यसैले #Person1# त्यहाँको मौसमबारे बताउँछन् र हल्का ऊनी कपडा लैजान सुझाउँछन्।",weather,#Person1# ले #Person2# लाई उनको स्वास्थ्य र न्युयोर्कको मौसम बारे सोध्छन्। #Person2# ले आफूलाई रुघा लागेको र हालसालैको चिसो मौसम बारे बताउँछन्। #Person1# ले आफूलाई यहाँको मौसम बानी परेको र न्युयोर्कको मौसम सामान्यतया राम्रो नभए पनि शरद ऋतु उत्तम समय भएको बताउँछन्। #Person2# ले न्युयोर्कको शरद ऋतुमा चिसो हुन्छ कि भनेर सोध्छन् र #Person1# ले त्यतिबेला धेरै चिसो नहुने र हल्का कपडा पर्याप्त हुने बताउँछन्।,मौसम र स्वास्थ्य सम्बन्धी संवाद,Same Meaning,Different Meaning,Same Meaning,0.98,"The generated summary accurately represents the main ideas, facts, and entities from the dialogue, including #Person1#, #Person2#, their health conditions, the discussion about New York's weather, and the advice on clothing. The topic 'मौसम र स्वास्थ्य सम्बन्धी संवाद' (Dialogue about weather and health) is a broader interpretation of the dialogue's main subjects but still aligns with the core themes. The reference topic 'weather' is too narrow as the dialogue also includes health-related content.",PC,C
train_7110,"#Person1#: Dad, how do you say this word?
 #Person2#: Sword, say it'sword'.
 #Person1#: What does this word mean?
 #Person2#: Look it up in the dictionary.
 #Person1#: Dad, can you just tell me what it means? I'm too lazy.
 #Person2#: No, honey, go and read it. You'll learn.","Dad teaches #Person1# the word 'Sword', and asks #Person1# to look up the meaning.",teach word,"A child asks their father the meaning of the word 'sword' and how to pronounce it. The father instructs the child to look it up in the dictionary instead of providing the answer directly, encouraging the child to learn independently.",Teaching a child to learn independently by using a dictionary,Same Meaning,Different Meaning,Same Meaning,0.98,"The generated summary accurately represents the main idea of the dialogue, preserving important facts (child asking about 'sword', father instructing to look it up) and entities (#Person1#, #Person2#, 'sword'). The topic 'Teaching a child to learn independently by using a dictionary' captures the essence of the dialogue but is more specific than the reference topic 'teach word'. While the reference topic is minimal, the generated topic does not contradict the dialogue and aligns with the summary's meaning.","#Person1#: बाबा, यो शब्द कसरी भन्ने?
 #Person2#: स्वर्ड, 'स्वोर्ड' भन।
 #Person1#: यो शब्दको अर्थ के हो?
 #Person2#: शब्दकोशमा हेर्।
 #Person1#: बाबा, तपाईं मलाई अर्थ मात्र बताइदिन सक्नुहुन्न? म धेरै अल्छी छु।
 #Person2#: होइन, प्रिय, गएर पढ। तिमीले सिक्नेछौ।","बाबाले #Person1# लाई 'Sword' शब्द सिकाउँछन्, र अर्थ हेर्न भन्छन्।",teach word,"एक बालकले बाबुलाई 'स्वर्ड' शब्द कसरी उच्चारण गर्ने र यसको अर्थ के हो भनी सोध्छ। बाबुले शब्दकोश हेर्न सुझाव दिन्छन्, तर बालकले अल्छी गरेपछि बाबुले उसलाई स्वयं पढ्न र सिक्न प्रेरित गर्छन्।",शब्दको अर्थ र उच्चारण सिक्ने क्रममा बालक र बाबुबीचको संवाद,Same Meaning,Same Meaning,Same Meaning,0.98,"The generated summary accurately captures the main idea of the dialogue, including the interaction between the child and father, the word 'स्वर्ड' (sword), the request for its meaning, the suggestion to check the dictionary, the child's laziness, and the father's encouragement to learn by reading. The generated topic correctly refers to the same main topic of learning the meaning and pronunciation of a word through a dialogue between a child and father. No contradictions, omissions of critical facts, or introductions of unrelated entities are present.",C,C
train_9000,"#Person1#: Bobby! Come here, look what I got you!
 #Person2#: What is that?
 #Person1#: A chess board! Daddy is going to teach you how to play!
 #Person2#: Cool!
 #Person1#: Ok, each player gets 16 pieces. You can be the white ones and I'll play with the black pieces. Now in the front, you set up the pawns. Those are the least valuable pieces and can only move one space forward. When you are about to capture another piece, it can move one space diagonally.
 #Person2#: What about all these other pieces?
 #Person1#: See this one that looks like a tower? It's called the rook. The one with the tall hat is called the bishop. See this little horsey? This is called the knight, it's a very important piece so it's best to not let your opponent capture it.
 #Person2#: And these two? They are husband and wife?
 #Person1#: That's right! That's the queen and that's the king. If the other player captures your king, he will say Check Mate and the game is over! Doesn't this sound fun?
 #Person2#: Nah! This is boring! I'm gonna go play Killer Zombies on my PlayStation!",#Person1# shows Bobby a chessboard and teaches him the rules to play chess. #Person1# also introduces the name of different pieces. But Bobby thinks it's boring and will go play his PlayStation.,play chess,"Person1 introduces a chess board to Person2, explaining the rules and pieces, but Person2 finds it boring and prefers to play Killer Zombies on their PlayStation instead.",Introduction to chess and Person2's disinterest,Same Meaning,Same Meaning,Same Meaning,0.98,"The generated summary accurately captures the main idea of the dialogue, including the introduction of the chessboard, the explanation of rules and pieces, and Person2's disinterest in playing chess. The generated topic correctly reflects the main topic of introducing chess and Person2's disinterest. Both preserve all important facts, entities, and meaning from the original dialogue and reference.","#Person1#: बबी! यहाँ आउ, हेर म तिमीलाई के दिएँ!
 #Person2#: त्यो के हो?
 #Person1#: चेस बोर्ड! बाबाले तिमीलाई खेल्न सिकाउनेछन्!
 #Person2#: कूल!
 #Person1#: ठिकै छ, प्रत्येक खेलाडीलाई १६ टुक्रा मिल्छ। तिमी सेता हुन सक्छौ र म कालासँग खेल्छु। अब अगाडि, तिमी प्याउनहरू राख। ती सबैभन्दा कम मूल्यवान टुक्रा हुन् र एक ठाउँ अगाडि मात्र सर्न सक्छन्। जब तिमी अर्को टुक्रा कब्जा गर्न लाग्छौ, यो एक ठाउँ तिरछा सर्न सक्छ।
 #Person2#: अरू यी सबै टुक्राहरूको बारेमा के?
 #Person1#: यो टावरजस्तो देखिने हेर्? यसलाई रूक भनिन्छ। अग्लो टोपी भएकोलाई बिशप भनिन्छ। यो सानो घोडा हेर्? यसलाई नाइट भनिन्छ, यो धेरै महत्वपूर्ण टुक्रा हो त्यसैले विरोधीलाई कब्जा गर्न नदिनु राम्रो।
 #Person2#: र यी दुई? यी पति-पत्नी हुन्?
 #Person1#: ठीक छ! त्यो रानी र त्यो राजा हो। यदि अर्को खेलाडीले तिम्रो राजालाई कब्जा गर्‍यो भने, उनी चेक मेट भन्नेछन् र खेल सकिन्छ! यो रमाइलो लाग्दैन?
 #Person2#: नाह! यो बोरिङ छ! म मेरो प्लेस्टेसनमा किलर जोम्बीज खेल्न जान्छु!",#Person1# ले बबीलाई चेस बोर्ड देखाउँछन् र चेस खेल्ने नियम सिकाउँछन्। #Person1# ले विभिन्न टुक्राका नाम पनि परिचय गराउँछन्। तर बबीलाई बोरिङ लाग्छ र उनी प्लेस्टेसन खेल्न जान्छन्।,play chess,"एक व्यक्तिले अर्कोलाई चेस बोर्ड र खेल्ने तरिका बताउँदै गरेको संवाद। उसले चेसका विभिन्न टुक्राहरू (प्याउन, रूक, बिशप, नाइट, रानी, राजा) र तिनीहरूका नियमहरू बारे बताएको छ। तर अर्को व्यक्तिले चेस खेल्न मन नगरी आफ्नो प्लेस्टेसनमा किलर जोम्बीज खेल्न जाने बताएको छ।",चेस खेलको परिचय र नियमहरू,Same Meaning,Different Meaning,Different Meaning,0.9,"The generated summary accurately represents the main idea, important facts, entities, and meaning of the dialogue, matching the reference summary. However, the generated topic ('चेस खेलको परिचय र नियमहरू') introduces additional concepts ('परिचय') not present in the dialogue or reference topic ('play chess'). The dialogue focuses solely on introducing chess and its rules, not providing a general introduction to chess as a game. The reference topic is more aligned with the dialogue's content.",C,PC
train_4770,"#Person1#: How many people are traveling with you today, miss?
 #Person2#: Just me. I'm traveling alone.
 #Person1#: And how many bags do you have?
 #Person2#: Just one carry-on and one that I want to check.
 #Person1#: You must be going to some island to relax in the sun where all you need is a swim suit and a toothbrush.
 #Person2#: That's right.
 #Person1#: Well, you have fun.
 #Person2#: I will have fun.",#Person2# tells #Person1# she's travelling alone. #Person1# checks the bag and lets her go.,travel,"A traveler informs an agent that she is traveling alone with one carry-on and one checked bag, likely for a relaxing trip to an island.",travel arrangements,Same Meaning,Different Meaning,Different Meaning,0.85,"The generated summary accurately represents the main idea and important facts of the dialogue, preserving entities (traveler, agent, carry-on, checked bag) and the context (traveling alone for a relaxing trip). However, the generated topic 'travel arrangements' is more specific than the reference topic 'travel' and introduces a narrower focus not explicitly stated in the dialogue. While related, it is not a direct match in scope.","#Person1#: आज तपाईंसँग कति जना यात्रा गर्दैछन्, मिस?
 #Person2#: म मात्र। म एक्लै यात्रा गर्दैछु।
 #Person1#: र तपाईंसँग कति झोला छन्?
 #Person2#: एउटा क्यारी-अन र एउटा चेक गर्न चाहेको।
 #Person1#: तपाईं अवश्य कुनै टापुमा घाममा आराम गर्न जाँदै हुनुहुन्छ जहाँ स्विम सुट र टुथब्रस मात्र चाहिन्छ।
 #Person2#: ठीक छ।
 #Person1#: खैर, रमाइलो गर्नुहोस्।
 #Person2#: म रमाइलो गर्नेछु।",#Person2# ले #Person1# लाई उनी एक्लै यात्रा गर्दैछिन् भन्छिन्। #Person1# झोला जाँच गर्छन् र जान दिन्छन्।,travel,व्यक्तिले एक्लै यात्रा गर्दै गरेको र उसँग एउटा क्यारी-अन झोला तथा एउटा चेक गर्न चाहेको झोला रहेको बताएको छ। अर्को व्यक्तिले उसलाई टापुमा आराम गर्न जाने सुझाव दिएको छ।,एक्लै यात्रा गर्दै गरेको व्यक्तिको यात्रा सामग्री र गन्तव्य बारेको संवाद,Same Meaning,Different Meaning,Different Meaning,0.85,"The generated summary accurately represents the main idea of the dialogue, preserving important facts (e.g., traveling alone, carrying a carry-on and checked bag, suggestion to relax on an island). However, the generated topic ('एक्लै यात्रा गर्दै गरेको व्यक्तिको यात्रा सामग्री र गन्तव्य बारेको संवाद') introduces additional details (e.g., 'यात्रा सामग्री र गन्तव्य') not explicitly mentioned in the reference topic ('travel'). While the topic is related, it is not identical in scope or focus to the reference topic.",PC,PC
train_2250,"#Person1#: Hello, Barbara. Welcome back. You look great.
 #Person2#: Rod, it's lovely to see you again.
 #Person1#: How was your trip?
 #Person2#: Fun, but tiring. Milan was interesting. It's bigger than I expected, noisier and dirtier too.
 #Person1#: And Florence? What did you think of Florence?
 #Person2#: Well, I didn't go there. Have you been there?
 #Person1#: No, I've never been to Italy. I'd really like to go to Rome. Well, the cars in the car park. Is this all your luggage?
 #Person2#: Yes, but the suitcase is very heavy.
 #Person1#: Barbara, what's in it? Books or stones?
 #Person2#: Just 20 pairs of shoes.",Barbara tells Rod about her trip to Milan. Rod then finds Barbara's suitcase is very heavy.,trip to Milan,"Person1 greets Barbara and asks about her trip to Italy. Barbara mentions that Milan was interesting but tiring, and she did not visit Florence. Person1 expresses interest in visiting Rome and notices Barbara's heavy luggage, joking about its contents. Barbara reveals she packed 20 pairs of shoes.",Discussion about Barbara's trip to Italy and observations about her luggage,Same Meaning,Different Meaning,Different Meaning,0.85,"The generated summary accurately represents the main ideas, facts, and entities from the dialogue, preserving the meaning of the reference summary. However, the generated topic ('Discussion about Barbara's trip to Italy and observations about her luggage') introduces additional elements (observations about luggage) not present in the reference topic ('trip to Milan'), which changes the focus. While the generated topic is not incorrect, it does not match the reference topic's specificity.","#Person1#: हेलो, बार्बरा। फर्कनुभएकोमा स्वागत छ। तपाईं राम्री देखिनुहुन्छ।
 #Person2#: रड, तपाईंलाई फेरि भेट्दा खुसी लाग्यो।
 #Person1#: तपाईंको यात्रा कस्तो थियो?
 #Person2#: रमाइलो, तर थकान। मिलान रोचक थियो। मैले अपेक्षा गरेभन्दा ठूलो, बढी कोलाहलपूर्ण र फोहोर पनि।
 #Person1#: र फ्लोरेन्स? फ्लोरेन्सबारे तपाईंलाई के लाग्यो?
 #Person2#: खैर, म त्यहाँ गएन। तपाईं त्यहाँ जानुभएको छ?
 #Person1#: होइन, म कहिल्यै इटाली गएको छैन। म साँच्चै रोम जान चाहन्छु। खैर, कार पार्कमा कारहरू। के यति नै तपाईंको सामान हो?
 #Person2#: हो, तर सुटकेस निकै भारी छ।
 #Person1#: बार्बरा, यसमा के छ? किताब वा ढुंगा?
 #Person2#: केवल २० जोडी जुत्ता।",बार्बराले रडलाई मिलानको यात्राबारे बताउँछिन्। रडले त्यसपछि बार्बराको सुटकेस निकै भारी रहेको पाउँछन्।,trip to Milan,"रड र बार्बराबीच भएको कुराकानीमा बार्बराले आफ्नो इटालीको यात्राको अनुभव सुनाउँछिन्। उनले मिलानलाई अपेक्षा गरेभन्दा ठूलो, कोलाहलपूर्ण र फोहोर भएको बताउँछिन्। बार्बरा फ्लोरेन्स गएकी थिइनन् भने रडले रोम जाने इच्छा व्यक्त गर्छन्। बार्बराको सामान निकै भारी रहेको र त्यसमा २० जोडी जुत्ता रहेको थाहा हुन्छ।",इटालीको यात्रा अनुभव र व्यक्तिगत रुचिको चर्चा,Same Meaning,Different Meaning,Different Meaning,0.85,"The generated summary accurately represents the main ideas, facts, entities, and subject of the dialogue, preserving all important details. However, the generated topic ('इटालीको यात्रा अनुभव र व्यक्तिगत रुचिको चर्चा') is broader than the reference topic ('trip to Milan') and introduces additional concepts (personal interests) not explicitly mentioned in the dialogue or reference topic. While the summary is correct, the topic diverges in scope and focus.",PC,PC
train_12361,"#Person1#: Well, Lucy. Why do you look unhappy?
 #Person2#: Oh, Mike. I've made 3 bad mistakes so far this week. This morning I forgot to give a very important message to my father, so he got really angry with me.
 #Person1#: But you're usually very careful and never make mistakes. What's the matter with you?
 #Person2#: I'm very tired. I don't know what I'm doing these days.
 #Person1#: Have you gone to bed late recently?
 #Person2#: I'm usually embedded about 10:00, but I have been woken up at 4:30 every morning. And then I can't go back to sleep.
 #Person1#: Why?
 #Person2#: It's my new neighbor. He has to get up at 4:30 every morning and he always turns his radio on loudly.
 #Person1#: Ask him to turn it down then.
 #Person2#: OK. I'll have to talk with him.",Lucy's been tired this week because her neighbor gets up very early and makes noises that wake her up. Mike suggests Lucy talk to the neighbor.,bad mistakes,"Lucy explains to Mike that she has made several mistakes this week, including forgetting to deliver an important message to her father, due to her exhaustion. She mentions being woken up at 4:30 AM daily by her new neighbor's loud radio, which prevents her from sleeping well.",Lucy's recent mistakes and sleep disturbances caused by her neighbor,Same Meaning,Different Meaning,Different Meaning,0.85,"The generated summary accurately represents the main idea of the dialogue, preserving important facts (mistakes, exhaustion, neighbor's noise, sleep disturbances) and entities (Lucy, Mike, father, neighbor). However, the generated topic ('Lucy's recent mistakes and sleep disturbances caused by her neighbor') introduces an additional concept ('sleep disturbances caused by her neighbor') that is not the primary focus of the reference topic ('bad mistakes'). While the generated topic is related to the dialogue, it does not match the reference topic's emphasis on 'bad mistakes' as the main topic.","#Person1#: खैर, लुसी। तिमी किन दुखी देखिन्छौ?
 #Person2#: ओह, माइक। मैले यो हप्ता अहिलेसम्म ३ वटा नराम्रा गल्ती गरेकी छु। आज बिहान मैले बुबालाई धेरै महत्वपूर्ण सन्देश दिन बिर्सेँ, त्यसैले उहाँ मसँग साँच्चै रिसाउनुभयो।
 #Person1#: तर तिमी सामान्यतया धेरै होसियार छौ र कहिल्यै गल्ती गर्दिनौ। तिमीलाई के भएको छ?
 #Person2#: म धेरै थकित छु। मलाई थाहा छैन यी दिनहरूमा म के गरिरहेकी छु।
 #Person1#: तिमी हालसालै ढिलो सुतेकी छौ?
 #Person2#: म सामान्यतया १०:०० तिर सुत्छु, तर मलाई हरेक बिहान ४:३० बजे उठाइन्छ। र त्यसपछि म फेरि सुत्न सक्दिनँ।
 #Person1#: किन?
 #Person2#: मेरो नयाँ छिमेकी। उनी हरेक बिहान ४:३० बजे उठ्नुपर्छ र उनी सधैं रेडियो ठूलो आवाजमा खोल्छन्।
 #Person1#: त्यसपछि उनलाई कम गर्न भन।
 #Person2#: ठिकै छ। म उनीसँग कुरा गर्नुपर्नेछ।",लुसी यो हप्ता थकित छिन् किनकि उनको छिमेकी धेरै बिहानै उठ्छन् र आवाज निकाल्छन् जसले उनलाई उठाउँछ। माइकले छिमेकीसँग कुरा गर्न सुझाउँछन्।,bad mistakes,"लुसीले यस हप्ता तीन वटा गल्ती गरेकी छिन्, जसमा बुबालाई महत्वपूर्ण सन्देश नदिइकन रिसाउनु परेको थियो। उनी थकित भएको र निन्द्रा पूरा नभएको कारण गल्ती गरेको बताउँछिन्। उनको निन्द्रा खलबलिएको कारण नयाँ छिमेकीले बिहान ४:३० बजे रेडियो ठूलो आवाजमा बजाउनु हो। माइकले छिमेकीलाई आवाज कम गर्न सुझाव दिएका छन्।",निन्द्राको कमी र व्यक्तिगत तनावका कारण हुन सक्ने गल्तीहरू,Same Meaning,Different Meaning,Same Meaning,0.98,"The generated summary accurately captures the main idea, important facts, and entities from the dialogue, matching the reference summary's meaning. The generated topic, while related to the dialogue's themes, introduces additional concepts ('व्यक्तिगत तनाव') not explicitly present in the dialogue or reference topic ('bad mistakes'). However, the core idea of mistakes caused by sleep deprivation is preserved.",PC,C
train_5980,"#Person1#: good morning! 
 #Person2#: good morning, Gav! Did you sleep well last night? 
 #Person1#: I slept like a baby. I fell asleep right away last night, didn't wake up once, and didn't have nay nightmares! 
 #Person2#: that's great news! You look much more relaxed than you did yesterday. 
 #Person1#: I feel much better, but I'm still worried about something. 
 #Person2#: what's that? 
 #Person1#: well, I have to drive to school for a meeting this morning, and I'm going to end up getting stuck in rush-hour traffic. 
 #Person2#: that's annoying, but nothing to worry about. 
 #Person1#: for me, traffic jams are quite stressful, because I'm pretty impatient. How can I prevent myself from getting stressed if I get stuck in a traffic jam? 
 #Person2#: just btrathe deeply when you feel yourself getting upset. 
 #Person1#: Ok, I'll try that. 
 #Person2#: is there anything else bothering you? 
 #Person1#: just one more thing. A school called me this morning to see if I could teach a few classes this weekend and I don't know what to do. 
 #Person2#: do you have any other plans this weekend? 
 #Person1#: I'm supposed to work on a paper that'd due on Monday. 
 #Person2#: try not to take on more than you can handle. 
 #Person1#: you're right. I probably should just work on my paper. Thanks!","Gav tells #Person2# that he slept well but still worries about something. He feels stressed when caught in the traffic jam, and #Person2# gives him suggestions. A school called Gav to teach classes but he has the paper due. #Person2# advises Gav to take on things he can handle.",relax,Person1 greets Person2 in the morning and mentions having slept well. Person1 expresses concern about driving to school during rush-hour traffic due to impatience. Person2 advises deep breathing to manage stress. Person1 also mentions receiving a call to teach classes over the weekend but is unsure due to a pending paper deadline. Person2 advises against overcommitting.,Discussion about stress management during commute and balancing work commitments,Same Meaning,Different Meaning,Different Meaning,0.85,"The generated summary accurately captures the main ideas, facts, and entities from the dialogue, preserving the same meaning as the reference summary. However, the generated topic ('Discussion about stress management during commute and balancing work commitments') introduces additional concepts (stress management during commute, balancing work commitments) not explicitly present in the reference topic ('relax') or the dialogue. While the dialogue does discuss stress and commitments, the reference topic is minimal and abstract ('relax'), making the generated topic overly specific and not matching the reference topic's meaning.","#Person1#: शुभ प्रभात!
 #Person2#: शुभ प्रभात, ग्याभ! तपाईंले राति राम्रोसँग सुत्नुभयो?
 #Person1#: म बच्चाजस्तै सुतेँ। म तुरुन्तै सुतेँ, एक पटक पनि उठिनँ, र कुनै दुःस्वप्न पनि आएन!
 #Person2#: त्यो राम्रो खबर हो! तपाईं हिजोभन्दा धेरै आरामदायी देखिनुहुन्छ।
 #Person1#: म धेरै राम्रो महसुस गर्छु, तर म अझै केही कुराबारे चिन्तित छु।
 #Person2#: त्यो के हो?
 #Person1#: खैर, मलाई आज बिहान स्कूलमा बैठकका लागि गाडी चलाउनुपर्छ, र म व्यस्त समयको ट्राफिकमा अड्किनेछु।
 #Person2#: त्यो झन्झट हो, तर चिन्ता लिनुपर्ने कुरा होइन।
 #Person1#: मेरो लागि, ट्राफिक जाम निकै तनावपूर्ण हुन्छ, किनकि म निकै अधीर छु। यदि म ट्राफिक जाममा अड्किएँ भने तनावबाट कसरी बच्ने?
 #Person2#: जब तपाईं आफूलाई रिसाएको महसुस गर्नुहुन्छ गहिरो सास फेर्नुहोस्।
 #Person1#: ठिकै छ, म त्यो प्रयास गर्नेछु।
 #Person2#: अरू केही कुराले तपाईंलाई सताइरहेको छ?
 #Person1#: केवल एउटा कुरा। एउटा स्कूलले मलाई आज बिहान फोन गरेर यो सप्ताहन्तमा केही कक्षा पढाउन सकिन्छ कि भनेर सोध्यो र मलाई के गर्ने थाहा छैन।
 #Person2#: तपाईंसँग यो सप्ताहन्तका लागि अरू कुनै योजना छ?
 #Person1#: म सोमबार बुझाउनुपर्ने पेपरमा काम गर्नुपर्ने हो।
 #Person2#: आफूले सम्हाल्न सक्नेभन्दा बढी नलिएर प्रयास गर्नुहोस्।
 #Person1#: तपाईं ठीक हुनुहुन्छ। म सायद पेपरमा मात्र काम गर्नुपर्छ। धन्यवाद!","ग्याभले #Person2# लाई राम्रोसँग सुतेको तर अझै केही चिन्तित रहेको बताउँछन्। उनी ट्राफिक जाममा तनाव महसुस गर्छन्, र #Person2# सल्लाह दिन्छन्। स्कूलले कक्षा पढाउन भन्यो तर उनीसँग पेपर छ। #Person2# ले आफूले सम्हाल्न सक्ने कुरा मात्र लिन सल्लाह दिन्छन्।",relax,"व्यक्तिले राति राम्रो निद्रा लिएको र आज बिहान ऊर्जावान महसुस गरेको बताए। तर, उसलाई ट्राफिक जाम र स्कूलबाट आएको अतिरिक्त कक्षा पढाउने प्रस्तावले चिन्तित बनाएको थियो। साथीले गहिरो सास फेर्ने र आफ्नो क्षमताभन्दा बढी काम नगर्न सुझाव दिए।",व्यक्तिको चिन्ता र साथीको सुझाव,Same Meaning,Different Meaning,Same Meaning,0.98,"The generated summary accurately captures the main ideas, important facts, and entities from the dialogue, preserving the meaning of the reference summary. The generated topic ('व्यक्तिको चिन्ता र साथीको सुझाव') refers to the same main topic (relaxation/concern and advice) but is phrased differently. The reference topic 'relax' is too vague and does not fully capture the dialogue's focus on concern and advice, making the generated topic more accurate.",PC,C
train_6482,"#Person1#: I just called Mr. Smith in Room 201, but there was no reply. Would you find out if he's still staying there?
 #Person2#: All right. One moment, please. . . No, Mr. Smith checked out this morning.
 #Person1#: Oh, he did? May I have his forwarding address, please?
 #Person2#: I'm afraid he didn't leave one.",#Person2# tells #Person1# Mr. Smith has checked out without leaving a forwarding address.,forwarding address,"Person1 asks Person2 to check if Mr. Smith, who was in Room 201, is still staying there, but Person2 informs that Mr. Smith checked out that morning and did not leave a forwarding address.",inquiry about a guest's whereabouts and forwarding address,Same Meaning,Different Meaning,Same Meaning,0.98,"The generated summary accurately represents the main idea, facts, and entities from the dialogue, preserving all critical details. The topic is broader than the reference ('forwarding address') but still related to the dialogue's content. The reference topic focuses narrowly on the forwarding address, while the generated topic captures the broader inquiry context. The meaning is not contradictory or altered, but the scope differs slightly.","#Person1#: मैले भर्खरै रुम २०१ मा मिस्टर स्मिथलाई फोन गरेँ, तर कुनै जवाफ आएन। के तपाईं उनी अझै त्यहाँ बसिरहेका छन् कि छैनन् पत्ता लगाउन सक्नुहुन्छ?
 #Person2#: ठिकै छ। एक क्षण, कृपया... होइन, मिस्टर स्मिथ आज बिहान चेक आउट गर्नुभयो।
 #Person1#: ओह, उहाँले गर्नुभयो? के म उहाँको फर्वार्डिङ ठेगाना पाउन सक्छु, कृपया?
 #Person2#: मलाई डर लाग्छ उहाँले कुनै छोड्नुभएन।",#Person2# ले #Person1# लाई मिस्टर स्मिथले फर्वार्डिङ ठेगाना नछोडिकन चेक आउट गरेको बताउँछन्।,forwarding address,#Person1# ले #Person2# लाई रुम २०१ मा मिस्टर स्मिथलाई फोन गरेर जवाफ नआएको र उनी अझै त्यहाँ बसिरहेका छन् कि छैनन् भनेर सोधे। #Person2# ले मिस्टर स्मिथ आज बिहान चेक आउट गरेको र कुनै फर्वार्डिङ ठेगाना नछोडेको बताए।,मिस्टर स्मिथको चेक आउट र फर्वार्डिङ ठेगाना सम्बन्धी जानकारी,Same Meaning,Same Meaning,Same Meaning,0.98,"The generated summary accurately captures the main idea of the dialogue, preserving all important facts (Person1 calling Room 201, Mr. Smith not answering, Mr. Smith checking out, no forwarding address left). The generated topic correctly refers to the same main topic (Mr. Smith's check-out and forwarding address information) as the reference topic. No contradictions, omissions of critical facts, or introductions of unrelated entities are present.",C,C
train_7108,"#Person1#: Can I help you?
 #Person2#: Yes, my brakes are not working well.
 #Person1#: What's wrong with them?
 #Person2#: I hear a noise and feel vibrations when step on the brake.
 #Person1#: The front brake?
 #Person2#: I think so.
 #Person1#: What kind of car is it?
 #Person2#: Toyota Corolla 2002.
 #Person1#: Write down your name and address, give me the key, and I will check it out.
 #Person2#: Do you charge for checking it out?
 #Person1#: No.
 #Person2#: How long is it going to take?
 #Person1#: About half an hour.
 #Person2#: I'll wait.",#Person1# helps #Person2# to fix breaks. #Person1# says it will take about half an hour.,fix breaks,"Person2 reports issues with their Toyota Corolla 2002's brakes, including noise and vibrations when braking. Person1 offers to inspect the brakes for free and estimates it will take about half an hour.",brake inspection for a Toyota Corolla 2002,Same Meaning,Same Meaning,Same Meaning,0.98,"The generated summary accurately captures the main idea of the dialogue, including the reported brake issues, the car model, the offer to inspect for free, and the estimated time. The generated topic correctly identifies the focus on brake inspection for the specific car model mentioned. Both preserve all important facts, entities, and the main subject without introducing contradictions or omissions that alter the meaning.","#Person1#: म तपाईंलाई सहयोग गर्न सक्छु?
 #Person2#: हो, मेरो ब्रेक राम्रोसँग काम गरिरहेको छैन।
 #Person1#: तिनीहरूमा के समस्या छ?
 #Person2#: ब्रेक थिच्दा म आवाज सुन्छु र कम्पन महसुस गर्छु।
 #Person1#: अगाडिको ब्रेक?
 #Person2#: मलाई लाग्छ।
 #Person1#: कस्तो कार हो?
 #Person2#: टोयोटा कोरोला २००२।
 #Person1#: आफ्नो नाम र ठेगाना लेख्नुहोस्, मलाई साँचो दिनुहोस्, र म जाँच गर्नेछु।
 #Person2#: जाँच गर्न शुल्क लाग्छ?
 #Person1#: होइन।
 #Person2#: कति समय लाग्छ?
 #Person1#: करिब आधा घण्टा।
 #Person2#: म पर्खन्छु।",#Person1# ले #Person2# लाई ब्रेक ठीक गर्न मद्दत गर्छन्। #Person1# भन्छन् करिब आधा घण्टा लाग्छ।,fix breaks,"व्यक्तिले आफ्नो टोयोटा कोरोला २००२ को अगाडिको ब्रेकमा आवाज र कम्पनको समस्या भएको बताए। व्यक्तिले सहयोग प्रस्ताव गरे र ब्रेक जाँच गर्ने प्रस्ताव गरे, जुन निःशुल्क थियो र करिब आधा घण्टा लाग्ने बताए। व्यक्तिले नाम र ठेगाना लिएर ब्रेक जाँच गर्ने सहमति जनाए।",टोयोटा कोरोला २००२ को ब्रेकमा आएको समस्याको निराकरण र निःशुल्क ब्रेक जाँच,Same Meaning,Same Meaning,Same Meaning,0.98,"The generated summary accurately captures the main idea of the dialogue, including the problem with the front brake of the Toyota Corolla 2002, the offer of free brake inspection, and the time required (~30 minutes). The generated topic correctly identifies the main subject as the brake issue of the Toyota Corolla 2002 and the free brake inspection. No important facts, entities, or meaning are altered, omitted, or contradicted. The phrasing differs but the core information remains consistent with the dialogue and reference.",C,C
train_434,"#Person1#: Good afternoon. Can I help you? 
 #Person2#: Yes, we have a reservation for three nights. Mona White. I called last week. 
 #Person1#: One moment please, Ms. White. Yes, that was for two single rooms, wasn't it? I've reserved rooms 402 and 403 for you. 
 #Person2#: Are they quiet rooms? 
 #Person1#: Well they are facing the street but there's a lovely view. 
 #Person2#: We'd like quiet rooms thanks. 
 #Person1#: Of course","Mona White has a reservation for three nights, and #Person1# helps check the rooms.",check in,"Person2 (Mona White) checks in at a hotel for a three-night stay under a reservation made last week. Person1 confirms the booking for two single rooms (402 and 403) but notes they face the street. Person2 requests quieter rooms, and Person1 agrees to accommodate the request.",Hotel check-in and room request,Same Meaning,Same Meaning,Same Meaning,0.98,"The generated summary accurately captures the main idea of the dialogue, including Mona White's reservation, the room details, and the request for quieter rooms. The generated topic ('Hotel check-in and room request') correctly represents the main topic of the dialogue ('check in'). Both preserve all important facts, entities (Mona White, Person1, Person2, rooms 402 and 403), and the subject without introducing or omitting critical information.","#Person1#: शुभ दिउँसो। म तपाईंलाई सहयोग गर्न सक्छु?
 #Person2#: हो, हामीसँग तीन रातको रिजर्भेसन छ। मोना ह्वाइट। मैले गत हप्ता फोन गरेकी थिएँ।
 #Person1#: एक क्षण, कृपया, मिस ह्वाइट। हो, त्यो दुई सिंगल रुमका लागि थियो, होइन? मैले तपाईंका लागि रुम ४०२ र ४०३ आरक्षित गरेकी छु।
 #Person2#: के ती शान्त रुम हुन्?
 #Person1#: खैर ती सडकतिर फर्केका छन् तर राम्रो दृश्य छ।
 #Person2#: हामी शान्त रुम चाहन्छौं धन्यवाद।
 #Person1#: अवश्य","मोना ह्वाइटसँग तीन रातको रिजर्भेसन छ, र #Person1# रुम जाँच गर्न मद्दत गर्छन्।",check in,व्यक्तिले होटलमा तीन रातको लागि मोना ह्वाइट नाममा गरिएको दुई सिंगल रुमको आरक्षण बारे जानकारी गराउँछन्। सुरुमा आरक्षित गरिएका रुमहरू सडकतर्फ फर्केका भए पनि राम्रो दृश्य भएको बताइन्छ। तर पछि ग्राहकले शान्त रुम चाहेको बताउँदा कर्मचारीले सहमति जनाउँछन्।,होटल आरक्षण र रुमको सुविधाको बारेमा छलफल,Same Meaning,Different Meaning,Different Meaning,0.9,"The generated summary accurately represents the main idea, facts, and entities from the dialogue, preserving the meaning of the reservation check-in process. However, the generated topic ('होटल आरक्षण र रुमको सुविधाको बारेमा छलफल') is broader than the reference topic ('check in'), which specifically refers to the check-in process rather than a general discussion about hotel reservations and room facilities. The dialogue is specifically about the check-in procedure, not a general discussion.",C,PC
train_7478,"#Person1#: It's so hard for me to learn English. Why is it so easy for you?
 #Person2#: I didn't know you were having problems. Maybe it's easier for me because I already speak 2 languages, but also I really work at it.
 #Person1#: Well, I always do my homework and go to classes. What else do you think would help?
 #Person2#: Well, you might try reading newspapers and I always talk to Americans when I get a chance though sometimes it's hard.
 #Person1#: But how do you meet Americans? I only know other foreign students.
 #Person2#: How about sitting next to an American at lunch? Or have you ever thought of asking someone over to your house for dinner?
 #Person1#: Those are good ideas. But I'm a little shy to speak English.
 #Person2#: You won't learn if you don't try and speak. If I were you, I talk to your English teacher. He might have some good ideas.",#Person1#'s having problems with learning English. #Person2# tells #Person1# that #Person2# improves English by reading newspapers and talking to Americans. #Person2# encourages #Person1# to try and speak.,learn English,"Person1 struggles with learning English and asks Person2 for advice. Person2 suggests reading newspapers, practicing with Americans, and socializing with them. Person1 admits shyness but finds the suggestions helpful.",Advice on improving English language skills,Same Meaning,Same Meaning,Same Meaning,0.98,"The generated summary accurately captures the main ideas of the dialogue, including Person1's struggles with learning English, Person2's advice (reading newspapers, talking to Americans, socializing), and Person1's shyness. The generated topic correctly identifies the focus on improving English language skills, aligning with the reference topic 'learn English'. No contradictions, omissions of critical facts, or introductions of unrelated entities are present.","#Person1#: मलाई अंग्रेजी सिक्न यति गाह्रो छ। तपाईंलाई किन यति सजिलो छ?
 #Person2#: मलाई थाहा थिएन तपाईंलाई समस्या भइरहेको छ। सायद मलाई सजिलो छ किनकि म पहिले नै २ भाषा बोल्छु, तर म साँच्चै मेहनत पनि गर्छु।
 #Person1#: खैर, म सधैं गृहकार्य गर्छु र कक्षा जान्छु। अरू केले मद्दत गर्ला जस्तो लाग्छ?
 #Person2#: खैर, तपाईं अखबार पढ्ने प्रयास गर्न सक्नुहुन्छ र म सधैं मौका पाउँदा अमेरिकीहरूसँग कुरा गर्छु यद्यपि कहिलेकाहीँ गाह्रो हुन्छ।
 #Person1#: तर तपाईं अमेरिकीहरूलाई कसरी भेट्नुहुन्छ? मलाई अरू विदेशी विद्यार्थी मात्र थाहा छ।
 #Person2#: लन्चमा अमेरिकी नजिक बस्ने कस्तो होला? वा कसैलाई घरमा डिनरमा बोलाउने सोच्नुभएको छ?
 #Person1#: ती राम्रा विचार हुन्। तर म अंग्रेजी बोल्न अलि लाज मान्छु।
 #Person2#: तपाईंले प्रयास नगरेसम्म र नबोलेसम्म सिक्नुहुन्न। म तपाईंको ठाउँमा भए, अंग्रेजी शिक्षकलाई कुरा गर्थें। उहाँसँग केही राम्रा विचार हुनसक्छ।",#Person1# लाई अंग्रेजी सिक्न समस्या भइरहेको छ। #Person2# ले अखबार पढेर र अमेरिकीहरूसँग कुरा गरेर अंग्रेजी सुधार्छन् भन्छन्। #Person2# ले प्रयास गरेर बोल्न प्रोत्साहन दिन्छन्।,learn English,"व्यक्ति १ ले अंग्रेजी सिक्न कठिनाइ भइरहेको बताएपछि व्यक्ति २ ले आफ्नो अनुभव र सुझावहरू साझा गरे। व्यक्ति २ ले बहुभाषिक हुनु र मेहनत गर्नुका साथै अखबार पढ्ने, अमेरिकीहरूसँग कुरा गर्ने, र सामाजिक अन्तरक्रिया बढाउने सुझाव दिए। व्यक्ति १ ले लाज मान्ने र प्रयास नगर्ने समस्यालाई व्यक्त गरेपछि व्यक्ति २ ले अंग्रेजी शिक्षकसँग परामर्श लिने सुझाव दिए।",अंग्रेजी सिक्ने कठिनाइ र सुझावहरू,Same Meaning,Same Meaning,Same Meaning,0.98,"The generated summary accurately reflects the main ideas of the dialogue, including Person1's difficulty in learning English, Person2's suggestions (reading newspapers, practicing with Americans, social interaction, and consulting an English teacher), and the encouragement to overcome shyness. The generated topic correctly represents the main subject of the dialogue. Minor phrasing differences do not alter the meaning, and no critical facts or entities are omitted or contradicted.",C,C
train_5873,"#Person1#: This is IBA Bank, Claire speaking, how may I help you?
 #Person2#: Oh, hello, yes, arm. . . I've just lost my bank stuff.
 #Person1#: I'm sorry, could you be a little more specific?
 #Person2#: You know my bank stuff. My card, my book. . .
 #Person1#: OK, I will have to take some details from you. Could you tell me your name, please?
 #Person2#: Jim Chan. The account's in my name. Is that all you need to know?
 #Person1#: Not quite, Sir. We will need to also know the account number, the deposited amount and your PIN number. You will also have to come in and fill out some forms.",Jim Chan lost his bank stuff and asks help from Claire. Claire tells him they need to know his specific personal information and he needs to come in and fill out some forms.,Bank stuff loss,"A customer named Jim Chan contacts IBA Bank to report losing his bank card and passbook. The bank representative, Claire, asks for his name, account number, deposited amount, PIN, and instructs him to visit the bank to fill out forms.",Reporting a lost bank card and passbook,Same Meaning,Same Meaning,Same Meaning,0.98,"The generated summary accurately reflects the main idea of the dialogue, preserving all key facts (Jim Chan losing his bank card and passbook, Claire asking for personal details, and the requirement to fill out forms). The generated topic ('Reporting a lost bank card and passbook') aligns with the reference topic ('Bank stuff loss') and the dialogue, as 'bank stuff' is correctly interpreted as the card and passbook. No contradictions, omissions of critical facts, or introductions of unrelated information are present.","#Person1#: यो आईबीए बैंक हो, क्लेयर बोल्दैछु, म कसरी सहयोग गर्न सक्छु?
 #Person2#: ओह, हेलो, हो, आर्म... मैले भर्खरै आफ्नो बैंक सामान हराएँ।
 #Person1#: माफ गर्नुहोस्, के तपाईं अलि स्पष्ट भन्न सक्नुहुन्छ?
 #Person2#: तपाईंलाई थाहा छ मेरो बैंक सामान। मेरो कार्ड, मेरो बुक...
 #Person1#: ठिकै छ, मलाई तपाईंबाट केही विवरण लिनुपर्नेछ। कृपया आफ्नो नाम बताउन सक्नुहुन्छ?
 #Person2#: जिम च्यान। खाता मेरो नाममा छ। के तपाईंलाई यति मात्र थाहा चाहिन्छ?
 #Person1#: पूर्ण रूपमा होइन, सर। हामीलाई खाता नम्बर, जम्मा रकम र तपाईंको पिन नम्बर पनि थाहा चाहिन्छ। तपाईं आउनुपर्नेछ र केही फारम भर्नुपर्नेछ।",जिम च्यानले आफ्नो बैंक सामान हराए र क्लेयरसँग मद्दत माग्छन्। क्लेयरले विशिष्ट व्यक्तिगत जानकारी चाहिने र आएर फारम भर्नुपर्ने बताउँछिन्।,Bank stuff loss,"आईबीए बैंकमा क्लेयर नाम गरेकी कर्मचारीले हराएको बैंक सामान (कार्ड, पासबुक आदि) बारे जानकारी लिने क्रममा ग्राहक जिम च्यानलाई आफ्नो विवरणहरू (खाता नम्बर, जम्मा रकम, पिन नम्बर) सहित व्यक्तिगत रूपमा उपस्थित भई फारम भर्न आग्रह गरेकी छन्।",बैंकमा हराएको बैंक सामानको बारेमा जानकारी लिने प्रक्रिया,Same Meaning,Same Meaning,Same Meaning,0.98,"The generated summary accurately captures the main idea of the dialogue, preserving key facts such as the loss of bank items (card, passbook), the names of the individuals (Jim Chan and Claire), the need for personal details (account number, balance, PIN), and the requirement to fill out a form in person. The generated topic ('बैंकमा हराएको बैंक सामानको बारेमा जानकारी लिने प्रक्रिया') correctly represents the main topic of the dialogue ('Bank stuff loss') without altering the meaning. No contradictions, omissions of critical facts, or introductions of unrelated information are present.",C,C
train_4975,"#Person1#: You're campaign manager Julie. How do I convince the members of the student body to know that I'm the best candidate for school president?
 #Person2#: It won't be easy.
 #Person1#: Thanks a lot.
 #Person2#: I'm just kidding, Bob. Actually I think once we show everyone how well you did as junior class treasurer, you will win easily.
 #Person1#: How do you do that? Meet with all three thousand people who are members of the student body?
 #Person2#: Come on! What I'm thinking of first is hanging campaign posters in all the hallways where most of the students are sure to see them.
 #Person1#: That sounds good. But everyone puts up posters. What can we do differently?
 #Person2#: The campus radio station is willing to let you have five minutes tomorrow morning at seven o'clock to outline your plans for the year. Lots of students will be listening then.
 #Person1#: That's a great idea!
 #Person2#: I've also arranged for you to give a speech during dinner tomorrow. At least five hundred students will be there. You'll answer questions after you finish speaking.
 #Person1#: How about if I write it tonight and show it to you after chemistry class tomorrow?
 #Person2#: Fine.",Bob asks Julie how can he convince the members of the student body to know that he's the best candidate for school president. Julie gives him some advice.,self-propaganda,"Julie, the campaign manager, advises Bob on how to win the school president election by using campaign posters in hallways, a radio segment, and a speech with Q&A during dinner. Bob agrees to prepare his speech and review it with Julie.",campaign strategy for school president election,Same Meaning,Different Meaning,Different Meaning,0.85,"The generated summary accurately represents the main idea and important facts of the dialogue, including the key strategies (posters, radio segment, speech with Q&A) and Bob's agreement to prepare his speech. However, the generated topic 'campaign strategy for school president election' is a more specific and accurate description of the dialogue's content compared to the reference topic 'self-propaganda', which is misleading. While the generated topic is correct in context, it differs from the provided reference topic, making the topic_result 'Different Meaning'.","#Person1#: तिमी क्याम्पेन म्यानेजर जुली। म विद्यार्थी निकायका सदस्यहरूलाई कसरी विश्वास दिलाउँ कि म स्कूल प्रेसिडेन्टका लागि उत्तम उम्मेदवार हुँ?
 #Person2#: सजिलो हुनेछैन।
 #Person1#: धेरै धन्यवाद।
 #Person2#: म मात्र मजाक गर्दैछु, बब। वास्तवमा मलाई लाग्छ एकपटक हामीले सबैलाई देखाएपछि तिमीले जुनियर क्लास ट्रेजररका रूपमा कति राम्रो गर्यौ, तिमी सजिलै जित्नेछौ।
 #Person1#: त्यो कसरी गर्ने? विद्यार्थी निकायका तीन हजार सदस्यसँग भेट्ने?
 #Person2#: आउ! म पहिले सबै हलवेमा क्याम्पेन पोस्टर टाँस्ने सोचिरहेकी छु जहाँ अधिकांश विद्यार्थी अवश्य देख्नेछन्।
 #Person1#: त्यो राम्रो लाग्छ। तर सबैजना पोस्टर टाँस्छन्। हामी फरक के गर्न सक्छौं?
 #Person2#: क्याम्पस रेडियो स्टेशन तिमीलाई भोलि बिहान सात बजे पाँच मिनेट वर्षभरिका योजना बताउन दिन तयार छ। त्यसबेला धेरै विद्यार्थी सुनिरहेका हुनेछन्।
 #Person1#: त्यो राम्रो विचार हो!
 #Person2#: मैले तिमीलाई भोलि डिनरमा भाषण दिन पनि व्यवस्था गरेकी छु। कम्तीमा पाँच सय विद्यार्थी त्यहाँ हुनेछन्। तिमीले बोलेपछि प्रश्नको जवाफ दिनेछौ।
 #Person1#: यदि मैले आज राति लेखेर भोलि केमेस्ट्री क्लासपछि तिमीलाई देखाएँ भने कस्तो होला?
 #Person2#: ठिकै छ।",बबले जुलीलाई कसरी विद्यार्थी निकायका सदस्यहरूलाई आफू स्कूल प्रेसिडेन्टका लागि उत्तम उम्मेदवार हुँ भनी विश्वास दिलाउने सोध्छन्। जुलीले केही सल्लाह दिन्छिन्।,self-propaganda,"विद्यार्थी निकायका सदस्यहरूलाई विश्वास दिलाउन स्कूल प्रेसिडेन्टका लागि उम्मेदवार बबलाई क्याम्पेन म्यानेजर जुलीले विभिन्न रणनीति सिफारिस गर्छिन्। यसमा हलवेमा पोस्टर टाँस्ने, क्याम्पस रेडियोमा भाषण दिने र डिनरमा भाषण दिएर प्रश्नको जवाफ दिने समावेश छ।",स्कूल प्रेसिडेन्टका लागि उम्मेदवार बबलाई विश्वास दिलाउन क्याम्पेन रणनीति तयार गर्ने,Same Meaning,Different Meaning,Different Meaning,0.9,"The generated summary accurately represents the main idea of the dialogue, preserving important facts, entities (e.g., Bob, Julie, student body members), and the subject (campaign strategies for school president). However, the generated topic ('स्कूल प्रेसिडेन्टका लागि उम्मेदवार बबलाई विश्वास दिलाउन क्याम्पेन रणनीति तयार गर्ने') introduces a nuance not present in the reference topic ('self-propaganda'), which is a misrepresentation of the dialogue's focus on campaign strategies rather than propaganda. The reference topic is too vague and misleading, but the generated topic, while more specific, does not align with the reference topic's intent.",PC,PC
train_4026,"#Person1#: So, what should we take?
 #Person2#: I'm going to take my guitar.
 #Person1#: Great! And I'm going to take my CD player.
 #Person2#: You'd better take lots of music. We've got a 4 hour drive with just mom and dad.
 #Person1#: Yeah. I don't know why they want to go camping anyway. Boring.
 #Person2#: It sure is and we're missing the baseball game on TV tonight.
 #Person1#: Don't remind me. Hey, do you think I should take these?
 #Person2#: Yeah,why not?",#Person1# and #Person2# will take the guitar and CD player since they will get a 4-hour drive.,go camping,"Person1 and Person2 are preparing for a camping trip and deciding what to bring. Person2 is taking a guitar, and Person1 is bringing a CD player. They discuss the long drive and their disappointment about missing a baseball game on TV.",preparing for a camping trip,Same Meaning,Different Meaning,Different Meaning,0.9,"The generated summary accurately represents the main ideas and facts from the dialogue, including the items being taken (guitar and CD player), the 4-hour drive, and the mention of missing the baseball game. However, the generated topic 'preparing for a camping trip' is broader than the reference topic 'go camping' and does not fully capture the specific context of the dialogue, which focuses on the act of going camping rather than the preparation phase. The summary is correct, but the topic differs in specificity and focus.","#Person1#: त्यसैले, हामी के लैजाने?
 #Person2#: म आफ्नो गितार लैजानेछु।
 #Person1#: राम्रो! र म आफ्नो सीडी प्लेयर लैजानेछु।
 #Person2#: तिमीले धेरै संगीत लैजानु राम्रो। हामीसँग आमाबाबुसँग मात्र ४ घण्टाको ड्राइभ छ।
 #Person1#: हो। मलाई थाहा छैन उनीहरू किन क्याम्पिङ जान चाहन्छन्। बोरिङ।
 #Person2#: पक्कै हो र हामी आज राति टिभीमा बेसबल खेल छुटाउँदैछौं।
 #Person1#: मलाई नसम्झाऊ। हे, मलाई लाग्छ म यी लैजानुपर्छ?
 #Person2#: हो, किन नहोस्?",#Person1# र #Person2# गितार र सीडी प्लेयर लैजानेछन् किनकि उनीहरूलाई ४ घण्टाको ड्राइभ छ।,go camping,"दुई व्यक्तिले क्याम्पिङमा लैजाने सामानहरू बारे छलफल गर्दैछन्। पहिलो व्यक्तिले आफ्नो सीडी प्लेयर र दोस्रो व्यक्तिले गितार लैजाने बताएका छन्। उनीहरूले छोटो ड्राइभ र बोरिङ गन्तव्यका कारण क्याम्पिङलाई मन पराएका छैनन् भनेर पनि बताएका छन्। साथै, उनीहरूले टिभीमा बेसबल खेल छुटाउनुपर्ने कुरा पनि गरेका छन्।",क्याम्पिङका लागि लैजाने सामान र क्याम्पिङ प्रति व्यक्तिको धारणा,Same Meaning,Different Meaning,Different Meaning,0.85,"The generated summary accurately represents the main idea, facts, and entities from the dialogue, preserving the same meaning as the reference summary. However, the generated topic ('क्याम्पिङका लागि लैजाने सामान र क्याम्पिङ प्रति व्यक्तिको धारणा') introduces additional elements (e.g., 'धारणा' or opinions) not explicitly present in the reference topic ('go camping'). While the generated topic is related, it is not a direct match to the reference topic's scope.",PC,PC
train_3706,"#Person1#: Which film shall we see?
 #Person2#: There is nothing good at the moment. Let's do something different. Would you like to go to a concert?
 #Person1#: Yes, I'd love to. Here is a good one, Mozart and Beethoven. It's on the Festival Hall. Shall we go there?
 #Person2#: Fine! Do you want anything to eat now?
 #Person1#: No, I'm not hungry.
 #Person2#: Well, let's go and have something to drink instead. I know a good place. It's a little expensive, but it's fun.",#Person2# suggests going to a concert so #Person1# proposes going to the Festival Hall to watch Mozart and Beethoven. #Person2# then suggests going for a drink.,concert,Person1 and Person2 decide to attend a concert featuring Mozart and Beethoven at the Festival Hall instead of watching a film. They agree to have drinks at an expensive but fun place afterward.,planning a concert outing and post-event activities,Same Meaning,Different Meaning,Same Meaning,0.98,"The generated summary accurately represents the main ideas, facts, entities, and sequence of events from the dialogue, matching the reference summary's meaning. The generated topic ('planning a concert outing and post-event activities') is broader than the reference topic ('concert') but still refers to the same main topic without contradicting or introducing unrelated elements. The minor difference in topic specificity does not alter the core meaning.","#Person1#: हामी कुन फिल्म हेर्ने?
 #Person2#: अहिले केही राम्रो छैन। केही फरक गरौं। तपाईं कन्सर्ट जान चाहनुहुन्छ?
 #Person1#: हो, म चाहन्छु। यहाँ एउटा राम्रो छ, मोजार्ट र बिथोभेन। यो फेस्टिभल हलमा छ। हामी त्यहाँ जाऔं?
 #Person2#: ठिकै छ! तपाईं अहिले केही खान चाहनुहुन्छ?
 #Person1#: होइन, म भोको छैन।
 #Person2#: खैर, त्यसको सट्टा केही पिउन जाऔं। मलाई एउटा राम्रो ठाउँ थाहा छ। अलि महँगो छ, तर रमाइलो छ।",#Person2# ले कन्सर्ट जान सुझाउँछन् त्यसैले #Person1# ले फेस्टिभल हलमा मोजार्ट र बिथोभेन हेर्न प्रस्ताव गर्छन्। #Person2# त्यसपछि पिउन जान सुझाउँछन्।,concert,दुई व्यक्तिबीच फिल्म हेर्ने विषयमा कुरा हुँदा कन्सर्ट जाने र त्यसपछि खाना वा पेय पदार्थ लिने विषयमा सहमति भएको छ।,मनोरञ्जनका विकल्पहरूको छलफल,Same Meaning,Different Meaning,Different Meaning,0.85,"The generated summary accurately represents the main idea of the dialogue, preserving important facts (concert suggestion, Festival Hall, Mozart and Beethoven, drinks afterward) and entities. However, the generated topic 'मनोरञ्जनका विकल्पहरूको छलफल' (Discussion of entertainment options) is broader than the reference topic 'concert' and does not specifically capture the focus on concerts. While the summary is correct, the topic introduces a less precise concept that changes the specificity of the main topic.",C,PC
train_7590,"#Person1#: Oh, Linda, you must be so excited about going to study in America.
 #Person2#: Oh, yes, I am. I have always wanted to go to the States. I love meeting new people. And making new friends.
 #Person1#: Well, I'm sure you will.
 #Person2#: Well, there's one thing.
 #Person1#: What's the matter
 #Person2#: I'm a little worried about my host family. You know, in the agreement I have to do some cooking for them.",Linda is excited about studying in America but is worried about cooking for her host family.,conversation with Linda,Person2 expresses excitement about studying in America but mentions concerns about having to cook for their host family as part of the agreement.,concerns about host family responsibilities while studying abroad,Same Meaning,Different Meaning,Same Meaning,0.98,"The generated summary accurately captures the main idea of the dialogue, preserving the excitement about studying in America and the concern about cooking for the host family. The generated topic, while related to the dialogue, shifts the focus to 'host family responsibilities while studying abroad,' which is a broader interpretation than the reference topic 'conversation with Linda.' However, the overall meaning remains consistent with the dialogue.","#Person1#: ओह, लिन्डा, तपाईं अमेरिका अध्ययन गर्न जाँदा अवश्य धेरै उत्साहित हुनुहुन्छ।
 #Person2#: ओह, हो, छु। म सधैं अमेरिका जान चाहन्थेँ। मलाई नयाँ मानिसहरू भेट्न मन पर्छ। र नयाँ साथी बनाउन।
 #Person1#: खैर, म पक्का छु तपाईं गर्नुहुनेछ।
 #Person2#: खैर, एउटा कुरा छ।
 #Person1#: के भयो
 #Person2#: म आफ्नो होस्ट परिवारबारे अलि चिन्तित छु। तपाईंलाई थाहा छ, सम्झौतामा म उनीहरूका लागि केही खाना पकाउनुपर्छ।",लिन्डा अमेरिका अध्ययन गर्न उत्साहित छिन् तर होस्ट परिवारका लागि खाना पकाउनुपर्ने चिन्ता गर्छिन्।,conversation with Linda,लिन्डाले अमेरिका अध्ययन गर्न जाने उत्साह व्यक्त गरेकी छन् तर आफ्नो होस्ट परिवारका लागि खाना पकाउनुपर्ने सम्झौताले चिन्तित रहेकी छन्।,अमेरिका अध्ययन गर्न जाने उत्साह र होस्ट परिवारका लागि खाना पकाउनुपर्ने चिन्ता,Same Meaning,Same Meaning,Same Meaning,0.98,"The generated summary accurately captures the main idea of the dialogue, including Linda's excitement about studying in America and her concern about cooking for her host family. The generated topic also correctly reflects the primary subject of the dialogue. No contradictions, omissions of critical facts, or introductions of unrelated entities are present.",C,C
train_8048,"#Person1#: Judg, I haven't seen you in weeks. Where have you been?
 #Person2#: In Florida
 #Person1#: What a vacation! While the rest of us are studying on the campus in the February cold.
 #Person2#: Not exactly. I was on a special field trip.",Judg went on a special field trip to Florida. #Person1# thought he was on vacation.,field trip,Person1 asks Person2 about their absence and learns Person2 was in Florida on a special field trip instead of a vacation.,Person2's absence and their trip to Florida,Same Meaning,Different Meaning,Different Meaning,0.9,"The generated summary accurately represents the main idea and preserves all important facts from the dialogue. However, the generated topic ('Person2's absence and their trip to Florida') introduces additional information ('absence') not explicitly mentioned in the dialogue or reference topic ('field trip'), making it less precise. The reference topic is more focused on the core subject of the dialogue.","#Person1#: जज, म तिमीलाई हप्ताऔंदेखि देखेको छैन। कहाँ थियौ?
 #Person2#: फ्लोरिडामा
 #Person1#: कस्तो छुट्टी! जबकि हामी अरू फेब्रुअरीको चिसोमा क्याम्पसमा पढिरहेका छौं।
 #Person2#: ठ्याक्कै होइन। म विशेष फिल्ड ट्रिपमा थिएँ।",जज फ्लोरिडामा विशेष फिल्ड ट्रिपमा गएका थिए। #Person1# ले छुट्टीमा गएको ठाने।,field trip,व्यक्तिले साथीलाई फ्लोरिडामा फिल्ड ट्रिपमा गएको र फेब्रुअरीको चिसोमा अरू क्याम्पसमा पढिरहेको बारेमा कुरा गरे।,फिल्ड ट्रिप र क्याम्पसको अध्ययन,Same Meaning,Different Meaning,Different Meaning,0.85,"The generated summary correctly captures the main idea of the dialogue, including the key facts about the field trip to Florida and the contrast with studying on campus in February. However, the generated topic 'फिल्ड ट्रिप र क्याम्पसको अध्ययन' introduces an additional concept ('क्याम्पसको अध्ययन') that is not the primary focus of the dialogue or the reference topic ('field trip'). The reference topic is solely about the field trip, while the generated topic combines two ideas, making it less precise.",PC,PC
train_6606,"#Person1#: Excuse me. I'd like to buy a desk for my little son. I don't have any particular brand in mind, but it should be less than 50 dollars.
 #Person2#: OK. We have a large selection of small desks for young children.",#Person1# wants a desk for #Person1#'s son within 50 dollars.,buy a desk,"Person1 asks Person2 for a desk for their young son under $50, and Person2 mentions having a selection of small desks suitable for young children.",purchasing a child's desk,Same Meaning,Same Meaning,Same Meaning,0.98,"The generated summary accurately captures the main idea of the dialogue, including the key details (Person1 asking for a desk for their son under $50 and Person2 mentioning a selection of small desks). The generated topic ('purchasing a child's desk') correctly represents the main topic ('buy a desk') while using slightly different phrasing. No contradictions, omissions of critical facts, or introductions of unrelated entities are present.","#Person1#: माफ गर्नुहोस्। म आफ्नो सानो छोराका लागि डेस्क किन्न चाहन्छु। मसँग कुनै विशेष ब्रान्ड मनमा छैन, तर यो ५० डलरभन्दा कम हुनुपर्छ।
 #Person2#: ठिकै छ। हामीसँग साना बच्चाहरूका लागि साना डेस्कको ठूलो चयन छ।",#Person1# आफ्नो छोराका लागि ५० डलरभित्र डेस्क चाहन्छन्।,buy a desk,"#Person1# ले आफ्नो सानो छोराका लागि ५० डलरभन्दा कम मूल्यको डेस्क खोजिरहेका छन्, तर कुनै विशेष ब्रान्ड मनमा छैन। #Person2# ले साना बच्चाहरूका लागि उपयुक्त साना डेस्कहरूको ठूलो चयन उपलब्ध रहेको बताएका छन्।",बच्चाका लागि उपयुक्त डेस्क खरिद गर्ने विषय,Same Meaning,Same Meaning,Same Meaning,0.98,"The generated summary accurately captures the main idea of the dialogue, including Person1's intention to buy a desk under $50 for their son and the lack of a specific brand preference. It also correctly mentions Person2's offer of a selection of small desks suitable for young children. The generated topic correctly refers to the main topic of buying a desk for a child. No contradictions, omissions of critical facts, or introductions of unrelated entities are present.",C,C
train_1579,"#Person1#: How many laguages can you speak? 
 #Person2#: I can speak French and German. 
 #Person1#: How well can you speak them? 
 #Person2#: I can speak German quite well, but I can't speak French very well. 
 #Person1#: Can you help me to translate these sentences into German now? 
 #Person2#: No, but I'll be able to tomorrow.",#Person2# introduces #Person2#'s language abilities. #Person1# requests #Person2# to translate some sentences into German.,language,"Person1 asks Person2 about their language skills, and Person2 mentions they can speak French and German, with better proficiency in German. Person1 then requests translation help into German, but Person2 declines and suggests they can assist the next day.",Language skills and translation assistance,Same Meaning,Same Meaning,Same Meaning,0.98,"The generated summary accurately captures the main ideas of the dialogue, including Person1's questions about language skills, Person2's response about speaking French and German with better proficiency in German, and the request for translation help into German with Person2's decline and suggestion to assist the next day. The generated topic 'Language skills and translation assistance' correctly represents the main topic of the dialogue, which is about language abilities and translation requests. No contradictions, omissions of critical facts, or introductions of extraneous information are present.","#Person1#: तपाईं कति भाषा बोल्न सक्नुहुन्छ?
 #Person2#: म फ्रान्सेली र जर्मन बोल्न सक्छु।
 #Person1#: तिनीहरू कति राम्रोसँग बोल्न सक्नुहुन्छ?
 #Person2#: म जर्मन निकै राम्रो बोल्न सक्छु, तर फ्रान्सेली राम्रोसँग बोल्न सक्दिनँ।
 #Person1#: के तपाईं मलाई अहिले यी वाक्यहरू जर्मनमा अनुवाद गर्न मद्दत गर्न सक्नुहुन्छ?
 #Person2#: होइन, तर म भोलि सक्नेछु।",#Person2# ले आफ्नो भाषा क्षमता परिचय गराउँछन्। #Person1# ले केही वाक्य जर्मनमा अनुवाद गर्न अनुरोध गर्छन्।,language,"व्यक्तिले अर्को व्यक्तिलाई फ्रान्सेली र जर्मन भाषामा आफ्नो दक्षता बारे सोध्छन्। दोस्रो व्यक्तिले जर्मन निकै राम्रो बोल्न सक्ने तर फ्रान्सेली राम्रोसँग बोल्न नसक्ने बताउँछन्। पहिलो व्यक्तिले जर्मनमा वाक्यहरू अनुवाद गर्न मद्दत माग्छन्, तर दोस्रो व्यक्तिले भोलि मात्र सक्ने बताउँछन्।",भाषा दक्षता र अनुवादमा सहयोग,Same Meaning,Same Meaning,Same Meaning,0.98,"The generated summary accurately represents the main idea of the dialogue, preserving important facts such as Person2's language proficiency in French and German, the request for translation help, and the response about availability. The generated topic 'भाषा दक्षता र अनुवादमा सहयोग' correctly captures the main topic of the dialogue, which is about language proficiency and translation assistance. The minor differences in phrasing and structure do not alter the meaning.",C,C
,,,,,,,,,,,,,,,,,,,,,,
,,,,,,,,,,,,,,,,,,,,,,
,,,,,,,,,,,,,,,,,,,,,,
,ENGLISH,,,,,,,,,,,,,,,,,,,,,
,,,,,,,,,,,,,,,,,,,,,,
,C = 127,,,,,,,,,,,,,,,,,,,,,
,PC = 42,,,,,,,,,,,,,,,,,,,,,
,I = 1,,,,,,,,,,,,,,,,,,,,,
,R = 0,,,,,,,,,,,,,,,,,,,,,
,Total = 170,,,,,,,,,,,,,,,,,,,,,
,,,,,,,,,,,,,,,,,,,,,,
,NEPALI,,,,,,,,,,,,,,,,,,,,,
,,,,,,,,,,,,,,,,,,,,,,
,C = 122,,,,,,,,,,,,,,,,,,,,,
,PC = 46,,,,,,,,,,,,,,,,,,,,,
,I = 2,,,,,,,,,,,,,,,,,,,,,
,R = 0,,,,,,,,,,,,,,,,,,,,,
,Total = 170,,,,,,,,,,,,,,,,,,,,,
,,,,,,,,,,,,,,,,,,,,,,
,Percentages,,,,,,,,,,,,,,,,,,,,,
,,,,,,,,,,,,,,,,,,,,,,
,ENGLISH,,,,,,,,,,,,,,,,,,,,,
,C = 74.7%,,,,,,,,,,,,,,,,,,,,,
,PC = 24.7%,,,,,,,,,,,,,,,,,,,,,
,I = 0.6%,,,,,,,,,,,,,,,,,,,,,
,R = 0.0%,,,,,,,,,,,,,,,,,,,,,
,,,,,,,,,,,,,,,,,,,,,,
,NEPALI,,,,,,,,,,,,,,,,,,,,,
,C = 71.8%,,,,,,,,,,,,,,,,,,,,,
,PC = 27.1%,,,,,,,,,,,,,,,,,,,,,
,I = 1.2%,,,,,,,,,,,,,,,,,,,,,
,R = 0.0%,,,,,,,,,,,,,,,,,,,,,
