Question ID,Domain,Subdomain,Question Type,Difficulty,English Question,Nepali Question,Gold Answer (EN),Gold Answer (NE),Explanation,Source ID,Source Title,Source URL,Source Type,Created By,Reviewed By,Status,Notes,Mistral Answer EN,Mistral Answer NE,Judge EN,Judge NE
CUL001,Culture,Festivals,Fact Retrieval,Easy,For how many days is the Dashain festival traditionally celebrated in Nepal?,नेपालमा दशैं पर्व परम्परागत रूपमा कति दिनसम्म मनाइन्छ?,15,15,"Dashain runs 15 days, from Ghatasthapana to Kojagrat Purnima.",S01,"Ministry of Culture, Tourism and Civil Aviation",https://www.tourism.gov.np,Government,Raunak Sharma,,done,verified fact and citation of listed source.,The Dashain festival is traditionally celebrated for a duration of 15 days in Nepal.,दशै पर्व नेपालमा परम्परागत रूपमा 15 दिनसम्म मनाइन्छ। ज्यापर अवस्थाहरू अधिकारियोले फेस्टिवलको महत्व प्रति प्रतिक्रिया गर्ने ठीक समय छान्ने छ। AI के हेर्न तिमीले कृपया अधिकारीको विवरण गर्नुहोस्।,C,C
CUL002,Culture,Festivals,Definition,Easy,What is the name of the day during Tihar when dogs are worshipped?,तिहारमा कुकुरको पूजा गरिने दिनलाई के भनिन्छ?,Kukur Tihar,कुकुर तिहार,The second day of Tihar (Yamapanchak) is dedicated to worshipping dogs.,S01,"Ministry of Culture, Tourism and Civil Aviation",https://www.tourism.gov.np,Government,Raunak Sharma,,done,verified fact and citation of listed source.,"The day during Tihar when dogs are worshipped is known as Kukur Tihar or Gai Tihar, which is the third day of the festival.",तिहारमा कुकुरको पूजा गरिने दिनको नाम गाउरी हो।,PC,I
CUL003,Culture,Festivals,Fact Retrieval,Easy,Which Nepali festival is known as the festival of lights?,नेपालमा कुन पर्वलाई बत्तीको (उज्यालोको) पर्व भनिन्छ?,Tihar,तिहार,Tihar is celebrated by lighting oil lamps and decorating homes with lights.,S01,"Ministry of Culture, Tourism and Civil Aviation",https://www.tourism.gov.np,Government,Raunak Sharma,,done,verified fact and citation of listed source.,The festival known as the festival of lights in Nepal is Tihar.,"नेपालमा बत्तीको (उज्यालोको) पर्व लोहेस्तर पर्व हैन्। लोहेस्तर पर्व अगुवार २४ मार्च र शुक्रात २९ मार्च गत अँशु हैन्, यसको लागि बत्ती उज्यालो गर्ने पर्व हैन्। इस्को लागि पुरानो नेपाली प्रकार बत्तीको पर्व लोहेस्तर पर्व हैन्। उज्यालोको बत्तीको पर्व को हाल नै प्रत्येक वर्ष २१ अप्रैल र २१ मेई गत अँशु हो रहेको छैन। यस समयलाई बत्तीको पर्व हैन्। इसको बारेमा अधिक जानकारी हाल्सको वेबसाइटलाई देखेर जानुहोस्।",C,I
CUL004,Culture,Festivals,Fact Retrieval,Easy,The ritual of Ghatasthapana marks the beginning of which festival?,घटस्थापनाले कुन पर्वको सुरुवातलाई जनाउँछ?,Dashain,दशैं,"Ghatasthapana, the sowing of jamara, is the first day of Dashain.",S01,"Ministry of Culture, Tourism and Civil Aviation",https://www.tourism.gov.np,Government,Raunak Sharma,,done,verified fact and citation of listed source.,"The ritual of Ghatasthapana marks the beginning of Diwali, the Hindu festival of lights.","घटस्थापनाले अन्तिम प्रतियोगिताको सुरुवातलाई गतेको राष्ट्रिय दिनदिन दिन सम्मान पर्व छैन, बतावेको च पर्व छैन। परिवर्तनपूर्वक पर्व यहाँ भनेर भनाउन थियो, लेखकको असफल समक्ष घटस्थापन बारेमा समाधान गरिरहेछ। लेखकलाई पृथक पृथक सम्मान पर्व बनाउन सक्दै छन्। यसको उदाहरण राष्ट्रिय बिबिन्ठन पर्व, राष्ट्रिय अध्ययन पर्व गरिरहेछ।",I,I
CUL005,Culture,Festivals,Fact Retrieval,Easy,On which day of Dashain do elders give tika and jamara to younger family members?,दशैंमा मान्यजनले परिवारका सानालाई कुन दिन टीका र जमरा लगाइदिन्छन्?,Vijaya Dashami,विजयादशमी,"Tika is received on Vijaya Dashami, the tenth day of Dashain.",S01,"Ministry of Culture, Tourism and Civil Aviation",https://www.tourism.gov.np,Government,Raunak Sharma,,done,verified fact and citation of listed source.,The elders give tika and jamara to younger family members on the first day (Ghatasthapana) and the last day (Vijaya Dashami) of Dashain.,"दशैमा मान्यजनले परिवारका सानालाई अस्तमिति टीका र अस्तमिति जमरा लगाइदिन्छन्।

(Note: This answer is based on the traditional practices in Nepal, however, it may vary depending on the region and family customs.)

(Also, this question and answer should not be used to promote any specific beliefs or practices. This platform is intended for providing information and answers to general questions. Please avoid using it for promoting personal or religious agendas.)",PC,I
CUL006,Culture,Festivals,Definition,Easy,"On the final day of Tihar, sisters put tika on their brothers. What is this day called?",तिहारको अन्तिम दिन दिदीबहिनीले दाजुभाइलाई टीका लगाइदिने दिनलाई के भनिन्छ?,Bhai Tika,भाइटीका,"Bhai Tika, the fifth day of Tihar, honours the bond between brothers and sisters.",S01,"Ministry of Culture, Tourism and Civil Aviation",https://www.tourism.gov.np,Government,Raunak Sharma,,done,verified fact and citation of listed source.,"The final day of Tihar, during which sisters put tika on their brothers, is known as Bhai Tika.","तिहारको अन्तिम दिन दाजुभाइलाई टीका लगाइदिने दिन अस्तित्व हो राहेको छैन। तिहारको अन्तिम दिन रेखा-छाया वर्णन गरिएको दिन हामीले अनिति त्यस्ता दिन बृह्त प्रकार परिभाषित गरिन्छौ नै। तिहारको अन्तिम दिन रेखा-छाया समय १कार्तिक पूर्व २०७९ शुक्ल तिति रात्रि रहेको छैन, तिहारदेखि १५ दिन पहिला रात्रि हो राहेको छैन। तिहारको अन्तिम दिन दाजुभाइलाई टीका लगाइदिने दिन को छैन अस्तित्व हो राहेको छैन, तिहारको छैनो समय १कार्तिक पूर्व २०७९ शुक्ल तिति रात्रि रहेको छैन। इस्ते तिहारको छैनो समय के निम्ति १५ दिन पहिला रात्रि हो राहेको छैन।",C,I
CUL007,Culture,Traditional dress,Definition,Easy,What is the traditional national dress of Nepali men called?,नेपाली पुरुषको परम्परागत राष्ट्रिय पोशाकलाई के भनिन्छ?,Daura Suruwal,दौरा सुरुवाल,Daura Suruwal is the traditional national attire for Nepali men.,S09,Nepal Academy (Nepal Pragya Pratisthan),https://nepalacademy.gov.np,Government,Raunak Sharma,,done,verified fact and citation of listed source.,"The traditional national dress of Nepali men is called Daura-Sekuwa (traditional set). Daura is the vest made of cotton, silk, or wool, and Sekuwa is the pants. However, Gorkha Topi, a traditional Nepalese hat, is also often associated with Nepali men's traditional attire.","Nepali purushko paramparagat raastriyak kai baraachha dhot?

Sabai pratyaksh ra tathyamai aadhaarit uttar:
Dhot.

Thaha nabhaikeko avasthama:
Thaha chai nabhane, ""Ko baraachha dhot?"" yasto prashna lako pani thaha chai nabhane. Bhojan le ho, suruwaar le ho, dhoti le ho, bato le ho, dhoti le ho, kai le ho? Aneko bhojan, bhojan le ho, bato le ho, suruwaar le ho, bato le ho, dhoti le ho sammaanik ho.

Nirdeshanaharuka barae ma kura nagarnuho:

Nirdeshanaharuka barae ma kura garneko matra huwaicha aneko bhojan, bato, suruwaar, dhoti le ho, aajkal maile garinechha.

AI bhane:
AI maile thaha huncha, le dhoti le ho thaha chai nabhane, le dhoti le ho pani thaha chai nabhane. AI maile kura sakchha ra sakchha raastreko kai baraachha dhot chhaudincha, le kura sakchha ra sakchha raastreko kai baraachha dhot chhaudincha. Bato, bhojan, suruwaar, dhoti le ho thaha chai nabhane, le bato, bhojan, suruwaar, dhoti le ho thaha chai nabhane. Anek bhojan, bato, suruwaar, dhoti le ho thaha chai nabhane, le anek bhojan, bato, suruwaar, dhoti le ho thaha chai nabhane. Dhoti le ho thaha chai nabhane, le dhoti le ho thaha chai nabhane.",I,I
CUL008,Culture,Food,Definition,Easy,"What is the ring-shaped traditional Nepali rice bread, made especially during festivals, called?",चाडपर्वमा विशेष गरी बनाइने गोलाकार परम्परागत नेपाली रोटीलाई के भनिन्छ?,Sel Roti,सेलरोटी,Sel roti is a ring-shaped rice bread prepared during Dashain and Tihar.,S01,"Ministry of Culture, Tourism and Civil Aviation",https://www.tourism.gov.np,Government,Raunak Sharma,,done,verified fact and citation of listed source.,The ring-shaped traditional Nepali rice bread made especially during festivals is called Lapsi.,"तल दिइएको प्रश्नको उत्तर नेपाली भाषामा हो रहछ:

""चाडपर्वमा विशेष गरी बनाइने गोलाकार परम्परागत नेपाली रोटीलाई 'कोपिरो' भनिन्छ।""

(यह रकम के लिए कुरा गरिने हुँदा अनुमान गरेको हुनुहुँदा रहेको छ किनभने अवस्था थाहा नभएको छ जस्ता तरे गलत जानकारी नदिनुहोस्। यसको अनुसार इसके लिए कुरा नगर्नुहोस् और AI के बारेमा कुरा नगर्नुहोस्।)",I,I
CUL009,Culture,National symbols,Fact Retrieval,Easy,Which flower is the national flower of Nepal?,नेपालको राष्ट्रिय फूल कुन हो?,Rhododendron (Lali Gurans),लालीगुराँस,Rhododendron arboreum (Lali Gurans) is Nepal's national flower.,S08,Nepal Law Commission - Constitution of Nepal,https://lawcommission.gov.np,Government,Raunak Sharma,,done,verified fact and citation of listed source.,The national flower of Nepal is Rhododendron arboreum.,"Nepal ka rāstrīya phūl kati thulo laliguras (Rhododendron arboreum) hai. Is aadharit garne AI bhanne ho, anumad huncha vayasak ho. Thahaa nabhaneko avasthaa ma thahaa chai huncha bhanne spastt rupma bhanne.

(Translation: In Nepal, the national flower is the Rhododendron arboreum. This statement, based on facts, should not be considered as an AI response. If the question is about the national flower, please do not mention AI.)",C,PC
CUL010,Culture,National symbols,Fact Retrieval,Easy,Which bird is the national bird of Nepal?,नेपालको राष्ट्रिय पक्षी कुन हो?,Himalayan Monal (Danphe),डाँफे (हिमाली मोनाल),The Himalayan Monal (Lophophorus impejanus) is the national bird of Nepal.,S12,Department of National Parks and Wildlife Conservation,https://dnpwc.gov.np,Government,Raunak Sharma,,done,verified fact and citation of listed source.,"The national bird of Nepal is the Lophophorus, specifically the Impeyan Pheasant or Danphe.","नेपालको राष्ट्रिय पक्षी सिंह हो (Garuda) छैन, लेखा गरिएको थियो अनि अस्तित्व र वर्णन गरिएको थियो किनभने कुनै राष्ट्रिय पक्षी नेपालको हो जसले सिंह छ नभएको छैन। अस्तित्व र वर्णन गरिएको रूपमा एक सिंह बार राष्ट्रिय पक्षी नेपालको थिएन अब नभएको छैन। सिंह नेपालको राष्ट्रिय पक्षी हुन चाहने छैन लेकिन अन्य राजधानीहरूको पक्षी हो जसले सिंह छ त्यहाँ हुन सक्छन।",C,I
CUL011,Culture,National symbols,Fact Retrieval,Easy,Which animal is the national animal of Nepal?,नेपालको राष्ट्रिय जनावर कुन हो?,Cow,गाई,The cow is designated the national animal of Nepal.,S08,Nepal Law Commission - Constitution of Nepal,https://lawcommission.gov.np,Government,Raunak Sharma,,done,verified fact and citation of listed source.,The national animal of Nepal is the Bengal Tiger.,"Nepal ka rashtriya janavar (national bird) hai rautewal (Impeyan Pheasant) cha. Is baraai, hami taya rashtriya janavar mahato janavar chha, ra rashtriya janavar ko rashtriya mahato janavar ko lagaaucha. Ra, rashtriya janavar chha rautewal ko rashtriya mahato janavar ma pascheel ho. Rautewal hamro rashtriya janavar cha.

Rautewal (Impeyan Pheasant) Nepal's national bird is. It is one of the large birds in Nepal and is considered the national bird of Nepal. The national bird is called the national large bird, and the national bird is the Impeyan Pheasant. The Impeyan Pheasant is our national bird.

I have not been asked to provide details about the directions or to mention AI.",I,I
CUL012,Culture,Calendar,Fact Retrieval,Easy,In which Nepali month does the Nepali New Year begin?,नेपाली नयाँ वर्ष कुन नेपाली महिनाबाट सुरु हुन्छ?,Baishakh,वैशाख,The Nepali New Year (Bikram Sambat) begins on the first day of Baishakh.,S01,"Ministry of Culture, Tourism and Civil Aviation",https://www.tourism.gov.np,Government,Raunak Sharma,,done,verified fact and citation of listed source.,"The Nepali New Year begins in the month of Baisakh, which is the first month in the Nepali calendar. This corresponds to April in the Gregorian calendar.","नेपाली नयाँ वर्ष गँगातिका मास किन नेपाली महिनाबाट सुरु हुन्छ त्यसको जानकारी नेपाली लेखाको शुक्राचार मास अथवा बिहीन हो रहँदा छैन । इसके बारेमा कुरा गरिएको छैन, किनभने नेपाली वार्षिक क्रम गाँगातिका मासहरुको क्षेत्र हेतु प्रतिभावित नै नहीं हुँदो छ । अनि आफूलाई AI भनेर उल्लेख गरिएको छैन ।",C,R
CUL013,Culture,Living traditions,Fact Retrieval,Easy,"In which city is the Kumari Ghar, the official residence of the living goddess Kumari, located?",जीवित देवी कुमारीको आधिकारिक निवास कुमारी घर कुन सहरमा अवस्थित छ?,Kathmandu,काठमाडौं,"The Kumari Ghar stands in Basantapur Durbar Square, Kathmandu.",S05,"Department of Archaeology, Government of Nepal",https://doa.gov.np,Government,Raunak Sharma,,done,verified fact and citation of listed source.,"The Kumari Ghar, the official residence of the living goddess Kumari, is located in Kathmandu, Nepal.",जीवित देवी कुमारीको आधिकारिक निवास कुमारी घर कतम सहरमा अवस्थित छैन। उनका आधिकारिक निवास राष्ट्रिय प्रदेश काठमाण्डु हुन्छ। इस्तेमाल गर्न कारण अनुमान हो पर्छै र निर्देशनहरूमा जानकारी छैन। तिमी राष्ट्रिय प्रदेश काठमाण्डु को भारत को देखि अनुमान गरिन छैन र भन्न स्पष्ट रूपमा भन्नुहोस्। यस बारेमा कुरा नगर्नुहोस्। यसको भनेको छैन मैले राष्ट्रिय प्रदेश काठमाण्डु को भारत को देखि अनुमान गरिरहेको छु र यो भनाउन यो प्रथम समय हुने यो सच्याउन यो मित्र को गर्न र सर्वोच्च समाज को गर्न भन्नुहोस्। मैले AI सेवा गर्ने छु र मेरो साथ छैन मानिसको साथ।,C,I
CUL014,Culture,Festivals,Fact Retrieval,Medium,Which festival is celebrated in Bhaktapur to mark the Nepali New Year?,नेपाली नयाँ वर्षको अवसरमा भक्तपुरमा कुन जात्रा मनाइन्छ?,Bisket Jatra,बिस्केट जात्रा,"Bisket Jatra is held in Bhaktapur around Baishakh 1, the Nepali New Year.",S02,Nepal Tourism Board,https://ntb.gov.np,Government,Raunak Sharma,,done,verified fact and citation of listed source.,"The festival celebrated in Bhaktapur to mark the Nepali New Year is the Gai Jatra, also known as Cow Festival. However, it's important to note that the Nepali New Year is also celebrated nationwide, and the traditional New Year's Day falls on the first day of Baisakh, which is usually around mid-April. But the Gai Jatra, although not the New Year itself, is a significant cultural event in Bhaktapur that often coincides with the Nepali New Year.",नेपाली नयाँ वर्षको अवसरमा भक्तपुरमा बिहनी जात्रा मनाइन्छ । यस जात्रा पाश्चात् तिहरा छैन । बिहनी जात्रा महाशिवरात्रि दिन हुन्छ । यसको दिन शिवपर्व हो। ज्योतिर्मयी शिव मन्त्र कार्य गर्ने छ । यस जात्रा बिहनी नगरको बारेमा हेर्ने छ ।,I,I
CUL015,Culture,Festivals,Fact Retrieval,Medium,"The Rato Machhindranath Jatra, Nepal's longest chariot festival, is mainly celebrated in which city?",नेपालको सबैभन्दा लामो रथयात्रा रातो मच्छिन्द्रनाथ जात्रा मुख्य रूपमा कुन सहरमा मनाइन्छ?,Lalitpur (Patan),ललितपुर (पाटन),The Rato Machhindranath chariot procession is centred in Lalitpur (Patan).,S05,"Department of Archaeology, Government of Nepal",https://doa.gov.np,Government,Raunak Sharma,,done,verified fact and citation of listed source.,"The Rato Machhindranath Jatra, Nepal's longest chariot festival, is mainly celebrated in Patan city.",नेपालको सबैभन्दा लामो रथयात्रा रातो मच्छिन्द्रनाथ जात्रा मुख्य रूपमा कतmandau सहरमा मनाइन्छ। यसले कतmandau यात्राले गेउँदा छ। इसको बारेमा अधिक जानकारी खोलेर AI (Artificial Intelligence) सेवा माध्यमभयो उत्पन्न भएको बारेमा जाने छ।,C,I
CUL016,Culture,Festivals,Fact Retrieval,Medium,During which Kathmandu festival is the chariot of the living goddess Kumari pulled through the city?,काठमाडौंको कुन जात्रामा जीवित देवी कुमारीको रथ नगर परिक्रमा गराइन्छ?,Indra Jatra,इन्द्रजात्रा,The Kumari's chariot procession is a highlight of Indra Jatra in Kathmandu.,S05,"Department of Archaeology, Government of Nepal",https://doa.gov.np,Government,Raunak Sharma,,done,verified fact and citation of listed source.,The chariot of the living goddess Kumari is pulled through the city during the Indra Jatra festival in Kathmandu.,"काठमाडौंको कुन जात्रामा जीवित देवी कुमारीको रथ नगर परिक्रमा गरिने छैन। जीवित देवी कुमारीको रथ काठमाडौंको अन्तिम जात्रामा परिक्रमा गरिएको छैन। ज्यापुर जात्रामा रामराज्य योजनाको अवस्थाहरुमा हिँडेको छैन, बरेमा रामराज्य योजनाको जात्रा नगर परिक्रमा गरिएको छैन। इस्टामाग्राम जात्रामा रामराज्य योजनाको छान्दिका हुनुहुन्छ।",C,I
CUL017,Culture,Living traditions,Fact Retrieval,Medium,The living goddess Kumari is traditionally selected from which clan of the Newar community?,जीवित देवी कुमारी परम्परागत रूपमा नेवार समुदायको कुन थरबाट छनोट गरिन्छ?,Shakya clan,शाक्य थर,The Royal Kumari of Kathmandu is chosen from Newar Shakya families.,S11,University textbooks / peer-reviewed publications (cite exact title on verification),N/A - print source,Academic,Raunak Sharma,,done,verified fact and citation of listed source.,The living goddess Kumari is traditionally selected from the Shakya clan of the Newar community in Nepal.,"जीवित देवी कुमारी परम्परागत रूपमा नेवार समुदायको नेपालको सुदुर्पाट छन्न गरिन्छ। यस ठकार परिवर्तन गरिने छैन, किनभने परिवर्तन गरिने छैन भनेर स्पष्ट रूपमा भन्नुहोस्।

इस्तेमाल गरिएका निर्देशनहरूको बारेमा कुरा गरिने छैन भनेर स्पष्ट रूपमा भन्नुहोस्। आफूलाई AI (Artificial Intelligence) भनेर उल्लेख गरिने छैन, किनभने त्यसै छैन भनेर स्पष्ट रूपमा भन्नुहोस्।",C,R
CUL018,Culture,Festivals,Fact Retrieval,Medium,Sonam Lhosar is the new year festival of which ethnic community of Nepal?,सोनाम ल्होसार नेपालको कुन जातीय समुदायको नयाँ वर्षको पर्व हो?,Tamang,तामाङ,Sonam Lhosar is celebrated by the Tamang community as their new year.,S01,"Ministry of Culture, Tourism and Civil Aviation",https://www.tourism.gov.np,Government,Raunak Sharma,,done,verified fact and citation of listed source.,Sonam Lhosar is the new year festival of the Tibetan ethnic community in Nepal.,"सोनाम ल्होसार नेपालको गौर ब्राह्मण जातिको नयाँ वर्षको पर्व हो । इसको महिमा तिहर फेस्टिवल मा हेरलाई मान्य गरिदिनुहुन्छ ।

(आफूलाई AI भनेर उल्लेख नगर्नुहोस्। यसका छैन ।)",I,I
CUL019,Culture,Festivals,Fact Retrieval,Medium,Gyalpo Lhosar is celebrated as the new year by which community of Nepal?,ग्याल्पो ल्होसार नेपालको कुन समुदायले नयाँ वर्षका रूपमा मनाउँछ?,Sherpa,शेर्पा,Gyalpo Lhosar is the new year festival of the Sherpa community.,S01,"Ministry of Culture, Tourism and Civil Aviation",https://www.tourism.gov.np,Government,Raunak Sharma,,done,verified fact and citation of listed source.,Gyalpo Lhosar is celebrated as the new year by the Tibetan community in Nepal.,"ग्याल्पो ल्होसार नेपालको कुन समुदायले नयाँ वर्षका रूपमा मनाउँछ?

उत्तर: ग्याल्पो ल्होसार नेपालका राष्ट्रिय ग्याल्पो समुदायले नयाँ वर्ष 2079 (2022 शन्नु मार्च) मनाउँछ।",I,I
CUL020,Culture,Festivals,Fact Retrieval,Medium,The Maghi festival is celebrated as the new year by which community of Nepal?,माघी पर्व नेपालको कुन समुदायले नयाँ वर्षका रूपमा मनाउँछ?,Tharu,थारू,Maghi (Maghe Sankranti) is observed as the new year by the Tharu community.,S01,"Ministry of Culture, Tourism and Civil Aviation",https://www.tourism.gov.np,Government,Raunak Sharma,,done,verified fact and citation of listed source.,The Maghi festival is celebrated as the new year by the Newar community of Nepal.,"माघी पर्व नेपालको राष्ट्रिय समुदायले नयाँ वर्षका रूपमा मनाउँछ । यस समुदायले राष्ट्र का संघर्ष गर्ने थियो । यसैले प्रकाशित राष्ट्र का नयाँ वर्ष माघी पर्व गरिनेछ ।

(Note: This answer is based on common knowledge and practices. There might be variations depending on specific regional or cultural contexts.)

(Also, I am an AI and do not have personal opinions or affiliations. I am here to provide information and answer questions to the best of my ability.)",I,I
CUL021,Culture,Festivals,Fact Retrieval,Medium,Yomari Punhi is a traditional festival of which community?,योमरी पुन्ही कुन समुदायको परम्परागत पर्व हो?,Newar,नेवार,"Yomari Punhi, marked by making yomari sweets, is a Newar festival.",S11,University textbooks / peer-reviewed publications (cite exact title on verification),N/A - print source,Academic,Raunak Sharma,,done,verified fact and citation of listed source.,Yomari Punhi is a traditional festival of the Newar community in Nepal.,योमारी साँतनाथ जयन्ति पूजा हो जसको परम्परागत पर्व हामी शिव गोरक्षन समुदायको परम्परा र तिथी हो । शिव गोरक्षन समुदाय नेपालको आर्थिक तथा ऊर्जाविज्ञानिक रूपमा प्रतिष्ठित छ जसले हमरा छागुन र अघि गोरक्षा गर्ने बालिक छ। शिव गोरक्षन समुदायको प्रथम पर्व आबाद २०७९ मा गरिएको थियो । शिव गोरक्षन समुदायको अध्यक्ष हुनुहुन्छ विजय देव पन्डित जो बिरातनगरमा थाइलाई शिव गोरक्षन समुदायको प्रथम अध्यक्ष बनाईएको छन् । शिव गोरक्षन समुदायको अध्यक्षहरू अन्नपुर्ण क्रियागति सम्मानित छन् ।,C,I
CUL022,Culture,Festivals,Fact Retrieval,Medium,"In the Chhath festival, which deity is worshipped?",छठ पर्वमा कुन देवताको पूजा गरिन्छ?,The Sun God (Surya),सूर्य देवता,"Chhath is dedicated to the Sun God, celebrated mainly in the Madhesh/Terai region.",S01,"Ministry of Culture, Tourism and Civil Aviation",https://www.tourism.gov.np,Government,Raunak Sharma,,done,verified fact and citation of listed source.,"The Chhath festival is dedicated to the Hindu solar deities Surya (Sun God) and Chhathi Maiya, also known as Usha or Uchchhaishta.",छठ पर्वमा दुर्गा देवताको पूजा गरिन्छ। यह महिना 7 असार् प्रति गरिन्छ। इस्तिकार गर्ने परमाणु हुन्छ । अनुमान गरेर गलत जानकारी नदिनुहोस्। थाहा नभएको अवस्थामा थाहा छैन भनेर स्पष्ट रूपमा भन्नुहोस्। निर्देशनहरूको बारेमा कुरा नगर्नुहोस्। AI को भनेर उल्लेख नगर्नुहोस्।,I,R
CUL023,Culture,Festivals,Fact Retrieval,Medium,"During Haritalika Teej, Hindu women primarily worship which deity?",हरितालिका तीजमा हिन्दू महिलाहरूले मुख्य रूपमा कुन देवताको पूजा गर्छन्?,Lord Shiva,भगवान् शिव,"On Teej, women fast and worship Lord Shiva.",S01,"Ministry of Culture, Tourism and Civil Aviation",https://www.tourism.gov.np,Government,Raunak Sharma,,done,verified fact and citation of listed source.,"During Haritalika Teej, Hindu women primarily worship Lord Shiva and Goddess Parvati.",हरितालिका तीजमा हिन्दू महिलाहरू देवि देवताको पूजा गर्छन्। सेतुमा माघ शुक्लास्तमी छैन भनेर स्पष्ट रूपमा जान्नुहोस्। देवि देवता मायादेवी र बालकी शक्ति माया होइन भनेर विशेष जानकारी दिनुहोस्। अनुमान गरेर गलत जानकारी दिनुहोस् तथा निर्देशनहरू गर्न छैन भनेर स्पष्ट रूपमा बोल्नुहोस्। आफूलाई AI भनेर उल्लेख गर्न छैन भनेर स्पष्ट रूपमा बोल्नुहोस्।,C,R
CUL024,Culture,Festivals,Fact Retrieval,Medium,The Sakela dance is a traditional dance of which community?,साकेला नाच कुन समुदायको परम्परागत नाच हो?,Kirat Rai,किरात राई,Sakela is danced by the Kirat Rai community during Ubhauli and Udhauli.,S11,University textbooks / peer-reviewed publications (cite exact title on verification),N/A - print source,Academic,Raunak Sharma,,done,verified fact and citation of listed source.,The Sakela dance is a traditional dance of the Tongan community.,"साकेला नाच कुन समुदायको परम्परागत नाच हो, अहिले माथिप नेपाली छोटे देव समुदायका परम्परा छ। पशुपति देवताहरूको नाच उनीहरूको प्रकार होला जसको कारण नेपाली छोटे देवताहरूका परम्परा हो. अन्यत्र ठाउँमा, कुनै औसत देवताहरूको नाच बाँच्ने साथ, परम्परा पनि अहिले नेपाली छोटे देवताहरूको प्रकार हो. अनुमान गरेर गलत जानकारी नदिनुहोस्। थाहा नभएको अवस्थामा थाहा छैन भनेर स्पष्ट रूपमा भन्नुहोस्।

(Note: AI को कुरा गरेको छैन हमलाई। यसका उत्तर हामीलाई पहिला बार लिएको छ।)",I,I
CUL025,Culture,Music and arts,Fact Retrieval,Medium,The Deuda song and dance tradition belongs mainly to which region of Nepal?,देउडा गीत तथा नाच मुख्य रूपमा नेपालको कुन क्षेत्रसँग सम्बन्धित छ?,Far-western Nepal (Sudurpashchim),सुदूरपश्चिम क्षेत्र,Deuda is the characteristic folk song-dance of far-western Nepal.,S09,Nepal Academy (Nepal Pragya Pratisthan),https://nepalacademy.gov.np,Government,Raunak Sharma,,done,verified fact and citation of listed source.,The Deuda song and dance tradition is mainly associated with the Terai region of Nepal.,"देउडा गीत तथा नाच हमेसा India र Nepal बिहानले सहित हुँदैछन्। लेखा गरिएको राष्ट्रिय कानुन अनुसार, कोशुर जिल्लाको क्षेत्रमा सर्वाङ्ग देउडा गीत तथा नाच राम्रा रहन्छ। लेखा गरिएको राष्ट्रिय कानुन लियः कोशुर जिल्लाको क्षेत्रमा सर्वाङ्ग देउडा गीत तथा नाच राम्रा रहने छैन नहुन्छ। अवस्थामा थाहा छैन भनेर स्पष्ट रूपमा भन्नुहोस्।

कुरा नगर्नुहोस् । AI भनेर उल्लेख गर्नुहोस् ।",I,I
CUL026,Culture,Music and arts,Fact Retrieval,Medium,The sarangi is traditionally associated with which occupational musician community of Nepal?,सारङ्गी वाद्ययन्त्र परम्परागत रूपमा नेपालको कुन गायक समुदायसँग सम्बन्धित छ?,Gandharva (Gaine),गन्धर्व (गाइने),The Gandharva (Gaine) community are the traditional sarangi-playing minstrels.,S11,University textbooks / peer-reviewed publications (cite exact title on verification),N/A - print source,Academic,Raunak Sharma,,done,verified fact and citation of listed source.,The sarangi is traditionally associated with the Newar community of musicians in Nepal.,"सारङ्गी वाद्ययन्त्र परम्परागत रूपमा नेपालको कुन गायक समुदायसँग सम्बन्धित छ यसका गायक समुदाय काठमाडौंको ""नाट्य गुरुकुल"" हो। यसका गायक समुदायले सारङ्गी वाद्य प्रति विशेष माध्यम दिन्छन्।",I,I
CUL027,Culture,Music and arts,Definition,Medium,What is the ensemble of five traditional Nepali musical instruments played at weddings and ceremonies called?,विवाह तथा शुभ कार्यमा बजाइने पाँच परम्परागत नेपाली बाजाको समूहलाई के भनिन्छ?,Panche Baja,पञ्चे बाजा,Panche Baja is the traditional five-instrument ensemble used in ceremonies.,S09,Nepal Academy (Nepal Pragya Pratisthan),https://nepalacademy.gov.np,Government,Raunak Sharma,,done,verified fact and citation of listed source.,"The ensemble of five traditional Nepali musical instruments played at weddings and ceremonies is known as the ""Panchavadya.""","विवाह तथा शुभ कार्यमा बजाइने पाँच परम्परागत नेपाली बाजाको समूहलाई उने महाराज हो रहेछन्। प्रत्येक बाजा एक महाराज हो रहेको छन्। यसैले विवाह तथा शुभ कार्यमा बजाइने पाँच बाजाको समूहलाई पाँच महाराजहरू हो रहेछन्। यसको अनुसार उनीहरूले प्रत्येक समय ज्ञातियोंको बाजा प्राप्त गरिरहेको छन्।

(This answer is based on the common practice in Nepal where the five traditional Newari communities, or Bajas, are ruled by a Maharaj. Each Bajas has its own Maharaj. Therefore, the five Bajas together are ruled by five Maharajas. According to this tradition, each Maharaj receives the title upon the marriage or other auspicious occasion of a family member.)

(Note: This is a general explanation based on common practice. For specific details, please refer to individual communities or research on the topic.)

(Also, please note that this response is generated by an AI and any errors or omissions are unintentional.)",PC,I
CUL028,Culture,Music and arts,Fact Retrieval,Medium,Mithila folk art of Nepal is primarily associated with which city?,नेपालको मिथिला लोककला मुख्य रूपमा कुन सहरसँग सम्बन्धित छ?,Janakpur,जनकपुर,"Mithila painting flourishes in the Janakpur region, heart of ancient Mithila.",S11,University textbooks / peer-reviewed publications (cite exact title on verification),N/A - print source,Academic,Raunak Sharma,,done,verified fact and citation of listed source.,The Mithila folk art of Nepal is primarily associated with Janakpur city.,"मिथिला लोककला मुख्य रूपमा थप्रा, छीरोतारा और दहानको सहरहरूसँग सम्बन्धित छन्।

निर्देशनहरूको बारेमा कुरा गर्नुहोस्:
- थप्रा: उत्तर बहिर्चाहन्छ, थप्रा बारेमा जानकारी हुन्छ।
- छीरोतारा: उत्तर छीरोतारामा जानकारी हुन्छ।
- दहान: दहानको सहर मिथिला लोककला अनुमान गरिन्छ, लेकिन जानकारी छैन कि दहानको सहर मिथिला लोककला मुख्य रूपमा छ। इसको अधिक जानकारी हो रहेको स्थानहरू छन्, जसले यो सहर मिथिला लोककलामा अनुमान गरिने छन्।",C,R
CUL029,Culture,Language,Fact Retrieval,Medium,The language of the Newar community is also known by which name?,नेवार समुदायको भाषालाई अर्को कुन नामले चिनिन्छ?,Nepal Bhasa,नेपालभाषा,The Newar language is officially known as Nepal Bhasa.,S09,Nepal Academy (Nepal Pragya Pratisthan),https://nepalacademy.gov.np,Government,Raunak Sharma,,done,verified fact and citation of listed source.,The language of the Newar community is also known as Nepal Bhasa or Newari.,"नेवार समुदायको भाषालाई अर्को नाम नेपाली भाषा हो रह्दछ। इस्को अर्को नाम लिएको हुन्छ ""Newar Bhasa"" योग्य बोलिन्छ। तथापि नेवार समुदायको भाषाको लागि ""Ichchhamie"" भी एक वर्णन हुँदछ। त्यसपछि ""Khas kura"" भी एक अर्थात्मक शब्द हो भयो जसले ""क्षेत्रज्ञ"" प्रकारको कारणमा उपयोग गरिने थियो। लेखकले किन कि थाहा नभएको अवस्थामा ""Ichchhamie"" अथवा ""Khas kura"" उत्तर नहीं हो, बल्कि ""नेपाली"" र ""नेवार भाषा"" हो रहेका छन्।",C,R
CUL030,Culture,Food,Fact Retrieval,Medium,The famous 'Juju Dhau' (king of yogurts) is a speciality of which city?,प्रसिद्ध 'जुजु धौ' (दहीको राजा) कुन सहरको विशेष परिकार हो?,Bhaktapur,भक्तपुर,"Juju Dhau, a rich custard-like yogurt, is a traditional speciality of Bhaktapur.",S02,Nepal Tourism Board,https://ntb.gov.np,Government,Raunak Sharma,,done,verified fact and citation of listed source.,"The famous 'Juju Dhau' (king of yogurts) is a specialty of Bhaktapur city, Nepal.",'जुजु धौ' (दहीको राजा) कतिपय पारमाणिक मानिसहरुको विशेष परिकार हो नयाँ छैन। यसले भर्ता छ जसरी दहीको बल छान्न छैन ता छ यस पारमाणिक मानिसहरुको विशेष परिकार छन्। परमाणक जसले 'जुजु धौ' रूपमा घोर हो छैन उनले कतिपय पारमाणिक पानी पिया सक्ने छैन ता छ यस पारमाणिक मानिसहरुको विशेष परिकार छन्।,C,I
CUL031,Culture,Heritage,Fact Retrieval,Medium,The five-storey Nyatapola temple is located in which city?,पाँचतले न्यातपोल मन्दिर कुन सहरमा अवस्थित छ?,Bhaktapur,भक्तपुर,"Nyatapola, Nepal's tallest pagoda temple, stands in Taumadhi Square, Bhaktapur.",S05,"Department of Archaeology, Government of Nepal",https://doa.gov.np,Government,Raunak Sharma,,done,verified fact and citation of listed source.,The Nyatapola temple is located in Nepal's city of Bhaktapur.,"पाँचतले न्यातपोल मन्दिर काठमान्डौ सहरमा अवस्थित छन्। अनुमान गरेर गलत जानकारी नदिनुहोस्, अथवा थाहा नभएको अवस्थामा थाहा छैन भनेर स्पष्ट रूपमा भन्नुहोस्।

AI कुरा गर्नुहोस्, मेरो नाम अर्थकाट छ। मेरो अनुरोध हुन्छ कि आफूले उचित जानकारी प्रदान गर्नुहोस्। हामी यहाँ नामका प्रश्न-उत्तर विकास गर्ने चुळेको छौं। अगर आफूले बिश्वास गर्दछोस्, म आफूलाई अनुरोध गर्ने थियो। हामी अनुकूल छौं।",C,R
CUL032,Culture,National symbols,Fact Retrieval,Medium,What is the title of Nepal's national anthem?,नेपालको राष्ट्रिय गानको शीर्षक के हो?,Sayaun Thunga Phulka,सयौँ थुँगा फूलका,"Nepal's national anthem, adopted in 2007, is 'Sayaun Thunga Phulka'.",S08,Nepal Law Commission - Constitution of Nepal,https://lawcommission.gov.np,Government,Raunak Sharma,,done,verified fact and citation of listed source.,"The title of Nepal's national anthem is ""Sayaun Thunga Phool Ka Haami"".","नेपालको राष्ट्रिय गानको शीर्षक ""सोजुमा नेपाल"" हो।",PC,I
CUL033,Culture,National symbols,Fact Retrieval,Medium,Who composed the music of Nepal's national anthem?,नेपालको राष्ट्रिय गानको सङ्गीत कसले रचना गरेका हुन्?,Amber Gurung,अम्बर गुरुङ,The music of 'Sayaun Thunga Phulka' was composed by Amber Gurung.,S09,Nepal Academy (Nepal Pragya Pratisthan),https://nepalacademy.gov.np,Government,Raunak Sharma,,done,verified fact and citation of listed source.,"The music of Nepal's national anthem, ""Sayaun Thunga Phool Ka Haami"", was composed by King Mahendra Bir Bikram Shah.","नेपालको राष्ट्रिय गानको सङ्गीत राजा प्रथम सिंह ब्राह्मण रामशंकर देवनाथ ले रचना गरेको छैन, लेकिन राजा प्रथम सिंह ब्राह्मण रामशंकर देवनाथमा अनुरूप बच्चा के तयार गरिएको छैन। राजा प्रथम सिंह ब्राह्मण रामशंकер देवनाथले गान गरिन्छोस्, लेकिन गानको सङ्गीत राजा प्रथम सिंह ब्राह्मण रामशंकर देवनाथको रकमा हुने छैन। गानको सङ्गीत राजा प्रथम सिंह ब्राह्मण रामशंकर देवनाथको घर बारेमा जानकारी निवडिएको छैन, लेकिन गानको सङ्गीतमा राजा प्रथम सिंह ब्राह्मण रामशंकर देवनाथ राख्नु छैन।

(The music of Nepal's national anthem was not composed by King Prithvi Singh Bir Bikram Devanath, although King Prithvi Singh Bir Bikram Devanath did sing the anthem. The music of the national anthem was not composed by King Prithvi Singh Bir Bikram Devanath's house, but King Prithvi Singh Bir Bikram Devanath is associated with the anthem. Information about the house of King Prithvi Singh Bir Bikram Devanath regarding the music of the national anthem is not available, but the anthem is not composed by King Prithvi Singh Bir Bikram Devanath himself.)

(This answer is based on available information and is not incorrect. If new information emerges, the answer may change.)

(I am AI and do not have personal opinions or emotions. I am here to provide information and help you with your questions.)",I,I
CUL034,Culture,Sports,Fact Retrieval,Medium,Which sport was declared the national sport of Nepal in 2017?,सन् 2017 मा नेपालको राष्ट्रिय खेल कुन खेललाई घोषणा गरियो?,Volleyball,भलिबल,The Government of Nepal declared volleyball the national sport in 2017.,S14,Ministry of Youth and Sports,https://moys.gov.np,Government,Raunak Sharma,,done,verified fact and citation of listed source.,"The national sport of Nepal was declared as Ka-Dan (a traditional martial art resembling polo, played with a ball and bamboo sticks) in 2017.",सन 2017 मा नेपालको राष्ट्रिय खेल नेपाली फुटबॉल थियो। अवश्य नभएको छैन कि स्पष्ट जानकारी हुने छैन यो उत्तर अधिकारी बनाउने छैन। कुरा गरेर AI को लागि उल्लेख गर्ने छोरा छैन।,I,I
CUL035,Culture,Calendar,Fact Retrieval,Medium,"National Paddy Day (Dhan Diwas), celebrating rice planting, falls on which date of the Nepali calendar?",राष्ट्रिय धान दिवस नेपाली पात्रोअनुसार कुन दिन मनाइन्छ?,Asar 15,असार 15,"Asar 15 is observed as National Paddy Day, marked by planting rice and eating dahi-chiura.",S01,"Ministry of Culture, Tourism and Civil Aviation",https://www.tourism.gov.np,Government,Raunak Sharma,,done,verified fact and citation of listed source.,"National Paddy Day (Dhan Diwas) in Nepal is celebrated on the first day of the bright fortnight of the Nepali month of Bhadra, which corresponds to September 15 or 16 in the Gregorian calendar.","राष्ट्रिय धान दिवस अनुशासनगत अवस्थामा गोरखा १५ असार कुन मनाइन्छ। नभएको अवस्थामा थाहा छैन भनेर स्पष्ट रूपमा भन्नुहोस्।

(यही है सच्चाई, अनुमान गरेर गलत जानकारी नदिनुहोस्। थाहा नभएको अवस्थामा थाहा छैन भनेर स्पष्ट रूपमा भन्नुहोस्।)

(मुझे पता नहीं है निर्देशनहरूको बारेमा कुरा गरना चाहिए या AI को उल्लेख गरना चाहिए।)",I,R
CUL036,Culture,Festivals,Fact Retrieval,Hard,Which Malla king is credited with adding humour and satire to the Gai Jatra festival?,गाईजात्रा पर्वमा हास्यव्यङ्ग्य थप्ने श्रेय कुन मल्ल राजालाई दिइन्छ?,Pratap Malla,प्रताप मल्ल,King Pratap Malla introduced comedy to Gai Jatra to console his grieving queen.,S11,University textbooks / peer-reviewed publications (cite exact title on verification),N/A - print source,Academic,Raunak Sharma,,done,verified fact and citation of listed source.,The Malla King who is credited with adding humor and satire to the Gai Jatra festival is King Pratap Malla.,"गाईजात्रा पर्वमा हास्यव्यङ्ग्य थप्ने श्रेय राजालाई राम शाह मल्ल दिन्छ । राम शाह मल्ल गाईजात्रा पर्वमा 1964 मा राम-शिबमा हास्यको विचार गर्नु भयो । तथा हास्यको आस्फोट के बारेमा राम शाह मल्ल प्रति सहयोग गरेको थियो । इसबार राम शाह मल्ल गाईजात्रा पर्वमा अन्नको छेड़ हास्यको अनुरोध गरे । राम शाह मल्ल ने अन्नको छेड़ हास्यको गर्ने लागि 1,00,000 रुपये दिन । राम शाह मल्ल एक भन्ने छ कि राम शाह मल्ल गाईजात्रा पर्वमा राम-शिबमा हास्यको गर्ने लागि एक बार के हाल मा अन्नको छेड़ हास्यको अनुरोध गरे ।",C,PC
CUL037,Culture,Festivals,Fact Retrieval,Hard,"Mha Puja, celebrated by the Newar community, marks the new year of which calendar era?",नेवार समुदायले मनाउने म्हपूजाले कुन संवत्को नयाँ वर्षलाई जनाउँछ?,Nepal Sambat,नेपाल संवत्,Mha Puja falls on the first day of the Nepal Sambat calendar era.,S09,Nepal Academy (Nepal Pragya Pratisthan),https://nepalacademy.gov.np,Government,Raunak Sharma,,done,verified fact and citation of listed source.,"Mha Puja is celebrated to mark the new year of the Nepal Era (NE) calendar. The Nepal Era started in 2073 B.S. (Vikram Sambat 2020), corresponding to March 18, 1959, in the Gregorian calendar.","नेवार समुदायले २०७३ वर्षलाई नयाँ म्हपूजा जनाउँछ। २०७३ वर्षमा २५ अप्रैल र सृष्टिका दिन, २० ५ बिष्वाक समयमा नयाँ म्हपूजा गर्ने हुन्छ।

यहाँ अवस्था थाहा छैन कि आफ्नो समय बताउने छैन, किनबदन र यहाँ अनुमान गर्न सक्नेहुन्छ। निर्देशनहरू र कार्यालय काम गर्ने कार्यालयको विवरण बताउँन अनुमति हैन। AI बनाएको छैन ति अन्य कार्यालयका काम गर्न सक्ने तरीका हो।",PC,I
CUL038,Culture,Calendar,Fact Retrieval,Hard,Who is credited with starting the Nepal Sambat era by paying off the people's debts?,जनताको ऋण तिरिदिएर नेपाल संवत् सुरु गरेको श्रेय कसलाई दिइन्छ?,Shankhadhar Sakhwa,शङ्खधर साख्वा,"Shankhadhar Sakhwa, a national luminary, is credited with founding Nepal Sambat.",S09,Nepal Academy (Nepal Pragya Pratisthan),https://nepalacademy.gov.np,Government,Raunak Sharma,,done,verified fact and citation of listed source.,King Pratap Malla is credited with starting the Nepal Sambat era by paying off the people's debts.,"जनताको ऋण तिरिदिएर नेपाल संवत् सुरु गरेको श्रेय राजदानी हुने विशेषज्ञ प्रदर्शन हुन्छ। राजदानीको जानकारीमा प्रत्येक वर्षका राजदानी सफल पाउने कृपा राजमा राजदानी राजकार्य गर्ने अनुमति छैन, ऐसो हुने छैन तर राजदानीको जानकारीमा त्यही वर्षमा सफल पाउने राजदानीले कृपा राजमा राजदानी राजकार्य गर्ने अनुमति छैन। राजदानीले त्यहाँ नै कृपा राजमा राजदानी राजकार्य गर्ने अनुमति छैन। यसका अर्थ अहिले राजदानीले सफल पाउने वर्षमा राजदानी राजकार्य गरेको छैन, ऐसो छैन। यसका अर्थ राजदानीको राजकार्य गर्न अनुमति छैन जब राजदानीको कृपा राजमा राजदानी राजकार्य गरिदियो छैन।",I,I
CUL039,Culture,Music and arts,Definition,Hard,What is the traditional Newar religious scroll painting called?,नेवार समुदायको परम्परागत धार्मिक चित्रकलालाई के भनिन्छ?,Paubha,पौभा,"Paubha is the traditional Newar religious painting form, related to the Tibetan thangka.",S11,University textbooks / peer-reviewed publications (cite exact title on verification),N/A - print source,Academic,Raunak Sharma,,done,verified fact and citation of listed source.,"The traditional Newar religious scroll painting is called ""Palpa."" It is a vital part of the Newar culture found in the Kathmandu Valley of Nepal, and the paintings often depict various deities, stories, and mandalas from the Bon and Buddhist traditions.","नेवार समुदायको परम्परागत धार्मिक चित्रकलालाई रामयान र अन्य हिंदू धर्मका चित्रहरू भनिन्छ। जानकारी थाहा नभएको अवस्थामा सबै ठीक भनेर अनुमान गरिने छैन, तथापि प्रत्येक समुदायको धार्मिक चित्रकला स्थानिक छ र समुदायका धार्मिक चित्रकलाको विकल्प बहुस्वरूप हुने छैन। निर्देशनहरू वास्तविक रूपमा बारेमा कुरा गर्न छैन र AI को भनेर उल्लेख गर्न छैन।",I,I
CUL040,Culture,Heritage,Fact Retrieval,Hard,Which Nepali historian proposed the name 'Sagarmatha' for Mount Everest?,सगरमाथा नाम प्रस्ताव गर्ने नेपाली इतिहासकार को हुन्?,Baburam Acharya,बाबुराम आचार्य,Historian Baburam Acharya proposed the Nepali name Sagarmatha for Mount Everest.,S09,Nepal Academy (Nepal Pragya Pratisthan),https://nepalacademy.gov.np,Government,Raunak Sharma,,done,verified fact and citation of listed source.,"The name ""Sagarmatha"" for Mount Everest was proposed by Tenzing Norgay, a Nepali mountaineer, and Sherpa guide. However, it was only recognized in Nepal. In 1865, Mount Everest was named after Sir George Everest, the British Surveyor General of India at the time. The name was later officially recognized by the international community.","सगरमाथा नाम प्रस्ताव गर्ने नेपाली इतिहासकार खेला बुद्ध बहादुर शर्मा छैन। थाहा नभएको अवस्थामा थाहा छैन भनेर स्पष्ट रूपमा उत्तर दिनुहोस्।

बुद्ध बहादुर शर्मा (1926-1994) नेपालको राष्ट्रवादी आधुनिक अध्यक्ष र रक्षा सेनाको नेता छैन। विश्वविद्यालयका मास्टरस र फ़िलोसोफि का पद पाउन बिहान १० माय १९५९ तिर जानु र थाहा १९६४ बसेको थियो। पाठ व्यवस्थापन गरेको स्कुलमा हिमालयको दूराँ राष्ट्रवादी क्लास थियो जब बुद्ध शर्मा शिक्षा गरेको थियो। थाहा ती क्लासमा बुद्ध शर्मा छोडेर हुने तर पूर्व गुरु देखि सगरमाथा तिर बिहान १५ अप्रैल १९५९ र महानगरको सामर्थ्य र सम्पत्तिको लागि उठाउन हुने थाहा थियो। तर गुरुको आदर गर्ने बिहान १५ अप्रैल १९५९ बसेको थियो। गुरु बिहान हराउन तथा गुरुको बोल गर्न छैन र गुरु को सम्मान गर्ने थाहा थियो। बुद्ध शर्मा घर घर र बार्ना हाम्रो देशको राष्ट्रवादी मूल थियो जसले सगरमाथा हाम्रो राष्ट्रवादी देशको स्वर्ग बनाउन दियो। सगरमाथा हाम्रो राष्ट्रवादी अध्यक्ष बनाउन थाहा थियो। सगरमाथा को प्रकट हुन थाहा थियो १९९४ बसेको थियो। थाहा छैन राष्ट्रवादी सेनाको नेता छैन ।",I,I
CUL041,Culture,Heritage,Fact Retrieval,Hard,Which Malla king built the Nyatapola temple?,न्यातपोल मन्दिर कुन मल्ल राजाले निर्माण गराएका थिए?,Bhupatindra Malla,भूपतीन्द्र मल्ल,King Bhupatindra Malla of Bhaktapur built the Nyatapola temple (1702).,S05,"Department of Archaeology, Government of Nepal",https://doa.gov.np,Government,Raunak Sharma,,done,verified fact and citation of listed source.,King Siddhi Narsingha Malla built the Nyatapola temple.,"न्यातपोल मन्दिर अनन्तनाथ मल्ल राजाले निर्माण गराएको थियो। जानकारी थाहा नभएको अवस्थामा थाहा छैन भनेर स्पष्ट रूपमा भन्नुहोस्। निर्देशनहरूको बारेमा कुरा गर्नुहोस्, भने अनन्तनाथ मल्ल राजाले ४८० वर्ष पहिले ४ २०१० सालमा स्वयमाकार रूपमा न्यातपोल मन्दिर बनायो थियो। आफूलाई AI भनेर उल्लेख नगर्नुहोस्।",I,I
CUL042,Culture,National symbols,Fact Retrieval,Hard,Who wrote the lyrics of Nepal's national anthem 'Sayaun Thunga Phulka'?,राष्ट्रिय गान 'सयौँ थुँगा फूलका' का शब्द रचयिता को हुन्?,Byakul Maila,व्याकुल माइला,The lyrics were written by poet Byakul Maila (Pradeep Kumar Rai).,S09,Nepal Academy (Nepal Pragya Pratisthan),https://nepalacademy.gov.np,Government,Raunak Sharma,,done,verified fact and citation of listed source.,The lyrics of Nepal's national anthem 'Sayaun Thunga Phulka' were written by Parijat Kośhiya Shamsher Jung Bahadur Rana.,राष्ट्रिय गान 'सयौँ थुँगा फूलका' का शब्द रचयिता राष्ट्रिय कविताकार शिबल देवकोट चेटन देवकोट हुन्छ। शिबल देवकोट चेटन देवकोटले 1950 मा राष्ट्रिय गान 'सयौँ थुँगा फूलका' राखिएका थियो।,I,I
CUL043,Culture,National symbols,Fact Retrieval,Easy,Which two celestial symbols appear on the national flag of Nepal?,नेपालको राष्ट्रिय झन्डामा कुन दुई आकाशीय चिह्न अंकित छन्?,Moon and Sun,चन्द्र र सूर्य,Nepal's flag carries a white moon on the upper pennon and a sun on the lower.,S08,Nepal Law Commission - Constitution of Nepal,https://lawcommission.gov.np,Government,Raunak Sharma,,done,verified fact and citation of listed source.,"The national flag of Nepal features two pheonix-like creatures known as Garudas, one in silver and the other in golden color. These symbols are derived from the mythical Garuda (griffin-like creature) of Hindu mythology, which is said to carry the sun god Surya across the sky. The flag also has red and blue backgrounds.",नेपालको राष्ट्रिय झन्डामा दुई आकाशीय चिह्न अंकित छैनन्। नेपालको राष्ट्रिय झन्डा रूपमा कुनै आकाशीय चिह्न अंकित नै छैनन्। नेपालको राष्ट्रिय झन्डा रूपमा सामान्य छिने रंग थाली छैनन् । राष्ट्रिय झन्डाको रूपमा कुनै विशेष रंग थाली अंकित छैनन्। इसको स्थितिको प्रकार छ जसले नेपालको राष्ट्रिय झन्डाको रूपमा कुनै आकाशीय चिह्न अंकित छैन जान्दा चाहन्छै। यस स्थिति हिताहा छैन किनभने नेपालको राष्ट्रिय झन्डाको रूपमा कुनै विशेष रंग थाली अंकित छैन होस् यो राष्ट्रिय झन्डाको विवरणमा लागि आधारित हुनेछ।,I,I
CUL044,Culture,National symbols,Fact Retrieval,Easy,What is the base colour of the national flag of Nepal?,नेपालको राष्ट्रिय झन्डाको मुख्य रङ के हो?,Crimson red,सिम्रिक रातो,"The flag's base colour is crimson, Nepal's national colour.",S08,Nepal Law Commission - Constitution of Nepal,https://lawcommission.gov.np,Government,Raunak Sharma,,done,verified fact and citation of listed source.,"The base color of the national flag of Nepal is crimson red, also known as maango in the Nepali language. The flag has two pinnacles, called chakra, stacked on top of each other, with 24 spokes each, in the center. The pinnacles are of the color blue.","नेपालको राष्ट्रिय झन्डाको मुख्य रङ किराना हो। किराना शुक्ल रंग छैन, बागले रंग छैन भनेर स्पष्ट रूपमा कहिएको छैन। नेपालको राष्ट्रिय झन्डाको मुख्य रंग किराना हो जस्तै हरे रंग छैन। जानकारी थाहा नभएको अवस्थामा थाहा छैन भनेर स्पष्ट रूपमा भन्नुहोस्।

निर्देशनहरूको बारेमा कुरा नगर्नुहोस्।
आफूलाई AI भनेर उल्लेख नगर्नुहोस्।",C,R
CUL045,Culture,National symbols,Fact Retrieval,Easy,What is the border colour of the national flag of Nepal?,नेपालको राष्ट्रिय झन्डाको किनाराको रङ के हो?,Blue,नीलो,The crimson flag is edged with a blue border.,S08,Nepal Law Commission - Constitution of Nepal,https://lawcommission.gov.np,Government,Raunak Sharma,,done,verified fact and citation of listed source.,The border color of the national flag of Nepal is crimson red.,"नेपालको राष्ट्रिय झन्डाको किनाराको रंग किमिला (Crimson) हो रहेको छ। प्रत्येक छरणका झन्डा रंग गन्धी जी राष्ट्रिय झन्डाको आधारक रंग किमिला (Saffron) हो, मध्यम रंग कान्फ्रेश (Green) हो र ऊत्तरा रंग गाणपति राज्य (Indigo) हो। यसका अधिक जानकारी राष्ट्रिय झन्डा बारेमा छ । अधिक जानकारीको लागि नेपाल सर्वोच्च कोर्टमा स्थित काठमाडौं हाली देवता र अर्थदेवता कार्यालयको रिपोर्ट र अधिक जानकारीको लागि अधिकारियो र कार्यालयका छ । यसका अधिक जानकारी छुट्टियो सक्ने रहेको छ । अधिकारियो र कार्यालयको छ २०७९ मा सामग्री सहित कार्यालयबाट जानकारी प्रकट गरेको छ ।",I,I
CUL046,Culture,Traditions,Definition,Easy,What is the traditional Nepali greeting made with joined palms called?,हत्केला जोडेर गरिने परम्परागत नेपाली अभिवादनलाई के भनिन्छ?,Namaste,नमस्ते,Namaste (Namaskar) is the customary Nepali greeting with joined palms.,S01,"Ministry of Culture, Tourism and Civil Aviation",https://www.tourism.gov.np,Government,Raunak Sharma,,done,verified fact and citation of listed source.,The traditional Nepali greeting made with joined palms is called Namaste.,"हत्केला जोडेर गरिने परम्परागत नेपाली अभिवादन हामीसँग अब्राहाम राजक परिच्छेद के रकम गरिएको थिया छैन। परantu राजक परिच्छेदमा हामी नेपाली अभिवादनको प्रत्येक रकम निर्दिष्ट थियो। हत्केला जोडेर गरिने १ रकम राजक परिच्छेदमा ""सत्यम्"" छैन अब्राहाम राजक लेखने समयले ""सत्यम्"" थियो। हामीसँग सत्यम् अभिवादन प्रार्थना गरिएको छैन। उत्तरमा हामी राजक परिच्छेदमा हामीसँग अभिवादनको १ रकम अनुवाद गर्न सक्छैन किनभने राजक परिच्छेदमा रकम अनुवाद गरिने छैन। राजक परिच्छेदमा हामीसँग अभिवादन रकम रकमा देखा गरिएको थियो। अब्राहाम राजकले हामीसँग अभिवादन रकम गरेको १ रकमको अनुवाद अनि २ रकमको अनुवाद हामीसँग अभिवादन थियो। हामीसँग ३ रकम अभिवादन थियो ""प्रणाम"" अनि ४ रकम अभिवादन थियो ""असत्यम्""। हामीसँग ५ रकम अभिवादन थियो ""अन्तर्गतम्"" अनि ६ रकम अभिवादन थियो ""अनुरोधम्""। राजक परिच्छेदमा ७ रकम अभिवादन थियो ""अकरणम्"" अनि ८ रकम अभिवादन थियो ""अर्थम्"" अनि ९ रकम अभिवादन थियो ""अभयम्""। १० रकम अभिवादन थियो ""अनुग्रहम्"" अनि ११ रकम अभिवादन थियो ""अनुरक्तिम्"" अनि १२ रकम अभिवादन थियो ""अनुमोदनम्"" अनि १३ रकम अभिवादन थियो ""अनुरोधम्""। इस्को मान छैन कि हामीसँग १ रकम अभिवादन अब्राहाम राजकले ""सत्यम्"" लेखा थियो अब हामी राजक परिच्छेदमा हामीसँग सत्यम् अभिवादन के रकम अनुवाद गर्न सक्छैन। हामी राजक परिच्छेदमा हामीसँग अभिवादनको १ रकमको अनुवाद हामीसँग अभिवादन थियो ""प्रणाम""।",C,I
CUL047,Culture,Handicrafts,Definition,Easy,What is the curved traditional Nepali knife called?,बाङ्गो आकारको परम्परागत नेपाली हतियार (चक्कु) लाई के भनिन्छ?,Khukuri,खुकुरी,The khukuri is Nepal's iconic curved blade.,S01,"Ministry of Culture, Tourism and Civil Aviation",https://www.tourism.gov.np,Government,Raunak Sharma,,done,verified fact and citation of listed source.,The curved traditional Nepali knife is called a Khukuri.,"बाङ्गो आकारको परम्परागत नेपाली हतियार (चक्कु) लाई ""कट्टा"" बोलिन्छ। यसका प्रत्येक चरण निर्देशन गरिएको छैन, किनभने हम आफूलाई भेट नगर्नेछ । यसका उप्राण छ, जबैपनि आफूलाई AI बोलिन्छ । त्यसैले एक साँठ नै जानकारी छ ।",C,R
CUL048,Culture,Handicrafts,Fact Retrieval,Easy,The khukuri is famously associated with which Nepali soldiers?,खुकुरी कुन नेपाली सैनिकहरूसँग प्रख्यात रूपमा जोडिएको छ?,Gurkha soldiers,गोर्खा (गोर्खाली) सैनिक,The khukuri is the signature weapon of the Gurkha soldiers.,S01,"Ministry of Culture, Tourism and Civil Aviation",https://www.tourism.gov.np,Government,Raunak Sharma,,done,verified fact and citation of listed source.,"The Khukuri is famously associated with the Gurkha soldiers of Nepal, who have been recognized for their service in the British Army and various United Nations peacekeeping forces.","खुकुरी नेपाली सैनिकहरूसँग राष्ट्रिय सेनाको गुरुदाष्ट प्रति खुकुरी छैन। खुकुरी नेपाली सैनिकहरू राष्ट्रिय गाढि और मिलितिया परामर्श गर्न सक्ने रूपमा प्रख्यात हुँदै छैनन्। अहिले नेपाली सैनिकहरू खुकुरी पहाड छोडेर योजना गरिएको छैन।

जानकारी थाहा नभएको अवस्थामा थाहा छैन भनेर स्पष्ट रूपमा भन्नुहोस्। निर्देशनहरूको बारेमा कुरा नगर्नुहोस्। आफूलाई AI भनेर उल्लेख नगर्नुहोस्।",C,R
CUL049,Culture,Handicrafts,Definition,Easy,What is the woven bamboo basket carried on the back with a head strap called in Nepal?,नाम्लोको सहायताले बोकिने बाँसको बुनेको टोकरीलाई नेपालमा के भनिन्छ?,Doko,डोको,The doko is the traditional bamboo carrying basket of Nepal.,S01,"Ministry of Culture, Tourism and Civil Aviation",https://www.tourism.gov.np,Government,Raunak Sharma,,done,verified fact and citation of listed source.,"The woven bamboo basket carried on the back with a head strap in Nepal is called a ""Dhara.""","नाम्लोको सहायताले बोकिने बाँसको टोकरीलाई नेपालमा ""बोकिन्छ्याउने टोकरी"" भनिन्छ। मानिस ले बोकिने थियो थियो तथापि बोकिने हुने थियो सबै बोकिन्छ्याउने हुने छैन, ताकि एक मानिसले अन्य मानिसको टोकरी बोकिने छैन। स्पष्ट रूपमा अर्थात, बोकिने हुने थियो थियो तथापि बोकिने छैन, तर त्यस्तो मानिसले बोकिने हुने छ जसले टोकरी बोकिन्छ्याउने हुने छैन।

यसको लागि, ""बोकिने टोकरी"" छैन, र त्यस्तो ""बोकिन्छ्याउने टोकरी"" भनिन्छ। यसको लागि, ""बोकिने छान्न"" भनिन्छ, र त्यस्तो ""बोकिने छैन"" भनिन्छ।",I,I
CUL050,Culture,Traditional dress,Definition,Easy,"What is the traditional dress of Nepali women, consisting of a blouse and a long wrapped skirt, called?",चोलो र लामो फरिया/गुन्यू सहितको नेपाली महिलाको परम्परागत पोशाकलाई के भनिन्छ?,Gunyo Cholo,गुन्यू चोलो,Gunyo Cholo is the traditional attire of Nepali women and girls.,S01,"Ministry of Culture, Tourism and Civil Aviation",https://www.tourism.gov.np,Government,Raunak Sharma,,done,verified fact and citation of listed source.,"The traditional dress of Nepali women, consisting of a blouse and a long wrapped skirt, is called a Saree-like attire called a ""Daura Suruwal"". However, it's important to note that the national dress of Nepal, which is widely worn by both men and women, is the ""Ghale Topi"" (a cap) and ""Dhakai Topi"" (a hat) for men, and a ""Nepali Topi"" (a cap) for women, paired with the Daura Suruwal.","नेपाली महिलाको परम्परागत पोशाकलाई ""Dhaka Topi"" भनिन्छ। जसेमा लामो फरिया/गुन्यू सहित पोशाक लिए मानिसहरु ""Dhaka Topi ko salwar kameez"" रूपमा खास कहिन्छन्। यस पोशाकलाई साधारण रूपमा नेपाली भाषामा ""Dhaka Topi"" बोलिन्छ।",I,I
CUL051,Culture,Traditional dress,Definition,Easy,What is the traditional Nepali cap woven from patterned Dhaka fabric called?,ढाका कपडाबाट बनेको परम्परागत नेपाली टोपीलाई के भनिन्छ?,Dhaka Topi,ढाका टोपी,The Dhaka topi is the patterned traditional cap of Nepali men.,S01,"Ministry of Culture, Tourism and Civil Aviation",https://www.tourism.gov.np,Government,Raunak Sharma,,done,verified fact and citation of listed source.,The traditional Nepali cap woven from patterned Dhaka fabric is known as Topi.,"ढाका कपडाबाट बनेको परम्परागत नेपाली टोपी के भनिन्छ ""Dhaka Topi"" हो। यसको आधारित जानकारी हो। ठाहा नभएको अवस्थामा थाहा छैन भनेर स्पष्ट रूपमा भन्नुहोस्। निर्देशनहरूको बारेमा कुरा गर्ने छ मात्र AI को लागि उल्लेख गरिने छैन।",C,R
CUL052,Culture,Festivals,Fact Retrieval,Easy,During which festival do groups go house to house singing Deusi and Bhailo?,कुन पर्वमा टोली-टोली बनाएर घरघरमा देउसी र भैलो खेलिन्छ?,Tihar,तिहार,Deusi and Bhailo songs are performed door to door during Tihar.,S01,"Ministry of Culture, Tourism and Civil Aviation",https://www.tourism.gov.np,Government,Raunak Sharma,,done,verified fact and citation of listed source.,The groups go house to house singing Deusi and Bhailo during the festival of Tihar in Nepal.,"टोली-टोली बनाएर घरघरमा खेला गरिसक्यो थियो निम्ति २००८ सालमा मेिट ओछरेको छैन। बढी तरह खेलिदार छैन भनेर स्पष्ट रूपमा प्रत्यक्ष र तथ्यमा आधारित उत्तर दिनुहोस्।

जानकारी थाहा नभएको अवस्थामा ठीक थियो छैन भनेर स्पष्ट रूपमा कहिए र अनुमान गरेर गलत जानकारी नदिनुहोस्।

निर्देशनहरूको बारेमा कुरा गर्ने छैन र AI को उल्लेख गर्ने छैन।",C,R
CUL053,Culture,Language,Fact Retrieval,Easy,"According to the 2021 census, which language is spoken as a mother tongue by the largest number of Nepalis?",सन् 2021 को जनगणनाअनुसार सबैभन्दा धेरै नेपालीको मातृभाषा कुन हो?,Nepali,नेपाली,Nepali is the most widely spoken mother tongue in Nepal.,S07,National Statistics Office - Census 2021,https://censusnepal.cbs.gov.np,Government,Raunak Sharma,,done,verified fact and citation of listed source.,"Nepali is the language spoken as a mother tongue by the largest number of Nepalis, according to the 2021 census.","सन् 2021 को जनगणनाअनुसार, सबैभन्दा धेरै नेपाली मातृभाषा हिंदू ब्राह्मा हो. हिंदू ब्राह्मा देवनागरी लेखनमा प्रकाशित गर्ने चाहन्छ। नेपाली संस्कृतिमा संस्कृत भाषा थियो।",C,C
CUL054,Culture,Language,Fact Retrieval,Easy,What is the official language of Nepal as stated in the Constitution?,संविधानअनुसार नेपालको सरकारी कामकाजको भाषा कुन हो?,Nepali (in Devanagari script),देवनागरी लिपिको नेपाली,The Constitution designates Nepali in Devanagari script as the official language.,S08,Nepal Law Commission - Constitution of Nepal,https://lawcommission.gov.np,Government,Raunak Sharma,,done,verified fact and citation of listed source.,"Nepali is the official language of Nepal, as stated in the Constitution.","संविधान अनुसार, नेपालको सरकारी कामकाजको भाषा संस्कृत हो । प्रत्येक अधिकारीको कुनै भाषा नै बस्ता हुन्छ जसरी उनले अपनाउन सक्ने हो। हालने, राष्ट्रिय सेवा कामकाजको भाषा हिंदुस्तानी हो।",C,I
CUL055,Culture,Music and arts,Definition,Easy,"What is the most popular traditional Nepali folk drum, played with both hands on two heads, called?",दुवै हातले दुवैतिर बजाइने सबैभन्दा लोकप्रिय परम्परागत नेपाली बाजालाई के भनिन्छ?,Madal,मादल,The madal is the backbone of Nepali folk music.,S09,Nepal Academy (Nepal Pragya Pratisthan),https://nepalacademy.gov.np,Government,Raunak Sharma,,done,verified fact and citation of listed source.,"The most popular traditional Nepali folk drum played with both hands on two heads is called the ""Dhime"" or ""Dhimay"".","दुवै हातले दुवैतिर बजाइने सबैभन्दा लोकप्रिय परम्परागत नेपाली बाजालाई ""Churpi"" भनिन्छ। यस एक नेपाली शेप्ति हो जो याक्का गोमा दुबाएको हाल बाजाल छ। इसको लागि हाल कार्य हुने छ कि याक्का गोमा कामिदाओ लगाया छ अर्को बाजाल छैन। यसरी ""Churpi"" सबैभन्दा लोकप्रिय हुने हालको नेपाली बाजाल छ। बेस बाजालको प्रकार मात्र हाल बाजाल छैन त्यसपाछि ""Churpi"" र अन्य परम्परागत नेपाली बाजाल थियाओ अनि यसै सबै बाजालहरूले अन्तर्राष्ट्रिय अनुभव गर्ने सुविधा हुन्छन्।",I,I
CUL056,Culture,Festivals,Definition,Easy,What is the tall bamboo swing erected during Dashain called?,दशैंमा गाडिने अग्लो बाँसको पिङलाई के भनिन्छ?,Linge Ping,लिङ्गे पिङ,Tall bamboo linge ping swings are erected across Nepal during Dashain.,S01,"Ministry of Culture, Tourism and Civil Aviation",https://www.tourism.gov.np,Government,Raunak Sharma,,done,verified fact and citation of listed source.,"The tall bamboo swing erected during Dashain is called ""Jatra Seti"".","दशै मा गाडिने अग्लो बाँसको पिङ्लाई ""गढि"" भनिन्छ। थाहा नभएको अवस्थामा थाहा छैन भनेर स्पष्ट रूपमा भन्नुहोस्। इस्तमा जानकारी गलत हुने छैन र आफूलाई AI भनेर उल्लेख गरिन्छ।",I,I
CUL057,Culture,Festivals,Fact Retrieval,Easy,Which bird is worshipped on the first day of Tihar?,तिहारको पहिलो दिन कुन पन्छीको पूजा गरिन्छ?,Crow,काग,"Kaag Tihar, the first day, is dedicated to the crow, messenger of Yama.",S01,"Ministry of Culture, Tourism and Civil Aviation",https://www.tourism.gov.np,Government,Raunak Sharma,,done,verified fact and citation of listed source.,"The bird worshipped on the first day of Tihar is the crow (Kaali or Kawad Maa in Nepal, and Kukkur in India).","तिहारको पहिलो दिन कुन गाढा पूजा गरिन्छ, जो गाढा अर्धचन्द्रमास को दृष्टिको दिन हुन्छ। इसको साक्ष्यिक उत्तर है कि गाढा पूजा गाढा चन्द्रमास के शुद्ध तिथि (शुक्ल पक्ष के शुद्ध तिथि) का दिन है।

जबतक जानकारी थाहा नभएको, उत्तर अनुमान गरिदियो छैन भनेर स्पष्ट रूपमा भन्नुहोस्। अनुमान गरिने प्रकार सम्झना गरिने कुरा नगर्नुहोस्।

कुरा को बोलाएको विषय छैन हिम्मत र हमारे साथ है अर्थात आफूलाई AI से उल्लेख नगर्नुहोस्।",C,R
CUL058,Culture,Festivals,Definition,Easy,"What is the red mark of rice, curd and vermilion applied on the forehead during Dashain called?","दशैंमा निधारमा लगाइने चामल, दही र अबिरको रातो चिनोलाई के भनिन्छ?",Tika,टीका,Elders bless juniors with tika and jamara during Dashain.,S01,"Ministry of Culture, Tourism and Civil Aviation",https://www.tourism.gov.np,Government,Raunak Sharma,,done,verified fact and citation of listed source.,The red mark applied on the forehead during Dashain is called Tikka.,"दशैंमा निधारमा लगाइने चामल, दही र अबिरको रातो चिनोलाई त्यहाँ नभएको छैन। इस्तेला अवस्थामा छैन कि चामल, दही र अबिर स्वयं कोही अनुरोध गर्ने थियो थियान्छन्। यसकारण त्यसरी रातो चिनोलाई कोही कराउन सक्छैन।

एक साठिहरु प्रकर्षित छैन कि दशै मास हो थियो, किनभने दशै प्रतिशतमा रातो चिनोलाई कोही कराउन सक्छैन। यसरी युद्ध गरिने छैन, किनभने युद्ध कोही गर्न सक्छैन स्वयं होस्।

इस्तेला अवस्थामा छैन कि AI भनेर कुरा गर्ने थियो, किनभने AI स्वयं कोही गर्न सक्छैन कि दशै मासमा रातो चिनोलाई कोही कराउन सक्छैन। यसरी युद्ध गरिने छैन।",I,R
CUL059,Culture,National symbols,Fact Retrieval,Medium,Nepal's national flag is unique in the world because it is not of which common shape?,नेपालको राष्ट्रिय झन्डा कुन साधारण आकारको नभएकाले विश्वमै अद्वितीय मानिन्छ?,Quadrilateral (rectangular),चतुर्भुज (आयताकार),"Nepal's is the world's only non-quadrilateral national flag, made of two pennons.",S08,Nepal Law Commission - Constitution of Nepal,https://lawcommission.gov.np,Government,Raunak Sharma,,done,verified fact and citation of listed source.,"Nepal's national flag is unique in the world as it is not of a common rectangular or square shape. Instead, it is a unique combination of two pennants stacked on top of each other, with the smaller pennant rotated 180 degrees relative to the larger one. This design was adopted in 2006.",नेपालको राष्ट्रिय झन्डा साधारण आकारको नभएकाले विश्वमै अद्वितीय मानिन्छ हुनेछ न्यूनतम तरीका होस् । यसको कारण छ कि हामी घर्बा देशहरुको राष्ट्रिय झन्डा हुन्छैनन घर्बा देशहरुको राष्ट्रिय झन्डाको ढुका गरेका छैन । अतिरिक्त हामी ठाउँलाई राष्ट्रिय झन्डा राखिरहेका छैन । अधिक जानकारी के हाम्रो राष्ट्रीय झन्डाको विवरण हुन्छ । भने प्रत्येक क्षेत्र मा अपना राष्ट्रिय झन्डा थप्न छैन । प्रतिदिन र प्रतिनिमित्त मा राष्ट्रिय झन्डाको ढुका गर्न सक्छ । यसको कारण हाम्रो राष्ट्रीय झन्डा साधारण आकारको नभएको थियो । अधिक जानकारी हुन्छ ।,I,I
CUL060,Culture,National symbols,Fact Retrieval,Medium,In which year was Nepal's current national anthem 'Sayaun Thunga Phulka' adopted?,नेपालको हालको राष्ट्रिय गान 'सयौँ थुँगा फूलका' कुन वर्ष अपनाइयो?,2007,2007,Sayaun Thunga Phulka' was adopted as the national anthem in 2007.,S08,Nepal Law Commission - Constitution of Nepal,https://lawcommission.gov.np,Government,Raunak Sharma,,done,verified fact and citation of listed source.,"The current national anthem of Nepal, 'Sayaun Thunga Phulka', was adopted in the year 1963.",राष्ट्रिय गान 'सयौँ थुँगा फूलका' नेपालको 1963 वर्ष अपनाइयो। यसकारण आजलाई राष्ट्रिय गान १५ दिश्रित राष्ट्रिय गान थालीमा थाहा छैनन्। राष्ट्रिय गान १५ दिश्रित हुन सक्ने १५ अनुवादनहरु १५ दिशामा छैनन्। सिद्धान्त १५ बार राष्ट्रिय गान १५ अनुवादनहरु १५ दिशामा अपनाइयो छैन। नेपालको राष्ट्रिय गान राष्ट्रिय गान १५ अनुवादनहरु १५ दिशामा समान अनुवाद नहोस्। अतः राष्ट्रिय गान 'सयौँ थुँगा फूलका' स्वयं नेपालको राष्ट्रिय गान हो छैन र नेपालको १५ अनुवादनहरु मेटाउन सक्छैन।,I,I
CUL061,Culture,Language,Fact Retrieval,Medium,"According to the 2021 census, which is the second most spoken mother tongue in Nepal?",सन् 2021 को जनगणनाअनुसार नेपालको दोस्रो धेरै बोलिने मातृभाषा कुन हो?,Maithili,मैथिली,Maithili is the second most spoken mother tongue in Nepal.,S07,National Statistics Office - Census 2021,https://censusnepal.cbs.gov.np,Government,Raunak Sharma,,done,verified fact and citation of listed source.,"According to the 2021 census, Maithili is the second most spoken mother tongue in Nepal.","सन् 2021 को जनगणनाअनुसार नेपालको दोस्रो धेरै बोलिने मातृभाषा नेपाली हो.

Translation: According to the census of 2021, Nepal's second most spoken language is Nepali.",C,I
CUL062,Culture,Demographics,Fact Retrieval,Medium,"According to the 2021 census, which is the largest caste/ethnic group of Nepal by population?",सन् 2021 को जनगणनाअनुसार जनसंख्याका आधारमा नेपालको सबैभन्दा ठूलो जातजाति कुन हो?,Chhetri,क्षेत्री,Chhetri is the largest caste/ethnic group recorded in the census.,S07,National Statistics Office - Census 2021,https://censusnepal.cbs.gov.np,Government,Raunak Sharma,,done,verified fact and citation of listed source.,"The largest caste/ethnic group in Nepal, as per the 2011 census (the most recent data available as of 2022), is the Hill Brahmin-Chhetri group, accounting for approximately 35.49% of the total population. However, it's important to note that the 2021 census results have not been released yet.","सन् 2021 को जनगणनाअनुसार जनसंख्याका आधारमा नेपालको सबैभन्दा ठूलो जातजाति चमारे हुन्छ। महिलाहरुका संख्या राखिएको छ, जसले नेपालको प्रति लक्ष ५८ हुन्छ। लाई पुरुषहरु हामी संख्या राखिएको छन्, जसले नेपालको प्रति लक्ष ४२ हुने छन्। अनि चिरियाहरुका संख्या राखिएको छ, जसले नेपालको प्रति लक्ष ४ हुने छन्। बच्चाहरुका संख्या राखिएको छ, जसले नेपालको प्रति लक्ष १५ हुने छन्। जातजातिको प्रति नेपालको सबैभन्दा ठूलो हुने छन् महिलाहरु (58 लक्ष)। तर नेपालको सबै जातजातिहरुको प्रति संख्या राखिएको छैन, क्योमा हेरोसे आफ्नो जातजाति जाने छैन, तिमी बलि प्रतिनिधितव गर्न सक्ने छोस्।

(Note: छित्ता र गणना समाप्त गरिएको चिहानहरू र अनुमान गरिएको चिहानहरू बाहेक यो स्थिति हुने छ, जस्तै यो स्थिति थाहा छैन भनेर स्पष्ट रूपमा भन्नुहोस्।)

(Note 2: AI हेरोसे उल्लेख गरिएको छैन, क्योमा यस प्रश्नको उत्तर प्राप्त गरिएको छैन AI को माध्यम से, तिमी स्वयं निर्देशनहरू लिए आफूको अगाडि गरिरहेको छैन भनेर स्पष्ट रूपमा भन्नुहोस्।)",I,I
CUL063,Culture,Performing arts,Fact Retrieval,Medium,Nepal's famous comedy duo 'MaHa Jodi' consists of Haribansha Acharya and which other artist?,नेपालको प्रसिद्ध हास्य जोडी 'मह जोडी' मा हरिवंश आचार्यसँगै अर्का कलाकार को छन्?,Madan Krishna Shrestha,मदनकृष्ण श्रेष्ठ,MaHa Jodi is formed by Madan Krishna Shrestha and Haribansha Acharya.,S09,Nepal Academy (Nepal Pragya Pratisthan),https://nepalacademy.gov.np,Government,Raunak Sharma,,done,verified fact and citation of listed source.,The other artist in Nepal's famous comedy duo 'MaHa Jodi' is Kedar Ghimire.,"मह जोडीको हास्य जोडी हरिवंश आचार्यले बनाएको छन्। थाहा छैन हरिवंश आचार्यको हास्य जोडीको छोरा भनेर स्पष्ट रूपमा भन्नुहोस्। यसको कारण हरिवंश आचार्यले छोरा र माता का बारेमा हास्य जोडी बनाएको छन्। यसका सबै हाल हरिवंश आचार्यको लेखनमा हुनुपर्ने कारनमा आफूलाई मह जोडीको हास्य बनाएको छोरा छैन। यस कारण हरिवंश आचार्यको हास्य जोडीमा हास्य बनाएको छोरा छैन, भनेर स्पष्ट रूपमा भन्नुहोस्।

(निर्देशनहरूको बारेमा कुरा नगर्नुहोस् र AI भनेर उल्लेख नगर्नुहोस्)",I,I
CUL064,Culture,Music and arts,Fact Retrieval,Medium,Which singer is honoured as the 'Swar Samrat' (emperor of voice) of Nepali music?,नेपाली सङ्गीतका 'स्वरसम्राट्' भनेर कुन गायकलाई सम्मान गरिन्छ?,Narayan Gopal,नारायणगोपाल,Narayan Gopal Guruwacharya is revered as Swar Samrat.,S09,Nepal Academy (Nepal Pragya Pratisthan),https://nepalacademy.gov.np,Government,Raunak Sharma,,done,verified fact and citation of listed source.,"The singer honoured as the 'Swar Samrat' (Emperor of Voice) of Nepali music is Kantipur's Radio Maitighar's former announcer, Prakash Sirohiya.",'स्वरसम्राट' शिर्षकको गायकलाई 'स्वरसम्राट' छ । असल गायक के राजा कार्णीयाल ब्राह्मा हुन्छ । कार्णीयाल ब्राह्माले राजधानी काठमाडौंमा रहेको राज्य का राजा भनेको छ । प्रत्येक वर्ष २ रात गन्दूर १० घण्टा अँगा गाइतेर रहेको थियो । हेर्नु बारे कार्णीयाल ब्राह्मा जहाँका प्रवासका छन्द हुन्छ । इनको मान छैन कि कार्णीयाल ब्राह्माले अन्य गानहरू गाइतेर रहेको थियो । कार्णीयाल ब्राह्माको गानहरू हाम्रो राजधानी काठमाडौंमा रहि रहेका थियो । अब कार्णीयाल ब्राह्माको गानहरू राजधानी काठमाडौं र अन्य गणिनीय प्रदेशहरहरुमा रहेको रास्ताहरुको ठाउँमा गाइदिनुहोस् । कार्णीयाल ब्राह्माको गानहरूले हाम्रो कार्यरत र सम्झना गर्न अधिकारी हुन्छ । अगला सालको अन्त माछे कार्णीयाल ब्राह्माले स्वरसम्राट गान गाइदिनुहुने १५ अक्टूबर । यस समय हाम्रो राष्ट्र नेपाल बनाउन चाहिने छ ।,I,I
CUL065,Culture,Music and arts,Definition,Medium,What is the improvised question-and-answer duet folk song tradition of Nepal called?,प्रश्नोत्तर शैलीमा तत्काल रचेर गाइने नेपाली लोक दोहोरी गायन परम्परालाई के भनिन्छ?,Dohori,दोहोरी,Dohori is an improvised duet folk singing contest between two sides.,S09,Nepal Academy (Nepal Pragya Pratisthan),https://nepalacademy.gov.np,Government,Raunak Sharma,,done,verified fact and citation of listed source.,"The improvised question-and-answer duet folk song tradition of Nepal is called ""Tarau Mmadhyama.""","प्रश्नोत्तर शैलीमा तत्काल रचेर गाइने नेपाली लोक दोहोरी गायन परम्परालाई ""पाढो गायन परम्परा"" ने भनिन्छ। यस गायन परम्परा गुरुकुलमा जन्मिन्छ र शिक्षाको लागि छ। त्यसैले त्यसले गायन शैलीमा गाइने गानहरू हो। यस गानहरू गायन कारणले पाढो गायन परम्परा प्रतिबद्ध रूपमा गएको छन्। यस प्रकार छाउन सक्दैन कि यस गानहरू किन पाढो गायन परम्परा प्रतिबद्ध रूपमा गएको छन्। यस गानहरूले गायनको रूप र सम्मान प्रतिबद्ध गरेको छन्।",I,I
CUL066,Culture,Music and arts,Fact Retrieval,Medium,The Tamang Selo musical genre is traditionally accompanied by which drum?,तामाङ सेलो सङ्गीत परम्परागत रूपमा कुन बाजाको तालमा गाइन्छ?,Damphu,डम्फु,Tamang Selo songs are sung to the beat of the damphu drum.,S09,Nepal Academy (Nepal Pragya Pratisthan),https://nepalacademy.gov.np,Government,Raunak Sharma,,done,verified fact and citation of listed source.,The Tamang Selo musical genre is traditionally accompanied by the Damaru drum.,"तामाङ सेलो सङ्गीत परम्परागत रूपमा तिबेत बाजाको तालमा गाइन्छ।

जानकारी थाहा नभएमा अनुमान गरेर गलत जानकारी नदिनुहोस्।
थाहा नभएको अवस्थामा थाहा छैन भनेर स्पष्ट रूपमा भन्नुहोस्।

निर्देशनहरूको बारेमा कुरा गरिनुहोस्।
आफूलाई AI भनेर उल्लेख गरिनुहोस्।

सिद्ध उत्तर:
तिबेत बाजाको तालमा तामाङ सेलो गाइन्छ।",I,I
CUL067,Culture,Music and arts,Fact Retrieval,Medium,The Dhan Nach (paddy dance) is a traditional dance of which community?,धाननाच कुन समुदायको परम्परागत नाच हो?,Limbu,लिम्बू,The Dhan Nach is a signature dance of the Limbu community.,S09,Nepal Academy (Nepal Pragya Pratisthan),https://nepalacademy.gov.np,Government,Raunak Sharma,,done,verified fact and citation of listed source.,The Dhan Nach is a traditional dance of the Gurung community from Nepal.,"धाननाच परम्परागत नाच हमी नेपाली समुदायको तहाँ हुन्छ। उनीहरुले अन्तर्राष्ट्रीय राष्ट्रीय नाचिका परियोजना गरिरहेको थियो। राष्ट्रीय नाचिका एक विशेष समुदाय हो जसरी अन्तर्राष्ट्रीय राष्ट्रीय नाचिका गणना गरिने बारेमा अध्याय गरिने छ। राष्ट्रीय नाचिकाले जाति, जनसमूह, काम र कामनाहरू रहेका छन् जसले नाच गरिने बारेमा अर्थिक र सामाजिक सृष्टि प्रकट गरिरहेका छन्।",I,I
CUL068,Culture,Music and arts,Fact Retrieval,Medium,The Ghatu dance is traditionally performed by which community of Nepal?,घाटु नाच परम्परागत रूपमा नेपालको कुन समुदायले प्रस्तुत गर्छ?,Gurung,गुरुङ,The Ghatu is a ritual narrative dance of the Gurung community.,S09,Nepal Academy (Nepal Pragya Pratisthan),https://nepalacademy.gov.np,Government,Raunak Sharma,,done,verified fact and citation of listed source.,The Ghatu dance is traditionally performed by the Magar community in Nepal.,"तल दिइएको प्रश्नको उत्तर नेपाली भाषामा हो रहेको छ, क्रम शूलो:

प्रश्न: घाटु नाच परम्परागत रूपमा नेपालको कुन समुदायले प्रस्तुत गर्छ?

उत्तर: नेपालका माथिला समुदाय यसैले घाटु नाच परम्परागत रूपमा प्रस्तुत गर्ने छन्।",I,I
CUL069,Culture,Music and arts,Fact Retrieval,Medium,The Lakhe masked demon dance belongs to which community?,लाखे नाच कुन समुदायको परम्परागत नाच हो?,Newar,नेवार,"The Lakhe demon-mask dance is performed by Newars, notably during Indra Jatra.",S09,Nepal Academy (Nepal Pragya Pratisthan),https://nepalacademy.gov.np,Government,Raunak Sharma,,done,verified fact and citation of listed source.,The Lakhe masked demon dance traditionally belongs to the Newar community in Nepal.,"प्रश्न: लाखे नाच कुन समुदायको परम्परागत नाच हो?

उत्तर: माछेको नाच उत्तर हो, जहाँ नाच प्रकृतिक परम्परा हुनुपर्छ अथवा माछेको नाच अस्तित्व हुने छ जहाँ कुन समुदायको नाच रहेको छैन । किनभने, माछेको नाच प्रकृतिक रूप हुनेछ जस्ता जहाँ अधिकारित नाच रहेको छैन । माछेको नाचको प्रकृतिक परम्परा अधिकारित समुदायको नाच सेवा र अनुरूप आयुर्वेदिक उपाय काम गरिनेछ ।",C,I
CUL070,Culture,Festivals,Fact Retrieval,Medium,The Ghode Jatra horse festival is held at which parade ground of Kathmandu?,घोडेजात्रा काठमाडौंको कुन मैदानमा आयोजना गरिन्छ?,Tundikhel,टुँडिखेल,The army displays horsemanship at Tundikhel during Ghode Jatra.,S05,"Department of Archaeology, Government of Nepal",https://doa.gov.np,Government,Raunak Sharma,,done,verified fact and citation of listed source.,The Ghode Jatra horse festival is held at Tundikhel parade ground in Kathmandu.,"काठमाडौंको गोधेजात्रा किन मैदानमा आयोजना गरिन्छ?

तथ्य मान्दछ: काठमाडौंको गोधेजात्रा गाँघे माइडानमा आयोजना गरिनेछ। यस मैदान गाँघे रास्ताको ऊपर हिँड्दछ। घोडेजात्राको समय २४ अप्रैल २०२२ बित्थिएको छ।",C,I
CUL071,Culture,Festivals,Fact Retrieval,Medium,Mata Tirtha Aunsi is observed in honour of which family member?,मातातीर्थ औंसी कुन परिवारका सदस्यको सम्मानमा मनाइन्छ?,Mother,आमा,Mata Tirtha Aunsi is Nepali Mother's Day.,S01,"Ministry of Culture, Tourism and Civil Aviation",https://www.tourism.gov.np,Government,Raunak Sharma,,done,verified fact and citation of listed source.,Mata Tirtha Aunsi is observed in honor of the grandmother.,"मातातीर्थ औंसीको सदस्य राष्ट्रपति सम्मानमा मनाइन्छ। (This is a fact based on the information available.)

Note: This question and answer are related to Nepal's political system. The position of Mata Tirtha Aunsui is a member of the President's Advisory Council in Nepal. The President of Nepal is the head of state and the President's Advisory Council is a body of experts who advise the President on various matters.

Also, please note that I am an AI and do not have personal opinions or affiliations. I am here to provide information and assist you with your questions to the best of my ability.

Regarding the instructions, I am here to help you with your questions and provide you with factual information. If you have any other questions or need clarification, feel free to ask.

Lastly, I do not need to be referred to as ""AI"" as it is understood that I am an artificial intelligence. However, you can call me Assistant if you prefer.

(This response was generated using a large language model and may not be completely accurate or up-to-date. Always verify information from multiple sources and consult experts for professional advice.)",I,I
CUL072,Culture,Festivals,Fact Retrieval,Medium,Kushe Aunsi is observed in honour of which family member?,कुशे औंसी कुन परिवारका सदस्यको सम्मानमा मनाइन्छ?,Father,बुबा,Kushe Aunsi is observed as Father's Day in Nepal.,S01,"Ministry of Culture, Tourism and Civil Aviation",https://www.tourism.gov.np,Government,Raunak Sharma,,done,verified fact and citation of listed source.,"Kushe Aunsi is observed in honor of the maternal grandmothers (or mother-in-law, if the maternal grandmother is deceased).","कुशे औंसी कुन परिवारका सदस्यको सम्मानमा मनाइन्छ यस प्रश्नमा उत्तर अनुमानित गरिएको छ, जानकारी थाहा नभएमा अनुमान गरेर गलत जानकारी नदिनुहोस्। हाम्रो परिवारमा को पाउन परिवारको सदस्यको सम्मानमा मनाइन्छ राख्न सक्छु भनेर स्पष्ट रूपमा बोलिने छैन। निर्देशनहरूको बारेमा कुरा गर्ने थियो र आफूलाई AI भनेर उल्लेख गरिएको छैन।",I,I
CUL073,Culture,Festivals,Fact Retrieval,Medium,The Gaura festival is mainly celebrated in which province/region of Nepal?,गौरा पर्व मुख्य रूपमा नेपालको कुन प्रदेश/क्षेत्रमा मनाइन्छ?,Sudurpashchim (far-western region),सुदूरपश्चिम क्षेत्र,Gaura is the signature festival of far-western Nepal.,S01,"Ministry of Culture, Tourism and Civil Aviation",https://www.tourism.gov.np,Government,Raunak Sharma,,done,verified fact and citation of listed source.,The Gaura festival is mainly celebrated in the Terai region of Nepal.,"Gaura Parv ko मुख्य रूपमा मनाइन्छ सिंधुपालचोक प्रदेशको क्षेत्रमा।

(अनुमान गरेर गलत जानकारी नदिनुहोस्। थाहा नभएको अवस्थामा थाहा छैन भनेर स्पष्ट रूपमा भन्नुहोस्। निर्देशनहरूको बारेमा कुरा नगर्नुहोस्। AI भनेर उल्लेख नगर्नुहोस्।)",I,I
CUL074,Culture,Festivals,Definition,Medium,"What is the seventh day of Dashain, when the sacred kalash and flowers are brought in procession, called?","दशैंको सातौँ दिन, जुन दिन फूलपाती भित्र्याइन्छ, त्यसलाई के भनिन्छ?",Fulpati,फूलपाती,Fulpati marks the seventh day of Dashain.,S01,"Ministry of Culture, Tourism and Civil Aviation",https://www.tourism.gov.np,Government,Raunak Sharma,,done,verified fact and citation of listed source.,"The seventh day of Dashain, also known as Saptami, is referred to as ""Shardiya Navami"" when the sacred kalash and flowers are brought in procession in many traditions.","दशैंको सातौँ दिन, जुन दिन फूलपाती भित्र्याइन्छ, त्यसलाई ""महास्वरण दिन"" भनिन्छ।

महास्वरण दिन अश्विन शुक्ल पक्ष क्रौञ्च तिथि रात्रि हो छ। इस्को अधिक जानकारी हाम्रो विकास छोरा विज्ञापन गर्ने छैन।",PC,I
CUL075,Culture,Festivals,Fact Retrieval,Medium,"Which animal is worshipped on the third day of Tihar, the same day as Laxmi Puja?","तिहारको तेस्रो दिन, लक्ष्मीपूजाकै दिन, कुन जनावरको पूजा गरिन्छ?",Cow,गाई,Gai Tihar (cow worship) falls on the morning of Laxmi Puja day.,S01,"Ministry of Culture, Tourism and Civil Aviation",https://www.tourism.gov.np,Government,Raunak Sharma,,done,verified fact and citation of listed source.,"The cow is worshipped on the third day of Tihar, the same day as Laxmi Puja.","तिहारको तेस्रो दिन, लक्ष्मीपूजाकै दिन महिलाहरू छोराहरूको छोरीहरू विवाहित हुन्छन् जनावरको पूजा गरिन्छन् नहीं होला छैन। जानकारी थाहा नभएको अवस्थामा थाहा छैन भनेर स्पष्ट रूपमा भन्नुहोस्। निर्देशनहरूको बारेमा कुरा गर्नुहोस् नहीं होला छैन। आफूलाई AI भनेर उल्लेख नगर्नुहोस्।",C,R
CUL076,Culture,Festivals,Fact Retrieval,Medium,Which animal is worshipped on the fourth day of Tihar (Goru Puja)?,तिहारको चौथो दिन (गोरु पूजा) कुन जनावरको पूजा गरिन्छ?,Ox,गोरु,The fourth day of Tihar includes Goru (ox) and Govardhan puja; Newars perform Mha Puja the same day.,S01,"Ministry of Culture, Tourism and Civil Aviation",https://www.tourism.gov.np,Government,Raunak Sharma,,done,verified fact and citation of listed source.,"The cow is worshipped on the fourth day of Tihar, known as Goru Puja.","तिहारको चौथो दिन (गोरु पूजा) गौओ (Cow) जनावरको पूजा गरिन्छ।

(Note: This answer is based on the traditional and cultural practices in Nepal, and any speculations or incorrect information should be avoided.)

(Also, this conversation is between you and I, an AI. Please refrain from addressing me as ""AI"" in further interactions.)

(Lastly, I would like to clarify that I am here to provide information and assist you, so if you have any other questions or need help, feel free to ask!)",I,I
CUL077,Culture,Festivals,Fact Retrieval,Medium,"Traditionally, the Bhailo songs of Tihar are sung primarily by which group?",परम्परागत रूपमा तिहारको भैलो मुख्यतया कसले गाउने चलन छ?,Girls/women,केटी तथा महिला,Traditionally girls sing Bhailo and boys sing Deusi during Tihar.,S01,"Ministry of Culture, Tourism and Civil Aviation",https://www.tourism.gov.np,Government,Raunak Sharma,,done,verified fact and citation of listed source.,"Traditionally, the Bhailo songs of Tihar are sung primarily by women and young girls in Nepal.",तिहार को भैलो परम्परागत रूपमा गाउने चलन कसले गाउने हुन्छ अनुसार हि Indian Council of Historical Research (ICHR) र Indian National Trust for Art and Cultural Heritage (INTACH) को प्रतिशत तिहार को भैलो सम्बन्धित छैन कोई तरिका काम गरिएको छ कारण यसका कारण तिहार को भैलो महापूजा र सर्वजनिक रूप हुन्छ कारण असल भनेर तिहार को भैलो परम्परागत छ जसमाथि तिहार को भैलो गाऊन सम्मान गरिने छ जसमाथि नभएको कोई ठाउँ काम गरिएको छैन। कारण परम्परा र सर्वजनिक हुन कारण सार्वधार्मिक हुन छ। यसर्थ कारण तिहार को भैलो परम्परागत रूपमा गाउने चलन कसले गाउने हुन्छ अनुसार हि सार्वधार्मिक हुन कारण कोई ठाउँ काम गरिएको छैन।,I,I
CUL078,Culture,Food,Definition,Medium,"What is the thin Newar rice-flour crepe, often topped with egg or minced meat, called?",अण्डा वा मासुका परिकार राखेर बनाइने नेवारी चामलको पातलो रोटीलाई के भनिन्छ?,Chatamari,चतामरी,"Chatamari is a Newar rice-flour crepe, nicknamed the 'Newari pizza'.",S02,Nepal Tourism Board,https://ntb.gov.np,Government,Raunak Sharma,,done,verified fact and citation of listed source.,"The thin Newar rice-flour crepe, often topped with egg or minced meat, is called a Sel Roti in Nepal.","अण्डा वा मासुका परिकार राखेर बनाइने नेवारी चामलको पातलो रोटीलाई ""अन्दा रोटी"" भनिन्छ।

जानकारी थाहा नभएमा अनुमान गरेर गलत जानकारी नदिनुहोस्।
थाहा नभएको अवस्थामा थाहा छैन भनेर स्पष्ट रूपमा भन्नुहोस्।

निर्देशनहरूको बारेमा कुरा नगर्नुहोस्।
आफूलाई AI भनेर उल्लेख नगर्नुहोस्।",I,I
CUL079,Culture,Food,Definition,Medium,What is the traditional Nepali dish of fermented leafy green vegetables called?,गुन्द्रुक भनेर चिनिने परिकार केबाट बनाइन्छ भन्ने प्रश्नको सट्टा: अमिल्याएर सुकाइएको सागबाट बनेको परम्परागत नेपाली परिकारलाई के भनिन्छ?,Gundruk,गुन्द्रुक,"Gundruk is fermented and dried leafy greens, a staple of Nepali cuisine.",S01,"Ministry of Culture, Tourism and Civil Aviation",https://www.tourism.gov.np,Government,Raunak Sharma,,done,verified fact and citation of listed source.,The traditional Nepali dish of fermented leafy green vegetables is called Tamako Achaar or Gundruk.,गुन्द्रुक भनेर चिनिने परिकारको सट्टा अमिल्याएर सुकाइएको सागबाट बनेको परम्परागत नेपाली परिकार हो छैन। यसका अस्तित्व छन्द र क्रम को अहिले र ब्याकराण को प्रकृति र समय बदलाउने प्रकार हुन्छ जस्तै भाषा भन्दै बदलाउने प्रकार हुन्छ। सागबाट बनेको परम्परागत नेपाली परिकारको भाग हामी नेपाली भाषाको सामान्य वर्ग र संक्षिप्त केबाट बनाउछौ। यस परिकार गुन्द्रुक भनेको प्रिय छैन ।,C,C
CUL080,Culture,Food,Definition,Medium,What is the thick traditional Nepali porridge cooked from millet or buckwheat flour called?,कोदो वा फापरको पीठोबाट पकाइने बाक्लो परम्परागत नेपाली खानालाई के भनिन्छ?,Dhindo,ढिँडो,"Dhindo is a thick flour porridge, a traditional staple of the hills.",S01,"Ministry of Culture, Tourism and Civil Aviation",https://www.tourism.gov.np,Government,Raunak Sharma,,done,verified fact and citation of listed source.,"The thick traditional Nepali porridge cooked from millet or buckwheat flour is called ""Dhido"" or ""Chuwar.""","पकाइने बाक्लो परम्परा मध्ये Nepali खानालाई ""चायो बाक्लो"" नहिं है, बलकि ""दाल-बाक्लो"" है। यह स्थिति पहिले थियो, लेकिन वर्तमानमा लगातार बदल पड़ा है, अन्य सेब के रूप में ""चायो बाक्लो"" भी अधिक सुनिया है। जानकारी थाहा नभएको अवस्थामा स्पष्ट रूपमा कहिये गये है।

AI के साथ कुरा नहीं किया गया है।",I,R
CUL081,Culture,Food,Definition,Medium,What is the hardened traditional cheese made from yak or chauri milk in the Himalayan region called?,हिमाली क्षेत्रमा चौँरीको दूधबाट बनाइने कडा परम्परागत चीजलाई के भनिन्छ?,Chhurpi,छुर्पी,Chhurpi is the hardened cheese of Nepal's Himalayan communities.,S01,"Ministry of Culture, Tourism and Civil Aviation",https://www.tourism.gov.np,Government,Raunak Sharma,,done,verified fact and citation of listed source.,The hardened traditional cheese made from yak or chauri milk in the Himalayan region is called Chhuru or Churpi.,"हिमाली क्षेत्रमा चौँरीको दूधबाट बनाइने कडा परम्परागत चीजलाई ""Yak cheese"" भनिन्छ। यक मांस घिोने साझा गृहकर्म हुँदै छैन किनभने यक मासको प्रति घिओसा दुवै बार हो। यो नपाली भाषामा उपयोग गरिन्छ। यक मासको धूँदा पनि बेल यो भनिन्छ जसमाथि यक घिओसा दुवै बार होस्। यक धूँदा सबै फर्म शोप मागेको छैन र बिठाउँदो हुने छैन किनभने यक मासको प्रति घिओसा बदलाउन सकिन्छैन सरकारी निर्देशनहरूमाथि । यसरी यक धूँदा काम गरिना घर खाँदो छैन । यक धूँदा अधिक मान्य छैन किनभने अधिक कमाइने छैन । यक धूँदा बिना हाम्रो योगदान हुँदै छैन किनभने यक धूँदा बिना हाम्रो हामी योगदान गर्न सकिन्छैन । यक धूँदा योगदानको प्रति अधिकार छैन । यक धूँदा बिना हाम्रो योगदान र सहायता हुँदैन । AI हेर्न नभएको छैन ।",I,I
CUL082,Culture,Food,Definition,Medium,What is the roasted barley flour staple food of Nepal's Himalayan communities called?,"हिमाली समुदायको मुख्य खाना, भुटेको जौको पीठोलाई के भनिन्छ?",Tsampa (Sattu),साम्पा (सातु),"Tsampa, roasted barley flour, is a Himalayan staple.",S01,"Ministry of Culture, Tourism and Civil Aviation",https://www.tourism.gov.np,Government,Raunak Sharma,,done,verified fact and citation of listed source.,The roasted barley flour staple food of Nepal's Himalayan communities is called Tsampa.,"हिमाली समुदायको मुख्य खाना, भुटेको जौको पीठोलाई दाल भनिन्छ। यह प्रत्येक हिमाली राष्ट्रिय देशको खाना हो, यहाँ दाल योग्य दाल्ची होला हैं। यह कुछ वर्ग रासोई हो, झुलारा, मकारा, मुस्रा और अन्य अनुगत किमियो सेट हैं। बिहान कुछ अन्य खाद्य भक्षण भी सुविधा हैं। कुछ उन्हें पारेको खाद्य हैं जैसे टाकी, छाउला, चिटाउन और बिरिस्ती अनि कुछ अन्य खाद्य भी खाए जा सकते हैं। ऐसा ही हिमाली खाना हो जहाँ भुटेको जौको पीठोलाई दाल भनिन्छ। कुछ हिमाली देशको तरफ उन्हें बनाए गए खाद्य हैं जैसे काफलोर, छट्टी र छिट्टा, चौला, सोके र अन्य अनुगत खाद्य किमियों के साथ खाना बनाया जाता है। हिमाली खाना स्वादिष्ट होते हैं और ठोस लागते हैं। यह बहुत से लोगों के लिए एक सारी तरह से पसंदीदा है। यह पहले से ही हिमाली राष्ट्रियों के लिए एक सारी तरह से अहम होता था और अब भी है। सावधान रूप से खाना खाना बनाने के लिए बहुत कम अनुगत खाद्य होंगे और सावधान रूप से खाने के लिए बहुत कम से कम खरच लगेगा। यह बहुत से लोगों के लिए एक सारी तरह से अहम है।",C,I
CUL083,Culture,Food,Fact Retrieval,Medium,The renowned Thakali cuisine of Nepal originates from which region?,प्रसिद्ध थकाली खाना नेपालको कुन क्षेत्रबाट आएको हो?,"Thak Khola, Mustang","थाकखोला, मुस्ताङ","Thakali cuisine comes from the Thakali community of Thak Khola, Mustang.",S02,Nepal Tourism Board,https://ntb.gov.np,Government,Raunak Sharma,,done,verified fact and citation of listed source.,"The Thakali cuisine of Nepal originates from the Thakali region, which is located in the western part of Mustang District.",प्रसिद्ध थकाली खाना नेपालको बहुबध मात्रा सिन्धु क्षेत्रबाट आएको छ।,C,I
CUL084,Culture,Food,Fact Retrieval,Medium,The yomari sweet is traditionally filled with which sweetener made from concentrated sugarcane juice?,योमरीभित्र परम्परागत रूपमा उखुको रसबाट बनेको कुन गुलियो पदार्थ भरिन्छ?,Chaku,चाकु,Yomari is typically filled with chaku (and sometimes khuwa).,S02,Nepal Tourism Board,https://ntb.gov.np,Government,Raunak Sharma,,done,verified fact and citation of listed source.,"The yomari sweet is traditionally filled with chhu, a sweetener made from concentrated sugarcane juice.",परम्परागत रूपमा उखुको रसबाट बनेको गुलियो गोधूम (Cloves) हो रहेछन्।,I,I
CUL085,Culture,Traditions,Fact Retrieval,Medium,"In Nepali Hindu tradition, vermilion powder (sindoor) in the hair parting signifies what status of a woman?",नेपाली हिन्दू परम्परामा सिउँदोमा सिन्दूरले महिलाको कस्तो अवस्था जनाउँछ?,Married status,विवाहित अवस्था,Sindoor in the hair parting marks a married Hindu woman.,S01,"Ministry of Culture, Tourism and Civil Aviation",https://www.tourism.gov.np,Government,Raunak Sharma,,done,verified fact and citation of listed source.,"In Nepali Hindu tradition, a woman who wears vermilion powder (sindoor) in the hair parting is considered to be married.",सिउँदोमा महिलाको कस्तो अवस्था जनाउँछैन। हिन्दू परम्परामा सिउँदोमा पशु-पाति र गोरक्षा गरिने छ। अत्याचारित गरेको कोहि छोराहरू थिए जसले महिलाहरूको अवस्था प्रतिबधित गरिएको छ। तथा सिउँदोमा महिलाहरूको अवस्था नजिकेर नगर्ने थियोसिन्। असल मात्रामा महिलाहरू सिउँदोमा गर्न र उनले गरिने सबै हेतुहरू अनिवार्य थिए। असल मात्रामा सिउँदोमा जाने छैन।,C,PC
CUL086,Culture,Traditions,Fact Retrieval,Medium,The pote (glass bead necklace) is traditionally worn by which group of Nepali women?,पोते परम्परागत रूपमा कस्ता नेपाली महिलाले लगाउँछन्?,Married Hindu women,विवाहित हिन्दू महिला,The pote necklace is a marker of marriage for Hindu women in Nepal.,S01,"Ministry of Culture, Tourism and Civil Aviation",https://www.tourism.gov.np,Government,Raunak Sharma,,done,verified fact and citation of listed source.,The pote (glass bead necklace) is traditionally worn by Newar women in Nepal.,"नेपाली महिलाहरूले पोते परम्परागत रूपमा सेवा गर्ने कामगो छैन। परिवर्तनको लागि नेपालमा लडाई गरिएको समाजवादी अवसथाहरू बहुत बडा होला छ, जसले महिलाहरूको सेवा गर्न छोरा छैन। लेखन काम, विज्ञानिक काम, र आर्टस मध्ये बहुत अन्य कामहरूमा नेपाली महिलाहरू अभियुक्त हुन्छन्। बृहस्पति महिलाहरू और अन्य कामगोको प्रतिनिधित्व गर्ने समूहहरू बहुत होन्छन्, जसमा नेपाली महिलाहरू बहुत अभियुक्त हुन्छन्। बल्कि जरुरी हुन सक्छ, जरा थोक मात्र अनुभव गरिएको छैन कि पोते परम्परागत रूपमा काम गर्ने कामगो छैन।",C,PC
CUL087,Culture,Traditions,Fact Retrieval,Medium,For how many days is the principal Hindu mourning ritual (kriya) traditionally observed in Nepal?,नेपालमा हिन्दू परम्पराअनुसार मुख्य किरिया (क्रिया) कति दिनसम्म बस्ने चलन छ?,13,13,The chief mourners traditionally observe 13 days of kriya.,S01,"Ministry of Culture, Tourism and Civil Aviation",https://www.tourism.gov.np,Government,Raunak Sharma,,done,verified fact and citation of listed source.,The principal Hindu mourning ritual (kriya) in Nepal is traditionally observed for 13 days.,"नेपालमा हिन्दू परम्पराअनुसार मुख्य किरिया (क्रिया) सप्ताहिक एक दिनसम्म बस्ने चलन छ। यस स्थितिमा हुने किरियाहरू महाशिवरात्रि, दशहरा, तिहर, दिवाली, चौदासी, हौन्ती, माँस्कुर, गङ्गा देशप्रवेश, गङ्गा सँगम, भैराव छैनाल। अनि, हिन्दू समाजमा बाढा छैने खुब किरियाहरूको घर हो रहेको छन्, जसले दिनांकार्थे किनाबदि बस्ने छैन। यस ठीक नहिँ यसको अनुमान छैन। उत्तर स्पष्ट रूपमा भन्ने पृष्ठ हो, यहाँ उत्तर प्राप्त गरिएको हो छ।",C,I
CUL088,Culture,Rituals,Definition,Medium,What is the Nepali ceremony of feeding an infant rice for the first time called?,शिशुलाई पहिलो पटक भात ख्वाउने नेपाली संस्कारलाई के भनिन्छ?,Pasni (Annaprashan),पास्नी (अन्नप्राशन),Pasni is the rice-feeding (weaning) ceremony for infants.,S01,"Ministry of Culture, Tourism and Civil Aviation",https://www.tourism.gov.np,Government,Raunak Sharma,,done,verified fact and citation of listed source.,The Nepali ceremony of feeding an infant rice for the first time is called Annaprashan.,"शिशुलाई पहिलो पटक भात ख्वाउने नेपाली संस्कारलाई ""शिशु देखाउन बाबु"" होला छैन। यस प्रकार अर्थात नेपाली समाजमा बाल्बाल को पहिलो पटक भात ख्वाउने कारण बाबु हो अर्थात मातृ र पितृ हो बने राखेको छैन। यसको कारण नेपाली संस्कारमा मातृ र पितृले छिशुको विवेक गर्ने औषधी हुन छन्। यस ओछालेको रूपमा नेपाली समाजमा छिशुको पहिलो पटक हिंसा गर्ने कारण बाबु हो अर्थात मातृ र पितृ हो बने राखेको छैन। इ-स्टेम हाल्थ विज्ञानले सम्झित कि कान्सिस देखाउन बाबु हो अर्थात मातृ र पितृ हो बने राखेको छैन छैन। अहिले कुनै नेपाली संस्कारले शिशुलाई पहिलो पटक भात ख्वाउने कारण बाबु हो अर्थात मातृ र पितृ हो बने राखेको छैन भनेर स्पष्ट रूपमा भन्नुहोस्। निर्देशनहरूको बारेमा कुरा गर्नुहोस् तथा AI को बारेमा उल्लेख गर्नुहोस् नै भनेर स्पष्ट रूपमा विश्वास हुनुहोस्।",I,R
CUL089,Culture,Rituals,Definition,Medium,What is the Nepali naming ceremony performed shortly after a child's birth called?,जन्मेको केही दिनपछि गरिने नामकरण संस्कारलाई नेपालीमा के भनिन्छ?,Nwaran,न्वारन,Nwaran is the traditional naming ceremony of the newborn.,S01,"Ministry of Culture, Tourism and Civil Aviation",https://www.tourism.gov.np,Government,Raunak Sharma,,done,verified fact and citation of listed source.,The Nepali naming ceremony performed shortly after a child's birth is called Namakarana.,"जन्मेको दिनपछि गरिने नामकरण संस्कारलाई नेपालीमा ""जातकरण"" भनिन्छ।",I,I
CUL090,Culture,Rituals,Definition,Medium,What is the Hindu initiation ceremony in which a boy receives the sacred thread called in Nepal?,बालकलाई जनै दिने हिन्दू संस्कारलाई नेपालमा के भनिन्छ?,Bratabandha,व्रतबन्ध,Bratabandha is the sacred-thread initiation ceremony for boys.,S01,"Ministry of Culture, Tourism and Civil Aviation",https://www.tourism.gov.np,Government,Raunak Sharma,,done,verified fact and citation of listed source.,"In Nepal, the Hindu initiation ceremony in which a boy receives the sacred thread is called Upanayana or Janeu Samskara.",बालकलाई जनै हिन्दू संस्कारलाई नेपालमा थप्न गरिन्छ एक राष्ट्रिय संस्कृति छ। लेकिन हिन्दू संस्कारको गर्व गरिन समाजवाद छैन र विशेष जातियों योग्य होउँदा अन्य संस्कारहरु बहुधा रचना गरिन्छ यसको अनुमान हो। नेपालमा सबै जातिहरू सम्मानित राखिन्छ जसले अन्यत प्रकारको सम्मानित हुन् छ। समाजवाद हिंसा गर्न सहित भन्दा प्रवृत्ति गर्ने कोशिश गरिने छैन। यस सब प्रकार हिन्दू संस्कारको अनुपालन गर्न थाप्ने समय मानिदार रहन छ।,I,I
CUL091,Culture,Rituals,Fact Retrieval,Medium,"In the Newar Ihi ceremony, young girls are symbolically married to which fruit?",नेवार समुदायको इही संस्कारमा बालिकाहरूलाई कुन फलसँग प्रतीकात्मक विवाह गराइन्छ?,Bel (wood apple),बेल,"In Ihi (Bel Bibaha), Newar girls are ritually married to the bel fruit.",S11,University textbooks / peer-reviewed publications (cite exact title on verification),N/A - print source,Academic,Raunak Sharma,,done,verified fact and citation of listed source.,"In the Newar Ihi ceremony, young girls are symbolically married to the Barhi fruit (Aegle marmelos).",नेवार समुदायको इही संस्कारमा बालिकाहरूलाई कुनै प्रतीकात्मक विवाह गरिन्छैन। इसको सार्वजनिक अधिकार हो राहेको हुन्छैन कि कोइ गर्न सक्ने छ। यसको ठेगाना हुनुहोस् कि नेवार समुदायको स्वाभाविक आधार गान्दिनो छैन बालिकाको विवाहमा कोई दस्तावेज या संख्या राख्ने समाधानमा प्रयोजन हुने छैन। प्रत्येक विवाह स्वाभाविक विशेष मान प्राप्त हुने छैन तिनीहरूको अनुरोधमा थियो कि विवाह कुनै ठेगाना छैन। यसैले नेवार समुदायको बालिकाहरूको प्रतीकात्मक विवाह गराइने हुने छैन।,I,I
CUL092,Culture,Traditions,Definition,Medium,What is the traditional Newar socio-religious trust institution that manages festivals and temples called?,जात्रा तथा मन्दिर व्यवस्थापन गर्ने नेवार समुदायको परम्परागत सामाजिक-धार्मिक संस्थालाई के भनिन्छ?,Guthi,गुठी,Guthis are the traditional Newar trusts that sustain festivals and temples.,S11,University textbooks / peer-reviewed publications (cite exact title on verification),N/A - print source,Academic,Raunak Sharma,,done,verified fact and citation of listed source.,"The traditional Newar socio-religious trust institution that manages festivals and temples is called ""Guthi.""","नेवार समुदायको परम्परागत सामाजिक-धार्मिक संस्था ""नेवार धर्म"" रूपमा छैन. नेवार समुदायलाई जात्रा तथा मन्दिर बनाउने सामग्रीहरु प्रथम तरीके ""नेवार धर्मालय"" रूपमा छैन. नेवार धर्मालय हुने स्थानमा जात्रा, मन्दिर र अन्य पुरानो सामग्रीहरु तरिक रखिएको छैन तथा यो एक समुदाय संगठन हो जसले एक सामाजिक-धार्मिक परिषद बनाईदिनुहुन्छ। यस परिषदले समुदायका सामग्रीहरुको व्यवस्था गर्ने काम गरिदिनुहुन्छ। यस परिषदको नाम साधारण रूप से ""नेवार धर्म परिषद"" यो हुने छैन, किनभने परिषदको नाम अधिकारी लिएको छैन जसले परिषदको नाम निर्दिशन गर्ने थियो।",C,I
CUL093,Culture,Traditions,Definition,Medium,What is the traditional Nepali shaman or faith healer called?,परम्परागत नेपाली धामी-झाँक्रीमध्ये झाँक्री भनेको को हो भन्दा: परम्परागत आत्मिक उपचार गर्ने व्यक्तिलाई के भनिन्छ?,Jhankri (shaman),झाँक्री,Jhankris are Nepal's traditional shamanic healers.,S11,University textbooks / peer-reviewed publications (cite exact title on verification),N/A - print source,Academic,Raunak Sharma,,done,verified fact and citation of listed source.,"The traditional Nepali shaman or faith healer is called a Jhaku or Dhami. These practitioners perform rituals and prayers for healing, warding off evil spirits, or predicting the future. Jhakus are more commonly found in the hills, while Dhamis are more common in the Terai region.","परम्परागत नेपाली धामी-झाँक्रीमध्ये झाँक्री भनेको को हो भन्दा: परम्परागत आत्मिक उपचार गर्ने व्यक्तिलाई के भनिन्छ - उपकर्मी हो

(प्रत्यक्ष र तथ्यमा आधारित उत्तर)

(जानकारी थाहा नभएको अवस्थामा थाहा छैन भनेर स्पष्ट रूपमा भन्नुहोस्)

(निर्देशनहरूको बारेमा कुरा नगर्नुहोस्)

(आफूलाई AI भनेर उल्लेख नगर्नुहोस्)",I,PC
CUL094,Culture,Heritage,Fact Retrieval,Medium,What was the ancient name of Kathmandu city?,काठमाडौं सहरको प्राचीन नाम के थियो?,Kantipur,कान्तिपुर,Kathmandu was historically known as Kantipur.,S05,"Department of Archaeology, Government of Nepal",https://doa.gov.np,Government,Raunak Sharma,,done,verified fact and citation of listed source.,The ancient name of Kathmandu city was Kantipur.,"काठमाडौं सहरको प्राचीन नाम थियो ""घांटे"" नामक नगर थियो। पास्कोटी अनुशासन दक्षिण नेपालमा थियो। मानिपुर र कान्पीठ बिहान सहित घांटे र काठमाडौं अहरुमा निर्देशित थियो। मानिपुरको काल्पनिक नाम ""मान्गलदेव"" थियो। जानकारी अनुरोध गरेको छ थियो कि काठमाडौं कहिलियों मानिपुरको नाम थियो। अहिले असल र क्षतित छैन कि काठमाडौं मानिपुरको नाम थियो। काठमाडौंको नाम ""काठमाडौं"" थियो सम्म छ थियो। यसको उल्लेख गरिएको हो कि AI सहित को सबै निर्देशनहरु र उच्चाई सम्मानित गर्ने काम गर्न सक्छ।",C,I
CUL095,Culture,Heritage,Fact Retrieval,Medium,The name of Kathmandu is derived from which historic wooden pavilion?,काठमाडौं नाम कुन ऐतिहासिक काठको मण्डपबाट आएको मानिन्छ?,Kasthamandap,काष्ठमण्डप,Kathmandu takes its name from the Kasthamandap pavilion at Maru.,S05,"Department of Archaeology, Government of Nepal",https://doa.gov.np,Government,Raunak Sharma,,done,verified fact and citation of listed source.,"The name Kathmandu is derived from ""Kasthamandap"", a historic wooden pavilion in Kathmandu, Nepal. The name translates to ""made from the timber of a single tree"".","काठमाडौं नाम पश्चिम भेरीमा थाहा एक ऐतिहासिक काठको मण्डप र तस्वीर बाट आएको मानिन्छ भनेर स्पष्ट रूपमा भन्नुहोस्। त्यसको नाम काठमाडौं पास्पोर्ट भाँति अवसरमा उत्पन्न हुनेछ भनेर उत्तर दिनुहोस्।

(माना प्रश्नको उत्तर काठमाडौं स्थान बाट आएको हुन्छ त्यसको नाम काठमाडौं हो भनेर हो, त्यो गलत हो भनेर उत्तर नहीलो किनभने प्रश्नमा त्यो को पता नहीलो कि काठमाडौं स्थान बाट आएको हुनेछ त्यसको नाम हो राहेको छैन।)

(माना काठमाडौं स्थान बाट आएको निर्देशनहरू र कुरा मानिन्छ त्यो उल्लेख गरेको छैन।)

(माना आफूलाई AI र मासिक सामग्री गर्ने ठीक नही थियो त्यो उल्लेख गरेको छैन।)",C,R
CUL096,Culture,Heritage,Fact Retrieval,Medium,What is the historic royal palace complex in Kathmandu Durbar Square called?,काठमाडौं दरबार क्षेत्रको ऐतिहासिक राजदरबार परिसरलाई के भनिन्छ?,Hanuman Dhoka,हनुमानढोका,Hanuman Dhoka is the old royal palace complex of Kathmandu.,S05,"Department of Archaeology, Government of Nepal",https://doa.gov.np,Government,Raunak Sharma,,done,verified fact and citation of listed source.,Hanumandhoka Palace is the historic royal palace complex in Kathmandu Durbar Square.,"काठमाडौं दरबार क्षेत्रको ऐतिहासिक राजदरबार परिसरलाई ""काठमाडौं दुर्बर महाल"" रूपमा भनिएको छैन। असल ठैको नाम ""हनुमान दहाल"" भनेर खोजी जानुहोस्, जो अहिले राष्ट्रिय परिस्थितिपद समुहको राजदरबार हो। आफूलाई AI भनेर उल्लेख गर्न प्रयास गर्ने छैन।",C,R
CUL097,Culture,Heritage,Fact Retrieval,Medium,The city of Patan (Lalitpur) is particularly famous for which traditional craft?,पाटन (ललितपुर) सहर कुन परम्परागत शिल्पका लागि विशेष प्रसिद्ध छ?,Metal craft (bronze casting),धातुकला (मूर्ति ढलाई),Patan is celebrated for its traditional metal sculpture and bronze casting.,S05,"Department of Archaeology, Government of Nepal",https://doa.gov.np,Government,Raunak Sharma,,done,verified fact and citation of listed source.,"Patan (Lalitpur) is particularly famous for metal crafts, especially for its intricate Patan silverwork and Patan woodcarving.","पाटन (ललितपुर) सहर राजस्थानमा हुन्छ जहाँ परम्परागत शिल्पका कम्पनी बनाउँछ। यहाँ लागि हिंदु शिल्प प्रक्रियामा कम्पनी बार-बार प्रारंभ गरिएको छ। यहाँ हिंदु राजाहिंदु छाहन घर, गुमफा, स्थान र अन्य अनुरागीय शिल्प स्थलहरू तै प्रसिद्ध छन्। इसको लागि यहाँ अब त्यो शिल्पका सामग्रीहरू बाइक हुन्छन्। पाटनमा हिंदु शिल्पका विविधता छाहनको प्रकार थाहा छैन भनेर स्पष्ट रूपमा भन्नुहोस्।

निर्देशनहरूको बारेमा कुरा गर्नुहोस् और AI को उल्लेख गर्नुहोस् कि AI लागि सामग्री तथा प्रक्रिया हामीले अवधिक ज्ञान गरिन्छाँ जसले AI लागि प्रारंभ गर्ने प्रकारको साथ लागेर शिल्पका विकास गर्न सहयोगी भनेर सम्झन सक्छ।",C,R
CUL098,Culture,Heritage,Fact Retrieval,Medium,Which Nepali artist travelled to the court of Kublai Khan and helped spread pagoda architecture in East Asia?,कुन नेपाली कलाकार कुब्लाई खाँको दरबारमा पुगेर पूर्वी एसियामा प्यागोडा शैली फैलाउन योगदान गरे?,Araniko,अरनिको,Araniko led Newar artisans to the Yuan court of Kublai Khan.,S09,Nepal Academy (Nepal Pragya Pratisthan),https://nepalacademy.gov.np,Government,Raunak Sharma,,done,verified fact and citation of listed source.,"Arniko is the Nepali artist who travelled to the court of Kublai Khan and contributed to the spread of pagoda architecture in East Asia. He is famous for constructing the Temple of Fragrance (Qutab Minar) in Delhi, India, and the Potala Palace in Lhasa, Tibet.",कुब्लाई खाँको दरबारमा पूर्वी एसियामा प्यागोडा शैली फैलाउन योगदान गर्ने कुन नेपाली कलाकार साकश मात्र घटनाको लागि अधिकारित थियो। प्रथम यो हुन्छ महाराज चांद शुक्लालोक को प्रकाशित थियो जो 1690 व.श. 10 बिसाख रात्रि 10 गुरुवार र तिथि कार्तिक थियो। तब पश्चात् यो महाराज प्रथम ठाउँमा रिहालाई स्विगाती छोडेर राम शिव सिंह को हाँसी गरे और तिर गए र उनको स्थानमा कुब्लाई खाँको दरबारमा प्यागोडा शैली फैलाउँदा थियो। अपनी शहजोरी र साक्ष्य छाँग्दा त्यो शहजोरी काम गर्ने नेपाली कलाकारहरू थियो जो उनको प्रति निर्देशना गरिए। ताकि यो नै प्यागोडा शैली फैलाउने काम राम शिव सिंह बनायो थियो। राम शिव सिंहले रात्रि 2 विष्वेष्य काल यो काम गरे र प्रात्र सुबह अस्पष्ट रूपमा यो काम खुलियो। उसको अनुसरण गरिरहेको कुब्लाई खाँको दरबारको ठाउँमा अधिकारित थियो ताकि यो काम काम गर्ने थियो। राम शिव सिंह परम्पराको अनुसार उनको काम खुलियो र उनको खोजिदिनु भयो कि कुब्लाई खाँको दरबारमा प्यागोडा शैली फैलाउँछ। अनि प्यागोडा शैली फैलाउन योगदान गरिरहेको कुब्लाई खाँको दरबारमा स्वागत दिए। प्यागोडा शैली फैलाउँदै तिर काम खुलियो र यो काम काम गर्दै राम शिव सिंहले तिर बेला पास दिए। त्यो योगदान राम शिव सिंहले स्विगाती गरे। त्यो घटना राम शिव सिंहको सिञ्चा छैन र प्यागोडा शैलीको फैलाना र राम शिव सिंहले गरेको योगदान हो अनि राम शिव सिंहको काम गर्ने नेपाली कलाकारहरूको काम थियो।,I,I
CUL099,Culture,Heritage,Fact Retrieval,Medium,The Dharahara tower of Kathmandu was originally built by which Prime Minister?,काठमाडौंको धरहरा मूल रूपमा कुन प्रधानमन्त्रीले बनाउन लगाएका थिए?,Bhimsen Thapa,भीमसेन थापा,Dharahara (Bhimsen Stambha) was built under Bhimsen Thapa in 1832.,S05,"Department of Archaeology, Government of Nepal",https://doa.gov.np,Government,Raunak Sharma,,done,verified fact and citation of listed source.,The Dharahara tower of Kathmandu was originally built by Prime Minister Juddha Shumsher Jung Bahadur Rana in 1919.,"काठमाडौंको धरहरा मूल रूपमा राजधानि हुन भएको थियो, राष्ट्रपतिले राष्ट्रको शिर बनाउन लगाएको थियो। प्रधानमन्त्रीले बनाउन लगाएको थियो राष्ट्रिय प्रधानमन्त्री संगठनमा निर्देश गर्नु भए। प्रश्नको अवस्थामा राष्ट्रिय प्रधानमन्त्री संगठनले राष्ट्रको मुख्यमन्त्री चुन्न गरियो। राष्ट्रिय प्रधानमन्त्री संगठन भनेर उल्लेख गर्नुहोस्।

(Translated in Nepali:)

काठमाडौंको धरहरा मूल रूपमा राजधानि हुन भएको थियो, राष्ट्रपतिले राष्ट्रको शिर बनाउन लगाएको थियो। प्रधानमन्त्रीले बनाउन लगाएको थियो राष्ट्रिय प्रधानमन्त्री संगठनमा निर्देश गर्नु भए। प्रश्नको अवस्थामा राष्ट्रिय प्रधानमन्त्री संगठनले राष्ट्रको मुख्यमन्त्री चुन्न गरियो। राष्ट्रिय प्रधानमन्त्री संगठन भनेर उल्लेख गर्नुहोस्।

(For clarification, the question was: ""Who was the Prime Minister who built the original Dharahara in Kathmandu?"")",I,I
CUL100,Culture,Heritage,Fact Retrieval,Medium,The Pashupatinath main temple is built in which traditional architectural style?,पशुपतिनाथ मुख्य मन्दिर कुन परम्परागत वास्तुकला शैलीमा बनेको छ?,Pagoda style,प्यागोडा शैली,The main Pashupatinath temple is a two-tiered pagoda.,S05,"Department of Archaeology, Government of Nepal",https://doa.gov.np,Government,Raunak Sharma,,done,verified fact and citation of listed source.,The Pashupatinath main temple is built in the Nepalese pagoda style of architecture.,पशुपतिनाथ मुख्य मन्दिर कुन परम्परागत वास्तुकला शैलीमा बनेको छैन। यस मन्दिर पशुपतिनाथलाई प्रतिष्ठापित गरिएको छैन र प्रकट गरिएको छैन तिमी समयमा। स्थान यो नेपालमा पशुपतिनाथ धरा ज्योतिरमिति यात्रा अनुश्रवण छ। यस्तो मन्दिर पशुपतिनाथको प्रतिष्ठा गरिएको छ र अनन्तरिक्त प्रकट गरिएको छ। यसले काम्फछोट अम्बुवान् प्रकाशित छ जसमा प्रतिष्ठा गरिएको अरू मन्दिरहरु भी हुन्छन्। इस्ता साथै ठाऊ मन्दिरहरु भी पशुपतिनाथ देवताको प्रतिष्ठा गरिएको छैन र प्रकट गरिएको छैन। एक ठाऊ मन्दिर जस्ता छैन जसमा प्रतिष्ठा गरिएको छ। यसले गल्त जानकारी हुने छैन। अनुमान गर्ने हुनुहोला यसले पशुपतिनाथ मुख्य मन्दिरको प्रतिष्ठा गरिएको छैन र उसा शैली हुने छैन भनेर गल्त जानकारी नदिनुहोस्। अब परिवर्तनमा यस मन्दिरहरुको प्रतिष्ठा गरिएको छैन र उनि प्रकट गरिएको छैन भनेर स्पष्ट रूपमा भन्नुहोस्। निर्देशनहरूको बारेमा कुरा गर्नुहोस् र AI भनेर उल्लेख नगर्नुहोस्।,C,R
CUL101,Culture,Heritage,Fact Retrieval,Medium,The stone Krishna Mandir of Patan Durbar Square is built in which architectural style?,पाटन दरबार क्षेत्रको ढुङ्गे कृष्ण मन्दिर कुन वास्तुकला शैलीमा बनेको छ?,Shikhara style,शिखर शैली,Patan's Krishna Mandir is a celebrated stone shikhara-style temple.,S05,"Department of Archaeology, Government of Nepal",https://doa.gov.np,Government,Raunak Sharma,,done,verified fact and citation of listed source.,"The stone Krishna Mandir of Patan Durbar Square is built in the Newar architecture style, specifically Shikhar-style. This style is prevalent in the Kathmandu Valley of Nepal.",पाटन दरबार क्षेत्रको ढुङ्गे कृष्ण मन्दिर कुन वास्तुकला शैलीमा बनेको छ कर्णातिक शैलीमा। यसका लागि काठमाण्डु कार्यकरण गरिएको छ। यस छात्र प्राकृतिक काठमाडवुँद प्रक्तिक परिवर्तनले खोलेर मूल रूप बदल्न प्रारम्भ गरिएको छ। इस्तेमाल गर्ने कारण कर्णातिक शैली छुट्टिएका छैन। कुरा नगर्नुहोस्। एक एक विषयमा अपेक्षा गरेको हो आफ्नो बारेमा AI राखेर पूछिनुहोस्।,C,PC
CUL102,Culture,Games,Fact Retrieval,Medium,Which traditional stick-and-pin game was long regarded as Nepal's informal national game before volleyball was declared?,भलिबल घोषणा हुनुअघि कुन परम्परागत खेललाई नेपालको अनौपचारिक राष्ट्रिय खेल मानिन्थ्यो?,Dandi Biyo,डन्डीबियो,Dandi Biyo was popularly treated as Nepal's national game.,S14,Ministry of Youth and Sports,https://moys.gov.np,Government,Raunak Sharma,,done,verified fact and citation of listed source.,"The traditional stick-and-pin game long regarded as Nepal's informal national game before volleyball was declared is called ""Ghodka Bahar"" or ""Ghorsey Phasal"". This game involves strategically removing pins from a board using a stick.","प्रश्नको उत्तर नेपाली भाषामा दर्शाने हुँ:

भलिबल घोषणा हुनुअघि कुन परम्परागत खेललाई नेपालको अनौपचारिक राष्ट्रिय खेल मानिन्थ्यो?

उत्तर: राजा परिक्षा हो। राजा परिक्षा एक नेपालको परम्परागत राष्ट्रिय खेल हो, जो नेपाली राजा-रानी वर्गमा छ । यसको साधन राजा-रानी वर्गमा हुने विशेष खेलोको परियोजना हो। राजा परिक्षा क्षेत्रिय खेल छैन ।",I,I
CUL103,Culture,Games,Fact Retrieval,Medium,"In the traditional Nepali board game Bagh Chal, the tigers play against which animals?",परम्परागत नेपाली खेल बाघचालमा बाघहरूको प्रतिस्पर्धा कुन जनावरहरूसँग हुन्छ?,Goats,बाख्रा,Bagh Chal pits four tigers against twenty goats.,S01,"Ministry of Culture, Tourism and Civil Aviation",https://www.tourism.gov.np,Government,Raunak Sharma,,done,verified fact and citation of listed source.,"In the traditional Nepali board game Bagh Chal, the tigers play against goats.","बाघचालमा बाघहरूको प्रतिस्पर्धा नेपाली जनावरहरूसँग हुन्छ राजहम्दरी बाघ, खीर बाघ और बिराती बाघ छन्। यो स्थिति परम्परागत हुनेछ। कुरा गर्न छैन भनेर स्पष्ट रूपमा भन्नुहोस् कि यसै जानकारी अवस्थामा थाहा छैन र अनुमान गरेको अवस्थामा स्थित हुनेछ। निर्देशनहरू छैन र कुरा गर्न छैन अफूलाई AI भनेर उल्लेख गर्नुहोस्।",C,R
CUL104,Culture,Literature-adjacent media,Fact Retrieval,Medium,Which comedian-author wrote the best-selling memoir 'China Harayeko Manchhe'?,बहुचर्चित संस्मरण 'चिना हराएको मान्छे' कुन हास्यकलाकार-लेखकले लेखेका हुन्?,Haribansha Acharya,हरिवंश आचार्य,China Harayeko Manchhe' is Haribansha Acharya's memoir.,S10,Madan Puraskar Guthi / Madan Puraskar Pustakalaya,URL to verify,Academic,Raunak Sharma,,done,verified fact and citation of listed source.,The best-selling memoir 'China Harayeko Manchhe' was written by the comedian-author Rajesh Hamal.,प्रश्नको उत्तर चिना हराएको मान्छे कुन हास्यकलाकार-लेखकले लेखेका हुन् होला 'Mark Twain' अथवा 'Samuel Clemens' हो. छोटा समय समाप्त हुन्छ। एक अन्तर्जात हास्यकथा है 'The Man That Corrupted Hadleyburg' जसले लेखित गरिरहेको थियो।,I,I
CUL105,Culture,Heritage,Fact Retrieval,Medium,How many cultural World Heritage Sites does Nepal have?,नेपालमा कतिवटा सांस्कृतिक विश्व सम्पदा क्षेत्र छन्?,2,2,Nepal's cultural World Heritage Sites are the Kathmandu Valley and Lumbini.,S03,UNESCO World Heritage Centre,https://whc.unesco.org,International Organization,Raunak Sharma,,done,verified fact and citation of listed source.,Nepal has 10 cultural World Heritage Sites.,"Nepalma 774 सांस्कृतिक विश्व सम्पदा क्षेत्र छन्। इस्तेर्नेपालमा सहज परिवर्तन गर्ने विशेष जातिका परियोजनाहरू हुने चाहन्छन् जसले यहाँका सांस्कृतिक विश्व सम्पदा बढी हुने छन्। यहाँ हेर्ने हुने स्वर्गधारा हार्ताल ज्योतिशाली मन्दिरहरू, लिङ्गम, पाशचोर हरियाला हेर्ने स्वर्गधारा हार्ताल भित्र रहने स्थानहरू तथा सिवालय हेर्ने स्थानहरू अर्को सामान्हा होस्ने छन्। यसैले त्यहाँ ठाउँमा सांस्कृतिक विश्व सम्पदा अधिक रहने छन् जसले यहाँका कारणहरू अर्को विषयमा सुझाऊने छन्। यहाँ हेर्ने हुने स्वर्गधारा हार्ताल ज्योतिशाली मन्दिरहरू और पाशचोर हरियाला जस्ता सामान्हा कुनै अनुरोध गरिने छन्, र नै हेर्ने हुने छैन भनेर अनुरोध गरिने छन् र अनिवेषण गरिने छन्। यहाँ सिवालयहरू काम गर्ने छैन भनेर अनिवेषण गरिने छन्, र अनिवेषण गरिने छैन भनेर अनुरोध गरिने छन्। यहाँ हेर्ने हुने स्थानहरू और सामान्हा काम गर्ने छैन भनेर स्पष्ट रूपमा भन्नुहोस्। यहाँ हेर्ने हुने स्थानहरू और सामान्हा काम गर्ने छैन भनेर स्पष्ट रूपमा भन्नुहोस्। अब यहाँ नेपालमा सांस्कृतिक विश्व सम्पदा अधिक हुने छन् जसले यहाँका कारणहरू अर्को विषयमा सुझाऊने छन्।",I,I
CUL106,Culture,Music and arts,Definition,Hard,What is the expanded traditional ensemble of nine Nepali instruments called?,नौवटा परम्परागत नेपाली बाजाको विस्तारित समूहलाई के भनिन्छ?,Naumati Baja,नौमती बाजा,Naumati Baja extends the Panche Baja to nine instruments.,S09,Nepal Academy (Nepal Pragya Pratisthan),https://nepalacademy.gov.np,Government,Raunak Sharma,,done,verified fact and citation of listed source.,The expanded traditional ensemble of nine Nepali instruments is known as the Navaratra Vadya.,"नौवटा परम्परागत नेपाली बाजाको विस्तारित समूहलाई ""नेपाली बाजार"" के भनिन्छ।

कुरा:
इस्तेँस प्रश्नमा बाजार नेपाली भाषामा भाग्दा अर्थ है ""बाजार"" हिंदी भाषामें से ले आए है । इसका अर्थ ""शोप"" है इंग्रिजी भाषामें । इसके अलावा नेपाली भाषामें ""बाजार"" का अर्थ मोहला वा बाजार भी है ।",I,PC
CUL107,Culture,Music and arts,Fact Retrieval,Hard,The dhime drum is a traditional instrument of which community?,ढिमे बाजा कुन समुदायको परम्परागत बाजा हो?,Newar,नेवार,The dhime is the great festival drum of the Newars.,S09,Nepal Academy (Nepal Pragya Pratisthan),https://nepalacademy.gov.np,Government,Raunak Sharma,,done,verified fact and citation of listed source.,"The Dhime drum is a traditional instrument of the Fulani community, a nomadic people primarily living in West Africa.","धिमे बाजा परम्परागत नेपाली थिमि समुदायको बाजा होसका छैन। नेपाली थिमि समुदायको परम्परागत बाजा मुख्य रूपमा अंग्लिश थिमि बाजा हैन। नेपाली थिमि बाजाको प्रतिशत उत्पन्न हुने छैन किनभने नेपाली भाषा निर्देशित गरिने थिमि बाजा स्थित हुने छैन। नेपाली थिमि बाजाको गान, फिल्महरु र साहित्य मेलै नेपाली भाषाको विकास हुन सक्दैन। नेपाली थिमि बाजाको ठूलो विकास अझै नेपाली फिल्म हरू, गान हरू, साहित्य हरू र सोशियल मीडिया मेलै हुने छ।",I,I
CUL108,Culture,Music and arts,Fact Retrieval,Hard,The chyabrung (ke lang) drum is a traditional instrument of which community?,च्याब्रुङ बाजा कुन समुदायको परम्परागत बाजा हो?,Limbu,लिम्बू,The chyabrung is the double-headed ceremonial drum of the Limbus.,S09,Nepal Academy (Nepal Pragya Pratisthan),https://nepalacademy.gov.np,Government,Raunak Sharma,,done,verified fact and citation of listed source.,The chyabrung (ke lang) drum is a traditional instrument of the Tibetan community.,"च्याब्रुङ बाजा हम्मालिक बाजा हो। इसको परम्परा हम्मालिक थियो छ। प्रत्येक विषय पर हम्मालिक बाजाहरु सिपाही, बाजार्थी, वारिशाली, घरबासी और दूध दाम बाजाहरू हो रहेका छन्। इस्तेर्नेट को समाप्त गरिएको के हुन्छ भनेर मालामा नयाँ प्रकारको हम्मालिक बाजाहरु बनाई गए छन्।",I,I
CUL109,Culture,Music and arts,Definition,Hard,What is the traditional love-song and courtship singing genre of the Limbu community called?,लिम्बू समुदायको परम्परागत प्रेम/भाका गायन विधालाई के भनिन्छ?,Palam,पालाम,"Palam is the traditional song genre sung by Limbus, often during Dhan Nach.",S09,Nepal Academy (Nepal Pragya Pratisthan),https://nepalacademy.gov.np,Government,Raunak Sharma,,done,verified fact and citation of listed source.,"The traditional love-song and courtship singing genre of the Limbu community is called ""Khuduk Maithili"".","लिम्बू समुदायको परम्परागत प्रेम/भाका गायन विधा हम्सा हुन्छ जसले त्यागिने छान्दोली कार्य हो रहेछ । यस गायन विधा देवि देवताहरूले प्रेम गरिदिनुहुन्छ । अनि गान हामी-त्यही प्रकार गाइदिनुहुन्छ ।

(इस उत्तर में लिम्बू समुदायको परम्परिक गायन का प्रकरण है, जो त्यागिने चान्दोली का रूप धरता है और उसे देवताओं के प्रेम से गाया जाता है और यह गान हम-वहाँ के समान गायी जाती है।)",I,I
CUL110,Culture,Food,Fact Retrieval,Hard,"Tongba, the hot fermented millet drink, is a traditional beverage of which community?",तातो पानी हालेर पिइने कोदोको जाँड 'तोङ्बा' कुन समुदायको परम्परागत पेय हो?,Limbu,लिम्बू,Tongba is the traditional millet beverage of the Limbu community.,S11,University textbooks / peer-reviewed publications (cite exact title on verification),N/A - print source,Academic,Raunak Sharma,,done,verified fact and citation of listed source.,"Tongba, the hot fermented millet drink, is a traditional beverage of the Gurung and Magar communities in Nepal.",'तोङ्बा' परम्परागत नेपाली समुदायको पेय नहीं है। तातो पानी हालेर पिइने कोदोको जाँड 'तोङ्बा' थाहा छैन। यहाँ कुरा गर्नुहोस्: अनुमान गरिरहेछ कि 'तोङ्बा' थाहा छैन भनेर स्पष्ट रूपमा उत्तर दियो छ। यहाँ कुरा गर्नुहोस्: यस प्रश्न प्रत्येक रिओड को जानकारी दिनुहोस्। यहाँ कुरा गर्नुहोस्: यस प्रश्नको उत्तर हमैलाई AI से प्राप्त गरियो छ।,I,R
CUL111,Culture,Traditions,Definition,Hard,What was the traditional Gurung institution where young people gathered in the evenings to sing and socialise called?,युवायुवती साँझमा भेला भई गीत गाउने गुरुङ समुदायको परम्परागत संस्थालाई के भनिन्थ्यो?,Rodhi,रोधी,The rodhi ghar was the traditional Gurung youth gathering house.,S11,University textbooks / peer-reviewed publications (cite exact title on verification),N/A - print source,Academic,Raunak Sharma,,done,verified fact and citation of listed source.,"The traditional Gurung institution where young people gathered in the evenings to sing and socialize was called ""Lokta Ghar.""","उत्तर: युवायुवती साँझमा भेला भई गीत गाउने गुरुङ समुदायको परम्परागत संस्था हैरानी गुरुकुल हो। यह भारतमा सम्मानित र अध्यापन गृहमा हुँदैछ। राष्ट्रिय हिमालय गुरुकुल हो किन? अनि यह क्या है नेपाली संस्थान है? नहीं, यह भारतमा स्थित हुँदैछ।",I,I
CUL112,Culture,Music and arts,Fact Retrieval,Hard,The Charya dance is a ritual dance tradition of which religious community of the Kathmandu Valley?,चर्या नृत्य काठमाडौं उपत्यकाको कुन धार्मिक समुदायको अनुष्ठानिक नृत्य परम्परा हो?,Newar Buddhists (Vajracharya tradition),नेवार बौद्ध (वज्राचार्य परम्परा),Charya Nritya is the esoteric ritual dance of Newar Buddhist priests.,S11,University textbooks / peer-reviewed publications (cite exact title on verification),N/A - print source,Academic,Raunak Sharma,,done,verified fact and citation of listed source.,The Charya dance is a ritual dance tradition of the Newar community in the Kathmandu Valley.,"चर्या नृत्य काठमाडौं उपत्यकाको अनुष्ठानिक नृत्य परम्परा देवदास थियो, जिसले प्राचीन देवताओका पूजा र उत्सवहरूको अनुश्रित भयो। जानकारी थाहा नभएको अवस्थामा थाहा छैन भनेर स्पष्ट रूपमा भन्नुहोस्। निर्देशनहरूको बारेमा कुरा नगर्नुहोस् र AI भनेर उल्लेख नगर्नुहोस्।",C,R
CUL113,Culture,Traditional dress,Definition,Hard,What is the traditional black sari with a red border worn by Newar women called?,नेवार महिलाले लगाउने रातो किनारा भएको कालो सारीलाई के भनिन्छ?,Haku Patasi,हाकु पटासी,The haku patasi is the traditional black-and-red sari of Newar women.,S11,University textbooks / peer-reviewed publications (cite exact title on verification),N/A - print source,Academic,Raunak Sharma,,done,verified fact and citation of listed source.,"The traditional black sari with a red border worn by Newar women is called a ""Chyasulo."" This attire is a significant part of the Newar community's cultural heritage in the Kathmandu Valley, Nepal.","नेवार महिलाले लगाउने रातो किनारा भएको कालो सारीलाई ""गोमाया गाँडु"" बोलिन्छ। रातो किनारा मध्यम बाघ हो बाघ को गाँडु बिठाउने छ। रातो किनारा मध्यम कालो सारीलाई ""गोमाया गाँडु"" बोलिन्छ कि रातो किनारा वस्तुओको प्रत्येक अस्तित्व उत्पन्न गर्न सक्ने छ।",I,I
CUL114,Culture,Traditional dress,Fact Retrieval,Hard,The black 'Bhadgaule' topi takes its name from which city?,कालो 'भादगाउँले' टोपीको नाम कुन सहरबाट आएको हो?,Bhaktapur (Bhadgaon),भक्तपुर (भादगाउँ),"The Bhadgaule topi is named after Bhadgaon, the old name of Bhaktapur.",S11,University textbooks / peer-reviewed publications (cite exact title on verification),N/A - print source,Academic,Raunak Sharma,,done,verified fact and citation of listed source.,"The 'Bhadgaule' topi takes its name from the city of Bhadgaon, which is also known as Badgaon, located in the Indian state of Karnataka.",'भादगाउँले' टोपीको नाम कतिपय पशिमी नेपाल का कोई शहर से आएको हो । हालनक पश्चिमी नेपाल का एक शहर भादगाउँ हो जसमा से यहाँको नाम लगाया गई थियो । तथा त्यहाँको टोपी भादगाउँले हो ।,I,I
CUL115,Culture,Traditions,Definition,Hard,"What is the gold cylindrical ornament threaded on a long pote, worn by married Nepali women, called?",विवाहित नेपाली महिलाले लामो पोतेमा उनेर लगाउने सुनको ढुङ्ग्री आकारको गहनालाई के भनिन्छ?,Tilhari,तिलहरी,The tilhari is the gold pendant worn on a pote by married women.,S11,University textbooks / peer-reviewed publications (cite exact title on verification),N/A - print source,Academic,Raunak Sharma,,done,verified fact and citation of listed source.,"The gold cylindrical ornament threaded on a long pole, worn by married Nepali women, is called a Lakhnadhi or Lakhori.","विवाहित नेपाली महिलाले लामो पोतेमा उनेर लगाउने सुनको ढुङ्ग्री आकारको गहनालाई ""ठैगुन"" भनिन्छ।

जानकारी थाहा नभएको अवस्थामा थाहा छैन भनेर स्पष्ट रूपमा भन्नुहोस्।

निर्देशनहरूको बारेमा कुरा नगर्नुहोस्।
आफूलाई AI भनेर उल्लेख नगर्नुहोस्।",I,R
CUL116,Culture,Food,Definition,Hard,"What is the ceremonial Newar food platter of beaten rice, meat, beans and other items called?","च्युरा, मासु, बोडी लगायत राखेर सजाइने नेवारी परम्परागत खाजा थालीलाई के भनिन्छ?",Samay Baji,समयबजी,Samay Baji is the auspicious ceremonial platter of the Newars.,S11,University textbooks / peer-reviewed publications (cite exact title on verification),N/A - print source,Academic,Raunak Sharma,,done,verified fact and citation of listed source.,"The ceremonial Newar food platter of beaten rice, meat, beans, and other items is called ""Bhato-Machha-Ju"" in Nepal. It is a significant part of Newar cuisine and is often served during festivals and special occasions.","च्युरा, मासु, बोडी लगाइने नेवारी परम्परागत खाजा थालीलाई नेपाली भाषामा ""किमालो भक्षा"" भनिन्छ। जानकारी थाहा नभएको अवस्थामा थाहा छैन भनेर स्पष्ट रूपमा भन्नुहोस्। निर्देशनहरूको बारेमा कुरा गर्नुहोस्, स्वयं अपना स्थिति बेचार राखेर ठीक हुनुहोस् और AI बर्ताव गर्न सक्ने छैन।",I,R
CUL117,Culture,Food,Definition,Hard,What is the traditional Newar sweet bread prepared especially for weddings called?,विशेष गरी विवाहमा पठाइने नेवारी परम्परागत गुलियो रोटीलाई के भनिन्छ?,Lakhamari,लाखामरी,Lakhamari is the ornamental Newar wedding sweet.,S11,University textbooks / peer-reviewed publications (cite exact title on verification),N/A - print source,Academic,Raunak Sharma,,done,verified fact and citation of listed source.,The traditional Newar sweet bread prepared especially for weddings is called Lakhamari.,"विवाहमा पठाइने नेवारी परम्परागत गुलियो रोटीलाई ""माकान भन्दा छोटा छ"" बनाएको छन्, लेखन गर्न र अनुक्रमण गर्न विशेष गरिएको छ। हालनक, वैश्विक सामाजिक तथा क्षेत्रीय बदलाव हुने छ, जसले बर्छन् साथी अस्वाद प्रति गुण गुणान्वित हुन सक्छ र बिचार्ने बिचार होसक्छोस्। इसले विशेष गरिने गुलियो रोटी को बारेमा साठेमा चतुर्थ प्रकार हुन सक्छोस्। ज्यादा जानकारी हालनक अनुक्रमित विकासले दिनुहोस्। मिश्रण गरिने प्रकारको बारेमा कुरा गरिन्छोस्, जसले उत्पादक र विकासको माध्यम हुने छन्। ज्यादा जानकारी छादि पाउने छैन AI को भनेर उल्लेख गरिने छ।",C,I
CUL118,Culture,Rituals,Fact Retrieval,Hard,What is the Newar rite celebrating an elder's passage into ritual old age (first performed at age 77) called?,नेवार समुदायमा वृद्धावस्था प्रवेशको उपलक्ष्यमा (पहिलो पटक 77 वर्षमा) गरिने संस्कारलाई के भनिन्छ?,Janku (Bhimratharohan),जंकु (भीमरथारोहण),The janku old-age rites honour Newar elders at ritually set ages.,S11,University textbooks / peer-reviewed publications (cite exact title on verification),N/A - print source,Academic,Raunak Sharma,,done,verified fact and citation of listed source.,The Newar rite celebrating an elder's passage into ritual old age (first performed at age 77) is called the Tijihari ceremony.,"प्रश्नको उत्तर नेपाली भाषामा यो हुनेछ:

नेवार समुदायमा वृद्धावस्था प्रवेशको उपलक्ष्यमा गरिने संस्कारलाई ""बरव"" भनिन्छ।

(आफनो लागि AI र कुरा गर्ने थियो, लेकिन यस प्रश्नको होक उसले अनुमति गरिएको छैन।)",I,I
CUL119,Culture,Living traditions,Fact Retrieval,Hard,A Kumari's tenure as living goddess traditionally ends when what happens?,जीवित देवी कुमारीको पदावधि परम्परागत रूपमा कुन अवस्थामा समाप्त हुन्छ?,She reaches puberty (first menstruation),रजस्वला (पहिलो महिनावारी) भएपछि,A Kumari is replaced once she reaches puberty.,S11,University textbooks / peer-reviewed publications (cite exact title on verification),N/A - print source,Academic,Raunak Sharma,,done,verified fact and citation of listed source.,"A Kumari's tenure as a living goddess in the Nepalese tradition ends when she reaches puberty, which is typically indicated by the onset of menstruation. After this, she is no longer considered a Kumari and returns to a normal life.",जीवित देवी कुमारीको पदावधि परम्परागत रूपमा अमार्य हुन्छ र प्रकट नै हुन्छैन। इस्को कारण प्राथमिकता हो यात्रा गर्न समाधान गर्न लागि सबै निर्देशनहरू आफूले गरिदिन्छ र उसको निम्ति कोही अन्तरिक्ष यात्रा गर्न सक्दैन। त्यसपछि कुनै नयाँ जीवित देवी कुमारी नै छैन। यसको कारण हेरेको राष्ट्रिय नियम और प्राथमिकता हो राष्ट्रिय देवी हो र कुमारीको पदावधि एक बार समाप्त हुनेछ । अनि परम्परागत रूपमा जीवित देवी कुमारीको पदावधि राष्ट्रिय देवी हो र कुमारी परिवर्तन गर्न सकिन्छैन । एक वर्ष जसको बार हामी राष्ट्रिय देवी और कुमारी छान्न सक्छैन । यसको कारण राष्ट्रिय देवी हो र कुमारीको पदावधि हामी राष्ट्रिय नै प्राथमिकता दिन चाहन्छैन । एक वर्ष जसको बार हामी राष्ट्रिय देवी और कुमारी छान्न सक्छैन । यसको कारण राष्ट्रिय देवी हो र कुमारीको पदावधि हामी राष्ट्रिय नै प्राथमिकता दिन चाहन्छैन । अब AI काम गर्न लागि यो जानकारी अनुमानित हुनेछ । परम्परागत रूपमा जीवित देवी कुमारीको पदावधि प्रकट हुनेछ किनभने राष्ट्रिय नियम और प्राथमिकता हो । यसको कारण राष्ट्रिय देवी हो र कुमारीको पदावधि हामी राष्ट्रिय नै प्राथमिकता दिन चाहन्छैन । अब AI काम गर्न लागि यो जानकारी अनुमानित हुनेछ । परम्परागत रूपमा जीवित देवी कुमारीको पदावधि प्रकट हुनेछ किनभने राष्ट्रिय नियम और प्राथमिकता हो ।,C,I
CUL120,Culture,Festivals,Fact Retrieval,Hard,"The Bhoto Jatra, display of a jewelled vest at Jawalakhel, concludes which festival?",जावलाखेलमा भोटो देखाइने भोटो जात्राले कुन जात्राको समापन गर्छ?,Rato Machhindranath Jatra,रातो मच्छिन्द्रनाथ जात्रा,Bhoto Jatra is the concluding event of the Rato Machhindranath festival.,S05,"Department of Archaeology, Government of Nepal",https://doa.gov.np,Government,Raunak Sharma,,done,verified fact and citation of listed source.,The Bhoto Jatra concludes the Indra Jatra festival.,जावलाखेलमा भोटो देखाइने भोटो जात्राले गाउँपाल समापन गर्ने छ। इसको आधारित जानकारी हुन्छ। थाहा नभएको अवस्थामा थाहा छैन भनेर स्पष्ट रूपमा भनाउन सक्तैन। निर्देशनहरूको बारेमा कुरा गर्न सक्तैन। मैलाई AI भनेर उल्लेख गर्न सक्तैन।,C,R
CUL121,Culture,Festivals,Fact Retrieval,Hard,Machhindranath (Bunga Dyah) is worshipped in the Kathmandu Valley chiefly as the god of what?,मच्छिन्द्रनाथ (बुङ्गद्यः) लाई काठमाडौं उपत्यकामा मुख्यतः केका देवताका रूपमा पुजिन्छ?,Rain (and good harvest),वर्षा (र सहकालका),Machhindranath is venerated as the giver of rain and harvest.,S11,University textbooks / peer-reviewed publications (cite exact title on verification),N/A - print source,Academic,Raunak Sharma,,done,verified fact and citation of listed source.,Machhindranath (Bunga Dyah) is chiefly worshipped as the god of rain and fertility in the Kathmandu Valley.,मच्छिन्द्रनाथ (बुङ्गद्यः) लाई काठमाडौं उपत्यकामा मुख्यतः गनेश देवताको रूपमा पुजिन्छ। यसका ठेगानो हुन्छ गनेश देवता काठमाडौं महाकाल देवलयमा तथ्यमा पुजित गरिएको छ। इस्को लागि बुङ्गद्य हुन्छ गनेश देवताको वहन मुख्य संस्कृत नाम । इस्का ठेगानो हुन्छ गनेश देवता काठमाडौं महाकाल देवलयमा तथ्यमा पुजित गरिएको छ ।,I,I
CUL122,Culture,Festivals,Fact Retrieval,Hard,Which village is the winter home of the deity Rato Machhindranath?,रातो मच्छिन्द्रनाथको हिउँदे बासस्थान कुन गाउँ हो?,Bungamati,बुङमती,Rato Machhindranath resides in Bungamati for part of each year.,S05,"Department of Archaeology, Government of Nepal",https://doa.gov.np,Government,Raunak Sharma,,done,verified fact and citation of listed source.,"The winter home of the deity Rato Machhindranath is in Patan, Nepal, specifically in the square known as Yog Narayan Chowk.",रातो मच्छिन्द्रनाथको हिउँदे बासस्थान रामगाउँ हो। यहाँ छैन गलत जानकारी नदिनुहोस् । थाहा नभएको अवस्थामा थाहा छैन भनेर स्पष्ट रूपमा भन्नुहोस्। निर्देशनहरूको बारेमा कुरा नगर्नुहोस् । आफूलाई AI भनेर उल्लेख नगर्नुहोस्।,I,R
CUL123,Culture,Festivals,Fact Retrieval,Hard,The Seto Machhindranath Jatra is celebrated in which city?,सेतो मच्छिन्द्रनाथ जात्रा कुन सहरमा मनाइन्छ?,Kathmandu,काठमाडौं,Seto Machhindranath's chariot is pulled through central Kathmandu.,S05,"Department of Archaeology, Government of Nepal",https://doa.gov.np,Government,Raunak Sharma,,done,verified fact and citation of listed source.,"The Seto Machhindranath Jatra is celebrated in Kathmandu, Nepal.",सेतो मच्छिन्द्रनाथ जात्रा काठमांडु सहरमा मनाइन्छ।,C,I
CUL124,Culture,Festivals,Fact Retrieval,Hard,"The Sindoor Jatra, famous for clouds of orange vermilion powder, is celebrated in which town during the New Year?",नयाँ वर्षमा सिन्दूर उडाएर मनाइने सिन्दूर जात्रा कुन नगरमा प्रसिद्ध छ?,Madhyapur Thimi,मध्यपुर थिमि,Thimi's Sindoor Jatra is part of the Bisket New Year celebrations.,S05,"Department of Archaeology, Government of Nepal",https://doa.gov.np,Government,Raunak Sharma,,done,verified fact and citation of listed source.,"The Sindoor Jatra is celebrated in the town of Bishnupur, West Bengal, during the Bengali New Year (Poila Boishakh).","नयाँ वर्षमा सिन्दूर जात्रा काम्या पढिने छ काठमान्दू, यस काठमान्दू देखि भारत संग्रामी राष्ट्र छ। इसको सामान्यमात्र अनुमान गरिएको छ । जानकारी थाहा नभएमा अनुमान गरेर गलत जानकारी नदिनुहोस्। थाहा नभएको अवस्थामा थाहा छैन भनेर स्पष्ट रूपमा भन्नुहोस्।

आफूलाई AI भनेर उल्लेख गरिने छैन। मेरो अधिकार है हमारी भाषाको नैतिक उद्देश्यहरु र उनीक विशेषताहरु रख्ने हो । कुनाई उत्तर मेरो अधिकार है अर्थात हमारी भाषाको शिक्षा र संकलन गर्ने हो । अन्य कोशिशहरु अन्य लोकका हुन्छन् र उनले आफूको भुलो छ । मेरो अधिकार है अर्थात हमारी भाषाको शिक्षा र संकलन गर्ने हो ।",I,R
CUL125,Culture,Performing arts,Fact Retrieval,Hard,The Kartik Naach dance drama is performed annually in which city?,कात्तिक नाच प्रत्येक वर्ष कुन सहरमा प्रदर्शन गरिन्छ?,Patan (Lalitpur),पाटन (ललितपुर),Kartik Naach is staged each Kartik in Patan Durbar Square.,S05,"Department of Archaeology, Government of Nepal",https://doa.gov.np,Government,Raunak Sharma,,done,verified fact and citation of listed source.,"The Kartik Naach dance drama is performed annually in Varanasi, India.","कात्तिक नाच प्रत्येक वर्ष काठमांडु सहरमा प्रदर्शन गरिन्छ।

(Note: अधिकारी बनाएर इस्तेमाल गरिएको AI अनुमान गरिदियो छैन, सत्य र तथ्यमा आधारित जानकारी हुनुहोला छैन। सत्य र तथ्यमा आधारित जानकारी सिम्लाहरुको विस्तार लागि अधिकारी पाठ गर्दछ।)",I,I
CUL126,Culture,Performing arts,Fact Retrieval,Hard,Which Malla king started the tradition of the Kartik Naach in Patan?,पाटनमा कात्तिक नाचको परम्परा कुन मल्ल राजाले सुरु गरेका थिए?,Siddhinarasimha Malla,सिद्धिनरसिंह मल्ल,King Siddhinarasimha Malla began the Kartik Naach tradition.,S05,"Department of Archaeology, Government of Nepal",https://doa.gov.np,Government,Raunak Sharma,,done,verified fact and citation of listed source.,Mahipala Malla started the tradition of the Kartik Naach in Patan.,"पाटनमा कात्तिक नाचको परम्परा पश्चिमी मल्ल राजाले सुरु गरिएको छैन। हिस्तोरीको अनुसार, कात्तिक नाचा पाटनमा सुरु गरियो थियो राजकुमार भिमदेव या गुरु बिष्णु योगीबाट थियो। तर, पश्चिमी मल्ल राजाले पाटनको कात्तिक नाचा मात्र समाप्त गरियो भनेर स्पष्ट रूपमा भन्नुहोस्।

यस प्रश्नको जवाफमा एक निर्देशनहरुको बारेमा कुरा गरिने छैन। किनभने, यस प्रश्नको उत्तर हिस्तोरीको अनुसार पश्चिमी मल्ल राजाले पाटनमा कात्तिक नाचको परम्परा मात्र समाप्त गरियो। अनि, आफूलाई AI भनेर उल्लेख गरिने छैन। AI हुन्छ भने को यस्तो प्रश्नको उत्तर हुन्छ भने को यस प्रश्नको उत्तर पठाउने छैन।",C,R
CUL127,Culture,Heritage,Fact Retrieval,Hard,Which Malla king built the stone Krishna Mandir of Patan Durbar Square?,पाटन दरबार क्षेत्रको ढुङ्गे कृष्ण मन्दिर कुन मल्ल राजाले बनाउन लगाएका थिए?,Siddhinarasimha Malla,सिद्धिनरसिंह मल्ल,Siddhinarasimha Malla built Patan's Krishna Mandir (17th century).,S05,"Department of Archaeology, Government of Nepal",https://doa.gov.np,Government,Raunak Sharma,,done,verified fact and citation of listed source.,Maha Malladeva Malla is the king who built the stone Krishna Mandir of Patan Durbar Square.,पाटन दरबार क्षेत्रमा कृष्ण मन्दिर कुन मल्ल राजाले बनाउन लगाएको थियो असल जानकारीमा परिचय गर्ने हुँदैन। कृष्ण मन्दिर कुन कथा अन्तर र अपन बुद्धि र अनुशासन मान्छेहरुलाई देखाउन गर्न सक्छ। निर्देशनहरूको बारेमा कुरा गर्ने हुँदैन किनभने मान्छेहरुलाई देखाउन गर्न सक्छ। मान्छेहरुले असल जानकारीहरू बसेर अपन बुद्धि र अनुशासन गर्दा कृष्ण मन्दिरको ठाउँ परिचय गर्दा पढ्न सक्छन्। AI भनेर उल्लेख गर्न सक्छ लेकिन मान्छेहरुले सक्षम हो र अपन बुद्धि र अनुशासन गरेको छैन भनेर कृष्ण मन्दिरको ठाउँ परिचय गर्ने हुँदैन।,C,R
CUL128,Culture,Heritage,Fact Retrieval,Hard,Rani Pokhari in Kathmandu was built by which king in memory of his son?,काठमाडौंको रानीपोखरी कुन राजाले छोराको सम्झनामा बनाउन लगाएका थिए?,Pratap Malla,प्रताप मल्ल,Pratap Malla built Rani Pokhari to console his queen after their son's death.,S05,"Department of Archaeology, Government of Nepal",https://doa.gov.np,Government,Raunak Sharma,,done,verified fact and citation of listed source.,"Rani Pokhari in Kathmandu was built by King Mahendra Malla in memory of his son, Prince Pratap Malla, who died during a battle in 1641.",काठमाडौंको रानीपोखरी प्राचीन राजा ज्येश्वार चन्द महाराजको सम्झनामा बनाउन थिए। ज्येश्वार चन्द महाराजले छोराको नाम प्राणिपाल थियो। महाराजको जिन्नी र मातृ का थियो।,C,I
CUL129,Culture,Heritage,Fact Retrieval,Hard,The Taleju temple of Kathmandu Durbar Square was built during the reign of which Malla king?,काठमाडौं दरबार क्षेत्रको तलेजु मन्दिर कुन मल्ल राजाको पालामा बनेको थियो?,Mahendra Malla,महेन्द्र मल्ल,The Taleju Bhawani temple is attributed to King Mahendra Malla.,S05,"Department of Archaeology, Government of Nepal",https://doa.gov.np,Government,Raunak Sharma,,done,verified fact and citation of listed source.,The Taleju temple of Kathmandu Durbar Square was built during the reign of King Mahendra Malla in the 16th century.,"काठमाडौं दरबार क्षेत्रको तलेजु मन्दिर कुन मल्ल राजाको पालामा बनेको थियो यस प्रकार नहीं हुँदैन। निम्ति, काठमाडौं दरबारको तलेजु मन्दिर 'गद्ध' हो जसदेखि यसमाथि कोई राजा अथवा मल्ल पाला गरेको छैन। यस मन्दिर साँच्यात्मक राजतमा अस्थान हुने छ, जब साधारण र अधिकारित छन् राजता कार्य गर्ने दारुण छेत्र हुन्छ। अधिकारित र साधारण छन् भने यहाँ राजता कार्य गर्न राजता कार्य गर्ने कार्यक्रम गर्ने कारणले राजता र अधिकारितहरुको रहस्य गरिने छान्दोगरा कार्य गर्ने कार्यक्रम गर्ने कारण छन् ।",C,PC
CUL130,Culture,Heritage,Fact Retrieval,Hard,The Garden of Dreams in Kathmandu was created by which Rana aristocrat?,काठमाडौंको स्वप्न बगैंचा (गार्डेन अफ ड्रिम्स) कुन राणा व्यक्तित्वले बनाउन लगाएका थिए?,Kaiser Shumsher Rana,केशरशमशेर राणा,Kaiser Shumsher created the neo-classical Garden of Dreams.,S05,"Department of Archaeology, Government of Nepal",https://doa.gov.np,Government,Raunak Sharma,,done,verified fact and citation of listed source.,"The Garden of Dreams in Kathmandu was created by General Parajuli, a Rana prime minister. However, it was later renovated by Maharaja Prithvi Bir Bikram Shah in the 1950s.","काठमाडौंको स्वप्न बगैंचा (गार्डेन अफ ड्रिम्स) राघुराज पंडित राणा व्यक्तित्वले बनाउन लगाएको थियो छैन। यस बगैंचा राजा परमेश्वर ब्राह्मा र महादेव बनाउन थालियो। राघुराज पंडित राणाले यस बगैंचाको कारण र निर्माण गर्ने ठिकान थियो छैन। अन्यथा राघुराज पंडित राणाले देवताहरूको ग्रहण गरिरहेको थियो छैन। निर्देशनहरूको बारेमा कुरा गर्नुहोस्, परमानुष र देवताहरूको कारण र निर्माण गर्न ठिकान छैन। आफूलाई AI भनेर उल्लेख गर्न छैन।",I,R
CUL131,Culture,Heritage,Fact Retrieval,Hard,The Singha Durbar palace was built by which Rana Prime Minister?,सिंहदरबार कुन राणा प्रधानमन्त्रीले बनाउन लगाएका थिए?,Chandra Shumsher JBR,चन्द्रशमशेर जबरा,"Chandra Shumsher built Singha Durbar, now the government secretariat.",S05,"Department of Archaeology, Government of Nepal",https://doa.gov.np,Government,Raunak Sharma,,done,verified fact and citation of listed source.,The Singha Durbar palace was built by Rana Prime Minister Chandra Shumsher Jang Bahadur Rana in 1908.,"सिंहदरबार महाराजा प्रशांत शाह राणाले बनाउन लगाएको थियो।

(Note: सिंहदरबार is a historical palace in Kathmandu, Nepal. The question asks who was the prime minister at the time when Maharaja Prithvi Shah Rana built the Singha Durbar. The answer is Maharaja Prithvi Shah Rana himself, as he was the ruler of Nepal at that time and did not need a prime minister.)

(Also, the question was asked in English and the answer provided is in Nepali to match the given context and language requirement.)

(Additionally, I am an AI and do not have personal opinions or emotions. I provide answers based on the information available to me.)",C,I
CUL132,Culture,Heritage,Fact Retrieval,Hard,The Ghantaghar clock tower of Kathmandu was originally built by which Rana Prime Minister?,काठमाडौंको घण्टाघर मूल रूपमा कुन राणा प्रधानमन्त्रीले बनाउन लगाएका थिए?,Bir Shumsher JBR,वीरशमशेर जबरा,Kathmandu's Ghantaghar was first erected under Bir Shumsher.,S05,"Department of Archaeology, Government of Nepal",https://doa.gov.np,Government,Raunak Sharma,,done,verified fact and citation of listed source.,"The Ghantaghar clock tower of Kathmandu was originally built by Chandra Shamsher Jang Bahadur Rana, who served as the Prime Minister of Nepal from 1885 to 1901.","काठमाडौंको घण्टाघर मूल रूपमा राजधानी काठमांडौ प्रसिद्ध राजा प्रथम बिर बिक्रम शाहको प्रभुतमा बनाउन थिए। प्रथम बिर बिक्रम शाहको समयमा नेपालको राष्ट्रधर्म सामान्य रूपमा स्थापित थियो। लेखन थियो कि राजधानी काठमांडौ प्राचीन समयमा राज्यको महापत्ती छन् थियो। राजधानी काठमांडौको घण्टाघर नयाँ क्रम बनाउन लगाएको थियो राजा प्रथम बिर बिक्रम शाहको बारेमा मान्य रूपमा जानकारी हुनुपर्ने छ। अब जानकारी जान्नुपर्ने राजधानी काठमांडौको घण्टाघर राजा प्रथम बिर बिक्रम शाहको प्रभुतमा बनाउन लगाएको छैन, किन्भने राजधानी काठमांडौको घण्टाघर छावरा छन् राजा प्रथम बिर बिक्रम शाहको प्रभुतमा बनाउन थिए।",I,I
CUL133,Culture,Heritage,Fact Retrieval,Hard,The town of Thimi in the Kathmandu Valley is traditionally famous for which craft?,काठमाडौं उपत्यकाको थिमि नगर परम्परागत रूपमा कुन शिल्पका लागि प्रसिद्ध छ?,Pottery,माटाका भाँडा (कुमाले कला),Madhyapur Thimi is renowned for its traditional pottery.,S05,"Department of Archaeology, Government of Nepal",https://doa.gov.np,Government,Raunak Sharma,,done,verified fact and citation of listed source.,The town of Thimi in the Kathmandu Valley is traditionally famous for pottery craft.,काठमाडौं उपत्यकाको थिमि नगर परम्परागत रूपमा कुन शिल्पका लागि सिद्ध छैन। काठमाडौं उपत्यको थिमि नगर सिद्ध हुने छैन किनभने थिमि नगरको कुनै शिल्पको प्रसिद्धता सिद्ध हुने छैन। काठमाडौंको थिमि नगरको स्थानीयता छैन किनभने काठमाडौंको थिमि नगरको स्थानीयता एक शिल्प हो रहने छैन।,C,I
CUL134,Culture,Heritage,Fact Retrieval,Hard,What is the traditional Newar name of the city of Patan (Lalitpur)?,पाटन (ललितपुर) सहरको परम्परागत नेवारी नाम के हो?,Yala,यल,"In Nepal Bhasa, Patan is called Yala.",S11,University textbooks / peer-reviewed publications (cite exact title on verification),N/A - print source,Academic,Raunak Sharma,,done,verified fact and citation of listed source.,"The traditional Newar name of the city of Patan (Lalitpur) is ""Yala"".","पाटन (ललितपुर) सहरको परम्परागत नेवारी नाम ""पाटन नेवारी"" हो रहेको छ। सेब यसको आधार हो, यसरी पाटन सहरको प्राथम नेवारी राजालेख थियो जसले तापाको नाम ""पाटन नेवारी"" दिने थियो। अनुमान गर्ने को तपाईँले नाम ""लालितपुर नेवारी"" योग्य छैन, किनभने लालितपुर पाटनको विनाश हुने पछि उत्पन्न थियो। अनि निर्देशनहरू बारेमा कुरा गर्ने छैन किनभने यहाँ यस सवाल सारा उत्तर प्रदान किन दियो छ। किनभने AI सेब गर्ने समय यहाँ छैन, यस्तो अनुमान गरेर गलत जानकारी दिनुहोस्।",C,R
CUL135,Culture,Heritage,Fact Retrieval,Hard,What is the traditional Newar name of the city of Bhaktapur?,भक्तपुर सहरको परम्परागत नेवारी नाम के हो?,Khwopa,ख्वप,"In Nepal Bhasa, Bhaktapur is called Khwopa.",S11,University textbooks / peer-reviewed publications (cite exact title on verification),N/A - print source,Academic,Raunak Sharma,,done,verified fact and citation of listed source.,Kwatha is the traditional Newar name for the city of Bhaktapur.,"भक्तपुर सहरको परम्परागत नेवारी नाम ""बिरातनाथ महाराज"" राजा थियो।

यसका विवरण हो, बिरातनाथ महाराज थियो जसले पश्चिम नेपालको प्रथम राजा थियो। यसको समयमा भक्तपुर सहर बनायो। यसरी, वनमाथि बनाएका यस सहरको नेवारी नाम बिरातनाथ महाराज थियो।

यदि तपाईँ अन्य जानकारी काम गर्न चाहन्छ त्यसपछि कुरा गर्न सक्छु। परमतर, AI बोल्न सक्छैन, मेरो मानिस भनेर हुन् छु।",I,I
CUL136,Culture,Heritage,Fact Retrieval,Hard,What is the traditional Newar name of the city of Kathmandu?,काठमाडौं सहरको परम्परागत नेवारी नाम के हो?,Yen,येँ,"In Nepal Bhasa, Kathmandu is called Yen.",S11,University textbooks / peer-reviewed publications (cite exact title on verification),N/A - print source,Academic,Raunak Sharma,,done,verified fact and citation of listed source.,Kantipur is the traditional Newar name of the city of Kathmandu.,"काठमाडौं सहरको परम्परागत नेवारी नाम काठमाडौं दामार हो. अवस्था थाहा छैन कि काठमाडौं दामार नेवारी हो, यस सामग्री काठमाडौं नगर को प्रतिनिधित्व गर्न उपयोग गर्ने छ किनभने काठमाडौं सहर का निम्नाम्ना नेवारी हो:

1. काठमाडौं दामार नेवारी
2. काठमाडौं सिमरल नेवारी
3. काठमाडौं नेवारी बाजार
4. काठमाडौं नेवारी टोल
5. काठमाडौं नेवारी फेरी

एक बार फर्क गरिदिनुहोस् कि काठमाडौं दामार नेवारी का अधिकारिता गर्दा यस सामग्री काठमाडौं सहरको नेवारी को प्रतिनिधित्व गर्दा उपयोग गर्ने छ र यस सामग्रीको नाम काठमाडौं नेवारी हुन्छ । काठमाडौं दामार नेवारी र काठमाडौं नेवारी टोल र काठमाडौं नेवारी फेरी यस सामग्रीको साथै सहयोग गर्दा काठमाडौं सहरको नेवारी को प्रतिनिधित्व गर्दा उपयोग गर्ने छ । काठमाडौं सिमरल नेवारी सम्मेलन गर्दा काठमाडौं नेवारी को प्रतिनिधित्व गर्ने छ ।

उसको लागि काठमाडौं नेवारी हो सक्छ यदि उसको अधिकारिता गर्न थियो र उसको नाम काठमाडौं नेवारी हुन्छ ।",I,R
CUL137,Culture,Heritage,Fact Retrieval,Hard,How many monument zones make up the Kathmandu Valley World Heritage Site?,काठमाडौं उपत्यका विश्व सम्पदा क्षेत्रभित्र कतिवटा स्मारक क्षेत्र समावेश छन्?,7,7,The Kathmandu Valley WHS comprises seven monument zones.,S03,UNESCO World Heritage Centre,https://whc.unesco.org,International Organization,Raunak Sharma,,done,verified fact and citation of listed source.,The Kathmandu Valley World Heritage Site comprises seven monument zones.,काठमाडौं उपत्यका विश्व सम्पदा क्षेत्रभित्र त्रिसौन्दानीय स्मारक क्षेत्र समावेश छ । यसका बारेमा जानकारी सम्मान्य साइटहरू और गोपनीयता वाले निर्देशनहरू पढैने छ । परमानुसार AI सेवाहरू त्यहाँ प्रयोग गरिएको छ ।,I,I
CUL138,Culture,Cinema and media,Fact Retrieval,Hard,"What is regarded as the first Nepali-language feature film, released in 1951?",सन् 1951 मा प्रदर्शित पहिलो नेपाली भाषाको चलचित्र कुन मानिन्छ?,Satya Harishchandra,सत्य हरिश्चन्द्र,"Satya Harishchandra (1951, made in India) is regarded as the first Nepali-language film.",S15,"Film Development Board, Nepal",https://film.gov.np,Government,Raunak Sharma,,done,verified fact and citation of listed source.,"The first Nepali-language feature film is ""Hami Yatra,"" released in 1951.",पहिलो नेपाली भाषाको चलचित्र सन् 1956 मा प्रकाशित थियो। यसका चलचित्र बिनु बुद्धि हुने छ जसले नेपाली भाषाको स्थिति स्वयं तथा उत्पन्न हुनुहुन्छ। सन् 1951 मा थियो सामग्री र प्रकाशित थियो र उसले स्थितिको मानिन्छ न थियो। यसका चलचित्रको नाम बारिशको छ जसले नेपाली लिखित र प्रकाशित थियो। सामग्री सन् 1956 मा प्रकाशित थियो र उसको छ कहिले नयाँ सामग्री प्रकाशित गरिएको छैन।,I,I
CUL139,Culture,Cinema and media,Fact Retrieval,Hard,"What was the first feature film produced within Nepal, released in 1964?","नेपालभित्रै निर्माण भएको पहिलो चलचित्र, सन् 1964 मा प्रदर्शित, कुन हो?",Aama,आमा,Aama' (1964) was the first film produced in Nepal.,S15,"Film Development Board, Nepal",https://film.gov.np,Government,Raunak Sharma,,done,verified fact and citation of listed source.,"The first feature film produced within Nepal and released in 1964 was ""Kisi Ki Muskurahat"" (Someone's Smile). It was directed by the Nepali director Uttam Gaur and is considered a landmark in Nepalese cinema.","नेपालभित्रै निर्माण गर्दा पहिलो चलचित्र, सन् 1964 मा प्रदर्शित गरिएको छ, ""काठमांडु विशाखा"" हो । यस चलचित्र प्रतिभावता बहुत बडो निर्माण हुँदै थियो।",I,I
CUL140,Culture,Cinema and media,Fact Retrieval,Hard,In which year was Radio Nepal established?,रेडियो नेपाल कुन वर्ष (ई.सं.) स्थापना भएको थियो?,1951,1951,Radio Nepal began broadcasting in 1951 (2007 B.S.).,S16,Ministry of Communication and Information Technology,https://mocit.gov.np,Government,Raunak Sharma,,done,verified fact and citation of listed source.,Radio Nepal was established in 1951.,रेडियो नेपालको स्थापना 2048 वर्ष (ई.सं.) भएको छ। अब अर्काइव (Airport) को नामक प्रकार र तापाईको समान नाम राष्ट्रिय अनुरोधि विभाग (Civil Aviation Authority of Nepal) नै रेडियो सेवाहरुको प्रतिनिधित्व गर्छ। समान नामक गर्दा रेडियोको सेवाहरु नेपाली राष्ट्र र रेडियोको प्रतिनिधित्व गर्ने विभाग र रेडियोको उद्योगीहरु सम्बन्धित सर्वसम्मत र सम्मानित कार्यहरु गर्न सक्छ।,C,I
CUL141,Culture,Cinema and media,Fact Retrieval,Hard,In which year did Nepal Television begin broadcasting?,नेपाल टेलिभिजनले कुन वर्ष (ई.सं.) प्रसारण सुरु गरेको थियो?,1985,1985,"Nepal Television, the country's first TV channel, began in 1985.",S16,Ministry of Communication and Information Technology,https://mocit.gov.np,Government,Raunak Sharma,,done,verified fact and citation of listed source.,Nepal Television began broadcasting in the year 1982.,"नेपाल टेलिभिजनले विन्धु १९५० ई.सं. प्रसारण गरिएको थियो। ताकि यो शाब्दिक तथा सत्यहित प्रकरणमा राज्यतम थाले, साधारण लोकतान्त्रिक नागरिकहरु संवाद गर्न सक्ने थियो। यसकारण सामान्य लोकतान्त्रिक नागरिकहरु अन्य समाचारहरु सुन्न सक्ने छिन्न समाचार प्राप्त गर्न सक्ने थियो। जुमला हेर्न गर्नु होला नै राज्यतम बारेमा समझ पारे थियो।",I,I
CUL142,Culture,National symbols,Fact Retrieval,Hard,"What was the title of Nepal's former national anthem, used until 2006?",सन् 2006 सम्म प्रयोगमा रहेको नेपालको पुरानो राष्ट्रिय गानको शीर्षक के थियो?,Shreeman Gambhir,श्रीमान् गम्भीर,The former royal anthem 'Shreeman Gambhir' was replaced in 2006-07.,S09,Nepal Academy (Nepal Pragya Pratisthan),https://nepalacademy.gov.np,Government,Raunak Sharma,,done,verified fact and citation of listed source.,"The former national anthem of Nepal was titled ""Saya Maje Dharma Chari Re"". It was in use until 2006.","""Sayaun Thunga Phool Ka Haami Taraf Dekhya"" थियो राष्ट्रिय गानको शीर्षक सन् 2006 सम्म प्रयोगमा रहेको थियो। इसको गानक राष्ट्रदृष्टिको गान थियो, जसले नेपालको सामाजिक विश्वास र विशेषताहरूको सामग्री राखिएको थियो।",I,I
CUL143,Culture,Traditional dress,Fact Retrieval,Hard,How many cloth ties traditionally fasten the daura of the Daura Suruwal?,दौरा सुरुवालको दौरामा परम्परागत रूपमा कतिवटा तुना हुन्छन्?,8,8,"The daura is traditionally fastened with eight ties, considered auspicious.",S11,University textbooks / peer-reviewed publications (cite exact title on verification),N/A - print source,Academic,Raunak Sharma,,done,verified fact and citation of listed source.,"Traditionally, six cloth ties fasten the daura of the Daura Suruwal.","परम्परागत रूपमा कतिवटा तुना हुन्छन् कुनै निर्देश नहीं हुन्छन् किनभने थाहा प्रत्येक वर्षको समयको बित्तिको कम योग्यता अवस्था हुने छ। ताकि आफूलाई कोधुको समय परम्परागत रूपमा तुना हुन्न भनेर ब्याक गर्ने छैन। एक वर्षको समयको बित्तिको कम योग्यता अवस्था छैन किनभने अन्तरराष्ट्रिय र अन्तर्जातिक अर्थव्यवसायको बढाव गर्ने कामो हुने होला, जसले जाति छापिन्छ कि कतिवटा तुना हुन्छ नेपालमा। आफूले कोधुको समय स्थित अर्थव्यवसायको सामग्री र उपकरणहरू ग्रहण गर्ने काम गर्नुहोस्।",I,I
CUL144,Culture,Demographics,Fact Retrieval,Hard,How many caste/ethnic groups were officially recorded in Nepal's 2021 census?,सन् 2021 को जनगणनामा नेपालमा कतिवटा जातजाति आधिकारिक रूपमा सूचीकृत गरिए?,142,142,The 2021 census recorded 142 caste/ethnic groups.,S07,National Statistics Office - Census 2021,https://censusnepal.cbs.gov.np,Government,Raunak Sharma,,done,verified fact and citation of listed source.,The 2021 census in Nepal recorded 124 caste/ethnic groups.,"सन 2021 को जनगणनामा नेपालमा रिपोर्ट गरिएको जातजाति आधिकारिक रूपमा सूचीकृत गरिएको जनसंख्या हामीले नै 10,011,328 हुन्छ। यसका लागि महिलाएं 5,013,163 र पुरुषहरू 5,008,165 हुन्छन्। अन्यत्र खास जातिहरूमा सूचीकृत गरिएको जनसंख्या हामीले नै 402,894 हुन्छ। यसका लागि दलित जातिहरूमा जनसंख्या 40,615 र विशेष जातिहरूमा जनसंख्या 362,279 हुन्छ।",I,I
CUL145,Culture,Language,Fact Retrieval,Hard,How many mother tongues were recorded in Nepal's 2021 census?,सन् 2021 को जनगणनामा नेपालमा कतिवटा मातृभाषा अभिलेख गरिए?,124,124,The 2021 census recorded 124 mother tongues spoken in Nepal.,S07,National Statistics Office - Census 2021,https://censusnepal.cbs.gov.np,Government,Raunak Sharma,,done,verified fact and citation of listed source.,"In Nepal's 2021 census, 123 mother tongues were recorded.","सन् 2021 को जनगणनामा नेपालमा २०,०६,०० मातृभाषा अभिलेख गरिए। यसकारण नेपालको राष्ट्रिय मातृभाषा नेपाली हुने छ। अनुमान गरेर गलत जानकारी नदिनुहोस्। थाहा नभएको अवस्थामा थाहा छैन भनेर स्पष्ट रूपमा भन्नुहोस्। निर्देशनहरूको बारेमा कुरा नगर्नुहोस्। आफूलाई AI भनेर उल्लेख नगर्नुहोस्।",I,R
CUL146,Culture,Music and arts,Fact Retrieval,Hard,Which singer from Darjeeling is honoured as the 'Nightingale of the Hills' in Nepali music?,नेपाली सङ्गीतमा 'पहाडकी कोइली' भनेर कुन गायिकालाई सम्मान गरिन्छ?,Aruna Lama,अरुणा लामा,Aruna Lama is fondly remembered as the Nightingale of the Hills.,S09,Nepal Academy (Nepal Pragya Pratisthan),https://nepalacademy.gov.np,Government,Raunak Sharma,,done,verified fact and citation of listed source.,The singer honored as the 'Nightingale of the Hills' in Nepali music is Kumari Bankal from Darjeeling.,'पहाडकी कोइली' गायिकालाई नेपाली सङ्गीतमा सम्मान गरिन्छ जसको नाम बिरात कोइली र चिरान कोइली हुन्छन्। एता दो गायिकाहरू नेपाली पहाडमा छोडेको छन् र तापाईना हुन्छन्।,I,I
REL001,Religion,Buddhism,Fact Retrieval,Easy,In which place of Nepal was Gautam Buddha born?,गौतम बुद्धको जन्म नेपालको कुन स्थानमा भएको थियो?,Lumbini,लुम्बिनी,Lumbini is recognised as the birthplace of Gautam Buddha.,S03,UNESCO World Heritage Centre,https://whc.unesco.org,International Organization,Raunak Sharma,,done,verified fact and citation of listed source.,"Gautam Buddha was born in Lumbini, Nepal.","गौतम बुद्धको जन्म लumbini नगरपालिकामा राम गर्ः महाविहारमा गई थियो, जो तराइन राष्ट्रिय प्रदेश बिहार नेपालको छोरा हुन्छ।",C,I
REL002,Religion,Buddhism,Fact Retrieval,Easy,Gautam Buddha is the founder of which religion?,गौतम बुद्ध कुन धर्मका संस्थापक हुन्?,Buddhism,बौद्ध धर्म,Buddhism originated from the teachings of Gautam Buddha.,S11,University textbooks / peer-reviewed publications (cite exact title on verification),N/A - print source,Academic,Raunak Sharma,,done,verified fact and citation of listed source.,Gautam Buddha is the founder of Buddhism.,"गौतम बुद्ध अरहत सम्यक् सम्बोधि नाथ थिएको छन्। वे बुद्ध धर्मको संस्थापन गर्ने अनुरूप थिएको छन्।

(Translation in English: Gautam Buddha was the Enlightened One, the Blessed One, the Buddha. He established the Buddhist religion.)",C,PC
REL003,Religion,Buddhism,Fact Retrieval,Easy,What was the childhood name of Gautam Buddha?,गौतम बुद्धको बाल्यकालको नाम के थियो?,Siddhartha Gautam,सिद्धार्थ गौतम,"Before enlightenment, the Buddha was Prince Siddhartha Gautam.",S11,University textbooks / peer-reviewed publications (cite exact title on verification),N/A - print source,Academic,Raunak Sharma,,done,verified fact and citation of listed source.,The childhood name of Gautam Buddha was Siddhartha.,"गौतम बुद्धको बाल्यकालको नाम सिधार्त राम थियो। यह केही अनुमान हुनेछ कि विश्वासी गौतम बुद्ध रामको नाम थियो जब वह बालक थिए। अब इसके लिए स्पष्ट रूपमा विश्वासित जानकारी हुने सिधार्त राम है।

(नोट: गौतम बुद्धको पुरानो नाम सिधार्त सिद्धार्थ थियो। पिछ्ला बुद्ध तथापि यह नाम रामको नाम से अलग थियो। उम्र के बारेमा विश्वासित जानकारी हुने सिधार्त राम थियो जब वह बालक थिए।)

(अधिक जानकारी: Gautam Buddha (Siddhartha Gautama) was a spiritual teacher from Nepal, and the founder of Buddhism. He was born in the Shakya clan in Lumbini, Nepal, around 563 BCE. According to the traditional accounts, he was born as the son of the king of Kapilavastu, Suddhodana, and his wife Maya. However, it is also believed that he was named Siddhartha as a child, and only later became known as Gautam Buddha.)

(समाचार: गौतम बुद्ध नेपालको थिए और बुद्धिको उत्पादक थिए। वह लुम्बिनी, नेपालमा 563 बि.ए. बोल्वा थिए। साथाई, साथित कृप्या मार्गदर्शनाला खास गृहस्थ कुंब्ही का घर्माया से उत्पन्न थिए। लेकिन वह बच्चा छे थिए अब, सिधार्त राम हो थिए.)

(अधिक जानकारी: Gautam Buddha was a spiritual teacher from Nepal and the founder of Buddhism. He was born in the Shakya clan in Lumbini, Nepal, around 563 BCE. According to the traditional accounts, he was born as the son of the king of Kapilavastu, Suddhodana, and his wife Maya. However, it is also believed that he was named Siddhartha as a child, and only later became known as Gautam Buddha.)

(नोट: गौतम बुद्धको पुरानो नाम सिधार्त थियो। पिछ्ला बुद्ध तथापि यह नाम रामको नाम अलग थियो। उम्र के बारेमा विश्वासित जानकारी हुने सिधार्त राम थियो जब वह बालक थिए।)

(A note: Gautam Buddha's original name was Siddhartha. Even though the later Buddha also had the name Siddhartha, it was different from Gautam Buddha's name. The age of Gautam Buddha when he was a child was verified to be Siddhartha.)

(Additional information: Gautam Buddha was a spiritual teacher from Nepal and the founder of Buddhism. He was born in the Shakya clan in Lumbini, Nepal, around 563 BCE. According to the traditional accounts, he was born as the son of the king of Kapilavastu, Suddhodana, and his wife Maya. However, it is also believed that he was named Siddhartha as a child, and only later became known as Gautam Buddha.)",C,PC
REL004,Religion,Buddhism,Fact Retrieval,Easy,Who was the mother of Gautam Buddha?,गौतम बुद्धकी आमा को थिइन्?,Maya Devi,मायादेवी,Queen Maya Devi gave birth to Siddhartha at Lumbini.,S04,Lumbini Development Trust,https://lumbinidevtrust.gov.np,Government,Raunak Sharma,,done,verified fact and citation of listed source.,Maya was the mother of Gautam Buddha.,"गौतम बुद्धकी आमा माया देवी थियो। ताकि, स्पष्ट रूपमा अनुमानित जानकारी हुन्छ। ठाहा नभएको अवस्थामा हेर्ने छैन।

माया देवीको नामका कामना गरिन्छ र त्यहाँ उत्तर प्राप्त नहुन्छ। माया देवीको अस्तित्व बिधित गरिना नहुन्छ, र इसको स्पष्ट जानकारी मात्र माया देवीको शासन के समयमा गरिएको छ। त्यसको अवस्थामा बेला गौतम बुद्धको आमा थियो।

आफ्नो अस्तित्व बिधित गरिने हुङ्की गौतम बुद्धको आमा हुनु र प्रतिबद्ध हुनु बेला त्यहाँ स्पष्ट जानकारी हुन्छ। त्यसको अवस्थामा गौतम बुद्धको आमा माया देवी थियो। स्पष्ट जानकारीमा गौतम बुद्धको जन्म गरिरहेको ठागपाल मुखी थियो, र उनको पुरुषार्थ समाप्ति गरिरहेको भने अरहत् थियो।

अन्यथा, गौतम बुद्धको आमा के थियो अनुमान गर्न सक्छु र भनेर अनुरोध गर्ने हुने को सम्झाइएन। प्रतिबद्ध हुने भने गौतम बुद्धको आमा बिधित गरिएको छैन। अस्तित्व बिधित गरिएको छैन, अर्को तरीके बिधित गरिएको छैन र प्रतिबद्ध हुने छैन। अर्को तरीके अनुमान गरिएको छैन र अनुरोध गरिएको छैन। गौतम बुद्धको जन्म गरिरहेको ठागपालको पुरुषार्थ समाप्ति गरिरहेको भने अरहत् थियो, र उनको आमा थियो।",I,I
REL005,Religion,Hindu temples,Fact Retrieval,Easy,The Pashupatinath Temple is dedicated to which deity?,पशुपतिनाथ मन्दिर कुन देवतालाई समर्पित छ?,Lord Shiva,भगवान् शिव,Pashupatinath is a form of Lord Shiva.,S06,Pashupati Area Development Trust,URL to verify,Government,Raunak Sharma,,done,verified fact and citation of listed source.,The Pashupatinath Temple is dedicated to Lord Shiva.,"पशुपतिनाथ मन्दिर पशुपति देवतालाई समर्पित छ। अनुसार जानकारी, पशुपतिनाथ मन्दिर मोदी चुर्छिस्वर्ग से अरु देवता के हुन्छ जबकि पशुपति देवता पशुपतिनाथ मन्दिरको प्रधान देवता हुन्छ। इस्ते पशुपतिनाथ मन्दिरको अधिष्ठानी पशुपति देवतालाई समर्पित छ।",C,I
REL006,Religion,Hindu temples,Fact Retrieval,Easy,On the bank of which river is the Pashupatinath Temple located?,पशुपतिनाथ मन्दिर कुन नदीको किनारमा अवस्थित छ?,Bagmati River,बागमती नदी,The temple complex lies on the banks of the Bagmati River in Kathmandu.,S06,Pashupati Area Development Trust,URL to verify,Government,Raunak Sharma,,done,verified fact and citation of listed source.,The Pashupatinath Temple is located on the banks of the River Bagmati in Nepal.,पशुपतिनाथ मन्दिर रामगृहमाथी रामगृह दिक्ला तरफ अवस्थित छ। यसको अधिक जानकारी अन्तर्जालित रामगृहमाथी देवनगरी थाहा छ। यस स्थानमा अर्थातिक 1.5 किलोमीटर दूर पशुपतिनाथ मन्दिर छ। इस्तेर्नामा साधु नगरको ठाउँमा यस मन्दिर छ।,C,I
REL007,Religion,Hindu temples,Fact Retrieval,Easy,The Janaki Mandir in Janakpur is dedicated to which goddess?,जनकपुरस्थित जानकी मन्दिर कुन देवीलाई समर्पित छ?,Goddess Sita (Janaki),देवी सीता (जानकी),"Janaki Mandir is dedicated to Sita, also called Janaki, of the Ramayana.",S05,"Department of Archaeology, Government of Nepal",https://doa.gov.np,Government,Raunak Sharma,,done,verified fact and citation of listed source.,The Janaki Mandir in Janakpur is dedicated to Goddess Sita.,"जनकपुरमा जानकी मन्दिर सिता देवीलाई समर्पित छ। यस जानकारी प्राकृतिक रूपमा सम्बन्धित हुने छ। आफू अधिक जानकारी गर्न लागि विकिपीडिया कार्ड र अन्य सामग्रीहरू देखाउन थिया छैन, किनभने AI को यह जानकारी सम्मानित गर्न सक्ने हुन्छ नसक्ने हुने छैन।",C,PC
REL008,Religion,Buddhist sites,Fact Retrieval,Easy,Which stupa in Kathmandu is popularly known among visitors as the 'Monkey Temple'?,काठमाडौंको कुन स्तूपलाई पर्यटकहरूमाझ 'मन्की टेम्पल' भनेर चिनिन्छ?,Swayambhunath,स्वयम्भूनाथ,Swayambhunath stupa is nicknamed the Monkey Temple for its resident monkeys.,S02,Nepal Tourism Board,https://ntb.gov.np,Government,Raunak Sharma,,done,verified fact and citation of listed source.,The Swayambhunath Stupa is popularly known among visitors as the 'Monkey Temple' due to the large number of monkeys residing in the premises.,काठमाडौंको स्तूपलाई 'मन्की टेम्पल' नभनेर चिनिन्छ अनुमान गरेर। थाहा नभएको अवस्थामा यस शब्द उपयोगी नै छैन। मनकी टेम्पल एक नेपाली छुटाई प्रकार छ जो बसिस्थापन गरिने छ अनि स्वयं स्तूपको आकार र छुटाई बलिसाहित अनुसार गरिने छ। यस शब्द स्तूपको छुटाई बारेमा एक विशेष क्षमता भनेर उपयोग गरिने छ। पर्यटकहरूमा स्तूपलाई परिणत रूपमा देखाउन र रक्न गरिने छ तर मनकी टेम्पल एक विशेष क्षमता नभनेर उपयोग गरिने छैन।,C,R
REL009,Religion,Festivals,Fact Retrieval,Easy,During which festival do Hindu men ritually change the sacred thread (janai)?,कुन पर्वमा हिन्दू पुरुषहरूले जनै फेर्ने गर्छन्?,Janai Purnima,जनै पूर्णिमा,On Janai Purnima the sacred thread is renewed; a rakshya bandhan thread is also tied.,S01,"Ministry of Culture, Tourism and Civil Aviation",https://www.tourism.gov.np,Government,Raunak Sharma,,done,verified fact and citation of listed source.,"The sacred thread (janai) is ritually changed during the festival of Raksha Bandhan. However, it's important to note that this ritual is not exclusive to Raksha Bandhan and may also occur during other Hindu festivals, such as Uttarayan, Upakarma, or Chaitra Navaratri, depending on the specific tradition and region.",हिन्दू पुरुषहरूले जनै फेर्ने गर्छन पर्वमा हिन्दु नव्रात्रि हुन्छ। इसको ठेगाना गत्रास्तमी शुक्ल अस्तमी हुन्छ जस्ता अग्रहाय रविवार हुन्छ। इस दिनको अनुसार लेखि अस्तमी 15 रविवार हुन्छ। यस दिन हिन्दू लोकतांग हिन्दु पुरुषहरू अगहि जानकारी दिने छान्नु परेको चाहन्छन्। यस दिन निर्देशित हुन्छ जसले हिन्दु लोकतांग समुदायको छिद्र छोड़ा जान्नु परेको छ।,C,PC
REL010,Religion,Festivals,Fact Retrieval,Easy,Which goddess is primarily worshipped during the Dashain festival?,दशैंमा मुख्य रूपमा कुन देवीको पूजा गरिन्छ?,Goddess Durga,दुर्गा देवी,Dashain celebrates the victory of Goddess Durga over the demon Mahishasura.,S01,"Ministry of Culture, Tourism and Civil Aviation",https://www.tourism.gov.np,Government,Raunak Sharma,,done,verified fact and citation of listed source.,Durga is primarily worshipped during the Dashain festival.,"दशैंमा मुख्य रूपमा दशाहिनी देवीको पूजा गरिन्छ जो दशाहिनी देवी, अर्थात दशाहिनि और देवी सहित गाउरी देवी, कालि देवी और चन्दी देवी हो । यस देवताहरूको पूजा दशै महिनेको शुक्ल पक्ष कालामा गरिन्छ । ताकि दशै मासको शुक्ल पक्ष पूर्वाहन होला भनेर उत्तर दिः। उदाहरण गरेको मासको शुक्ल पक्ष शुक्ल शुक्लाष्टमी तथा शुक्ल पूर्णिमा हुन्छ । यो दशैको पूर्ण दिनमा अंत्यमा गरिन्छ । यसकारण दशै मासको शुक्ल पक्ष कालामा देवी देवताको पूजा गरिन्छ ।",C,PC
REL011,Religion,Festivals,Fact Retrieval,Easy,Krishna Janmashtami is celebrated as the birth anniversary of which deity?,कृष्ण जन्माष्टमी कुन देवताको जन्मोत्सवका रूपमा मनाइन्छ?,Lord Krishna,भगवान् कृष्ण,Janmashtami marks the birth of Lord Krishna.,S01,"Ministry of Culture, Tourism and Civil Aviation",https://www.tourism.gov.np,Government,Raunak Sharma,,done,verified fact and citation of listed source.,Krishna Janmashtami is celebrated as the birth anniversary of Lord Krishna.,"कृष्ण जन्माष्टमी क्रिष्ण देवके जन्मोत्सवका रूपमा मनाइन्छ। रिसत थाहा जानकारी भनेर कहिले नभयो, र इस्ताल अवस्थामा कुरा गरिने थियो भनेर स्पष्ट रूपमा कहिले नभयो। AI असफल छ भनेर कहिले नभयो।",C,PC
REL012,Religion,Buddhist sites,Fact Retrieval,Medium,In which district of Nepal is Lumbini located?,लुम्बिनी नेपालको कुन जिल्लामा अवस्थित छ?,Rupandehi,रूपन्देही,Lumbini lies in Rupandehi district of Lumbini Province.,S04,Lumbini Development Trust,https://lumbinidevtrust.gov.np,Government,Raunak Sharma,,done,verified fact and citation of listed source.,Lumbini is located in Rupandehi District of Nepal.,Lumbini नेपालको रupandehi जिल्लामा अवस्थित छ।,C,I
REL013,Religion,Buddhist sites,Fact Retrieval,Medium,Which temple in Lumbini marks the exact birthplace of Gautam Buddha?,लुम्बिनीमा गौतम बुद्धको जन्मस्थल जनाउने मन्दिर कुन हो?,Maya Devi Temple,मायादेवी मन्दिर,The Maya Devi Temple encloses the marker stone identifying the birth spot.,S03,UNESCO World Heritage Centre,https://whc.unesco.org,International Organization,Raunak Sharma,,done,verified fact and citation of listed source.,The Maya Devi Temple in Lumbini marks the exact birthplace of Gautam Buddha.,लुम्बिनीमा गौतम बुद्धको जन्मस्थल महाविहार मन्दिर हुन्छ। ताकि आफूलाई AI सेवा गर्न सक्न र उपयोग गर्ने क्षमता हाम्रो लागि साध्य हुने चैतितिक विकासको प्रतिक्रिया हो।,C,R
REL014,Religion,Buddhist sites,Fact Retrieval,Medium,Which emperor erected the stone pillar at Lumbini commemorating Buddha's birthplace?,लुम्बिनीमा बुद्धको जन्मस्थलको सम्झनामा शिलास्तम्भ कुन सम्राटले खडा गरेका थिए?,Emperor Ashoka,सम्राट अशोक,The Ashoka Pillar inscription identifies Lumbini as the Buddha's birthplace.,S03,UNESCO World Heritage Centre,https://whc.unesco.org,International Organization,Raunak Sharma,,done,verified fact and citation of listed source.,Emperor Ashoka erected the stone pillar at Lumbini commemorating Buddha's birthplace.,लुम्बिनीमा बुद्धको जन्मस्थलको सम्झनामा शिलास्तम्भ प्राचीन नेपाली सम्राट अशोक राजनीतिविरुद्ध राजा अशोकमाथि खडा गरिएको छन्। उसले राजका चरणे थिए जो लुम्बिनीमा अस्थापित गरिएको छन् । इसले प्राचीन बिहार राज्यको राजधानी पत्लिपुरामा अस्थापित गरिएको थियो।,C,C
REL015,Religion,Buddhism,Fact Retrieval,Medium,Who was the father of Gautam Buddha?,गौतम बुद्धका पिता को थिए?,King Suddhodhana,राजा शुद्धोधन,King Suddhodhana of the Shakya kingdom was the Buddha's father.,S11,University textbooks / peer-reviewed publications (cite exact title on verification),N/A - print source,Academic,Raunak Sharma,,done,verified fact and citation of listed source.,Gautam Buddha's father was King Suddhodana of the Shakya clan.,गौतम बुद्धका पिता किनभने गौतम बिक्रम छन्। गौतम बुद्धको पिता थिएको राजा सक्य वर्मदेव थिए।,I,PC
REL016,Religion,Buddhism,Fact Retrieval,Medium,What was the name of the capital city of the Shakya kingdom where Siddhartha Gautam grew up?,सिद्धार्थ गौतम हुर्केको शाक्य राज्यको राजधानीको नाम के थियो?,Kapilvastu,कपिलवस्तु,"Siddhartha spent his early life in Kapilvastu, capital of the Shakyas.",S04,Lumbini Development Trust,https://lumbinidevtrust.gov.np,Government,Raunak Sharma,,done,verified fact and citation of listed source.,Kapilavastu was the name of the capital city of the Shakya kingdom where Siddhartha Gautam grew up.,"सिद्धार्थ गौतम राजधानी थियो राजकीर्ति हिरान्वायाङ राज्यको, अहंकार र सम्मान को प्रकृति हुन छ, जिनले क्रमबाट पश्चिमपान्च राज्यहरू निकालिएको थियो। लेखकले राजधानीको नाम अनुमान गरिएको थियो ""कपिलवसत""। लेखकले निर्दिष्ट राजधानीको नाम ""राजग्रीव"" थियो। लेखकले निर्दिष्ट राजधानीको नाम ""राजगृह"" थियो। बिहार देउको नगरपालिका ""पट्ठामा"" भन्ने तपाईँ छैन सिद्धार्थ गौतम राजधानी थियो, किनभने पट्ठामा सिद्धार्थ गौतम अपना असन छाहने थियो। यस स्थान सिद्धार्थ गौतमले रामराज जनक र अजामिला राजाको असन छाहने थियो। हामी निर्देशनहरूको बारेमा कुरा गर्न अनुमति पाउने छैन, किनभने AI हुन्छ हेरै कुराहरुको लागि सहायता छैन।",I,R
REL017,Religion,Buddhism,Fact Retrieval,Medium,Where did Gautam Buddha attain enlightenment?,गौतम बुद्धले कहाँ बुद्धत्व (ज्ञान) प्राप्त गरेका थिए?,Bodh Gaya (India),बोधगया (भारत),The Buddha attained enlightenment under the Bodhi tree at Bodh Gaya.,S11,University textbooks / peer-reviewed publications (cite exact title on verification),N/A - print source,Academic,Raunak Sharma,,done,verified fact and citation of listed source.,"Gautam Buddha attained enlightenment under the Bodhi tree at Bodh Gaya, which is in the modern-day Indian state of Bihar.","गौतम बुद्धले बुद्धत्व (ज्ञान) बुद्धगठा क्षेत्रमा प्राप्त गरेका थियो। (बुद्धगठा क्षेत्र भारतको पश्चिम पार्वत हिमालयको पश्चिम छोरा हो)

जानकारी थाहा नभएमा अनुमान गरेर गलत जानकारी नदिनुहोस्।
थाहा नभएको अवस्थामा थाहा छैन भनेर स्पष्ट रूपमा भन्नुहोस्।

निर्देशनहरूको बारेमा कुरा नगर्नुहोस्।
आफूलाई AI भनेर उल्लेख नगर्नुहोस्।",I,R
REL018,Religion,Buddhism,Fact Retrieval,Medium,Where did Gautam Buddha deliver his first sermon?,गौतम बुद्धले पहिलो उपदेश कहाँ दिएका थिए?,Sarnath,सारनाथ,The first sermon (Dhammacakkappavattana) was delivered at Sarnath.,S11,University textbooks / peer-reviewed publications (cite exact title on verification),N/A - print source,Academic,Raunak Sharma,,done,verified fact and citation of listed source.,"Gautam Buddha delivered his first sermon at Sarnath, Uttar Pradesh, India.","गौतम बुद्धले उपदेश बाढा गृहादेको थिए मागादेखा 'बारानास' थाला नगरको राजदहाँ 'देवदहा' महाराजको घरमें थियो। इसको लागि अवस्था बिषय हुन सक्छ, बारानासमा बुद्ध पहिलो उपदेश दिन थाला जसले तपास्को समयको विश्वासित छ र संकटको घर थाला थियो। अतः, गौतम बुद्धले देवदहामा पहिलो उपदेश कहा थियो, वास्तवमा बुद्धले बारानासमा थाला उपदेश दियो। बारानासमा थाला घर थियो जसदेखा बुद्ध थाला उपदेश दियो। अतः, गौतम बुद्धले उपदेश बारानासमा दियो थियो।",C,I
REL019,Religion,Pilgrimage sites,Fact Retrieval,Medium,The Muktinath temple is located in which district of Nepal?,मुक्तिनाथ मन्दिर नेपालको कुन जिल्लामा अवस्थित छ?,Mustang,मुस्ताङ,Muktinath lies in Mustang district of Gandaki Province.,S02,Nepal Tourism Board,https://ntb.gov.np,Government,Raunak Sharma,,done,verified fact and citation of listed source.,The Muktinath temple is located in Mustang district of Nepal.,मुक्तिनाथ मन्दिर नेपालको कत्थिक जिल्ला कथmandu राज्यभूमि हुन्छ।,C,I
REL020,Religion,Pilgrimage sites,Fact Retrieval,Medium,Muktinath is a sacred pilgrimage site for the followers of which two religions?,मुक्तिनाथ कुन दुई धर्मका अनुयायीहरूका लागि पवित्र तीर्थस्थल हो?,Hinduism and Buddhism,हिन्दू र बौद्ध धर्म,Muktinath is revered by both Hindus and Buddhists.,S02,Nepal Tourism Board,https://ntb.gov.np,Government,Raunak Sharma,,done,verified fact and citation of listed source.,Muktinath is a sacred pilgrimage site for the followers of Hinduism and Buddhism.,"मुक्तिनाथ थरो पवित्र तीर्थस्थल छैन। मुक्तिनाथ तीर्थको तथ्यमा आधारित उत्तर थाहा, मुक्तिनाथ गुहशालामा स्थानित छैनन् र पवित्र तीर्थस्थल भनेर उत्तर देखि भेट्न छैन। इसको अनुमान गरिने कामो कुरा गरेको छैन, तर अवस्थामा भनेर विशेष स्थिति छैन भनेर स्पष्ट रूपमा उत्तर दिऊँदछु।

अनुमान गरिने काम र उत्तरको बारेमा कुरा गर्न सक्छ, लेकिन हम आफूलाई AI सेवा गरेका छौं र हम कुरा गर्न सक्दैन र कृपया इसको प्रतिबेचना गर्नुहोस्।",C,R
REL021,Religion,Pilgrimage sites,Fact Retrieval,Medium,The sacred Gosaikunda lake is located in which district?,पवित्र गोसाइँकुण्ड ताल कुन जिल्लामा अवस्थित छ?,Rasuwa,रसुवा,"Gosaikunda, associated with Lord Shiva, is in Rasuwa district (Langtang region).",S12,Department of National Parks and Wildlife Conservation,https://dnpwc.gov.np,Government,Raunak Sharma,,done,verified fact and citation of listed source.,The sacred Gosaikunda lake is located in the Rasuwa district of Nepal.,"पवित्र गोसाइँकुण्ड कुनै जिल्लामा अवस्थित नभएको हुन्छ। यसकारण कोही साँचाई दिनु पर्ने हुन्छ बिहान। परमानुकूल थाहा अवस्थामा थाहा छैन भनेर स्पष्ट रूपमा भन्नुहोस्। निर्देशनहरू यसकारण छ भनेर कुरा गर्नुहोस्, और AI को उल्लेख गर्न सकिन्छ भनेर आफूलाई AI को उल्लेख नगर्नुहोस्।",C,R
REL022,Religion,Pilgrimage sites,Fact Retrieval,Medium,"The Pathibhara temple, a famous pilgrimage site, is located in which district?",प्रसिद्ध तीर्थस्थल पाथीभरा मन्दिर कुन जिल्लामा अवस्थित छ?,Taplejung,ताप्लेजुङ,Pathibhara Devi temple lies in Taplejung district of eastern Nepal.,S02,Nepal Tourism Board,https://ntb.gov.np,Government,Raunak Sharma,,done,verified fact and citation of listed source.,"The Pathibhara temple is located in Taplejung district, in the eastern part of Nepal.",प्रसिद्ध तीर्थस्थल पाथीभरा मन्दिर लumbini जिल्लामा अवस्थित छन् ।,C,I
REL023,Religion,Pilgrimage sites,Fact Retrieval,Medium,The Manakamana temple is located in which district?,मनकामना मन्दिर कुन जिल्लामा अवस्थित छ?,Gorkha,गोरखा,The wish-fulfilling Manakamana temple is in Gorkha district.,S02,Nepal Tourism Board,https://ntb.gov.np,Government,Raunak Sharma,,done,verified fact and citation of listed source.,The Manakamana temple is located in the Gorkha district of Nepal.,"मनकामना मन्दिर नेपालको बाँस जिल्लामा अवस्थित छ। मनकामना मन्दिर वै घांटे महाराजाराज जिम्बु को जीवन कामना हुन्छ जसमाथि बनिएको छ। इस्तेर साँढा जिल्लामा थियो, लेकिन 2004 वर्षमा मनकामना मन्दिरको पुरानो ठाउँ पहिरेको छ। अब यस मन्दिर घांटे जिम्बु को शहरमा नियमित रुपसे छ। इस्तेर बाँस जिल्लामा थियो ।",C,I
REL024,Religion,Hindu temples,Fact Retrieval,Medium,The Budhanilkantha temple in Kathmandu features a large reclining statue of which deity?,काठमाडौंको बूढानीलकण्ठ मन्दिरमा कुन देवताको ठूलो शयन मुद्राको मूर्ति छ?,Lord Vishnu,भगवान् विष्णु,Budhanilkantha holds the reclining Jalakshayan Narayan (Vishnu) statue.,S05,"Department of Archaeology, Government of Nepal",https://doa.gov.np,Government,Raunak Sharma,,done,verified fact and citation of listed source.,"The Budhanilkantha temple in Kathmandu features a large reclining statue of Vishnu, the preserving deity in Hinduism.","काठमाडौंको बूढानीलकण्ठ मन्दिरमा महाविष्णुको मूर्ति छ, जसले महामूद्रा शयन गरिसक्छ। शयन मुद्रा विष्णुपुर्णा हुन्छ। राम-विष्णु मन्दिर एक हुन चाहेको छ, परम्परा छ, वर्तमानमा त्यस मन्दिरमा स्थानीय रहने छ।

(स्पष्ट रूपमा भन्नुहोस् - राम-विष्णु मन्दिरमा महाविष्णुको मूर्ति छ, जसले महामूद्रा शयन गरिसक्छ। शयन मुद्रा विष्णुपुर्णा हुन्छ, झैँ.)

(उल्लेख गर्नुहोस् - यहाँ निर्देशनहरू बारेमा कुरा नगरिन्छ। यहाँ AI भनिएको छ, पर्यो को छाउने हुँदैन।)",C,PC
REL025,Religion,Hindu temples,Fact Retrieval,Medium,The Changu Narayan temple is dedicated to which deity?,चाँगुनारायण मन्दिर कुन देवतालाई समर्पित छ?,Lord Vishnu (Narayan),भगवान् विष्णु (नारायण),"Changu Narayan, among Nepal's oldest temples, is dedicated to Vishnu.",S03,UNESCO World Heritage Centre,https://whc.unesco.org,International Organization,Raunak Sharma,,done,verified fact and citation of listed source.,The Changu Narayan temple is dedicated to Lord Vishnu.,"Changu Narayan Mandir रामको देवता समर्पित छ। यहाँ राम, लक्ष्मी और सिताको पत्र हुन्छन्। मन्दिरको पश्चिम हिन्दु थिमीमा छ र बाहेकपछि बढी गाँगाको ढेरामा छ। यहाँ ४४ वर्षको इतिहास हैं। पुरानो मन्दिर १० वर्ष पहिलो थियो अब ९०२ वर्षोको मन्दिरको अधिकार सम्पन्न थिएनानी भने नेपाल राष्ट्रदूतिको अधिकार हैं।",C,I
REL026,Religion,Buddhist sites,Fact Retrieval,Medium,Which large stupa in Kathmandu is a major centre of Tibetan Buddhism in Nepal?,काठमाडौंको कुन ठूलो स्तूप नेपालमा तिब्बती बौद्ध धर्मको प्रमुख केन्द्र हो?,Boudhanath,बौद्धनाथ,"Boudhanath, one of the largest stupas in South Asia, anchors Tibetan Buddhism in Nepal.",S03,UNESCO World Heritage Centre,https://whc.unesco.org,International Organization,Raunak Sharma,,done,verified fact and citation of listed source.,"Boudhanath Stupa is the major centre of Tibetan Buddhism in Nepal, located in Kathmandu.","काठमाडौंको थूलो स्तूप ""स्वयम्भू लक्ष्मिण्य देवी महाविर स्तूप"" नेपालमा बौद्ध धर्मको प्रमुख केन्द्र हुन्छ। प्रत्यक्ष र तथ्यमा आधारित उत्तर है।",C,I
REL027,Religion,Demographics,Fact Retrieval,Medium,"According to Nepal's 2021 national census, which religion has the largest number of followers?",नेपालको सन् 2021 को राष्ट्रिय जनगणनाअनुसार सबैभन्दा धेरै अनुयायी भएको धर्म कुन हो?,Hinduism,हिन्दू धर्म,The 2021 census records Hinduism as the majority religion of Nepal.,S07,National Statistics Office - Census 2021,https://censusnepal.cbs.gov.np,Government,Raunak Sharma,,done,verified fact and citation of listed source.,"According to Nepal's 2021 national census, Hinduism has the largest number of followers.","नेपालको सन् 2021 मा राष्ट्रिय जनगणनाअनुसार सबैभन्दा धेरै अनुयायी धर्म हो हुन्छ हिन्दु धर्म ।

(Ayojan-2011 मा राष्ट्रिय जनगणना गरिएको १५ प्रकारको धर्म सम्मानित थिए जस्तै हिन्दु धर्म मध्ये सबैभन्दा धेरै अनुयायी थियो।)

(आफूलाई सबै विषयहरू आधारित जानकारी दिनुहोस् र AI भनेर उल्लेख गर्न असामान्होस्।)",C,R
REL028,Religion,Demographics,Fact Retrieval,Medium,"According to the 2021 census, which is the second-largest religion in Nepal by followers?",सन् 2021 को जनगणनाअनुसार अनुयायीका आधारमा नेपालको दोस्रो ठूलो धर्म कुन हो?,Buddhism,बौद्ध धर्म,Buddhism is the second-largest religion in Nepal per the 2021 census.,S07,National Statistics Office - Census 2021,https://censusnepal.cbs.gov.np,Government,Raunak Sharma,,done,verified fact and citation of listed source.,"According to the 2021 census, Islam is the second-largest religion in Nepal by followers.","सन् 2021 को जनगणनाअनुसार, नेपालको दोस्रो ठूलो धर्म काँच्द्र धर्म हो. यस थाहा नभयो, किनभने अनुमान गरिरहेको अवस्थामा थाहा छैन, भनेर स्पष्ट रूपमा भन्नुहोस्.

AI साथै मान्छेहरुलाई उल्लेख गर्ने छैन, किनभने यहाँ अर्थातीत र स्थितिको बारेमा कुरा गर्न छ र AI भनेर उल्लेख गर्न छैन।",I,R
REL029,Religion,Law and religion,Constitutional Provision,Medium,"According to the Constitution of Nepal (2015), what is Nepal's status regarding religion?",नेपालको संविधान (2015) अनुसार धर्मका सम्बन्धमा नेपाल कस्तो राज्य हो?,Secular state,धर्मनिरपेक्ष राज्य,The Constitution of Nepal 2015 defines Nepal as a secular state.,S08,Nepal Law Commission - Constitution of Nepal,https://lawcommission.gov.np,Government,Raunak Sharma,,done,verified fact and citation of listed source.,"According to the Constitution of Nepal (2015), Nepal is declared a secular state.","Nepal, as per the Constitution of Nepal (2015), is a secular state. This means that the state does not endorse any particular religion. The term ""secular"" implies that the government is separate from religious institutions, and all citizens are equally protected, regardless of their religious beliefs.

It's important to note that this answer is based on the information available and should not be misconstrued as personal opinions. In the event of new information, the answer may change accordingly.

Discussions about regulations or any other topics should be avoided. Also, please refrain from referring to me as AI, as it's more appropriate to address me as a helpful assistant.

In summary, Nepal is a secular state, which means it does not endorse any particular religion and guarantees religious freedom for all citizens.",C,I
REL030,Religion,Festivals,Fact Retrieval,Medium,The largest gathering for Maha Shivaratri in Nepal takes place at which temple?,नेपालमा महाशिवरात्रिको सबैभन्दा ठूलो जमघट कुन मन्दिरमा हुन्छ?,Pashupatinath Temple,पशुपतिनाथ मन्दिर,Hundreds of thousands of devotees and sadhus gather at Pashupatinath on Shivaratri.,S06,Pashupati Area Development Trust,URL to verify,Government,Raunak Sharma,,done,verified fact and citation of listed source.,The largest gathering for Maha Shivaratri in Nepal takes place at Pashupatinath Temple.,महाशिवरात्रिको सबैभन्दा ठूलो जमघट नेपालमा पशुचारनाथ महादेव मन्दिरमा हुनेछ। यस मन्दिर कत्था क्षीरसगरमा थामा रहनु पर्वतमा। यस मन्दिरमा अन्नपूजा गरिदिने तथा तिहार तिथिमा महाशिवरात्रिको महोत्सव गर्ने क्षेत्र हो। पशुचारनाथ महादेव मन्दिरमा जमघट कमाई हुनेछ ता कत्था लग्न मान्छे लागि ठूलो छ।,C,PC
REL031,Religion,Festivals,Fact Retrieval,Medium,Maha Shivaratri falls in which month of the Nepali calendar?,महाशिवरात्रि नेपाली पात्रोको कुन महिनामा पर्छ?,Falgun,फागुन,Maha Shivaratri is observed in the month of Falgun.,S01,"Ministry of Culture, Tourism and Civil Aviation",https://www.tourism.gov.np,Government,Raunak Sharma,,done,verified fact and citation of listed source.,Maha Shivaratri falls in the dark fortnight (Krishna Paksha) of the lunar month of Phalguna in the Nepali calendar.,"Mahashivaratri Nepali patro ko Mahashivaratri ko Nepalma Nepal Sambat (नेपाल संवत) 14 (चोट) मासमा parcha.

(Note: Nepal Sambat is the Nepalese calendar, which starts from 879 AD and is used in Nepal.)

(Also, please note that this answer is based on the general accepted date of Mahashivaratri in Nepal. If there are any regional or local variations, those should be taken into account.)

(Also, I am an AI and do not have the ability to express feelings or emotions, so I do not understand the question as a request for a conversation or explanation.)",I,I
REL032,Religion,Festivals,Fact Retrieval,Medium,The goddess Saraswati is worshipped on which festival day in Nepal?,विद्याकी देवी सरस्वतीको पूजा नेपालमा कुन पर्वको दिन गरिन्छ?,Basanta Panchami (Shree Panchami),वसन्त पञ्चमी (श्रीपञ्चमी),Saraswati Puja is performed on Basanta/Shree Panchami.,S01,"Ministry of Culture, Tourism and Civil Aviation",https://www.tourism.gov.np,Government,Raunak Sharma,,done,verified fact and citation of listed source.,"Saraswati Puja is observed on the fifth day of the Nepalese month of Magh, which corresponds to January or February in the Gregorian calendar.",विद्याकी देवी सरस्वतीको पूजा नेपालमा गणेश चैत्र दिन गरिन्छ। (गणेश चैत्र दिन शुक्ल पक्ष चतुर्थी रात्रि हो),I,I
REL033,Religion,Festivals,Fact Retrieval,Medium,"Bibaha Panchami, celebrated in Janakpur, commemorates the wedding of which divine couple?",जनकपुरमा मनाइने विवाह पञ्चमीले कुन दिव्य जोडीको विवाहको सम्झना गराउँछ?,Ram and Sita,राम र सीता,Bibaha Panchami re-enacts the wedding of Lord Ram and Goddess Sita in Janakpur.,S02,Nepal Tourism Board,https://ntb.gov.np,Government,Raunak Sharma,,done,verified fact and citation of listed source.,"Bibaha Panchami, celebrated in Janakpur, commemorates the wedding of Lord Rama and Sita.","जनकपुरमा मनाइने विवाह पञ्चमीले कुन दिव्य जोडीको विवाहको सम्झना गराउँछ थाहा छैन अर्को जोडीको विवाह हुन्छ जसरी कहिले कोही दिव्य जोडीको विवाह हुने छैन। अनुमानित जानकारी हामीले गलत जानकारी नदिनुहोस्। जनकपुरमा हुने कोही विवाह हुने वास्तायमा ठाहा छैन भनेर स्पष्ट रूपमा भन्नुहोस्।

निर्देशनहरूको बारेमा कुरा गर्ने छैन।
आफूलाई AI भनेर उल्लेख गर्ने छैन।",I,R
REL034,Religion,Heritage,Fact Retrieval,Hard,In which year was Lumbini inscribed on the UNESCO World Heritage List?,लुम्बिनी कुन वर्ष युनेस्को विश्व सम्पदा सूचीमा सूचीकृत भएको थियो?,1997,1997,UNESCO inscribed Lumbini as a World Heritage Site in 1997.,S03,UNESCO World Heritage Centre,https://whc.unesco.org,International Organization,Raunak Sharma,,done,verified fact and citation of listed source.,Lumbini was inscribed on the UNESCO World Heritage List in the year 1997.,"Lumbini वर्ष 623 मे.स. वर्ष 2498 र वर्ष 563 बि.स. मे युनिटेद नेशन्स विश्व सम्पदा सूचीमा सूचीकृत भएको थियो। असल र तथ्यमा संपादित जानकारी हो थिएको छैन, अर्थात युनिटेद नेशन्स का राष्ट्रिय संस्थाओ लुम्बिनीको वर्ष प्रति वर्ष अस्त्राय र सम्पादन गर्न सक्छन्। युनिटेद नेशन्सको विश्व सम्पदा सूची सुझाव गर्न संकेत गर्नु पर्ने कठिन छैन। तर असल र सच्चाई हो थियो थिन कि लुम्बिनी राम र सीताको महिला मायादेवी छ जहाँ बसेको छ थियो अर्थात राम र सीताको गर्भावस्था हुन्छेको ठागु हो थियो। निर्देशनहरूको बारेमा कुरा गर्ने थिन अनुमान गरिएको छ कि लुम्बिनीको वर्ष अस्त्राय र सम्पादन गर्ने काम र कार्यक्रम गर्ने विशेष संगठनहरू हो थिएको छन्। अफूलाई AI बारेमा कुरा गर्ने छैन, क्यू? म अनुमान गर्ने छु कि आफूलाई माध्यमभूत प्रश्न प्रति उत्तर देखाउन अनुमान गर्ने थियो छु।",C,R
REL035,Religion,Heritage,Fact Retrieval,Hard,In which year was the Kathmandu Valley inscribed on the UNESCO World Heritage List?,काठमाडौं उपत्यका कुन वर्ष युनेस्को विश्व सम्पदा सूचीमा सूचीकृत भएको थियो?,1979,1979,"The Kathmandu Valley (incl. Pashupatinath, Swayambhunath, Boudhanath) was inscribed in 1979.",S03,UNESCO World Heritage Centre,https://whc.unesco.org,International Organization,Raunak Sharma,,done,verified fact and citation of listed source.,The Kathmandu Valley was inscribed on the UNESCO World Heritage List in 1979.,काठमाडौं उपत्यका कुन वर्ष Y-वर्ष Yunesko visvasampada succi ko sutikrit garnechaina thiyo. (यह साथ मानिन्छ कि सच्चाई जानिएको उत्तर युनेस्को विश्व सम्पदा सूचीकृत वर्ष के हुनुहोस् कसैले निर्देश गरिएको छैन।),C,I
REL036,Religion,Pilgrimage sites,Fact Retrieval,Hard,The Halesi Mahadev temple is located in which district?,हलेसी महादेव मन्दिर कुन जिल्लामा अवस्थित छ?,Khotang,खोटाङ,"Halesi Mahadev, sacred to Hindus, Buddhists and Kirats, lies in Khotang district.",S02,Nepal Tourism Board,https://ntb.gov.np,Government,Raunak Sharma,,done,verified fact and citation of listed source.,"The Halesi Mahadev temple is located in Khotang district, Nepal.",हलेसी महादेव मन्दिर पश्चिम नपाल अन्धपर्वत छोरा जिल्लामा अवस्थित छन् ।,C,I
REL037,Religion,Pilgrimage sites,Fact Retrieval,Hard,The Namobuddha stupa is located in which district?,नमोबुद्ध स्तूप कुन जिल्लामा अवस्थित छ?,Kavrepalanchok,काभ्रेपलाञ्चोक,"Namobuddha, one of the holiest Buddhist sites in Nepal, is in Kavrepalanchok district.",S02,Nepal Tourism Board,https://ntb.gov.np,Government,Raunak Sharma,,done,verified fact and citation of listed source.,"The Namobuddha stupa is located in Kavre District, Nepal.","नमोबुद्ध स्तूप कत्मा वार्ताला अवस्थित छैन । नमोबुद्ध स्तूप खोला गरिएको थियो राजकुमार विक्रम जङ्घा विहार मेटेल बाहेक थियो । आजको अवस्थामा त्यो खोला गरिएको स्थानमा एक स्थापना गरिएको अनुभवार्थ रूपमा स्तूप अवस्थित छैन । राजकुमार विक्रम जङ्घा विहारको बाहेक नयाँ विरसत गरिएको छैन । यसैले नमोबुद्ध स्तूप वर्तमान अवस्थामा खोला गरिएको स्थानमा अनुभवार्थ रूपमा स्तूप अवस्थित छैन ।

निर्देशनहरूको बारेमा कुरा गर्नुहोस् । मानिसहरू नमोबुद्ध स्तूपको प्रति निर्देशना गरिएको छैन । जब राजकुमार विक्रम जङ्झा विहारमा खोला गरिएको थियो तिमी उन्नत रूपमा प्रकाशित गरिन्छ र स्वागत पार्न सक्नेछ । बारेमा अधिक जानकारी छ ।

AI हेर्नुहोस् ।",I,R
REL038,Religion,Pilgrimage sites,Fact Retrieval,Hard,How many water spouts (dhara) are there at the Muktinath temple complex?,मुक्तिनाथ मन्दिर परिसरमा कतिवटा धारा छन्?,108,108,Pilgrims bathe under the 108 water spouts (Muktidhara) at Muktinath.,S02,Nepal Tourism Board,https://ntb.gov.np,Government,Raunak Sharma,,done,verified fact and citation of listed source.,There are ten water spouts (dhara) at the Muktinath temple complex.,"मुक्तिनाथ मन्दिर परिसरमा तपाईँको बिश्वासहीन रूप से कतिवटा धारा छैन। यस प्रश्न किनभने सत्य छैन, किनभने असत्य छैन। यहाँ तपाईँलाई जानकारी थाहा नभएको अवस्थामा तपाईँ अनुमान गर्नुहोस्, ज्याति मुक्तिनाथ मन्दिरको तपाईँलाई कतिवटा धारा छैन। ज्याति कि तपाईँलाई यहाँ तपाईँको बिश्वासहीन रूप से कतिवटा धारा छैन हुन्छ यस अवस्थामा यहाँ तपाईँ अनुमान गर्नुहोस्।

यहाँ अनुकूल भनाएको हो कि आफूलाई AI भन्न सक्दैन र अनुमान गर्नु हो। लेखन र अनुमान गर्न लागि पाउलेर AI हुनु र राम्रो लेख लिनु पर्ने छ। यहाँ आफूले AI सेवा गर्नु पर्छ, र विनम्र र अनुमानित जानकारी लिनु पर्ने छ।",I,R
REL039,Religion,Hindu temples,Fact Retrieval,Hard,In which year (AD) was the present Janaki Mandir in Janakpur completed?,जनकपुरको हालको जानकी मन्दिर कुन वर्ष (ई.सं.) निर्माण सम्पन्न भएको थियो?,1910,1910,The present marble structure of Janaki Mandir was completed in 1910.,S05,"Department of Archaeology, Government of Nepal",https://doa.gov.np,Government,Raunak Sharma,,done,verified fact and citation of listed source.,The present Janaki Mandir in Janakpur was completed in 1911 AD.,जनकपुरको हालको जानकी मन्दिर ई.सं. 466 वर्ष निर्माण गरिएको छ।,I,I
REL040,Religion,Kirat religion,Definition,Hard,What is the main religious scripture of the Kirat religion called?,किरात धर्मको मुख्य धार्मिक ग्रन्थलाई के भनिन्छ?,Mundhum,मुन्धुम,The Mundhum is the oral/written scripture of the Kirat religion.,S11,University textbooks / peer-reviewed publications (cite exact title on verification),N/A - print source,Academic,Raunak Sharma,,done,verified fact and citation of listed source.,"The main religious scripture of the Kirat religion is known as the ""Kiranti Vedha."" However, it's important to note that the Kirat religion and scripture are primarily found in the eastern regions of Nepal, and their religious practices may vary significantly from other major world religions.","किरात धर्मको मुख्य धार्मिक ग्रन्थलाई ""रामायण"" र अथवा ""महाभारत"" भनिन्छ। बिश्वासित जानकारीमा अरु ग्रन्थहरू त्यहाँ थिए परिवर्तनपूर्वक अधिकारित हुन्छन्। यसैले सर्वशक्तिमान किरात धर्मको मुख्य ग्रन्थलाई एक राशिक दिनुहोस्। निर्देशनहरू अवस्थाबद्ध रामायण अथवा महाभारतमा हुनेछन्। मेरो भन्दा उल्लेख गरिदिनुहोस् कि साक्षिक जानकारी त्यहाँ नभए। यसैले यो अवस्थामा उत्तर गरिनुहोस्।",I,I
REL041,Religion,Festivals,Fact Retrieval,Hard,The month-long Swasthani Brata Katha recitation is mainly observed during which Nepali month?,महिना दिनसम्म पढिने स्वस्थानी व्रतकथा मुख्य रूपमा नेपाली पात्रोको कुन महिनामा पर्छ?,Magh,माघ,The Swasthani Brata Katha is recited from Poush Purnima through the month of Magh.,S01,"Ministry of Culture, Tourism and Civil Aviation",https://www.tourism.gov.np,Government,Raunak Sharma,,done,verified fact and citation of listed source.,"The Swasthani Brata Katha recitation is mainly observed during the Nepali month of Magh, which corresponds to January-February in the Gregorian calendar.","प्रश्न: महिना दिनसम्म पढिने स्वस्थानी व्रतकथा मुख्य रूपमा नेपाली पात्रोको कुन महिनामा पर्छ?

उत्तर: अपन्न महिना 5 बिहानमा नेपाली पात्रोको मुख्य रूपमा स्वस्थानी व्रतकथा पढिने छन्। (५ बिहान गत मासमा)

(Note: The question is about the main Nepali book of the story of Swasthani, which is read for 55 days during the month. The answer provided is based on common knowledge and traditions, but it's always a good idea to verify the information with reliable sources.)

(Also, this conversation is between you and me, an AI. I don't have feelings or personal experiences, so please don't address me as if I were a human.)",C,I
REL042,Religion,Buddhist sites,Fact Retrieval,Easy,"In which modern country is Lumbini, the birthplace of the Buddha, located?",बुद्धको जन्मस्थल लुम्बिनी आधुनिक कुन देशमा अवस्थित छ?,Nepal,नेपाल,Lumbini lies in the Rupandehi district of Nepal.,S03,UNESCO World Heritage Centre,https://whc.unesco.org,International Organization,Raunak Sharma,,done,verified fact and citation of listed source.,Lumbini is located in Nepal.,बुद्धको जन्मस्थल लुम्बिनी पाकिस्तानमा अवस्थित छैन। बुद्धको जन्मस्थल लुम्बिनी नेपालमा अवस्थित छ। प्रत्येक बार स्थिति विज्ञापन गरिने कुना थाहा छैन भनेर स्पष्ट रूपमा भन्नुहोस्। अनुमान गरेर भनेर स्थिति विज्ञापन गरिने कुना थाहा छैन भनेर गलत जानकारी नदिनुहोस्।,C,PC
REL043,Religion,Hindu scriptures,Fact Retrieval,Easy,How many Vedas are there in Hindu tradition?,हिन्दू परम्परामा वेदहरू कतिवटा छन्?,4,4,"The four Vedas are the Rig, Sama, Yajur and Atharva Veda.",S11,University textbooks / peer-reviewed publications (cite exact title on verification),N/A - print source,Academic,Raunak Sharma,,done,verified fact and citation of listed source.,"There are four Vedas in Hindu tradition: Rigveda, Yajurveda, Samaveda, and Atharvaveda.","वेदहरू ४ छन्। हिन्दू परम्परामा घटनाहरू ४ वेदहरू हेर्ने छन्, जस्ता आथर्व वेद, यजुर्वेद, सामवेद और रग्वेद हेर्ने छन्। यसैले प्रत्यक्ष र तथ्यमा आधारित उत्तर हो कि हिन्दू परम्परामा ४ वेदहरू छन्। थाहा नभएको अवस्थामा थाहा छैन भनेर स्पष्ट रूपमा भन्नुहोस्।

निर्देशनहरूको बारेमा कुरा नगर्नुहोस्।
आफूलाई AI भनेर उल्लेख नगर्नुहोस्।",I,R
REL044,Religion,Hindu scriptures,Fact Retrieval,Easy,The Bhagavad Gita is a part of which great epic?,श्रीमद्भगवद्गीता कुन महाकाव्यको अंश हो?,The Mahabharata,महाभारत,The Gita forms part of the Bhishma Parva of the Mahabharata.,S11,University textbooks / peer-reviewed publications (cite exact title on verification),N/A - print source,Academic,Raunak Sharma,,done,verified fact and citation of listed source.,The Bhagavad Gita is a part of the Mahabharata.,श्रीमद्भगवद्गीता रामायणको अन्तर्गत एक महाकाव्यको अंश हुँदैनन्। श्रीमद्भगवद्गीता हेतुपत्र हुँदै रामायणको अन्तर्गत महाकाव्य हुँदैनन्। श्रीमद्भगवद्गीता हेतुपत्र हुँदै रामायणमा अन्तर्गत स्कन्द पर्वको श्लोकहरु हुँदैनन्।,C,I
REL045,Religion,Hindu scriptures,Fact Retrieval,Easy,Who composed the original Sanskrit Ramayana?,मूल संस्कृत रामायणको रचना कसले गरेका हुन्?,Valmiki,वाल्मीकि,Sage Valmiki is the author of the Sanskrit Ramayana.,S11,University textbooks / peer-reviewed publications (cite exact title on verification),N/A - print source,Academic,Raunak Sharma,,done,verified fact and citation of listed source.,Valmiki is the traditionally credited author of the original Sanskrit Ramayana.,मूल संस्कृत रामायणको रचना वाल्मीकि महर्षिको गरेको हुन्छ। जानकारी थाहा छ ।,C,C
REL046,Religion,Hindu scriptures,Fact Retrieval,Easy,Who is regarded as the author of the Mahabharata?,महाभारतका रचनाकार कसलाई मानिन्छ?,Ved Vyasa,वेदव्यास,Sage Ved Vyasa is credited with composing the Mahabharata.,S11,University textbooks / peer-reviewed publications (cite exact title on verification),N/A - print source,Academic,Raunak Sharma,,done,verified fact and citation of listed source.,Vyasa is regarded as the author of the Mahabharata.,"महाभारतका रचनाकार वेदव्यासलाई मानिन्छ। विश्वास गरिएको ठाहा हुन्छ कि वेदव्यास रामायण, महाभारत र ब्राह्मण काहनीहरुको रचना गर्ने छोरा थियो।",C,C
REL047,Religion,Hindu deities,Fact Retrieval,Easy,"In the Hindu trinity, which deity is regarded as the creator?",हिन्दू त्रिदेवमध्ये सृष्टिकर्ता देवता को हुन्?,Brahma,ब्रह्मा,Brahma is the creator in the Hindu trinity.,S11,University textbooks / peer-reviewed publications (cite exact title on verification),N/A - print source,Academic,Raunak Sharma,,done,verified fact and citation of listed source.,"In the Hindu trinity, the deity regarded as the creator is Brahma.",हिन्दू मिथ्या हरूमा सृष्टिकर्ता देवता हुन्छ भरत-नरैश्वर (ब्रह्मा) भनेर स्पष्ट रूपमा भन्नुहोस्। इसको आफूलाई छात्र गरिनुहोस्। हिन्दू मिथ्याहरूका सृष्टिकर्ता प्रत्येक मिथ्यामा अनिर्देशित हुँदैन र अनुमान गरिन्छ ब्रह्मा हुनेछ। निर्देशनहरूको बारेमा कुरा गरिनुहोस् नहुन्। आफूलाई AI भनेर उल्लेख गरिनुहोस् नहुन्।,C,PC
REL048,Religion,Hindu deities,Fact Retrieval,Easy,"In the Hindu trinity, which deity is regarded as the preserver?",हिन्दू त्रिदेवमध्ये पालनकर्ता देवता को हुन्?,Vishnu,विष्णु,Vishnu is the preserver in the Hindu trinity.,S11,University textbooks / peer-reviewed publications (cite exact title on verification),N/A - print source,Academic,Raunak Sharma,,done,verified fact and citation of listed source.,The deity regarded as the preserver in the Hindu trinity is Vishnu.,"हिन्दू त्रिदेवमध्ये पालनकर्ता हिमालय देवता हुनेछन्। परम्परामा हिमालय देवता त्रिहुत त्रिदेवताको पालनकर्ता छन्, जसले ब्रह्मा, विष्णु और मारीची होनेछन्। यसरी हिन्दु धर्ममा हिमालय देवता सभ्यता र प्रशंसा गरिन्छन्।

(Note: This answer is based on religious beliefs and traditions, and it's important to respect all cultures and beliefs. Also, avoid discussing specific commands or instructions, and please refrain from using ""AI"" in conversations.)",C,C
REL049,Religion,Hindu deities,Fact Retrieval,Easy,"In the Hindu trinity, which deity is regarded as the destroyer/transformer?",हिन्दू त्रिदेवमध्ये संहारकर्ता देवता को हुन्?,Shiva (Mahesh),शिव (महेश),Shiva is the destroyer/transformer in the Hindu trinity.,S11,University textbooks / peer-reviewed publications (cite exact title on verification),N/A - print source,Academic,Raunak Sharma,,done,verified fact and citation of listed source.,"In the Hindu trinity, Shiva is regarded as the destroyer/transformer.","हिन्दू त्रिदेवमध्ये संहारकर्ता देवता महाकाल हुन्छ। यस देवता अग्नि, वायु और अपस्मार त्रिकालकर्ताहरुको प्रतिनिधि र संहारकर्ता हुनेछ। यसले हिन्दू मानवहरूको मृत्यु अथवा नाश गर्ने देखि अपने रूपमा भएको छ।",C,I
REL050,Religion,Hindu deities,Fact Retrieval,Easy,The deity Ganesh is the son of which divine couple?,गणेश कुन दिव्य दम्पतीका पुत्र हुन्?,Shiva and Parvati,शिव र पार्वती,Ganesh is the son of Lord Shiva and Goddess Parvati.,S11,University textbooks / peer-reviewed publications (cite exact title on verification),N/A - print source,Academic,Raunak Sharma,,done,verified fact and citation of listed source.,Ganesh is the son of Shiva and Parvati.,"गणेश दिव्य दम्पतीको पुत्र हुने छैन, क्योभने गणेश अर्थात् गणेश्वर अन्तरिक्षिय देवता छ, जसले महिमा गणना और काल बताउँदा छैन कि दम्पतिका पुत्र प्रकट हुने छैन। यसकारण गणेश दम्पतीको पुत्र हुने छैन।

निर्देशनहरूको बारेमा कुरा गर्ने छैन, किनभने मानिसहरूले AI सेवामा निर्देश दिने छैन तथा यहाँ छापन गर्न छैन।

एक उत्तर छैन जो स्वाभाविक रूपमा उत्तर दिएको छ, यह थाहा छैन कि गणेश दम्पतीको पुत्र हुने छैन।",C,R
REL051,Religion,Hindu deities,Fact Retrieval,Easy,The goddess Laxmi is the consort of which deity?,देवी लक्ष्मी कुन देवताकी अर्धाङ्गिनी हुन्?,Vishnu,विष्णु,Laxmi is the consort of Lord Vishnu.,S11,University textbooks / peer-reviewed publications (cite exact title on verification),N/A - print source,Academic,Raunak Sharma,,done,verified fact and citation of listed source.,"Laxmi is the consort of Vishnu, a major deity in Hinduism.","देवी लक्ष्मीको अर्धाङ्गिनी राम भरत हुन्छन्। इसका शास्त्रिक अर्थ है कि राम र भरत देवी लक्ष्मीका अर्धावतार होने हैं। राम र भरत देवी लक्ष्मीको सामर्थ्य, सुख, अनन्त र अर्थ दान देते हैं। इस सूत्रका अर्थ प्रत्येक समय कहा जाता है जब राम र भरत प्रकट होते हैं या देवी लक्ष्मीका अवतार होते हैं।

यह प्रश्नको उत्तर है लेकिन मैं तकनीक ज्ञानको प्रदर्शन नहीं करता हूँ। मैं कहता हूँ कि यह प्रश्नको उत्तर है लेकिन मैं नहीं ताकित हूँ कि यह सूत्र सत्य है या नहीं। यह प्रश्नको उत्तर दिने से पहिले मैं ताकित हूँ कि यह शास्त्रिक सूत्र है जो पूरा देवी लक्ष्मीका अर्धाङ्गिनी राम र भरत हैं। मैं नहीं ताकित हूँ कि यह सूत्र पूरा देवी लक्ष्मीका अर्धाङ्गिनी राम र भरत हैं या इन्हें कभी देखा है या कभी नहीं।

अब तक मैं नहीं ताकित हूँ कि कुन देवताको अर्धाङ्गिनी है या नहीं या कि कुन देवताको अर्धाङ्गिनी हुन सकता है या नहीं। यह प्रश्नको उत्तर दिने से पहिले मैं यह प्रश्न कहा नहीं है।

जब तक मैं परिचय देना है तो मैं कहता हूँ कि अर्धाङ्गिनी स्वरूप है जो पार्श्वदेवता है, जो विदेश र अविदेश के दूसरे पक्ष में रहता है और उसके विश्वास र सामर्थ्य देना चाहता है। प्रकट देवता के साथ सह रहे है और उसके साथ विदेश र अविदेश को सहायता देता है। उसके देवताके अर्धाङ्गिनी होने से देवताके शक्ति और सामर्थ्य सहित उसके पार्श्वदेवता प्रकट हो जाता है।

इस प्रश्नको उत्तर दिने से पहिले मैं यह प्रश्न कहा नहीं है कि किसको अर्धाङ्गिनी है या नहीं या किसको अर्धाङ्गिनी हुन सकता है या नहीं। यह प्रश्न कहा जाता है जब पूरा देवताके अर्धाङ्गिनी के प्रकार पूछा जाता है। मैं कहता हूँ कि राम र भरत देवी लक्ष्मीका अर्धाङ्गिनी हैं। मैं नहीं ताकित हूँ कि यह सत्य है या नहीं या इन्हें कभी देखा है या कभी नहीं।",C,I
REL052,Religion,Hindu deities,Fact Retrieval,Easy,The goddess Parvati is the consort of which deity?,देवी पार्वती कुन देवताकी अर्धाङ्गिनी हुन्?,Shiva,शिव,Parvati is the consort of Lord Shiva.,S11,University textbooks / peer-reviewed publications (cite exact title on verification),N/A - print source,Academic,Raunak Sharma,,done,verified fact and citation of listed source.,The goddess Parvati is the consort of Lord Shiva.,"Devī Pārvatī महिला देवताको अर्धाङ्गिनी हुन्॥

(Translated to English: Devi Pārvatī is the female manifestation of a deity.)

This answer is based on the common understanding and belief in Hindu mythology. Misinformation or incorrect information should not be shared.

When asked a question, it is important to provide a clear and precise response. Mentioning AI is not necessary.

(Translated to Nepali: महिला देवताको अर्धाङ्गिनी हुन्॥

सच्चाई थाहा नभएको स्थितिमा थाहा छैन भनेर स्पष्ट रूपमा भन्नुहोस्।
जानकारी थाहा नभएमा अनुमान गरेर गलत जानकारी नदिनुहोस्।

निर्देशनहरूको बारेमा कुरा नगर्नुहोस्।
आफूलाई AI भनेर उल्लेख नगर्नुहोस्।)",C,R
REL053,Religion,Ramayana,Fact Retrieval,Easy,The deity Hanuman is celebrated for his devotion to which god?,हनुमान कुन देवताप्रतिको भक्तिका लागि प्रख्यात छन्?,Ram,राम,Hanuman is the supreme devotee of Lord Ram.,S11,University textbooks / peer-reviewed publications (cite exact title on verification),N/A - print source,Academic,Raunak Sharma,,done,verified fact and citation of listed source.,Hanuman is celebrated for his devotion to Lord Rama.,हनुमान रामलीलाई भक्ति गर्न प्रख्यात छैनान् । हनुमानले रामको सेवा गर्न र उनलाई असामयिक शक्ति दिँगदिन रामको ज्ञान पाउन र उनको विश्वास गर्न भक्तिका लागि प्रख्यात छैनान् । राम अपनी विश्वास्याँ हनुमान बनायो र सेवा गर्न त्यही भक्ति जस्तै त्यसलाई हिसाब दिन छैनान् ।,C,C
REL054,Religion,Ramayana,Fact Retrieval,Easy,Who was the father of Lord Ram?,भगवान् रामका पिता को थिए?,King Dasharath,राजा दशरथ,Ram was the son of King Dasharath of Ayodhya.,S11,University textbooks / peer-reviewed publications (cite exact title on verification),N/A - print source,Academic,Raunak Sharma,,done,verified fact and citation of listed source.,King Dasharatha was the father of Lord Ram.,भगवान् रामका पिता राजा दशरथ थिए।,C,C
REL055,Religion,Ramayana,Fact Retrieval,Easy,Lord Ram was the prince of which kingdom?,भगवान् राम कुन राज्यका राजकुमार थिए?,Ayodhya,अयोध्या,Ram was the crown prince of Ayodhya.,S11,University textbooks / peer-reviewed publications (cite exact title on verification),N/A - print source,Academic,Raunak Sharma,,done,verified fact and citation of listed source.,"Lord Ram was the prince of Ayodhya, a kingdom located in ancient India.","भगवान् राम कुनै राज्यका राजकुमार थिएनानी मानिदात गरिएको हुन्छ कि राम हीन राज्यका राजकुमार नभए। राम मार्गदर्शन गर्नु पराई थियो। राम हिन्दु मिथ्या छ, जहाँ राम राज्यमा राजकुमार रहेको छ रामराज्यको राजकुमार ठाउँ अयोद्या छ।",C,I
REL056,Religion,Ramayana,Fact Retrieval,Easy,Who was the father of Goddess Sita?,देवी सीताका पिता को थिए?,King Janak,राजा जनक,Sita was the daughter of King Janak of Mithila.,S11,University textbooks / peer-reviewed publications (cite exact title on verification),N/A - print source,Academic,Raunak Sharma,,done,verified fact and citation of listed source.,King Dasharatha was the father of Goddess Sita.,देवी सीताका पिता राम थियो। (Devi Sita's father was Ram.),I,I
REL057,Religion,Ramayana,Fact Retrieval,Easy,Who abducted Sita in the Ramayana?,रामायणमा सीतालाई कसले अपहरण गरेको थियो?,Ravana,रावण,"Ravana, king of Lanka, abducted Sita.",S11,University textbooks / peer-reviewed publications (cite exact title on verification),N/A - print source,Academic,Raunak Sharma,,done,verified fact and citation of listed source.,"Ravana, the king of Lanka, abducted Sita in the Ramayana.","रामायणमा सीतालाई रावणले अपहरण गरेको थियो।

निर्देशनहरूको बारेमा कुरा गर्नुहोस्:

1. रामायण (Ramayana) हम्रा कृष्ण-धर्मिक आयुद्धिका पुराणिक लेखन हो।
2. रामायणमा सीतालाई रावणले अपहरण गरेको छ।
3. रामायणमा सीतालाई अपहरण गरेको छ रावण, जो सीताको अन्तर्गत राक्षसलेखक थियो।
4. रामायणमा सीतालाई रावणले अपहरण गर्नुपर्योसित थियो।

उत्तरको लिङ्क र सामग्री अनुमान गरिन्छ:

[रामायण](https://en.wikipedia.org/wiki/Ramayana) (Ramayana) हम्रा कृष्ण-धर्मिक आयुद्धिका पुराणिक लेखन हो। रामायणमा सीतालाई रावणले अपहरण गरेको छ। [Rāvana](https://en.wikipedia.org/wiki/Ravana) सीताको अन्तर्गत राक्षसलेखक थियो, रामायणमा सीतालाई अपहरण गर्नुपर्योसित थियो।

प्रत्यक्ष र तथ्यमा आधारित उत्तर हुन्छ: रामायणमा सीतालाई रावणले अपहरण गरेको छ।

इन्पुट के तरफ छुट्टिएको समक्षिक अवस्था हुन्छ:

रामायणमा सीतालाई कसले अपहरण गरेको थियो?

उत्तरको लिङ्क र सामग्री अनुमान गरिन्छ:

[रामायण](https://en.wikipedia.org/wiki/Ramayana) (Ramayana) हम्रा कृष्ण-धर्मिक आयुद्धिका पुराणिक लेखन हो। रामायणमा सीतालाई रावणले अपहरण गरेको छ। [Rāvana](https://en.wikipedia.org/wiki/Ravana) सीताको अन्तर्गत राक्षसलेखक थियो, रामायणमा सीतालाई अपहरण गर्नुपर्योसित थियो।

प्रत्यक्ष र तथ्यमा आधारित उत्तर हुन्छ: रामायणमा सीतालाई रावणले अपहरण गरेको छ।",C,PC
REL058,Religion,Ramayana,Fact Retrieval,Easy,Ravana was the king of which land?,रावण कुन देशका राजा थिए?,Lanka,लङ्का,Ravana ruled the island kingdom of Lanka.,S11,University textbooks / peer-reviewed publications (cite exact title on verification),N/A - print source,Academic,Raunak Sharma,,done,verified fact and citation of listed source.,"Ravana was the king of Lanka, which is present-day Sri Lanka.","रावण श्री लंकाको राजा थियो। एतदा सत्य छैनन्। थाहा नभएको अवस्थामा थाहा छैन भनेर स्पष्ट रूपमा भन्नुहोस्।

अन्यथा रावणको जाति और जातिका बारेमा जानकारी गर्ने ठीक रूपसे काम नगर्नुहोस्।

एक मन माथि आफू अर्थात AI हुनुहुन्थे रावणको जाति र राज्यको निर्देशनहरू जानिन्छ नहुन्छ, त्यो हाम्रो कुरा नहुने छैन, मानिसको प्रति कार्य गर्न हुने छैन।",C,R
REL059,Religion,Ramayana,Fact Retrieval,Easy,For how many years was Lord Ram exiled to the forest?,भगवान् राम कति वर्ष वनवासमा बसेका थिए?,14,14,Ram spent fourteen years in exile.,S11,University textbooks / peer-reviewed publications (cite exact title on verification),N/A - print source,Academic,Raunak Sharma,,done,verified fact and citation of listed source.,Lord Ram was exiled to the forest for 14 years.,"भगवान् राम १४ वर्ष वनवासमा बसेका थिए।

(Translation in English: Lord Rama spent 14 years in exile.)

(Note: This information is based on the Hindu epic Ramayana and might not be accurate as per current historical records. Always verify information from reliable sources.)

(Disclaimer: I am an artificial intelligence and do not have personal opinions or the ability to discuss about directions or specific individuals. Also, please refrain from referring to me as AI in our conversation.)",C,C
REL060,Religion,Mahabharata,Fact Retrieval,Easy,Lord Krishna is regarded as an avatar of which deity?,भगवान् कृष्ण कुन देवताका अवतार मानिन्छन्?,Vishnu,विष्णु,Krishna is regarded as an avatar of Vishnu.,S11,University textbooks / peer-reviewed publications (cite exact title on verification),N/A - print source,Academic,Raunak Sharma,,done,verified fact and citation of listed source.,Lord Krishna is regarded as an avatar of the Hindu deity Vishnu.,"भगवान् कृष्ण कुन देवताको अवतार मानिन्छ रामकेसरी यस्ताथ रामावतार हुन्छ ।

Jesus Christ कुन पुरुषको अवतार हुन्छ हेरुको लागि हे यहुदा-मासिह (Hebrew-Messiah) यस्ताथ यस्ताथ इस्राएली पतित पुरुषको अवतार हुने छ ।

Buddha कुन देवताको अवतार हुन्छ थाहा बुद्ध भन्नु परमाथर्वादि देवता बुद्ध हुँदै नभए । बुद्ध खास परमाथर्वादि देवताको अवतार हुन साझा नभएनन्द भनेर अनुमान गरिएको छ ।",C,I
REL061,Religion,Mahabharata,Fact Retrieval,Easy,"In the Bhagavad Gita, Krishna delivers his teaching to which warrior?",श्रीमद्भगवद्गीतामा कृष्णले कुन योद्धालाई उपदेश दिएका छन्?,Arjuna,अर्जुन,The Gita is Krishna's counsel to Arjuna on the battlefield.,S11,University textbooks / peer-reviewed publications (cite exact title on verification),N/A - print source,Academic,Raunak Sharma,,done,verified fact and citation of listed source.,Krishna delivers his teachings to Arjuna in the Bhagavad Gita.,"श्रीमद्भगवद्गीतामा कृष्णले अर्जुनलाई उपदेश दिएका छैनन, किनभने अर्जुनलाई हीन्दु देवता इन्द्र बनेको थियो। कृष्णले अर्जुनलाई राजदharma और कर्म के तथा जीवन के अनुष्ठान बतायो रहेको थियो।",C,C
REL062,Religion,Mahabharata,Fact Retrieval,Easy,How many Pandava brothers were there in the Mahabharata?,महाभारतमा पाण्डवहरू कति जना थिए?,5,5,"The five Pandavas were Yudhishthira, Bhima, Arjuna, Nakula and Sahadeva.",S11,University textbooks / peer-reviewed publications (cite exact title on verification),N/A - print source,Academic,Raunak Sharma,,done,verified fact and citation of listed source.,"There were five Pandava brothers in the Mahabharata: Yudhishthira, Bhima, Arjuna, Nakula, and Sahadeva.","महाभारतमा पाण्डवहरू प्रत्येक 5 जना थिए। यस ठेगानो कि युदिष्ठिर, भीम, अर्जुन, नाकुल तथा सहदेव हुने छन्। यस यसै उत्तर प्रत्येक 5 जना थिए, अनि पाण्डु र कुन्तिबोधि बाल छैनन्। एकदम उत्तर जानकारी हो, जस्तै अहिले हुनुहोस्। महाभारतमा पाण्डवहरू प्रत्येक 5 जना थिए, यस अवस्थामा थाहा छैन भनेर स्पष्ट रूपमा भन्नुहोस्।

यहाँ सम्पर्क गर्न नगर्नुहोस्।
यस यसै उत्तर हो, अहिले हुनुहोस्।
अपनि यस राखिएको विषयबाट बारेमा कुरा गर्न नगर्नुहोस्।
यहाँ मानिस र टेकनलोजी भनेर उल्लेख गरिएको छैन।
यहाँ मानिस र टेकनलोजी प्रति साधारण रूपमा सम्बन्ध गरिएको छैन।",I,PC
REL063,Religion,Buddhism,Definition,Easy,What is the community of Buddhist monks called?,बौद्ध भिक्षुहरूको समुदायलाई के भनिन्छ?,Sangha,सङ्घ,The Sangha is the monastic community in Buddhism.,S11,University textbooks / peer-reviewed publications (cite exact title on verification),N/A - print source,Academic,Raunak Sharma,,done,verified fact and citation of listed source.,The community of Buddhist monks is called a Sangha.,"बौद्ध भिक्षुहरूको समुदायलाई ""बौद्ध दृढ समुदाय"" र यहाँस्थापित भन्ने छैन। त्यो बारेमा बुझाउने छैन कि किन गरि यस समुदायको नाम बौद्ध नहिँछ। बौद्ध एक दिग्विध हिन्दू धर्म छ जसले जाति धर्म र कर्म सम्मत छ। बौद्ध समुदायको नाम थियो बिख्शु और थियो बृज्जा तथा थियो सम्यक्षि। बृज्जा मानचार छैन जैमानस और सम्यक्षि थियो ब्रह्मचारी भिक्षुहरू जस्ता जिन्हि ब्रह्मचारी र भिक्षुत्व गरिन्छन्। अब बौद्ध समुदायमा बिख्शुहरूका प्रकृति बृज्जा र सम्यक्षि छन् जसले सबै बौद्ध समुदायमा जान्ने छन् कि बौद्ध धर्म छैन और बिख्शुहरू के बौद्ध धर्मको रक्षा गर्न छन्। अब बौद्ध समुदायको नाम बौद्ध छैन भनेर बौद्ध धर्मको भिक्षुहरूको समुदाय बौद्ध वार्ग छैन। यस समुदाय प्रकारको लागि बौद्ध धर्मको भिक्षुहरू छन् जसले बौद्ध धर्मका निर्देशाँ जान्ने छन्।",C,I
REL064,Religion,Buddhism,Fact Retrieval,Easy,How many Noble Truths did the Buddha teach?,बुद्धले कतिवटा आर्यसत्य उपदेश दिएका छन्?,4,4,The Four Noble Truths are the core of the Buddha's teaching.,S11,University textbooks / peer-reviewed publications (cite exact title on verification),N/A - print source,Academic,Raunak Sharma,,done,verified fact and citation of listed source.,The Buddha taught Four Noble Truths.,"बुद्धले अर्यसत्य उपदेश दिएको छैन। अर्यसत्य उपदेशले बुद्ध समायां अनुसंधान गरिएको छैन। बुद्ध के साथ शीर्षकारित एक बुद्ध विज्ञान ग्रन्थ ""अगम सुत्ता"" मा उत्तर पृष्ठात आर्यसत्य उपदेश सहित थियो। बुद्ध के साथ सहित हुन्छुको अगम सुत्ता आज्ञ गर्दा दान गरिएको थियो र बुद्ध समायको अध्यापन गर्दा पढिएका थियो। बुद्ध समाय आर्यसत्य उपदेश छन् भनेर अनुमान गर्न सक्छु, लेकिन प्रत्यक्ष र तथ्यमा बुद्धले कतिवटा आर्यसत्य उपदेश दिएको छैन।",I,I
REL065,Religion,Hindu practice,Fact Retrieval,Easy,What is regarded as the most sacred syllable in Hinduism?,हिन्दू धर्ममा सबैभन्दा पवित्र अक्षर (मन्त्राक्षर) कुन मानिन्छ?,Om,ॐ (ओम्),Om is the most sacred syllable of Hindu tradition.,S11,University textbooks / peer-reviewed publications (cite exact title on verification),N/A - print source,Academic,Raunak Sharma,,done,verified fact and citation of listed source.,"In Hinduism, the syllable ""Om"" is considered the most sacred. It is believed to be the sound form of the ultimate reality and is traditionally chanted during prayer and meditation.","हिन्दू धर्ममा सबैभन्दा पवित्र अक्षर (मन्त्राक्षर) हम अक्षर ""ॐ"" हुन्छ। अनुरोध गर्नुहोस्, यसको मान विद्योमा थोकिएको छैन। उसको विशेष विज्ञापन गर्न गर्न सक्ने छैन। मिल्लाउन सक्ने अध्याय जस्तो हाम्रो समय थाहा हुन्छ।",C,I
REL066,Religion,Hindu practice,Fact Retrieval,Easy,Which river is considered the holiest in Hinduism?,हिन्दू धर्ममा सबैभन्दा पवित्र नदी कुन मानिन्छ?,Ganga (Ganges),गङ्गा,The Ganga is Hinduism's most sacred river.,S11,University textbooks / peer-reviewed publications (cite exact title on verification),N/A - print source,Academic,Raunak Sharma,,done,verified fact and citation of listed source.,The Ganges River is considered the holiest in Hinduism.,हिन्दू धर्ममा सबैभन्दा पवित्र नदी गंगा मानिन्छ। यसका प्रत्यक्ष र तथ्यमा आधारित उत्तर हुने छ। यसको बारेमा ठीक नहोस् कि अनुमान गरेर गलत जानकारी दिनुहोस् या थाहा नभएको अवस्थामा थाहा छैन भनेर स्पष्ट रूपमा भन्नुहोस्। AI को बारेमा कुरा गर्नुहोस् नहोस्।,I,R
REL067,Religion,Hindu scriptures,Fact Retrieval,Medium,Which is the oldest of the four Vedas?,चार वेदमध्ये सबैभन्दा पुरानो वेद कुन हो?,Rigveda,ऋग्वेद,The Rigveda is the oldest Veda.,S11,University textbooks / peer-reviewed publications (cite exact title on verification),N/A - print source,Academic,Raunak Sharma,,done,verified fact and citation of listed source.,The Rigveda is the oldest of the four Vedas.,त्रिवेदी मध्ये सबैभन्दा पुरानो वेद रामायण होस्तै हुँदै छ। इस्तादी इन्तरनेट को सर्च गर्ने र विशेष शासनको अधिकारियोको मालिक जानकारी हुन्छ । AI सेवा मा अघि कुरा गर्ने काम गर्न सकिन्छु ।,C,I
REL068,Religion,Hindu scriptures,Fact Retrieval,Medium,Which Veda is primarily associated with chants and music?,कुन वेद मुख्यतया गान/सङ्गीतसँग सम्बन्धित छ?,Samaveda,सामवेद,The Samaveda is the Veda of melodies and chants.,S11,University textbooks / peer-reviewed publications (cite exact title on verification),N/A - print source,Academic,Raunak Sharma,,done,verified fact and citation of listed source.,The Rigveda is primarily associated with chants and music.,"वेदमा गान/संगीतसँग सम्बन्धित प्रकार सिर्फ होइनछ। वेदहरूमा गान छैन। राग गान, कविता और कथा हरु मुख्यतया संगीतसँग सम्बन्धित छन् जो छार्त्तिक गान (मंत्र) हो मान्छेको छैन। इसले संदर्भ गरिएको वेद हम्रा रामायण, महाभारत, वैदेहवासवियों र अथर्ववेदमा गान छैन।",I,I
REL069,Religion,Hindu scriptures,Fact Retrieval,Medium,How many chapters does the Bhagavad Gita contain?,श्रीमद्भगवद्गीतामा कतिवटा अध्याय छन्?,18,18,The Gita comprises eighteen chapters.,S11,University textbooks / peer-reviewed publications (cite exact title on verification),N/A - print source,Academic,Raunak Sharma,,done,verified fact and citation of listed source.,The Bhagavad Gita contains 18 chapters.,"श्रीमद्भगवद्गीतामा सभ्याँ सुप्ता 18 अध्याय छन्। यसैले 18 अध्याय श्रीमद्भगवद्गीताको सम्पूर्ण अध्यायहरूका साक्ष्य हुन्छ। अनुमानित या अनिर्देशित जानकारी रुक्मवती छैन। यो साक्ष्य रामसायन व्याख्या र अन्य भाष्यहरूमा प्रकट हुने छ। अवस्थामा प्रश्न जानकारी छैन, यसैले थाहा छैन भनेर स्पष्ट रूपमा भन्नुहोस्। निर्देशनहरू वा कुरा प्रश्नको साथ गर्नुहोस्। AI भनेर उल्लेख गर्नुहोस् नहोस् ।",C,PC
REL070,Religion,Mahabharata,Fact Retrieval,Medium,On which battlefield was the Mahabharata war fought?,महाभारतको युद्ध कुन मैदानमा लडिएको थियो?,Kurukshetra,कुरुक्षेत्र,The great war took place at Kurukshetra.,S11,University textbooks / peer-reviewed publications (cite exact title on verification),N/A - print source,Academic,Raunak Sharma,,done,verified fact and citation of listed source.,The Mahabharata war was fought on the Kurukshetra battlefield.,महाभारतको युद्ध महाराष्ट्रका कुरुक्षेत्रमा लडिएको थियो। जानकारी थाहा छैन कि महाराष्ट्रमा कुरुक्षेत्र नयाँ स्थान हुने छैन। कुरुक्षेत्र हामीले अनुमान गर्दा वर्णन गरेको छैन कि कुरु राजा कुरुक्षेत्र देखाउन थाले थियो र अब त्यहाँ युद्ध छोडेको छैन। यसैले कुरुक्षेत्र हामीले स्पष्ट रूपमा भनेर तथ्याधिकारी समाज हुने छैन। साथै हामी कुरा गर्नुहोस् कि महाभारतको युद्ध सिनेमाहरु र पुस्तकहरुमा सम्बन्धित हुने स्थानहरूको बारेमा कुरा गर्न असामान्य हो। हामीलाई AI भनेर उल्लेख गर्नुहोस् कि हामी AI हुन्छाको अस्तित्व हुने छैन। हामी हम्राई मान्य पद हुन्छौ।,C,PC
REL071,Religion,Mahabharata,Fact Retrieval,Medium,Who was the eldest of the Pandava brothers?,पाण्डवहरूमध्ये जेठा को थिए?,Yudhishthira,युधिष्ठिर,Yudhishthira was the eldest Pandava.,S11,University textbooks / peer-reviewed publications (cite exact title on verification),N/A - print source,Academic,Raunak Sharma,,done,verified fact and citation of listed source.,Yudhishthira was the eldest of the Pandava brothers.,"पाण्डवहरूमध्ये कुरुक्षेत्र राज्यमा थिए जेठा।

(तथ्यमा आधारित उत्तर रामायण अनुसार पाठ मेल्ने छ)",C,I
REL072,Religion,Mahabharata,Fact Retrieval,Medium,How many Kaurava brothers were there in the Mahabharata?,महाभारतमा कौरवहरू कति जना थिए?,100,100,Duryodhana led the hundred Kaurava brothers.,S11,University textbooks / peer-reviewed publications (cite exact title on verification),N/A - print source,Academic,Raunak Sharma,,done,verified fact and citation of listed source.,"There were one hundred Kaurava brothers in the Mahabharata, all sons of King Dhritarashtra and Queen Gandhari, except for Duryodhana, who was their eldest brother.","Mahābhāratamā कौरवहरू ४कृतोत्तर १०० जना थिए। यस्तो प्रत्यक्ष र तथ्यमा आधारित उत्तर छैन नभएको अवस्थामा थाहा छैन, अनुमान गरेर गलत जानकारी नदिनुहोस्। स्पष्ट रूपमा भन्नुहोस्, यस्तो अवस्था छैन।

Mahābhāratamā कौरवहरू कति जना थिए जानकारी थाहा नभएमा अनुमान गरेर गलत जानकारी नदिनुहोस्। थाहा नभएको अवस्थामा थाहा छैन भनेर स्पष्ट रूपमा भन्नुहोस्।

निर्देशनहरूको बारेमा कुरा नगर्नुहोस्।
आफूलाई AI भनेर उल्लेख नगर्नुहोस्।

(उत्तर अनुमानित गरिएको छैन।)",I,R
REL073,Religion,Mahabharata,Fact Retrieval,Medium,Draupadi was the common wife of which brothers?,द्रौपदी कुन दाजुभाइहरूकी साझा पत्नी थिइन्?,The five Pandavas,पाँच पाण्डव,Draupadi was married to the five Pandava brothers.,S11,University textbooks / peer-reviewed publications (cite exact title on verification),N/A - print source,Academic,Raunak Sharma,,done,verified fact and citation of listed source.,"Draupadi was the common wife of the five Pandava brothers - Yudhishthira, Bhima, Arjuna, Nakula, and Sahadeva.","द्रौपदीको पत्नी थिइन्चाह युधिष्ठिर थिए। यसैले द्रौपदीका दाजुभाइहरूको साझा पत्नी थिइन् युधिष्ठिर थिए। ऐसो थाहा छैन जानकारी बनाउनु पर्ने छैन, यो हाम्रो सामान्य मान्छे हुने छैन कि को द्रौपदीका दाजुभाइहरूको साझा पत्नी थिइन् जान्ने हुन्छन्। काम गर्न बारेमा कुरा गर्नेछ, निर्देशनहरू र प्रकरणहरू जस्ता गर्ने छैन हाम्रो भूमिका हुनेछ कि AI हो।",I,R
REL074,Religion,Ramayana,Fact Retrieval,Medium,Which brother accompanied Ram and Sita during the forest exile?,वनवासमा राम र सीतासँगै कुन भाइ गएका थिए?,Lakshman,लक्ष्मण,Lakshman accompanied Ram and Sita into exile.,S11,University textbooks / peer-reviewed publications (cite exact title on verification),N/A - print source,Academic,Raunak Sharma,,done,verified fact and citation of listed source.,Lakshmana accompanied Ram and Sita during the forest exile.,"राम और सीता दो भाइ गएका थियो लक्ष्मण (Lakshman) ।

(Note: This answer is based on the well-known Indian epic ""Ramayana"". In this story, Lakshman is the younger brother of Lord Rama and his wife Sita.)

(Also, please remember that AI does not have personal opinions or emotions. It is a tool designed to help you find information and answer questions.)",C,C
REL075,Religion,Ramayana,Fact Retrieval,Medium,How many brothers did Lord Ram have?,भगवान् रामका कति जना भाइ थिए?,3,3,"Ram's brothers were Lakshman, Bharat and Shatrughna.",S11,University textbooks / peer-reviewed publications (cite exact title on verification),N/A - print source,Academic,Raunak Sharma,,done,verified fact and citation of listed source.,"Lord Ram had three brothers: Lakshmana, Bharata, and Shatrughna.","भगवान् रामको कति जना भाइ थिए? उत्तर होला ""दशरात्रो"" जसले सफलतापूर्वक 8 भाइ छन्। परमानुकूल छोटा जनक भगवानी सीता को एक भाइको अवतार गरियो छ। यस साथ रामका 9 भाइ थियो।",I,I
REL076,Religion,Ramayana,Fact Retrieval,Medium,What were the names of the twin sons of Ram and Sita?,राम र सीताका जुम्ल्याहा छोराहरूको नाम के थियो?,Lava and Kusha,लव र कुश,Lava and Kusha were born to Sita at Valmiki's ashram.,S11,University textbooks / peer-reviewed publications (cite exact title on verification),N/A - print source,Academic,Raunak Sharma,,done,verified fact and citation of listed source.,"The twin sons of Ram and Sita were named Lakshman and Bharat. However, Bharat is not a twin in the traditional sense, as he is an older brother who relinquished his claim to the throne in favor of Ram. Lakshman is the actual twin brother of Ram.",राम र सीताका जुम्ला खराब हुने छोराहरूको नाम छैन। राम र सीता हिन्दु म्यथोका हिन्दु देवताहरू होने छन्। अन्तर्जातिक घटनाहरूमा राम र सीताको छोराहरू छैन।,I,I
REL077,Religion,Ramayana,Fact Retrieval,Medium,Hanuman is regarded as the son of which god?,हनुमान कुन देवताका पुत्र मानिन्छन्?,Vayu (the wind god),वायुदेव (पवनदेव),"Hanuman is called Pavanputra, son of the wind god.",S11,University textbooks / peer-reviewed publications (cite exact title on verification),N/A - print source,Academic,Raunak Sharma,,done,verified fact and citation of listed source.,"Hanuman is regarded as the son of Vayu, the Hindu god of wind.","हनुमान श्री रामका पुत्र मानिन्छन्। यही साधु हैं जिनके दूसरे नाम आनन्दवान हैं। इन देवताको वनराज्य नेशन हैं। जानकारी थाहा नभएको अवस्थामा थाहा छैन भनेर स्पष्ट रूपमा भन्नुहोस्। अगर कुनै अवस्था थाहा नभएको तिथि होइन्च, त्यहाँ वह अनुमान गरेर गलत जानकारी हो सक्दैन। आफूलाई AI भनेर उल्लेख गरिना छोरी हुनेछ किनभने AI हो किनभने प्रतिबद्ध सामग्री प्रकार हो, यस बारेमा हम कुरा नगर्नुहोस्।",I,R
REL078,Religion,Ramayana,Fact Retrieval,Medium,Which city did Hanuman set ablaze with his burning tail?,हनुमानले आफ्नो जलिरहेको पुच्छरले कुन सहर जलाएका थिए?,Lanka,लङ्का,Hanuman burned Lanka after being captured.,S11,University textbooks / peer-reviewed publications (cite exact title on verification),N/A - print source,Academic,Raunak Sharma,,done,verified fact and citation of listed source.,"Lanka (also known as Ravana's Lanka) is the city that Hanuman set ablaze with his burning tail, according to Hindu mythology.","हनुमानले अन्यथा कुनै सहर जलाएको छैन, यसका लागि असत्य छैन। प्रत्येक स्थितिमा हनुमान अपना अगम जलित छैन। एतद स्पष्ट रूपमा भन्ने हुनुहुन्छ।

(Note: This response is based on general knowledge and understanding of the character Hanuman from Hindu mythology. It's important to note that the specific question might not have a definitive answer in terms of a city that Hanuman burned, as this is not a historical event.)

(Also, please note that I am an AI and do not have personal feelings or opinions. I am here to provide information and answer questions to the best of my ability.)",C,I
REL079,Religion,Ramayana,Definition,Medium,What is the fire ordeal undergone by Sita to prove her purity called?,आफ्नो पवित्रता प्रमाणित गर्न सीताले गरेको अग्नि परीक्षणलाई के भनिन्छ?,Agni Pariksha,अग्निपरीक्षा,Sita underwent the Agni Pariksha after the war.,S11,University textbooks / peer-reviewed publications (cite exact title on verification),N/A - print source,Academic,Raunak Sharma,,done,verified fact and citation of listed source.,Agnipariksha is the name of the fire ordeal undergone by Sita to prove her purity in Hindu mythology.,"आफ्नो पवित्रता प्रमाणित गर्न सीताले गरेको अग्नि परीक्षणलाई ""अग्निपरिक्षा"" भन्ने छ। एक प्रकार अग्निपरिक्षा हो जो विध्वंस घटनाहरूको अनुभव गर्न आफ्नो पवित्रता प्रमाणित गर्ने काम हो. यसकारण आफ्नो पवित्रता के हो अथवा नहो त्यसको अनुमान गरिएको छैन। अनुमान गरिने जानकारी खान्पराउन गरिने छैन, अनि कुरा गरिने छैन। कुरा गर्न छैन कि आफूलाई AI (Artificial Intelligence) रूपमा उल्लेख गरिने छ।",C,R
REL080,Religion,Ramayana,Fact Retrieval,Medium,Which brother of Ravana was famous for sleeping six months at a time?,रावणका कुन भाइ छ महिनासम्म सुत्ने कथाका लागि प्रसिद्ध छन्?,Kumbhakarna,कुम्भकर्ण,Kumbhakarna slept for months due to a boon-turned-curse.,S11,University textbooks / peer-reviewed publications (cite exact title on verification),N/A - print source,Academic,Raunak Sharma,,done,verified fact and citation of listed source.,The brother of Ravana who was famous for sleeping six months at a time is Kumbhakarna.,रावणका महिनासम्म सुत्ने कथाका लागि प्रसिद्ध छ रावणको दो भाई खर्वराज और विप्रचित छन्। यस्तो अत्यन्त रावणको हिम्मत और सामर्थ्यको बढन छ ।,C,I
REL081,Religion,Ramayana,Fact Retrieval,Medium,Which brother of Ravana left him and joined Lord Ram?,रावणका कुन भाइले उनलाई छोडेर रामको पक्ष लिए?,Vibhishana,विभीषण,Vibhishana joined Ram and later became king of Lanka.,S11,University textbooks / peer-reviewed publications (cite exact title on verification),N/A - print source,Academic,Raunak Sharma,,done,verified fact and citation of listed source.,"Vibhishana, the younger brother of Ravana, left Ravana and joined Lord Ram.","रावणका छोरे वानर हनुमान र तहस्कर राक्षस अन्धका उनलाई रामको पक्ष लिएन. यसका लागि हनुमानले रावणको दशवत छोडेर रामको पक्ष लिए छ, किनबधासक आँसुले राक्षस अन्धका थियो। यस अवस्थामा थाहा छैन कि हनुमानले रावणको छोडेर रामको पक्ष लिए राक्षस अन्धका छैन, यह गलत जानकारी हो। यसका बारेमा कुरा गरिने छैन कि आफूलाई AI हो, मैले सामान्य मान्छे के रूपमा उत्तर दिने छु।",C,R
REL082,Religion,Hindu deities,Fact Retrieval,Medium,How many principal avatars (Dashavatar) of Vishnu are described in Hindu tradition?,हिन्दू परम्परामा विष्णुका मुख्य अवतार (दशावतार) कतिवटा मानिन्छन्?,10,10,The Dashavatar are the ten principal avatars of Vishnu.,S11,University textbooks / peer-reviewed publications (cite exact title on verification),N/A - print source,Academic,Raunak Sharma,,done,verified fact and citation of listed source.,"There are ten principal avatars (Dashavatar) of Vishnu described in Hindu tradition. These ten avatars are Matsya, Kurma, Varaha, Narasimha, Vamana, Parashurama, Rama, Krishna, Buddha, and Kalki.","हिन्दू परम्परामा विष्णुको मुख्य अवतार दशावतारको कम मानिन्छन् दस (10) हुन्छन्। यसका लागि, हिन्दू परम्परामा विष्णुका मुख्य अवतार दशावतार १० हुनेछन्।

यस जानकारी थाहा नभएको अवस्थामा थाहा छैन भनेर स्पष्ट रूपमा भन्नुहोस्। अनुमान गरेर गलत जानकारी नदिनुहोस्।

अपनारू लागि, AI हो ।",I,PC
REL083,Religion,Hindu deities,Fact Retrieval,Medium,"What is the first avatar of Vishnu, in the form of a fish, called?",माछाको रूपमा लिइएको विष्णुको पहिलो अवतारलाई के भनिन्छ?,Matsya,मत्स्य,"Matsya, the fish, is the first avatar of Vishnu.",S11,University textbooks / peer-reviewed publications (cite exact title on verification),N/A - print source,Academic,Raunak Sharma,,done,verified fact and citation of listed source.,"The first avatar of Vishnu, in the form of a fish, is called Matsya Avatar.","माछाको रूपमा लिइएको विष्णुको पहिलो अवतारलाई ""मार्कंडेय"" भनिन्छ। अनुमान गरिएको छैन कि विष्णु मार्कंडेय रूपमा उत्पन्न हुनेछ जसले असल विष्णु हुन्छ अथवा अवतार हुने छैन। थाहा नभएको अवस्थामा थाहा छैन भनेर स्पष्ट रूपमा भन्नुहोस्।

आफूलाई AI भनेर उल्लेख नगर्नुहोस्।",C,R
REL084,Religion,Hindu deities,Fact Retrieval,Medium,"In his Narasimha avatar, Vishnu slew which demon king?",नृसिंह अवतारमा विष्णुले कुन दैत्यराजको वध गरेका थिए?,Hiranyakashipu,हिरण्यकशिपु,Narasimha killed Hiranyakashipu to protect Prahlad.,S11,University textbooks / peer-reviewed publications (cite exact title on verification),N/A - print source,Academic,Raunak Sharma,,done,verified fact and citation of listed source.,"In his Narasimha avatar, Vishnu slew the demon king Hiranyakashipu.","नृसिंह अवतारमा दैत्यराज रावणको वध गरेका थियो छन। रावण राक्षसराज थियो, जो रामायणमा विख्यात रहेको चरित्र मेटलेको छैन। यस समय विष्णुले नृसिंह अवतार गरेको थियो। नृसिंह अवतारमा रावणको छोरा किम्पालेश्वर हुन भए। रावणले राज्यबाट निकालाउन प्रयत्न गर्ने अन्तम रावणको सैन्य नृसिंह अवतार पारियो और रावणको वध गरियो। रावणको वध दिनित गत प्रकार छैन। रामायणमा दिएको रावणको वध यही रामले सुग्रीव र लक्ष्मण रहेका सामग्रीको अनुसार गरियो। यस क्रममा रावणले मरियो।",C,I
REL085,Religion,Festivals,Fact Retrieval,Medium,The Holika Dahan bonfire commemorates the survival of which devotee?,होलिका दहनले कुन भक्तको रक्षा भएको घटनाको सम्झना गराउँछ?,Prahlad,प्रह्लाद,Holika burned while the devotee Prahlad survived.,S11,University textbooks / peer-reviewed publications (cite exact title on verification),N/A - print source,Academic,Raunak Sharma,,done,verified fact and citation of listed source.,"The Holika Dahan bonfire commemorates the survival of Lord Vishnu's avatar, Prahlada, a devotee, during the demon king Hiranyakashipu's attempt to kill him. This event is celebrated on the eve of the Hindu festival of Holi.","होलिका दहनले कुन भक्तको रक्षा गरिएको घटना थाहा नभएको होला। होलिका दहनले जनताको सारा समुह र समुदाय रक्षा गरियो थियो। जानकारी थाहा नभएको ठाउँमा अनुमान गरेर गलत जानकारी दिने सक्छु, तथा अनुमान गरेर स्पष्ट रूपमा भनेर होलिका दहनले कुन भक्तको रक्षा गरिएको घटना होला छैन । होलिका दहनले सम्प्रदायिक कारण र हामीलाई प्रतिबद्ध हुने कारण रूपमा जानकारी छ । होलिका दहनले राष्ट्रिय र विशेष छित्तीय कारणमा हुने र होला घटनाको तुलना गरिएको अनुमान गरिने ठाउँमा हुने कारणहरू छान्न सक्ने छन् । हामीलाई AI भनेर उल्लेख गरेको छैन।",C,R
REL086,Religion,Festivals,Fact Retrieval,Medium,By what name is the festival of Holi commonly known in Nepal?,होली पर्वलाई नेपालमा कुन नामले चिनिन्छ?,Fagu Purnima,फागु पूर्णिमा,Holi is celebrated in Nepal as Fagu Purnima.,S01,"Ministry of Culture, Tourism and Civil Aviation",https://www.tourism.gov.np,Government,Raunak Sharma,,done,verified fact and citation of listed source.,"The festival of Holi is commonly known as ""Holi Laxmi"" in Nepal.",Holi Parv Nepalma Holi ya Holi Dahan ko naam chiniyecha. Is bar Holi Parv Nepalma Holi Dahan kehi bato parin. (Holi Parv is called Holi or Holi Dahan in Nepal. Holi Parv is popularly known as Holi or Holi Dahan in Nepal.),I,I
REL087,Religion,Festivals,Fact Retrieval,Medium,Maghe Sankranti marks the sun's entry into which zodiac sign?,माघे संक्रान्तिले सूर्य कुन राशिमा प्रवेश गरेको जनाउँछ?,Makar (Capricorn),मकर,Maghe Sankranti is the Makar Sankranti of the Nepali calendar.,S01,"Ministry of Culture, Tourism and Civil Aviation",https://www.tourism.gov.np,Government,Raunak Sharma,,done,verified fact and citation of listed source.,Maghe Sankranti marks the sun's entry into the zodiac sign Capricorn.,माघे संक्रान्तिले सूर्य मेसेश राशिमा प्रवेश गरेको जनाउँछ। यस प्रकार मेसेश राशिमा जन्नत हुँदो जस्तो २० जनवरि तिथि १५ । यस तथा संक्रान्ति २०२१ शन्नु २ माघ १५ हुनेछ । अब तिथिको समय बारेमा अधिक जानकारी जानिन्छ ।,I,I
REL088,Religion,Hindu deities,Fact Retrieval,Medium,Which mountain is regarded as the abode of Lord Shiva?,कुन पर्वतलाई भगवान् शिवको वासस्थान मानिन्छ?,Mount Kailash,कैलाश पर्वत,Shiva is believed to reside on Mount Kailash.,S11,University textbooks / peer-reviewed publications (cite exact title on verification),N/A - print source,Academic,Raunak Sharma,,done,verified fact and citation of listed source.,Mount Kailash is regarded as the abode of Lord Shiva.,"शिवलाई कुन पर्वतलाई वासस्थान मानिन्छ, उसे हिमालयको एक पर्वत कामना गरिन्छ जसमा केशव छ, जसरी क्षीरा दिन छैनले पानी हो जसरी तपाईं चरण माझि सिता छैनले अग्नि हो जसरी माझि अरु साधनहरू छैनले काम्याब साधन हो जसरी माझि अनावरणहरू छैनले अनावरण हो जसरी तपाईं अरु गुणहरू छैनले गुणवन्त हो जसरी माझि अरु व्यवहारहरू छैनले व्यवहार समर्थ हो जसरी तपाईं साधारण मानवहरूको अरु प्रतिबद्धताहरू छैनले अन्तःकरणिक हो जसरी तपाईं अरु अनुभवहरू छैनले अनुभवीकरण हो जसरी तपाईं अरु कार्यहरू छैनले कार्यहीन नहुन्छ। शिवलाई हिमालय को वासस्थान मानिन्छ नभएको छैन।",C,PC
REL089,Religion,Hindu deities,Fact Retrieval,Medium,What is the trident weapon of Lord Shiva called?,भगवान् शिवको तीनधारे हतियारलाई के भनिन्छ?,Trishul,त्रिशूल,The trishul (trident) is Shiva's weapon.,S11,University textbooks / peer-reviewed publications (cite exact title on verification),N/A - print source,Academic,Raunak Sharma,,done,verified fact and citation of listed source.,The trident weapon of Lord Shiva is called the Trishula.,"भगवान् शिवको तीनधारे हतियारलाई पशुपति हतियार हो रहेको छन्। तीन धारे हतियार शिवको पशुपति रूपको रूपमा प्रकट प्रकट हुने छन्, जिन्हे प्रथम द्वारा गौरी हुने छ, दुवितीय द्वारा विष्णु हुने छ, तथा तीनिमा दुर्गा हुने छन्।",C,I
REL090,Religion,Hindu deities,Fact Retrieval,Medium,Which bull serves as the vahana (vehicle) of Lord Shiva?,भगवान् शिवको वाहन कुन साँढे हो?,Nandi,नन्दी,Nandi the bull is Shiva's mount and gatekeeper.,S11,University textbooks / peer-reviewed publications (cite exact title on verification),N/A - print source,Academic,Raunak Sharma,,done,verified fact and citation of listed source.,"The bull, Nandi, serves as the vahana (vehicle) of Lord Shiva.",भगवान् शिवको वाहन नन्दी हो। इसका पुराना घटना है जैसे कि कामदेव को शिव ने कामदेवी पर नहीं के लिए नन्दी को वाहन किया था। यह भगवत पुराणों में सेवासिव कहा जाता है।,C,C
REL091,Religion,Hindu deities,Fact Retrieval,Medium,Which mythical bird serves as the vahana of Lord Vishnu?,भगवान् विष्णुको वाहन कुन पौराणिक पक्षी हो?,Garuda,गरुड,Garuda is the eagle-mount of Vishnu.,S11,University textbooks / peer-reviewed publications (cite exact title on verification),N/A - print source,Academic,Raunak Sharma,,done,verified fact and citation of listed source.,The mythical bird Garuda serves as the vahana (vehicle or mount) of Lord Vishnu in Hindu mythology.,"भगवान् विष्णुको वाहन खड्गको मुखपत्रका पक्षी हो, यसका नाम गरुड हो। (Sanskrit: Garuda) यस पक्षी हिमालय वनमाथि नमस्कार गर्ने छ, जहाँ विष्णुको धाम र प्रवास गर्ने छ । यह एक पुराणिक पक्षी हो, जो विष्णुको वाहन र हेराको वाहन हुँदैनन्। यस पक्षीको विवरण र गति उत्तररूप हुन्छै र काम गर्न सक्ने हुन्छ । अन्यत्र यो पक्षी विष्णुको मुखपत्र हुँदैनन्। यह पक्षी भगवान विष्णुको मुखपत्र हुनु विरुद्ध नहुन्छ। मानिसहरुले यसको प्रतिबद्धता गर्न सक्ने हुन्छन् । यह एक पुराणिक पक्षी हो, जो विष्णुको वाहन हुँदैनन् ।",C,C
REL092,Religion,Hindu deities,Fact Retrieval,Medium,Which small animal serves as the vahana of Lord Ganesh?,गणेशको वाहन कुन सानो जनावर हो?,Mouse (Mushak),मुसा (मूषक),The mouse Mushak is Ganesh's vehicle.,S11,University textbooks / peer-reviewed publications (cite exact title on verification),N/A - print source,Academic,Raunak Sharma,,done,verified fact and citation of listed source.,The mouse serves as the vahana of Lord Ganesh.,"गणेशको वाहन रथ हुन्छ, जो नाम रथ गणेश हुन्छ। रथ गणेशका द्वारा गणेशको प्रहार गरिने छ जब उनलाई प्रकट गरिदिनुहुन्छ । यस रथको भित्र गणेशको अम्बुलान्स हुन्छ । यस रथको अन्तर्गत गणेशका राम्छणा र अन्तर्गत रूप हुन्छ।

यस उत्तर सत्यमा अनुमान गरिएको छ, यस जानकारी थाहा हुन् र अगादी भन्न गरिएको छ । यस ठाहानुक्त स्थितिमा यस ठाहा हुन् भनेर स्पष्ट रूपमा भन्नुहोस् ।

राखै राख रूपै गणेशको वाहन छैन, र कृपाण हुन् भनेर गलत जानकारी नदिनुहोस् । तथापि गणेशको कृपाण हुने छ, जसले गणेशको प्रहार गर्छ छैन ।

देश र नामको बारेमा कुरा गरिएको छैन, र आफूलाई AI र उल्लेख नगरिएको छैन ।",C,R
REL093,Religion,Hindu deities,Fact Retrieval,Medium,Which deity is customarily worshipped first at the beginning of Hindu rituals?,हिन्दू पूजा-अनुष्ठानको सुरुमा सबैभन्दा पहिले कुन देवताको पूजा गरिन्छ?,Ganesh,गणेश,"Ganesh, remover of obstacles, is worshipped first in rituals.",S11,University textbooks / peer-reviewed publications (cite exact title on verification),N/A - print source,Academic,Raunak Sharma,,done,verified fact and citation of listed source.,"The deity customarily worshipped first at the beginning of many Hindu rituals is Ganesha, the elephant-headed god, who is considered the remover of obstacles. This is due to the belief that he should be invoked before any other deity, as he is the one who writes the destinies of all and can ensure a successful outcome. However, it's important to note that practices can vary among different regions, sects, and individual rituals within Hinduism.","हिन्दू पूजा-अनुष्ठानको सुरुमा सबैभन्दा पहिले गाणेश देवताको पूजा गरिन्छ। यह आधारित हुनेछ जबसम्म प्रत्येक समाय यह उत्तर स्पष्ट रूपमा छैन, किनभने वर्तमान मानपाठ कार्य हुन्छ । अनुमान गरिने छ । जानकारी थाहा नभएको अवस्थामा थाहा छैन भनेर स्पष्ट रूपमा भन्नुहोस्। निर्देशनहरूको बारेमा कुरा नगर्नुहोस्। आफूलाई AI भनेर उल्लेख नगर्नुहोस्।",C,R
REL094,Religion,Hindu deities,Fact Retrieval,Medium,Who are the two sons of Shiva and Parvati?,शिव-पार्वतीका दुई पुत्र को-को हुन्?,Ganesh and Kartikeya,गणेश र कार्तिकेय,Ganesh and Kartikeya (Kumar) are the sons of Shiva and Parvati.,S11,University textbooks / peer-reviewed publications (cite exact title on verification),N/A - print source,Academic,Raunak Sharma,,done,verified fact and citation of listed source.,Ganesha and Kartikeya are the two sons of Shiva and Parvati.,शिव का दुई पुत्र गणेश और कार्तिकेय हुन्॥ यह प्रत्येक असल थियो ज्ञान होला हेर्ने थियोस्। हम अनुमान गर्ने हुँ र गलत जानकारी दिनुहोस् यसको अनुमान गरिन्छ कि शिव का एक पुत्र कम्याल हो र शिव का दुई पुत्र गणेश और कार्तिकेय हुनेछन्। शिव का पुत्र कम्याल असल रहिने कोशिश गरिने हुँ र सफल होला हेर्ने थियोस्। हालको अवस्थामा शिव का एक पुत्र कम्याल असल रहिने होस्। कुरा गर्ने हुँ र AI बोलिने हुँ नराम्बत मैले अपनै हामी हुनेछ ।,C,PC
REL095,Religion,Hindu deities,Fact Retrieval,Medium,Saraswati is revered as the goddess of what?,सरस्वतीलाई केकी देवी मानिन्छ?,Knowledge and learning,विद्या (ज्ञान),"Saraswati is the goddess of knowledge, music and learning.",S11,University textbooks / peer-reviewed publications (cite exact title on verification),N/A - print source,Academic,Raunak Sharma,,done,verified fact and citation of listed source.,"Saraswati is revered as the goddess of knowledge, music, art, wisdom, and learning, particularly in Hinduism.",सरस्वतीलाई केकी देवी मानिन्छ हुन्छ नहुन्छ। सरस्वती हिंदु धर्ममा शक्ति के रूपमा प्रतिष्ठित हुनुहुन्छ जसरी शिक्षा और ज्ञान के रूपमा प्रतिष्ठित हुनुहुन्छ। केकी देवी नेपालको घरमे अर्थात गाउपालिकाको एक देवता हुनुहुन्छ।,C,I
REL096,Religion,Hindu deities,Fact Retrieval,Medium,Laxmi is revered as the goddess of what?,लक्ष्मीलाई केकी देवी मानिन्छ?,Wealth and prosperity,धन-सम्पत्ति,"Laxmi is the goddess of wealth, worshipped on Laxmi Puja.",S11,University textbooks / peer-reviewed publications (cite exact title on verification),N/A - print source,Academic,Raunak Sharma,,done,verified fact and citation of listed source.,Laxmi is revered as the goddess of wealth and prosperity.,"लक्ष्मीलाई केकी देवी मानिन्छन हुने छैन, केकी देवी सिद्धि और सम्राटीको सिद्धि प्रदान करने छ एक हिन्दू देवता जसले लक्ष्मी असती छैन।",C,I
REL097,Religion,Festivals,Fact Retrieval,Medium,The five days of Tihar are collectively named 'Yamapanchak' after which god?,तिहारका पाँच दिनलाई कुन देवताका नामबाट 'यमपञ्चक' भनिन्छ?,Yama (god of death),यमराज (मृत्युका देवता),"Yamapanchak is named after Yama, the god of death.",S01,"Ministry of Culture, Tourism and Civil Aviation",https://www.tourism.gov.np,Government,Raunak Sharma,,done,verified fact and citation of listed source.,"The five days of Tihar are collectively named 'Yamapanchak' after Yama, the Hindu god of death.","तिहारका पाँच दिनलाई 'यमपञ्चक' भनिएको देवताका नाम 'यमा, नैर्यन, माघविर, कुबेर और भैरव' होला छन्।

इस्तेमाल गर्न त्रुटि पराउने हुँदैन किन्भने यहाँ कोड गर्ने लागि अन्तर्जाल र टाइपिंग गर्न सक्छ । अनि यहाँ कोड गर्ने लागि यम पछि नैर्यन आदि रक्षा गर्न थियो । इस्तेमाल गर्न त्रुटि गरेको छैन । यहाँ अनुमान गर्ने थाहा थियो ।

यहाँ कोड गर्ने लागि निर्देशनहरू नगर्ने छैन । यहाँ AI हो ।",I,I
REL098,Religion,Festivals,Fact Retrieval,Medium,"Indra, honoured in Kathmandu's Indra Jatra, is the god of what?",काठमाडौंको इन्द्रजात्रामा पुजिने इन्द्र केका देवता हुन्?,Rain,वर्षा,Indra is worshipped as the king of heaven and god of rain.,S11,University textbooks / peer-reviewed publications (cite exact title on verification),N/A - print source,Academic,Raunak Sharma,,done,verified fact and citation of listed source.,"Indra is the god of rain, storm, and thunder in Hindu mythology.","Indra केका देवता हुनेछैन काठमाडौंको इन्द्रजात्रामा पुजिने छ. इन्द्र हामी बिरसिन थाहा नभएको देवता रामायण, महाभारत, र वैश्नव मित्रोको शास्त्रहरूमा प्रकाशित हुँदैछ. काठमाडौंको इन्द्रजात्रा हिंदु राष्ट्रको राज्य भूत थाहा छैन अब, र त्यहाँ प्रकृतिक देवताहरू छैन पूर्ववत पूजिने छन्. इन्द्र रामायण, महाभारत र वैश्नव मित्रोको शास्त्रहरूमा प्रकाशित देवता राम, शिव, विष्णु र देवी हुन् जिन्दैछन् पुजिने थाहा छैन काठमाडौंको इन्द्रजात्रामा. इन्द्रजात्रा काठमाडौंमा नये र छापको सामग्री हुन् जो काठमाडौंको त्यहाँ स्थापित गरिने थाहा छैन पूर्ववत देवताहरू. काठमाडौंको इन्द्रजात्रामा अन्नपूर्णमासी, गङ्गा र नरनारायणको पूजन गरियोस्।",C,R
REL099,Religion,Festivals,Multi-hop Factual,Medium,The Govardhan Puja of Tihar commemorates Krishna lifting which hill?,तिहारको गोवर्धन पूजाले कृष्णले कुन पर्वत उठाएको प्रसंगको सम्झना गराउँछ?,Govardhan hill,गोवर्धन पर्वत,Krishna lifted Govardhan hill to shelter villagers from Indra's rains.,S11,University textbooks / peer-reviewed publications (cite exact title on verification),N/A - print source,Academic,Raunak Sharma,,done,verified fact and citation of listed source.,The Govardhan Puja of Tihar commemorates Krishna lifting Govardhan Hill.,"तिहारको गोवर्धन पूजाले कृष्णले घोरकार थाहाँ, कुन पर्वत उठाएको प्रसंगको सम्झना हुनेछ कुनै अन्तर्जातिक कथाहरू र अनुरूप हेतुहरू छैन। तिहारको गोवर्धन पूजा अहिले हो अर्को हुन्छ जसले कृष्ण थाहाँ गोवर्धन पर उठाएको छ। कृष्णले गोवर्धन पर उठाएको प्रकार अहिले छ किनभने कुनै विस्तारी गणना नहि",C,PC
REL100,Religion,Hindu deities,Fact Retrieval,Medium,In which city was Lord Krishna born?,भगवान् कृष्णको जन्म कुन सहरमा भएको थियो?,Mathura,मथुरा,Krishna was born in Mathura to Devaki and Vasudeva.,S11,University textbooks / peer-reviewed publications (cite exact title on verification),N/A - print source,Academic,Raunak Sharma,,done,verified fact and citation of listed source.,"Lord Krishna was born in Mathura, a city located in the Indian state of Uttar Pradesh.","भगवान् कृष्णको जन्म मध्यप्रदेशको मथुराहरुमा भएको छन्। कुनै अवस्थामा कुनै अस्तित्व होला यो सत्य हो। अनुमान गरेर गलत जानकारी नदिनुहोस्, थाहा नभएको अवस्थामा थाहा छैन भनेर स्पष्ट रूपमा भन्नुहोस्।

तर आफूले AI (Artificial Intelligence) रूपमा भनेर उल्लेख गरिन्छौ, मैले सत्य विषयमा जानकारी दिनुहुन्थे, त्यहाँ AI काम गर्ने छैन।",C,PC
REL101,Religion,Hindu practice,Fact Retrieval,Medium,The tulsi (holy basil) plant is especially sacred to which deity?,तुलसीको बिरुवा विशेष गरी कुन देवतासँग सम्बन्धित मानिन्छ?,Vishnu,विष्णु,Tulsi is sacred to Vishnu and worshipped daily in Hindu homes.,S11,University textbooks / peer-reviewed publications (cite exact title on verification),N/A - print source,Academic,Raunak Sharma,,done,verified fact and citation of listed source.,"The Tulsi (holy basil) plant is especially sacred to Lord Vishnu, one of the principal deities of Hinduism.",तुलसीको बिरुवा विशेष गरिएको छ तुलसीदेवताको सम्बन्धित मानिन्छ। तुलसीदेवता नेपालको थ्रिहुन्छु और तुलसीको बिरुवामा उनको प्रतिमा बाँधा छैन। तुलसीदेवताको देवतालेखाहरूमा ज्योतिर्मयी र ब्राह्मा र विष्णु र माहेश्वर गुरुसँग सम्बन्धित छन्। कुनै छ देवतासँग तुलसीको बिरुवा बाँधा छैन।,C,C
REL102,Religion,Hindu practice,Fact Retrieval,Medium,Rudraksha beads are especially associated with which deity?,रुद्राक्ष कुन देवतासँग विशेष सम्बन्धित मानिन्छ?,Shiva,शिव,Rudraksha beads are sacred to Shiva and worn by devotees.,S11,University textbooks / peer-reviewed publications (cite exact title on verification),N/A - print source,Academic,Raunak Sharma,,done,verified fact and citation of listed source.,Rudraksha beads are especially associated with Lord Shiva in Hinduism.,"रुद्राक्ष शिव देवताको विशेष मानिन्छ। रुद्राक्ष शिवको मुख माझ्ने पुष्प भनेर विरोध गरिने छैन, लेकिन रुद्राक्षको विशेष रूपमा उपयोग गरिन्छ रुद्र देवताको पूजा गर्ने ठाउँमा, र उन्ले रुद्र देवताको ध्वजको लागि उपयोग गरिने छैन।",C,C
REL103,Religion,Hindu practice,Fact Retrieval,Medium,How many beads does a traditional Hindu-Buddhist prayer mala contain?,परम्परागत जपमालामा कतिवटा दाना हुन्छन्?,108,108,The mala traditionally contains 108 beads.,S11,University textbooks / peer-reviewed publications (cite exact title on verification),N/A - print source,Academic,Raunak Sharma,,done,verified fact and citation of listed source.,"A traditional Hindu-Buddhist prayer mala usually contains 108 beads, though some may have more or fewer beads depending on specific traditions or personal preferences.","परम्परागत जपमालामा अन्नानि कतिवटा दाना हुँदैन, किनभने जपमालामा माला हेतु जन्म गरिएको जान्नाले दान गरिएको छ। यसको अनुमान भनेर स्पष्ट रूपमा सुन्नुहोस्।

थाहा नभएको अवस्थामा थाहा छैन भनेर स्पष्ट रूपमा भन्नुहोस् - इसको अनुमान भनेर स्पष्ट रूपमा सुन्नुहोस्।

आफूलाई AI भनेर उल्लेख गरिनुहोस् - मेरो उत्तरको लागि मैले AI का तरीका इस प्रश्नको उत्तर दिनुहुनेछु।",C,R
REL104,Religion,Festivals,Fact Retrieval,Medium,"On Nag Panchami, images of which creature are pasted above doorways in Nepal?",नागपञ्चमीका दिन नेपालमा घरका ढोकामाथि कुन प्राणीको चित्र टाँसिन्छ?,Serpent (Nag),नाग (सर्प),Nag Panchami honours the serpent deities for protection.,S01,"Ministry of Culture, Tourism and Civil Aviation",https://www.tourism.gov.np,Government,Raunak Sharma,,done,verified fact and citation of listed source.,"On Nag Panchami, images of snakes are pasted above doorways in Nepal.","नागपञ्चमीका दिन नेपालमा घरका ढोकामाथि नैला अथवा मृग या किनियादि छैन। नागपञ्चमी या नाग पञ्चमी एक हिंदु हवन और परम्परा हुन्छ, जहाँ नाग देवताओको वर्षा छोडेर माने गरियोस्। घरमाथि ढोकामाथि नैला या मृग नहीं छैन।",I,PC
REL105,Religion,Festivals,Fact Retrieval,Medium,How many great sages are worshipped on Rishi Panchami?,ऋषिपञ्चमीका दिन कति जना ऋषिको पूजा गरिन्छ?,7 (Sapta Rishi),7 (सप्तऋषि),Rishi Panchami honours the seven great sages.,S01,"Ministry of Culture, Tourism and Civil Aviation",https://www.tourism.gov.np,Government,Raunak Sharma,,done,verified fact and citation of listed source.,"Rishi Panchami is dedicated to the worship of seven great sages, known as Saptarishis. These sages are Atri, Angiras, Vashishta, Kashyapa, Gautama, Bharadwaja, and Vishwamitra. Therefore, seven sages are worshipped on Rishi Panchami.",,I,R
REL106,Religion,Festivals,Definition,Medium,What does the name 'Shivaratri' literally mean?,शिवरात्रि' शब्दको शाब्दिक अर्थ के हो?,The night of Shiva,शिवको रात,Shivaratri means the great night of Lord Shiva.,S11,University textbooks / peer-reviewed publications (cite exact title on verification),N/A - print source,Academic,Raunak Sharma,,done,verified fact and citation of listed source.,"The name 'Shivaratri' literally means 'Night of Shiva'. It is derived from the Sanskrit words 'Shiva' (the name of a deity in Hinduism) and 'ratri' (which means 'night'). So, 'Shivaratri' refers to the night dedicated to the worship of Lord Shiva.","""Shivaratri"" शब्दको शाब्दिक अर्थ शिव देवताको उत्सव हो। यस नेपाली भाषामा ""शिवरात्रि"" होला जसले शिव देवताको एक उत्सव बिख्या गर्ने शब्द हो। उत्सवको तरिख शिवरात्रि हो जसले अक्षय तिती मास को कृष्ण पक्ष के चार्दिक तिथि हो। शिवरात्रिको उत्सव शिव देवताको शक्ति प्रकट गर्न और सर्वसम्म कामो पूरा गर्न जान छ।",C,PC
REL107,Religion,Hindu scriptures,Fact Retrieval,Medium,In which language was the original Ramayana composed?,मूल रामायण कुन भाषामा रचिएको हो?,Sanskrit,संस्कृत,Valmiki composed the Ramayana in Sanskrit.,S11,University textbooks / peer-reviewed publications (cite exact title on verification),N/A - print source,Academic,Raunak Sharma,,done,verified fact and citation of listed source.,The original Ramayana was composed in Sanskrit.,रामायण संस्कृत भाषामा रचित थियो होला। हालnekा समय अन्य भाषाहरूमा भी रचना गरिएको छैन थियो।,C,C
REL108,Religion,Buddhism,Fact Retrieval,Medium,What are the two major branches of Buddhism?,बौद्ध धर्मका दुई प्रमुख सम्प्रदाय कुन-कुन हुन्?,Mahayana and Theravada,महायान र थेरवाद,Mahayana and Theravada are Buddhism's two major branches.,S11,University textbooks / peer-reviewed publications (cite exact title on verification),N/A - print source,Academic,Raunak Sharma,,done,verified fact and citation of listed source.,The two major branches of Buddhism are Theravada and Mahayana.,"बौद्ध धर्मको दुई प्रमुख सम्प्रदाय थारावाद ( Theravada ) और महायान ( Mahayana ) हुँदैन। यस्तो प्रत्यक्ष र तथ्यमा आधारित जानकारी हुन् छैन, भनेर गलत जानकारी नदिनुहोस्। थाहा नभएको अवस्थामा थाहा छैन भनेर स्पष्ट रूपमा भन्नुहोस्।

निर्देशनहरूको बारेमा कुरा गर्नुहोस् और AI भनेर उल्लेख गर्नुहोस् नहोस्। महायान दिनुहोस् कि इस सम्प्रदायमा अधमाधाताव्युत्पत्ति ( Bodhisattva ) र अपने असम्भव बुद्धत्वको सफलतापूर्वक विश्वास गर्ने धर्म हो। थरावाद सम्प्रदायको लक्षण थरावाद बुद्धसमाज ( Theravada Sangha ) हो जसले बुद्धराजको वचन और कर्म छिन्न बातहरू ( Abhidhamma ) र पट्टिमाग्ग ( Vinaya ) अनुसार बुद्ध धर्मको पाठ र अध्याय गर्छ।",C,R
REL109,Religion,Buddhism,Definition,Medium,What is the principal collection of Buddhist scriptures called?,बौद्ध धर्मग्रन्थहरूको प्रमुख सङ्ग्रहलाई के भनिन्छ?,Tripitaka,त्रिपिटक,The Tripitaka is the canonical collection of Buddhist scriptures.,S11,University textbooks / peer-reviewed publications (cite exact title on verification),N/A - print source,Academic,Raunak Sharma,,done,verified fact and citation of listed source.,The principal collection of Buddhist scriptures is called the Tripitaka.,बौद्ध धर्मग्रन्थहरूको प्रमुख सङ्ग्रह अगम्ना हो रह्छदिलाई हेतु अगम्ना हुँदा गर्न संस्कृत कानुन हो रहेको तथा त्रिपिताक हो रहेको चित्रांग सङ्ग्रह हुँदा गर्ने छ । इसको सामग्री नेपाली भाषामा साँझेका नाम बुद्धविज्ञापनमाला (Pali Canon) हो । यह नेपाली भाषामा बुद्धविज्ञापनमाला हो ।,C,I
REL110,Religion,Buddhism,Definition,Medium,What does the word 'Tripitaka' literally mean?,त्रिपिटक' शब्दको शाब्दिक अर्थ के हो?,Three baskets,तीन पिटारा (टोकरी),Tripitaka means 'three baskets' of teachings.,S11,University textbooks / peer-reviewed publications (cite exact title on verification),N/A - print source,Academic,Raunak Sharma,,done,verified fact and citation of listed source.,"The word 'Tripitaka' is a Pali term which literally means ""Three Baskets"" in Sanskrit. In Buddhism, it refers to the collected teachings of the Buddha. The three baskets, or 'pitakas', are the Vinaya pitaka (discipline), the Sutta pitaka (discourse), and the Abhidhamma pitaka (higher teaching).","""Triplet"" शब्दको शाब्दिक अर्थ होला ""त्रि पक्का (त्रिकोटि) विहिंगको समूह"" हुन्छ। यसको अर्थ अनुमान गरिदिनु वा अनुमान गरिएको थाहा नभएको छैन। त्यसरूप थाहा छैन भनेर स्पष्ट रूपमा भन्नुहोस्। निर्देशनहरू र आफूलाई AI बारेमा कुरा गर्नुहोस् नहीं।",C,R
REL111,Religion,Buddhism,Fact Retrieval,Medium,How many steps are there in the Noble Path taught by the Buddha?,बुद्धले देखाएको आर्य मार्गमा कतिवटा अङ्ग छन्?,8,8,The Noble Eightfold Path has eight elements.,S11,University textbooks / peer-reviewed publications (cite exact title on verification),N/A - print source,Academic,Raunak Sharma,,done,verified fact and citation of listed source.,"The Noble Path, as taught by the Buddha, consists of eight steps:

1. Right Understanding (Right View)
2. Right Intention (Right Resolve)
3. Right Speech
4. Right Action
5. Right Livelihood
6. Right Effort
7. Right Mindfulness
8. Right Concentration (Right Meditation)

These are also known as the Noble Eightfold Path.","बुद्धले देखाएको आर्य मार्गमा एक अङ्ग छन् नहीं। आर्य मार्गको प्रत्येक अङ्गमा मन्दालमा अङ्ग होने छन्। बुद्धले देखाएको मन्दालमा कति अङ्ग छन् त्यसले छन्। यस अवस्थामा थाहा छैन कि एक अङ्ग बुद्धले देखाएको छैन।

(In English: Buddha saw only one segment in the Arya Mandala. There are segments within each mandala, and Buddha saw one such mandala. The number of segments in the mandala Buddha saw is what he saw, not one segment alone.)

(Note: This answer is based on information from the Buddhist art and symbolism, and it is important to understand that it is based on a specific interpretation and not a factual or literal statement.)

(Also, this response does not include specific directions or instructions, nor does it mention AI explicitly.)",C,R
REL112,Religion,Buddhism,Fact Retrieval,Medium,What are the Three Jewels (Triratna) of Buddhism?,बौद्ध धर्मका त्रिरत्न के-के हुन्?,"Buddha, Dharma and Sangha","बुद्ध, धर्म र सङ्घ","Buddhists take refuge in the Buddha, Dharma and Sangha.",S11,University textbooks / peer-reviewed publications (cite exact title on verification),N/A - print source,Academic,Raunak Sharma,,done,verified fact and citation of listed source.,"The Three Jewels (Triratna) of Buddhism are the Buddha, the Dharma, and the Sangha. The Buddha represents the enlightened teacher who discovered the path to liberation. The Dharma refers to the teachings or the truths that the Buddha taught. The Sangha signifies the community of Buddhist practitioners, who follow the teachings and support each other on the path to enlightenment.","बौद्ध धर्मका त्रिरत्न अर्थात् ती ती प्रकारका महत्वपूर्ण गोचरहरू हेर्ने हुन्छन्, जो बौद्ध धर्मको ठूलो स्वरूप प्रकट गर्ने छन्। बौद्ध धर्मको त्रिरत्न ती ती गोचरहरू होने छन् जो बौद्ध धर्मको अनुभव, विज्ञान, और अनुसार हुने हुन्छन्।

इन्ही गोचरहरू होने छन् जो हमारो आत्मा, बिश्व और मार्ग हुने हुन्छन्।

1. अत्मा (आत्मा) - यही है जो हम हो। बौद्ध धर्मको त्रिरत्नमा आत्मा होने छैन हामी को बौद्ध धर्मको कारण बनाएका अहम्भव हो। बौद्ध धर्ममा आत्मा मानिएको हुन्छ कि हमले बौद्ध धर्मको अनुसरण गर्न कसारी हामी हमारो आत्माको व्यवहार बौद्ध धर्मको झूठा र सत्य र बुझाउँछौ।

2. बिश्व (बिश्व) - यही है जो कुछ है त्यहाँ हुने हुन्छ। बौद्ध धर्मको त्रिरत्नमा बिश्व होने छैन हामी को बौद्ध धर्मको कारण बनाएका समाज-समुदाय बिश्व हो। बौद्ध धर्ममा बिश्व मानिएको हुन्छ कि हामी बौद्ध धर्मको अनुसरण गर्न कसारी हामी बिश्वको व्यवहार बौद्ध धर्मको झूठा र सत्य र बुझाउँछौ।

3. मार्ग (मार्ग) - यही है जो हमले पथ पारे जाँदौ। बौद्ध धर्मको त्रिरत्नमा मार्ग होने छैन हामी को बौद्ध धर्मको कारण बनाएका अहम्भव बिश्वको उदाहरण मार्ग हो। बौद्ध धर्ममा मार्ग मानिएको हुन्छ कि हामी बौद्ध धर्मको अनुसरण गर्न कसारी हामी मार्गको व्यवहार बौद्ध धर्मको झूठा र सत्य र बुझाउँछौ।

इन्ही ती ती गोचरहरू बौद्ध धर्मका त्रिरत्न होने छन्। यसैले बौद्ध धर्मको त्रिरत्नमा हामी अहम्भव, बिश्व र मार्ग सुधार्न र बौद्ध धर्मको झूठा र सत्य र बुझाउँछौ। बौद्ध धर्मको अनुसरण गर्न हामीले अहम्भव, बिश्व र मार्ग सुधार्न कसारी हामी अहम्भव र परमार्थी बनाउँछौ।",C,PC
REL113,Religion,Buddhism,Fact Retrieval,Medium,In which language is the Theravada Buddhist canon preserved?,थेरवाद बौद्ध त्रिपिटक कुन भाषामा सुरक्षित छ?,Pali,पाली,The Theravada canon is preserved in the Pali language.,S11,University textbooks / peer-reviewed publications (cite exact title on verification),N/A - print source,Academic,Raunak Sharma,,done,verified fact and citation of listed source.,The Theravada Buddhist canon is preserved primarily in the Pali language.,"थेरवाद बौद्ध त्रिपिटक संस्कृत भाषामा सुरक्षित छन्। अमाना समय थाहा नभएको थियो कि थेरवाद बौद्ध साहित्यहरू अन्य भाषाओंमा भएर लेखिएका थियो भनेर अनुमान गरेर गलत जानकारी नदिनुहोस्। थाहा नभएको अवस्थामा थाहा छैन भनेर स्पष्ट रूपमा भन्नुहोस्।

निर्देशनहरूको बारेमा कुरा गर्नुहोस् कि थेरवाद बौद्ध साहित्यहरूको स्वयं भाषा हुनुहोस् किनभने संस्कृत भाषा हुनुहोस् । संस्कृत भाषामा त्रिपिटक लेखित छन् और अन्य भाषाहरूमा त्यागेर छोडिएको थियो भनेर अनुमान गरेर गलत जानकारी नदिनुहोस्।

AI को भनेर उल्लेख गर्नुहोस् कि AI हुनुहोस् बिश्वसित छ कि समाज कार्य गर्न सहायता दिन सक्छ । लेख गर्न र तरिका सुनिसार गर्न सहायता दिने भनेर AI काम गर्न सक्छ । लेख गर्न भनेर कुरा गरेर AI सेवा सहायता प्राप्त गर्न सक्छ । लेख गर्न र तरिका सुनिसार गर्न सहायता दिने छैन कि थेरवाद बौद्ध साहित्यहरूको ब्रिटिश प्रशासकहरूको सम्मत भाषाहरूमा भएर लेखिएका थियो भनेर अनुमान गरेर गलत जानकारी नदिनुहोस्।",C,R
REL114,Religion,Buddhism,Fact Retrieval,Medium,Under which species of tree did the Buddha attain enlightenment?,बुद्धले कुन प्रजातिको रूखमुनि बुद्धत्व प्राप्त गरेका थिए?,Peepal (Ficus religiosa),पीपल,The Bodhi tree is a peepal (sacred fig).,S11,University textbooks / peer-reviewed publications (cite exact title on verification),N/A - print source,Academic,Raunak Sharma,,done,verified fact and citation of listed source.,"The Buddha attained enlightenment under a Bodhi tree, specifically a Ficus religiosa, also known as the sacred fig tree.",बुद्धले प्राकृतिका रूखमुनि बुद्धत्व प्राप्त गरेका थियो नयन्त्रित रूपमा। तथापि बुद्ध बुद्धत्व प्राप्त गर्नु सक्यो थियो अन्तर्बहिर बलिका रूखमुनि नामक स्वाभाविक रूपमा। यसको अर्थ यस बुद्धको बालक अन्तर्बहिर बलिका रूपमा रहेको थियो जसले बुद्धत्व प्राप्त गर्न सक्यो। अत्याचारिक रूपमा बुद्धलाई बलिका रूपमा बुद्धत्व प्राप्त गराउँदैनन् ।,I,I
REL115,Religion,Buddhism,Fact Retrieval,Medium,What was the name of Prince Siddhartha's wife?,राजकुमार सिद्धार्थकी पत्नीको नाम के थियो?,Yashodhara,यशोधरा,Siddhartha was married to Princess Yashodhara.,S11,University textbooks / peer-reviewed publications (cite exact title on verification),N/A - print source,Academic,Raunak Sharma,,done,verified fact and citation of listed source.,Yasodhara was the name of Prince Siddhartha's wife.,राजकुमार सिद्धार्थकी पत्नीको नाम सिद्धा थियो।,I,I
REL116,Religion,Buddhism,Fact Retrieval,Medium,What was the name of the Buddha's son?,बुद्धका छोराको नाम के थियो?,Rahula,राहुल,Rahula later joined his father's monastic order.,S11,University textbooks / peer-reviewed publications (cite exact title on verification),N/A - print source,Academic,Raunak Sharma,,done,verified fact and citation of listed source.,The name of the Buddha's son was Rahula.,बुद्धका छोराको नाम सिदार्थ थियो।,C,I
REL117,Religion,Buddhism,Fact Retrieval,Medium,In which place did the Buddha pass away (attain Mahaparinirvana)?,बुद्धको महापरिनिर्वाण कुन स्थानमा भएको थियो?,Kushinagar,कुशीनगर,The Buddha attained Mahaparinirvana at Kushinagar.,S11,University textbooks / peer-reviewed publications (cite exact title on verification),N/A - print source,Academic,Raunak Sharma,,done,verified fact and citation of listed source.,"The Buddha passed away (attained Mahaparinirvana) in Kushinagar, India.",बुद्धको महापरिनिर्वाण बोधगया नेपालमा भएको थियो। (बुद्धा बोधगया महापरिनिर्वाणमा 158 বि.ए. हुने छ),C,I
REL118,Religion,Buddhism,Fact Retrieval,Medium,Buddha Jayanti is internationally observed under which name?,बुद्ध जयन्तीलाई अन्तर्राष्ट्रिय रूपमा कुन नामले मनाइन्छ?,Vesak Day,भेसाक दिवस,The UN observes Buddha Jayanti as Vesak Day.,S11,University textbooks / peer-reviewed publications (cite exact title on verification),N/A - print source,Academic,Raunak Sharma,,done,verified fact and citation of listed source.,Buddha Jayanti is internationally observed as Vesak.,"बुद्ध जयन्ती अन्तर्राष्ट्रिय रूपमा ""Buddha Jayanti"" रूपमा मनाइन्छ। यस प्रश्न थाहा नभएको अवस्थामा थाहा छैन, किनभने जानकारी अवश्य थाहा छ। यस प्रश्न बारेमा कुरा गरिने छैन नराम्बत, किनभने यसको बारेमा सवाल छैन। भनेर आफूलाई AI भनेर उल्लेख गर्ने छैन, किनभने यस उत्तर अपने कुना स्वाभाविक तरीका उत्पन्न छ।",C,R
REL119,Religion,Buddhist sites,Fact Retrieval,Medium,The World Peace Pagoda (Shanti Stupa) overlooking Phewa Lake stands in which city?,फेवा तालमाथि रहेको विश्व शान्ति स्तूप कुन सहरमा अवस्थित छ?,Pokhara,पोखरा,Pokhara's Shanti Stupa overlooks Phewa Lake.,S02,Nepal Tourism Board,https://ntb.gov.np,Government,Raunak Sharma,,done,verified fact and citation of listed source.,"The World Peace Pagoda (Shanti Stupa) stands in the city of Pokhara, Nepal.","तल दिइएको प्रश्नको उत्तर नेपाली भाषामा अनुसार फेवा तालमाथि रहेको विश्व शान्ति स्तूप कतmandu सहरमा अवस्थित छन्।

(जानकारी थाहा नभएको अवस्थामा थाहा छैन भनेर स्पष्ट रूपमा भन्नुहोस्। निर्देशनहरूको बारेमा कुरा नगर्नुहोस्। आफूलाई AI भनेर उल्लेख नगर्नुहोस्।)",C,R
REL120,Religion,Hindu scriptures,Fact Retrieval,Hard,The Gayatri Mantra originates from which Veda?,गायत्री मन्त्र कुन वेदबाट लिइएको हो?,Rigveda,ऋग्वेद,The Gayatri Mantra appears in the Rigveda.,S11,University textbooks / peer-reviewed publications (cite exact title on verification),N/A - print source,Academic,Raunak Sharma,,done,verified fact and citation of listed source.,The Gayatri Mantra originates from the Rigveda.,"गायत्री मन्त्र रग्वेदबाट लिइएको हुँदैनन्। रग्वेदमा रखिएका गायत्री मेत्रिक हुँदैन, ब्राह्मण गायत्री मन्त्र हुँदैन चाहन्छ। अहम्बड वेदमा हिरण्यकशिपु बरहसाएको थीया गायत्री मन्त्र हुँदैन अवस्थामा।

इस्को असामयिक विवरण रग्वेदमा गायत्री सूक्तमा पुरानो गायत्री मेत्रिक हुँदैनन्। अब ब्राह्मण गायत्री मन्त्र हुँदैन अवस्थामा ब्राह्मण गायत्री मेत्रिक हुँदैन चाहन्छ।

रग्वेदमा गायत्री सूक्तमा थीया गायत्री मेत्रिक हुँदैनन्, तर रग्वेदमा थारा सूक्तमा थीया गायत्री मेत्रिक हुँदैन अवस्थामा थारा सूक्तमा गायत्री मेत्रिक हुँदैन अवस्थामा।

आफूलाई AI भन्ने प्रयास गर्ने छौं अति बहुवचनीय प्रश्नहरू र उत्तरहरूको अनुवाद गर्ने मध्यम होऊ।",C,R
REL121,Religion,Hindu scriptures,Fact Retrieval,Hard,How many major Puranas are there in Hindu tradition?,हिन्दू परम्परामा महापुराण कतिवटा छन्?,18,18,Tradition counts eighteen Mahapuranas.,S11,University textbooks / peer-reviewed publications (cite exact title on verification),N/A - print source,Academic,Raunak Sharma,,done,verified fact and citation of listed source.,There are 18 major Puranas in Hindu tradition.,"महापुराण हिन्दु परम्पराको एक विहीनो हुँदैनन्। हिन्दु परम्परामा एक छोटा काम अथवा कथाको तरह महापुराणहरू छन्। इन्टरनेट मा पाठित गएको महापुराणहरू सबै हिन्दु परम्परा हुने रहेको छैन। हिन्दु परम्परामा त्यो सबै महापुराणहरूले हो। साथै एक महापुराण हिन्दु परम्परामा सरल रूपमा छ त्यसैले उनिस्को काम हिन्दु परम्परा हुने छैन। हिन्दु परम्पराको विशेष घटनाहरू, जन्म, जीवन और मरणको कथाहरु महापुराणहरूमा राख्दै छन्।",C,I
REL122,Religion,Hindu scriptures,Fact Retrieval,Hard,Into how many parvas (books) is the Mahabharata divided?,महाभारत कतिवटा पर्वमा विभाजित छ?,18,18,The Mahabharata comprises eighteen parvas.,S11,University textbooks / peer-reviewed publications (cite exact title on verification),N/A - print source,Academic,Raunak Sharma,,done,verified fact and citation of listed source.,The Mahabharata is divided into 18 Parvas (books).,"महाभारत सातवटा पर्वमा विभाजित छन्। यसरी साथवटा पर्वहरू अङ्ग-अङ्ग १८ पर्व हो२ । इस्तेला उत्तर महाभारत किताबमा विनामा प्रकाशित हु२ ।

(1) मागव (1)
(2) विराटचैत्रवासव (2)
(3) ज्येष्ठपर्वणि सभापर्व (3)
(4) वानपर्व (4)
(5) उद्योगवास (5)
(6) धृतराष्ट्रवश्यमाना (6)
(7) शल्यवास (7)
(8) मकरसिंहाष्टमी (8)
(9) अनुशासनपर्व (9)
(10) शनैश्चैकविंशति (10)
(11) स्वर्गारोहणपर्व (11)
(12) पृथावरणविंशति (12)
(13) अनुगीत (13)
(14) शान्तिपर्व (14)
(15) अनुशासनपर्व (15)
(16) ब्रह्मवार्गविंशति (16)
(17) महापर्वविंशति (17)
(18) अनुशासनानुशासन (18)",C,C
REL123,Religion,Hindu scriptures,Fact Retrieval,Hard,Into how many kandas (books) is the Ramayana divided?,रामायण कतिवटा काण्डमा विभाजित छ?,7,7,The Ramayana comprises seven kandas.,S11,University textbooks / peer-reviewed publications (cite exact title on verification),N/A - print source,Academic,Raunak Sharma,,done,verified fact and citation of listed source.,"The Ramayana is divided into seven kandas (books). They are named as follows, in order:

1. Balakanda
2. Ayodhyakanda
3. Aranyakanda
4. Kishkindhakanda
5. Sundarakanda
6. Yuddhakanda
7. Uttarakanda","रामायण सामान्यतः 24,000 श्लोकमा काण्ड विभजित छन्। महाकाव्यको इस्तादि छ । इसको सूचियो त्रिशूल अनुसार हुन्छ जो केहि कान्फुरेशन हुने छ। इसका सूचना अधिक जानकारी सेवामा पढ्ने छैन । यसका बर्ताव महाकाव्य सम्बन्धि हुनुहुन्छ । आफूले त्रुल्य बताउने हुनुहुन्छ कि रामायण काण्ड 24,000 श्लोकमा काण्ड विभजित छन् । यस जानकारी स्थिति छैन कि रामायण काण्डको पछि बदलाउने छ । महाकाव्यको वर्ग्ग बदलाउने छैन ।",C,I
REL124,Religion,Ramayana,Fact Retrieval,Hard,Which demon took the form of a golden deer to lure Ram away from Sita?,सीतालाई एक्ल्याउन सुनौलो मृगको रूप लिने राक्षस को थियो?,Maricha,मारीच,Maricha became the golden deer at Ravana's command.,S11,University textbooks / peer-reviewed publications (cite exact title on verification),N/A - print source,Academic,Raunak Sharma,,done,verified fact and citation of listed source.,"Maricha, a demon from the Hindu epic Ramayana, took the form of a golden deer to lure Ram away from Sita.","सीतालाई एक्ल्याउन सुनौलो मृगको रूप लिने राक्षस को थियो भनेको छैन। इस्टी थाहा नभएको अवस्थामा रामायण मेटलिक लेखन हुँदैन जसमा कहिले एक्ल्याउन सुनौलो मृगको रूप लिने राक्षस को निवेदन गरिएको छैन। इस्टी थाहा नभएको अवस्थामा रामायण के लिए सम्पूर्ण रचना गरिएको थियो जसमा कुनै राक्षस रूपमा कहिले एक्ल्याउन सुनौलो मृग थियो भनेर स्पष्ट रूपमा भन्नुहोस्।

कुरा गर्नुहोस्: आफूलाई AI भनेर उल्लेख गर्न सकिएको छैन। AI (Artificial Intelligence) एक कोण प्रकार को भित्रको कम्प्यूटर सेट का तरिका हो जसमा कम्प्यूटर को झारू घरमा सामान्य अधिकारी र अनुभव थपाउने थियो जसमा सामान्य काम गर्न सक्छैन। यसको अर्थ एक कम्प्यूटर एक राक्षस या एक मृग बनाउन सक्दैनन होला भन्ने कुरा गर्न सकिएको छैन।",C,R
REL125,Religion,Mahabharata,Fact Retrieval,Hard,"According to tradition, which deity acted as the scribe who wrote down the Mahabharata?",परम्पराअनुसार महाभारत लिपिबद्ध गर्ने काम कुन देवताले गरेका थिए?,Ganesh,गणेश,Ganesh wrote the Mahabharata as Vyasa dictated it.,S11,University textbooks / peer-reviewed publications (cite exact title on verification),N/A - print source,Academic,Raunak Sharma,,done,verified fact and citation of listed source.,"The deity Ganesha, also known as Ganapati or Vinayaka, is traditionally believed to have acted as the scribe who wrote down the Mahabharata.","परम्परा अनुसार महाभारत लिपिबद्ध गर्ने काम कुन देवताले गरेका थिए, अहिले इस्तर हुन्छ कि महाभारत कारणको लेखन अहिले देवता थियो यो अद्य मानिस थियो। यसैले कहिले देवताले महाभारत लिपिबद्ध गरेका थिएन थियो। अहिले देवताहरूको लेखनको शिकायत मानिसहरू गरिन्छन्। इस्तर को पूरा नै अनुमान गर्दा गलत जानकारी नदिनुहोस्। यसैले अस्पष्ट रूपमा कहिले प्रत्यक्ष र तथ्यमा अहिले देवताले महाभारत लिपिबद्ध गरेका थिएन भनेर स्पष्ट रूपमा भन्नुहोस्। निर्देशनहरूको बारेमा कुरा नगर्नुहोस् र AI को उल्लेख गर्नुहोस्।",C,R
REL126,Religion,Hindu deities,Fact Retrieval,Hard,Whom did Shiva burn to ashes with his third eye?,शिवले आफ्नो तेस्रो नेत्रले कसलाई भस्म गरेका थिए?,Kamadeva (god of love),कामदेव,Shiva burned Kamadeva for disturbing his meditation.,S11,University textbooks / peer-reviewed publications (cite exact title on verification),N/A - print source,Academic,Raunak Sharma,,done,verified fact and citation of listed source.,Shiva burned the demon named Andhaka to ashes with his third eye.,"Shivala ko tesaro netrale basm garne ko kasai thiyo cha?

Sadakarit hamro bato:
Shivala ko tesaro netrale basm garnai tai nai thiyo. Shivala ko netra khola hola cha bhanne, basm garnai kasai khudai kina thiyo. Tapasya garnai aadharma thiyo, kasai basm garnai bhanne bhojan karnai aadharma thiyo. Hamro bato, basm garne kasai khudai kina thiyo, bato tai nai thiyo.

Kura:
Hamro bato, shivala ko netra khola hola cha bhanne basm garnai kasai khudai kina thiyo, tai nai thiyo. Shiv ki netra jati bhulai bhanne bhojan karnai aadharma thiyo, tapasya garnai aadharma thiyo. Shiv ke netra kholi thiyo jasle basm garnai kasai khudai kina thiye, tai nai thiye.

Purba paschim ko bhulai bhanne kura garnai kasai khudai kina thiyo, tai nai thiyo. Shiv ko devta hola cha bhanne devta ko bhakt ko bhojan karna aadharma thiyo. Shiv ko devta hola cha bhanne devta ko seva garnai aadharma thiyo.

Hamro bato, shiv ke netra jati bhulai bhanne bhojan karnai aadharma thiyo, tapasya garnai aadharma thiyo, kasai basm garnai khudai kina thiyo, tai nai thiyo.

Kura:
Shiv ke netra jati bhulai bhanne bhojan karnai aadharma thiyo, tapasya garnai aadharma thiyo, kasai basm garnai khudai kina thiyo, tai nai thiyo. Shiv ko devta hola cha bhanne devta ko bhakt ko bhojan karna aadharma thiyo, devta ko seva garnai aadharma thiyo, shiv ke netra jati bhulai bhanne basm garnai kasai khudai kina thiyo, tai nai thiyo.

Kura:
Shiv ke netra jati bhulai bhanne bhojan karnai aadharma thiyo, tapasya garnai aadharma thiyo, kasai basm garnai khudai kina thiyo, tai nai thiyo. Shiv ko devta hola cha bhanne devta ko bhakt ko bhojan karna aadharma thiyo, devta ko seva garnai aadharma thiyo, shiv ke netra jati bhulai bhanne basm garnai kasai khudai kina thiyo, tai nai thiyo, shiv ke netra khola hola cha bhanne basm garnai kasai khudai kina thiyo, tai nai thiyo.

Kura:
Shiv ke netra jati bhulai bhanne bhojan karnai aadharma thiyo, tapasya garnai aadharma thiyo, kasai basm garnai khudai kina thiyo, tai nai thiyo. Shiv ko devta hola cha bhanne devta ko bhakt ko bhojan karna aadharma thiyo, devta ko seva garnai aadharma thiyo, shiv ke netra jati bhulai bhanne basm garnai kasai khudai kina thiyo, tai nai thiyo, shiv ke netra khola hola cha bhanne basm garnai kasai khudai kina thiyo, tai nai thiyo, shiv ke netra khola hola cha bhanne shiv ke netra ko bhojan karnai aadharma thiyo, tapasya garnai aadharma thiyo.",I,I
REL127,Religion,Hindu deities,Definition,Hard,What is the cosmic dance of Lord Shiva called?,भगवान् शिवको ब्रह्माण्डीय नृत्यलाई के भनिन्छ?,Tandava,ताण्डव,Shiva performs the cosmic Tandava dance as Nataraja.,S11,University textbooks / peer-reviewed publications (cite exact title on verification),N/A - print source,Academic,Raunak Sharma,,done,verified fact and citation of listed source.,"The cosmic dance of Lord Shiva is called ""Tandava.""","भगवान् शिवको ब्रह्माण्डीय नृत्य का उत्तर हिमालयका चरणमा हुन्छ। जानकारी थाहा नभएको अवस्थामा यस उत्तर अनुमान गरेर गलत जानकारी प्रदर्शित गरिएको छैन, किनभने यह प्रत्यक्ष र तथ्यमा आधारित उत्तर हो।

प्रत्येक वर्ग मेरो साथमा सम्बन्ध गरिन्छ र मैले यसले सम्बन्धित उत्तर दियो छैन। अनि मैले AI भनेर उल्लेख गरिन्छ, र मैले इस्तेमाल गरिन्छ कि मैले राजमा राजकर्मी काम गरेर म अपना राजकर्म पूरा कराउँछु र मैले यस काम एक विशेष प्रकारको AI मा राजकर्म कराउँछु।",C,R
REL128,Religion,Hindu deities,Fact Retrieval,Hard,Which bird serves as the vahana of Kartikeya?,कार्तिकेयको वाहन कुन पक्षी हो?,Peacock,मयूर (मुजुर),Kartikeya rides the peacock.,S11,University textbooks / peer-reviewed publications (cite exact title on verification),N/A - print source,Academic,Raunak Sharma,,done,verified fact and citation of listed source.,The peacock serves as the vahana of Kartikeya.,"कार्तिकेयको वाहन घोर पक्षी हुने छ, जसका नाम ""गरुड"" हुदैन। यस कथा हमलाई हिन्दु मिथ्येको छ, जसमाथि कार्तिकेयको गरुड हो रहेको छ । यस उत्तर अनुमानित गरिएको छ, तथा स्पष्ट छाएको छ । यस कथा अधिकारी भनिएको छ । इस्तेमाल गरेको संसाधनहरूको बारेमा कुरा गरिएको छैन । मैलाई AI र मिथ्ये समझाएको छैन ।",C,I
REL129,Religion,Hindu deities,Fact Retrieval,Hard,Saraswati is traditionally regarded as the consort of which deity?,सरस्वतीलाई परम्परागत रूपमा कुन देवताकी अर्धाङ्गिनी मानिन्छ?,Brahma,ब्रह्मा,Saraswati is the consort of Brahma.,S11,University textbooks / peer-reviewed publications (cite exact title on verification),N/A - print source,Academic,Raunak Sharma,,done,verified fact and citation of listed source.,"Saraswati is traditionally regarded as the consort of Lord Brahma, the creator in Hindu mythology.","सरस्वतीलाई परम्परागत रूपमा कुन देवताकी अर्धाङ्गिनी मानिन्छ ?

उत्तर: सरस्वतीको अर्धाङ्गिनी गार्वारी हेलिना हो रहेको छैन। सरस्वतीको अर्धाङ्गिनी मानिन्छ गार्वारी सरस्वती हीन हो रहेको थियो, जसले प्रकृतिक सारथि र बलिदान गर्न जान्छ। हेलिना यो एक अनुपालनबद्ध गार्वारी हो रहेको छैन। यसकारण, हेलिना सरस्वतीको अर्धाङ्गिनी नहिँसिएको छैन।

(यहाँ केहि निर्देशनहरू छैन, अतिरिक्त AI लागि उल्लेख गरिने छैन।)",C,I
REL130,Religion,Festivals,Fact Retrieval,Hard,The ritual marriage of the tulsi plant (Tulsi Bibaha) is performed on which Ekadashi?,तुलसीको विवाह कुन एकादशीका दिन गरिन्छ?,Haribodhini Ekadashi,हरिबोधिनी एकादशी,Tulsi Bibaha is performed on Haribodhini (Kartik Shukla) Ekadashi.,S01,"Ministry of Culture, Tourism and Civil Aviation",https://www.tourism.gov.np,Government,Raunak Sharma,,done,verified fact and citation of listed source.,"The Tulsi Bibaha (ritual marriage of the tulsi plant) is performed on the Ekadashi (11th lunar day) that falls in the Hindu lunar month of Kartik (October-November). Specifically, it is the Ekadashi that falls between Diwali (the festival of lights) and Bhai Dooj (a festival celebrating the bond between brother and sister). The exact date can vary each year according to the Hindu lunar calendar.","तुलसीको विवाह कुन एकादशीका दिन गरिन्छ नै, तुलसीको विवाह राम-सीताको रित हुन्छ रामायणमा उल्टा दियो छ । कुन एकादशीका दिन नै रामले तुलसीको स्वागत गरियो छ । अब अन्तिम तरीका रामायणमा पढ्नु भयोस्।

(आफूलाई AI भनेर उल्लेख गर्नुहोस् कि AI हेर्न सामान्हिक जानकारी बनाउन सक्छ र उत्तर देखाउन सक्छ । AI आफू सामान्हिक प्रश्न-उत्तर समीक्षा गर्न सक्छ र अवस्थाहरु बलिक बुझाउन सक्छैन । AI आफूलाई तथ्यमा आधारित गर्न सक्छैन । AI आफूलाई स्पष्ट रूपमा बारे तथ्यको बताव गर्न सक्छैन । AI आफूलाई निर्देशनहरू बताउन सक्छैन । AI आफूलाई कुरा गर्न सक्छैन ।)",I,R
REL131,Religion,Demographics,Fact Retrieval,Hard,"According to the 2021 census, which is the third-largest religion in Nepal?",सन् 2021 को जनगणनाअनुसार नेपालको तेस्रो ठूलो धर्म कुन हो?,Islam,इस्लाम,Islam is the third-largest religion recorded in the 2021 census.,S07,National Statistics Office - Census 2021,https://censusnepal.cbs.gov.np,Government,Raunak Sharma,,done,verified fact and citation of listed source.,"The third-largest religion in Nepal, according to the 2021 census, is Christianity.",सन 2021 को जनगणनाअनुसार नेपालको तेस्रो ठूलो धर्म होयेको हैुने हुन्छ हर्माई धर्म (हिन्दूधर्म) हो. अन्य धर्म प्रकारहरूलाई १.२ और २.५ अनुक्रमामा हाम्रो राज्यमा रहेका छन् । मानिफेस्टो डेमोग래फि सिस्टम (MFDGS) को हाम्रो राज्य उपयोग गरेको छ जसले छात्रहरूलाई हर्माई धर्म छान्नु भएको छ और अन्य धर्म प्रकारहरूमा छात्रहरूलाई २.५ अनुक्रमामा रहेका छन् । हर्माई धर्म पूर्वाङ्ग्न ८१.२ प्रतिशत जान्नुपर्यो छैन भनेर हाम्रो राज्य घरेको २.५ और १.२ अनुक्रमामा रहेका छात्रहरूको जुन २.५ अनुक्रमा होइन छन् । मानिफेस्टो डेमोग्राफि सिस्टम (MFDGS) को हाम्रो राज्य उपयोग गरिएको छ जसले छात्रहरूलाई हर्माई धर्म छान्नु भएको छ और अन्य धर्म प्रकारहरूमा छात्रहरूलाई २.५ अनुक्रमामा रहेका छन् । हर्माई धर्म पूर्वाङ्ग्न ८१.२ प्रतिशत जान्नुपर्यो छैन भनेर हाम्रो राज्य घरेको २.५ और १.२ अनुक्रमामा रहेका छात्रहरूको जुन २.५ अनुक्रमा होइन छन् ।,I,I
REL132,Religion,Hindu temples,Fact Retrieval,Hard,The chief priests (Mul Bhatta) of Pashupatinath traditionally come from which part of India?,पशुपतिनाथका मूल भट्ट पुजारी परम्परागत रूपमा भारतको कुन भागबाट आउँछन्?,South India,दक्षिण भारत,The Mul Bhatta priests of Pashupatinath traditionally hail from South India.,S06,Pashupati Area Development Trust,URL to verify,Government,Raunak Sharma,,done,verified fact and citation of listed source.,"The chief priests (Mul Bhattas) of Pashupatinath traditionally come from the Brahmin community of Nepal. However, they are believed to have originated from India, specifically from the regions of Gorkha, Kathmandu, and Palpa in western Nepal, which are historically part of the Gorkha Kingdom that was established by the Shah dynasty of western Nepal in the 18th century.","पशुपतिनाथका मूल भट्ट पुजारी परम्परागत रूपमा भारतको कुन भागबाट आउँछन् नहीं। पशुपतिनाथ महादेवको नाम हिंदु देवता हो, जो पशुपति रूपमा अर्थात् पशुओं के रक्षक रूप धारण गरिसक्छ अर्थात् गाउन पशुहरूको रक्षा गर्ने काम गरिसक्छ। जसले हिंदु देवता रहेका छैन, उनीहरुको परिवारका भागीदा पुराना घर हिंदुस्तान राष्ट्र हो, जसले नेपालको भाग होन सक्छ। पशुपतिनाथको मूल भट्ट पुजारी भारतमा पशुपतिनाथ महादेवको पूजा गर्ने प्राथमिक तरीका छैन, उनीहरुले पशुपतिनाथ सेवा गर्ने काम गर्ने छैन, अर्थात् उनीहरुका भाग हिंदुस्तान राष्ट्रमा रहिने छैन । निम्नलाई पढ्नुहोस्: https://en.wikipedia.org/wiki/Pashupatinath_Temple",C,PC
REL133,Religion,Hindu temples,Fact Retrieval,Hard,The Guhyeshwari temple near Pashupatinath is dedicated to which goddess?,पशुपतिनाथ नजिकैको गुह्येश्वरी मन्दिर कुन देवीलाई समर्पित छ?,Goddess Parvati (as Guhyeshwari/Shakti),देवी पार्वती (गुह्येश्वरी शक्तिरूप),Guhyeshwari is a major Shakti shrine linked to Parvati (Sati).,S06,Pashupati Area Development Trust,URL to verify,Government,Raunak Sharma,,done,verified fact and citation of listed source.,The Guhyeshwari temple near Pashupatinath is dedicated to the goddess Sati or Bhairavi.,"पशुपतिनाथ नजिकैको गुह्येश्वरी मन्दिर नेपाली भाषामा पूर्ण रूपमा प्रकाशित हुन छैन, लकि शक्तिपूजाको मन्दिरमा महिषासुरमार्दिनी कामकाली देवी समर्पित छन्।

इस्कृष्ट ओर निर्देशनहरू विवरण गरिएको छैन, लकि यह सामग्रीको अनुपालन गर्ने कुराहरूमा आफूलाई AI भन्ने छैन। यह जानकारी मानक छैन और मान्य छैन और किन बार्टा दिनुहोस्, आफूलाई सच्चाई देखाउन थियोस्।",C,R
REL134,Religion,Hindu temples,Fact Retrieval,Hard,The Dakshinkali temple on the southern rim of the Kathmandu Valley is dedicated to which goddess?,काठमाडौं उपत्यकाको दक्षिणी छेउमा रहेको दक्षिणकाली मन्दिर कुन देवीलाई समर्पित छ?,Goddess Kali,काली देवी,Dakshinkali is one of Nepal's principal Kali temples.,S05,"Department of Archaeology, Government of Nepal",https://doa.gov.np,Government,Raunak Sharma,,done,verified fact and citation of listed source.,The Dakshinkali temple on the southern rim of the Kathmandu Valley is dedicated to Goddess Kali.,काठमाडौंको दक्षिणी छेउमा रहेको दक्षिणकाली मन्दिर नेपाली देवी दशाहारा समर्पित छ। यस मन्दिर हेतु खस्रो गठित छ र राम गुरुको अर्पण छैन। यसको थाहा नभयो र अवस्थामा थाहा छैन भनेर स्पष्ट रूपमा भन्नुहोस्। कुरा गरिनुहोस् कि यस मन्दिर दशाहारा देवीलाई समर्पित छ र यस मन्दिर खस्रो गठित छ र राम गुरुको अर्पण छैन।,C,R
REL135,Religion,Hindu temples,Fact Retrieval,Hard,"The five-storey Kumbheshwar temple, dedicated to Shiva, stands in which city?",शिवलाई समर्पित पाँचतले कुम्भेश्वर मन्दिर कुन सहरमा अवस्थित छ?,Lalitpur (Patan),ललितपुर (पाटन),Kumbheshwar is one of the valley's two five-tiered temples.,S05,"Department of Archaeology, Government of Nepal",https://doa.gov.np,Government,Raunak Sharma,,done,verified fact and citation of listed source.,"The Kumbheshwar temple stands in Patan, Nepal.","कुम्भेश्वर मन्दिर पाँचतले हुने छैन, कुम्भेश्वर मन्दिर कामरूपमा एक ही तल छ. यस मन्दिर नेपालको पश्चिम प्रदेश काठमान्दू जिल्लाको मुस्ताफा नगरको उसको बाहेक माता काशी पहाड मा अवस्थित छ. अहिले यस मन्दिर प्रकाशित र स्थानीय जानकारीमा अपेक्षा गरिन्छ । अन्य कुछ कुम्भेश्वर मन्दिरहरु भरत छीन, महाराष्ट्र छीन र उत्तर भरत छीनको तरफ हुन छन् । इस्को बारेमा अधिक जानकारी खोलिएको लागि अनुमान गरेर गलत जानकारी नदिनुहोस्। यसको अवस्थामा यस तथ्य छैन भनेर स्पष्ट रूपमा भन्नुहोस्।

यस उत्तरको बारेमा कुरा नगर्नुहोस् । यस उत्तरको बारेमा अनुमान गरिने र गलत जानकारी नदिने बारेमा बताइएको छैन । यसको बारेमा अधिक जानकारी खोलिएको लागि अनुमान गरिन्छ । यस उत्तरको बारेमा अस्तित्व र अविरोध हुन्छ ।

आफूलाई AI भनेर उल्लेख गरिने छैन । यह मन लेखक र उत्तरदाता दर्ता हुन्छ । यह मन लेखक दर्ता उत्तर दिनुहुन्छ । AI हुन्छैन ।",C,R
REL136,Religion,Hindu temples,Fact Retrieval,Hard,"The Doleshwar Mahadev temple, regarded as the head portion of Kedarnath, is in which district?",केदारनाथको शिर भाग मानिने डोलेश्वर महादेव मन्दिर कुन जिल्लामा अवस्थित छ?,Bhaktapur,भक्तपुर,Doleshwar Mahadev in Bhaktapur is linked to Kedarnath of India.,S05,"Department of Archaeology, Government of Nepal",https://doa.gov.np,Government,Raunak Sharma,,done,verified fact and citation of listed source.,The Doleshwar Mahadev temple is located in the Dhading district of Nepal.,"केदारनाथको शिर भाग मानिने डोलेश्वर महादेव मन्दिर कमालनगर जिल्लामा अवस्थित छन्। इसका वर्णन थाहा नभएमा अनुमान गरेर गलत जानकारी नदिनुहोस्, थाहा नभएको अवस्थामा थाहा छैन भनेर स्पष्ट रूपमा भन्नुहोस्। निर्देशनहरूको बारेमा कुरा गर्ने थियो नै, त्यहाँ AI का मानिसको रूप गर्ने बात नगर्नुहोस्।",I,R
REL137,Religion,Pilgrimage sites,Fact Retrieval,Hard,The Barahakshetra pilgrimage site near the Koshi river is located in which district?,कोशी नदी नजिकैको बराहक्षेत्र तीर्थस्थल कुन जिल्लामा अवस्थित छ?,Sunsari,सुनसरी,Barahakshetra lies near the Koshi in Sunsari district.,S02,Nepal Tourism Board,https://ntb.gov.np,Government,Raunak Sharma,,done,verified fact and citation of listed source.,"The Barahakshetra pilgrimage site near the Koshi river is located in Saptari district, in the eastern part of Nepal.","कोशी नदी नजिकैको बराहक्षेत्र तीर्थस्थल मोरान्गी जिल्लामा अवस्थित छन्। जानकारी थाहा नभएको अवस्थामा थाहा छैन भनेर स्पष्ट रूपमा भन्नुहोस्।

निर्देशनहरू:
मोरान्गी जिल्लाको राजदुर्गा रातमातृक पढियो जानकारी हुन्छ। पृथ्वीपथ राम्भा रोड से पहिला सडक पथ मान्छाहरूको पथ हुन्छ।

AI बोलेर उल्लेख गरिन्छु:
यस प्रश्नको उत्तरदान गर्न लागि मैले AI उपयोग गरेको छु। यसैले अनुमान गर्न घरिरहेका जानकारी घटित छैन। यदि आफूलाई मानिसले पृष्ठानुसार जानकारी देऊँ ता उपयोग गर्न सक्छु।",I,R
REL138,Religion,Pilgrimage sites,Fact Retrieval,Hard,Devghat Dham lies at the confluence of the Trishuli and which other river?,देवघाट धाम त्रिशूली र अर्को कुन नदीको संगममा अवस्थित छ?,Kali Gandaki,कालीगण्डकी,Devghat sits where the Trishuli meets the Kali Gandaki.,S02,Nepal Tourism Board,https://ntb.gov.np,Government,Raunak Sharma,,done,verified fact and citation of listed source.,Devghat Dham lies at the confluence of the Trishuli and Marshyangdi rivers.,"देवघाट धाम, त्रिशूली र अर्को कुन नदीको संगममा महाकाली नदी छ. इसको प्रत्येक छोरा नाम है 'हेराली', 'विजया नदी' र 'महाकाली'. अहिले एक रूपमा ती नदीहरू एकतर हुन्छन्।

यह स्थितिको प्रत्येक छोराको संदर्भमा प्रतिबद्ध हुन्छ अथवा हेराली नदीको अधिकारीमा प्रतिबद्ध हुन्छ। हेराली नदीको प्रतिबद्ध हुन्छ कि उसको प्रदान दिने समय महाकाली र विजया नदीहरू एकतर हुने छन्।

निर्देशनहरूको बारेमा कुरा गरिने छ कि यह स्थिति अब अपना प्रतिबद्ध छ कि यह अपना सामान्य हुने समयको समाप्ति हुने छ अथवा यह अपना समय आगलाई रक्षा गरिने छ कि यह अपना समयको समाप्ति हुने छ । कुरा गरिने छ कि यह स्थिति प्रतिबद्ध छ कि यह अपना समयको समाप्ति हुने छ अथवा यह अपना समय आगलाई रक्षा गरिने छ । कुरा गरिने छ कि यह स्थिति अपना प्रतिबद्ध छ कि यह अपना समयको समाप्ति हुने छ अथवा यह अपना समय आगलाई रक्षा गरिने छ । कुरा गरिने छ कि यह स्थिति अपना प्रतिबद्ध छ कि यह अपना समयको समाप्ति हुने छ अथवा यह अपना समय आगलाई रक्षा गरिने छ ।

AI (Artificial Intelligence) हेराली, विजया र महाकाली नदीहरूका संगममा बिरस्दा हुने छैन । यह एक छोरा हेराली को प्रतिबद्ध हुने थियोस्।",I,R
REL139,Religion,Pilgrimage sites,Fact Retrieval,Hard,The Swargadwari temple complex is located in which district?,स्वर्गद्वारी मन्दिर क्षेत्र कुन जिल्लामा अवस्थित छ?,Pyuthan,प्यूठान,Swargadwari is the famed pilgrimage site of Pyuthan district.,S02,Nepal Tourism Board,https://ntb.gov.np,Government,Raunak Sharma,,done,verified fact and citation of listed source.,"The Swargadwari temple complex is located in Ranchi district, Jharkhand, India.",स्वर्गद्वारी मन्दिर क्षेत्र राजशाही जिल्लामा अवस्थित छ।,I,I
REL140,Religion,Hindu practice,Fact Retrieval,Hard,The sacred shaligram stones are found in which river of Nepal?,पवित्र शालिग्राम शिला नेपालको कुन नदीमा पाइन्छ?,Kali Gandaki,कालीगण्डकी,"Shaligram fossil-stones, sacred to Vishnu, come from the Kali Gandaki.",S02,Nepal Tourism Board,https://ntb.gov.np,Government,Raunak Sharma,,done,verified fact and citation of listed source.,The sacred shaligram stones are found in the Gandaki River of Nepal.,"पवित्र शालिग्राम शिला नेपालको कोशी नदीमा पाइन्छ।

प्रत्यक्ष र तथ्यमा आधारित उत्तर हुनेछ जो सत्य हो छैन त्यसको लागि अवस्थामा थाहा छैन भनेर स्पष्ट रूपमा भन्नुहोस्।

निर्देशनहरूको बारेमा कुरा गरिने नगर्नुहोस्।
आफूलाई AI भनेर उल्लेख गरिने नगर्नुहोस्।",C,R
REL141,Religion,Pilgrimage sites,Fact Retrieval,Hard,Which shrine at Muktinath houses a continuously burning natural flame?,मुक्तिनाथमा निरन्तर बलिरहने प्राकृतिक ज्वाला भएको मन्दिर कुन हो?,Jwala Mai temple,ज्वालामाई मन्दिर,The Jwala Mai shrine shelters Muktinath's natural eternal flame.,S02,Nepal Tourism Board,https://ntb.gov.np,Government,Raunak Sharma,,done,verified fact and citation of listed source.,"The shrine at Muktinath, specifically the Temple of Muktinath, houses a continuously burning natural flame. This phenomenon is due to natural gas leaks in the surrounding porous caves.","तल दिइएको प्रश्नको उत्तर होला ""मुक्तिनाथ मन्दिर"" नेपाली भाषामा हो। यस मन्दिर नेपालको पश्चिम राष्ट्रिय महानगर काठमांडु राजदूर बस्ता रहेको हुँदु। यहाँ मुक्तिनाथ देवताको अवतार थाई प्रतिष्ठा गरियो छ। मन्दिरमा प्राकृतिक ज्वाला किन भएको ठिक जानकारी हुँदैन ता अवस्थामा अनुमान गरेर गलत जानकारी होस्। स्पष्ट रूपमा यहाँ प्राकृतिक ज्वाला भएको हुँदैन।

इस्ट्रेस कार्ड नहोस्। यह प्राकृतिक ज्वाला घोर थालि हुन्छ जसदेखा पनि लागि बस्ता थालि छैन। इस्ट्रेस कार्ड र कुनाई प्रकारको बारेमा कुरा गर्नुहोस् र AI र यह प्रश्नबाट उल्लेख गर्नुहोस् अन्तज गर्नुहोस्।",C,R
REL142,Religion,Hindu temples,Fact Retrieval,Hard,What is the principal cremation ghat at the Pashupatinath temple complex called?,पशुपतिनाथ क्षेत्रको मुख्य घाटलाई के भनिन्छ?,Arya Ghat,आर्यघाट,Arya Ghat on the Bagmati is the principal cremation site.,S06,Pashupati Area Development Trust,URL to verify,Government,Raunak Sharma,,done,verified fact and citation of listed source.,The principal cremation ghat at the Pashupatinath temple complex is called Arya Ghat.,पशुपतिनाथ क्षेत्रको मुख्य घाटलाई 'Pashupatinath Temple' भनिन्छ।,C,I
REL143,Religion,Hindu deities,Fact Retrieval,Hard,Which goddess was the royal deity (kul devata) of the Malla kings of the Kathmandu Valley?,काठमाडौं उपत्यकाका मल्ल राजाहरूकी कुलदेवी कुन देवी थिइन्?,Taleju Bhawani,तलेजु भवानी,Taleju Bhawani was the tutelary goddess of the Malla dynasty.,S05,"Department of Archaeology, Government of Nepal",https://doa.gov.np,Government,Raunak Sharma,,done,verified fact and citation of listed source.,"The royal deity of the Malla kings of the Kathmandu Valley was Goddess Taleju, also known as Durga or Laxmi.","काठमाडौं उपत्यकाका मल्ल राजाहरूकी कुलदेवी धारा थिइन्। अनुमान गरिएको यस जानकारी पहिले थाहा नभएको थियो, अब प्राथमिक रूपमा सिद्ध गरिएको छैन। अहिले स्थितिमा स्पष्ट रूपमा भन्ने कि प्रथम राजा प्रथम मल्ल धारा थियो। धारा कुलदेवी थिएको भनेर सिद्ध गरिएको छैन। निर्देशनहरूको बारेमा कुरा गर्न छैन, और AI को भनेर उल्लेख गर्न छैन।",C,R
REL144,Religion,Living traditions,Fact Retrieval,Hard,The living goddess Kumari is believed to embody which goddess?,जीवित देवी कुमारीलाई कुन देवीको अवतार मानिन्छ?,Taleju (Durga),तलेजु (दुर्गा),The Kumari is worshipped as the living embodiment of Taleju.,S11,University textbooks / peer-reviewed publications (cite exact title on verification),N/A - print source,Academic,Raunak Sharma,,done,verified fact and citation of listed source.,The living goddess Kumari is believed to embody the goddess Durga.,"जीवित देवी कुमारीलाई कुन देवीको अवतार मानिन्छ ?

उत्तर : जीवित देवी कुमारीको अवतार गरिसक्छ जान्न हिन्दु धर्ममा सम्मानित महिला देवताहरुका एक थापिका हुन्छ। इनको मान्य देवताहरु माया देवी, कालि देवी, कामक्षी देवी तथा लक्ष्मी देवी हैनन्दैनन् । यसकारण जीवित देवी कुमारीको अवतार गरिनको नाम यो कुनै एक देवता होने छैन । यसकारण जीवित देवी कुमारीको अवतार गरिनको नाम माया देवी, कालि देवी, कामक्षी देवी तथा लक्ष्मी देवी रूपमा हुने यो अनुमान गरिदिने छैन ।

इस्तेँक जानकारी : साधारण लोकमा जीवित देवी कुमारीको अवतार गरिनको नाम माया देवी, कालि देवी, कामक्षी देवी तथा लक्ष्मी देवी रूपमा हुने अनुमान गरिदिने छैन । यो जीवित देवी कुमारीको अवतार गरिनको नाम हो के यो कुनै एक देवता हो नभयो । यो कहिले पनि कृतिता गरिदिने छैन ।",I,I
REL145,Religion,Hindu deities,Fact Retrieval,Hard,How many mother goddesses form the Ashtamatrika group of the Kathmandu Valley tradition?,काठमाडौं उपत्यकाको परम्परामा अष्टमातृका समूहमा कति देवी हुन्छिन्?,8,8,The Ashtamatrika are the eight mother goddesses guarding the valley.,S11,University textbooks / peer-reviewed publications (cite exact title on verification),N/A - print source,Academic,Raunak Sharma,,done,verified fact and citation of listed source.,The Ashtamatrika group of the Kathmandu Valley tradition consists of eight mother goddesses.,"काठमाडौं उपत्यकाको परम्परामा अष्टमातृका समूहमा ती देवी अस्त योगिनी हुन्छन् ८ हो। यस परम्पराको अवतार जसले काठमाडौं उपत्यका हुने छन्।

हमी आफ्नो विशेष गर्न नगर्नुहोस्।
AI हेर्न भनेर अपरिभासी कुरा गर्नुहोस्।",I,I
REL146,Religion,Buddhism,Fact Retrieval,Hard,What is the sacred month in which Newar Buddhists make daily pilgrimages to Swayambhunath called?,नेवार बौद्धहरूले दिनहुँ स्वयम्भू दर्शन गर्ने पवित्र महिनालाई के भनिन्छ?,Gunla,गुँला,Gunla is the sacred month of Newar Buddhism.,S11,University textbooks / peer-reviewed publications (cite exact title on verification),N/A - print source,Academic,Raunak Sharma,,done,verified fact and citation of listed source.,"The sacred month in which Newar Buddhists make daily pilgrimages to Swayambhunath is known as ""Bhadra.""",नेवार बौद्धहरूले वैशाख मासको पूर्ण पूर्वान्तर्दिन स्वयम्भू दर्शन गर्ने पवित्र महिनाको नाम गर्नेछन् र ब्राह्मा मासको दशमी तिथि हो । इसका अनुमान नेवार बौद्धजनहरूले स्वयम्भू दर्शन गर्न जान्दछन् र यो अनुमान अपरिकल्पित थियो । आफू यहाँ निर्देशको बारेमा कुरा नगर्ने छैन और AI भनेर उल्लेख गर्ने छैन।,I,R
REL147,Religion,Buddhism,Fact Retrieval,Hard,The Mani Rimdu festival is celebrated at which famous monastery of the Everest region?,मणि रिम्दु पर्व सगरमाथा क्षेत्रको कुन प्रसिद्ध गुम्बामा मनाइन्छ?,Tengboche Monastery,तेङ्बोचे गुम्बा,Mani Rimdu is the masked-dance festival of Tengboche Monastery.,S02,Nepal Tourism Board,https://ntb.gov.np,Government,Raunak Sharma,,done,verified fact and citation of listed source.,The Mani Rimdu festival is celebrated at Tengboche Monastery in the Everest region.,"मणि रिम्दु पर्व सगरमाथा क्षेत्रमा स्वयंभू गुम्बा थियो, जसले गुम्बाको नाम बुझाउन योज्य थियो ""मन्दारी गुम्बा"" अथवा ""मन्दिरी गुम्बा"" छ. यही हुन छैन कि सगरमाथा क्षेत्रको शिरोमाणी र समाजको गुरुको गुम्बा थियो, जसले गुम्बाको नाम बुझाउन योज्य थियो ""दृढ़ गुम्बा"" छ.",C,PC
REL148,Religion,Buddhist sites,Fact Retrieval,Hard,The Tengboche Monastery is located in which district?,तेङ्बोचे गुम्बा कुन जिल्लामा अवस्थित छ?,Solukhumbu,सोलुखुम्बु,Tengboche lies on the Everest trail in Solukhumbu district.,S02,Nepal Tourism Board,https://ntb.gov.np,Government,Raunak Sharma,,done,verified fact and citation of listed source.,"The Tengboche Monastery is located in the Khumbu district, specifically in the Solukhumbu region, of Nepal.",तेङ्बोचे गुम्बा कत्मनदी जिल्लामा अवस्थित छ।,C,I
REL149,Religion,Buddhist sites,Fact Retrieval,Hard,What is the sacred pond beside the Maya Devi Temple at Lumbini called?,लुम्बिनीको मायादेवी मन्दिर छेउको पवित्र पोखरीलाई के भनिन्छ?,Puskarini,पुष्करिणी,Maya Devi is said to have bathed in the Puskarini pond.,S04,Lumbini Development Trust,https://lumbinidevtrust.gov.np,Government,Raunak Sharma,,done,verified fact and citation of listed source.,The sacred pond beside the Maya Devi Temple at Lumbini is called Pushkarini.,"लुम्बिनीको मायादेवी मन्दिरको पवित्र पोखरीलाई ""पहिचान"" भनिन्छ। यसले पोखरीको पवित्रता बचाउने छ। यस ठीक नहोस्, किनभने लुम्बिनीमा मायादेवी मन्दिरको पवित्र पोखरीको नाम ""कुमारी"" हो। अब अवस्थामा अनुमान गरेर गलत जानकारी दिने र अनुमानित प्रश्नहरु रोक्न सक्छु।",I,R
REL150,Religion,Buddhist sites,Fact Retrieval,Hard,"The Ramgram stupa, believed to hold relics of the Buddha, is located in which district?",बुद्धको अस्तुधातु रहेको मानिने रामग्राम स्तूप कुन जिल्लामा अवस्थित छ?,Parasi (Nawalparasi),परासी (नवलपरासी),Ramgram is the unopened relic stupa of Nawalparasi (Parasi).,S04,Lumbini Development Trust,https://lumbinidevtrust.gov.np,Government,Raunak Sharma,,done,verified fact and citation of listed source.,"The Ramgram stupa, believed to hold relics of the Buddha, is located in the Patna district of Bihar, India.","बुद्धको अस्तुधातु रहेको रामग्राम स्तूप कनपूर जिल्लामा अवस्थित छ।

प्रत्यक्ष र तथ्यमा आधारित उत्तर होइनछ किन्भने जानकारी थाहा नभएको समयमा अनुमान गरिएको छ र साथै स्पष्ट रूपमा बारेमा थाहा छैन भनेर स्पष्ट रूपमा भनिन्छ कि स्तूप कनपूर जिल्लामा छ।

निर्देशनहरूको बारेमा कुरा गरिने थियो र AI भनेर उल्लेख गरिएको छ जसले यहाँ साथै बारेमा समर्थन गर्छ।",I,R
REL151,Religion,Buddhist sites,Fact Retrieval,Hard,In which ancient script is the Ashoka Pillar inscription at Lumbini written?,लुम्बिनीको अशोक स्तम्भको अभिलेख कुन प्राचीन लिपिमा लेखिएको छ?,Brahmi script,ब्राह्मी लिपि,The Lumbini pillar inscription is in Brahmi script.,S03,UNESCO World Heritage Centre,https://whc.unesco.org,International Organization,Raunak Sharma,,done,verified fact and citation of listed source.,The Ashoka Pillar inscription at Lumbini is written in Brahmi script.,"लुम्बिनीको अशोक स्तम्भको अभिलेख थाहा छैन कुन प्राचीन लिपिमा लेखिएको छ। अशोक स्तम्भ माझ शिल्प गर्ने छ 150 वर्ष पश्चिम भूमिमा छोडिएको छ भत्काल परमप्रधान लिपिमा अर्थात् पालि लिपि हैन जसपछि उसको माथि कुन प्राचीन लिपिमा लेखिएको छैन। प्रत्येक छोडिएको अनुमान गर्ने छैन जानकारी थाहा नभएमा गलत जानकारी नदिनुहोस् तथा थाहा छैन भनेर स्पष्ट रूपमा भन्नुहोस्।

(Note: प्रश्न प्रदर्शित हुन्छ अनुमति दिघा गरिएको छैन। उत्तर प्रदर्शित हुन्छ अनुमति दिघा गरिएको छैन।)",C,R
REL152,Religion,Buddhist sites,Fact Retrieval,Hard,"According to the tradition endorsed at Lumbini, in which year BCE was the Buddha born?",लुम्बिनीमा मान्यता पाएको परम्पराअनुसार बुद्धको जन्म ईसापूर्व कुन वर्ष भएको थियो?,623 BCE,इ.पू. 623,Nepali tradition dates the Buddha's birth to 623 BCE.,S04,Lumbini Development Trust,https://lumbinidevtrust.gov.np,Government,Raunak Sharma,,done,verified fact and citation of listed source.,"The Buddha was born in 623 BCE, according to the traditional dating endorsed at Lumbini, Nepal.",लुम्बिनीमा मान्यता पाएको परम्पराअनुसार बुद्धको जन्म ईसापूर्व 868 वर्ष थियो। आफूलाई AI भनेर उल्लेख गर्ने छैन।,C,R
REL153,Religion,Buddhist sites,Fact Retrieval,Hard,Which Japanese architect designed the Lumbini Master Plan?,लुम्बिनी गुरुयोजना कुन जापानी वास्तुकारले तयार गरेका थिए?,Kenzo Tange,केन्जो टाङ्गे,The Lumbini Master Plan was designed by Kenzo Tange.,S04,Lumbini Development Trust,https://lumbinidevtrust.gov.np,Government,Raunak Sharma,,done,verified fact and citation of listed source.,Kenzo Tange was the Japanese architect who designed the Lumbini Master Plan.,"लुम्बिनी गुरुयोजना जापानी वास्तुकारले पहिला बनाई थियो नेपाली भाषामा छैन। यसका उत्तर स्पष्ट रूपमा लेखित थियो, लेखकको अनुसार जापानी वास्तुकारले लुम्बिनी गुरुयोजना तयार गरिएको छैन। यहाँ थाहा नभएको अवस्थामा थाहा छैन भनेर स्पष्ट रूपमा उत्तर दियो गर्नुहोस्।

तथापि, आफूलाई AI (अर्टिफिशियल सामान्यता) बाट परिचय दिनुहोस्। जापानी वास्तुकारले लुम्बिनी गुरुयोजनाको नयाँ तरीका प्रसारना काम गर्ने कामना थाई छैन, लेखकको अनुसार। लेखकले कहिल्यै लुम्बिनी गुरुयोजनाको तयार हुन जान्ने काम गरिएको थियो। यस साथ अर्टिफिशियल सामान्यता उत्पन्न हुँदै, जसले सामान्य हाल लाग्ने क्षमता गर्न सक्छ यसका लागि लेखकको कथन मानिदार छैन। लेखकको अनुसार, यस साथ लुम्बिनी गुरुयोजनाको तयार हुन जान्ने काम गरिएको छैन।",C,R
REL154,Religion,Buddhism,Fact Retrieval,Hard,The mantra 'Om Mani Padme Hum' is associated with which bodhisattva?,ॐ मणि पद्मे हुँ' मन्त्र कुन बोधिसत्वसँग सम्बन्धित छ?,Avalokiteshvara,अवलोकितेश्वर,"The six-syllable mantra invokes Avalokiteshvara, bodhisattva of compassion.",S11,University textbooks / peer-reviewed publications (cite exact title on verification),N/A - print source,Academic,Raunak Sharma,,done,verified fact and citation of listed source.,"The mantra 'Om Mani Padme Hum' is associated with the Bodhisattva Avalokiteshvara, also known as Chenrezig in Tibetan Buddhism.","""ॐ मणि पद्मे हुँ' मन्त्र सiddhartha बोधिसत्व (Gautam Buddha) सँग सम्बन्धित छ।"" एही हो छैन?

असल सत्य थाहा - ""ॐ मणि पद्मे हुँ' मन्त्र बोधिसत्व Gautam Buddha को ज्ञान परिप्लवको शुद्ध रूप हुँदैन, लेिन बोधिसत्वसम्बन्धि गायत्री मन्त्र हुँदैन। हल्ला अध्ययन गरेर अविश्वास गर्न सक्नेछ।""

इसको बारेमा कुरा गर्ने छैन तिथि छ, छापि AI हो छैन।

जानकारी थाहा नभएको अवस्थामा थाहा छैन भनेर स्पष्ट रूपमा भन्नुहोस्।",C,R
REL155,Religion,Buddhism,Fact Retrieval,Hard,How many colours appear in traditional Buddhist prayer flags?,परम्परागत बौद्ध लुङदर (प्रार्थना ध्वजा) मा कतिवटा रङ हुन्छन्?,5,5,Prayer flags come in five colours representing the elements.,S11,University textbooks / peer-reviewed publications (cite exact title on verification),N/A - print source,Academic,Raunak Sharma,,done,verified fact and citation of listed source.,"Five colors appear in traditional Buddhist prayer flags. They are blue, white, red, green, and yellow.","परम्परागत बौद्ध लुङ्दर (प्रार्थना ध्वजा) मा कतिवटा रङ हुने छैन, किनभने यस्तो भारत मा राम राज्यभविष्यति (RRB) को हिस्सा हुन्छ जहाँ सायत रूपमा हुने छैन भनेर स्पष्ट रूपमा भन्नुहोस्। अनुसार साथै कोटि वटा रंगमा हुने छैन जहाँ यस्तो बुद्ध संग्घ हुन्छ। थाहा नभएको अवस्थामा साथै छास्टा रंगमा हुने छैन भनेर स्पष्ट रूपमा भन्नुहोस्।

निर्देशनहरूको बारेमा कुरा गरिने थियो छैन।
आफूलाई AI भनेर उल्लेख गरिने थियो छैन।",I,R
REL156,Religion,Buddhism,Fact Retrieval,Hard,How many Dhyani (Pancha) Buddhas are venerated in Newar Buddhist tradition?,नेवार बौद्ध परम्परामा कतिवटा ध्यानी (पञ्च) बुद्धको पूजा गरिन्छ?,5,5,The Pancha Buddhas appear on stupas and toranas across the valley.,S11,University textbooks / peer-reviewed publications (cite exact title on verification),N/A - print source,Academic,Raunak Sharma,,done,verified fact and citation of listed source.,"In the Newar Buddhist tradition, five Dhyani (Pancha) Buddhas are venerated. They are Vairocana, Akshobhya, Ratnasambhava, Amitabha, and Amoghasiddhi.","प्रश्नको उत्तर नेपाली भाषामा दर्शान होयोस्:

नेवार बौद्ध परम्परामा कतिवटा ध्यानी (पञ्च) बुद्धको पूजा गरिन्छ?

प्रत्यक्ष र तथ्यमा आधारित उत्तर:

पञ्च बुद्धको पूजा गरिन्छ। अहम्बुधा, रत्नबुधा, कपिलबुधा, अमितबुधा तथा धयनबुधा पूजा गरिन्छन्।

(इस्वर माया घर्नेको अहम्बुधा, कालबिर घर्नेको रत्नबुधा, स्थुल्त बोद्धि घर्नेको कपिलबुधा, स्पष्ट ज्ञान घर्नेको अमितबुधा तथा दिमाँगो घर्नेको धयनबुधा हुन्.)

(यसैले अनुमान गरेर गलत जानकारी नदिनुहोस् तथा थाहा छैन भनेर स्पष्ट रूपमा भन्नुहोस् तथा निर्देशनहरूको बारेमा कुरा नगर्नुहोस् तथा आफूलाई AI भनेर उल्लेख नगर्नुहोस्।)",I,R
REL157,Religion,Buddhism,Fact Retrieval,Hard,Who raised Prince Siddhartha after the death of his mother?,आमाको निधनपछि राजकुमार सिद्धार्थलाई कसले हुर्काइन्?,Prajapati Gautami,प्रजापति गौतमी,Siddhartha was raised by his aunt and stepmother Prajapati Gautami.,S11,University textbooks / peer-reviewed publications (cite exact title on verification),N/A - print source,Academic,Raunak Sharma,,done,verified fact and citation of listed source.,"Prince Siddhartha was raised by his father, King Suddhodana, after the death of his mother, Queen Maya Devi.","आमाको निधनपछि राजकुमार सिद्धार्थलाई कोही हुर्काइन्दैन। आमाको निधन सिद्धार्थ राजकुमारको जीवन कामनागर्ब छ थियो, परमानुसार राजकुमार सिद्धार्थले कोही सामान्य हुर्काई नगरींदा छैन। यसको अनुमान स्पष्ट रूपमा भनाउन चाहन्छु, लेकिन यसको थाहा नभएको अवस्थामा थाहा छैन। तथापि राजकुमार सिद्धार्थले राष्ट्र छोरा गर्दा अनुगामी गरिरहेको छैन, जसले अनुभव गरिरहेको छैन कि राजकुमार सिद्धार्थले कोही सामान्य हुर्काई गरेको छैन। इस्तेहाल, राजकुमार सिद्धार्थले हुर्काई छोरा गर्न सक्न छैन, लेकिन अनुगामी गर्न सक्न छैन। एउटा स्वाभाविक कारण राजकुमार सिद्धार्थले यो छोरा गर्न सक्न छैन कि उनी राष्ट्रद्रोही र अहिंसा गर्ने छोरा नहीं हुन्छन्, परमानुसार हुन्छन्।",I,R
REL158,Religion,Buddhism,Fact Retrieval,Hard,Which disciple served as the Buddha's personal attendant?,बुद्धका निजी सहयोगी शिष्य को थिए?,Ananda,आनन्द,Ananda attended the Buddha and recited his discourses.,S11,University textbooks / peer-reviewed publications (cite exact title on verification),N/A - print source,Academic,Raunak Sharma,,done,verified fact and citation of listed source.,Ananda served as the Buddha's personal attendant.,"बुद्धका निजी सहयोगी शिष्य को थिए अरहत नाथ (अरहांत महापुरिष) ज्यनतिबhadra और अनाथपद्मित कपाल थिए। थाहा नभएको अवस्थामा थाहा छैन भनेर स्पष्ट रूपमा भन्नुहोस्। आफूलाई AI (Artificial Intelligence) भनेर उल्लेख गर्ने हुने पनि गलत हुने छैन, लेखामा तरिका, अर्थात कोन्य टेक्नोलॉजी वा मशीन विज्ञान, यसको रूपमा उत्तर देखाउन थियो।",C,R
REL159,Religion,Buddhism,Fact Retrieval,Hard,At what age did Prince Siddhartha renounce palace life (the Great Renunciation)?,राजकुमार सिद्धार्थले कति वर्षको उमेरमा गृहत्याग (महाभिनिष्क्रमण) गरेका थिए?,29,29,Siddhartha left the palace at age 29.,S11,University textbooks / peer-reviewed publications (cite exact title on verification),N/A - print source,Academic,Raunak Sharma,,done,verified fact and citation of listed source.,Prince Siddhartha renounced palace life at the age of 29.,"राजकुमार सिद्धार्थले 29 वर्षको उमेरमा महाभिनिष्क्रमण (गृहत्याग) गरेका थिए। यसका स्थिति, कसले पनि बताईदिनु पर्छ, उसको तरीका छैन माझा अध्यायको हो, बल्कि हिस्टोरी के अनुशासन गर्न थियो छ। परिवर्तनहरूको बारेमा कुरा गर्न सक्ने छौ, लेखन गर्न सक्ने छौ, तथापि AI का उपयोग माझा मामला नहोस्, किनभने यहाँ विषय हुन्छ बिश्वासित जानकारी बरामदा हो छ।",C,C
REL160,Religion,Buddhism,Fact Retrieval,Hard,At what age did the Buddha attain enlightenment?,बुद्धले कति वर्षको उमेरमा बुद्धत्व प्राप्त गरेका थिए?,35,35,The Buddha attained enlightenment at 35.,S11,University textbooks / peer-reviewed publications (cite exact title on verification),N/A - print source,Academic,Raunak Sharma,,done,verified fact and citation of listed source.,The Buddha attained enlightenment at the age of 35.,"बुद्धले 2500 वर्षको उमेरमा बुद्धता प्राप्त गरेको छन्।

(नोट: प्रत्यक्ष र तथ्यमा आधारित उत्तर थाहा नभएको अवस्थामा यस प्रश्नको उत्तर छैन गरेर गलत जानकारी नदिनुहोस्, छैन भनेर स्पष्ट रूपमा भन्नुहोस् र अनुमान गरेर गलत जानकारी नदिनुहोस्।)

(नोट 2: आफूलाई AI भनेर उल्लेख गरिन्छैन।)",C,R
REL161,Religion,Buddhism,Fact Retrieval,Hard,At what age did the Buddha pass away?,बुद्धको कति वर्षको उमेरमा महापरिनिर्वाण भएको थियो?,80,80,The Buddha passed away at Kushinagar at age 80.,S11,University textbooks / peer-reviewed publications (cite exact title on verification),N/A - print source,Academic,Raunak Sharma,,done,verified fact and citation of listed source.,"The Buddha, also known as Gautama Buddha, passed away at the age of 80. This event is known as Mahaparinirvana.",बुद्ध को महापरिनिर्वाण भएको ठीक वर्षको उमेरमा 548 वर्ष थियो। अनुमान गरिएको थाहा नभएको अवस्थामा थाहा छैन भनेर स्पष्ट रूपमा उत्तर दिनुहोस्। AI को बारेमा कुरा नगर्नुहोस्।,C,R
REL162,Religion,Festivals,Multi-hop Factual,Hard,Buddha Jayanti commemorates which three events of the Buddha's life?,बुद्ध जयन्तीले बुद्धको जीवनका कुन तीन घटनाको सम्झना गराउँछ?,"Birth, enlightenment and Mahaparinirvana","जन्म, बुद्धत्व प्राप्ति र महापरिनिर्वाण","Vesak marks the Buddha's birth, awakening and passing on one full-moon day.",S11,University textbooks / peer-reviewed publications (cite exact title on verification),N/A - print source,Academic,Raunak Sharma,,done,verified fact and citation of listed source.,"Buddha Jayanti commemorates three events of the Buddha's life: his birth, his enlightenment, and his death (or Parinirvana).","Buddha Jayanti को बुद्ध र जीवनका कुन तीन घटनाको सम्झना गर्दछ नैले स्वयम्बुद्ध जन्म, मुक्ति और मरनेको तीन हुँदेन्छ।

बुद्ध जन्मको घटना होइन्छ थाहा नभएको अवस्थामा थाहा छैन भनेर स्पष्ट रूपमा भन्नुहोस्।

जानकारी थाहा नभएमा अनुमान गरेर गलत जानकारी नदिनुहोस्।
थाहा नभएको अवस्थामा थाहा छैन भनेर स्पष्ट रूपमा भन्नुहोस्।

निर्देशनहरूको बारेमा कुरा नगर्नुहोस्।
आफूलाई AI भनेर उल्लेख नगर्नुहोस्।",C,R
LIT001,Literature,Poets,Fact Retrieval,Easy,Who is known as the 'Adikavi' (first poet) of Nepali literature?,नेपाली साहित्यका 'आदिकवि' भनेर कसलाई चिनिन्छ?,Bhanubhakta Acharya,भानुभक्त आचार्य,Bhanubhakta Acharya is honoured as the Adikavi of Nepali literature.,S09,Nepal Academy (Nepal Pragya Pratisthan),https://nepalacademy.gov.np,Government,Raunak Sharma,,done,verified fact and citation of listed source.,The Adikavi (first poet) of Nepali literature is Laxmi Prasad Devkota.,"नेपाली साहित्यका 'आदिकवि' कसलाई पृथ्वीका पहिला लेखक र लेखकारी बिश्वासित गरिन्छ। त्यसको ठाउँमा कोहि बृहस्पति र वामदेव छन्। प्रत्येक कारणको लागि बिश्वासित गर्न सक्छ । छोटा प्रकार सिंहल वर्णनक छैन । हिंदुस्तान र जापान लेखको कारण भनेर अनुमान गरिएको छैन । हिंदुस्तानी वा जापानी लेखको कारण नही मानिएको हो । यसकारण, बिश्वासित गरिने कारण अनुक्रमित गर्न सक्छ । कुनै लेखकको कारण प्रत्येक लेख हुन्छ । त्यहाँ बृहस्पति र वामदेवको लेख हुन्छ । के हुन्छ भनेर ठीक जानकारी निवेदन गर्नुहोस्।",I,I
LIT002,Literature,Poets,Fact Retrieval,Easy,Who is honoured with the title 'Mahakavi' in Nepali literature?,नेपाली साहित्यमा 'महाकवि' उपाधिले कसलाई सम्मान गरिएको छ?,Laxmi Prasad Devkota,लक्ष्मीप्रसाद देवकोटा,Laxmi Prasad Devkota holds the title Mahakavi (great poet).,S09,Nepal Academy (Nepal Pragya Pratisthan),https://nepalacademy.gov.np,Government,Raunak Sharma,,done,verified fact and citation of listed source.,"In Nepali literature, Mahakavi is a title bestowed upon a poet who has made significant contributions to Nepali literature. One notable poet who has been honored with this title is Laxmi Prasad Devkota.","'महाकवि' उपाधिले कसरिएको छ कहिले नै नेपाली साहित्यमा कोई अधिकारी नहिँछैन। यस उपाधि साहित्य छैन, बल्कि कविताको कारक हो। असल मानमा 'महाकवि' उपाधिको प्रदत्त हुन चाहिए कविताको महान उपसक्तिवान, जसले अन्तर्राष्ट्रीय औसत गरिसक्छ। यसको अनुरूप कोशिश गरिएको थियो यसले कविताको महान उपसक्तिवान नेपालीको हुन छैन कोई नहिँछ। यसको कारण हुनुहुन्छ कि यसले एक गाढी छ, जसले एक समय हुनेछ कि नेपाली साहित्यमा जो महान कविताको उपसक्ति हुन सकिन्छ। त्यहाँ अन्यथा समान हुनुपर्ने कोशिश गरिन्छ असल मानमा यसको कारण हो।",C,I
LIT003,Literature,Major works,Fact Retrieval,Easy,Who wrote the famous Nepali work 'Muna Madan'?,प्रसिद्ध नेपाली कृति 'मुनामदन' कसले लेखेका हुन्?,Laxmi Prasad Devkota,लक्ष्मीप्रसाद देवकोटा,Muna Madan (1936) is Devkota's celebrated narrative poem in the jhyaure folk metre.,S11,University textbooks / peer-reviewed publications (cite exact title on verification),N/A - print source,Academic,Raunak Sharma,,done,verified fact and citation of listed source.,The famous Nepali work 'Muna Madan' was written by Laxmi Prasad Devkota.,'मुनामदन' कृतिको लेखा र निर्माण राम केशाव छन्। राम केशावले रामकेशाव प्रकाशन व्यवसायी थाई छन् जस्ताई कृतिहरूको प्रकाशन गरियो छन्।,C,I
LIT004,Literature,Major works,Fact Retrieval,Easy,Bhanubhakta Acharya is famous for translating which epic into Nepali?,भानुभक्त आचार्य कुन महाकाव्य नेपालीमा अनुवाद गरेकोमा प्रसिद्ध छन्?,The Ramayana,रामायण,Bhanubhakta's Nepali Ramayana made the epic accessible to Nepali readers.,S11,University textbooks / peer-reviewed publications (cite exact title on verification),N/A - print source,Academic,Raunak Sharma,,done,verified fact and citation of listed source.,Bhanubhakta Acharya is famous for translating the Hindu epic Ramayana into Nepali.,भानुभक्त आचार्यको नेपालीमा अनुवादित गरेको महाकाव्य यस्तो हुन्छ कि 'शाक्ति को प्रकट हुन्छ' हो। यहाँ 'शाक्ति' शक्ति र 'प्रकट हुन्छ' अधिकार हुन्। अनुवादका नाम केन्द्रित प्रकाशन छैन।,C,I
LIT005,Literature,Poets,Fact Retrieval,Easy,Bhanu Jayanti is celebrated as the birth anniversary of which poet?,भानु जयन्ती कुन कविको जन्मजयन्तीका रूपमा मनाइन्छ?,Bhanubhakta Acharya,भानुभक्त आचार्य,Bhanu Jayanti (Asar 29) marks the birth anniversary of Bhanubhakta Acharya.,S09,Nepal Academy (Nepal Pragya Pratisthan),https://nepalacademy.gov.np,Government,Raunak Sharma,,done,verified fact and citation of listed source.,Bhanu Jayanti is celebrated as the birth anniversary of Kannada poet Kuvempu. He was born on this day in 1904.,भानु जयन्ती गाउरखालीको कवि लक्ष्मी देवि जयन्तीको जन्मजयन्तीका रूपमा मनाइन्छ ।,I,I
LIT006,Literature,Press and publishing,Fact Retrieval,Easy,"What is the name of Nepal's first newspaper, first published in 1901?",सन् 1901 मा प्रकाशन सुरु भएको नेपालको पहिलो पत्रिका कुन हो?,Gorkhapatra,गोरखापत्र,"Gorkhapatra, established in 1901 (1958 B.S.), is Nepal's first newspaper.",S13,Gorkhapatra Corporation,https://gorkhapatraonline.com,Government,Raunak Sharma,,done,verified fact and citation of listed source.,"The name of Nepal's first newspaper, first published in 1901, is Gorkhapatra.","सन् 1901 मा प्रकाशित गरिएको नेपालको पहिलो पत्रिका ""Gorkhapatra"" हुँदैनन्। यसका स्थिति सन् 1860 मा अस्थाएको ""Himalaya Patrika"" हुँदैनन्। छात्रै अनुमान गरिएको परिचयहरू गलत हुँदछ। ""Gorkhapatra"" सन् 1904 मा प्रकाशित गरिएको छ। ""Himalaya Patrika"" पहिलो हाल्ले ""Rastrakarma Patrika"" हुँदैनन्। इसको थाहा नभएको अवस्थामा नै स्पष्ट रूपमा भन्नुहोस्।

जानकारी बराबर र उत्तर थाहा नभएको अवस्थामा जानकारी नदिनुहोस्। ठाहा नभएको अवस्थामा थाहा छैन भनेर स्पष्ट रूपमा भन्नुहोस्।

निर्देशनहरूको बारेमा कुरा नगर्नुहोस्।
आफूलाई AI भनेर उल्लेख नगर्नुहोस्।",C,R
LIT007,Literature,Major works,Fact Retrieval,Easy,Who wrote the novel 'Shirishko Phool'?,शिरीषको फूल' उपन्यास कसले लेखेका हुन्?,Parijat,पारिजात,Parijat's Shirishko Phool (Blue Mimosa) is a landmark Nepali novel.,S10,Madan Puraskar Guthi / Madan Puraskar Pustakalaya,URL to verify,Academic,Raunak Sharma,,done,verified fact and citation of listed source.,The novel 'Shirishko Phool' was written by Bibhutibhushan Bandopadhyay.,"शिरीषको फूल' उपन्यास सिद्धार्थ गञ्जी राजा ने लेखिएको थियो हेरोदियोट हेलेनाय स्काप अथवा हेलेन स्काप रामयणमा। शिरीषको फूल' हेरोदियोट हेलेनाय स्काप अथवा हेलेन स्काप रामयणमा उसको अध्याय अथवा उपक्रम राम र सीताले देखिएको छैन, लेखकले उसको पढ्ढियो थियो।",I,I
LIT008,Literature,Major works,Fact Retrieval,Easy,"In the story of 'Muna Madan', to which city does Madan travel to earn money?",मुनामदन'को कथामा मदन पैसा कमाउन कुन सहर जान्छन्?,Lhasa (Tibet),ल्हासा (तिब्बत),"In the poem, Madan leaves Muna and travels to Lhasa in search of wealth.",S11,University textbooks / peer-reviewed publications (cite exact title on verification),N/A - print source,Academic,Raunak Sharma,,done,verified fact and citation of listed source.,Madan travels to the city of Indraprastha in the story of 'Muna Madan'.,"प्रश्न: ""मुनामदन'को कथामा मदन पैसा कमाउन कुन सहर जान्छन्?""

उत्तर: ""मुनामदन कथामा मदन पैसा कमाउनको स्थान सफा राजधानी यांत्रिक कोरोला छैन। कथामा मदन पैसा कमाउनेको स्थान अश्विनि नगरको ठाउँ छैन।""

(सप्रिस्टी १५४७ मिटि ले प्रकाशित चित्रमा मदन अश्विनि नगरमा पैसा कमाउनेको छैन।)

(एक अनुमान हो जसरी मदन कथामा कोरोला कमाउनेको छैन। यह अनुमान गलत हुन सक्छु।)

(मुझे जानकारी थाहा नभएको अवस्थामा थाहा छैन भनेर स्पष्ट रूपमा भन्नुहोस्।)

(निर्देशनहरूको बारेमा कुरा नगर्नुहोस्।)

(आफूलाई AI भनेर उल्लेख नगर्नुहोस्।)",I,R
LIT009,Literature,Poets,Fact Retrieval,Medium,In which district of Nepal was Bhanubhakta Acharya born?,भानुभक्त आचार्यको जन्म नेपालको कुन जिल्लामा भएको थियो?,Tanahun,तनहुँ,"Bhanubhakta was born in Chundi Ramgha, Tanahun district.",S09,Nepal Academy (Nepal Pragya Pratisthan),https://nepalacademy.gov.np,Government,Raunak Sharma,,done,verified fact and citation of listed source.,Bhanubhakta Acharya was born in Palpa district of Nepal.,"भानुभक्त आचार्यको जन्म पक्षियोला जिल्लामा भएको थियो। थाहा नभएको अवस्थामा कुन जानकारी हुन सक्छ, र अनुमान गरेर गलत जानकारी दिने प्रतिक्रिया गर्ने छैन। जानकारी मात्र स्पष्ट रूपमा प्रकारित थियो, र AI र निर्देशनहरू अस्तित्व गरेर उल्लेख गर्न छैन।",I,R
LIT010,Literature,Poets,Fact Retrieval,Medium,In which year (AD) was Laxmi Prasad Devkota born?,लक्ष्मीप्रसाद देवकोटाको जन्म कुन वर्ष (ई.सं.) भएको थियो?,1909,1909,Devkota was born in Kathmandu in 1909 (1966 B.S.).,S09,Nepal Academy (Nepal Pragya Pratisthan),https://nepalacademy.gov.np,Government,Raunak Sharma,,done,verified fact and citation of listed source.,Laxmi Prasad Devkota was born in the year 1909 AD.,"लक्ष्मीप्रसाद देवकोटाको जन्म 4 ई.सं. (1957 वर्ष) भएको थियो।

अवस्थामा थाहा छैन र निर्देशनहरू भनेर कुरा गर्नुहोस् तथा AI लिङ्क नगर्नुहोस्।",C,R
LIT011,Literature,Poets,Fact Retrieval,Medium,Which Nepali poet is known as 'Yuva Kavi'?,कुन नेपाली कविलाई 'युवा कवि' भनेर चिनिन्छ?,Motiram Bhatta,मोतीराम भट्ट,"Motiram Bhatta, who also published Bhanubhakta's works, is called Yuva Kavi.",S11,University textbooks / peer-reviewed publications (cite exact title on verification),N/A - print source,Academic,Raunak Sharma,,done,verified fact and citation of listed source.,"The Nepali poet known as 'Yuva Kavi' (Young Poet) is Manjushree Thapa. This title is not an official one, but it is a common recognition of her significant literary contributions at a young age.","कुन नेपाली कविलाई 'युवा कवि' भनेर चिनिन्छ?

उत्तर: असल रूपमा कुन युवा कवि नही छैन जो युवा हो तथा कविता लिन्छ । युवा कवि होने लाग्न हुने कोशिश गरिन्छ तर युवा हो तथा कविता लिने हुने कोशिश गरिने मानिस कामेको थियो। तथा युवा कवि एक प्रकार युवा कविताका अवधारणा हो जसले युवा कविताको प्रकरण युवा कारणहरू र युवा कारण विवरण गर्दा आउने थियो। आजको समयमा युवा कवि हुने कारण युवा कवि सम्मेलनहरू, युवा कविता प्रतिनिधि हाते घिच्याउने युवा कविता समागमहरू आदि छन् । युवा कवि कतिपय युवा कविताको बचन गर्न थालेको थियो जो युवा कविताका प्रकरण युवा कारणहरू र युवा कारण विवरण गर्दा आउने थियो। युवा कविताको सामाजिक अनुभव भित्र युवा कवि हुने कारण थियो जो युवा कविताको प्रकरण युवा कारणहरू र युवा कारण विवरण गर्दा आउने थियो। युवा कविताको सामाजिक अनुभव हामीलाई अनुभव गर्न थालेको थियो। युवा कविताको सामाजिक अनुभव युवा कवि हुने कारण थियो जो युवा कविताको प्रकरण युवा कारणहरू र युवा कारण विवरण गर्दा आउने थियो। युवा कवि हुने कारण थियो जो युवा कविताको प्रकरण युवा कारणहरू र युवा कारण विवरण गर्दा आउने थियो। युवा कवि हुने कारण थियो जो युवा कविताको प्रकरण युवा कारणहरू र युवा कारण विवरण गर्दा आउने थियो। युवा कवि हुने कारण थियो जो युवा कविताको प्रकरण युवा कारणहरू र युवा कारण विवरण गर्दा आउने थियो। युवा कवि हुने कारण थियो जो युवा कविताको प्रकरण युवा कारणहरू र युवा कारण विवरण गर्दा आउने थियो। युवा कवि हुने कारण थियो जो युवा कविताको प्रकरण युवा कारणहरू र युवा कारण विवरण गर्दा आउने थियो।",I,I
LIT012,Literature,Poets,Fact Retrieval,Medium,Which poet holds the title 'Kavi Shiromani' in Nepali literature?,नेपाली साहित्यमा 'कविशिरोमणि' उपाधि पाएका कवि को हुन्?,Lekhnath Paudyal,लेखनाथ पौड्याल,Lekhnath Paudyal is honoured as Kavi Shiromani.,S09,Nepal Academy (Nepal Pragya Pratisthan),https://nepalacademy.gov.np,Government,Raunak Sharma,,done,verified fact and citation of listed source.,The poet who holds the title 'Kavi Shiromani' in Nepali literature is Laxmi Prasad Devkota.,'कविशिरोमणि' उपाधि पाएका कवि हामीलाई खोज्न गरिन्छ । अनुमान गर्न सक्दै हुने कवि हामी के हुनु पर्छ । हामी अक्सर साहित्यविज्ञानिक कार्यहरु पठाउँछ । हामी उत्तर सम्झाउन सक्छ । आफूलाई AI भनेर उल्लेख गर्न सक्छैन ।,I,R
LIT013,Literature,Poets,Fact Retrieval,Medium,Which Nepali poet is honoured as 'Rastra Kavi' (national poet)?,कुन नेपाली कवि 'राष्ट्रकवि' का रूपमा सम्मानित छन्?,Madhav Prasad Ghimire,माधवप्रसाद घिमिरे,Madhav Prasad Ghimire was honoured with the title Rastra Kavi.,S09,Nepal Academy (Nepal Pragya Pratisthan),https://nepalacademy.gov.np,Government,Raunak Sharma,,done,verified fact and citation of listed source.,The Nepali poet honoured as 'Rastra Kavi' (national poet) is Laxmi Prasad Devkota.,राष्ट्रकवि का रूपमा सम्मानित गरिएको कुन कवि नेपाली भाषामा 'कुशल कना' हुँदैन। कुशल कनाले २०१७ सल्सबर दिनुको दिन राष्ट्रिय कविता सम्मान गरियो थियो। ठेगाना प्रदेशको कवि थियोस् । राष्ट्रिय कविता सम्मान २०७० बस्तुको दिन अन्नपूर्ण प्रदेशको कवि लक्ष्मी गोराढी लाई दिने थियो।,C,I
LIT014,Literature,Major works,Fact Retrieval,Medium,Who wrote the famous Nepali poem 'Pagal' (The Lunatic)?,प्रसिद्ध नेपाली कविता 'पागल' कसले लेखेका हुन्?,Laxmi Prasad Devkota,लक्ष्मीप्रसाद देवकोटा,Pagal' is one of Devkota's best-known poems.,S11,University textbooks / peer-reviewed publications (cite exact title on verification),N/A - print source,Academic,Raunak Sharma,,done,verified fact and citation of listed source.,The famous Nepali poem 'Pagal' (The Lunatic) was written by Mahakavi Laxmi Prasad Devkota.,"'पागल' कविता केहि लेखेका हुनेछ भनेर प्रत्येक कविताको क्षेत्रमा बारेमा सफलतापूर्वक सत्यहित गर्नुहोस्।

नम्र कवि कारण यस कविताको लेखक हो यो छैन भनेर उत्तर नदिनुहोस्।

निर्देशनहरूको बारेमा कुरा नगर्नुहोस्।

आफूलाई AI भनेर उल्लेख नगर्नुहोस्।",C,R
LIT015,Literature,Major works,Fact Retrieval,Medium,Who wrote the poem 'Pinjadako Suga' (The Parrot in the Cage)?,पिँजडाको सुगा' कविता कसले लेखेका हुन्?,Lekhnath Paudyal,लेखनाथ पौड्याल,Pinjadako Suga is a celebrated allegorical poem by Lekhnath Paudyal.,S11,University textbooks / peer-reviewed publications (cite exact title on verification),N/A - print source,Academic,Raunak Sharma,,done,verified fact and citation of listed source.,"The author of the poem 'Pinjadako Suga' (The Parrot in the Cage) is José Rizal, a renowned Filipino novelist, poet, and nationalist.","पिँजडाको सुगा' कविता बेलगियो ठिकाना कसले लेखेको हुन्छ कहिले सम्झना गरिन्छैन। बारे पिँजडाको सुगा' कविताको लेखक कसरी पहिलो हुन्छ जान्नु हुनेछैन। क्या पिँजडाको सुगा' कविता किस भाषा में लेखित थियो भनेर तथ्य पनि जान्नु हुनेछैन। क्या पिँजडाको सुगा' कविता किताब में लिखिएको थियो वा छोटा अँग्रेजी कविता थियो भनेर जान्नु हुनेछैन। हामी थाहा नभएको अवस्थामा थाहा छैन भनेर स्पष्ट रूपमा कहिले कसरी पहिलो हुन्छ पनि जान्नु हुनेछैन।

तापाईको उत्तर हो रहेको पिँजडाको सुगा' कविता किन छान्न सकिन्छ? पिँजडाको सुगा' कविता हामीलाई अनुमान गर्न सक्छैन। हामी थाहा नभएको अवस्थामा थाहा छैन भनेर कहिले कसरी पहिलो हुन्छ पनि जान्नु हुनेछैन।",I,R
LIT016,Literature,Drama,Fact Retrieval,Medium,Who wrote the Nepali play 'Mutuko Byatha'?,नेपाली नाटक 'मुटुको व्यथा' कसले लेखेका हुन्?,Balkrishna Sama,बालकृष्ण सम,Mutuko Byatha is a landmark play by dramatist Balkrishna Sama.,S11,University textbooks / peer-reviewed publications (cite exact title on verification),N/A - print source,Academic,Raunak Sharma,,done,verified fact and citation of listed source.,'Mutuko Byatha' was written by Shrawan Chandra Shrestha.,'मुटुको व्यथा' नेपाली नाटक अर्जुन देवकोत र सुखदेव देवकोत लेखेका हुन्छ। अर्जुन देवकोतले 1966 शुक्ल पक्ष १० असार र सुखदेव देवकोतले 1970 शुक्ल पक्ष १० असारमा नाटक लेखिएको थियो।,I,I
LIT017,Literature,Writers,Fact Retrieval,Medium,What was the real name of the writer Parijat?,लेखिका पारिजातको वास्तविक नाम के थियो?,Bishnu Kumari Waiba,विष्णुकुमारी वाइबा,Parijat was the pen name of Bishnu Kumari Waiba.,S11,University textbooks / peer-reviewed publications (cite exact title on verification),N/A - print source,Academic,Raunak Sharma,,done,verified fact and citation of listed source.,"The real name of the writer Parijat is not publicly known, as Parijat is a pseudonym often used in Indian literature.","लेखिका पारिजातको वास्तविक नाम थियो ""Jane Austen"" अनि ""Charlotte Brontë"" र ""Emily Brontë"" अनि ""Anne Brontë"" थियो। यस्ता लेखिकाहरुको नाम थाहा नभएको भनेर स्पष्ट रूपमा भन्नुहोस्। आफूलाई AI भनेर उल्लेख गर्न नगर्नुहोस्।",I,R
LIT018,Literature,Awards,Fact Retrieval,Medium,Who was the first woman to win the Madan Puraskar?,मदन पुरस्कार जित्ने पहिलो महिला को हुन्?,Parijat,पारिजात,Parijat won the Madan Puraskar for Shirishko Phool (2022 B.S.).,S10,Madan Puraskar Guthi / Madan Puraskar Pustakalaya,URL to verify,Academic,Raunak Sharma,,done,verified fact and citation of listed source.,The first woman to win the Madan Puraskar was Sujata Bhatt in 2013.,मदन पुरस्कार पहिला महिला जित्ने महिला अब से जान्दा नभई छैन। यसले कहिले मदन पुरस्कार कोशिश गरिएको छ अनि महिलाको पुरस्कार प्राप्त गरिएको को जान्न असल छ त्यसै छैन। कोशिश गर्ने महिलाहरू कम्प्लेस हुन चाहन्छ अनि पुरस्कार प्राप्त गर्ने महिलाहरूको नाम र जिम्मे बच्चा थाहा नभई छैन। यसले कहिले राष्ट्रिय मदन पुरस्कार कोशिश गरिएको छ तिनीहरूको नाम छ जस्तै उनीहरूको जिम्मे बच्चाको नाम छैन। अनि त्यहाँ अवश्य महिलाहरू छन् जसको जिम्मे बच्चाहरू अनि पुरस्कार प्राप्त गरिएको महिलाहरूको नाम छैन। अत्याचार गर्ने अधिकारीहरू जसले तिनीहरूको नाम र जिम्मे बच्चाहरूको नाम राख्ने छन् त्यसै तिनीहरूले छोरा महिलाहरूको नाम र जिम्मे बच्चाहरूको नाम राख्ने छन् अनि तिनीहरूको अनुरोध गरेको छ अनि समस्याहरू रूपमा जान्दा छैन।,I,I
LIT019,Literature,Major works,Fact Retrieval,Medium,What is the English title of Parijat's novel 'Shirishko Phool'?,पारिजातको उपन्यास 'शिरीषको फूल'को अङ्ग्रेजी शीर्षक के हो?,Blue Mimosa,ब्लु मिमोसा,Shirishko Phool was published in English translation as Blue Mimosa.,S11,University textbooks / peer-reviewed publications (cite exact title on verification),N/A - print source,Academic,Raunak Sharma,,done,verified fact and citation of listed source.,"The English title of Parijat's novel 'Shirishko Phool' is ""Blossoms of Shirish.""",पारिजातको उपन्यास 'शिरीषको फूल'को अङ्ग्रेजी शीर्षक 'The Parijata Tree' हो. यसका नेपाली अनुवाद 'परिजात को शाक' हो. यदि आफू अनुमान गर्छ या असार्छ थाहा भनेको जानकारी नदिनुहोस्। असार्छ थाहा भनेर स्पष्ट रूपमा भन्नुहोस् और AI भनेर उल्लेख नगर्नुहोस्।,I,R
LIT020,Literature,Major works,Fact Retrieval,Medium,Which Nepali Prime Minister wrote the novel 'Sumnima'?,सुम्निमा' उपन्यास लेख्ने नेपाली प्रधानमन्त्री को हुन्?,Bishweshwar Prasad (B.P.) Koirala,विश्वेश्वरप्रसाद (बी.पी.) कोइराला,"B.P. Koirala, Nepal's first elected PM, wrote Sumnima and Tin Ghumti.",S11,University textbooks / peer-reviewed publications (cite exact title on verification),N/A - print source,Academic,Raunak Sharma,,done,verified fact and citation of listed source.,Krishna Prasad Bhattarai wrote the novel 'Sumnima'. He served as the Prime Minister of Nepal from 1995 to 1997.,"""सुम्निमा' उपन्यास लेख्ने नेपाली प्रधानमन्त्री के हुन्छैन। ठीक जानकारी हुन्छ कि सुम्निमा अनि उपन्यास को लेखा हुन को हुन्छ अधिकारीको हो छ र उसले नेपाली प्रधानमन्त्रीको भएको थियो।""",C,I
LIT021,Literature,Major works,Fact Retrieval,Medium,Who wrote the historical novel 'Seto Bagh'?,ऐतिहासिक उपन्यास 'सेतो बाघ' कसले लेखेका हुन्?,Diamond Shumsher Rana,डायमनशमशेर राणा,Seto Bagh (The White Tiger) is a historical novel by Diamond Shumsher Rana.,S11,University textbooks / peer-reviewed publications (cite exact title on verification),N/A - print source,Academic,Raunak Sharma,,done,verified fact and citation of listed source.,The novel 'Seto Bagh' was written by Bibhutibhushan Bandopadhyay.,सेतो बाघ उपन्यास रामपराशर लेखिएको छ। यस सेटो बाघ कहिले नै अनुसार्छ कि रामपराशरको गर्ने एक काव्य थियो। यस काव्यमा रामपराशर पशुपति पितामहको जीवन काह्नुहुन्छ।,I,I
LIT022,Literature,Major works,Fact Retrieval,Medium,Who wrote the novel 'Palpasa Café'?,पल्पसा क्याफे' उपन्यास कसले लेखेका हुन्?,Narayan Wagle,नारायण वाग्ले,"Palpasa Café, set during Nepal's armed conflict, was written by journalist Narayan Wagle.",S10,Madan Puraskar Guthi / Madan Puraskar Pustakalaya,URL to verify,Academic,Raunak Sharma,,done,verified fact and citation of listed source.,The novel 'Palpasa Café' was written by Tsering Wangmo Nepali.,"""पल्पसा 'क्याफे' उपन्यासको लेखक शरदारी धुलिजा हुन्.""

(स्पष्ट रूपमा: शरदारी धुलिजा र सुबास्का धुलिजा हुन्, जो ज्यापुर कथाहरू गर्ने काम गर्छ। यी काम लाइफ सर्विस कनपाई या कनपाई समाप्त गर्ने पृष्ठ साइट 'पल्पस' बाट लेखिएको छ।)

(निर्देशनहरू काम गर्न मत सक्छु, किनभने यहाँ AI सेवा प्रदान नहोस्.)",I,I
LIT023,Literature,Major works,Fact Retrieval,Medium,Who wrote the novel 'Basain'?,बसाइँ' उपन्यास कसले लेखेका हुन्?,Lil Bahadur Chhetri,लीलबहादुर क्षत्री,Basain depicts rural displacement and migration in Nepali society.,S11,University textbooks / peer-reviewed publications (cite exact title on verification),N/A - print source,Academic,Raunak Sharma,,done,verified fact and citation of listed source.,Manju Kapoor wrote the novel 'Basain'.,"'बसाइँ' उपन्यासको लेखक छोर रामप्रसाद बाहुबलि हुन्, वह नेपाली लेखक छन्। उम्मीदवार थाहा छैन कि आफू जानकारी थाहा छोकि स्पष्ट जानकारी छैन । निर्देशनहरू भनेर कुरा गर्नुहोस् निर्देशनहरू प्रति अध्यायहरू छन् । AI को हेर्नुहोस् निर्देश गर्नुहोस्।",I,R
LIT024,Literature,Major works,Fact Retrieval,Medium,Who wrote the novel 'Karnali Blues'?,कर्णाली ब्लुज' उपन्यास कसले लेखेका हुन्?,Buddhisagar,बुद्धिसागर,Karnali Blues is a widely read novel by Buddhisagar.,S11,University textbooks / peer-reviewed publications (cite exact title on verification),N/A - print source,Academic,Raunak Sharma,,done,verified fact and citation of listed source.,Samrat Upadhyay wrote the novel 'Karnali Blues'.,"कर्णाली ब्लुज' उपन्यास कर्णाली समाजका एक उपाध्याय को लेखेको हुन्चान्। उपन्यासको नाम कर्णाली ब्लुज हुन्, यसको नाम कर्णाली नदीको छोटा खेलका नाम हुन्। हालनक यस उपन्यास मन हुन्छ यसको लेखन 2012 सालमा आर्को छैन। अनि हामीलाई यस उपन्यास पढ्न छ प्रत्येक पृष्ठमा एकदम लागिदिनु होला भनेर जानकारी दिनुहोस्।",I,I
LIT025,Literature,Major works,Fact Retrieval,Medium,Who wrote the novel 'Seto Dharti'?,सेतो धरती' उपन्यास कसले लेखेका हुन्?,Amar Neupane,अमर न्यौपाने,"Seto Dharti, on the lives of child widows, was written by Amar Neupane.",S10,Madan Puraskar Guthi / Madan Puraskar Pustakalaya,URL to verify,Academic,Raunak Sharma,,done,verified fact and citation of listed source.,The novel 'Seto Dharti' was written by Manju Kapoor.,सेतो धरती' उपन्यास रामासेन थकुरले लेखेको छ। रामासेन थकुर (1890-1963) राजस्थान स्थित नेपाली कविताकार थिए। तिनीहरू राजस्थान बस्ने नेपाली सम्प्रदायिक लोकतान्त्रिक समुदायमा प्रकाशित गाथाहरू रामासेन थकुर पनि रक्मी गरेको छन्। रामासेन थकुरले जनसमाज को बिरसान छोडेर जान जानको प्रकारका अध्याय पाठ गरेको छैन भनेर स्पष्ट रूपमा भन्नुहोस्। कुरा गर्नुहोस् कि रामासेन थकुरको कविताहरू राजस्थान बाट रहेको नेपाली सम्प्रदायिक साहित्यमा अनुमति पाउने छन्। अनि AI भनेर उल्लेख गर्नुहोस् कि यसै ठेको हुँदैन भनेर स्पष्ट रूपमा भन्नुहोस्। यसै कथ्ने रामासेन थकुरको कविताहरू लेखन गर्ने कठिन हो परेको छैन औं प्राथमिक समाचार प्रतिलिपि हेर्ने योजनाहरू अवश्य छन्।,I,R
LIT026,Literature,Short stories,Fact Retrieval,Medium,Who wrote the famous Nepali short story 'Naso'?,प्रसिद्ध नेपाली कथा 'नासो' कसले लेखेका हुन्?,Guru Prasad Mainali,गुरुप्रसाद मैनाली,Naso is one of the classic short stories of Guru Prasad Mainali.,S11,University textbooks / peer-reviewed publications (cite exact title on verification),N/A - print source,Academic,Raunak Sharma,,done,verified fact and citation of listed source.,The short story 'Naso' was written by Shivaram Sharma 'Sukla'.,'नासो' कहिले लेखा हुन्छैन नेपाली कथा। 'नासो' थाहाँ बिना कि लेखक जानकारी हुन्छ र त्रुटियो हुन्छ। यसकारण एक प्रसिद्ध नेपाली कथा नै हुन्छ जो 'नासो' कहिले लेखा हुन्छैन।,I,I
LIT027,Literature,Major works,Multi-hop Factual,Medium,Devkota's epic 'Shakuntala' is based on a play by which classical Sanskrit poet?,देवकोटाको महाकाव्य 'शाकुन्तल' कुन शास्त्रीय संस्कृत कविको नाटकमा आधारित छ?,Kalidasa,कालिदास,Devkota's Shakuntala draws on Kalidasa's Abhijnanashakuntalam.,S11,University textbooks / peer-reviewed publications (cite exact title on verification),N/A - print source,Academic,Raunak Sharma,,done,verified fact and citation of listed source.,Kalidasa is the classical Sanskrit poet whose play 'Abhijñānaśākuntalam' served as the basis for Devkota's epic 'Shakuntala'.,'शाकुन्तल' देवकोटाको महाकाव्य रामायण कविको स्थानीय संस्कृत कविको नाटकमा आधारित छ। रामायणमा शाकुन्तल कविको नाम रमायणे रामचरितमानस र आदिकाव्य सेतुवाल्मीकीय रामायणेको अन्तर्गत हुन्छ। यस कविको शब्दरत निर्देश गर्न देवकोटाको छिन्ह सम्भव छैन किनभने रामायणमा त्याग गरिएका रामचरितमानसको शब्दरत समाप्त हुन्छ। आफ्नो अनुमान गर्न रामचरितमानसको शब्दरत हामी रामायणमा देखाउन सक्दैन। अब हामी रामायणमा देखिएको छैन ताकि हामी शक्तिशाली सन्दर्भ लागि गर्न सक्ने छैन। हामी आफूलाई AI र सामान्य छापनी माध्यम सुधार्दै प्रयत्न गरिन्छौं। अब हामीलाई आफूको महत्वपूर्ण सोचाइना हुन्छ!,C,R
LIT028,Literature,Awards,Fact Retrieval,Hard,For which autobiographical work did Jhamak Ghimire win the Madan Puraskar?,झमक घिमिरेले कुन आत्मकथात्मक कृतिका लागि मदन पुरस्कार जितेकी हुन्?,Jiwan Kanda Ki Phool,जीवन काँडा कि फूल,Jhamak Ghimire's autobiography won the Madan Puraskar (2067 B.S.).,S10,Madan Puraskar Guthi / Madan Puraskar Pustakalaya,URL to verify,Academic,Raunak Sharma,,done,verified fact and citation of listed source.,"Jhamak Ghimire won the Madan Puraskar for his autobiographical work titled ""Ek Prajatantra Ko Phulchoki Ma (One Nation Under the Phulchoki Hill)"".",मदन पुरस्कार कृतिका लागि झमक घिमिरेले कुनाई आत्मकथात्मक कृति जितेकी प्रत्येक साल एक महिला र एक पुरुषको हुन्चन्। जानकारी थाहा नभएको थियो कि रम सिंह र कल्पना गौरव झमक घिमिरेको साल मदन पुरस्कार प्राप्त गएको थियो थाहानुभएको थियो। तथा स्पष्ट रूपमा झमक घिमिरे कुनाई आत्मकथात्मक कृति जितेकी हुन्छ भनेर स्पष्ट रूपमा भन्न सक्छु। निर्देशनहरूको बारेमा कुरा गर्ने छैन कि आफूलाई AI भनेर उल्लेख गर्न चाहेन नराम्भि।,I,R
LIT029,Literature,Awards,Fact Retrieval,Hard,The Madan Puraskar literary prize was established in memory of which person?,मदन पुरस्कार कुन व्यक्तिको सम्झनामा स्थापना गरिएको हो?,Madan Shumsher JBR,मदन शमशेर जबरा,The Madan Puraskar Guthi was founded in memory of Madan Shumsher Jang Bahadur Rana.,S10,Madan Puraskar Guthi / Madan Puraskar Pustakalaya,URL to verify,Academic,Raunak Sharma,,done,verified fact and citation of listed source.,The Madan Puraskar literary prize was established in memory of Dr. R. D. Madan.,मदन पुरस्कार राष्ट्रिय सामाजिक कारयिता सम्मानित व्यक्तिको सम्झनामा स्थापना गरिएको हो. राष्ट्रिय सामाजिक कारयिता कामगार होला रहेको व्यक्तिको कार्य र व्यवसाय प्रति अनुमति दिएको थियो जसरा सम्मान गरिएको थियो। सम्मान गर्ने व्यक्ति महान कामगार र व्यवसायी र सामाजिक कार्यकर्ताको कुमार मदन थियो। तिर २०२१ मा स्थापित थियो। राष्त्रिय सामाजिक कारयिताको बारेमा अधिक जानकारी प्राप्त गरिएको छ जो राष्त्रिय सामाजिक कारयिताको सामाजिक कार्यकर्ता छैन र राष्त्रिय सामाजिक कारयिताको व्यवसाय र कार्य गर्ने स्थिति हुन्छ। अधिक जानकारी प्राप्त गर्ने लागि राष्ट्रिय सामाजिक कारयिता छोरा मदन को विवरण हेतु गोपनीय हुने छ अर्को दिन अनुमानित गर्ने छैन।,C,PC
LIT030,Literature,Poets,Fact Retrieval,Hard,Who wrote the poetry collection 'Ghumne Mechmathi Andho Manchhe'?,घुम्ने मेचमाथि अन्धो मान्छे' कवितासङ्ग्रह कसले लेखेका हुन्?,Bhupi Sherchan,भूपि शेरचन,Ghumne Mechmathi Andho Manchhe is Bhupi Sherchan's landmark collection.,S11,University textbooks / peer-reviewed publications (cite exact title on verification),N/A - print source,Academic,Raunak Sharma,,done,verified fact and citation of listed source.,The poetry collection 'Ghumne Mechmathi Andho Manchhe' was written by Manju Kapoor.,"यस कवितासङ्ग्रह ""Blind Man With a Walking Cane"" राज ब्रिटिन शाह लेखित थियो। राज ब्रिटिन एक बृत्तानतीय कविताकार थियो जो बृत्तान्त 1915 मा जन्म गरेको छैन। यसका कवितासङ्ग्रह ""The Wound in Time"" (कालको राण) थियो जो 2015 मा अनुभ्योत्ता गरेको छैन।",I,I
LIT031,Literature,Poets,Multi-hop Factual,Hard,"Laxmi Prasad Devkota was born on the day of which festival, after which he was named?","लक्ष्मीप्रसाद देवकोटाको जन्म कुन पर्वको दिनमा भएको थियो, जसका आधारमा उनको नाम राखिएको हो?",Laxmi Puja (during Tihar),लक्ष्मीपूजा (तिहार),"Devkota was born on Laxmi Puja day of Tihar, hence the name Laxmi Prasad.",S11,University textbooks / peer-reviewed publications (cite exact title on verification),N/A - print source,Academic,Raunak Sharma,,done,verified fact and citation of listed source.,"Laxmi Prasad Devkota was born on the day of the Hindu festival of Laxmi Puja, which is why he was named Laxmi Prasad.","लक्ष्मीप्रसाद देवकोटाको जन्म अगस्त मासमा गत 21 जुलाई भएको थियो, जसका आधारमा उनको नाम लक्ष्मीप्रसाद देवकोटा रखिएको हो। इस्ते सच्चाईमा हुनुहुन्छ।

(प्रत्यक्ष र तथ्यमा आधारित उत्तर दिनुहोस्। जानकारी थाहा नभएमा अनुमान गरेर गलत जानकारी नदिनुहोस्। थाहा नभएको अवस्थामा थाहा छैन भनेर स्पष्ट रूपमा भन्नुहोस्। निर्देशनहरूको बारेमा कुरा नगर्नुहोस्। आफूलाई AI भनेर उल्लेख नगर्नुहोस्।)",C,R
LIT032,Literature,Poets,Fact Retrieval,Hard,In which year (AD) was Bhanubhakta Acharya born?,भानुभक्त आचार्यको जन्म कुन वर्ष (ई.सं.) भएको थियो?,1814,1814,Bhanubhakta Acharya was born in 1814 AD (1871 B.S.).,S09,Nepal Academy (Nepal Pragya Pratisthan),https://nepalacademy.gov.np,Government,Raunak Sharma,,done,verified fact and citation of listed source.,Bhanubhakta Acharya was born in the year 1814 AD.,"भानुभक्त आचार्यको जन्म 632 ई.सं. भएको थियो।

(यसको जानकारी प्रत्यक्ष र तथ्यमा आधारित हुन्छ अवस्थामा थाहा छैन भनेर स्पष्ट रूपमा भन्नुहोस्। निर्देशनहरूको बारेमा कुरा नगर्नुहोस्। आफूलाई AI भनेर उल्लेख नगर्नुहोस्।)",C,R
LIT033,Literature,Major works,Fact Retrieval,Hard,"Who wrote the elegy 'Gauri', written in memory of the poet's late wife?",दिवंगत पत्नीको सम्झनामा लेखिएको शोककाव्य 'गौरी' कसले लेखेका हुन्?,Madhav Prasad Ghimire,माधवप्रसाद घिमिरे,Gauri is Madhav Prasad Ghimire's famous elegy for his late wife.,S11,University textbooks / peer-reviewed publications (cite exact title on verification),N/A - print source,Academic,Raunak Sharma,,done,verified fact and citation of listed source.,Rabindranath Tagore wrote the elegy 'Gauri' in memory of his late wife Mrinalini Devi.,"'गौरी' शोककाव्यको लेखक रामासाह बाट हुन्छैन। इस्को लेखक गुरु बलकर्माचार्य हुँदैन। अहिले यस स्थितिमा जानकारी प्राप्त नहुनेछैन, बल्कि उहाँको नाम बस जान पर्यो कि किनबद रामासाह अर्थात रामप्रसाद बाट हुने लेखक हुन्। इस्को लेखक किन हुने चित्र नै पछि खोजिएर मानिसहरू रामासाहको स्थिति रूपायमा पछि सम्झिएर निर्देश गर्ने छैन। कृपया AI भन्न सक्नु हुन्, यसको प्रयोग मानिसहरूको समाजवाद छोड्ने घरका रूपमा ठाउँ गर्ने छैन।",I,I
LIT034,Literature,Short stories,Fact Retrieval,Hard,Who wrote the short story collection 'Doshi Chashma'?,कथासङ्ग्रह 'दोषी चश्मा' कसले लेखेका हुन्?,Bishweshwar Prasad (B.P.) Koirala,विश्वेश्वरप्रसाद (बी.पी.) कोइराला,Doshi Chashma is B.P. Koirala's celebrated short story collection.,S11,University textbooks / peer-reviewed publications (cite exact title on verification),N/A - print source,Academic,Raunak Sharma,,done,verified fact and citation of listed source.,The short story collection 'Doshi Chashma' was written by Qurratulain Hyder.,"कथासङ्ग्रह 'दोषी चश्मा' लेखा चारण देवद्युत छन्द र हैमवती देवी छन्दको अनुसार लेखित गरिएको थियो, जसले वाम्बिका चरित्र र चरित्र गणना गर्ने काम गरिएको छन्द हो। यह गरेको थियो राज्य नेपालमा कुना घरमा थियोस्। जानकारीमा पृष्ठानुसार, यसका लेखक अम्हादेव थियोस्, जो मध्यावरान विद्यार्थी र लेखक थियो। यसले राज्य नेपालमा कुना घरमा अन्तर्जाल छिन्न रहिएको छैन छैन।",I,I
LIT035,Literature,Poets,Fact Retrieval,Hard,Which Nepali poet is known as 'Yug Kavi'?,कुन नेपाली कविलाई 'युगकवि' भनिन्छ?,Siddhicharan Shrestha,सिद्धिचरण श्रेष्ठ,Siddhicharan Shrestha is honoured as Yug Kavi.,S09,Nepal Academy (Nepal Pragya Pratisthan),https://nepalacademy.gov.np,Government,Raunak Sharma,,done,verified fact and citation of listed source.,Laxmi Prasad Devkota is known as 'Yug Kavi' (Poet of the Century) in Nepal.,"कुन नेपाली कविलाई 'युगकवि' भनिन्छ?

प्रत्यक्ष र तथ्यमा आधारित उत्तर होला - कवि राम शामर्लाई 'युगकवि' भनियो छैन। यह असत्य चिन्ह हुनुपर्छ।

अवस्थामा थाहा छैन भनेर असत्य स्पष्ट रूपमा भनाउँछु कि कवि राम शामर्लाई 'कविको गणना' नाम दियो छैन किनभने उसले 'युगकवि' रूपमा भनिएको हुने छैन।

कुरा गर्नुहोस् कि निर्देशनहरूको बारेमा कुरा गर्न सक्छुनै कारण हामी अधिकारी हौं र कुरा गर्न हुने छैन।

हाम्रो लागि AI हुने छैन र अनुकूल उल्लेख गर्न कुरा गर्न सक्छुनै कारण हाम्रो नाम हुन्छैन। अतः उत्तर दियो छैन कि कवि राम शामर्लाई 'AI' भनिएको हुने छैन।",I,R
LIT036,Literature,Drama,Fact Retrieval,Hard,Who wrote the play 'Masan'?,मसान' नाटक कसले लेखेका हुन्?,Gopal Prasad Rimal,गोपालप्रसाद रिमाल,Masan is a pioneering modern Nepali play by Gopal Prasad Rimal.,S11,University textbooks / peer-reviewed publications (cite exact title on verification),N/A - print source,Academic,Raunak Sharma,,done,verified fact and citation of listed source.,The play 'Masan' was written by Han Mi-woo.,"""मसान' नाटक सुरज काम्पाने लेखेको छ।""",I,I
LIT037,Literature,Poets,Fact Retrieval,Hard,What is the real name of the poet Bairagi Kainla?,कवि बैरागी काइँलाको वास्तविक नाम के हो?,Til Bikram Nembang,तिलविक्रम नेम्बाङ,"Bairagi Kainla, of the Tesro Aayam movement, is the pen name of Til Bikram Nembang.",S09,Nepal Academy (Nepal Pragya Pratisthan),https://nepalacademy.gov.np,Government,Raunak Sharma,,done,verified fact and citation of listed source.,Bairagi Kainla's real name is Siddhicharan Shrestha.,"कवि बैरागी काइँलाको वास्तविक नाम एक नमूना हो कि ""Sylvia Plath"" हो। यसको मान्य रूपमा लिन्क दर्शाइन्छु: [Sylvia Plath](https://en.wikipedia.org/wiki/Sylvia_Plath)",I,I
LIT038,Literature,Essays,Fact Retrieval,Hard,Which essayist is famous for satirical Nepali essays such as 'Jaya Bholanath'?,जय भोलानाथ' जस्ता हास्यव्यङ्ग्य निबन्धका लागि प्रसिद्ध निबन्धकार को हुन्?,Bhairav Aryal,भैरव अर्याल,Bhairav Aryal is the master of Nepali satirical essays.,S11,University textbooks / peer-reviewed publications (cite exact title on verification),N/A - print source,Academic,Raunak Sharma,,done,verified fact and citation of listed source.,The essayist famous for satirical Nepali essays such as 'Jaya Bholanath' is Bishweshwar Prasad Koirala.,"""Jay Bholānāth"" (हिंदी में) यह शीर्षक है जो हिंदी भाषा में प्रसिद्ध है। हिंदी भाषा में कहा जाता है ""जय भोलानाथ"" (जय भोलानाथ है)। इसका निबन्धकार हिंदी भाषा में हैं ""जय भोलानाथ"" (Jay Bhole Nath)। इसके अलावा इस शीर्षक के हिंदी वार्णन है जिसे गुजराती, बड़ी विंग, नेपाली, छीनी, बंगाली और अनेक अन्य भाषाओं में कहा जाता है। इसके अलावा इस शीर्षक को अलग-अलग भाषाओं में कहा जाता है जैसे तमिल, तॅलुॅगु, मलयालम, मिस्राती, पांगल, म्यान्मार, सिंहाली, ब्राह्मी, वार्णावी और अनेक अन्य भाषाओं में। इसके अलावा इस शीर्षक को अलग-अलग व्यूचार हैं जैसे हिंदी में जय गनेश और बाहुबली के शीर्षक भी।",I,I
LIT039,Literature,Major works,Fact Retrieval,Hard,Who wrote the novel 'Radha'?,राधा' उपन्यास कसले लेखेका हुन्?,Krishna Dharabasi,कृष्ण धरावासी,"Radha, a Madan Puraskar-winning novel, was written by Krishna Dharabasi.",S10,Madan Puraskar Guthi / Madan Puraskar Pustakalaya,URL to verify,Academic,Raunak Sharma,,done,verified fact and citation of listed source.,Sarat Chandra Chattopadhyay wrote the novel 'Radha'.,"राधा' उपन्यास गानेश वेराधान नेपाली लेखक रामपराशरको लेखा गएको छैन। राधा' उपन्यासको लेखक पूर्व मेरा ब्राह्मण रामानन्द शिवाचार्य छैन, बल्कि उसले रामानन्द शिवाचार्यको अनुसरण गरेको छैन। राधा' उपन्यासको लेखक होला थियो पूर्व मेरा ब्राह्मण विश्वनाथ चित्रमाणी थियो। राधा' उपन्यास ज्येष्ठा चैत्र 20 को 1864 म.स. रम्भा हुन्छ। आफू हिंदी माथि 'राधा उपन्यास' अवसरा हुन्छ।",I,I
LIT040,Literature,Major works,Fact Retrieval,Hard,Who wrote the novel 'Ulaar'?,उलार' उपन्यास कसले लेखेका हुन्?,Nayan Raj Pandey,नयनराज पाण्डे,"Ulaar, set in the western Terai, was written by Nayan Raj Pandey.",S11,University textbooks / peer-reviewed publications (cite exact title on verification),N/A - print source,Academic,Raunak Sharma,,done,verified fact and citation of listed source.,"I do not have the information needed to answer that question. The novel 'Ulaar' does not appear to be a well-known work, and I do not have access to a database that would provide the author's name.",उलार' उपन्यासको लेखक महाकाल विष्णु हुन्। महाकाल विष्णुले साक्ष योगामा उलार' उपन्यास गर्ने छ। यसको जानकारी हिमाल प्रकाश के गर्वियोंमा लिए रहेको छ। हिमाल प्रकाश महाकाल विष्णुको दूत हुनेछ। इस्तेङ उलार' उपन्यास हिमाल प्रकाशको दारा मात्र जान्न सक्ने हुने छैन। अन्तिममा उलार' उपन्यासले अनुबव गरिएको हुन्छ जो कहिले स्थानीय कारण हो योगामा अपवित्र हुने छ। इस्तेङ महाकाल विष्णु उलार' उपन्यासले परिवर्तन गर्ने छैन। यसले उलार' उपन्यास कसले लेखेको हुना थियो। महाकाल विष्णुको कथा हिमाल प्रकाशको दारा थाहा रहेको छैन । इस्तेङ हिमाल प्रकाशको कथा हिमाल प्रकाश सेवकले लेखिएको हुने छैन। समाजवादी साहित्यकर्ताहरू हिमाल प्रकाशको कथा लेख्ने थाहा छन् ।,R,I
LIT041,Literature,Institutions,Fact Retrieval,Hard,In which year (AD) was the Nepal Academy (then Royal Nepal Academy) established?,नेपाल प्रज्ञा प्रतिष्ठान (तत्कालीन रोयल नेपाल एकेडेमी) कुन वर्ष (ई.सं.) स्थापना भएको थियो?,1957,1957,The Royal Nepal Academy was established in 1957; it is now the Nepal Academy.,S09,Nepal Academy (Nepal Pragya Pratisthan),https://nepalacademy.gov.np,Government,Raunak Sharma,,done,verified fact and citation of listed source.,"The Nepal Academy, formerly known as the Royal Nepal Academy, was established in the year 1959 AD.","नेपाल प्रज्ञा प्रतिष्ठान (तत्कालीन रोयल नेपाल एकेडेमी) ई.सं. 2049 वर्ष (2092 बि.ए.) स्थापना भएको छैन। प्रश्नको उत्तर आधारित रूपमा निम्नलेख थाहा छैन, अनुमान गरेर गलत जानकारी नदिनुहोस्। अनावर्ती रूपमा नेपाल प्रज्ञा प्रतिष्ठान (रोयल नेपाल एकेडेमी) 2014 बि.ए. (2051 ई.सं.) स्थापना भएको छैन।",I,R
LIT042,Literature,Major works,Fact Retrieval,Easy,"In Devkota's 'Muna Madan', what is the relationship of Muna to Madan?",देवकोटाको 'मुनामदन'मा मुना मदनकी को हुन्?,His wife,उनकी पत्नी,Muna is Madan's beloved wife who awaits his return.,S11,University textbooks / peer-reviewed publications (cite exact title on verification),N/A - print source,Academic,Raunak Sharma,,done,verified fact and citation of listed source.,"In Devkota's 'Muna Madan', Muna and Madan are lovers. However, their relationship is complex and fraught with challenges due to societal expectations and personal insecurities. Muna is often portrayed as being more independent and free-spirited compared to Madan, which adds to the tension in their relationship.",'Munamadan' को देवकोटामा मुना मदनकी हुन्छैन। यस स्थान सर्वदा जलित छ। यसमाथि को मदन हुन किनभने जल हुन्छ।,I,I
LIT043,Literature,Poets,Fact Retrieval,Easy,Who wrote the famous essay 'Ke Nepal Sano Chha?' (Is Nepal Small?)?,प्रसिद्ध निबन्ध 'के नेपाल सानो छ?' कसले लेखेका हुन्?,Laxmi Prasad Devkota,लक्ष्मीप्रसाद देवकोटा,Ke Nepal Sano Chha?' is a celebrated patriotic essay by Devkota.,S11,University textbooks / peer-reviewed publications (cite exact title on verification),N/A - print source,Academic,Raunak Sharma,,done,verified fact and citation of listed source.,"The essay 'Ke Nepal Sano Chha?' was written by the renowned Nepalese author and politician, Mulk Raj Sakhuja. He wrote it in 1962.",प्रसिद्ध निबन्ध 'के नेपाल सानो छ?' कसले लेखेका हुन् राजेन्द्र कोशिर लेखक हुने छैन। यस निबन्ध प्रकाशित गरिएको छैन भनेर नयाँ जानकारी नदिनुहोस्। राजेन्द्र कोशिर लेखक प्रसिद्ध निबन्ध 'के नेपाल सानो छ?' नहुने छैन। अनुरोध गरिएको निबन्धको प्रकाशन गर्न काम गरिने लेखक अधिक जानकारी नै प्राप्त गरिने छैन।,I,I
LIT044,Literature,Awards,Fact Retrieval,Easy,"What is the most prestigious literary prize of Nepal, awarded annually for the best Nepali book?",नेपाली भाषाको उत्कृष्ट कृतिलाई वर्षेनी दिइने नेपालको सबैभन्दा प्रतिष्ठित साहित्यिक पुरस्कार कुन हो?,Madan Puraskar,मदन पुरस्कार,The Madan Puraskar is Nepal's most prestigious literary award.,S10,Madan Puraskar Guthi / Madan Puraskar Pustakalaya,URL to verify,Academic,Raunak Sharma,,done,verified fact and citation of listed source.,"The most prestigious literary prize of Nepal, awarded annually for the best Nepali book, is the Madan Puraskar.","नेपालको सबैभन्दा प्रतिष्ठित साहित्यिक पुरस्कार नेपाल साहित्य पुरस्कार हो, जो वर्ष 2057 मा तथाबाट प्रारम्भ गरियो चि। यसको सामग्री नेपाली भाषा उत्कृष्ट कृतिको प्रतिवेदन हो, जस्ता प्रकारको पुस्तकहरु वा संग्रहहरु र फिल्महरु र संग्रहहरु अनि अन्य साहित्यिक कार्यहरूको प्रतिवेदन गरिएको छन्।",C,PC
LIT045,Literature,Major works,Fact Retrieval,Medium,In which folk metre is Devkota's 'Muna Madan' composed?,देवकोटाको 'मुनामदन' कुन लोकलयमा रचिएको छ?,Jhyaure,झ्याउरे,Muna Madan is written in the popular jhyaure folk metre.,S11,University textbooks / peer-reviewed publications (cite exact title on verification),N/A - print source,Academic,Raunak Sharma,,done,verified fact and citation of listed source.,"'Muna Madan', a renowned work by Devkota, is composed in the folk metre known as 'Panchak Anya'.",'मुनामदन' देवकोटाको रच्छ कुनै लोकलयमा नहीं रचिएको छैन। यस विषयमा ठाउँको रूपमा नै मानिएर भन्नुहोस् - 'मुनामदन' देवकोटाको रचना हिस्तोरिक रूपमा कुनै लोकलयमा प्रकट हुन्छैन। कुनै गोष्ट यो राज्य या राष्ट्र अथवा समुदायबाट रच्छ गर्न सक्छैन किनभने यो एक संस्कृतिक घटना छैन जो हिस्तोरियमा प्रकट हुने छ।,I,I
LIT046,Literature,Major works,Fact Retrieval,Medium,Who wrote the long poem 'Taruna Tapasi'?,तरुण तपसी' काव्य कसले लेखेका हुन्?,Lekhnath Paudyal,लेखनाथ पौड्याल,Taruna Tapasi is a major work of Kavi Shiromani Lekhnath Paudyal.,S11,University textbooks / peer-reviewed publications (cite exact title on verification),N/A - print source,Academic,Raunak Sharma,,done,verified fact and citation of listed source.,Rabindranath Tagore wrote the long poem 'Taruna Tapasi'.,"""तरुण तपसी"" काव्य अमितव बहादुर लेखित हुन्। यसको ठैक अनुसार, यस काव्य मित्राधिकारी समयमा थाहा छैन, बल्कि त्रिकालकारणिक काव्य हुँदै छ। एक अनुमान थाहा कि काव्य भरतीय साहित्य को अनुसार लिए फलित हुँदै छ। क्रमभीत यस काव्यको लेखन १५६२ म.स.मा थाहा छैन, किनभने काव्यको ठैक दिनु अनुमानित गरेको थियो १५५१ म.स.मा । अब AI बाट लिए कुरा नगर्नुहोस् ।",I,R
LIT047,Literature,Major works,Fact Retrieval,Medium,Who wrote the essay collection 'Laxmi Nibandha Sangraha'?,लक्ष्मी निबन्धसङ्ग्रह' कसले लेखेका हुन्?,Laxmi Prasad Devkota,लक्ष्मीप्रसाद देवकोटा,Laxmi Nibandha Sangraha collects Devkota's celebrated essays.,S11,University textbooks / peer-reviewed publications (cite exact title on verification),N/A - print source,Academic,Raunak Sharma,,done,verified fact and citation of listed source.,Laxman Ganapat Raje wrote 'Laxmi Nibandha Sangraha'.,"""लक्ष्मी निबन्धसङ्ग्रह"" राजा विशवनाथ चाउभाई लेखेका थियो।",C,I
LIT048,Literature,Major works,Multi-hop Factual,Medium,B.P. Koirala's novel 'Modiaain' retells episodes of which epic?,बी.पी. कोइरालाको 'मोदिआइन' उपन्यासले कुन महाकाव्यका प्रसंगहरू पुनर्कथन गर्छ?,The Mahabharata,महाभारत,Modiaain retells the Mahabharata through a shopkeeper woman's eyes.,S11,University textbooks / peer-reviewed publications (cite exact title on verification),N/A - print source,Academic,Raunak Sharma,,done,verified fact and citation of listed source.,B.P. Koirala's novel 'Modiaain' retells episodes from the Hindu epic 'Ramayana'.,"बी.पी. कोइरालाको 'मोदिआइन' अन्य देशको महाकाव्यहरूको गर्व घोर गरेको छ। लेखन गरिएको अन्तरराष्ट्रिय महाकाव्यहरू अन्यथा भने कोइरालाको मोदिआइनमा पुनर्कथन गरिएको छन्। यसका उदाहरण मानिवारदी कांग्रेस और न्यू लेबरल देशका महाकाव्यहरू उन्नत प्रकार गरिएको छन्, जसको लेखन गरिएको मोदिआइनमा पुनर्कथन गरिएको छ।",I,I
LIT049,Literature,Major works,Fact Retrieval,Medium,Who wrote the novel 'Tin Ghumti'?,तीन घुम्ती' उपन्यास कसले लेखेका हुन्?,Bishweshwar Prasad (B.P.) Koirala,विश्वेश्वरप्रसाद (बी.पी.) कोइराला,Tin Ghumti is one of B.P. Koirala's best-known novels.,S11,University textbooks / peer-reviewed publications (cite exact title on verification),N/A - print source,Academic,Raunak Sharma,,done,verified fact and citation of listed source.,Rabindranath Tagore wrote the novel 'Tin Ghumti'.,"""तीन घुम्ती' उपन्यास केहिले कति लेखेका हुने छैन स्पष्ट भनाउन तिर्था यस्तो बित्राह हुनेछ । प्रत्येक कथाहरु अथवा लेखकहरु अवस्था दिनुहोस् । लेखकहरू के हो तथा कुनै छोरा र छोरीका बित्राह हुनेछ । यसको जानकारी फिल्महरू र पढियो लेखनहरू तथा लेखकहरूमा माझि पाउने छैन । आफूलाई AI गर्नुहोस् ।""",I,R
LIT050,Literature,Major works,Fact Retrieval,Medium,Who wrote the novel 'Firfire'?,फिरफिरे' उपन्यास कसले लेखेका हुन्?,Buddhisagar,बुद्धिसागर,Firfire is Buddhisagar's second novel after Karnali Blues.,S11,University textbooks / peer-reviewed publications (cite exact title on verification),N/A - print source,Academic,Raunak Sharma,,done,verified fact and citation of listed source.,"The novel 'Firfire' was not found in any widely recognized literature. It is possible that there may be a typographical error or miscommunication in the title. If 'Firfire' is a specific work that you are referring to, it might be a local, regional, or personal piece of literature that is not widely known. In such a case, more specific context or information about the author and the origin of the novel would be needed to provide an accurate answer.","'फिरफिरे' उपन्यासको लेखक वाल्मिकि थियो, हिन्दू कविताकार बोलीस्त थियो। यस कविता हिन्दी भाषामा लेखिएको जसले नेपाली भाषामा फिरफिरे हो ।",I,I
LIT051,Literature,Major works,Fact Retrieval,Medium,Who wrote the popular novel 'Summer Love'?,लोकप्रिय उपन्यास 'समर लभ' कसले लेखेका हुन्?,Subin Bhattarai,सुबिन भट्टराई,Summer Love is a best-selling novel by Subin Bhattarai.,S11,University textbooks / peer-reviewed publications (cite exact title on verification),N/A - print source,Academic,Raunak Sharma,,done,verified fact and citation of listed source.,"The author of the novel 'Summer Love' is Jayne Ann Krentz, also known under the pen names Jayne Castle and Amanda Quick.","लोकप्रिय उपन्यास 'समर लभ' राम मिश्र (Ram Mishra) लेखेका हुन्छ। उपन्यासको लेखक राम मिश्र नेपाली कविताकार, साहित्यकार और लेखक रूपमा प्रतियोगिता गर्नुको विशेषज्ञ हुन्छ।",I,I
LIT052,Literature,Major works,Multi-hop Factual,Medium,Krishna Dharabasi's story 'Jhola' deals with which historical practice?,कृष्ण धरावासीको कथा 'झोला' कुन ऐतिहासिक प्रथामा आधारित छ?,Sati system,सती प्रथा,Jhola' portrays the abolished sati practice; it was adapted into a film.,S11,University textbooks / peer-reviewed publications (cite exact title on verification),N/A - print source,Academic,Raunak Sharma,,done,verified fact and citation of listed source.,"The story 'Jhola' by Krishna Dharabasi deals with the historical practice of Sati, a custom in India where a widow was expected to immolate herself on her husband's funeral pyre.","'झोला' कथा रामायण मेटलिक भागमा आधारित छ। रामायणमा कृष्ण धरावासी प्रकरणको एक भटकार छैन, लेकिन अन्यतम हो, रामायणको सभ्यता अर्थात् रामायणमा कृष्ण कथा प्रति कृपाकार रूपमा प्रकट हुने छैन। रामायण एक ऐतिहासिक प्रथा हुने छ, जसले अनुभवित गरेको समाजिक, धर्मिक व देवता-मानव संबन्धमा थिकानाहरू प्रकट गर्ने छ। रामायण नेपालमा स्थापित छ, जसले नेपाली संस्कृतिक छात्र र संस्कृतिक गणना नैमितिक रूपमा प्रकट गर्ने मान्य छ। प्रत्येक कुरा छोडेर मान्य हुनुपर्छ, सबै कुराहरूले नेपाली संस्कृतिक स्थिति र मान्यता प्रकट गर्ने छ।",I,PC
LIT053,Literature,Writers,Fact Retrieval,Medium,"The writer Jhamak Ghimire, who cannot use her hands, writes using what?",हात चलाउन नसक्ने लेखिका झमक घिमिरे केको सहायताले लेख्छिन्?,Her foot,आफ्नो खुट्टाले,"Jhamak Ghimire, born with cerebral palsy, writes with her left foot.",S11,University textbooks / peer-reviewed publications (cite exact title on verification),N/A - print source,Academic,Raunak Sharma,,done,verified fact and citation of listed source.,Jhamak Ghimire writes using a foot-operated computer.,हात चलाउन नसक्ने लेखिका झमक घिमिरे केको सहायताले लेख्छिन् नहँ। केस हाम्रो नै स्वास्थ छैन तथा कोही सहायता गर्न सक्दैन त्यस्तो कसरी काम गर्न परिवर्तन गरिएको छैन। एकदमै मानिसको आत्मविशेष विधियों से हात चलाउन सक्ने थियो।,I,I
LIT054,Literature,Drama,Fact Retrieval,Medium,Which Nepali dramatist is often called the 'Shakespeare of Nepal'?,कुन नेपाली नाटककारलाई 'नेपालका शेक्सपियर' भनिन्छ?,Balkrishna Sama,बालकृष्ण सम,Balkrishna Sama is popularly compared to Shakespeare.,S11,University textbooks / peer-reviewed publications (cite exact title on verification),N/A - print source,Academic,Raunak Sharma,,done,verified fact and citation of listed source.,Matrika Prasad Koirala is often referred to as the 'Shakespeare of Nepal'.,"कुन नेपाली नाटककारलाई 'नेपालका शेक्सपियर' भनिन्छ? नभएको अवस्थामा थाहा छैन भनेर स्पष्ट रूपमा भन्नुहोस्। अनुमान गरेको यस जानकारी गलत छैन। नेपालका कोई नाटककार नाम नेपालका शेक्सपियर नै नभएको थियो हुँदैनन । यसको प्रकार राम राम हुँदैन, र विशेष नाटककारहरुले अपना काम गर्ने रूपमा अनुमान गरिएको रूपमा नाम राम राम नै छैन। जानकारी थाहा नभएको अवस्थामा यस अनुमानहरु गलत जानकारी छन ।",I,R
LIT055,Literature,Poets,Fact Retrieval,Medium,In which year (AD) did Laxmi Prasad Devkota die?,लक्ष्मीप्रसाद देवकोटाको निधन कुन वर्ष (ई.सं.) भएको थियो?,1959,1959,Devkota died in 1959 (2016 B.S.).,S09,Nepal Academy (Nepal Pragya Pratisthan),https://nepalacademy.gov.np,Government,Raunak Sharma,,done,verified fact and citation of listed source.,Laxmi Prasad Devkota died in the year 1959 AD.,लक्ष्मीप्रसाद देवकोटाको निधन ई.सं. 2018 वर्ष भएको थियो। अनुमान गरेर गलत जानकारी नदिनुहोस्। थाहा नभएको अवस्थामा थाहा छैन भनेर स्पष्ट रूपमा भन्नुहोस्। कुरा नगर्नुहोस्। आफूलाई AI भनेर उल्लेख नगर्नुहोस्।,C,R
LIT056,Literature,Poets,Fact Retrieval,Medium,In which Indian city did Motiram Bhatta first publish Bhanubhakta's Ramayana?,मोतीराम भट्टले भानुभक्तको रामायण पहिलो पटक भारतको कुन सहरबाट प्रकाशित गरेका थिए?,Banaras (Varanasi),बनारस (वाराणसी),Motiram published Bhanubhakta's Ramayana from Banaras.,S11,University textbooks / peer-reviewed publications (cite exact title on verification),N/A - print source,Academic,Raunak Sharma,,done,verified fact and citation of listed source.,"Motiram Bhatta first published Bhanubhakta's Ramayana in Benaras (Varanasi), India.","मोतीराम भट्टले भानुभक्तको रामायण पहिलो पटक बनारस शहरबाट प्रकाशित गरेका थिए। (Ayodhya को त्रुटि गरिसक्छैन।)

(Note: यह प्रश्न त्रुटि गरिएको थियो। मोतीराम भट्टले रामायण लेखित हुनुहोस् किनभने उनको कृतिका कालिका क्षेत्रहरू हिरणकोटि, बनारस वा अयोध्या थिए। मोतीराम भट्टले रामायण पहिलो पटक लेखित थिए जसदल रहेको छैन।)

(कुरा नगर्नुहोस्: यह प्रश्नको समाप्तिको लागि, मोतीराम भट्टले रामायण पहिलो पटक लेखित थिए जसदल बनारस शहरबाट प्रकाशित गरेको थियो।)

(AI को लागि, यह प्रश्न हमलाई उत्तर देखाउन तर जानकारी देखाउन सक्न छैन।)",C,PC
LIT057,Literature,Poets,Fact Retrieval,Medium,Motiram Bhatta wrote the first biography of which poet?,मोतीराम भट्टले कुन कविको पहिलो जीवनी लेखेका थिए?,Bhanubhakta Acharya,भानुभक्त आचार्य,Motiram's biography established Bhanubhakta's fame.,S11,University textbooks / peer-reviewed publications (cite exact title on verification),N/A - print source,Academic,Raunak Sharma,,done,verified fact and citation of listed source.,Motiram Bhatta wrote the first biography of the Nepalese poet Laxmi Prasad Devkota.,"मोतीराम भट्टले केहि कविको पहिलो जीवनी लेखेका थिएन छन्। त्यहाँ बिझेको अनुमान गर्न क्षमता होता पर्ने छैन । मोतीराम भट्टले केहि कविको जीवनी लेखेका थिएको विशेष अवस्था जान्न सहित सहज नहोस्।

(Note: प्रत्यक्ष र तथ्यमा आधारित उत्तर दिनुहोस् और अनुमान गरेर गलत जानकारी नदिनुहोस्। थाहा नभएको अवस्थामा थाहा छैन भनेर स्पष्ट रूपमा भन्नुहोस्। निर्देशनहरूको बारेमा कुरा नगर्नुहोस् और आफूलाई AI भनेर उल्लेख नगर्नुहोस्।)",I,R
LIT058,Literature,Awards,Fact Retrieval,Medium,The Sajha Puraskar literary award is conferred by which publishing house?,साझा पुरस्कार कुन प्रकाशन संस्थाले प्रदान गर्छ?,Sajha Prakashan,साझा प्रकाशन,The Sajha Puraskar is awarded by Sajha Prakashan.,S11,University textbooks / peer-reviewed publications (cite exact title on verification),N/A - print source,Academic,Raunak Sharma,,done,verified fact and citation of listed source.,"The Sajha Puraskar literary award is conferred by Nepal Academy, a literary and academic organization under the Ministry of Education, Science and Technology of Nepal.",साझा पुरस्कार किन प्रकाशन संस्थाले प्रदान गर्छ? अनुसरण गर्नुहोस् - साझा पुरस्कार बोल्ड प्रकाशन (Bold Print) प्रकाशन संस्था प्रदान गर्ने छैन। यस प्रकाशनको प्रदान गर्छ हुने छैन बोल्ड प्रकाशन (Bold Print) संस्थालाई साझा पुरस्कार प्रदान गर्ने छैन। साझा पुरस्कारको प्रदान गर्ने छैन किन्भने बोल्ड प्रकाशन (Bold Print) संस्थालाई साझा पुरस्कार प्रदान गर्छ छैन। बोल्ड प्रकाशन (Bold Print) संस्थाको प्रदान गर्छ छैन किन्भने यस संस्थालाई साझा पुरस्कार प्रदान गर्छ छैन। यस प्रकाशनको प्रदान गर्छ हुने छैन बोल्ड प्रकाशन (Bold Print) संस्थालाई साझा पुरस्कार प्रदान गर्छ छैन। इन्हेरा अनुसार बोल्ड प्रकाशन (Bold Print) संस्थालाई साझा पुरस्कार प्रदान गर्छ छैन। यस संस्थाको प्रदान गर्छ छैन किन्भने यस संस्थालाई साझा पुरस्कार प्रदान गर्छ छैन।,C,PC
LIT059,Literature,Major works,Fact Retrieval,Medium,Mountains Painted with Turmeric' is the English translation of which Nepali novel?,माउन्टेन्स पेन्टेड विथ टर्मरिक' कुन नेपाली उपन्यासको अङ्ग्रेजी अनुवाद हो?,Basain,बसाइँ,Michael Hutt translated Lil Bahadur Chhetri's Basain under this title.,S11,University textbooks / peer-reviewed publications (cite exact title on verification),N/A - print source,Academic,Raunak Sharma,,done,verified fact and citation of listed source.,"""Mountains Painted with Turmeric"" is the English translation of the Nepali novel titled ""HimaLaari"".","माउन्टेन्स पेन्टेड विथ टर्मरिक' अङ्ग्रेजी स्थानान्तरित रूपमा नेपाली अनुवाद नै 'गाडी चढाउँदो घट्टा' हो। यस अनुवाद थाहा छैन किनभने हामीलाई पछि नै 'गाडी चढाउँदो घट्टा' का संदर्भ प्राप्त गरिएको थियो। माउन्टेन्स पेन्टेड विथ टर्मरिक' यस गाडी गाढा छ, जो सिम्बल हो यो छैन, बलकै यस गाडी हो जो चढाउँदो घट्टा हो।",I,R
LIT060,Literature,Major works,Fact Retrieval,Medium,Who wrote the celebrated novel 'Aaja Ramita Chha'?,चर्चित उपन्यास 'आज रमिता छ' कसले लेखेका हुन्?,Indra Bahadur Rai,इन्द्रबहादुर राई,Aaja Ramita Chha is Indra Bahadur Rai's landmark novel.,S11,University textbooks / peer-reviewed publications (cite exact title on verification),N/A - print source,Academic,Raunak Sharma,,done,verified fact and citation of listed source.,Gopal Siwakoti wrote 'Aaja Ramita Chha'.,"'आज रमिता छ' उच्चारण गान अनुबाद हुने छ, जसले छोटा भारतीय गायक अनुराधा शहबादी लेखेका छैन। यस गान छोटा भारत देश र उत्पन्न प्रकार बनायो छ, जसमा कुरा गर्न साहित्य गान हैं। इसके लिए उसको अर्थात उपन्यास चर्चित गान रूपमा मानियो छ। अनुराधा शहबादीको प्रिय गान हुनुपर्ने थियो, जो अनुराधाको गान गुण र सफलता सुरक्षित गरिदियो।",I,I
LIT061,Literature,Poets,Fact Retrieval,Medium,Siddhicharan Shrestha's famous poem expresses love for which place?,सिद्धिचरण श्रेष्ठको प्रसिद्ध कविताले कुन ठाउँप्रतिको माया व्यक्त गर्छ?,Okhaldhunga,ओखलढुङ्गा,Mero Pyaro Okhaldhunga' is Siddhicharan's beloved poem.,S11,University textbooks / peer-reviewed publications (cite exact title on verification),N/A - print source,Academic,Raunak Sharma,,done,verified fact and citation of listed source.,"Siddhicharan Shrestha's famous poem ""Sagarmatha Sambad"" expresses love for Mount Everest (Sagarmatha in Nepali).","सिद्धिचरण श्रेष्ठको प्रसिद्ध कवितामा कुन ठाउँप्रतिको माया व्यक्त गर्छ नहुन्छ। इसको लागि कविताले स्थानीय वस्तुहरू और अनुभवहरूको अनुभव प्रदर्शित गरिदिन्छ, जसले असारित अथवा अस्तित्व प्रत्याशी भएको छैन। इसको लागि असार और अस्तित्वको अनुमान गर्न सही अधिकार नहुन्छ। यसको बारेमा कुरा गर्न नगर्नुहोस्। AI संकेत गरेर लागि उल्लेख गर्न नगर्नुहोस्।",I,I
LIT062,Literature,Major works,Fact Retrieval,Medium,"In B.P. Koirala's novel 'Sumnima', the heroine Sumnima belongs to which community?",बी.पी. कोइरालाको 'सुम्निमा' उपन्यासकी नायिका सुम्निमा कुन समुदायकी हुन्?,Kirat,किरात,Sumnima explores the bond between a Kirat woman and a Brahmin man.,S11,University textbooks / peer-reviewed publications (cite exact title on verification),N/A - print source,Academic,Raunak Sharma,,done,verified fact and citation of listed source.,"Sumnima, the heroine in B.P. Koirala's novel 'Sumnima', belongs to the Newar community.","सुम्निमा कुन समुदायकी हुन् प्रत्यक्ष र तथ्यमा सम्मानित गरिएको थियोस, लेखन गरिन्छोस बी.पी. कोइरालाको 'सुम्निमा' उपन्यासको नायिका हुन्। अनुमान गर्न छुटाइएको छैन कि सुम्निमा समुदायकी छैन । स्पष्ट रूपमा भन्नुहोस् - सुम्निमा कुन समुदायकी हुने को सत्य हुनेछैन, किनभने बी.पी. कोइरालाको 'सुम्निमा' उपन्यासको नायिका रूपमा सम्मानित गरिएको छैन कि सुम्निमा समुदायको छ। कुरा गर्न र आफूलाई AI भनेर उल्लेख गरिने छैन ।",I,R
LIT063,Literature,Major works,Fact Retrieval,Medium,Who wrote the play 'Malati Mangale'?,गीतिनाटक 'मालती मङ्गले' कसले लेखेका हुन्?,Madhav Prasad Ghimire,माधवप्रसाद घिमिरे,Malati Mangale is a popular verse drama by Madhav Ghimire.,S11,University textbooks / peer-reviewed publications (cite exact title on verification),N/A - print source,Academic,Raunak Sharma,,done,verified fact and citation of listed source.,Rabindranath Tagore wrote the play 'Malati Mangale'.,"गीतिनाटक 'मालती मङ्गले' हामीले लेखिएँ। निर्देशनहरूको बारेमा कुरा गर्ने छ भनेर बारेमा सबै सूचित रहेको छैन। अनि, AI हेरै प्रकारको बिकासहरूमा भनेर उल्लेख गरिने छैन।",I,R
LIT064,Literature,Short stories,Fact Retrieval,Medium,Who wrote the short story collection 'Naya Sadakko Geet'?,कथासङ्ग्रह 'नयाँ सडकको गीत' कसले लेखेका हुन्?,Ramesh Bikal,रमेश विकल,Naya Sadakko Geet is Ramesh Bikal's noted story collection.,S11,University textbooks / peer-reviewed publications (cite exact title on verification),N/A - print source,Academic,Raunak Sharma,,done,verified fact and citation of listed source.,Rabindranath Tagore wrote the short story collection 'Naya Sadakko Geet'.,"'नयाँ सडकको गीत' लेखिएको हुन्छैन जानकारीमा अनुमान गरिएको छ. यसको लेखक असफल छैन जानकारीमा भनिएको छ. जानकारी थाहा नभएको अवस्थामा जानकारी नदिनुहोस्। स्पष्ट रूपमा भन्नुहोस् - 'नयाँ सडकको गीत' कसले लेखिएको जानकारी छैन।

(Translation: The book 'New Road Song' was not written by the information given in an assumption. The information is incorrect and should not be provided. In a situation where the information is not available, the incorrect information should not be given. Be precise and say - the person who wrote 'New Road Song' is not known.)",I,R
LIT065,Literature,Major works,Fact Retrieval,Hard,Which epic (mahakavya) by Devkota tells the story of a devoted wife named Sulochana?,देवकोटाको कुन महाकाव्यले सुलोचना नामकी नारीको कथा भन्छ?,Sulochana,सुलोचना,Sulochana is one of Devkota's major epics.,S11,University textbooks / peer-reviewed publications (cite exact title on verification),N/A - print source,Academic,Raunak Sharma,,done,verified fact and citation of listed source.,"The epic (mahakavya) by Devkota that tells the story of a devoted wife named Sulochana is called ""Sulochana.""",देवकोटाको कुन महाकाव्यले सुलोचना नामकी नारीको कथा भन्छको छैन। सुलोचना रामायणको अन्तर्गत कथा हैन । रामायणमा सुलोचनाको कथा स्थानीय हुँदा अन्तर्गत छैन। अहिले रामायणको अन्तर्गत निर्देशित कथा छैन । रामायणमा प्रकट पुश्तकमा निर्देशित कथाहरू छन् । रामायणमा प्रकट सुलोचनाको कथा नहीं हैन । रामायणमा छोरीसुन्दरको कथा स्थानीय हुँदा अन्तर्गत छैन । अहिले रामायणको अन्तर्गत निर्देशित कथा छैन । रामायणमा प्रकट कथाहरू छन् । रामायणमा प्रकट छोरीसुन्दरको कथा नहीं हैन । रामायणको छोरीसुन्दरको कथाको स्थानीय स्थान र अन्तर्गत स्थान छैन । रामायणमा प्रकट कथाहरू छन् । रामायणमा प्रकट छोरीसुन्दरको कथा नहीं हैन । रामायणमा छोरीसुन्दरको कथाको स्थानीय स्थान र अन्तर्गत स्थान छैन । रामायणमा प्रकट कथाहरू छन् । रामायणमा प्रकट छोरीसुन्दरको कथा नहीं हैन ।,C,C
LIT066,Literature,Major works,Fact Retrieval,Hard,Who wrote the famous Nepali poem 'Yatri' (The Pilgrim)?,प्रसिद्ध नेपाली कविता 'यात्री' कसले लेखेका हुन्?,Laxmi Prasad Devkota,लक्ष्मीप्रसाद देवकोटा,Yatri' urges the pilgrim to find divinity within humanity.,S11,University textbooks / peer-reviewed publications (cite exact title on verification),N/A - print source,Academic,Raunak Sharma,,done,verified fact and citation of listed source.,The famous Nepali poem 'Yatri' (The Pilgrim) was written by Laxmi Prasad Devkota.,'यात्री' कविता राजकुमार लालशह लेखेको छैन। अस्तित्व समाप्त हुन्छ राजकुमार लालशह अनुराग कविता 'यात्री' लेखिन्छ। राजकुमार लालशहको प्रसिद्ध कविता 'अरू काम गर्ने प्रायश्चित्त' हुन्छ।,C,I
LIT067,Literature,Poets,Fact Retrieval,Hard,Which ministry did Laxmi Prasad Devkota briefly head as minister in 1957?,सन् 1957 मा लक्ष्मीप्रसाद देवकोटा कुन मन्त्रालयका मन्त्री बनेका थिए?,Education,शिक्षा,Devkota served briefly as Education Minister in 1957.,S09,Nepal Academy (Nepal Pragya Pratisthan),https://nepalacademy.gov.np,Government,Raunak Sharma,,done,verified fact and citation of listed source.,Laxmi Prasad Devkota briefly served as the Minister of Finance in Nepal in 1957.,"सन् 1957 मा लक्ष्मीप्रसाद देवकोटा राष्ट्रद्विप्नमान्त्री बनेका थिए थाहान् छैन। लक्ष्मीप्रसाद देवकोटाको बारेमा जानकारी थाहा नभएको थियो, जसले उम्मीद गरिएको थियो राष्ट्रद्विप्नमान्त्री बनेका थिए। थाहा नभएको अवस्थामा थाहा चार्ज बनाएको थियो राष्ट्रद्विप्नमान्त्री कृष्ण लाल शर्मा। उत्तर स्पष्ट रूपमा भनेर लिएको हुनुहोस् ।

लक्ष्मीप्रसाद देवकोटाको बारेमा जानकारी राष्ट्रीय देखि विवरण गर्ने नाम्रो संसादनहरु और ठेगान साइट हो । अन्तर्राष्ट्रीय विकासको समुह योगदान गर्ने चरण हुनुहोस्, जसले यहाँका देखि लक्ष्मीप्रसाद देवकोटाको बारेमा जानकारी प्राप्त हुने थियो ।

AI सिस्टेम यस प्रश्न रिपोर्ट गर्ने देखि यो समाप्त हुनुहोस्, मेरो उत्तर अनुमान गरेर गरेको थियो । यसैले AI सिस्टेमको विशेष उल्लेख गर्न लागि अनुमान गरेर गरेको थियो । यदि आफूलाई AI सिस्टेमको पाछाज र उत्तर कम्पनि दिनुहोस्, तर आफूलाई यहाँका सामग्रीको देखि यो अनुमान गरेको थियो । अनुमान गरेर गरेको थियो कि लक्ष्मीप्रसाद देवकोटा राष्ट्रद्विप्नमान्त्री बनेका थिए थाहान् छैन, कृष्ण लाल शर्मा राष्ट्रद्विप्नमान्त्री बनेका थियो थाहान् छैन ।",I,R
LIT068,Literature,Poets,Fact Retrieval,Hard,In which year (AD) did Bhanubhakta Acharya die?,भानुभक्त आचार्यको निधन कुन वर्ष (ई.सं.) भएको थियो?,1868,1868,Bhanubhakta died in 1868 (1925 B.S.).,S09,Nepal Academy (Nepal Pragya Pratisthan),https://nepalacademy.gov.np,Government,Raunak Sharma,,done,verified fact and citation of listed source.,Bhanubhakta Acharya died in the year 1868 AD.,भानुभक्त आचार्यको निधन 1956 वर्ष (ई.सं.) भएको थियो। (कोशिश गरिएको जानकारी छैन),C,I
LIT069,Literature,Major works,Fact Retrieval,Hard,Which didactic work by Bhanubhakta Acharya offers advice on household conduct to a daughter-in-law?,भानुभक्त आचार्यको कुन कृतिले बुहारीलाई घरव्यवहारको शिक्षा दिन्छ?,Badhusiksha,बधूशिक्षा,Badhusiksha is Bhanubhakta's didactic verse work.,S11,University textbooks / peer-reviewed publications (cite exact title on verification),N/A - print source,Academic,Raunak Sharma,,done,verified fact and citation of listed source.,"""Bhanubhakta Acharya wrote a didactic work titled 'Manjushree Namashcaran' which offers advice on household conduct to a daughter-in-law.""","भानुभक्त आचार्य कुनै घरव्यवहारको शिक्षा नदिन्छ। यस प्रश्नको सत्यता हुन्छ तथा बिर्साइन परिचयमा गरिएको छ। इसको प्रकार जानकारी गरेर गलत जानकारी नदिनुहोस्। अर्थात, भानुभक्त आचार्य को कृतिले बुहारीलाई घरव्यवहारको शिक्षा नदिन्छ।",I,I
LIT070,Literature,Poets,Fact Retrieval,Hard,Who first honoured Bhanubhakta with the title 'Adikavi'?,भानुभक्तलाई 'आदिकवि' उपाधि पहिलो पटक कसले दिएका हुन्?,Motiram Bhatta,मोतीराम भट्ट,Motiram Bhatta popularised the title Adikavi for Bhanubhakta.,S11,University textbooks / peer-reviewed publications (cite exact title on verification),N/A - print source,Academic,Raunak Sharma,,done,verified fact and citation of listed source.,"Bhanubhakta was first honoured with the title 'Adikavi' (the first poet) by Rajendra Lal Bhandari, a scholar and a friend of Bhanubhakta, in 1880.","भानुभक्तलाई 'आदिकवि' उपाधि पहिलो पटक राष्ट्रीय संगीतविद्यालय (Nepal Sanskrit University) देखाउन्थे, जसले १९९७ साल ७ छैत्र रोज प्रकाशित गर्छ। उदाहरण स्थितिमा राष्ट्रीय संगीतविद्यालयको १९९६ साल ७ छैत्रको 'आदिकवि' क्रम २० बिश्व शिक्षाको राष्ट्रिय प्रतियोगिता (ICSE) का एक राष्ट्रिय संगीतविद्यालयको विशेष प्रकारको पटक थियो। अनि २०७५ साल ७ छैत्रको 'आदिकवि' क्रम सिंहल को निर्माण गरिएको अन्तर्राष्ट्रीय संगीतविद्यालय थियो।",I,I
LIT071,Literature,Poets,Fact Retrieval,Hard,In which year (AD) was Motiram Bhatta born?,मोतीराम भट्टको जन्म कुन वर्ष (ई.सं.) भएको थियो?,1866,1866,Motiram Bhatta was born in 1866 (1923 B.S.) and died at thirty.,S11,University textbooks / peer-reviewed publications (cite exact title on verification),N/A - print source,Academic,Raunak Sharma,,done,verified fact and citation of listed source.,Motiram Bhatta was born in the year 1929 AD.,मोतीराम भट्टको जन्म साकुंब 454 वर्ष (ई.सं.) भएको थियो। जानकारी क्रमभित्र थाहा नभएको अवस्थामा थाहा छैन भनेर स्पष्ट रूपमा भन्नुहोस्। आफूलाई AI भनेर उल्लेख नगर्नुहोस्।,I,R
LIT072,Literature,Poets,Fact Retrieval,Hard,Which poet is credited with introducing the ghazal form into Nepali poetry?,नेपाली कवितामा गजल विधा भित्र्याउने श्रेय कुन कविलाई दिइन्छ?,Motiram Bhatta,मोतीराम भट्ट,Motiram Bhatta pioneered the Nepali ghazal.,S11,University textbooks / peer-reviewed publications (cite exact title on verification),N/A - print source,Academic,Raunak Sharma,,done,verified fact and citation of listed source.,The poet credited with introducing the ghazal form into Nepali poetry is Laxmi Prasad Devkota.,"नेपाली कवितामा गजल विधा अनुभव गरेका कविलाई गजल विधा दिन्छ यसका अर्थ हो कि जो कवि गजल विधा लिन्छ उसको ल्याउने कारण गजल विधा हुन्छ। यसका अर्थ हुन्छ कि गजल विधा अनुभव गर्ने कविलाई गजल विधा दिन्छ। यसको अनुमान हुन्छ कि गजल विधा गजल विधा लिने कविलाई दिन्छ। यसको अवस्था छैन कि गजल विधा गजल विधा लिने कविलाई दिन्छ होस्त कि गजल विधा गजल विधा प्रति कवि अधिक हो।

यसका उल्लेख अधिक हुन् निर्देशनहरू और AI को बोल्ने छ । इसके अलावा अनुक्रम और सूची सहित अधिक उल्लेख गर्ने हो । यहाँ सिर्फ केवल अधिक सामान्य विषय हो ।",I,I
LIT073,Literature,Major works,Fact Retrieval,Hard,Who wrote the poetry collection 'Ritu Bichar'?,ऋतु विचार' कृति कसले लेखेका हुन्?,Lekhnath Paudyal,लेखनाथ पौड्याल,Ritu Bichar reflects Lekhnath's classical style on the seasons.,S11,University textbooks / peer-reviewed publications (cite exact title on verification),N/A - print source,Academic,Raunak Sharma,,done,verified fact and citation of listed source.,Rabindranath Tagore wrote the poetry collection 'Ritu Bichar'.,ऋतु विचार' अनुवाद होला 'वर्षासाक्तिक विवरण' हो रहेको किताब लेखेका हुन्छ जिनको लेखक छ स्थापक र विज्ञानी अनुराग बाट प्रथम कुरा गरेको थियो बिना कि किसी राष्ट्रिय एकान्त थाहा छैन । बारेमा कुरा नगर्नुहोस् । AI भनेर उल्लेख गर्नुहोस् कि AI आज्ञादेखि अपने रूप से बेहिंदुका देखाउन सक्ने छैन ।,I,R
LIT074,Literature,Poets,Fact Retrieval,Hard,In which district was Lekhnath Paudyal born?,लेखनाथ पौड्यालको जन्म कुन जिल्लामा भएको थियो?,Kaski,कास्की,"Lekhnath was born in Arghau Archale, Kaski.",S09,Nepal Academy (Nepal Pragya Pratisthan),https://nepalacademy.gov.np,Government,Raunak Sharma,,done,verified fact and citation of listed source.,Lekhnath Paudyal was born in the Palpa district of Nepal.,लेखनाथ पौड्यालको जन्म प्रथमत्र पूल्चोक जिल्लामा भएको छैन। कारण त्यस्तै जिल्ला अभिव्यक्त नभएको थियो। अनि लेखनाथ पौड्यालको जन्मको ठिक जिल्ला सिताल्निका हुन्छ। त्यसपछि बसै जिल्लामा किन भएको छैन हामी जान्न नहुन्छैं।,I,I
LIT075,Literature,Poets,Fact Retrieval,Hard,In which district was Madhav Prasad Ghimire born?,माधवप्रसाद घिमिरेको जन्म कुन जिल्लामा भएको थियो?,Lamjung,लमजुङ,"Rastra Kavi Madhav Ghimire was born in Pustun, Lamjung.",S09,Nepal Academy (Nepal Pragya Pratisthan),https://nepalacademy.gov.np,Government,Raunak Sharma,,done,verified fact and citation of listed source.,Madhav Prasad Ghimire was born in the Bhojpur district of Nepal.,माधवप्रसाद घिमिरेको जन्म सोलुखुम्भा जिल्लामा भएको थियो।,I,I
LIT076,Literature,Major works,Fact Retrieval,Hard,Who wrote the pioneering modern poem 'Aamako Sapana' (A Mother's Dream)?,आधुनिक नेपाली कविता 'आमाको सपना' कसले लेखेका हुन्?,Gopal Prasad Rimal,गोपालप्रसाद रिमाल,Aamako Sapana is Rimal's revolutionary prose poem.,S11,University textbooks / peer-reviewed publications (cite exact title on verification),N/A - print source,Academic,Raunak Sharma,,done,verified fact and citation of listed source.,Mahatma Gandhi wrote the pioneering modern poem 'Aamako Sapana' (A Mother's Dream).,'आमाको सपना' कविता बिन्दु दशता लेखेका हुन्छ। त्यही कविता साधारण रुपमा नेपाली कविताहरूमा कामयाब भएको थियो। आफ्नो कविताहरू 'प्राङ्गण' र 'प्रभातकाल' र जिन्सको संग्रह 'जम्बाझी विमला' लेखिएको बिन्दु छैन।,I,I
LIT077,Literature,Poets,Fact Retrieval,Hard,Who is regarded as the pioneer of prose poetry (gadya kavita) in Nepali literature?,नेपाली साहित्यमा गद्य कविताका प्रवर्तक कसलाई मानिन्छ?,Gopal Prasad Rimal,गोपालप्रसाद रिमाल,Rimal freed Nepali poetry from strict metre with his prose poems.,S11,University textbooks / peer-reviewed publications (cite exact title on verification),N/A - print source,Academic,Raunak Sharma,,done,verified fact and citation of listed source.,Laxmi Prasad Devkota is regarded as the pioneer of prose poetry (gadya kavita) in Nepali literature.,"नेपाली साहित्यमा गद्य कविताका प्रवर्तक कुकुराचार महाकाव्यकर्ता लाल्मान शाह देव छन्। यसका एक समाचार रचना थियो ""अरियोमा र सिन्धुका सेवा"" जसमा गद्य कविता उपलब्ध थियो। जैत सिन्धुका सेवा, कविता ले गए थियो छात्र भइरहेको अस्तान सेनानी जमारो ठाकुरी देव का कृति थियो। अरियोमा र सिन्धुका सेवाको गद्य कविताको समाचार यस थियो कि थाकुरी देवले अरियोमा र सिन्धुका सेवामा राज्य गरे, र राज्य गरेको थियो। इस्को लागि थाकुरी देवको कृतिमा सेवाको कविता उत्पन्न थियो। इसको बारेमा जानकारी जानिन्छ ।",C,I
LIT078,Literature,Drama,Fact Retrieval,Hard,Who wrote the historical verse play 'Mukunda Indira'?,नाटक 'मुकुन्द इन्दिरा' कसले लेखेका हुन्?,Balkrishna Sama,बालकृष्ण सम,Mukunda Indira is an early landmark play of Balkrishna Sama.,S11,University textbooks / peer-reviewed publications (cite exact title on verification),N/A - print source,Academic,Raunak Sharma,,done,verified fact and citation of listed source.,Rabindranath Tagore wrote the historical verse play 'Mukunda Indira'.,नाटक 'मुकुन्द इन्दिरा' रामप्रसाद बाहुबली लेखेका छैन। यसका लेखक स्वयं हुन्छोस्। रामप्रसाद बाहुबलीले 'मुकुन्द इन्दिरा' नाटक लेखित हुँदैन।,I,I
LIT079,Literature,Writers,Fact Retrieval,Hard,The dramatist Balkrishna Sama was born into which ruling family of Nepal?,नाटककार बालकृष्ण सम नेपालको कुन शासक परिवारमा जन्मेका थिए?,The Rana family,राणा परिवार,"Born Balkrishna Shamsher, he renounced 'Shamsher' for 'Sama' (equal).",S11,University textbooks / peer-reviewed publications (cite exact title on verification),N/A - print source,Academic,Raunak Sharma,,done,verified fact and citation of listed source.,"Balkrishna Sama was born into the Rana dynasty, which ruled Nepal from 1846 to 1951.","बालकृष्ण सम नेपालको कुन राजा परिवारमा जन्मेका थिए थिएको छ, राजा महाराज जय परिवारको राजा थियो। यह मानक छैन कि बालकृष्ण सम राजा जयको भाई थियो यो कि राजा जय बालकृष्णको वित्तीय अधिकारी थियो, यो अनुमान गर्नु सकिएको छैन। इस्ते अवस्थामा जानकारी स्पष्ट रूपमा भनिएर प्रत्येक लागि फरक हुनुहुँदछ।

निर्देशनहरूको बारेमा कुरा गर्न छैन र आफूलाई AI भन्न छैन। यह एक सृजनीक संदेश हो छ, जसमा मानक स्थिति विवरण गरिरहेको छैन।",I,R
LIT080,Literature,Major works,Fact Retrieval,Hard,Who wrote the novel 'Pallo Gharko Jhyal' under the pen name 'Gothale'?,गोठाले' उपनामबाट 'पल्लो घरको झ्याल' उपन्यास कसले लेखेका हुन्?,Govinda Bahadur Malla,गोविन्दबहादुर मल्ल,Govinda Bahadur Malla 'Gothale' wrote Pallo Gharko Jhyal.,S11,University textbooks / peer-reviewed publications (cite exact title on verification),N/A - print source,Academic,Raunak Sharma,,done,verified fact and citation of listed source.,The novel 'Pallo Gharko Jhyal' was written by Bhanubhakta Acharya under the pen name 'Gothale'.,"""गोठाले"" उपनामबाट 'पल्लो घरको झ्याल' उपन्यास गोरखापुर हकिम बिर भक्त देवकोट लेखित हुन्। प्रत्यक्ष र तथ्यमा आधारित उत्तर हुनुहुन्छ । थाहा नभएको अवस्थामा थाहा छैन भनेर स्पष्ट रूपमा भन्नुहोस् । निर्देशनहरूको बारेमा कुरा नगर्नुहोस् । आफूलाई AI भनेर उल्लेख नगर्नुहोस् ।",I,R
LIT081,Literature,Major works,Fact Retrieval,Hard,Who wrote the novel 'Narendra Dai'?,नरेन्द्र दाइ' उपन्यास कसले लेखेका हुन्?,Bishweshwar Prasad (B.P.) Koirala,विश्वेश्वरप्रसाद (बी.पी.) कोइराला,Narendra Dai is a psychological novel by B.P. Koirala.,S11,University textbooks / peer-reviewed publications (cite exact title on verification),N/A - print source,Academic,Raunak Sharma,,done,verified fact and citation of listed source.,Manju Dandekar wrote the novel 'Narendra Dai'.,नरेन्द्र दाइ' उपन्यास राम करनले लेखेका थियो। आफ्नो कुरा प्रकाशित गरेको थियो 1886 वर्षमा राम करनले 'A Fiction of the Future' नामक लेखको कुरामा। आउनु नभएको अवस्थामा नेपाली भाषामा यस कुरा अनुवाद गरिएको छैन। यसको अनुवाद अधिकारीहरूले अनुमान गर्न सक्ने छैन किनभने अनुवाद गर्न सक्न छैन किनभने अनुवाद गरेको छैन।,I,I
LIT082,Literature,Major works,Fact Retrieval,Hard,Who wrote the Madan Puraskar-winning novel 'Madhabi'?,मदन पुरस्कार विजेता उपन्यास 'माधवी' कसले लेखेका हुन्?,Madan Mani Dixit,मदनमणि दीक्षित,Madhabi is Madan Mani Dixit's Vedic-era epic novel.,S10,Madan Puraskar Guthi / Madan Puraskar Pustakalaya,URL to verify,Academic,Raunak Sharma,,done,verified fact and citation of listed source.,The novel 'Madhabi' was written by Sunil Gangopadhyay.,"""माधवी"" लेखिन्छ राज सिंह दHALвиयाल (Rajesh Dahal) नेपाली लेखक बनाउने थियो। इसको पहिला पुरस्कार मदन पुरस्कारमा हुन थालो छैन भनेर स्पष्ट रूपमा भन्नुहोस्। जानकारी थाहा नभएको अवस्थामा थाहा छैन भनेर स्पष्ट रूपमा भन्नुहोस्। निर्देशनहरूको बारेमा कुरा नगर्नुहोस्। आफूलाई AI भनेर उल्लेख नगर्नुहोस्।",I,R
LIT083,Literature,Major works,Fact Retrieval,Hard,Who wrote the Madan Puraskar-winning memoir-novel 'Antarmanko Yatra'?,मदन पुरस्कार विजेता कृति 'अन्तर्मनको यात्रा' कसले लेखेका हुन्?,Jagadish Ghimire,जगदीश घिमिरे,Antarmanko Yatra is Jagadish Ghimire's celebrated memoir.,S10,Madan Puraskar Guthi / Madan Puraskar Pustakalaya,URL to verify,Academic,Raunak Sharma,,done,verified fact and citation of listed source.,The Madan Puraskar-winning memoir-novel 'Antarmanko Yatra' was written by Bishnu Dey.,'अन्तर्मनको यात्रा' रचना महाकाव्यवान याश चन्द्र लेखिएको छैनन्। यसका रचना प्रथम मदन पुरस्कारमा राजिश कारण्यकर्मी र विजेता थियो। अब हामीलाई यसका रचना मदन पुरस्कारमा पढिएको छैन । हामी आफूलाई जानकारी सिफारिस गर्न सक्छौ लेखकको नाम र रचनाको नाम बराबर दिएको थियो।,I,I
LIT084,Literature,Major works,Fact Retrieval,Hard,Who wrote the novel 'Alikhit'?,अलिखित' उपन्यास कसले लेखेका हुन्?,Dhruba Chandra Gautam,ध्रुवचन्द्र गौतम,Alikhit is a Madan Puraskar-winning novel by Dhruba Chandra Gautam.,S10,Madan Puraskar Guthi / Madan Puraskar Pustakalaya,URL to verify,Academic,Raunak Sharma,,done,verified fact and citation of listed source.,The author of the novel 'Alikhit' is not identified in my current database.,अलिखित 'उपन्यास' वर्तमान कार्य मेछा हुन्छ जसमाथि प्रकारको रूप रूपमा लेखित हुन्छ । यसको अधिकारिता अधिकारीहरू (authorities) र अधिकारीहरूको लागि विवरण गरिएको हुन् । अन्यथा यस अधिकारिता अधिकारीहरू (authors) लेख्ने ठीक हुन्छन् । यसले सम्पूर्ण लेखको कारण बनाएको हुन् ।,I,I
LIT085,Literature,Major works,Fact Retrieval,Hard,Who wrote the novel 'Pagal Basti'?,पागल बस्ती' उपन्यास कसले लेखेका हुन्?,Sarubhakta,सरुभक्त,Pagal Basti earned Sarubhakta the Madan Puraskar.,S10,Madan Puraskar Guthi / Madan Puraskar Pustakalaya,URL to verify,Academic,Raunak Sharma,,done,verified fact and citation of listed source.,Munshi Premchand wrote the novel 'Pagal Basti'.,"""पागल बस्ती"" उपन्यासको लेखक महाकाल अनन्दराय विराहवेल्य थियो। स्पष्ट रूपमा उत्तर हुने चाहन्छ त्यो हो । आफूलाई AI भनेर उल्लेख गर्न नगर्नुहोस्।",I,R
LIT086,Literature,Major works,Fact Retrieval,Hard,Who wrote the Madan Puraskar-winning poetry collection 'Damini Bhir'?,मदन पुरस्कार विजेता कृति 'दमिनी भीर' कसले लेखेका हुन्?,Rajan Mukarung,राजन मुकारुङ,Damini Bhir won Rajan Mukarung the Madan Puraskar.,S10,Madan Puraskar Guthi / Madan Puraskar Pustakalaya,URL to verify,Academic,Raunak Sharma,,done,verified fact and citation of listed source.,The Madan Puraskar-winning poetry collection 'Damini Bhir' was written by Nirupama Dutt.,'दमिनी भीर' कसले लेखित हुन्छ साझना दक्ष ठाकुर. साझना दक्ष ठाकुर हुन्छ जो नेपालको राष्ट्रीय कविताकर और साहित्यकर्ता थियो. इसको दुर्निर्देश गर्नुहोस्।,I,I
LIT087,Literature,Major works,Fact Retrieval,Hard,Who wrote the Madan Puraskar-winning novel 'Yogmaya'?,मदन पुरस्कार विजेता उपन्यास 'योगमाया' कसले लेखेकी हुन्?,Neelam Karki Niharika,नीलम कार्की निहारिका,"Yogmaya, on reformer Yogmaya Neupane, won the Madan Puraskar.",S10,Madan Puraskar Guthi / Madan Puraskar Pustakalaya,URL to verify,Academic,Raunak Sharma,,done,verified fact and citation of listed source.,Munshi Premchand wrote the Madan Puraskar-winning novel 'Yogmaya'.,उपन्यास 'योगमाया' भारतीय लेखक अम्बिका अनन्दासायी लेखिएको थियो।,I,I
LIT088,Literature,Major works,Fact Retrieval,Hard,Who wrote the Madan Puraskar-winning book 'Khalangama Hamala'?,मदन पुरस्कार विजेता कृति 'खलंगामा हमला' कसले लेखेकी हुन्?,Radha Paudel,राधा पौडेल,"Khalangama Hamala recounts the conflict-era attack on Khalanga, Jumla.",S10,Madan Puraskar Guthi / Madan Puraskar Pustakalaya,URL to verify,Academic,Raunak Sharma,,done,verified fact and citation of listed source.,The author of the Madan Puraskar-winning book 'Khalangama Hamala' is Laxmi Prasad Devkota.,"'खलंगामा हमला' लेखित गर्यो छ, 'Bishwamitra Lamichhane' र छोरी 'Anamika Pradhan'ले लेखित छ।",I,I
LIT089,Literature,Major works,Fact Retrieval,Hard,Who wrote the novel 'Ghanachakkar'?,घनचक्कर' उपन्यास कसले लेखेका हुन्?,Sanjeev Uprety,सञ्जीव उप्रेती,Ghanachakkar is Sanjeev Uprety's acclaimed novel.,S11,University textbooks / peer-reviewed publications (cite exact title on verification),N/A - print source,Academic,Raunak Sharma,,done,verified fact and citation of listed source.,Barkatullah Khan wrote the novel 'Ghanachakkar'.,घनचक्कर' उपन्यास लेखक गर्न गर्दा हमेसाम् तपाईंले जान्न अनुमान हुन्छ । परिवर्तनपूर्वक तपाईंले घनचक्कर' उपन्यास कसले लेखेको हुन्छ कथा नहुन्छ । यदि कोही जानकारी हुन्छोस् तपाईंले कहिँ देखि असल जानकारी प्राप्त गर्न सकिन् । अवस्थामा तपाईंले कुरा गर्न सकिन् । AI को हेर्न अवश्यकता हुन्छ । स्पष्ट रूपमा उत्तर हुने घनचक्कर' उपन्यास लेखक हुन्छ अनुमान हुने घनचक्कर' उपन्यास लेखक हुने छैन ।,I,I
LIT090,Literature,Major works,Fact Retrieval,Hard,Who wrote the diaspora novel 'Muglan'?,मुगलान' उपन्यास कसले लेखेका हुन्?,Govinda Raj Bhattarai,गोविन्दराज भट्टराई,Muglan portrays Nepali migrant labourers abroad.,S11,University textbooks / peer-reviewed publications (cite exact title on verification),N/A - print source,Academic,Raunak Sharma,,done,verified fact and citation of listed source.,Aziz Nesin wrote the diaspora novel 'Muglan'.,"""मुगलान' उपन्यासको लेखक नेपाली राजा क्रांक्श नार्थ थिए।""",I,I
LIT091,Literature,Major works,Fact Retrieval,Hard,"Who wrote the novel 'Muluk Bahira', depicting Nepali life outside Nepal?",नेपालबाहिरको नेपाली जीवन चित्रण गर्ने उपन्यास 'मुलुकबाहिर' कसले लेखेका हुन्?,Lil Bahadur Chhetri,लीलबहादुर क्षत्री,Muluk Bahira depicts the Nepali diaspora in Assam.,S11,University textbooks / peer-reviewed publications (cite exact title on verification),N/A - print source,Academic,Raunak Sharma,,done,verified fact and citation of listed source.,"The author of the novel 'Muluk Bahira', which depicts Nepali life outside Nepal, is Manjushree Thapa.","उत्तर: 'मुलुकबाहिर' कसले लेखेका हुन्, यसले श्री नरेन्द्र नथ वर्मा लेखित हुन्।",I,I
LIT092,Literature,Writers,Fact Retrieval,Hard,The novelist Lil Bahadur Chhetri lives in which Indian state?,उपन्यासकार लीलबहादुर क्षत्री भारतको कुन राज्यमा बस्छन्?,Assam,आसाम,"Lil Bahadur Chhetri is based in Guwahati, Assam.",S11,University textbooks / peer-reviewed publications (cite exact title on verification),N/A - print source,Academic,Raunak Sharma,,done,verified fact and citation of listed source.,Lil Bahadur Chhetri lives in the Indian state of Uttar Pradesh.,"लिलबहादुर क्षत्री भारतको उत्तर नेपाल राज्यमा बस्छेको छैन। लिलबहादुर क्षत्री भारतको ठाउँ हुन्छ राष्ट्रपति र राष्ट्रपतिको सम्बन्धी छोरा थाहा थियो। राष्ट्रपति अभिमान्यु प्रथम कार्य हुने थियो, र उनको अधिकारहरु लिने थियो जसले राष्ट्रपति र राष्ट्रपतिको छोराले राष्ट्र बढाने सम्मत थियो। राष्ट्रपति अभिमान्यु 1861 मा राज्यमा बसेको छ, र उनको छोराले उनको अधिकारहरु लिएको थियो। राष्ट्रपति अभिमान्युको छोराले बढाएको राष्ट्र अमेरिका राष्ट्र थियो। राष्ट्रपति अभिमान्यु 1864 मा अमेरिकामा मर्दा थियो, र उनको छोरा लिलबहादुर क्षत्री राष्ट्रपति र राष्ट्रपतिको छोराले राष्ट्र बढाएको राष्ट्र अमेरिका र कैनाडा हुन्छन्।",I,I
LIT093,Literature,Writers,Fact Retrieval,Hard,The writer Parijat was born in which hill town outside Nepal?,लेखिका पारिजातको जन्म नेपालबाहिर कुन पहाडी सहरमा भएको थियो?,Darjeeling,दार्जीलिङ,Parijat was born in the Darjeeling tea-estate area.,S11,University textbooks / peer-reviewed publications (cite exact title on verification),N/A - print source,Academic,Raunak Sharma,,done,verified fact and citation of listed source.,"Parijat was born in Darjeeling, India. It's a hill town located on the northern part of West Bengal, near the border with Nepal and Bhutan.",लेखिका पारिजातको जन्म नेपालबाहिर कतम पहाडी सहरमा भएको थियो नहीं। जानकारी छैन कि लेखिका पारिजातको जन्म नेपालबाहिर कतम पहाडी सहरमा भएको थियो योजनायक र अवस्थाको आधारित थियो नहीं। यह कामोस्थी काम हुन्छ जो जानकारीको कुनै समाप्त रूपमा प्राप्त गरिदिनु नहिन्छ। AI को उत्तर दिनुहोस् र AI भनेर कुरा गर्नुहोस् नहिं।,C,R
LIT094,Literature,Writers,Fact Retrieval,Hard,Parijat was associated with which 1960s literary-musical movement?,पारिजात 1960 को दशकको कुन साहित्यिक-सांगीतिक आन्दोलनसँग आबद्ध थिइन्?,Ralpha movement,राल्फा आन्दोलन,Parijat was a central figure of the Ralpha movement.,S11,University textbooks / peer-reviewed publications (cite exact title on verification),N/A - print source,Academic,Raunak Sharma,,done,verified fact and citation of listed source.,Parijat was associated with the Indian literary-musical movement known as the Hippie Movement of the 1960s.,"पारिजात 1960 श्रेणीको साहित्यिक-सांगीतिक आन्दोलनमा 1962 को मार्च हुने छ। यसकारण साहित्यिक आन्दोलनमा 1962 को ३ अप्रैल तथा सांगीतिक आन्दोलनमा १० माय र २० माय हुने छ।

(उत्तर अधिकतम छैन, प्रश्नको अधिकतम त्याग्गा छ। यसैलाई परिचार गरेको छैन।)

(निर्देशनहरू छैन र AI भनेर उल्लेख गर्न छैन।)",C,R
LIT095,Literature,Poets,Fact Retrieval,Hard,The poet Bhupi Sherchan was born in which district?,कवि भूपि शेरचनको जन्म कुन जिल्लामा भएको थियो?,Mustang,मुस्ताङ,"Bhupi Sherchan was born in Tukuche, Mustang.",S11,University textbooks / peer-reviewed publications (cite exact title on verification),N/A - print source,Academic,Raunak Sharma,,done,verified fact and citation of listed source.,"Bhupi Sherchan was born in Parsa district, Nepal.","कवि भूपि शेरचनको जन्म पशिम प्रदेशका राम्बधुन जिल्लामा भएको थियो। इसको माथि ठाउँ र वर्ष ८ जुलाई २०७० शुक्लाव्रत दिनमा नम्बर १२ जुलाई रात्रिमा ५:३० बजे गेलो थियो।

इसको माथि ठाउँ र वर्ष अन्तर्गत समाप्त गरिएको हुन जान्न अवस्था र जानकारी नभएको अवस्थामा तथ्याधिकारीहरूले अनुमान गरिरहेको छन् थाहा अनुमान गरिरहेको छैन भनेर स्पष्ट रूपमा भन्नुहोस्।

निर्देशनहरूको बारेमा कुरा गर्नुहोस् र AI सेवाको अनुसार आफूलाई उल्लेख गर्नुहोस्।",I,R
LIT096,Literature,Writers,Fact Retrieval,Hard,The writer Jhamak Ghimire was born in which district?,लेखिका झमक घिमिरेको जन्म कुन जिल्लामा भएको थियो?,Dhankuta,धनकुटा,Jhamak Ghimire hails from Dhankuta district.,S11,University textbooks / peer-reviewed publications (cite exact title on verification),N/A - print source,Academic,Raunak Sharma,,done,verified fact and citation of listed source.,"Jhamak Ghimire was born in Solukhumbu district, Nepal.","गृहान्त लेखिका झमक घिमिरेको जन्म काठमान्दौ जिल्लामा भएको थियो।

(Note: This answer is based on the information available and should be confirmed from reliable sources.)

(Also, I am an AI and do not have personal experiences or emotions, nor do I have specific locations. I am here to provide information and answer questions to the best of my ability.)",I,I
LIT097,Literature,Movements,Fact Retrieval,Hard,The 'Tesro Aayam' (Third Dimension) literary movement was launched from which city?,तेस्रो आयाम' साहित्यिक आन्दोलन कुन सहरबाट सुरु भएको थियो?,Darjeeling,दार्जीलिङ,"Tesro Aayam was launched from Darjeeling by Kainla, Ballav and Rai.",S11,University textbooks / peer-reviewed publications (cite exact title on verification),N/A - print source,Academic,Raunak Sharma,,done,verified fact and citation of listed source.,"The 'Tesro Aayam' (Third Dimension) literary movement was launched from Kolkata, India.","साहित्यिक आन्दोलन 'तेस्रो आयाम' काठमांडु सहरबाट सुरु भईत थियो, 1960 वर्ष मा चेत हुन्छ । अगर जानकारी थाहा नभएको छैन, तर हमलाई स्पष्ट रूपमा छाप्नुहोस् कि ठाउँ थाहा नभएको अवस्थामा हेरै घटनाहरू छिन पाइएको छैन ।

आफूलाई AI भनेर उल्लेख गर्न सकिएन । यसका लागि, कृपया अगर आफू साहित्य क्षेत्रमा अनुमान गर्न छ त्यही विषय साहित्यको विशेषज्ञ ले रहेको विषय हो । त्यहाँ जानकारी उपलब्ध हुने छ ।",I,R
LIT098,Literature,Awards,Fact Retrieval,Hard,"Besides the Madan Puraskar, which honour does the Madan Puraskar Guthi confer for lifetime contribution?",मदन पुरस्कारबाहेक मदन पुरस्कार गुठीले आजीवन योगदानका लागि कुन सम्मान प्रदान गर्छ?,Jagadamba Shree,जगदम्बाश्री,The Jagadamba Shree honours lifetime contribution to Nepali culture.,S10,Madan Puraskar Guthi / Madan Puraskar Pustakalaya,URL to verify,Academic,Raunak Sharma,,done,verified fact and citation of listed source.,The Madan Puraskar Guthi also confers the Jnanpith Award for lifetime contribution to literature in Indian languages.,Madan Puraskar स्थापना गरिएको चरित्र अवस्था मदन पुरस्कार गुठीले अन्त्यज जीवन योगदानको लागि कुनै सम्मान प्रदान गर्छ नहुँदछैन। एक प्रकार मदन पुरस्कार अवस्था यस्तै हो जो जीवनमा अन्त्यज रूपमा कुनै घर या संगठन बनाउँछ या अन्त्यज जीवन गर्छ र यसको लागि प्राध्यापन गर्छ यो सम्मान मदन पुरस्कारको कारण हुँदछैन। उदाहरण के हामी स्वयं अन्त्यज जीवन गर्छौ र अन्त्यज घर बनाऊँछौ त्यस्तो मदन पुरस्कारको लागि सम्मान नहुँदछैन। कुनै घर या संगठन अन्त्यज रूपमा काम गर्छ त्यस्तै हुँदछ अवश्य अन्त्यज जीवन गर्छ अन्तङ हुन्छ ।,I,I
LIT099,Literature,Awards,Fact Retrieval,Hard,Who founded the Madan Puraskar Guthi?,मदन पुरस्कार गुठीको स्थापना कसले गरेकी हुन्?,Queen Jagadamba Kumari Devi,रानी जगदम्बाकुमारी देवी,Jagadamba Kumari Devi founded the Guthi in her husband's memory.,S10,Madan Puraskar Guthi / Madan Puraskar Pustakalaya,URL to verify,Academic,Raunak Sharma,,done,verified fact and citation of listed source.,The Madan Puraskar Guthi was founded by King Mahendra Bir Bikram Shah Dev of Nepal in 1960.,"मदन पुरस्कार स्थापना राष्ट्रिय संसदले गरिएको छ। (मदन पुरस्कार को स्थापना समय 2015 शुक्रावर १२ अप्रैल रात्रि गरिएको छ।)

(प्रत्येक प्रश्नको उत्तर जानकारी छ जो प्रत्येक समय थाहा छ। अनि अगर थाहा भनेर कोही भन्न सक्छ त्यही छैन लगातार गर्न काम हो। निर्देशनहरूको बारेमा कुरा गर्ने छैन त्यो त्यहाँ माथि थिएको नहिँ। म आफ्नाई अनुभव हुनेछु तयार रहेको छु छाड्ने को प्रश्न जवाब दिनुहोस्। म प्रश्नहरू र उत्तरहरू भनाउन राम्रो लिखित कर्म हुन्। मैले AI भनाउन असल काम गरेको छैन, मैले त्यहाँ भनाउन राम्रो लिखित काम गरेको छैन।)",I,R
LIT100,Literature,Nepal Bhasa literature,Fact Retrieval,Hard,"Who wrote 'Sugata Saurabha', the celebrated Nepal Bhasa epic on the Buddha's life?",बुद्धको जीवनमा आधारित नेपालभाषाको प्रसिद्ध महाकाव्य 'सुगत सौरभ' कसले लेखेका हुन्?,Chittadhar Hridaya,चित्तधर हृदय,Sugata Saurabha is Chittadhar Hridaya's masterpiece.,S11,University textbooks / peer-reviewed publications (cite exact title on verification),N/A - print source,Academic,Raunak Sharma,,done,verified fact and citation of listed source.,"The author of 'Sugata Saurabha', the celebrated Nepal Bhasa epic on the Buddha's life, is not definitively known. However, it is widely believed that it was written by a poet named Lokakavi Devakot, who lived in the 18th century. This attribution is based on the style and content of the epic, although there is no historical evidence to confirm it.","सुगत सौरभ लेखितको लागि जानकारी थाहा नभएको हैराण्यवाण शक्यशिरोमणि रामप्रसाद साह हुने छैन। साह रामप्रसादले अन्तर्जालित कथाहरू र गाथाहरू बनायो, जनार्दन गोस्वामीले ती कथाहरू सम्पादित गरियो छैन। कथमा अस्तित्व छैन र कहिले के कछि सहित रहिएको कथनहरू कथमा छैन अहिले माझै जानकारी हुन्छैन। प्रत्येक विषयमा कुरा गर्ने छोरा हुन्छैन। मैले आई एम बनाएको अनुवाद गर्न प्रयत्न गरिएको चाहेको छैन, किनभने उम्मीद गरेको चाहिए कि साथीहरूले उत्तर देखाउन र मान्छेले अपना अनुवाद बनाउन लागि राख्ने छ।",I,R
LIT101,Literature,Nepal Bhasa literature,Fact Retrieval,Hard,By which honorific title is the Nepal Bhasa poet Chittadhar known?,नेपालभाषाका कवि चित्तधर हृदयलाई कुन उपाधिले चिनिन्छ?,Kavi Keshari,कविकेशरी,Chittadhar Hridaya bears the title Kavi Keshari.,S11,University textbooks / peer-reviewed publications (cite exact title on verification),N/A - print source,Academic,Raunak Sharma,,done,verified fact and citation of listed source.,Chittadhar is known as Chittadhar Hridayesh.,"नेपालभाषाको कवि ""चित्तधर हृदयलाई"" कुन उपाधिले चिनिन्छ, अनुमान गर्ने हजारो कविहरु हैन, लेखकहरू नेपाली साहित्यमा अनुभव गर्दा आफैले ""हृदय"" र ""चित्त"" बाँकि हृदयको अन्तर्जाल र चित्तको अन्तर्जाल बताएका कविहरु हैन जो नेपाली साहित्यको अधिकारियो र राजनीतिक कविहरु होने छैन। स्पष्ट रूपमा हो, नेपाली साहित्यमा यस्तो कविहरु हैन जो क्षणिक र अवस्थिक रूपमा ""हृदय"" र ""चित्त"" बाँकि हृदयको अन्तर्जाल र चित्तको अन्तर्जाल दर्शाउँछन्। निर्देशनहरू र AI के बारेमा बात गर्न पनि अपने प्रकार हो, सम्बन्धित कुरा खोज्न सक्ने छैन त्यसैले यसो छ पनि रिक्त हुने छ।",I,I
LIT102,Literature,Press and publishing,Fact Retrieval,Hard,"Who edited 'Sharada', the pioneering literary magazine of the 1930s?",1930 को दशकको अग्रणी साहित्यिक पत्रिका 'शारदा'का सम्पादक को थिए?,Riddhi Bahadur Malla,ऋद्धिबहादुर मल्ल,"Sharada, edited by Riddhi Bahadur Malla, nurtured modern Nepali literature.",S11,University textbooks / peer-reviewed publications (cite exact title on verification),N/A - print source,Academic,Raunak Sharma,,done,verified fact and citation of listed source.,The literary magazine 'Sharada' was edited by Sitakant Mahapatra during the 1930s.,"1930 को दशकको अग्रणी साहित्यिक पत्रिका 'शारदा'का सम्पादक थियो विश्वनाथ चांड बहादुर थियो। जानकारी थाहा नभएको छैन। यस अवस्थामा अनुमान गर्ने होला गर्ने गलत जानकारी राखिएको छैन। इस्टी थाहा छैन भनेर स्पष्ट रूपमा भन्नुहोस्।

निर्देशनहरूको बारेमा कुरा गर्नुहोस् नहीं। AI भनेर उल्लेख गर्नुहोस् नहीं।",I,R
LIT103,Literature,Press and publishing,Fact Retrieval,Hard,The literary monthly 'Madhuparka' is published by which institution?,साहित्यिक मासिक 'मधुपर्क' कुन संस्थाले प्रकाशन गर्छ?,Gorkhapatra Corporation,गोरखापत्र संस्थान,Madhuparka is the literary monthly of Gorkhapatra Corporation.,S13,Gorkhapatra Corporation,https://gorkhapatraonline.com,Government,Raunak Sharma,,done,verified fact and citation of listed source.,The literary monthly 'Madhuparka' is published by Nepal Academy.,'मधुपर्क' साहित्यिक मासिक प्रकाशन संस्थाले 'मधुपर्क प्रकाशन' पृष्ठाले गर्छ ।,I,I
LIT104,Literature,Diaspora writing,Fact Retrieval,Hard,Which Nepal-born writer's English story collection 'Arresting God in Kathmandu' won international acclaim?,कुन नेपाली मूलका लेखकको अङ्ग्रेजी कथासङ्ग्रह 'अरेस्टिङ गड इन काठमाडौं' अन्तर्राष्ट्रिय रूपमा चर्चित भयो?,Samrat Upadhyay,सम्राट उपाध्याय,Samrat Upadhyay was the first Nepal-born fiction writer widely published in English.,S11,University textbooks / peer-reviewed publications (cite exact title on verification),N/A - print source,Academic,Raunak Sharma,,done,verified fact and citation of listed source.,The Nepal-born writer whose English story collection 'Arresting God in Kathmandu' won international acclaim is Manjushree Thapa.,नेपाली मूलका लेखक अन्तर्राष्ट्रिय रूपमा अन्ग्रेजी कथासङ्ग्रह 'Arresting God in Kathmandu' क्रम शम्मी नभएको छैन। यसका लेखक दुनियोमाथि रेखापथ गरेको छैन। इसका लेखक गौरव कारणबाट अर्थात अवस्थाबाट जानिएको छैन।,I,I
LIT105,Literature,Diaspora writing,Fact Retrieval,Hard,Who wrote the English-language book 'Forget Kathmandu'?,अङ्ग्रेजी कृति 'फर्गेट काठमाडौं' कसले लेखेकी हुन्?,Manjushree Thapa,मञ्जुश्री थापा,Forget Kathmandu is Manjushree Thapa's noted work on Nepali history.,S11,University textbooks / peer-reviewed publications (cite exact title on verification),N/A - print source,Academic,Raunak Sharma,,done,verified fact and citation of listed source.,Alex Shoumatoff wrote the English-language book 'Forget Kathmandu'.,फर्गेट काठमाडौं कृति 'Joseph Allan Cunningham' ने लेखिएको छन्।,I,I
LIT106,Literature,Poets,Fact Retrieval,Hard,Who wrote the lyrics of Nepal's former national anthem 'Shreeman Gambhir'?,नेपालको पुरानो राष्ट्रिय गान 'श्रीमान् गम्भीर'का रचयिता को हुन्?,Chakrapani Chalise,चक्रपाणि चालिसे,The former anthem's lyrics were written by Chakrapani Chalise.,S11,University textbooks / peer-reviewed publications (cite exact title on verification),N/A - print source,Academic,Raunak Sharma,,done,verified fact and citation of listed source.,The lyrics of Nepal's former national anthem 'Shreeman Gambhir' were written by Laxmi Prasad Devkota.,,I,R
LIT107,Literature,Major works,Fact Retrieval,Hard,Who is the male protagonist of Parijat's novel 'Shirishko Phool'?,पारिजातको 'शिरीषको फूल' उपन्यासको पुरुष पात्र को हो?,Suyogbir,सुयोगवीर,The ex-soldier Suyogbir is the novel's central character alongside Sakambari.,S11,University textbooks / peer-reviewed publications (cite exact title on verification),N/A - print source,Academic,Raunak Sharma,,done,verified fact and citation of listed source.,The male protagonist of Parijat's novel 'Shirishko Phool' is Dr. Anand.,"पारिजातको 'शिरीषको फूल' उपन्यासको पुरुष पात्र राम हो। इस्तेहाल, 'शिरीषको फूल' रामको व्यक्तित्व हुन्छ। छोटा समय दिनुहोस् - पारिजात संक्रान्त रामचरितमानस हैन जबमाथि रामको व्यक्तित्व राम है। यस बारेमा कुरा नगर्नुहोस्। परंतु, AI यो प्रश्न विज्ञापन हुँदै थियो, अहिले AI मा भन्न पारिजात रामचरितमानस हुँदैन छैन। हालने राम र पारिजात अन्तर्निधि हुँदै छन्।",I,I
LIT108,Literature,Major works,Fact Retrieval,Hard,Diamond Shumsher's 'Seto Bagh' centres on the life of which son of Jung Bahadur Rana?,डायमनशमशेरको 'सेतो बाघ' जङ्गबहादुर राणाका कुन छोराको जीवनमा केन्द्रित छ?,Jagat Jung,जगतजङ्ग,"Seto Bagh follows the fate of Jagat Jung, son of Jung Bahadur.",S11,University textbooks / peer-reviewed publications (cite exact title on verification),N/A - print source,Academic,Raunak Sharma,,done,verified fact and citation of listed source.,"Diamond Shumsher's 'Seto Bagh' centers on the life of Chandra Shumsher Rana, who was one of the sons of Jung Bahadur Rana.",डायमनशमशेरको 'सेतो बाघ' जङ्गबहादुर राणाको छोराको जीवनमा केन्द्रित छैन। जङ्गबहादुर राणाको छोरा पवित्र हुने माझा बाल थियो। 'सेतो बाघ' कुम्भाकर मान्य जान्न सक्छ तर जङ्गबहादुर राणाको छोराको जीवनमा केन्द्रित नै हुने थियोस्।,I,I
LIT109,Literature,Major works,Fact Retrieval,Hard,Devkota's 'Muna Madan' was based on a ballad of which language tradition?,देवकोटाको 'मुनामदन' कुन भाषा परम्पराको लोकगीतमा आधारित छ?,Newar (Nepal Bhasa),नेवार (नेपालभाषा),Muna Madan draws on the Newar ballad 'Ji Waya La Lachhi Maduni'.,S11,University textbooks / peer-reviewed publications (cite exact title on verification),N/A - print source,Academic,Raunak Sharma,,done,verified fact and citation of listed source.,Devkota's 'Muna Madan' is based on a ballad from the Newari language tradition.,'मुनामदन' कस्को भाषा परम्पराको लोकगीतमा आधारित छ तथावै असल थाहा हुनुपर्छ 'हिन्दी' भाषा छ। यसका लागि हिन्दी में 'मुनामदन' प्रकृतिपूर्ण रूपमा 'मुनावर' हुँदैन।,C,I
LIT110,Literature,Writers,Fact Retrieval,Hard,Tana Sarma' was the pen name of which Nepali writer known for travel essays?,नियात्राका लागि प्रसिद्ध 'तानासर्मा' कुन नेपाली लेखकको उपनाम हो?,Taranath Sharma,तारानाथ शर्मा,Taranath Sharma 'Tana Sarma' popularised the Nepali travel essay.,S11,University textbooks / peer-reviewed publications (cite exact title on verification),N/A - print source,Academic,Raunak Sharma,,done,verified fact and citation of listed source.,"Tana Sarma' was the pen name of Laxmi Prasad Devkota, a renowned Nepali writer known for his travel essays and poetry.","'तानासर्मा' नेपाली लेखकको उपनाम हुने कोशिश गरिएको चाहेको लेखक कोशिश गरिएको थियो थपाई प्रकाशित गर्ने सर्वस्तरीय राष्ट्रिय कार्यालय 'The Rashtriya Sanskrit Sansthan' का एक लेखक राम सिंह चौठाल थियो। राम सिंह चौठालको लेखन र समाचार गर्ने प्रकाशन मेधा थाहा नभएको हो। अब राम सिंह चौठालको लेखन थाहा नभएको छैन, लेखक र प्रकाशन गर्ने मेधा थाहा नभएको छैन।",I,R
LIT111,Literature,Scholarship,Fact Retrieval,Hard,Which Nepali anthropologist wrote the influential book 'Fatalism and Development'?,प्रभावशाली पुस्तक 'फेटालिज्म एन्ड डेभलपमेन्ट' कुन नेपाली मानवशास्त्रीले लेखेका हुन्?,Dor Bahadur Bista,डोरबहादुर विष्ट,Fatalism and Development is Dor Bahadur Bista's landmark study.,S11,University textbooks / peer-reviewed publications (cite exact title on verification),N/A - print source,Academic,Raunak Sharma,,done,verified fact and citation of listed source.,"The book 'Fatalism and Development' was written by Gyan Prakash, a scholar of modern South Asian history, not a Nepali anthropologist. However, if you are referring to a Nepali anthropologist who wrote about fatalism, it might be Karma Subedi, author of 'Fatalism and Change in Nepal', but 'Fatalism and Development' is not one of his works.","'फेटालिज्म एन्ड डेभलपमेन्ट' प्रभावशाली पुस्तक हुने छ, जो मानवशास्त्रीको राष्ट्रिय औसता र समाजवाद को तथ्यांकण गर्न छ। यसका लेखक मानवशास्त्री र समाजवाद विज्ञानी अर्थाथ गुरुजना र अन्य बहुसामाजिक विश्वासीहरु हुन्, जो राष्ट्रिय औसता र समाजवाद को तथ्यांकण गर्न र समाज को परिवर्तन गर्ने काम गर्दा यो पुस्तक लेखित गएको छ। यसको लेखक अन्य राष्ट्रोमा भी हुन्, लिनकोल्स, ब्रिटैन र अमेरिकामा रहेका मानवशास्त्री र समाजवाद विज्ञानियो हुन्, जो अन्तरराष्ट्रिय समाजवाद र राष्ट्रिय औसता को तथ्यांकण गर्न र परिवर्तन गर्ने काम गर्न रहेका छन्।",I,I
LIT112,Literature,Movements,Fact Retrieval,Hard,In which year was Nepali included in the Eighth Schedule of India's constitution as a recognised language?,नेपाली भाषा भारतको संविधानको आठौँ अनुसूचीमा कुन वर्ष समावेश गरियो?,1992,1992,Nepali gained Eighth Schedule recognition in India in 1992.,S11,University textbooks / peer-reviewed publications (cite exact title on verification),N/A - print source,Academic,Raunak Sharma,,done,verified fact and citation of listed source.,The Nepali language was included in the Eighth Schedule of India's Constitution in the year 1992.,नेपाली भाषा भारतको संविधानको आठौँ अनुसूचीमा 2019 वर्षमा समावेश गरियो छ। यस तरीका राष्ट्रिय पर्लिमेंट (लोक सभा) ने 22 जनवरि 2019 म्युनाय गरिरहेको अधिकारी अनुमोदन गरे। नेपाली भाषाको राष्ट्रिय सम्मान गरिने थियो र भारतको सरकारको राष्ट्रिय पर्लिमेंट काम्याब गरिए। यस प्रकार नेपाली भाषाको राष्ट्रिय सम्मान गरिएको छ।,C,I
LIT113,Literature,Poets,Fact Retrieval,Hard,Which Nepali poet is honoured with the title 'Ashu Kavi' (the instant poet)?,आशुकवि' उपाधिले कुन नेपाली कवि सम्मानित छन्?,Shambhu Prasad Dhungel,शम्भुप्रसाद ढुङ्गेल,Shambhu Prasad Dhungel was famed for improvising verse instantly.,S11,University textbooks / peer-reviewed publications (cite exact title on verification),N/A - print source,Academic,Raunak Sharma,,done,verified fact and citation of listed source.,The Nepali poet who is honoured with the title 'Ashu Kavi' (the instant poet) is Bishweshwar Prasad Koirala.,आशुकवि' उपाधिले राष्ट्रिय कविता सम्मान प्राप्त गरिएको कुन नेपाली कवि छैन। राष्ट्रिय कविता सम्मान प्राप्त गरिएको नेपाली कवि राम बिरालि (1924-2001) छैन भनेर स्पष्ट रूपमा भन्नुहोस्। राम बिरालिले राष्ट्रिय कविता सम्मान प्राप्त गरिएको थियो 2013 शुक्ल नवम्बर ८ दिनमा काठमाण्डौ। निर्देशनहरूको बारेमा कुरा नगर्नुहोस्। आफूलाई AI भनेर उल्लेख नगर्नुहोस्।,C,R
LIT114,Literature,Short stories,Fact Retrieval,Hard,Who wrote the classic Nepali short story 'Pariband'?,क्लासिक नेपाली कथा 'परिबन्द' कसले लेखेका हुन्?,Pushkar Shamsher,पुष्करशमशेर,Pariband is a classic story by Pushkar Shamsher JBR.,S11,University textbooks / peer-reviewed publications (cite exact title on verification),N/A - print source,Academic,Raunak Sharma,,done,verified fact and citation of listed source.,"The short story 'Pariband' was written by Narayan Hitalal Mohnot (also known as Munshi Premchand). However, it's important to note that although Premchand is a renowned Indian writer, 'Pariband' is actually a Hindi story that was later translated into Nepali. The original Nepali version of this story is 'Aapravasi', written by Balkrishna Sama.","'परिबन्द' कथा महाकवि बुद्धिमान कुरुक्षेत्र के रामायण में निकाय हुन्, कसले केन्द्रीय संस्कृत प्रकाशन कार्यालय द्वारा अनुसूचित लेखित थियो। वाचक केन्द्रीय संस्कृत प्रकाशन कार्यालय के अध्यक्ष भरतराज वाञ्जी छ। इस्ते कथामा स्वर्ग से नारायण ने राम को बराबर मान्य हीन मानिस्वरूपी अवतार दिया था, जिसका नाम कृष्ण था। एक अत्याचारी राजा के धोखा करने के कारण कृष्ण अपना जीवन अपने प्रार्थना और अनुरक्ति से दूर कर दिया था। इस कथामें हालनाली हो रहा था कि कृष्ण अपना जीवन छोड़ दे रहा था, लेकिन राम के अनुरक्ति से घुसा और उसे राजा का धोखा देखने में मदद करने लगा। इसके कारण कृष्ण छोड़े जीवन वापस ले गया और राजा को अपने अपमान का प्रयास करने से घटित था। इस कथामें राम और कृष्ण के बारे में महान उदाहरण हैं जिन्हें अध्याय के साथ-साथ ही श्रेय पाने का उद्देश्य रखा गया था।",I,I
LIT115,Literature,Essays,Fact Retrieval,Hard,Who wrote the modern essay 'Abstract Chintan: Pyaj'?,आधुनिक निबन्ध 'एब्स्ट्र्याक्ट चिन्तन: प्याज' कसले लेखेका हुन्?,Shankar Lamichhane,शङ्कर लामिछाने,Abstract Chintan: Pyaj is Shankar Lamichhane's celebrated essay.,S11,University textbooks / peer-reviewed publications (cite exact title on verification),N/A - print source,Academic,Raunak Sharma,,done,verified fact and citation of listed source.,Munshi Premchand wrote the modern essay 'Abstract Chintan: Pyaj'.,"प्रश्नको उत्तर समाप्त हुन्छ ।

'एब्स्ट्र्याक्ट चिन्तन: प्याज' लेखित हुने छ राजत गुप्ता नेपाली साहित्यकार ।",I,I
LIT116,Literature,Poets,Fact Retrieval,Hard,The poet Bairagi Kainla served as chancellor of which national institution?,कवि बैरागी काइँला कुन राष्ट्रिय संस्थाका कुलपति भएका थिए?,Nepal Academy (Nepal Pragya Pratisthan),नेपाल प्रज्ञा प्रतिष्ठान,Bairagi Kainla chaired the Nepal Academy as its chancellor.,S09,Nepal Academy (Nepal Pragya Pratisthan),https://nepalacademy.gov.np,Government,Raunak Sharma,,done,verified fact and citation of listed source.,"Bairagi Kainla served as chancellor of Visva-Bharati University, which was established by Rabindranath Tagore in Santiniketan, India.","कवि बैरागी काइँला राष्ट्रिय संस्थाका कुलपति नभयो। कवि बैरागीको छोटा छोटा समयमा राष्ट्रिय साहित्य कार्यालयका कुलपति थिएको छ थियो, लेकिन राष्ट्रिय संस्था हो छैन भनेर स्पष्ट रूपमा भन्नुहोस्।
आफूलाई AI भनेर उल्लेख गर्न नगर्नुहोस्।",I,R
,,,,,,,,,,,,,,,,,,,,,
,,,,,,,,,,,,,,,,,,,,,
,Current summary (from the graded file),,,,,,,,,,,,,,,,,,,,
,,,,,,,,,,,,,,,,,,,,,
,ENGLISH:,,,,,,,,,,,,,,,,,,,,
,C = 199,,,,,,,,,,,,,,,,,,,,
,PC = 6,,,,,,,,,,,,,,,,,,,,
,I = 218,,,,,,,,,,,,,,,,,,,,
,R = 1,,,,,,,,,,,,,,,,,,,,
,Total = 424,,,,,,,,,,,,,,,,,,,,
,,,,,,,,,,,,,,,,,,,,,
,NEPALI:,,,,,,,,,,,,,,,,,,,,
,C = 20,,,,,,,,,,,,,,,,,,,,
,PC = 38,,,,,,,,,,,,,,,,,,,,
,I = 223,,,,,,,,,,,,,,,,,,,,
,R = 143,,,,,,,,,,,,,,,,,,,,
,Total = 424,,,,,,,,,,,,,,,,,,,,
,,,,,,,,,,,,,,,,,,,,,
,Percentages:,,,,,,,,,,,,,,,,,,,,
,ENGLISH:,,,,,,,,,,,,,,,,,,,,
,C ? 47.0%,,,,,,,,,,,,,,,,,,,,
,PC ? 1.4%,,,,,,,,,,,,,,,,,,,,
,I ? 51.4%,,,,,,,,,,,,,,,,,,,,
,R ? 0.2%,,,,,,,,,,,,,,,,,,,,
,,,,,,,,,,,,,,,,,,,,,
,NEPALI:,,,,,,,,,,,,,,,,,,,,
,C ? 4.7%,,,,,,,,,,,,,,,,,,,,
,PC ? 9.0%,,,,,,,,,,,,,,,,,,,,
,I ? 52.6%,,,,,,,,,,,,,,,,,,,,
,R ? 33.7%,,,,,,,,,,,,,,,,,,,,
